<?xml version="1.0" encoding="UTF-8"?>
<assessmentItem xmlns="http://www.imsglobal.org/xsd/imsqti_v2p1" xmlns:xsi="http://www.w3.org/2001/XMLSchema-instance" xsi:schemaLocation="http://www.imsglobal.org/xsd/imsqti_v2p1 http://www.imsglobal.org/xsd/qti/qtiv2p1/imsqti_v2p1p1.xsd http://www.w3.org/1998/Math/MathML http://www.w3.org/Math/XMLSchema/mathml2/mathml2.xsd" identifier="id6cb2143c-59ac-43d2-97ff-58f4bf842930" title="Inequality" adaptive="false" timeDependent="false"><responseDeclaration identifier="RESPONSE_1" cardinality="multiple" baseType="identifier"><correctResponse><value>id909f19b9-bec7-468d-979d-f5f4c094f605</value></correctResponse></responseDeclaration><outcomeDeclaration identifier="SCORE" cardinality="single" baseType="float"><defaultValue><value>0</value></defaultValue></outcomeDeclaration><outcomeDeclaration identifier="MAXSCORE" cardinality="single" baseType="float"><defaultValue><value>1</value></defaultValue></outcomeDeclaration><outcomeDeclaration identifier="FEEDBACKBASIC" cardinality="single" baseType="identifier"><defaultValue><value>empty</value></defaultValue></outcomeDeclaration><outcomeDeclaration identifier="FEEDBACKMODAL" cardinality="multiple" baseType="identifier" view="testConstructor" /><itemBody ><p>Is the following inequality true for every \(z \in {\mathbb C}\ ?\)<br />$$<br />|z| \le |{\rm Re}\,z| + |{\rm Im}\,z| \le \sqrt{2} \cdot |z|\,.<br />$$</p><choiceInteraction responseIdentifier="RESPONSE_1" shuffle="false" maxChoices="0"><simpleChoice identifier="id909f19b9-bec7-468d-979d-f5f4c094f605"><p>Yes.</p></simpleChoice><simpleChoice identifier="idc6bb8560-a1c7-44b1-87dc-af980ed39d06"><p>No.</p></simpleChoice></choiceInteraction></itemBody><responseProcessing><responseCondition><responseIf><isNull><variable identifier="RESPONSE_1" /></isNull><setOutcomeValue identifier="FEEDBACKBASIC"><baseValue baseType="identifier">empty</baseValue></setOutcomeValue></responseIf><responseElseIf><match><variable identifier="RESPONSE_1" /><correct identifier="RESPONSE_1" /></match><setOutcomeValue identifier="SCORE"><sum><variable identifier="SCORE" /><variable identifier="MAXSCORE" /></sum></setOutcomeValue><setOutcomeValue identifier="FEEDBACKBASIC"><baseValue baseType="identifier">correct</baseValue></setOutcomeValue></responseElseIf><responseElse><setOutcomeValue identifier="FEEDBACKBASIC"><baseValue baseType="identifier">incorrect</baseValue></setOutcomeValue></responseElse></responseCondition><responseCondition><responseIf><and><match><baseValue baseType="identifier">incorrect</baseValue><variable identifier="FEEDBACKBASIC" /></match></and><setOutcomeValue identifier="FEEDBACKMODAL"><multiple><variable identifier="FEEDBACKMODAL" /><baseValue baseType="identifier">Feedback78203952</baseValue></multiple></setOutcomeValue></responseIf></responseCondition></responseProcessing><modalFeedback  identifier="Feedback78203952" outcomeIdentifier="FEEDBACKMODAL" showHide="show"><p>The left part of the inequality follows from<br />$$<br />|z| = \sqrt{{\rm Re}^2\,z + {\rm Im}^2\,z} \le \sqrt{(|{\rm Re}\,z| + {\rm Im}\,z|)^2} = |{\rm Re}\,z| + |{\rm Im}\,z|<br />$$<br />The right part of the inequality follows from the following obvious inequality<br />$$<br />(|{\rm Re}\,z|-|{\rm Im}\,z|^2 \ge 0\,.<br />$$<br />Then<br />$$<br />\begin{array}{c}<br />|{\rm Re}\,z|^2 + |{\rm Im}\,z|^2 - 2|{\rm Re}\,z| \cdot |{\rm Im}\,z| \ge 0,\\<br />|z|^2 \ge 2|{\rm Re}\,z| \cdot |{\rm Im}\,z|\,.<br />\end{array}<br />$$<br />Adding \(|z|^2\) to the both sides of the last inequality we obtain<br />$$<br />2|z|^2 \ge 2|{\rm Re}\,z| \cdot |{\rm Im}\,z| + |z|^2\,,<br />$$<br />\(2|z|^2 \ge (|{\rm Re}\,z| + |{\rm Im}\,z|)^2\). Hence \(\sqrt{2}|z| \ge |{\rm Re}\,z| + |{\rm Im}\,z|\).</p></modalFeedback></assessmentItem>
