<?xml version="1.0" encoding="UTF-8"?>
<assessmentItem xmlns="http://www.imsglobal.org/xsd/imsqti_v2p1" xmlns:xsi="http://www.w3.org/2001/XMLSchema-instance" xsi:schemaLocation="http://www.imsglobal.org/xsd/imsqti_v2p1 http://www.imsglobal.org/xsd/qti/qtiv2p1/imsqti_v2p1p1.xsd http://www.w3.org/1998/Math/MathML http://www.w3.org/Math/XMLSchema/mathml2/mathml2.xsd" identifier="id74f8743b-e4bf-4bf6-a956-12976c829764" title="Powers" adaptive="false" timeDependent="false"><responseDeclaration identifier="RESPONSE_1414143973647" cardinality="single" baseType="float"><correctResponse><value>0</value></correctResponse></responseDeclaration><responseDeclaration identifier="RESPONSE_1414143995904" cardinality="single" baseType="float"><correctResponse><value>0</value></correctResponse></responseDeclaration><responseDeclaration identifier="RESPONSE_1414336495873" cardinality="single" baseType="float"><correctResponse><value>0</value></correctResponse></responseDeclaration><responseDeclaration identifier="RESPONSE_1414336516863" cardinality="single" baseType="float"><correctResponse><value>0</value></correctResponse></responseDeclaration><outcomeDeclaration identifier="SCORE" cardinality="single" baseType="float"><defaultValue><value>0</value></defaultValue></outcomeDeclaration><outcomeDeclaration identifier="MAXSCORE" cardinality="single" baseType="float"><defaultValue><value>4</value></defaultValue></outcomeDeclaration><outcomeDeclaration identifier="FEEDBACKBASIC" cardinality="single" baseType="identifier" view="testConstructor"><defaultValue><value>empty</value></defaultValue></outcomeDeclaration><outcomeDeclaration identifier="FEEDBACKMODAL" cardinality="multiple" baseType="identifier" view="testConstructor" /><templateDeclaration identifier="r" cardinality="single" baseType="float" /><templateDeclaration identifier="phiz" cardinality="single" baseType="integer" /><templateDeclaration identifier="phin" cardinality="single" baseType="integer" /><templateDeclaration identifier="n" cardinality="single" baseType="integer" /><templateDeclaration identifier="m" cardinality="single" baseType="integer" /><templateDeclaration identifier="a" cardinality="single" baseType="integer" /><templateDeclaration identifier="b" cardinality="single" baseType="integer" /><templateDeclaration identifier="vza" cardinality="single" baseType="string" /><templateDeclaration identifier="vzb" cardinality="single" baseType="string" /><templateDeclaration identifier="rep1" cardinality="single" baseType="float" /><templateDeclaration identifier="imp1" cardinality="single" baseType="float" /><templateDeclaration identifier="rep2" cardinality="single" baseType="float" /><templateDeclaration identifier="imp2" cardinality="single" baseType="float" /><templateProcessing><setTemplateValue identifier="r"><random><multiple><baseValue baseType="float">2</baseValue><baseValue baseType="float">3</baseValue><baseValue baseType="float">4</baseValue><baseValue baseType="float">5</baseValue><baseValue baseType="float">6</baseValue><baseValue baseType="float">7</baseValue><baseValue baseType="float">8</baseValue><baseValue baseType="float">9</baseValue></multiple></random></setTemplateValue><setTemplateValue identifier="phiz"><randomInteger min="-10" max="10" /></setTemplateValue><setTemplateValue identifier="phin"><randomInteger min="1" max="10" /></setTemplateValue><setTemplateValue identifier="n"><randomInteger min="2" max="6" /></setTemplateValue><setTemplateValue identifier="m"><randomInteger min="4" max="10" /></setTemplateValue><setTemplateValue identifier="a"><randomInteger min="1" max="4" /></setTemplateValue><setTemplateValue identifier="b"><randomInteger min="1" max="5" /></setTemplateValue><setTemplateValue identifier="vza"><random><multiple><baseValue baseType="string">+</baseValue><baseValue baseType="string">-</baseValue></multiple></random></setTemplateValue><setTemplateValue identifier="vzb"><random><multiple><baseValue baseType="string">+</baseValue><baseValue baseType="string">-</baseValue></multiple></random></setTemplateValue><setTemplateValue identifier="rep1"><customOperator definition="MAXIMA" value="float(realpart(  (sqrt($(1)))^$(2)*%e^($(3)*$(4)/$(5)*%i)    )   )"><variable identifier="r" /><variable identifier="n" /><variable identifier="n" /><variable identifier="phiz" /><variable identifier="phin" /></customOperator></setTemplateValue><setTemplateValue identifier="imp1"><customOperator definition="MAXIMA" value="float(imagpart(  (sqrt($(1)))^$(2)*%e^($(3)*$(4)/$(5)*%i)    )   )"><variable identifier="r" /><variable identifier="n" /><variable identifier="n" /><variable identifier="phiz" /><variable identifier="phin" /></customOperator></setTemplateValue><setTemplateValue identifier="rep2"><customOperator definition="MAXIMA" value="float(realpart( ($(1)$(2)$(3)*%i)^$(4)   ) )"><variable identifier="a" /><variable identifier="vzb" /><variable identifier="b" /><variable identifier="m" /></customOperator></setTemplateValue><setTemplateValue identifier="imp2"><customOperator definition="MAXIMA" value="float(imagpart( ($(1)$(2)$(3)*%i)^$(4) ) )"><variable identifier="a" /><variable identifier="vzb" /><variable identifier="b" /><variable identifier="m" /></customOperator></setTemplateValue><setCorrectResponse identifier="RESPONSE_1414143973647"><variable identifier="rep1" /></setCorrectResponse><setCorrectResponse identifier="RESPONSE_1414143995904"><variable identifier="imp1" /></setCorrectResponse><setCorrectResponse identifier="RESPONSE_1414336495873"><variable identifier="rep2" /></setCorrectResponse><setCorrectResponse identifier="RESPONSE_1414336516863"><variable identifier="imp2" /></setCorrectResponse></templateProcessing><itemBody ><p><p>Compute the cartesian coordinates w = a + bi of the power \(w =  z^n \) for given z and n:</p><p>Round real and imaginary part of w to two decimal places, e.g. round 4,3267 to 4,33.</p><p>a.) \( z = \sqrt{<printedVariable identifier="r" />} \cdot e^{\frac{<printedVariable identifier="phiz" />}{<printedVariable identifier="phin" />}\cdot i}, \ n = <printedVariable identifier="n" /> \). Then w = <textEntryInteraction responseIdentifier="RESPONSE_1414143973647" expectedLength="4" />  + <textEntryInteraction responseIdentifier="RESPONSE_1414143995904" expectedLength="4" />  i</p><p>b.) \( z = <printedVariable identifier="a" /> <printedVariable identifier="vzb" /> <printedVariable identifier="b" /> \cdot i, \ n = <printedVariable identifier="m" /> \ \). Then w = <textEntryInteraction responseIdentifier="RESPONSE_1414336495873" expectedLength="4" /> + <textEntryInteraction responseIdentifier="RESPONSE_1414336516863" expectedLength="4" /> i </p><p> </p></p></itemBody><responseProcessing><responseCondition><responseIf><equal toleranceMode="absolute" tolerance="0.1 0.1" includeLowerBound="true" includeUpperBound="true"><variable identifier="RESPONSE_1414143973647" /><correct identifier="RESPONSE_1414143973647" /></equal><setOutcomeValue identifier="SCORE"><sum><variable identifier="SCORE" /><baseValue baseType="float">1</baseValue></sum></setOutcomeValue></responseIf></responseCondition><responseCondition><responseIf><not><isNull><variable identifier="RESPONSE_1414143973647" /></isNull></not><setOutcomeValue identifier="FEEDBACKBASIC"><baseValue baseType="identifier">incorrect</baseValue></setOutcomeValue></responseIf></responseCondition><responseCondition><responseIf><equal toleranceMode="absolute" tolerance="0.1 0.1" includeLowerBound="true" includeUpperBound="true"><variable identifier="RESPONSE_1414143995904" /><correct identifier="RESPONSE_1414143995904" /></equal><setOutcomeValue identifier="SCORE"><sum><variable identifier="SCORE" /><baseValue baseType="float">1</baseValue></sum></setOutcomeValue></responseIf></responseCondition><responseCondition><responseIf><not><isNull><variable identifier="RESPONSE_1414143995904" /></isNull></not><setOutcomeValue identifier="FEEDBACKBASIC"><baseValue baseType="identifier">incorrect</baseValue></setOutcomeValue></responseIf></responseCondition><responseCondition><responseIf><equal toleranceMode="absolute" tolerance="0.01 0.01" includeLowerBound="true" includeUpperBound="true"><variable identifier="RESPONSE_1414336495873" /><correct identifier="RESPONSE_1414336495873" /></equal><setOutcomeValue identifier="SCORE"><sum><variable identifier="SCORE" /><baseValue baseType="float">1</baseValue></sum></setOutcomeValue></responseIf></responseCondition><responseCondition><responseIf><not><isNull><variable identifier="RESPONSE_1414336495873" /></isNull></not><setOutcomeValue identifier="FEEDBACKBASIC"><baseValue baseType="identifier">incorrect</baseValue></setOutcomeValue></responseIf></responseCondition><responseCondition><responseIf><equal toleranceMode="exact"><variable identifier="RESPONSE_1414336516863" /><correct identifier="RESPONSE_1414336516863" /></equal><setOutcomeValue identifier="SCORE"><sum><variable identifier="SCORE" /><baseValue baseType="float">1</baseValue></sum></setOutcomeValue></responseIf></responseCondition><responseCondition><responseIf><not><isNull><variable identifier="RESPONSE_1414336516863" /></isNull></not><setOutcomeValue identifier="FEEDBACKBASIC"><baseValue baseType="identifier">incorrect</baseValue></setOutcomeValue></responseIf></responseCondition><responseCondition><responseIf><and><not><match><variable identifier="FEEDBACKBASIC" /><baseValue baseType="identifier">empty</baseValue></match></not><equal toleranceMode="exact"><variable identifier="SCORE" /><variable identifier="MAXSCORE" /></equal></and><setOutcomeValue identifier="FEEDBACKBASIC"><baseValue baseType="identifier">correct</baseValue></setOutcomeValue></responseIf></responseCondition><responseCondition><responseIf><and><match><baseValue baseType="identifier">incorrect</baseValue><variable identifier="FEEDBACKBASIC" /></match></and><setOutcomeValue identifier="FEEDBACKMODAL"><multiple><variable identifier="FEEDBACKMODAL" /><baseValue baseType="identifier">Feedback1000574862</baseValue></multiple></setOutcomeValue></responseIf></responseCondition></responseProcessing><modalFeedback  identifier="Feedback1000574862" outcomeIdentifier="FEEDBACKMODAL" showHide="show"><p>- The calculator must be in radian mode.</p><p>- Attention, \( e^{a\cdot \pi \cdot i} \not =  e^{a\cdot i} \) for most numbers a.</p><p>- In order to compute part b.), it may be convenient, to use the polar form of z.</p></modalFeedback></assessmentItem>
