<?xml version="1.0" encoding="UTF-8"?>
<assessmentItem xmlns="http://www.imsglobal.org/xsd/imsqti_v2p1" xmlns:xsi="http://www.w3.org/2001/XMLSchema-instance" xsi:schemaLocation="http://www.imsglobal.org/xsd/imsqti_v2p1 http://www.imsglobal.org/xsd/qti/qtiv2p1/imsqti_v2p1p1.xsd http://www.w3.org/1998/Math/MathML http://www.w3.org/Math/XMLSchema/mathml2/mathml2.xsd" identifier="id0917e2b3-9d01-48d4-9736-5a11b63f440e" title="tangentialvektor_kurve_ebene_01" adaptive="false" timeDependent="false"><imsqti:responseDeclaration xmlns:imsqti="http://www.imsglobal.org/xsd/imsqti_v2p1" identifier="RESPONSE_1402059932503" cardinality="single" baseType="string" /><imsqti:outcomeDeclaration xmlns:imsqti="http://www.imsglobal.org/xsd/imsqti_v2p1" identifier="SCORE" cardinality="single" baseType="float"><imsqti:defaultValue><imsqti:value>0</imsqti:value></imsqti:defaultValue></imsqti:outcomeDeclaration><imsqti:outcomeDeclaration xmlns:imsqti="http://www.imsglobal.org/xsd/imsqti_v2p1" identifier="MAXSCORE" cardinality="single" baseType="float"><imsqti:defaultValue><imsqti:value>2</imsqti:value></imsqti:defaultValue></imsqti:outcomeDeclaration><imsqti:outcomeDeclaration xmlns:imsqti="http://www.imsglobal.org/xsd/imsqti_v2p1" identifier="FEEDBACKBASIC" cardinality="single" baseType="identifier" view="testConstructor"><imsqti:defaultValue><imsqti:value>empty</imsqti:value></imsqti:defaultValue></imsqti:outcomeDeclaration><imsqti:outcomeDeclaration xmlns:imsqti="http://www.imsglobal.org/xsd/imsqti_v2p1" identifier="FEEDBACKMODAL" cardinality="multiple" baseType="identifier" view="testConstructor" /><imsqti:templateDeclaration xmlns:imsqti="http://www.imsglobal.org/xsd/imsqti_v2p1" identifier="a" cardinality="single" baseType="integer" /><imsqti:templateDeclaration xmlns:imsqti="http://www.imsglobal.org/xsd/imsqti_v2p1" identifier="b" cardinality="single" baseType="integer" /><imsqti:templateProcessing xmlns:imsqti="http://www.imsglobal.org/xsd/imsqti_v2p1"><imsqti:setTemplateValue identifier="a"><imsqti:randomInteger min="2" max="9" /></imsqti:setTemplateValue><imsqti:setTemplateValue identifier="b"><imsqti:randomInteger min="2" max="9" /></imsqti:setTemplateValue><imsqti:setCorrectResponse identifier="RESPONSE_1402059932503"><imsqti:customOperator definition="VARIABLESTRING" value="%e^(-$(1)*t)*sqrt($(1)^2+$(2)^2)"><imsqti:variable identifier="a" /><imsqti:variable identifier="b" /></imsqti:customOperator></imsqti:setCorrectResponse></imsqti:templateProcessing><itemBody ><p><span style="font-size: 10pt;">Die Bahn eines Objektes in 2 Dimensionen in Abhängigkeit von der Zeit \(t\) sei gegeben durch</span></p><p><span style="font-size: 10pt;">\(\vec x(t)=\begin{pmatrix}\mathrm e^{-<printedVariable identifier="a" />t}\cos(<printedVariable identifier="b" />t)\\\mathrm e^{-<printedVariable identifier="a" />t}\sin(<printedVariable identifier="b" />t)\end{pmatrix}\).</span></p><p><span style="font-size: 10pt;">Geben Sie den Betrag der Geschwindigkeit \(v(t)\) in Abhängigkeit von \(t\) an!</span></p><p><span style="font-size: 10pt;">Vereinfachen Sie weitestgehend! <strong>Hinweis:</strong> Nutzen Sie die Beziehung \(\cos^2x+\sin^2x=1\)! </span></p><p><span style="font-size: 10pt;"><strong>Ergebnis:</strong> \(v(t) =\) <textEntryInteraction responseIdentifier="RESPONSE_1402059932503" expectedLength="20" class="maxima-formula show-latex" /></span></p><p><span style="font-size: 10pt;"><strong>Hinweise zur Formeleingabe:</strong> \(x\cdot y=\) <strong>x*y</strong>, \(\mathrm e^{xy}=\) <strong>%e^(x*y)</strong>, \(\sqrt{x}=\) <strong><span style="font-size: 10pt;">sqrt(x)</span></strong><span style="font-size: 10pt;">, </span><span style="font-size: 10pt;">\(x^y=\) <strong>x^y</strong></span></span></p><p><span style="font-size: 10pt;"><span style="font-size: 10pt;">Durch Klicken auf die <strong>?</strong>-Schaltfläche können Sie ihre Formel vor Speichern der Antwort zunächst überprüfen.</span></span></p></itemBody><imsqti:responseProcessing xmlns:imsqti="http://www.imsglobal.org/xsd/imsqti_v2p1"><imsqti:responseCondition><imsqti:responseIf><imsqti:customOperator definition="MAXIMA" value="is(equal(ev($(1)),ev($(2))));"><imsqti:variable identifier="RESPONSE_1402059932503" /><imsqti:correct identifier="RESPONSE_1402059932503" /></imsqti:customOperator><imsqti:setOutcomeValue identifier="SCORE"><imsqti:sum><imsqti:variable identifier="SCORE" /><imsqti:baseValue baseType="float">2</imsqti:baseValue></imsqti:sum></imsqti:setOutcomeValue></imsqti:responseIf></imsqti:responseCondition><imsqti:responseCondition><imsqti:responseIf><imsqti:not><imsqti:isNull><imsqti:variable identifier="RESPONSE_1402059932503" /></imsqti:isNull></imsqti:not><imsqti:setOutcomeValue identifier="FEEDBACKBASIC"><imsqti:baseValue baseType="identifier">incorrect</imsqti:baseValue></imsqti:setOutcomeValue></imsqti:responseIf></imsqti:responseCondition><imsqti:responseCondition><imsqti:responseIf><imsqti:and><imsqti:not><imsqti:match><imsqti:variable identifier="FEEDBACKBASIC" /><imsqti:baseValue baseType="identifier">empty</imsqti:baseValue></imsqti:match></imsqti:not><imsqti:equal toleranceMode="exact"><imsqti:variable identifier="SCORE" /><imsqti:variable identifier="MAXSCORE" /></imsqti:equal></imsqti:and><imsqti:setOutcomeValue identifier="FEEDBACKBASIC"><imsqti:baseValue baseType="identifier">correct</imsqti:baseValue></imsqti:setOutcomeValue></imsqti:responseIf></imsqti:responseCondition><imsqti:responseCondition><imsqti:responseIf><imsqti:and><imsqti:match><imsqti:baseValue baseType="identifier">incorrect</imsqti:baseValue><imsqti:variable identifier="FEEDBACKBASIC" /></imsqti:match></imsqti:and><imsqti:setOutcomeValue identifier="FEEDBACKMODAL"><imsqti:multiple><imsqti:variable identifier="FEEDBACKMODAL" /><imsqti:baseValue baseType="identifier">Feedback729801342</imsqti:baseValue></imsqti:multiple></imsqti:setOutcomeValue></imsqti:responseIf></imsqti:responseCondition></imsqti:responseProcessing><modalFeedback  identifier="Feedback729801342" outcomeIdentifier="FEEDBACKMODAL" showHide="show" title="Musterbeispiel:"><p>Es sei \(\vec x(t)=\begin{pmatrix}\mathrm e^{-5t}\cos(4t)\\ \mathrm e^{-5t}\sin(4t)\end{pmatrix}\).</p><p>Damit haben wir \(\vec x'(t)=\begin{pmatrix}\mathrm e^{-5t}[-5\cos(4t)-4\sin(4t)]\\ \mathrm e^{-5t}[-5\sin(4t)+4\cos(4t)]\end{pmatrix}\). Der Betrag dieses Vektors ist</p><p>\(\displaystyle v(t):=\left|\vec x'(t)\right|=\sqrt{\mathrm e^{-10t}\left[25\cos^2(4t)+24\cos(4t)\sin(4t)+16\sin^2(4t)+25\sin^2(4t)-24\cos(4t)\sin(4t)+16\cos^2(4t)\right]}\).</p><p>Da nun \(\cos^2(4t)+\sin^2(4t)=1\) gilt, können wir wiefolgt vereinfachen:</p><p>\(\displaystyle v(t)=\mathrm e^{-5t}\sqrt{25+16}=\mathrm e^{-5t}\sqrt{41}=\) <strong>%e^(-5*t)*sqrt(41)</strong>.</p></modalFeedback></assessmentItem>
