<?xml version="1.0" encoding="UTF-8"?>
<assessmentItem xmlns="http://www.imsglobal.org/xsd/imsqti_v2p1" xmlns:xsi="http://www.w3.org/2001/XMLSchema-instance" xsi:schemaLocation="http://www.imsglobal.org/xsd/imsqti_v2p1 http://www.imsglobal.org/xsd/qti/qtiv2p1/imsqti_v2p1p1.xsd http://www.w3.org/1998/Math/MathML http://www.w3.org/Math/XMLSchema/mathml2/mathml2.xsd" identifier="id6c557dab-2c7f-4129-8ee5-e38d5bf4f382" title="NumIntTrapezRegel" adaptive="false" timeDependent="false"><responseDeclaration identifier="RESPONSE_1400161998419" cardinality="single" baseType="float"><correctResponse><value>0</value></correctResponse></responseDeclaration><responseDeclaration identifier="RESPONSE_1400162381300" cardinality="single" baseType="float"><correctResponse><value>0</value></correctResponse></responseDeclaration><responseDeclaration identifier="RESPONSE_1400162456885" cardinality="single" baseType="float"><correctResponse><value>0</value></correctResponse></responseDeclaration><responseDeclaration identifier="RESPONSE_1400162519468" cardinality="single" baseType="float"><correctResponse><value>0</value></correctResponse></responseDeclaration><responseDeclaration identifier="RESPONSE_1400162552584" cardinality="single" baseType="float"><correctResponse><value>0</value></correctResponse></responseDeclaration><responseDeclaration identifier="RESPONSE_1400162596237" cardinality="single" baseType="float"><correctResponse><value>0</value></correctResponse></responseDeclaration><responseDeclaration identifier="RESPONSE_1400162627614" cardinality="single" baseType="float"><correctResponse><value>0</value></correctResponse></responseDeclaration><responseDeclaration identifier="RESPONSE_1400485812259" cardinality="single" baseType="float"><correctResponse><value>0</value></correctResponse></responseDeclaration><responseDeclaration identifier="RESPONSE_1400485979812" cardinality="single" baseType="float"><correctResponse><value>0</value></correctResponse></responseDeclaration><responseDeclaration identifier="RESPONSE_1400486034088" cardinality="single" baseType="float"><correctResponse><value>0</value></correctResponse></responseDeclaration><responseDeclaration identifier="RESPONSE_1400486072133" cardinality="single" baseType="float"><correctResponse><value>0</value></correctResponse></responseDeclaration><responseDeclaration identifier="RESPONSE_1400486119270" cardinality="single" baseType="float"><correctResponse><value>0</value></correctResponse></responseDeclaration><responseDeclaration identifier="RESPONSE_1400486254948" cardinality="single" baseType="float"><correctResponse><value>0</value></correctResponse></responseDeclaration><responseDeclaration identifier="RESPONSE_1400486331463" cardinality="single" baseType="float"><correctResponse><value>0</value></correctResponse></responseDeclaration><responseDeclaration identifier="RESPONSE_1399126172174" cardinality="single" baseType="float"><correctResponse><value>0</value></correctResponse></responseDeclaration><responseDeclaration identifier="RESPONSE_1399469915390" cardinality="single" baseType="string"><correctResponse><value>Berechne das Integral von -10 bis 1 numerisch und vernachlässige das Integral von minus unendlich bis - 10</value></correctResponse><mapping defaultValue="0"><mapEntry mapKey="Berechne das Integral von -10 bis 1 numerisch und vernachlässige das Integral von minus unendlich bis - 10" mappedValue="2" /></mapping></responseDeclaration><outcomeDeclaration identifier="SCORE" cardinality="single" baseType="float"><defaultValue><value>0</value></defaultValue></outcomeDeclaration><outcomeDeclaration identifier="MAXSCORE" cardinality="single" baseType="float"><defaultValue><value>10</value></defaultValue></outcomeDeclaration><outcomeDeclaration identifier="FEEDBACKBASIC" cardinality="single" baseType="identifier" view="testConstructor"><defaultValue><value>empty</value></defaultValue></outcomeDeclaration><outcomeDeclaration identifier="FEEDBACKMODAL" cardinality="multiple" baseType="identifier" view="testConstructor" /><templateDeclaration identifier="UG" cardinality="single" baseType="float" /><templateDeclaration identifier="OG" cardinality="single" baseType="float" /><templateDeclaration identifier="N" cardinality="single" baseType="float" /><templateDeclaration identifier="x0" cardinality="single" baseType="float" /><templateDeclaration identifier="x1" cardinality="single" baseType="float" /><templateDeclaration identifier="x2" cardinality="single" baseType="float" /><templateDeclaration identifier="x3" cardinality="single" baseType="float" /><templateDeclaration identifier="x4" cardinality="single" baseType="float" /><templateDeclaration identifier="x5" cardinality="single" baseType="float" /><templateDeclaration identifier="x6" cardinality="single" baseType="float" /><templateDeclaration identifier="y0" cardinality="single" baseType="float" /><templateDeclaration identifier="y1" cardinality="single" baseType="float" /><templateDeclaration identifier="y2" cardinality="single" baseType="float" /><templateDeclaration identifier="y3" cardinality="single" baseType="float" /><templateDeclaration identifier="y4" cardinality="single" baseType="float" /><templateDeclaration identifier="y5" cardinality="single" baseType="float" /><templateDeclaration identifier="y6" cardinality="single" baseType="float" /><templateProcessing><setTemplateValue identifier="UG"><random><multiple><baseValue baseType="float">-1.1</baseValue><baseValue baseType="float">-1</baseValue><baseValue baseType="float">-0.9</baseValue><baseValue baseType="float">-0.8</baseValue><baseValue baseType="float">-0.7</baseValue><baseValue baseType="float">-0.6</baseValue><baseValue baseType="float">-0.5</baseValue><baseValue baseType="float">-0.4</baseValue><baseValue baseType="float">-0.3</baseValue><baseValue baseType="float">-0.2</baseValue><baseValue baseType="float">-0.1</baseValue><baseValue baseType="float">0</baseValue><baseValue baseType="float">0.1</baseValue><baseValue baseType="float">0.2</baseValue></multiple></random></setTemplateValue><setTemplateValue identifier="OG"><customOperator definition="MAXIMA" value="float($(1)+1);"><variable identifier="UG" /></customOperator></setTemplateValue><setTemplateValue identifier="N"><customOperator definition="MAXIMA" value="float(1/(sqrt(2*%pi))*($(1)-$(2))/12*(exp(-0.5*($(3))^2)+2*exp(-0.5*($(4)+1/6)^2) + 2*exp(-0.5*($(5)+2/6)^2)+2*exp(-0.5*($(6)+3/6)^2)+2*exp(-0.5*($(7)+4/6)^2)+2*exp(-0.5*($(8)+5/6)^2) +exp(-0.5*($(9)+1)^2)));"><variable identifier="OG" /><variable identifier="UG" /><variable identifier="UG" /><variable identifier="UG" /><variable identifier="UG" /><variable identifier="UG" /><variable identifier="UG" /><variable identifier="UG" /><variable identifier="UG" /></customOperator></setTemplateValue><setTemplateValue identifier="x0"><customOperator definition="MAXIMA" value="float($(1));"><variable identifier="UG" /></customOperator></setTemplateValue><setTemplateValue identifier="x1"><customOperator definition="MAXIMA" value="float($(1)+1/6);"><variable identifier="UG" /></customOperator></setTemplateValue><setTemplateValue identifier="x2"><customOperator definition="MAXIMA" value="float($(1)+1/3);"><variable identifier="UG" /></customOperator></setTemplateValue><setTemplateValue identifier="x3"><customOperator definition="MAXIMA" value="float($(1)+0.5);"><variable identifier="UG" /></customOperator></setTemplateValue><setTemplateValue identifier="x4"><customOperator definition="MAXIMA" value="float($(1)+2/3);"><variable identifier="UG" /></customOperator></setTemplateValue><setTemplateValue identifier="x5"><customOperator definition="MAXIMA" value="float($(1)+5/6);"><variable identifier="UG" /></customOperator></setTemplateValue><setTemplateValue identifier="x6"><customOperator definition="MAXIMA" value="float($(1));"><variable identifier="OG" /></customOperator></setTemplateValue><setTemplateValue identifier="y0"><customOperator definition="MAXIMA" value="float(1/(sqrt(2*%pi))*exp(-0.5*($(1))^2));"><variable identifier="x0" /></customOperator></setTemplateValue><setTemplateValue identifier="y1"><customOperator definition="MAXIMA" value="float(1/(sqrt(2*%pi))*exp(-0.5*($(1))^2));"><variable identifier="x1" /></customOperator></setTemplateValue><setTemplateValue identifier="y2"><customOperator definition="MAXIMA" value="float(1/(sqrt(2*%pi))*exp(-0.5*($(1))^2));"><variable identifier="x2" /></customOperator></setTemplateValue><setTemplateValue identifier="y3"><customOperator definition="MAXIMA" value="float(1/(sqrt(2*%pi))*exp(-0.5*($(1))^2));"><variable identifier="x3" /></customOperator></setTemplateValue><setTemplateValue identifier="y4"><customOperator definition="MAXIMA" value="float(1/(sqrt(2*%pi))*exp(-0.5*($(1))^2));"><variable identifier="x4" /></customOperator></setTemplateValue><setTemplateValue identifier="y5"><customOperator definition="MAXIMA" value="float(1/(sqrt(2*%pi))*exp(-0.5*($(1))^2));"><variable identifier="x5" /></customOperator></setTemplateValue><setTemplateValue identifier="y6"><customOperator definition="MAXIMA" value="float(1/(sqrt(2*%pi))*exp(-0.5*($(1))^2));"><variable identifier="x6" /></customOperator></setTemplateValue><setCorrectResponse identifier="RESPONSE_1400161998419"><variable identifier="x0" /></setCorrectResponse><setCorrectResponse identifier="RESPONSE_1400162381300"><variable identifier="x1" /></setCorrectResponse><setCorrectResponse identifier="RESPONSE_1400162456885"><variable identifier="x2" /></setCorrectResponse><setCorrectResponse identifier="RESPONSE_1400162519468"><variable identifier="x3" /></setCorrectResponse><setCorrectResponse identifier="RESPONSE_1400162552584"><variable identifier="x4" /></setCorrectResponse><setCorrectResponse identifier="RESPONSE_1400162596237"><variable identifier="x5" /></setCorrectResponse><setCorrectResponse identifier="RESPONSE_1400162627614"><variable identifier="OG" /></setCorrectResponse><setCorrectResponse identifier="RESPONSE_1400485812259"><variable identifier="y0" /></setCorrectResponse><setCorrectResponse identifier="RESPONSE_1400485979812"><variable identifier="y1" /></setCorrectResponse><setCorrectResponse identifier="RESPONSE_1400486034088"><variable identifier="y2" /></setCorrectResponse><setCorrectResponse identifier="RESPONSE_1400486072133"><variable identifier="y3" /></setCorrectResponse><setCorrectResponse identifier="RESPONSE_1400486119270"><variable identifier="y4" /></setCorrectResponse><setCorrectResponse identifier="RESPONSE_1400486254948"><variable identifier="y5" /></setCorrectResponse><setCorrectResponse identifier="RESPONSE_1400486331463"><variable identifier="y6" /></setCorrectResponse><setCorrectResponse identifier="RESPONSE_1399126172174"><variable identifier="N" /></setCorrectResponse></templateProcessing><itemBody ><p><p>Berechnen Sie mit der <strong>Trapez-Regel</strong> näherungsweise (n=6) das <strong>Integral I</strong>:    \( \int _a^b \frac {1}{\sqrt{2\pi}} e^{-\frac{1}{2}x^2}\ dx\) mit</p><p>a := <printedVariable identifier="UG" /></p><p>b := <printedVariable identifier="OG" /></p><p>Geben Sie zunächst die zu diesen Daten gehörenden Stützstellen \(x_i, \ i =0, \cdots ,6\) und  Stützwerte \(y_i= f(x_i), \ i =0, \cdots ,6\) des Verfahrens an, gerundet auf 4 Stellen nach dem Komma:</p><p>\(x_0\)= <textEntryInteraction responseIdentifier="RESPONSE_1400161998419" expectedLength="4" />,  \(x_1\)= <textEntryInteraction responseIdentifier="RESPONSE_1400162381300" expectedLength="4" />,  \(x_2\)=<textEntryInteraction responseIdentifier="RESPONSE_1400162456885" expectedLength="4" />,  \(x_3\)=<textEntryInteraction responseIdentifier="RESPONSE_1400162519468" expectedLength="4" />, \(x_4\)=<textEntryInteraction responseIdentifier="RESPONSE_1400162552584" expectedLength="4" />,  \(x_5\)=<textEntryInteraction responseIdentifier="RESPONSE_1400162596237" expectedLength="4" />, \(x_6\)=<textEntryInteraction responseIdentifier="RESPONSE_1400162627614" expectedLength="4" /></p><p>\(y_0\)= <textEntryInteraction responseIdentifier="RESPONSE_1400485812259" expectedLength="4" />,  \(y_1\)= <textEntryInteraction responseIdentifier="RESPONSE_1400485979812" expectedLength="4" />, \(y_2\)= <textEntryInteraction responseIdentifier="RESPONSE_1400486034088" expectedLength="4" />, \(y_3\)=<textEntryInteraction responseIdentifier="RESPONSE_1400486072133" expectedLength="4" />, \(y_4\)= <textEntryInteraction responseIdentifier="RESPONSE_1400486119270" expectedLength="4" />, \(y_5\)= <textEntryInteraction responseIdentifier="RESPONSE_1400486254948" expectedLength="4" />, \(y_6\)=<textEntryInteraction responseIdentifier="RESPONSE_1400486331463" expectedLength="4" /></p><p>Berechnen Sie das Ergebnis I und runden Sie es auf vier Stellen nach dem Komma:</p><p>I= <textEntryInteraction responseIdentifier="RESPONSE_1399126172174" expectedLength="6" /></p><p style="-qt-paragraph-type: empty; -qt-block-indent: 0; text-indent: 0px; margin: 0px;"> </p><p style="-qt-block-indent: 0; text-indent: 0px; margin: 0px;">Machen Sie einen Vorschlag, wie man das Integral \( \int _{-\infty}^{1} \frac {1}{\sqrt{2\pi}} e^{-\frac{1}{2}x^2} \ dx \) näherungsweise berechnen könnte.(2P)</p><p style="-qt-block-indent: 0; text-indent: 0px; margin: 0px;"> </p><p style="-qt-block-indent: 0; text-indent: 0px; margin: 0px;"><textEntryInteraction responseIdentifier="RESPONSE_1399469915390" expectedLength="790" placeholderText="Beschreibe hier eine Strategie um dieses Integral zu approximieren oder auch eine explizite Rechnung. Punkte werden nach Durchsicht zu dieser Aufgabe verteilt. Rot/Grünes Feenback hier ignorieren." /></p><p style="-qt-block-indent: 0; text-indent: 0px; margin: 0px;"> </p><p style="-qt-block-indent: 0; text-indent: 0px; margin: 0px;"> </p><p style="-qt-block-indent: 0; text-indent: 0px; margin: 0px;"> </p></p></itemBody><responseProcessing><responseCondition><responseIf><equal toleranceMode="absolute" tolerance="0.001 0.001" includeLowerBound="true" includeUpperBound="true"><variable identifier="RESPONSE_1400161998419" /><correct identifier="RESPONSE_1400161998419" /></equal><setOutcomeValue identifier="SCORE"><sum><variable identifier="SCORE" /><baseValue baseType="float">0</baseValue></sum></setOutcomeValue></responseIf></responseCondition><responseCondition><responseIf><not><isNull><variable identifier="RESPONSE_1400161998419" /></isNull></not><setOutcomeValue identifier="FEEDBACKBASIC"><baseValue baseType="identifier">incorrect</baseValue></setOutcomeValue></responseIf></responseCondition><responseCondition><responseIf><equal toleranceMode="absolute" tolerance="0.001 0.001" includeLowerBound="true" includeUpperBound="true"><variable identifier="RESPONSE_1400162381300" /><correct identifier="RESPONSE_1400162381300" /></equal><setOutcomeValue identifier="SCORE"><sum><variable identifier="SCORE" /><baseValue baseType="float">1</baseValue></sum></setOutcomeValue></responseIf></responseCondition><responseCondition><responseIf><not><isNull><variable identifier="RESPONSE_1400162381300" /></isNull></not><setOutcomeValue identifier="FEEDBACKBASIC"><baseValue baseType="identifier">incorrect</baseValue></setOutcomeValue></responseIf></responseCondition><responseCondition><responseIf><equal toleranceMode="absolute" tolerance="0.001 0.001" includeLowerBound="true" includeUpperBound="true"><variable identifier="RESPONSE_1400162456885" /><correct identifier="RESPONSE_1400162456885" /></equal><setOutcomeValue identifier="SCORE"><sum><variable identifier="SCORE" /><baseValue baseType="float">1</baseValue></sum></setOutcomeValue></responseIf></responseCondition><responseCondition><responseIf><not><isNull><variable identifier="RESPONSE_1400162456885" /></isNull></not><setOutcomeValue identifier="FEEDBACKBASIC"><baseValue baseType="identifier">incorrect</baseValue></setOutcomeValue></responseIf></responseCondition><responseCondition><responseIf><equal toleranceMode="absolute" tolerance="0.001 0.001" includeLowerBound="true" includeUpperBound="true"><variable identifier="RESPONSE_1400162519468" /><correct identifier="RESPONSE_1400162519468" /></equal><setOutcomeValue identifier="SCORE"><sum><variable identifier="SCORE" /><baseValue baseType="float">0</baseValue></sum></setOutcomeValue></responseIf></responseCondition><responseCondition><responseIf><not><isNull><variable identifier="RESPONSE_1400162519468" /></isNull></not><setOutcomeValue identifier="FEEDBACKBASIC"><baseValue baseType="identifier">incorrect</baseValue></setOutcomeValue></responseIf></responseCondition><responseCondition><responseIf><equal toleranceMode="absolute" tolerance="0.001 0.001" includeLowerBound="true" includeUpperBound="true"><variable identifier="RESPONSE_1400162552584" /><correct identifier="RESPONSE_1400162552584" /></equal><setOutcomeValue identifier="SCORE"><sum><variable identifier="SCORE" /><baseValue baseType="float">0</baseValue></sum></setOutcomeValue></responseIf></responseCondition><responseCondition><responseIf><not><isNull><variable identifier="RESPONSE_1400162552584" /></isNull></not><setOutcomeValue identifier="FEEDBACKBASIC"><baseValue baseType="identifier">incorrect</baseValue></setOutcomeValue></responseIf></responseCondition><responseCondition><responseIf><equal toleranceMode="absolute" tolerance="0.001 0.001" includeLowerBound="true" includeUpperBound="true"><variable identifier="RESPONSE_1400162596237" /><correct identifier="RESPONSE_1400162596237" /></equal><setOutcomeValue identifier="SCORE"><sum><variable identifier="SCORE" /><baseValue baseType="float">1</baseValue></sum></setOutcomeValue></responseIf></responseCondition><responseCondition><responseIf><not><isNull><variable identifier="RESPONSE_1400162596237" /></isNull></not><setOutcomeValue identifier="FEEDBACKBASIC"><baseValue baseType="identifier">incorrect</baseValue></setOutcomeValue></responseIf></responseCondition><responseCondition><responseIf><equal toleranceMode="absolute" tolerance="0.001 0.001" includeLowerBound="true" includeUpperBound="true"><variable identifier="RESPONSE_1400162627614" /><correct identifier="RESPONSE_1400162627614" /></equal><setOutcomeValue identifier="SCORE"><sum><variable identifier="SCORE" /><baseValue baseType="float">0</baseValue></sum></setOutcomeValue></responseIf></responseCondition><responseCondition><responseIf><not><isNull><variable identifier="RESPONSE_1400162627614" /></isNull></not><setOutcomeValue identifier="FEEDBACKBASIC"><baseValue baseType="identifier">incorrect</baseValue></setOutcomeValue></responseIf></responseCondition><responseCondition><responseIf><equal toleranceMode="absolute" tolerance="0.001 0.001" includeLowerBound="true" includeUpperBound="true"><variable identifier="RESPONSE_1400485812259" /><correct identifier="RESPONSE_1400485812259" /></equal><setOutcomeValue identifier="SCORE"><sum><variable identifier="SCORE" /><baseValue baseType="float">0</baseValue></sum></setOutcomeValue></responseIf></responseCondition><responseCondition><responseIf><not><isNull><variable identifier="RESPONSE_1400485812259" /></isNull></not><setOutcomeValue identifier="FEEDBACKBASIC"><baseValue baseType="identifier">incorrect</baseValue></setOutcomeValue></responseIf></responseCondition><responseCondition><responseIf><equal toleranceMode="absolute" tolerance="0.001 0.001" includeLowerBound="true" includeUpperBound="true"><variable identifier="RESPONSE_1400485979812" /><correct identifier="RESPONSE_1400485979812" /></equal><setOutcomeValue identifier="SCORE"><sum><variable identifier="SCORE" /><baseValue baseType="float">1</baseValue></sum></setOutcomeValue></responseIf></responseCondition><responseCondition><responseIf><not><isNull><variable identifier="RESPONSE_1400485979812" /></isNull></not><setOutcomeValue identifier="FEEDBACKBASIC"><baseValue baseType="identifier">incorrect</baseValue></setOutcomeValue></responseIf></responseCondition><responseCondition><responseIf><equal toleranceMode="absolute" tolerance="0.001 0.001" includeLowerBound="true" includeUpperBound="true"><variable identifier="RESPONSE_1400486034088" /><correct identifier="RESPONSE_1400486034088" /></equal><setOutcomeValue identifier="SCORE"><sum><variable identifier="SCORE" /><baseValue baseType="float">0</baseValue></sum></setOutcomeValue></responseIf></responseCondition><responseCondition><responseIf><not><isNull><variable identifier="RESPONSE_1400486034088" /></isNull></not><setOutcomeValue identifier="FEEDBACKBASIC"><baseValue baseType="identifier">incorrect</baseValue></setOutcomeValue></responseIf></responseCondition><responseCondition><responseIf><equal toleranceMode="absolute" tolerance="0.001 0.001" includeLowerBound="true" includeUpperBound="true"><variable identifier="RESPONSE_1400486072133" /><correct identifier="RESPONSE_1400486072133" /></equal><setOutcomeValue identifier="SCORE"><sum><variable identifier="SCORE" /><baseValue baseType="float">0</baseValue></sum></setOutcomeValue></responseIf></responseCondition><responseCondition><responseIf><not><isNull><variable identifier="RESPONSE_1400486072133" /></isNull></not><setOutcomeValue identifier="FEEDBACKBASIC"><baseValue baseType="identifier">incorrect</baseValue></setOutcomeValue></responseIf></responseCondition><responseCondition><responseIf><equal toleranceMode="absolute" tolerance="0.001 0.001" includeLowerBound="true" includeUpperBound="true"><variable identifier="RESPONSE_1400486119270" /><correct identifier="RESPONSE_1400486119270" /></equal><setOutcomeValue identifier="SCORE"><sum><variable identifier="SCORE" /><baseValue baseType="float">1</baseValue></sum></setOutcomeValue></responseIf></responseCondition><responseCondition><responseIf><not><isNull><variable identifier="RESPONSE_1400486119270" /></isNull></not><setOutcomeValue identifier="FEEDBACKBASIC"><baseValue baseType="identifier">incorrect</baseValue></setOutcomeValue></responseIf></responseCondition><responseCondition><responseIf><equal toleranceMode="absolute" tolerance="0.001 0.001" includeLowerBound="true" includeUpperBound="true"><variable identifier="RESPONSE_1400486254948" /><correct identifier="RESPONSE_1400486254948" /></equal><setOutcomeValue identifier="SCORE"><sum><variable identifier="SCORE" /><baseValue baseType="float">0</baseValue></sum></setOutcomeValue></responseIf></responseCondition><responseCondition><responseIf><not><isNull><variable identifier="RESPONSE_1400486254948" /></isNull></not><setOutcomeValue identifier="FEEDBACKBASIC"><baseValue baseType="identifier">incorrect</baseValue></setOutcomeValue></responseIf></responseCondition><responseCondition><responseIf><equal toleranceMode="absolute" tolerance="0.001 0.001" includeLowerBound="true" includeUpperBound="true"><variable identifier="RESPONSE_1400486331463" /><correct identifier="RESPONSE_1400486331463" /></equal><setOutcomeValue identifier="SCORE"><sum><variable identifier="SCORE" /><baseValue baseType="float">0</baseValue></sum></setOutcomeValue></responseIf></responseCondition><responseCondition><responseIf><not><isNull><variable identifier="RESPONSE_1400486331463" /></isNull></not><setOutcomeValue identifier="FEEDBACKBASIC"><baseValue baseType="identifier">incorrect</baseValue></setOutcomeValue></responseIf></responseCondition><responseCondition><responseIf><equal toleranceMode="absolute" tolerance="0.01 0.01" includeLowerBound="true" includeUpperBound="true"><variable identifier="RESPONSE_1399126172174" /><correct identifier="RESPONSE_1399126172174" /></equal><setOutcomeValue identifier="SCORE"><sum><variable identifier="SCORE" /><baseValue baseType="float">3</baseValue></sum></setOutcomeValue></responseIf></responseCondition><responseCondition><responseIf><not><isNull><variable identifier="RESPONSE_1399126172174" /></isNull></not><setOutcomeValue identifier="FEEDBACKBASIC"><baseValue baseType="identifier">incorrect</baseValue></setOutcomeValue></responseIf></responseCondition><responseCondition><responseIf><not><isNull><variable identifier="RESPONSE_1399469915390" /></isNull></not><setOutcomeValue identifier="SCORE"><sum><variable identifier="SCORE" /><mapTolResponse xmlns="http://bps-system.de/xsd/imsqti_ext_maptolresponse" identifier="RESPONSE_1399469915390" tolerance="5720.0" toleranceMode="exact" /></sum></setOutcomeValue><setOutcomeValue identifier="FEEDBACKBASIC"><baseValue baseType="identifier">incorrect</baseValue></setOutcomeValue></responseIf></responseCondition><responseCondition><responseIf><and><not><match><variable identifier="FEEDBACKBASIC" /><baseValue baseType="identifier">empty</baseValue></match></not><equal toleranceMode="exact"><variable identifier="SCORE" /><variable identifier="MAXSCORE" /></equal></and><setOutcomeValue identifier="FEEDBACKBASIC"><baseValue baseType="identifier">correct</baseValue></setOutcomeValue></responseIf></responseCondition><responseCondition><responseIf><and><match><baseValue baseType="identifier">correct</baseValue><variable identifier="FEEDBACKBASIC" /></match></and><setOutcomeValue identifier="FEEDBACKMODAL"><multiple><variable identifier="FEEDBACKMODAL" /><baseValue baseType="identifier">Feedback1209046682</baseValue></multiple></setOutcomeValue></responseIf></responseCondition><responseCondition><responseIf><and><match><baseValue baseType="identifier">incorrect</baseValue><variable identifier="FEEDBACKBASIC" /></match></and><setOutcomeValue identifier="FEEDBACKMODAL"><multiple><variable identifier="FEEDBACKMODAL" /><baseValue baseType="identifier">Feedback957316460</baseValue></multiple></setOutcomeValue></responseIf></responseCondition></responseProcessing><modalFeedback  identifier="Feedback1209046682" outcomeIdentifier="FEEDBACKMODAL" showHide="show"><p><strong>Ihre Lösungen zur Aufgabe 7.1 sind zu den Eich Lösungen äquivalent. Volle Punkte für diese Aufgabe.</strong></p></modalFeedback><modalFeedback  identifier="Feedback957316460" outcomeIdentifier="FEEDBACKMODAL" showHide="show"><p><strong>Ihre Lösung für mindestens eine der Lücken zu Aufgabe 7.1 war nicht äquivalent zur Eich Lösung. Es gab einen Punkteabzug.</strong></p><p><strong>Vorschlag zur näherungsweisen Berechnung des Integrals mit untere Grenze -Infinity: </strong></p><p><strong>Vernachlässige das Integral von - Infinity bis (z.B.) -10 da das Integral auf diesem Bereich vernachlässigbar klein wird. Dies liegt anschaulich daran dass der Integrand mit exp(-x^2) extrem schnell gegen Null läuft für x gegen +-Unendlich.Integriere dann numerisch von -10 bis 1.<br /></strong></p></modalFeedback></assessmentItem>
