<?xml version="1.0" encoding="UTF-8"?>
<assessmentItem xmlns="http://www.imsglobal.org/xsd/imsqti_v2p1" xmlns:xsi="http://www.w3.org/2001/XMLSchema-instance" xsi:schemaLocation="http://www.imsglobal.org/xsd/imsqti_v2p1 http://www.imsglobal.org/xsd/qti/qtiv2p1/imsqti_v2p1p1.xsd http://www.w3.org/1998/Math/MathML http://www.w3.org/Math/XMLSchema/mathml2/mathml2.xsd" identifier="idb42c54e5-fe8d-4876-9b33-11e3f74ba7c7" title="partielle_integration_cos(ax)*cos(bx)_01" adaptive="false" timeDependent="false"><responseDeclaration identifier="RESPONSE_1" cardinality="single" baseType="identifier"><correctResponse><value>idcbff7bd9-d43e-421d-83ac-877ce279f38b</value></correctResponse><mapping defaultValue="0" lowerBound="0.0"><mapEntry mapKey="idcbff7bd9-d43e-421d-83ac-877ce279f38b" mappedValue="2.0" /><mapEntry mapKey="id20773e46-6967-41a9-b6ec-64b357cbcd4c" mappedValue="-0.5" /><mapEntry mapKey="idc157b3a1-98c4-48a6-a346-01f312a6a304" mappedValue="-0.5" /><mapEntry mapKey="id4e2f065a-1cf0-4277-b9e2-6504e2145555" mappedValue="-0.5" /><mapEntry mapKey="idd3a5a07e-bd21-4b6a-96da-79a5feba5a3a" mappedValue="-0.5" /></mapping></responseDeclaration><outcomeDeclaration identifier="SCORE" cardinality="single" baseType="float"><defaultValue><value>0</value></defaultValue></outcomeDeclaration><outcomeDeclaration identifier="MAXSCORE" cardinality="single" baseType="float"><defaultValue><value>2</value></defaultValue></outcomeDeclaration><outcomeDeclaration identifier="FEEDBACKBASIC" cardinality="single" baseType="identifier" view="testConstructor"><defaultValue><value>empty</value></defaultValue></outcomeDeclaration><templateDeclaration identifier="a" cardinality="single" baseType="integer" /><templateDeclaration identifier="b" cardinality="single" baseType="integer" /><templateProcessing><setTemplateValue identifier="a"><randomInteger min="2" max="8" step="2" /></setTemplateValue><setTemplateValue identifier="b"><randomInteger min="3" max="9" step="2" /></setTemplateValue></templateProcessing><itemBody ><p>Welche der folgenden Aussagen ist richtig?</p><choiceInteraction responseIdentifier="RESPONSE_1" shuffle="true" maxChoices="1"><simpleChoice identifier="idcbff7bd9-d43e-421d-83ac-877ce279f38b"><p>\[\int\cos(<printedVariable identifier="a" />x)\cos(<printedVariable identifier="b" />x)\,\mathrm dx=\frac{1}{<printedVariable identifier="a" />}\sin(<printedVariable identifier="a" />x)\cos(<printedVariable identifier="b" />x)+\frac{<printedVariable identifier="b" />}{<printedVariable identifier="a" />}\int\sin(<printedVariable identifier="a" />x)\sin(<printedVariable identifier="b" />x)\,\mathrm dx\]</p></simpleChoice><simpleChoice identifier="id20773e46-6967-41a9-b6ec-64b357cbcd4c"><p>\[\int\cos(<printedVariable identifier="a" />x)\cos(<printedVariable identifier="b" />x)\,\mathrm dx=\frac{1}{<printedVariable identifier="a" />}\sin(<printedVariable identifier="a" />x)\cos(<printedVariable identifier="b" />x)-\frac{<printedVariable identifier="b" />}{<printedVariable identifier="a" />}\int\sin(<printedVariable identifier="a" />x)\sin(<printedVariable identifier="b" />x)\,\mathrm dx\]</p></simpleChoice><simpleChoice identifier="idc157b3a1-98c4-48a6-a346-01f312a6a304"><p>\[\int\cos(<printedVariable identifier="a" />x)\cos(<printedVariable identifier="b" />x)\,\mathrm dx=\frac{1}{<printedVariable identifier="b" />}\sin(<printedVariable identifier="a" />x)\cos(<printedVariable identifier="b" />x)+\frac{<printedVariable identifier="a" />}{<printedVariable identifier="b" />}\int\sin(<printedVariable identifier="a" />x)\sin(<printedVariable identifier="b" />x)\,\mathrm dx\]</p></simpleChoice><simpleChoice identifier="id4e2f065a-1cf0-4277-b9e2-6504e2145555"><p>\[\int\cos(<printedVariable identifier="a" />x)\cos(<printedVariable identifier="b" />x)\,\mathrm dx=-\frac{1}{<printedVariable identifier="b" />}\cos(<printedVariable identifier="a" />x)\sin(<printedVariable identifier="b" />x)+\frac{<printedVariable identifier="a" />}{<printedVariable identifier="b" />}\int\sin(<printedVariable identifier="a" />x)\sin(<printedVariable identifier="b" />x)\,\mathrm dx\]</p></simpleChoice><simpleChoice identifier="idd3a5a07e-bd21-4b6a-96da-79a5feba5a3a"><p>\[\int\cos(<printedVariable identifier="a" />x)\cos(<printedVariable identifier="b" />x)\,\mathrm dx=-<printedVariable identifier="a" />\sin(<printedVariable identifier="a" />x)\cos(<printedVariable identifier="b" />x)+\frac{<printedVariable identifier="a" />}{<printedVariable identifier="b" />}\int\sin(<printedVariable identifier="a" />x)\sin(<printedVariable identifier="b" />x)\,\mathrm dx\]</p></simpleChoice></choiceInteraction></itemBody><responseProcessing><responseCondition><responseIf><not><isNull><variable identifier="RESPONSE_1" /></isNull></not><setOutcomeValue identifier="SCORE"><sum><variable identifier="SCORE" /><mapResponse identifier="RESPONSE_1" /></sum></setOutcomeValue><setOutcomeValue identifier="FEEDBACKBASIC"><baseValue baseType="identifier">incorrect</baseValue></setOutcomeValue></responseIf></responseCondition><responseCondition><responseIf><and><not><match><variable identifier="FEEDBACKBASIC" /><baseValue baseType="identifier">empty</baseValue></match></not><equal toleranceMode="exact"><variable identifier="SCORE" /><variable identifier="MAXSCORE" /></equal></and><setOutcomeValue identifier="FEEDBACKBASIC"><baseValue baseType="identifier">correct</baseValue></setOutcomeValue></responseIf></responseCondition></responseProcessing></assessmentItem>
