<?xml version="1.0" encoding="UTF-8"?>
<assessmentItem xmlns="http://www.imsglobal.org/xsd/imsqti_v2p1" xmlns:xsi="http://www.w3.org/2001/XMLSchema-instance" xsi:schemaLocation="http://www.imsglobal.org/xsd/imsqti_v2p1 http://www.imsglobal.org/xsd/qti/qtiv2p1/imsqti_v2p1p1.xsd http://www.w3.org/1998/Math/MathML http://www.w3.org/Math/XMLSchema/mathml2/mathml2.xsd" identifier="id23fe66b3-60be-423e-a473-5d20eeabd33e" title="ComplexPlaneText" adaptive="false" timeDependent="false"><responseDeclaration identifier="RESPONSE_1" cardinality="multiple" baseType="directedPair"><correctResponse><value>idd0a28e04-af69-4f5a-9641-0f2d492ec63c idfab36844-2ec6-49a9-a10d-c1aaefbbbd09</value><value>id1b7232f4-3c2c-4975-9989-4bc4dd39ef22 idbf719ae4-9aff-408b-8c7e-28faeb69ce3a</value><value>idd1d1a739-bb86-4b21-8b42-9efca53aa5d1 id512ffa61-f91e-4c9d-97c6-73238f1de038</value><value>ide4163c81-ed58-4144-8889-17705dd691b9 id332166df-e77c-4343-935f-1d22dc2eb259</value><value>id7af6a477-b9db-4eae-9f33-8b85d95db85b id124104ac-c637-4f10-9484-54f89d5b532d</value><value>id1076bdd3-e79d-43c5-bb2f-7d6e9f97bec4 idd50db97f-0e6b-4a98-b4b7-b206ce04c7f9</value><value>ide30a94a3-01dd-429a-8234-378e15853a96 id4aaeb4d7-07fc-43ab-95a0-58a8f7b0a18e</value><value>idcf4e793c-432f-4fa7-9c87-e5aee29eba1d id0887e754-9a3b-4cd4-93fd-d89f6fb71714</value><value>idb62061f1-a231-4140-ac7d-1cf8f11ce738 id4153dd18-4647-47c6-a913-709b75b1ca74</value><value>ide45168b3-22ad-488c-ba33-de9216a5320f iddac90b32-a1a4-469b-a12a-97f45d123ea6</value></correctResponse><mapping defaultValue="0" lowerBound="0.0"><mapEntry mapKey="ide30a94a3-01dd-429a-8234-378e15853a96 id4aaeb4d7-07fc-43ab-95a0-58a8f7b0a18e" mappedValue="1" /><mapEntry mapKey="idb62061f1-a231-4140-ac7d-1cf8f11ce738 id4153dd18-4647-47c6-a913-709b75b1ca74" mappedValue="1" /><mapEntry mapKey="id1b7232f4-3c2c-4975-9989-4bc4dd39ef22 idbf719ae4-9aff-408b-8c7e-28faeb69ce3a" mappedValue="1" /><mapEntry mapKey="id7af6a477-b9db-4eae-9f33-8b85d95db85b id124104ac-c637-4f10-9484-54f89d5b532d" mappedValue="1" /><mapEntry mapKey="ide4163c81-ed58-4144-8889-17705dd691b9 id332166df-e77c-4343-935f-1d22dc2eb259" mappedValue="1" /><mapEntry mapKey="id1076bdd3-e79d-43c5-bb2f-7d6e9f97bec4 idd50db97f-0e6b-4a98-b4b7-b206ce04c7f9" mappedValue="1" /><mapEntry mapKey="ide45168b3-22ad-488c-ba33-de9216a5320f iddac90b32-a1a4-469b-a12a-97f45d123ea6" mappedValue="1" /><mapEntry mapKey="idcf4e793c-432f-4fa7-9c87-e5aee29eba1d id0887e754-9a3b-4cd4-93fd-d89f6fb71714" mappedValue="1" /><mapEntry mapKey="idd0a28e04-af69-4f5a-9641-0f2d492ec63c idfab36844-2ec6-49a9-a10d-c1aaefbbbd09" mappedValue="1" /><mapEntry mapKey="idd1d1a739-bb86-4b21-8b42-9efca53aa5d1 id512ffa61-f91e-4c9d-97c6-73238f1de038" mappedValue="1" /></mapping></responseDeclaration><outcomeDeclaration identifier="SCORE" cardinality="single" baseType="float"><defaultValue><value>0</value></defaultValue></outcomeDeclaration><outcomeDeclaration identifier="MAXSCORE" cardinality="single" baseType="float"><defaultValue><value>10</value></defaultValue></outcomeDeclaration><outcomeDeclaration identifier="FEEDBACKBASIC" cardinality="single" baseType="identifier" view="testConstructor"><defaultValue><value>empty</value></defaultValue></outcomeDeclaration><itemBody ><p>Find where the points in the complex plane are if</p><matchInteraction responseIdentifier="RESPONSE_1" shuffle="true" maxAssociations="0"><simpleMatchSet><simpleAssociableChoice identifier="ide30a94a3-01dd-429a-8234-378e15853a96" fixed="false" matchMax="1"><p>\( |z-1| \le 2  \)</p></simpleAssociableChoice><simpleAssociableChoice identifier="idb62061f1-a231-4140-ac7d-1cf8f11ce738" fixed="false" matchMax="1"><p>\( |z + \mathrm{i}| &gt; 1  \)</p></simpleAssociableChoice><simpleAssociableChoice identifier="id1b7232f4-3c2c-4975-9989-4bc4dd39ef22" fixed="false" matchMax="1"><p>\( |z-z_0| &lt; r \)</p></simpleAssociableChoice><simpleAssociableChoice identifier="id7af6a477-b9db-4eae-9f33-8b85d95db85b" fixed="false" matchMax="1"><p>\(  \arg(z-1) = \frac{\pi}{4} \)</p></simpleAssociableChoice><simpleAssociableChoice identifier="ide4163c81-ed58-4144-8889-17705dd691b9" fixed="false" matchMax="1"><p>\( \frac{\pi}{4} &lt; \arg(z+\mathrm{i}) \le \frac{\pi}{4}  \)</p></simpleAssociableChoice><simpleAssociableChoice identifier="id1076bdd3-e79d-43c5-bb2f-7d6e9f97bec4" fixed="false" matchMax="1"><p>\( |\arg(z-z_0)| &lt; \theta  \)</p></simpleAssociableChoice><simpleAssociableChoice identifier="ide45168b3-22ad-488c-ba33-de9216a5320f" fixed="false" matchMax="1"><p>\( {\rm Re}(z_0 \cdot z) = 0\), for \(z_0 \in {\mathbb R}  \)</p></simpleAssociableChoice><simpleAssociableChoice identifier="idcf4e793c-432f-4fa7-9c87-e5aee29eba1d" fixed="false" matchMax="1"><p>\(  \left|\frac{1}{z}\right| &lt; r \)</p></simpleAssociableChoice><simpleAssociableChoice identifier="idd0a28e04-af69-4f5a-9641-0f2d492ec63c" fixed="false" matchMax="1"><p>\(  {\rm Re}\,(\mathrm{i} z) = \frac{1}{3} \)</p></simpleAssociableChoice><simpleAssociableChoice identifier="idd1d1a739-bb86-4b21-8b42-9efca53aa5d1" fixed="false" matchMax="1"><p>\( \frac{z}{z} = \mathrm{i}  \)</p></simpleAssociableChoice></simpleMatchSet><simpleMatchSet><simpleAssociableChoice identifier="id4aaeb4d7-07fc-43ab-95a0-58a8f7b0a18e" fixed="false" matchMax="1"><p>The closed disc with center at \((1,0)\) and radius \(r = 2\).</p></simpleAssociableChoice><simpleAssociableChoice identifier="id4153dd18-4647-47c6-a913-709b75b1ca74" fixed="false" matchMax="1"><p>Whole complex plane without disc with center \(-\mathrm{i}\) and radius \(r = 1\).</p></simpleAssociableChoice><simpleAssociableChoice identifier="idbf719ae4-9aff-408b-8c7e-28faeb69ce3a" fixed="false" matchMax="1"><p>The disc with center \(z_0\) and radius \(r\) (without the circle \(|z-z_0| = r\) ).</p></simpleAssociableChoice><simpleAssociableChoice identifier="id124104ac-c637-4f10-9484-54f89d5b532d" fixed="false" matchMax="1"><p>The straight half-line \(y = x-1, y \ge 0\).</p></simpleAssociableChoice><simpleAssociableChoice identifier="id332166df-e77c-4343-935f-1d22dc2eb259" fixed="false" matchMax="1"><p>The region between the straight half-lines \(y = x-1, \, y = \sqrt{3x}-1\) and \(y \ge 1\) including the last straight half-line.</p></simpleAssociableChoice><simpleAssociableChoice identifier="idd50db97f-0e6b-4a98-b4b7-b206ce04c7f9" fixed="false" matchMax="1"><p>For \(z_0 = a+\mathrm{i} b\) the points \(z\):\( -\theta &lt; \arg (z-z_0) &lt; 0\) are in the region between straight half-lines \(y-b = (x-a) \tan \theta\) and  \( y-b = (x-a) \tan(-\theta), \, x \ge a\) and \(y \ge b\,  (y \le b\) for the second), \(\theta \in \left[0,\frac{\pi}{2}\right]\), and \(x \ge a\) and \(y \ge b (y \le b \) for the second).</p></simpleAssociableChoice><simpleAssociableChoice identifier="iddac90b32-a1a4-469b-a12a-97f45d123ea6" fixed="false" matchMax="1"><p>The points \(z\) are on the imaginary axis for \(z_0 \not= 0\).  For \(z_0 = 0\) the points \(z\) are arbitrary complex numbers (Examine the case<br />\(z_0 \in {\mathbb C}; \, y = kx, k = \frac{{\rm Re}\,z_0}{\mathrm{i} z_0}\) ).<br /><br /></p></simpleAssociableChoice><simpleAssociableChoice identifier="id0887e754-9a3b-4cd4-93fd-d89f6fb71714" fixed="false" matchMax="1"><p>From \(\left|\frac{1}{z}\right| &lt; r\) we obtain \(|z| &gt; \frac{1}{r}\), the points \(z\) are outside of the circle \(|z| = \frac{1}{r}\).</p></simpleAssociableChoice><simpleAssociableChoice identifier="idfab36844-2ec6-49a9-a10d-c1aaefbbbd09" fixed="false" matchMax="1"><p>The points \(z\) are on the straight line \(y = -\frac{1}{3}\).</p></simpleAssociableChoice><simpleAssociableChoice identifier="id512ffa61-f91e-4c9d-97c6-73238f1de038" fixed="false" matchMax="1"><p>Using the Euler representation \(z = \rho e^{\mathrm{i}\varphi}\) we obtain from \(\frac{z}{z} = \mathrm{i}\) that<br />$$<br />\frac{e^{\mathrm{i}\varphi}}{e^{-\mathrm{i}\varphi}} = \mathrm{i}, \, \mbox{ i.e., }\, e^{2\mathrm{i} \varphi} = 1\,.<br />$$<br />Therefore the points \(z = \rho e^{\mathrm{i} \pi/4}\) satisfy the condition<br />$$<br />\frac{z}{z} = \mathrm{i}\,, \, y = x\,.<br />$$</p></simpleAssociableChoice></simpleMatchSet></matchInteraction></itemBody><responseProcessing><responseCondition><responseIf><not><isNull><variable identifier="RESPONSE_1" /></isNull></not><setOutcomeValue identifier="SCORE"><sum><variable identifier="SCORE" /><mapResponse identifier="RESPONSE_1" /></sum></setOutcomeValue><setOutcomeValue identifier="FEEDBACKBASIC"><baseValue baseType="identifier">incorrect</baseValue></setOutcomeValue></responseIf></responseCondition><responseCondition><responseIf><and><not><match><variable identifier="FEEDBACKBASIC" /><baseValue baseType="identifier">empty</baseValue></match></not><equal toleranceMode="exact"><variable identifier="SCORE" /><variable identifier="MAXSCORE" /></equal></and><setOutcomeValue identifier="FEEDBACKBASIC"><baseValue baseType="identifier">correct</baseValue></setOutcomeValue></responseIf></responseCondition></responseProcessing></assessmentItem>
