<?xml version="1.0" encoding="UTF-8"?>
<assessmentItem xmlns="http://www.imsglobal.org/xsd/imsqti_v2p1" xmlns:xsi="http://www.w3.org/2001/XMLSchema-instance" xsi:schemaLocation="http://www.imsglobal.org/xsd/imsqti_v2p1 http://www.imsglobal.org/xsd/qti/qtiv2p1/imsqti_v2p1p1.xsd http://www.w3.org/1998/Math/MathML http://www.w3.org/Math/XMLSchema/mathml2/mathml2.xsd" identifier="id4491e011-b583-4443-83f1-d185b358c832" title="Ableitung3" adaptive="false" timeDependent="false"><responseDeclaration identifier="RESPONSE_2" cardinality="single" baseType="string" /><outcomeDeclaration identifier="SCORE" cardinality="single" baseType="float"><defaultValue><value>0</value></defaultValue></outcomeDeclaration><outcomeDeclaration identifier="MAXSCORE" cardinality="single" baseType="float"><defaultValue><value>2</value></defaultValue></outcomeDeclaration><outcomeDeclaration identifier="FEEDBACKBASIC" cardinality="single" baseType="identifier" view="testConstructor"><defaultValue><value>empty</value></defaultValue></outcomeDeclaration><templateDeclaration identifier="a" cardinality="single" baseType="integer" /><templateDeclaration identifier="b" cardinality="single" baseType="integer" /><templateDeclaration identifier="solution" cardinality="single" baseType="string" /><templateProcessing><setTemplateValue identifier="a"><randomInteger min="1" max="9" /></setTemplateValue><setTemplateValue identifier="b"><randomInteger min="1" max="9" /></setTemplateValue><setTemplateValue identifier="solution"><customOperator definition="MAXIMA" value="string(diff((x-($(1)))/(x+($(2))),x))"><variable identifier="a" /><variable identifier="b" /></customOperator></setTemplateValue><setCorrectResponse identifier="RESPONSE_2"><customOperator definition="VARIABLESTRING" value="$(1)"><variable identifier="solution" /></customOperator></setCorrectResponse></templateProcessing><itemBody ><p>Bestimmen Sie die Ableitung der Funktion $$f(x)=\frac{x-<printedVariable identifier="a" />}{x+<printedVariable identifier="b" />}$$.</p><p> </p><p>$$f'(x)=$$<textEntryInteraction responseIdentifier="RESPONSE_2" class="maxima-formula show-latex show-syntax-error" /></p><p> </p><p><em>Hinweis: Die korrekte Eingabe für</em> $$\frac{(x+1)^5}{x-2}$$ <em>wäre z.B.</em><strong> ((x+1)^5) / (x-2)</strong>. <em>Achtung: Klammern</em><em> nicht vergessen!</em></p><p><em>Klick auf's ? ermöglicht Syntaxprüfung.</em></p><p> </p></itemBody><responseProcessing><responseCondition><responseIf><customOperator definition="MAXIMA" value="is(equal(ev($(1),noeval),ev($(2))));"><variable identifier="RESPONSE_2" /><correct identifier="RESPONSE_2" /></customOperator><setOutcomeValue identifier="SCORE"><sum><variable identifier="SCORE" /><baseValue baseType="float">2</baseValue></sum></setOutcomeValue></responseIf></responseCondition><responseCondition><responseIf><not><isNull><variable identifier="RESPONSE_2" /></isNull></not><setOutcomeValue identifier="FEEDBACKBASIC"><baseValue baseType="identifier">incorrect</baseValue></setOutcomeValue></responseIf></responseCondition><responseCondition><responseIf><and><not><match><variable identifier="FEEDBACKBASIC" /><baseValue baseType="identifier">empty</baseValue></match></not><equal toleranceMode="exact"><variable identifier="SCORE" /><variable identifier="MAXSCORE" /></equal></and><setOutcomeValue identifier="FEEDBACKBASIC"><baseValue baseType="identifier">correct</baseValue></setOutcomeValue></responseIf></responseCondition></responseProcessing></assessmentItem>
