<?xml version="1.0" encoding="UTF-8"?>
<assessmentItem xmlns="http://www.imsglobal.org/xsd/imsqti_v2p1" xmlns:xsi="http://www.w3.org/2001/XMLSchema-instance" xsi:schemaLocation="http://www.imsglobal.org/xsd/imsqti_v2p1 http://www.imsglobal.org/xsd/qti/qtiv2p1/imsqti_v2p1p1.xsd http://www.w3.org/1998/Math/MathML http://www.w3.org/Math/XMLSchema/mathml2/mathml2.xsd" identifier="ida6fb4727-6c72-4fab-9be2-35930991e55d" title="kraft_feder_02" adaptive="false" timeDependent="false"><responseDeclaration identifier="RESPONSE_1389629031723" cardinality="single" baseType="float"><correctResponse><value>0</value></correctResponse></responseDeclaration><outcomeDeclaration identifier="SCORE" cardinality="single" baseType="float"><defaultValue><value>0</value></defaultValue></outcomeDeclaration><outcomeDeclaration identifier="MAXSCORE" cardinality="single" baseType="float"><defaultValue><value>1</value></defaultValue></outcomeDeclaration><outcomeDeclaration identifier="FEEDBACKBASIC" cardinality="single" baseType="identifier" view="testConstructor"><defaultValue><value>empty</value></defaultValue></outcomeDeclaration><templateDeclaration identifier="Kraft" cardinality="single" baseType="integer" /><templateDeclaration identifier="cm" cardinality="single" baseType="integer" /><templateDeclaration identifier="zaehler" cardinality="single" baseType="integer" /><templateDeclaration identifier="factor" cardinality="single" baseType="float" /><templateDeclaration identifier="cm2" cardinality="single" baseType="float" /><templateDeclaration identifier="Kraft2" cardinality="single" baseType="float" /><templateProcessing><setTemplateValue identifier="Kraft"><randomInteger min="2" max="10" step="2" /></setTemplateValue><setTemplateValue identifier="cm"><randomInteger min="1" max="7" step="2" /></setTemplateValue><setTemplateValue identifier="zaehler"><randomInteger min="3" max="12" /></setTemplateValue><setTemplateValue identifier="factor"><customOperator definition="MAXIMA" value="float($(1)/2);"><variable identifier="zaehler" /></customOperator></setTemplateValue><setTemplateValue identifier="cm2"><customOperator definition="MAXIMA" value="float($(1)*$(2));"><variable identifier="cm" /><variable identifier="factor" /></customOperator></setTemplateValue><setTemplateValue identifier="Kraft2"><customOperator definition="MAXIMA" value="float($(1)*$(2));"><variable identifier="Kraft" /><variable identifier="factor" /></customOperator></setTemplateValue><setCorrectResponse identifier="RESPONSE_1389629031723"><variable identifier="cm2" /></setCorrectResponse></templateProcessing><itemBody ><p>Eine Feder dehnt sich bei einer Kraft von <printedVariable identifier="Kraft" /> N um <printedVariable identifier="cm" /> cm.</p><p>Um wieviele cm dehnt sich die Feder bei einer einwirkenden Kraft von <printedVariable identifier="Kraft2" /> N?</p><p>Antwort: <textEntryInteraction responseIdentifier="RESPONSE_1389629031723" /> cm</p></itemBody><responseProcessing><responseCondition><responseIf><equal toleranceMode="exact"><variable identifier="RESPONSE_1389629031723" /><correct identifier="RESPONSE_1389629031723" /></equal><setOutcomeValue identifier="SCORE"><sum><variable identifier="SCORE" /><baseValue baseType="float">1</baseValue></sum></setOutcomeValue></responseIf></responseCondition><responseCondition><responseIf><not><isNull><variable identifier="RESPONSE_1389629031723" /></isNull></not><setOutcomeValue identifier="FEEDBACKBASIC"><baseValue baseType="identifier">incorrect</baseValue></setOutcomeValue></responseIf></responseCondition><responseCondition><responseIf><and><not><match><variable identifier="FEEDBACKBASIC" /><baseValue baseType="identifier">empty</baseValue></match></not><equal toleranceMode="exact"><variable identifier="SCORE" /><variable identifier="MAXSCORE" /></equal></and><setOutcomeValue identifier="FEEDBACKBASIC"><baseValue baseType="identifier">correct</baseValue></setOutcomeValue></responseIf></responseCondition></responseProcessing></assessmentItem>
