<?xml version="1.0" encoding="UTF-8"?>
<assessmentItem xmlns="http://www.imsglobal.org/xsd/imsqti_v2p1" xmlns:xsi="http://www.w3.org/2001/XMLSchema-instance" xsi:schemaLocation="http://www.imsglobal.org/xsd/imsqti_v2p1 http://www.imsglobal.org/xsd/qti/qtiv2p1/imsqti_v2p1p1.xsd http://www.w3.org/1998/Math/MathML http://www.w3.org/Math/XMLSchema/mathml2/mathml2.xsd" identifier="id1c9db5df-e987-4834-a08f-07294912f5ee" title="partielle ableitung_01" adaptive="false" timeDependent="false"><responseDeclaration identifier="RESPONSE_1408708835839" cardinality="single" baseType="string" /><responseDeclaration identifier="RESPONSE_1408709632891" cardinality="single" baseType="string" /><responseDeclaration identifier="RESPONSE_1408709721022" cardinality="single" baseType="string" /><responseDeclaration identifier="RESPONSE_1408709847632" cardinality="single" baseType="string" /><responseDeclaration identifier="RESPONSE_1408709905452" cardinality="single" baseType="string" /><responseDeclaration identifier="RESPONSE_1408709957272" cardinality="single" baseType="string" /><outcomeDeclaration identifier="SCORE" cardinality="single" baseType="float"><defaultValue><value>0</value></defaultValue></outcomeDeclaration><outcomeDeclaration identifier="MAXSCORE" cardinality="single" baseType="float"><defaultValue><value>3</value></defaultValue></outcomeDeclaration><outcomeDeclaration identifier="FEEDBACKBASIC" cardinality="single" baseType="identifier" view="testConstructor"><defaultValue><value>empty</value></defaultValue></outcomeDeclaration><outcomeDeclaration identifier="FEEDBACKMODAL" cardinality="multiple" baseType="identifier" view="testConstructor" /><templateProcessing><setCorrectResponse identifier="RESPONSE_1408708835839"><customOperator definition="VARIABLESTRING" value="" /></setCorrectResponse><setCorrectResponse identifier="RESPONSE_1408709632891"><customOperator definition="VARIABLESTRING" value="" /></setCorrectResponse><setCorrectResponse identifier="RESPONSE_1408709721022"><customOperator definition="VARIABLESTRING" value="" /></setCorrectResponse><setCorrectResponse identifier="RESPONSE_1408709847632"><customOperator definition="VARIABLESTRING" value="" /></setCorrectResponse><setCorrectResponse identifier="RESPONSE_1408709905452"><customOperator definition="VARIABLESTRING" value="" /></setCorrectResponse><setCorrectResponse identifier="RESPONSE_1408709957272"><customOperator definition="VARIABLESTRING" value="" /></setCorrectResponse></templateProcessing><itemBody ><p>Gegeben sei die Funktion $$f(x) = a^3b^{-5} \cdot \sin (x) \cdot \cosh (c) - a^{-2} b^3\cdot \sinh (x) \cdot \cos (y)$$.</p><p>Leiten Sie die Funktion \(f\) jeweils nach der gefordeten Veränderlichen ab, die restlichen Größen seien konstant.</p><p>(i) $$\quad\;\;\frac{\partial f}{\partial x} = $$<textEntryInteraction responseIdentifier="RESPONSE_1408708835839" expectedLength="55" class="maxima-formula show-latex" /></p><p>(ii) $$\quad\,\frac{\partial f}{\partial a} = $$ <textEntryInteraction responseIdentifier="RESPONSE_1408709632891" expectedLength="55" class="maxima-formula show-latex show-syntax-error" /></p><p>(iii) $$\quad\frac{\partial f}{\partial b} = $$<textEntryInteraction responseIdentifier="RESPONSE_1408709721022" expectedLength="55" class="maxima-formula show-latex" /></p><p>(iv) $$\quad\frac{\partial f}{\partial c} = $$<textEntryInteraction responseIdentifier="RESPONSE_1408709847632" expectedLength="25" class="maxima-formula show-latex" /></p><p>(v) $$\quad\,\frac{\partial f}{\partial y} = $$<textEntryInteraction responseIdentifier="RESPONSE_1408709905452" expectedLength="25" class="maxima-formula show-latex" /></p><p>(vi) $$\quad\frac{\partial f}{\partial z} = $$<textEntryInteraction responseIdentifier="RESPONSE_1408709957272" class="maxima-formula show-latex" /></p><p> </p><p>Hinweise zur Formeleingabe:</p><ul><li>\(\frac{x}{y}\) = x/y, \(x^y\) = x^y, \(\sin x\) = sin(x), \(\cosh x \) = cosh(x)</li><li>\(x\cdot y\) = x*y, z.B. \(3x\) = 3*x  \(\Rightarrow\)  Bitte keine * vergessen!</li><li>Durch Klicken auf die ?-Schaltfläche können Sie Ihre Formel vor Speichern der Antwort zunächst überprüfen.</li></ul></itemBody><responseProcessing><responseCondition><responseIf><customOperator definition="MAXIMA" value="is(equal(ev($(1)),ev( a^3*b^(-5)*cos (x)*cosh (c)-a^(-2)*b^3*cosh(x)*cos(y))));"><variable identifier="RESPONSE_1408708835839" /><correct identifier="RESPONSE_1408708835839" /></customOperator><setOutcomeValue identifier="SCORE"><sum><variable identifier="SCORE" /><baseValue baseType="float">0.5</baseValue></sum></setOutcomeValue></responseIf></responseCondition><responseCondition><responseIf><not><isNull><variable identifier="RESPONSE_1408708835839" /></isNull></not><setOutcomeValue identifier="FEEDBACKBASIC"><baseValue baseType="identifier">incorrect</baseValue></setOutcomeValue></responseIf></responseCondition><responseCondition><responseIf><customOperator definition="MAXIMA" value="is(equal(ev($(1)),ev(3*a^2*b^(-5)*sin (x)*cosh (c)+2*a^(-3)*b^3*sinh(x)*cos(y))));"><variable identifier="RESPONSE_1408709632891" /><correct identifier="RESPONSE_1408709632891" /></customOperator><setOutcomeValue identifier="SCORE"><sum><variable identifier="SCORE" /><baseValue baseType="float">0.5</baseValue></sum></setOutcomeValue></responseIf></responseCondition><responseCondition><responseIf><not><isNull><variable identifier="RESPONSE_1408709632891" /></isNull></not><setOutcomeValue identifier="FEEDBACKBASIC"><baseValue baseType="identifier">incorrect</baseValue></setOutcomeValue></responseIf></responseCondition><responseCondition><responseIf><customOperator definition="MAXIMA" value="is(equal(ev($(1)),ev(-5*a^3*b^(-6)*sin (x)*cosh (c)-3*a^(-2)*b^2*sinh(x)*cos(y))));"><variable identifier="RESPONSE_1408709721022" /><correct identifier="RESPONSE_1408709721022" /></customOperator><setOutcomeValue identifier="SCORE"><sum><variable identifier="SCORE" /><baseValue baseType="float">0.5</baseValue></sum></setOutcomeValue></responseIf></responseCondition><responseCondition><responseIf><not><isNull><variable identifier="RESPONSE_1408709721022" /></isNull></not><setOutcomeValue identifier="FEEDBACKBASIC"><baseValue baseType="identifier">incorrect</baseValue></setOutcomeValue></responseIf></responseCondition><responseCondition><responseIf><customOperator definition="MAXIMA" value="is(equal(ev($(1)),ev(a^3*b^(-5)*sin (x)*sinh (c))));"><variable identifier="RESPONSE_1408709847632" /><correct identifier="RESPONSE_1408709847632" /></customOperator><setOutcomeValue identifier="SCORE"><sum><variable identifier="SCORE" /><baseValue baseType="float">0.5</baseValue></sum></setOutcomeValue></responseIf></responseCondition><responseCondition><responseIf><not><isNull><variable identifier="RESPONSE_1408709847632" /></isNull></not><setOutcomeValue identifier="FEEDBACKBASIC"><baseValue baseType="identifier">incorrect</baseValue></setOutcomeValue></responseIf></responseCondition><responseCondition><responseIf><customOperator definition="MAXIMA" value="is(equal(ev($(1)),ev(a^(-2)*b^3*sinh(x)*sin(y))));"><variable identifier="RESPONSE_1408709905452" /><correct identifier="RESPONSE_1408709905452" /></customOperator><setOutcomeValue identifier="SCORE"><sum><variable identifier="SCORE" /><baseValue baseType="float">0.5</baseValue></sum></setOutcomeValue></responseIf></responseCondition><responseCondition><responseIf><not><isNull><variable identifier="RESPONSE_1408709905452" /></isNull></not><setOutcomeValue identifier="FEEDBACKBASIC"><baseValue baseType="identifier">incorrect</baseValue></setOutcomeValue></responseIf></responseCondition><responseCondition><responseIf><customOperator definition="MAXIMA" value="is(equal(ev($(1)),ev(0)));"><variable identifier="RESPONSE_1408709957272" /><correct identifier="RESPONSE_1408709957272" /></customOperator><setOutcomeValue identifier="SCORE"><sum><variable identifier="SCORE" /><baseValue baseType="float">0.5</baseValue></sum></setOutcomeValue></responseIf></responseCondition><responseCondition><responseIf><not><isNull><variable identifier="RESPONSE_1408709957272" /></isNull></not><setOutcomeValue identifier="FEEDBACKBASIC"><baseValue baseType="identifier">incorrect</baseValue></setOutcomeValue></responseIf></responseCondition><responseCondition><responseIf><and><not><match><variable identifier="FEEDBACKBASIC" /><baseValue baseType="identifier">empty</baseValue></match></not><equal toleranceMode="exact"><variable identifier="SCORE" /><variable identifier="MAXSCORE" /></equal></and><setOutcomeValue identifier="FEEDBACKBASIC"><baseValue baseType="identifier">correct</baseValue></setOutcomeValue></responseIf></responseCondition><responseCondition><responseIf><and><match><baseValue baseType="identifier">correct</baseValue><variable identifier="FEEDBACKBASIC" /></match></and><setOutcomeValue identifier="FEEDBACKMODAL"><multiple><variable identifier="FEEDBACKMODAL" /><baseValue baseType="identifier">Feedback578409577</baseValue></multiple></setOutcomeValue></responseIf></responseCondition><responseCondition><responseIf><and><match><baseValue baseType="identifier">incorrect</baseValue><variable identifier="FEEDBACKBASIC" /></match></and><setOutcomeValue identifier="FEEDBACKMODAL"><multiple><variable identifier="FEEDBACKMODAL" /><baseValue baseType="identifier">Feedback739367714</baseValue></multiple></setOutcomeValue></responseIf></responseCondition></responseProcessing><modalFeedback  identifier="Feedback578409577" outcomeIdentifier="FEEDBACKMODAL" showHide="show" title="Richtig!" /><modalFeedback  identifier="Feedback739367714" outcomeIdentifier="FEEDBACKMODAL" showHide="show" title="Lösung:"><p>(i)$$\quad\;\;\frac{\partial f}{\partial x} = a^3b^{-5} \cdot \cos (x)\cdot\cosh (c)-a^{-2}b^3 \cdot \cosh(x) \cdot \cos(y)$$</p><p>(ii)$$\quad\,\frac{\partial f}{\partial a} = 3a^2b^{-5} \cdot \sin (x) \cdot \cosh (c)+2a^{-3}b^3 \cdot \sinh(x) \cdot \cos(y)$$</p><p>(iii)$$\quad\frac{\partial f}{\partial b} = -5a^3b^{-6} \cdot \sin (x) \cdot \cosh (c)-3a^{-2}b^2 \cdot \sinh(x) \cdot \cos(y)$$</p><p>(iv)$$\quad\frac{\partial f}{\partial c} = a^3b^{-5} \cdot \sin (x) \cdot \sinh (c)$$</p><p>(v)$$\quad\,\frac{\partial f}{\partial y} = a^{-2}b^3 \cdot \sinh(x) \cdot \sin(y)$$</p><p>(vi)$$\quad\frac{\partial f}{\partial z} = 0$$</p></modalFeedback></assessmentItem>
