<?xml version="1.0" encoding="UTF-8" standalone="no"?>
<autotoolnode>
<tasktype type_name="Boolean2-Direct" type_scoring="i"/>
<taskconfiguration is_altered="true">
<auth_comment/>
<conf_text>BI  { formula = (r == !(x==y)) &amp;&amp; (c == (x &amp;&amp; y))&#13;
    , constraints = [ Operators&#13;
                          [ ! , || , &amp;&amp; ]&#13;
                     , Normalform Konjunktiv&#13;
                    ]&#13;
    }</conf_text>
<doc_text>&lt;?xml version='1.0' ?&gt; &lt;Link href="http://autotool.imn.htwk-leipzig.de/docs/autotool-collection/Boolean2-Instance.html#t:BI"&gt;BI&lt;/Link&gt;</doc_text>
<signature>80f65d537ecafe0a5e4bc379b269a122cdc7f0c0</signature>
<description/>
</taskconfiguration>
<configuration>
<scorepoints/>
</configuration>
<server_conn name="Autotool Server HTWK Leipzig - Nightly (Nur zum Testen!)" version="0.0.0"/>
</autotoolnode>
