<?xml version="1.0" encoding="UTF-8" standalone="no"?>
<autotoolnode>
<tasktype type_name="Machine.Numerical.Goto" type_scoring="i"/>
<taskconfiguration is_altered="true">
<auth_comment/>
<conf_text>Config&#13;
    { name = "Goto"&#13;
    , conditions = [ ]&#13;
    , arity = 2&#13;
    , op =  0 `max` (x1 - x2)&#13;
    , num_args = 10&#13;
    , max_arg = 20&#13;
    , cut = 1000&#13;
    , checks = [ Builtins    [ ] ]&#13;
    , start = [ GotoZ    1 4&#13;
              , Inc    0 , Dec    1&#13;
              , Goto    0 , Stop ] &#13;
    }</conf_text>
<doc_text>&lt;?xml version='1.0' ?&gt; &lt;Beside &gt;&lt;Link href="http://autotool.imn.htwk-leipzig.de/docs/autotool-collection/Machine-Numerical-Config.html#t:Config" &gt;Config&lt;/Link &gt;&lt;Text &gt;(&lt;/Text &gt;&lt;Link href="http://autotool.imn.htwk-leipzig.de/docs/autotool-collection/Goto-Property.html#t:Property" &gt;Property&lt;/Link &gt;&lt;Text &gt;)&lt;/Text &gt;&lt;Text &gt;(&lt;/Text &gt;&lt;Text &gt;[&lt;/Text &gt;&lt;Link href="http://autotool.imn.htwk-leipzig.de/docs/autotool-collection/Goto-Type.html#t:Statement" &gt;Statement&lt;/Link &gt;&lt;Text &gt;]&lt;/Text &gt;&lt;Text &gt;)&lt;/Text&gt;&lt;/Beside&gt;</doc_text>
<signature>18ac47ab1a0735fe574d55d8c924625f6b24b88d</signature>
<description>Berechnen Sie max(0, x1-x2)</description>
</taskconfiguration>
<configuration>
<scorepoints/>
</configuration>
<server_conn name="Autotool Server HTWK Leipzig - Nightly (Nur zum Testen!)" version="0.0.0"/>
</autotoolnode>
