<?xml version="1.0" encoding="UTF-8" standalone="no"?>
<autotoolnode>
<tasktype type_name="CNF_Optimize-Direct" type_scoring="i"/>
<taskconfiguration is_altered="true">
<auth_comment/>
<conf_text>(x1 + x2 + x3 + x4 + x5) * (x1 + x2 + x3 + -x4 + -x5) *&#13;
(x1 + x2 + -x3 + x4 + -x5) * (x1 + x2 + -x3 + -x4 + x5) *&#13;
(x1 + -x2 + x3 + x4 + -x5) * (x1 + -x2 + x3 + -x4 + x5) *&#13;
(x1 + -x2 + -x3 + x4 + x5) * (x1 + -x2 + -x3 + -x4 + -x5) *&#13;
(-x1 + x2 + x3 + x4 + -x5) * (-x1 + x2 + x3 + -x4 + x5) *&#13;
(-x1 + x2 + -x3 + x4 + x5) * (-x1 + x2 + -x3 + -x4 + -x5) *&#13;
(-x1 + -x2 + x3 + x4 + x5) * (-x1 + -x2 + x3 + -x4 + -x5) *&#13;
(-x1 + -x2 + -x3 + x4 + -x5) * (-x1 + -x2 + -x3 + -x4 + x5)</conf_text>
<doc_text>&lt;?xml version='1.0' ?&gt; &lt;Beside &gt;&lt;Text &gt;(&lt;/Text &gt;&lt;Link href="http://autotool.imn.htwk-leipzig.de/docs/autolib-rewriting/Autolib-TES-Raw.html#t:Term" &gt;Term&lt;/Link &gt;&lt;Text &gt;(&lt;/Text &gt;&lt;Link href="http://autotool.imn.htwk-leipzig.de/docs/autolib-rewriting/Autolib-TES-Identifier.html#t:Identifier" &gt;Identifier&lt;/Link &gt;&lt;Text &gt;)&lt;/Text &gt;&lt;Text &gt;(&lt;/Text &gt;&lt;Link href="http://autotool.imn.htwk-leipzig.de/docs/autotool-collection/Expression-Op.html#t:Op" &gt;Op&lt;/Link &gt;&lt;Text &gt;(&lt;/Text &gt;&lt;Link href="http://hackage.haskell.org/package/obdd/docs/OBDD-Data.html#t:OBDD" &gt;OBDD&lt;/Link &gt;&lt;Text &gt;(&lt;/Text &gt;&lt;Link href="http://autotool.imn.htwk-leipzig.de/docs/autolib-rewriting/Autolib-TES-Identifier.html#t:Identifier" &gt;Identifier&lt;/Link &gt;&lt;Text &gt;)&lt;/Text &gt;&lt;Text &gt;)&lt;/Text &gt;&lt;Text &gt;)&lt;/Text &gt;&lt;Text &gt;, &lt;/Text &gt;&lt;Link href="http://hackage.haskell.org/package/ghc-prim/docs/GHC-Types.html#t:Int" &gt;Int&lt;/Link &gt;&lt;Text &gt;)&lt;/Text&gt;&lt;/Beside&gt;</doc_text>
<signature>b7c3cbbbdc2225e535e80a4479ff9ace52cd8cdd</signature>
<description/>
</taskconfiguration>
<configuration>
<scorepoints/>
</configuration>
<server_conn name="Autotool Server HTWK Leipzig" version="0.9.1"/>
</autotoolnode>
