<?xml version="1.0" encoding="UTF-8" standalone="no"?>
<autotoolnode>
<tasktype type_name="Machine.Numerical.Markov" type_scoring="i"/>
<taskconfiguration is_altered="true">
<auth_comment/>
<conf_text>Config&#13;
    { name = "Markov"&#13;
    , conditions = [ ]&#13;
    , arity = 2&#13;
    , op = x1 + x2&#13;
    , num_args = 10&#13;
    , max_arg = 50&#13;
    , cut = 20000&#13;
    , checks = [ ( ) ]&#13;
    , start = Program&#13;
          [ ( "01" , "10" )&#13;
          , ( "#" , "" ) ] &#13;
    }</conf_text>
<doc_text>&lt;?xml version='1.0' ?&gt; &lt;Beside &gt;&lt;Link href="http://autotool.imn.htwk-leipzig.de/docs/autotool-collection/Machine-Numerical-Config.html#t:Config" &gt;Config&lt;/Link &gt;&lt;Text &gt;(&lt;/Text &gt;&lt;Link href="http://hackage.haskell.org/package/ghc-prim/docs/GHC-Tuple.html#t:()" &gt;()&lt;/Link &gt;&lt;Text &gt;)&lt;/Text &gt;&lt;Text &gt;(&lt;/Text &gt;&lt;Link href="http://autotool.imn.htwk-leipzig.de/docs/autotool-collection/Markov-Type.html#t:Program" &gt;Program&lt;/Link &gt;&lt;Text &gt;)&lt;/Text&gt;&lt;/Beside&gt;</doc_text>
<signature>fc8f7a56b1f3220c3ce8a386279ecae1b701e084</signature>
<description/>
</taskconfiguration>
<configuration>
<scorepoints/>
</configuration>
<server_conn name="Autotool Server HTWK Leipzig - Nightly (Nur zum Testen!)" version="0.0.0"/>
</autotoolnode>
