<?xml version="1.0" encoding="UTF-8" standalone="no"?>
<autotoolnode>
<tasktype type_name="CNF_SAT-Quiz" type_scoring="n"/>
<taskconfiguration is_altered="false">
<auth_comment/>
<conf_text>Param
    { vars = mkSet
          [ t , p , q , r , s ]
    , clauses = 18 
    }</conf_text>
<doc_text>&lt;?xml version='1.0' ?&gt; &lt;Link href="http://autotool.imn.htwk-leipzig.de/docs/autotool-collection/SAT-Param.html#t:Param"&gt;Param&lt;/Link&gt;</doc_text>
<signature>a205dc691b6a7a13f26ec27cc52ff684cb658f2b</signature>
<description/>
</taskconfiguration>
<configuration>
<scorepoints/>
</configuration>
<server_conn name="Autotool Server HTWK Leipzig - Nightly (Nur zum Testen!)" version="0.0.0"/>
</autotoolnode>
