<?xml version="1.0" encoding="UTF-8" standalone="no"?>
<autotoolnode>
<tasktype type_name="PCProblem-Direct" type_scoring="i"/>
<taskconfiguration is_altered="true">
<auth_comment/>
<conf_text>PCP [ ( "aab" , "a" ) , ( "a" , "b" ) , ( "b" , "aab" ) ]</conf_text>
<doc_text>&lt;?xml version='1.0' ?&gt; &lt;Link href="http://autotool.imn.htwk-leipzig.de/docs/autotool-collection/PCProblem-Data.html#t:PCP"&gt;PCP&lt;/Link&gt;</doc_text>
<signature>0cb3db570a9cc972457ad0f4b42f2313f4470c20</signature>
<description/>
</taskconfiguration>
<configuration>
<scorepoints/>
</configuration>
<server_conn name="Autotool Server HTWK Leipzig - Nightly (Nur zum Testen!)" version="0.0.0"/>
</autotoolnode>
