<?xml version="1.0" encoding="UTF-8" standalone="no"?>
<autotoolnode>
<tasktype type_name="PCProblem-Quiz" type_scoring="i"/>
<taskconfiguration is_altered="false">
<auth_comment/>
<conf_text>Param
    { alpha = "abc"
    , paare = 4
    , breite = 3
    , nah = 7
    , fern = 20
    , viel = 1000 
    }</conf_text>
<doc_text>&lt;?xml version='1.0' ?&gt; &lt;Link href="http://autotool.imn.htwk-leipzig.de/docs/autotool-collection/PCProblem-Param.html#t:Param"&gt;Param&lt;/Link&gt;</doc_text>
<signature>c882f8f9b2eedab649d3a0ffa1697857ef878b1a</signature>
<description/>
</taskconfiguration>
<configuration>
<scorepoints/>
</configuration>
<server_conn name="Autotool Server HTWK Leipzig - Nightly (Nur zum Testen!)" version="0.0.0"/>
</autotoolnode>
