<?xml version="1.0" encoding="UTF-8" standalone="no"?>
<autotoolnode>
<tasktype type_name="Col-Quiz" type_scoring="i"/>
<taskconfiguration is_altered="true">
<auth_comment/>
<conf_text>Config&#13;
    { nodes = 10&#13;
    , edges = 20&#13;
    , chi = 3 &#13;
    }</conf_text>
<doc_text>&lt;?xml version='1.0' ?&gt; &lt;Link href="http://autotool.imn.htwk-leipzig.de/docs/autotool-collection/Graph-Col-Config.html#t:Config"&gt;Config&lt;/Link&gt;</doc_text>
<signature>e256e22ace1c01f8be4c364b3c818b40b02188cd</signature>
<description/>
</taskconfiguration>
<configuration>
<scorepoints/>
</configuration>
<server_conn name="Autotool Server HTWK Leipzig - Nightly (Nur zum Testen!)" version="0.0.0"/>
</autotoolnode>
