<?xml version="1.0" encoding="UTF-8" standalone="no"?>
<autotoolnode>
<tasktype type_name="Machine.Numerical.Goto" type_scoring="i"/>
<taskconfiguration is_altered="false">
<auth_comment/>
<conf_text>Config
    { name = "Goto"
    , conditions = [ ]
    , arity = 2
    , op = x1 + x2
    , num_args = 10
    , max_arg = 20
    , cut = 1000
    , checks = [ Builtins    [ ] ]
    , start = [ GotoZ    1 4
              , Inc    0 , Dec    1
              , Goto    0 , Stop ] 
    }</conf_text>
<doc_text>&lt;?xml version='1.0' ?&gt; &lt;Beside &gt;&lt;Link href="http://autotool.imn.htwk-leipzig.de/docs/autotool-collection/Machine-Numerical-Config.html#t:Config" &gt;Config&lt;/Link &gt;&lt;Text &gt;(&lt;/Text &gt;&lt;Link href="http://autotool.imn.htwk-leipzig.de/docs/autotool-collection/Goto-Property.html#t:Property" &gt;Property&lt;/Link &gt;&lt;Text &gt;)&lt;/Text &gt;&lt;Text &gt;(&lt;/Text &gt;&lt;Text &gt;[&lt;/Text &gt;&lt;Link href="http://autotool.imn.htwk-leipzig.de/docs/autotool-collection/Goto-Type.html#t:Statement" &gt;Statement&lt;/Link &gt;&lt;Text &gt;]&lt;/Text &gt;&lt;Text &gt;)&lt;/Text&gt;&lt;/Beside&gt;</doc_text>
<signature>afd018b6e0529c5f403b5fdeb8dd5ce9d8aae7ea</signature>
<description/>
</taskconfiguration>
<configuration>
<scorepoints/>
</configuration>
<server_conn name="Autotool Server HTWK Leipzig - Nightly (Nur zum Testen!)" version="0.0.0"/>
</autotoolnode>
