<?xml version="1.0" encoding="UTF-8" standalone="no"?>
<autotoolnode>
<tasktype type_name="Machine.Numerical.While" type_scoring="i"/>
<taskconfiguration is_altered="true">
<auth_comment/>
<conf_text>Config&#13;
    { name = "While"&#13;
    , conditions = [ ]&#13;
    , arity = 2&#13;
    , op = x1 * x2&#13;
    , num_args = 10&#13;
    , max_arg = 20&#13;
    , cut = 1000&#13;
    , checks = [ Builtins    [ ]&#13;
               , Max_Register 2 ]&#13;
    , start = While&#13;
          1&#13;
          (Seq    (Dec    1) (Inc    0)) &#13;
    }</conf_text>
<doc_text>&lt;?xml version='1.0' ?&gt; &lt;Beside &gt;&lt;Link href="http://autotool.imn.htwk-leipzig.de/docs/autotool-collection/Machine-Numerical-Config.html#t:Config" &gt;Config&lt;/Link &gt;&lt;Text &gt;(&lt;/Text &gt;&lt;Link href="http://autotool.imn.htwk-leipzig.de/docs/autotool-collection/While-Property.html#t:Property" &gt;Property&lt;/Link &gt;&lt;Text &gt;)&lt;/Text &gt;&lt;Text &gt;(&lt;/Text &gt;&lt;Link href="http://autotool.imn.htwk-leipzig.de/docs/autotool-collection/While-Type.html#t:Program" &gt;Program&lt;/Link &gt;&lt;Text &gt;)&lt;/Text&gt;&lt;/Beside&gt;</doc_text>
<signature>ba8edb82166a0ee8d1caec88558b75280ab74b5d</signature>
<description>Sie dürfen nur die Register 0, 1, 2 verwenden!</description>
</taskconfiguration>
<configuration>
<scorepoints/>
</configuration>
<server_conn name="Autotool Server HTWK Leipzig - Nightly (Nur zum Testen!)" version="0.0.0"/>
</autotoolnode>
