<?xml version="1.0" encoding="UTF-8" standalone="no"?>
<autotoolnode>
<tasktype type_name="Machine.Numerical.Goto" type_scoring="i"/>
<taskconfiguration is_altered="true">
<auth_comment/>
<conf_text>Config&#13;
    { name = "Goto"&#13;
    , conditions = [ ]&#13;
    , arity = 1&#13;
    , op = sqrt x1&#13;
    , num_args = 10&#13;
    , max_arg = 20&#13;
    , cut = 1000&#13;
    , checks = [ Builtins    [ Copy,Plus,Minus ] ]&#13;
    , start = [ Assign 0 Copy [1]&#13;
               , Assign 2 Plus [0,1]&#13;
              , Stop ] &#13;
    }</conf_text>
<doc_text>&lt;?xml version='1.0' ?&gt; &lt;Beside &gt;&lt;Link href="http://autotool.imn.htwk-leipzig.de/docs/autotool-collection/Machine-Numerical-Config.html#t:Config" &gt;Config&lt;/Link &gt;&lt;Text &gt;(&lt;/Text &gt;&lt;Link href="http://autotool.imn.htwk-leipzig.de/docs/autotool-collection/Goto-Property.html#t:Property" &gt;Property&lt;/Link &gt;&lt;Text &gt;)&lt;/Text &gt;&lt;Text &gt;(&lt;/Text &gt;&lt;Text &gt;[&lt;/Text &gt;&lt;Link href="http://autotool.imn.htwk-leipzig.de/docs/autotool-collection/Goto-Type.html#t:Statement" &gt;Statement&lt;/Link &gt;&lt;Text &gt;]&lt;/Text &gt;&lt;Text &gt;)&lt;/Text&gt;&lt;/Beside&gt;</doc_text>
<signature>d6ac9749745e4e9ab2140aab2a27522fd7ec43ab</signature>
<description>Beachten Sie, dass Sie Copy, Plus, Minus hier verwenden dürfen!</description>
</taskconfiguration>
<configuration>
<scorepoints/>
</configuration>
<server_conn name="Autotool Server HTWK Leipzig - Nightly (Nur zum Testen!)" version="0.0.0"/>
</autotoolnode>
