<RepositoryEntryProperties>
  <key>66781184</key>
  <Softkey>bisolat_1_91381614849995</Softkey>
  <ResourceName>-</ResourceName>
  <DisplayName>S15.Inf.Berechenbarkeit</DisplayName>
  <Description></Description>
  <InitialAuthor>weidner</InitialAuthor>
  <authors></authors>
  <objectives></objectives>
  <requirements></requirements>
  <credits></credits>
  <expenditureOfWork></expenditureOfWork>
  <outer-class>
    <propertiesLoaded>false</propertiesLoaded>
    <re>
      <key>66781184</key>
      <version>3</version>
      <creationDate class="sql-timestamp">2015-04-10 10:20:14.0</creationDate>
      <lastModified class="sql-timestamp">2015-04-10 10:23:15.0</lastModified>
      <softkey>bisolat_1_91381614849995</softkey>
      <olatResource class="org.olat.resource.OLATResourceImpl">
        <key>66486274</key>
        <version>0</version>
        <creationDate class="sql-timestamp">2015-04-10 10:20:14.0</creationDate>
        <resName>CourseModule</resName>
        <resId>91381614849994</resId>
      </olatResource>
      <groups class="org.hibernate.collection.internal.PersistentSet">
        <initialized>false</initialized>
        <owner class="org.olat.repository.RepositoryEntry" reference="../.."/>
        <cachedSize>-1</cachedSize>
        <role>org.olat.repository.RepositoryEntry.groups</role>
        <key class="long">66781184</key>
        <dirty>false</dirty>
        <allowLoadOutsideTransaction>false</allowLoadOutsideTransaction>
      </groups>
      <resourcename>-</resourcename>
      <displayname>S15.Inf.Berechenbarkeit</displayname>
      <description></description>
      <initialAuthor>weidner</initialAuthor>
      <authors></authors>
      <objectives></objectives>
      <requirements></requirements>
      <credits></credits>
      <expenditureOfWork></expenditureOfWork>
      <externalRef></externalRef>
      <lifecycle>
        <key>63471616</key>
        <creationDate class="sql-timestamp">2015-03-10 00:35:15.0</creationDate>
        <lastModified class="sql-timestamp">2015-03-10 00:35:15.0</lastModified>
        <softKey>SS15</softKey>
        <label>Sommersemester 2015</label>
        <privateCycle>false</privateCycle>
        <validFrom class="sql-timestamp">2015-03-31 22:00:00.0</validFrom>
        <validTo class="sql-timestamp">2015-09-29 22:00:00.0</validTo>
      </lifecycle>
      <statistics>
        <key>66748416</key>
        <creationDate class="sql-timestamp">2015-04-10 10:20:14.0</creationDate>
        <lastModified class="sql-timestamp">2015-04-10 10:20:14.0</lastModified>
        <numOfRatings>0</numOfRatings>
        <numOfComments>0</numOfComments>
        <launchCounter>3417</launchCounter>
        <downloadCounter>0</downloadCounter>
        <lastUsage class="sql-timestamp">2015-09-23 09:33:43.0</lastUsage>
      </statistics>
      <access>3</access>
      <canCopy>false</canCopy>
      <canReference>false</canReference>
      <canLaunch>true</canLaunch>
      <canDownload>false</canDownload>
      <membersOnly>false</membersOnly>
      <statusCode>0</statusCode>
      <allowToLeave>atAnyTime</allowToLeave>
    </re>
    <baseDirectory>/home/graebe/olat.informatik.uni-leipzig.de/base/temp/59a94469-605f-4ee3-bc30-74a8a7c67167/export</baseDirectory>
  </outer-class>
</RepositoryEntryProperties>