<?xml version="1.0" encoding="UTF-8"?>
<assessmentItem xmlns="http://www.imsglobal.org/xsd/imsqti_v2p1" xmlns:xsi="http://www.w3.org/2001/XMLSchema-instance" xsi:schemaLocation="http://www.imsglobal.org/xsd/imsqti_v2p1 http://www.imsglobal.org/xsd/qti/qtiv2p1/imsqti_v2p1p1.xsd http://www.w3.org/1998/Math/MathML http://www.w3.org/Math/XMLSchema/mathml2/mathml2.xsd" identifier="idcd4f52fd-4b1a-442f-a0cc-a1dedef5be0c" title="IntRechnungTextaufgabeBestimmtesIntegral" adaptive="false" timeDependent="false"><responseDeclaration identifier="RESPONSE_1405417051746" cardinality="single" baseType="float"><correctResponse><value>0</value></correctResponse></responseDeclaration><responseDeclaration identifier="RESPONSE_1405417101419" cardinality="single" baseType="float"><correctResponse><value>0</value></correctResponse></responseDeclaration><responseDeclaration identifier="RESPONSE_1405419195067" cardinality="single" baseType="float"><correctResponse><value>0</value></correctResponse></responseDeclaration><outcomeDeclaration identifier="SCORE" cardinality="single" baseType="float"><defaultValue><value>0</value></defaultValue></outcomeDeclaration><outcomeDeclaration identifier="MAXSCORE" cardinality="single" baseType="float"><defaultValue><value>4</value></defaultValue></outcomeDeclaration><outcomeDeclaration identifier="FEEDBACKBASIC" cardinality="single" baseType="identifier" view="testConstructor"><defaultValue><value>empty</value></defaultValue></outcomeDeclaration><templateDeclaration identifier="a" cardinality="single" baseType="integer" /><templateDeclaration identifier="b" cardinality="single" baseType="float" /><templateDeclaration identifier="c" cardinality="single" baseType="integer" /><templateDeclaration identifier="d" cardinality="single" baseType="float" /><templateDeclaration identifier="tg" cardinality="single" baseType="float" /><templateDeclaration identifier="ri" cardinality="single" baseType="float" /><templateDeclaration identifier="diff" cardinality="single" baseType="float" /><templateDeclaration identifier="H" cardinality="single" baseType="integer" /><templateProcessing><setTemplateValue identifier="a"><random><multiple><baseValue baseType="integer">11</baseValue><baseValue baseType="integer">10</baseValue><baseValue baseType="integer">9</baseValue><baseValue baseType="integer">8</baseValue><baseValue baseType="integer">7</baseValue><baseValue baseType="integer">6</baseValue><baseValue baseType="integer">5</baseValue><baseValue baseType="integer">4</baseValue><baseValue baseType="integer">3</baseValue></multiple></random></setTemplateValue><setTemplateValue identifier="b"><customOperator definition="MAXIMA" value="float($(1)-0.001*$(2));"><variable identifier="a" /><variable identifier="a" /></customOperator></setTemplateValue><setTemplateValue identifier="c"><random><multiple><baseValue baseType="integer">1</baseValue><baseValue baseType="integer">2</baseValue><baseValue baseType="integer">3</baseValue><baseValue baseType="integer">4</baseValue><baseValue baseType="integer">5</baseValue><baseValue baseType="integer">6</baseValue><baseValue baseType="integer">7</baseValue></multiple></random></setTemplateValue><setTemplateValue identifier="d"><random><multiple><baseValue baseType="float">0.5</baseValue><baseValue baseType="float">1</baseValue><baseValue baseType="float">2</baseValue><baseValue baseType="float">3</baseValue><baseValue baseType="float">4</baseValue><baseValue baseType="float">5</baseValue><baseValue baseType="float">6</baseValue><baseValue baseType="float">7</baseValue><baseValue baseType="float">8</baseValue></multiple></random></setTemplateValue><setTemplateValue identifier="tg"><customOperator definition="MAXIMA" value="float($(1)*1000/$(2));"><variable identifier="b" /><variable identifier="c" /></customOperator></setTemplateValue><setTemplateValue identifier="ri"><customOperator definition="MAXIMA" value="float(integrate(1/(t+$(1)),t,0,$(2)));"><variable identifier="d" /><variable identifier="tg" /></customOperator></setTemplateValue><setTemplateValue identifier="diff"><customOperator definition="MAXIMA" value="float($(1)-($(2)+0.001*$(3)));"><variable identifier="a" /><variable identifier="b" /><variable identifier="ri" /></customOperator></setTemplateValue><setTemplateValue identifier="H"><customOperator definition="MAXIMA" value="float(0);" /></setTemplateValue><templateCondition><templateIf><gte><variable identifier="diff" /><baseValue baseType="integer">0</baseValue></gte><setTemplateValue identifier="H"><customOperator definition="MAXIMA" value="float(1);" /></setTemplateValue></templateIf></templateCondition><setCorrectResponse identifier="RESPONSE_1405417051746"><variable identifier="tg" /></setCorrectResponse><setCorrectResponse identifier="RESPONSE_1405417101419"><variable identifier="ri" /></setCorrectResponse><setCorrectResponse identifier="RESPONSE_1405419195067"><variable identifier="H" /></setCorrectResponse></templateProcessing><itemBody ><p><p>Ein Farbenvorratsbehälter einer Druckmaschine enthält <printedVariable identifier="a" /> Liter einer Farbe. Für einen Kundenauftrag werden genau <printedVariable identifier="b" /> Liter benötigt. Der Betreiber startet die Druckmaschine welche ab dem Zeitpunkt \(t_0= 0\) für diese Kundenauftrag <printedVariable identifier="c" /> ml Farbe pro Sekunde verbraucht. Durch einen kleinen Riss im Behälter geht aber ab dem Zeitpunkt \(t_0\) etwas Farbe ungenutzt verloren und zwar \(\frac{1}{<printedVariable identifier="d" />+t}\) Milliliter pro Sekunde zum Zeitpunkt t (t in Sekunden). Wird der Betreiber seinen Auftrag ohne Reparatur und ohne Nachfüllen des Vorratsbehälters der Maschine abschliessen können ?</p><p>Berechnen Sie:</p><p>a.) Benötigte Zeit (in s) für den Auftrag ohne Berücksichtigung des Risses: <textEntryInteraction responseIdentifier="RESPONSE_1405417051746" /> s</p><p>b.) Während der nach a.) berechneten Zeit würde aus dem Riss auslaufen: <textEntryInteraction responseIdentifier="RESPONSE_1405417101419" /> ml</p><p>c.) Tragen Sie in diese Lücke <textEntryInteraction responseIdentifier="RESPONSE_1405419195067" /> eine Eins ein, wenn der Auftrag abgeschlossen werden kann, andernfalls tragen Sie eine Null ein:</p><p> </p><p> </p></p></itemBody><responseProcessing><responseCondition><responseIf><equal toleranceMode="absolute" tolerance="0.1 0.1" includeLowerBound="true" includeUpperBound="true"><variable identifier="RESPONSE_1405417051746" /><correct identifier="RESPONSE_1405417051746" /></equal><setOutcomeValue identifier="SCORE"><sum><variable identifier="SCORE" /><baseValue baseType="float">1</baseValue></sum></setOutcomeValue></responseIf></responseCondition><responseCondition><responseIf><not><isNull><variable identifier="RESPONSE_1405417051746" /></isNull></not><setOutcomeValue identifier="FEEDBACKBASIC"><baseValue baseType="identifier">incorrect</baseValue></setOutcomeValue></responseIf></responseCondition><responseCondition><responseIf><equal toleranceMode="absolute" tolerance="0.1 0.1" includeLowerBound="true" includeUpperBound="true"><variable identifier="RESPONSE_1405417101419" /><correct identifier="RESPONSE_1405417101419" /></equal><setOutcomeValue identifier="SCORE"><sum><variable identifier="SCORE" /><baseValue baseType="float">2</baseValue></sum></setOutcomeValue></responseIf></responseCondition><responseCondition><responseIf><not><isNull><variable identifier="RESPONSE_1405417101419" /></isNull></not><setOutcomeValue identifier="FEEDBACKBASIC"><baseValue baseType="identifier">incorrect</baseValue></setOutcomeValue></responseIf></responseCondition><responseCondition><responseIf><equal toleranceMode="exact"><variable identifier="RESPONSE_1405419195067" /><correct identifier="RESPONSE_1405419195067" /></equal><setOutcomeValue identifier="SCORE"><sum><variable identifier="SCORE" /><baseValue baseType="float">1</baseValue></sum></setOutcomeValue></responseIf></responseCondition><responseCondition><responseIf><not><isNull><variable identifier="RESPONSE_1405419195067" /></isNull></not><setOutcomeValue identifier="FEEDBACKBASIC"><baseValue baseType="identifier">incorrect</baseValue></setOutcomeValue></responseIf></responseCondition><responseCondition><responseIf><and><not><match><variable identifier="FEEDBACKBASIC" /><baseValue baseType="identifier">empty</baseValue></match></not><equal toleranceMode="exact"><variable identifier="SCORE" /><variable identifier="MAXSCORE" /></equal></and><setOutcomeValue identifier="FEEDBACKBASIC"><baseValue baseType="identifier">correct</baseValue></setOutcomeValue></responseIf></responseCondition></responseProcessing></assessmentItem>
