<?xml version="1.0" encoding="UTF-8"?>
<assessmentItem xmlns="http://www.imsglobal.org/xsd/imsqti_v2p1" xmlns:xsi="http://www.w3.org/2001/XMLSchema-instance" xsi:schemaLocation="http://www.imsglobal.org/xsd/imsqti_v2p1 http://www.imsglobal.org/xsd/qti/qtiv2p1/imsqti_v2p1p1.xsd http://www.w3.org/1998/Math/MathML http://www.w3.org/Math/XMLSchema/mathml2/mathml2.xsd" identifier="id3a353852-969c-4206-a1b3-0a13a889f744" title="inj_surj_ja/nein_08" adaptive="false" timeDependent="false"><responseDeclaration identifier="RESPONSE_1" cardinality="multiple" baseType="identifier"><correctResponse><value>id28469ad8-5977-4f57-b926-dfb32cbd4908</value><value>id19c601cb-6b47-4129-835e-1ec1593c5cd0</value></correctResponse><mapping defaultValue="0" lowerBound="0.0"><mapEntry mapKey="id28469ad8-5977-4f57-b926-dfb32cbd4908" mappedValue="1.0" /><mapEntry mapKey="id19c601cb-6b47-4129-835e-1ec1593c5cd0" mappedValue="1.0" /><mapEntry mapKey="idb26d0335-98cb-419e-8d25-7e81de7faf93" mappedValue="0.0" /></mapping></responseDeclaration><outcomeDeclaration identifier="SCORE" cardinality="single" baseType="float"><defaultValue><value>0</value></defaultValue></outcomeDeclaration><outcomeDeclaration identifier="MAXSCORE" cardinality="single" baseType="float"><defaultValue><value>2</value></defaultValue></outcomeDeclaration><outcomeDeclaration identifier="FEEDBACKBASIC" cardinality="single" baseType="identifier" view="testConstructor"><defaultValue><value>empty</value></defaultValue></outcomeDeclaration><itemBody ><p>Die Funktion \(f:\mathbb R\to\mathbb R\) mit \(f(x)=x\cdot|x|\) ist...</p><choiceInteraction responseIdentifier="RESPONSE_1" shuffle="false" maxChoices="0"><simpleChoice identifier="id28469ad8-5977-4f57-b926-dfb32cbd4908"><p>injektiv</p></simpleChoice><simpleChoice identifier="id19c601cb-6b47-4129-835e-1ec1593c5cd0"><p>surjektiv</p></simpleChoice><simpleChoice identifier="idb26d0335-98cb-419e-8d25-7e81de7faf93"><p>weder injektiv noch surjektiv</p></simpleChoice></choiceInteraction></itemBody><responseProcessing><responseCondition><responseIf><not><isNull><variable identifier="RESPONSE_1" /></isNull></not><setOutcomeValue identifier="SCORE"><sum><variable identifier="SCORE" /><mapResponse identifier="RESPONSE_1" /></sum></setOutcomeValue><setOutcomeValue identifier="FEEDBACKBASIC"><baseValue baseType="identifier">incorrect</baseValue></setOutcomeValue></responseIf></responseCondition><responseCondition><responseIf><and><not><match><variable identifier="FEEDBACKBASIC" /><baseValue baseType="identifier">empty</baseValue></match></not><equal toleranceMode="exact"><variable identifier="SCORE" /><variable identifier="MAXSCORE" /></equal></and><setOutcomeValue identifier="FEEDBACKBASIC"><baseValue baseType="identifier">correct</baseValue></setOutcomeValue></responseIf></responseCondition></responseProcessing></assessmentItem>
