<?xml version="1.0" encoding="UTF-8"?>
<assessmentItem xmlns="http://www.imsglobal.org/xsd/imsqti_v2p1" xmlns:xsi="http://www.w3.org/2001/XMLSchema-instance" xsi:schemaLocation="http://www.imsglobal.org/xsd/imsqti_v2p1 http://www.imsglobal.org/xsd/qti/qtiv2p1/imsqti_v2p1p1.xsd http://www.w3.org/1998/Math/MathML http://www.w3.org/Math/XMLSchema/mathml2/mathml2.xsd" identifier="id274c59e9-ff90-4e47-9f7c-bf731ddff2b5" title="UnbestimmteIntegrale2" adaptive="false" timeDependent="false"><responseDeclaration identifier="RESPONSE_1401283442667" cardinality="single" baseType="string" /><responseDeclaration identifier="RESPONSE_1401284137941" cardinality="single" baseType="string" /><responseDeclaration identifier="RESPONSE_1401284174942" cardinality="single" baseType="string" /><responseDeclaration identifier="RESPONSE_1401284201186" cardinality="single" baseType="string" /><outcomeDeclaration identifier="SCORE" cardinality="single" baseType="float"><defaultValue><value>0</value></defaultValue></outcomeDeclaration><outcomeDeclaration identifier="MAXSCORE" cardinality="single" baseType="float"><defaultValue><value>12</value></defaultValue></outcomeDeclaration><outcomeDeclaration identifier="FEEDBACKBASIC" cardinality="single" baseType="identifier" view="testConstructor"><defaultValue><value>empty</value></defaultValue></outcomeDeclaration><outcomeDeclaration identifier="FEEDBACKMODAL" cardinality="multiple" baseType="identifier" view="testConstructor" /><templateDeclaration identifier="a" cardinality="single" baseType="integer" /><templateDeclaration identifier="a1" cardinality="single" baseType="integer" /><templateDeclaration identifier="a2" cardinality="single" baseType="integer" /><templateDeclaration identifier="a3" cardinality="single" baseType="integer" /><templateDeclaration identifier="d" cardinality="single" baseType="integer" /><templateDeclaration identifier="b" cardinality="single" baseType="integer" /><templateDeclaration identifier="c" cardinality="single" baseType="integer" /><templateProcessing><setTemplateValue identifier="a"><randomInteger min="2" max="8" /></setTemplateValue><setTemplateValue identifier="a1"><randomInteger min="3" max="6" /></setTemplateValue><setTemplateValue identifier="a2"><randomInteger min="4" max="10" step="2" /></setTemplateValue><setTemplateValue identifier="a3"><randomInteger min="2" max="7" /></setTemplateValue><setTemplateValue identifier="d"><randomInteger min="2" max="8" /></setTemplateValue><setTemplateValue identifier="b"><randomInteger min="2" max="6" /></setTemplateValue><setTemplateValue identifier="c"><randomInteger min="2" max="9" /></setTemplateValue><setCorrectResponse identifier="RESPONSE_1401283442667"><customOperator definition="VARIABLESTRING" value="(($(1)/($(2)+1))*x^($(2)+1))-(($(3)/2)*x^2)+($(4)*log(x))+C"><variable identifier="a" /><variable identifier="a1" /><variable identifier="a2" /><variable identifier="a3" /></customOperator></setCorrectResponse><setCorrectResponse identifier="RESPONSE_1401284137941"><customOperator definition="VARIABLESTRING" value="(1/((3/2)+$(1)))*x^((3/2)+$(1)) +(2/3)*x^(3/2)+ C"><variable identifier="b" /></customOperator></setCorrectResponse><setCorrectResponse identifier="RESPONSE_1401284174942"><customOperator definition="VARIABLESTRING" value="sin(x)+ $(1)*%e^x- $(1)*tan(x)+C"><variable identifier="c" /></customOperator></setCorrectResponse><setCorrectResponse identifier="RESPONSE_1401284201186"><customOperator definition="VARIABLESTRING" value="1/($(1)^(1/2)+1)*x^($(1)^(1/2)+1)+C"><variable identifier="d" /></customOperator></setCorrectResponse></templateProcessing><itemBody ><p><p style="-qt-paragraph-type: empty; -qt-block-indent: 0; text-indent: 0px; margin: 0px;">Bestimmen Sie die folgenden unbestimmten Integrale (12P):</p><p style="-qt-paragraph-type: empty; -qt-block-indent: 0; text-indent: 0px; margin: 0px;"> </p><p style="-qt-block-indent: 0; text-indent: 0px; margin: 0px;">a.)\(\ \int <printedVariable identifier="a" />x^<printedVariable identifier="a1" />-<printedVariable identifier="a2" />x+\frac{<printedVariable identifier="a3" />}{x} \ dx \quad\)     b.)\(\ \int \sqrt{x}(x^<printedVariable identifier="b" />+1) \ dx \quad\)     c.)\(\ \int \cos(x) +<printedVariable identifier="c" />e^x-\frac{<printedVariable identifier="c" />}{\cos^2(x)}\ dx \quad\)     d.)\(\ \int x^{\sqrt{<printedVariable identifier="d" />}}\ dx\)</p><p style="-qt-block-indent: 0; text-indent: 0px; margin: 0px;"> </p><p style="-qt-block-indent: 0; text-indent: 0px; margin: 0px;">Geben Sie die Ergebnisse in Maxima-Schreibweise ein und eine Konstante mit dem Großbuchstaben C:</p><p style="-qt-block-indent: 0; text-indent: 0px; margin: 0px;"> </p><p style="-qt-block-indent: 0; text-indent: 0px; margin: 0px;">a) <textEntryInteraction responseIdentifier="RESPONSE_1401283442667" class="maxima-formula show-latex show-syntax-error" /></p><p style="-qt-block-indent: 0; text-indent: 0px; margin: 0px;">b) <textEntryInteraction responseIdentifier="RESPONSE_1401284137941" class="maxima-formula show-latex show-syntax-error" /></p><p style="-qt-block-indent: 0; text-indent: 0px; margin: 0px;">c) <textEntryInteraction responseIdentifier="RESPONSE_1401284174942" class="maxima-formula show-latex show-syntax-error" /></p><p style="-qt-block-indent: 0; text-indent: 0px; margin: 0px;">d) <textEntryInteraction responseIdentifier="RESPONSE_1401284201186" class="maxima-formula show-latex show-syntax-error" /></p></p></itemBody><responseProcessing><responseCondition><responseIf><customOperator definition="MAXIMA" value="is(equal(ev($(1)),ev($(2))));"><variable identifier="RESPONSE_1401283442667" /><correct identifier="RESPONSE_1401283442667" /></customOperator><setOutcomeValue identifier="SCORE"><sum><variable identifier="SCORE" /><baseValue baseType="float">3</baseValue></sum></setOutcomeValue></responseIf></responseCondition><responseCondition><responseIf><not><isNull><variable identifier="RESPONSE_1401283442667" /></isNull></not><setOutcomeValue identifier="FEEDBACKBASIC"><baseValue baseType="identifier">incorrect</baseValue></setOutcomeValue></responseIf></responseCondition><responseCondition><responseIf><customOperator definition="MAXIMA" value="is(equal(ev($(1)),ev($(2))));"><variable identifier="RESPONSE_1401284137941" /><correct identifier="RESPONSE_1401284137941" /></customOperator><setOutcomeValue identifier="SCORE"><sum><variable identifier="SCORE" /><baseValue baseType="float">3</baseValue></sum></setOutcomeValue></responseIf></responseCondition><responseCondition><responseIf><not><isNull><variable identifier="RESPONSE_1401284137941" /></isNull></not><setOutcomeValue identifier="FEEDBACKBASIC"><baseValue baseType="identifier">incorrect</baseValue></setOutcomeValue></responseIf></responseCondition><responseCondition><responseIf><customOperator definition="MAXIMA" value="is(equal(ev($(1)),ev($(2))));"><variable identifier="RESPONSE_1401284174942" /><correct identifier="RESPONSE_1401284174942" /></customOperator><setOutcomeValue identifier="SCORE"><sum><variable identifier="SCORE" /><baseValue baseType="float">3</baseValue></sum></setOutcomeValue></responseIf></responseCondition><responseCondition><responseIf><not><isNull><variable identifier="RESPONSE_1401284174942" /></isNull></not><setOutcomeValue identifier="FEEDBACKBASIC"><baseValue baseType="identifier">incorrect</baseValue></setOutcomeValue></responseIf></responseCondition><responseCondition><responseIf><customOperator definition="MAXIMA" value="is(equal(ev($(1)),ev($(2))));"><variable identifier="RESPONSE_1401284201186" /><correct identifier="RESPONSE_1401284201186" /></customOperator><setOutcomeValue identifier="SCORE"><sum><variable identifier="SCORE" /><baseValue baseType="float">3</baseValue></sum></setOutcomeValue></responseIf></responseCondition><responseCondition><responseIf><not><isNull><variable identifier="RESPONSE_1401284201186" /></isNull></not><setOutcomeValue identifier="FEEDBACKBASIC"><baseValue baseType="identifier">incorrect</baseValue></setOutcomeValue></responseIf></responseCondition><responseCondition><responseIf><and><not><match><variable identifier="FEEDBACKBASIC" /><baseValue baseType="identifier">empty</baseValue></match></not><equal toleranceMode="exact"><variable identifier="SCORE" /><variable identifier="MAXSCORE" /></equal></and><setOutcomeValue identifier="FEEDBACKBASIC"><baseValue baseType="identifier">correct</baseValue></setOutcomeValue></responseIf></responseCondition><responseCondition><responseIf><and><match><baseValue baseType="identifier">correct</baseValue><variable identifier="FEEDBACKBASIC" /></match></and><setOutcomeValue identifier="FEEDBACKMODAL"><multiple><variable identifier="FEEDBACKMODAL" /><baseValue baseType="identifier">Feedback925434237</baseValue></multiple></setOutcomeValue></responseIf></responseCondition><responseCondition><responseIf><and><match><baseValue baseType="identifier">incorrect</baseValue><variable identifier="FEEDBACKBASIC" /></match></and><setOutcomeValue identifier="FEEDBACKMODAL"><multiple><variable identifier="FEEDBACKMODAL" /><baseValue baseType="identifier">Feedback1696649685</baseValue></multiple></setOutcomeValue></responseIf></responseCondition></responseProcessing><modalFeedback  identifier="Feedback925434237" outcomeIdentifier="FEEDBACKMODAL" showHide="show"><p><strong> <strong>Ihre Lösungen zur Aufgabe 1.2 sind zu den Eich Lösungen äquivalent. Volle Punkte für diese Aufgabe.</strong></strong></p></modalFeedback><modalFeedback  identifier="Feedback1696649685" outcomeIdentifier="FEEDBACKMODAL" showHide="show"><p><strong>Ihre Lösung für mindestens eine der Lücken zu Aufgabe 1.2 war nicht äquivalent zur Eich Lösung. Es gab einen Punkteabzug.</strong></p></modalFeedback></assessmentItem>
