<?xml version="1.0" encoding="UTF-8"?>
<assessmentItem xmlns="http://www.imsglobal.org/xsd/imsqti_v2p1" xmlns:xsi="http://www.w3.org/2001/XMLSchema-instance" xsi:schemaLocation="http://www.imsglobal.org/xsd/imsqti_v2p1 http://www.imsglobal.org/xsd/qti/qtiv2p1/imsqti_v2p1p1.xsd http://www.w3.org/1998/Math/MathML http://www.w3.org/Math/XMLSchema/mathml2/mathml2.xsd" identifier="id378c8508-159b-4317-a578-41e7e57a8d96" title="Mengenoperationen_zuordnung" adaptive="false" timeDependent="false"><responseDeclaration identifier="RESPONSE_1" cardinality="multiple" baseType="directedPair"><correctResponse><value>id9d279522-8234-43d4-9ad1-7b0905f45d57 id040b390b-9025-4d48-b0ca-824acd86fecf</value><value>idc516ed73-6fc4-4323-8c49-13c9d50ff021 id1f1c3edc-777d-4263-9803-501232b57a6e</value><value>idce33fba4-efe7-4fe0-a5c5-3b52f7370153 id32ed7b47-4b85-45c6-87dc-e6eb7c6ca372</value><value>id343f9807-e003-4aee-9617-190af577974e id4dc86fb9-5115-4334-8d2b-85ffbb8c5afa</value><value>idc395ae88-fabf-47c7-b700-161e91d95193 id2e6e0ee1-2714-48e7-8e0f-d3c9165d9e11</value></correctResponse><mapping defaultValue="0" lowerBound="0.0"><mapEntry mapKey="id343f9807-e003-4aee-9617-190af577974e id4dc86fb9-5115-4334-8d2b-85ffbb8c5afa" mappedValue="0.5" /><mapEntry mapKey="idc395ae88-fabf-47c7-b700-161e91d95193 id2e6e0ee1-2714-48e7-8e0f-d3c9165d9e11" mappedValue="0.5" /><mapEntry mapKey="id9d279522-8234-43d4-9ad1-7b0905f45d57 id040b390b-9025-4d48-b0ca-824acd86fecf" mappedValue="0.5" /><mapEntry mapKey="idce33fba4-efe7-4fe0-a5c5-3b52f7370153 id32ed7b47-4b85-45c6-87dc-e6eb7c6ca372" mappedValue="0.5" /><mapEntry mapKey="idc516ed73-6fc4-4323-8c49-13c9d50ff021 id1f1c3edc-777d-4263-9803-501232b57a6e" mappedValue="0.5" /></mapping></responseDeclaration><outcomeDeclaration identifier="SCORE" cardinality="single" baseType="float"><defaultValue><value>0</value></defaultValue></outcomeDeclaration><outcomeDeclaration identifier="MAXSCORE" cardinality="single" baseType="float"><defaultValue><value>2.5</value></defaultValue></outcomeDeclaration><outcomeDeclaration identifier="FEEDBACKBASIC" cardinality="single" baseType="identifier" view="testConstructor"><defaultValue><value>empty</value></defaultValue></outcomeDeclaration><itemBody ><p>Es seien \(A\) und \(B\) Mengen. Finden Sie die richtigen Zuordungen.</p><matchInteraction responseIdentifier="RESPONSE_1" shuffle="true" maxAssociations="0"><simpleMatchSet><simpleAssociableChoice identifier="idc395ae88-fabf-47c7-b700-161e91d95193" fixed="false" matchMax="1"><p>Dass $$A$$Teilmenge von $$B$$ ist, kann geschrieben werden als</p></simpleAssociableChoice><simpleAssociableChoice identifier="id343f9807-e003-4aee-9617-190af577974e" fixed="false" matchMax="1"><p>Die Vereinigung von A und B ist definiert als</p></simpleAssociableChoice><simpleAssociableChoice identifier="idce33fba4-efe7-4fe0-a5c5-3b52f7370153" fixed="false" matchMax="1"><p>Die Schnittmenge von A und B ist definiert als</p></simpleAssociableChoice><simpleAssociableChoice identifier="id9d279522-8234-43d4-9ad1-7b0905f45d57" fixed="false" matchMax="1"><p>Die Differnenz von der Menge $$A$$ und der Menge $$B$$ ( kurz  : $$A\backslash B$$ ) ist definiert als</p></simpleAssociableChoice><simpleAssociableChoice identifier="idc516ed73-6fc4-4323-8c49-13c9d50ff021" fixed="false" matchMax="1"><p>Dass zwei Mengen $$A$$ und $$B$$ gleich sind (kurz : $$A=B$$) kann geschrieben werden als</p></simpleAssociableChoice><simpleAssociableChoice identifier="idd5fb7f32-f048-4795-8f1d-6a62c9875504" fixed="false" matchMax="1"><p>"$$B$$ ist die Potenzmenge von $$A$$" kann geschrieben werden als</p></simpleAssociableChoice></simpleMatchSet><simpleMatchSet><simpleAssociableChoice identifier="id2e6e0ee1-2714-48e7-8e0f-d3c9165d9e11" fixed="false" matchMax="1"><p>$$\forall a\in A \colon a\in B$$.</p></simpleAssociableChoice><simpleAssociableChoice identifier="id4dc86fb9-5115-4334-8d2b-85ffbb8c5afa" fixed="false" matchMax="1"><p>$$\{x: x\in A \vee x\in B\}$$.</p></simpleAssociableChoice><simpleAssociableChoice identifier="id32ed7b47-4b85-45c6-87dc-e6eb7c6ca372" fixed="false" matchMax="1"><p>$$\{a: a\in A \wedge a\in B\}$$.</p></simpleAssociableChoice><simpleAssociableChoice identifier="id040b390b-9025-4d48-b0ca-824acd86fecf" fixed="false" matchMax="1"><p>$$\{a: a\in A\wedge a\not\in B\}$$.</p></simpleAssociableChoice><simpleAssociableChoice identifier="id1f1c3edc-777d-4263-9803-501232b57a6e" fixed="false" matchMax="1"><p>$$(a\in A\Rightarrow a\in B)\wedge(b\in B\Rightarrow b\in A)$$.</p></simpleAssociableChoice></simpleMatchSet></matchInteraction></itemBody><responseProcessing><responseCondition><responseIf><not><isNull><variable identifier="RESPONSE_1" /></isNull></not><setOutcomeValue identifier="SCORE"><sum><variable identifier="SCORE" /><mapResponse identifier="RESPONSE_1" /></sum></setOutcomeValue><setOutcomeValue identifier="FEEDBACKBASIC"><baseValue baseType="identifier">incorrect</baseValue></setOutcomeValue></responseIf></responseCondition><responseCondition><responseIf><and><not><match><variable identifier="FEEDBACKBASIC" /><baseValue baseType="identifier">empty</baseValue></match></not><equal toleranceMode="exact"><variable identifier="SCORE" /><variable identifier="MAXSCORE" /></equal></and><setOutcomeValue identifier="FEEDBACKBASIC"><baseValue baseType="identifier">correct</baseValue></setOutcomeValue></responseIf></responseCondition></responseProcessing></assessmentItem>
