<?xml version="1.0" encoding="UTF-8"?>
<assessmentItem xmlns="http://www.imsglobal.org/xsd/imsqti_v2p1" xmlns:xsi="http://www.w3.org/2001/XMLSchema-instance" xsi:schemaLocation="http://www.imsglobal.org/xsd/imsqti_v2p1 http://www.imsglobal.org/xsd/qti/qtiv2p1/imsqti_v2p1p1.xsd http://www.w3.org/1998/Math/MathML http://www.w3.org/Math/XMLSchema/mathml2/mathml2.xsd" identifier="id36732b54-8d1a-4f93-945c-a6ba3f92448b" title="CauchyFormula0" adaptive="false" timeDependent="false"><responseDeclaration identifier="RESPONSE_1416489415559" cardinality="single" baseType="string" /><outcomeDeclaration identifier="SCORE" cardinality="single" baseType="float"><defaultValue><value>0</value></defaultValue></outcomeDeclaration><outcomeDeclaration identifier="MAXSCORE" cardinality="single" baseType="float"><defaultValue><value>2</value></defaultValue></outcomeDeclaration><outcomeDeclaration identifier="FEEDBACKBASIC" cardinality="single" baseType="identifier" view="testConstructor"><defaultValue><value>empty</value></defaultValue></outcomeDeclaration><outcomeDeclaration identifier="FEEDBACKMODAL" cardinality="multiple" baseType="identifier" view="testConstructor" /><templateDeclaration identifier="r" cardinality="single" baseType="integer" /><templateDeclaration identifier="vz" cardinality="single" baseType="string" /><templateDeclaration identifier="k" cardinality="single" baseType="integer" /><templateDeclaration identifier="dist" cardinality="single" baseType="integer" /><templateDeclaration identifier="int" cardinality="single" baseType="integer" /><templateDeclaration identifier="rdist" cardinality="single" baseType="integer" /><templateProcessing><setTemplateValue identifier="r"><randomInteger min="5" max="14" /></setTemplateValue><setTemplateValue identifier="vz"><random><multiple><baseValue baseType="string">+</baseValue><baseValue baseType="string">-</baseValue></multiple></random></setTemplateValue><setTemplateValue identifier="k"><randomInteger min="1" max="10" /></setTemplateValue><setTemplateValue identifier="dist"><customOperator definition="MAXIMA" value="float(abs($(1)-$(2)$(3)));"><variable identifier="r" /><variable identifier="vz" /><variable identifier="k" /></customOperator></setTemplateValue><templateCondition><templateIf><match><variable identifier="dist" /><baseValue baseType="integer">0</baseValue></match><setTemplateValue identifier="k"><customOperator definition="MAXIMA" value="float($(1)-1);"><variable identifier="k" /></customOperator></setTemplateValue></templateIf></templateCondition><setTemplateValue identifier="int"><customOperator definition="MAXIMA" value="float(2*(($(1))^2-$(2)$(3)));"><variable identifier="k" /><variable identifier="vz" /><variable identifier="k" /></customOperator></setTemplateValue><setTemplateValue identifier="rdist"><customOperator definition="MAXIMA" value="float($(1)-$(2));"><variable identifier="r" /><variable identifier="k" /></customOperator></setTemplateValue><templateCondition><templateIf><lt><variable identifier="rdist" /><baseValue baseType="integer">0</baseValue></lt><setTemplateValue identifier="int"><customOperator definition="MAXIMA" value="float(0);" /></setTemplateValue></templateIf></templateCondition><setCorrectResponse identifier="RESPONSE_1416489415559"><customOperator definition="VARIABLESTRING" value="$(1)*%pi*%i"><variable identifier="int" /></customOperator></setCorrectResponse></templateProcessing><itemBody ><p><p>Let \(C\) be the circle around \(z_0:=0\) with radius \( r:= <printedVariable identifier="r" /> \), mapped counter-clockwise.</p><p>Compute $$I := \int_{C}\frac{z^2+z}{z<printedVariable identifier="vz" /><printedVariable identifier="k" />}$$ in cartesian form.</p><p>\(I\) = <textEntryInteraction responseIdentifier="RESPONSE_1416489415559" expectedLength="14" class="maxima-formula show-latex show-syntax-error" /></p><p>Syntax:</p><p>%i for i, %pi for \( \pi\), ^ for power, * for any multiplication.</p><p> </p></p></itemBody><responseProcessing><responseCondition><responseIf><customOperator definition="MAXIMA" value="is(equal(ev($(1)),ev($(2))));"><variable identifier="RESPONSE_1416489415559" /><correct identifier="RESPONSE_1416489415559" /></customOperator><setOutcomeValue identifier="SCORE"><sum><variable identifier="SCORE" /><baseValue baseType="float">2</baseValue></sum></setOutcomeValue></responseIf></responseCondition><responseCondition><responseIf><not><isNull><variable identifier="RESPONSE_1416489415559" /></isNull></not><setOutcomeValue identifier="FEEDBACKBASIC"><baseValue baseType="identifier">incorrect</baseValue></setOutcomeValue></responseIf></responseCondition><responseCondition><responseIf><and><not><match><variable identifier="FEEDBACKBASIC" /><baseValue baseType="identifier">empty</baseValue></match></not><equal toleranceMode="exact"><variable identifier="SCORE" /><variable identifier="MAXSCORE" /></equal></and><setOutcomeValue identifier="FEEDBACKBASIC"><baseValue baseType="identifier">correct</baseValue></setOutcomeValue></responseIf></responseCondition><responseCondition><responseIf><and><match><baseValue baseType="identifier">incorrect</baseValue><variable identifier="FEEDBACKBASIC" /></match></and><setOutcomeValue identifier="FEEDBACKMODAL"><multiple><variable identifier="FEEDBACKMODAL" /><baseValue baseType="identifier">Feedback1670393473</baseValue></multiple></setOutcomeValue></responseIf></responseCondition></responseProcessing><modalFeedback  identifier="Feedback1670393473" outcomeIdentifier="FEEDBACKMODAL" showHide="show"><p>Note that the cauchy formula holds only for points within the given circle \(C\). Is the point outside \(C\), then instead cauchy's integral theorem might be applicable.</p></modalFeedback></assessmentItem>
