<?xml version="1.0" encoding="UTF-8"?>
<assessmentItem xmlns="http://www.imsglobal.org/xsd/imsqti_v2p1" xmlns:xsi="http://www.w3.org/2001/XMLSchema-instance" xsi:schemaLocation="http://www.imsglobal.org/xsd/imsqti_v2p1 http://www.imsglobal.org/xsd/qti/qtiv2p1/imsqti_v2p1p1.xsd http://www.w3.org/1998/Math/MathML http://www.w3.org/Math/XMLSchema/mathml2/mathml2.xsd" identifier="id28f9dd04-e7d9-41aa-bf9b-0606176947ad" title="interpolation_4punkte_auswertung_03" adaptive="false" timeDependent="false"><responseDeclaration identifier="RESPONSE_1397053202680" cardinality="single" baseType="float"><correctResponse><value>0</value></correctResponse></responseDeclaration><outcomeDeclaration identifier="SCORE" cardinality="single" baseType="float"><defaultValue><value>0</value></defaultValue></outcomeDeclaration><outcomeDeclaration identifier="MAXSCORE" cardinality="single" baseType="float"><defaultValue><value>1</value></defaultValue></outcomeDeclaration><outcomeDeclaration identifier="FEEDBACKBASIC" cardinality="single" baseType="identifier" view="testConstructor"><defaultValue><value>empty</value></defaultValue></outcomeDeclaration><outcomeDeclaration identifier="FEEDBACKMODAL" cardinality="multiple" baseType="identifier" view="testConstructor" /><templateDeclaration identifier="x" cardinality="single" baseType="float" /><templateDeclaration identifier="y1" cardinality="single" baseType="integer" /><templateDeclaration identifier="y4" cardinality="single" baseType="integer" /><templateDeclaration identifier="L1" cardinality="single" baseType="float" /><templateDeclaration identifier="L4" cardinality="single" baseType="float" /><templateDeclaration identifier="px" cardinality="single" baseType="float" /><templateProcessing><setTemplateValue identifier="x"><random><multiple><baseValue baseType="float">0.5</baseValue><baseValue baseType="float">1</baseValue><baseValue baseType="float">1.5</baseValue><baseValue baseType="float">2.5</baseValue><baseValue baseType="float">3</baseValue><baseValue baseType="float">3.5</baseValue><baseValue baseType="float">4.5</baseValue><baseValue baseType="float">5</baseValue><baseValue baseType="float">5.5</baseValue></multiple></random></setTemplateValue><setTemplateValue identifier="y1"><random><multiple><baseValue baseType="integer">-2</baseValue><baseValue baseType="integer">-1</baseValue><baseValue baseType="integer">1</baseValue><baseValue baseType="integer">2</baseValue></multiple></random></setTemplateValue><setTemplateValue identifier="y4"><random><multiple><baseValue baseType="integer">-2</baseValue><baseValue baseType="integer">-1</baseValue><baseValue baseType="integer">1</baseValue><baseValue baseType="integer">2</baseValue></multiple></random></setTemplateValue><setTemplateValue identifier="L1"><customOperator definition="MAXIMA" value="float(-($(1)-2)*($(2)-4)*($(3)-6)/48);"><variable identifier="x" /><variable identifier="x" /><variable identifier="x" /></customOperator></setTemplateValue><setTemplateValue identifier="L4"><customOperator definition="MAXIMA" value="float($(1)*($(2)-2)*($(3)-4)/48);"><variable identifier="x" /><variable identifier="x" /><variable identifier="x" /></customOperator></setTemplateValue><setTemplateValue identifier="px"><customOperator definition="MAXIMA" value="float($(1)*$(2)+$(3)*$(4));"><variable identifier="y1" /><variable identifier="L1" /><variable identifier="y4" /><variable identifier="L4" /></customOperator></setTemplateValue><setCorrectResponse identifier="RESPONSE_1397053202680"><variable identifier="px" /></setCorrectResponse></templateProcessing><itemBody ><p>Gegeben seien die Stützstellen \(x_1=0\), \(x_2=2\), \(x_3=4\), \(x_4=6\) sowie die Stützwerte \(y_1=<printedVariable identifier="y1" />,y_2=0,y_3=0,y_4=<printedVariable identifier="y4" />\).</p><p>Ermitteln Sie das Interpolationspolynom \(p(x)\) und werten Sie dieses in \(x=<printedVariable identifier="x" />\) aus.</p><p>Runden Sie ihr Ergebnis auf 4 Stellen nach dem Komma!</p><p>\(p(<printedVariable identifier="x" />) \approx\) <textEntryInteraction responseIdentifier="RESPONSE_1397053202680" /></p></itemBody><responseProcessing><responseCondition><responseIf><equal toleranceMode="absolute" tolerance="1.0E-4 1.0E-4" includeLowerBound="true" includeUpperBound="true"><variable identifier="RESPONSE_1397053202680" /><correct identifier="RESPONSE_1397053202680" /></equal><setOutcomeValue identifier="SCORE"><sum><variable identifier="SCORE" /><baseValue baseType="float">1</baseValue></sum></setOutcomeValue></responseIf></responseCondition><responseCondition><responseIf><not><isNull><variable identifier="RESPONSE_1397053202680" /></isNull></not><setOutcomeValue identifier="FEEDBACKBASIC"><baseValue baseType="identifier">incorrect</baseValue></setOutcomeValue></responseIf></responseCondition><responseCondition><responseIf><and><not><match><variable identifier="FEEDBACKBASIC" /><baseValue baseType="identifier">empty</baseValue></match></not><equal toleranceMode="exact"><variable identifier="SCORE" /><variable identifier="MAXSCORE" /></equal></and><setOutcomeValue identifier="FEEDBACKBASIC"><baseValue baseType="identifier">correct</baseValue></setOutcomeValue></responseIf></responseCondition><responseCondition><responseIf><and><match><baseValue baseType="identifier">incorrect</baseValue><variable identifier="FEEDBACKBASIC" /></match></and><setOutcomeValue identifier="FEEDBACKMODAL"><multiple><variable identifier="FEEDBACKMODAL" /><baseValue baseType="identifier">Feedback759858961</baseValue></multiple></setOutcomeValue></responseIf></responseCondition></responseProcessing><modalFeedback  identifier="Feedback759858961" outcomeIdentifier="FEEDBACKMODAL" showHide="show" title="Musterbeispiel:"><p>Es seien \(y_1=0\), \(y_2=3\), \(y_3=4\) und \(y_4=0\).</p><p>Wir benutzen die Lagrange'schen (Basis-) Polynome.</p><p>Da \(y_1=y_4=0\) ist, müssen wir nur \(L_2\) und \(L_3\) berechnen:</p><p>\(L_2(x)=\displaystyle\frac{x(x-4)(x-6)}{2\cdot(-2)\cdot(-4)}=\frac{x(x-4)(x-6)}{16}\).</p><p>\(L_3(x)=\displaystyle\frac{x(x-2)(x-6)}{4\cdot2\cdot(-2)}=-\frac{x(x-2)(x-6)}{16}\).</p><p>Das Interpolationspolynom ist also \(p(x)=3\cdot L_2(x)+4\cdot L_3(x)\) und muss nun nur noch an der gegebenen Stelle ausgewertet werden.</p></modalFeedback></assessmentItem>
