<?xml version="1.0" encoding="UTF-8"?>
<assessmentItem xmlns="http://www.imsglobal.org/xsd/imsqti_v2p1" xmlns:xsi="http://www.w3.org/2001/XMLSchema-instance" xsi:schemaLocation="http://www.imsglobal.org/xsd/imsqti_v2p1 http://www.imsglobal.org/xsd/qti/qtiv2p1/imsqti_v2p1p1.xsd http://www.w3.org/1998/Math/MathML http://www.w3.org/Math/XMLSchema/mathml2/mathml2.xsd" identifier="id4d454cb7-bb11-4bff-8888-7f69a8df6356" title="IntRechnungBestimmteIntegrale" adaptive="false" timeDependent="false"><responseDeclaration identifier="RESPONSE_1401637930282" cardinality="single" baseType="float"><correctResponse><value>0</value></correctResponse></responseDeclaration><responseDeclaration identifier="RESPONSE_1401891411838" cardinality="single" baseType="float"><correctResponse><value>0</value></correctResponse></responseDeclaration><responseDeclaration identifier="RESPONSE_1401979391110" cardinality="single" baseType="float"><correctResponse><value>0</value></correctResponse></responseDeclaration><responseDeclaration identifier="RESPONSE_1401981024036" cardinality="single" baseType="float"><correctResponse><value>0</value></correctResponse></responseDeclaration><outcomeDeclaration identifier="SCORE" cardinality="single" baseType="float"><defaultValue><value>0</value></defaultValue></outcomeDeclaration><outcomeDeclaration identifier="MAXSCORE" cardinality="single" baseType="float"><defaultValue><value>8</value></defaultValue></outcomeDeclaration><outcomeDeclaration identifier="FEEDBACKBASIC" cardinality="single" baseType="identifier" view="testConstructor"><defaultValue><value>empty</value></defaultValue></outcomeDeclaration><outcomeDeclaration identifier="FEEDBACKMODAL" cardinality="multiple" baseType="identifier" view="testConstructor" /><templateDeclaration identifier="a" cardinality="single" baseType="integer" /><templateDeclaration identifier="b" cardinality="single" baseType="integer" /><templateDeclaration identifier="al" cardinality="single" baseType="float" /><templateDeclaration identifier="bl" cardinality="single" baseType="float" /><templateDeclaration identifier="c" cardinality="single" baseType="integer" /><templateDeclaration identifier="c1" cardinality="single" baseType="integer" /><templateDeclaration identifier="c2" cardinality="single" baseType="integer" /><templateDeclaration identifier="cl" cardinality="single" baseType="float" /><templateDeclaration identifier="d" cardinality="single" baseType="integer" /><templateDeclaration identifier="d1" cardinality="single" baseType="integer" /><templateDeclaration identifier="dl" cardinality="single" baseType="float" /><templateProcessing><setTemplateValue identifier="a"><randomInteger min="-9" max="-2" /></setTemplateValue><setTemplateValue identifier="b"><randomInteger min="3" max="8" /></setTemplateValue><setTemplateValue identifier="al"><customOperator definition="MAXIMA" value="float(-log((-1)*$(1)));"><variable identifier="a" /></customOperator></setTemplateValue><setTemplateValue identifier="bl"><customOperator definition="MAXIMA" value="float((1/2)*log(1+(tan(%pi/$(1)))^2 ));"><variable identifier="b" /></customOperator></setTemplateValue><setTemplateValue identifier="c"><randomInteger min="4" max="10" step="2" /></setTemplateValue><setTemplateValue identifier="c1"><randomInteger min="3" max="9" step="2" /></setTemplateValue><setTemplateValue identifier="c2"><randomInteger min="1" max="4" /></setTemplateValue><setTemplateValue identifier="cl"><customOperator definition="MAXIMA" value="float($(1)^($(2)/$(3)+1)*1/($(4)/$(5)+1));"><variable identifier="c2" /><variable identifier="c1" /><variable identifier="c" /><variable identifier="c1" /><variable identifier="c" /></customOperator></setTemplateValue><setTemplateValue identifier="d"><randomInteger min="1" max="4" /></setTemplateValue><setTemplateValue identifier="d1"><randomInteger min="5" max="9" /></setTemplateValue><setTemplateValue identifier="dl"><customOperator definition="MAXIMA" value="float(integrate(x*sin(%pi*x),x,$(1),$(2)));"><variable identifier="d" /><variable identifier="d1" /></customOperator></setTemplateValue><setCorrectResponse identifier="RESPONSE_1401637930282"><variable identifier="al" /></setCorrectResponse><setCorrectResponse identifier="RESPONSE_1401891411838"><variable identifier="bl" /></setCorrectResponse><setCorrectResponse identifier="RESPONSE_1401979391110"><variable identifier="cl" /></setCorrectResponse><setCorrectResponse identifier="RESPONSE_1401981024036"><variable identifier="dl" /></setCorrectResponse></templateProcessing><itemBody ><p><p>Berechnen Sie die folgenden bestimmten Integrale (8P):</p><p style="-qt-paragraph-type: empty; -qt-block-indent: 0; text-indent: 0px; margin: 0px;"> </p><p style="-qt-block-indent: 0; text-indent: 0px; margin: 0px;">\( a.) \int_{<printedVariable identifier="a" />}^{-1} \frac{1}{x} \ dx \quad b.) \ \int_{0}^{\frac{\pi}{<printedVariable identifier="b" />}} \tan(x) \ dx \quad c.) \int_0^<printedVariable identifier="c2" /> \sqrt[<printedVariable identifier="c" />]{x^<printedVariable identifier="c1" />} \ dx \quad d.) \int_<printedVariable identifier="d" />^<printedVariable identifier="d1" /> x\cdot \sin(\pi x) \ dx\)</p><p style="-qt-block-indent: 0; text-indent: 0px; margin: 0px;"> </p><p style="-qt-block-indent: 0; text-indent: 0px; margin: 0px;">Hinweis zu b.): Substituiere x = arctan(t);</p><p style="-qt-block-indent: 0; text-indent: 0px; margin: 0px;"> </p><p style="-qt-block-indent: 0; text-indent: 0px; margin: 0px;"> </p><p style="-qt-block-indent: 0; text-indent: 0px; margin: 0px;">Geben Sie die Ergebnisse als Dezimalzahl auf zwei Stellen nach dem Komma gerundet ein:</p><p style="-qt-block-indent: 0; text-indent: 0px; margin: 0px;"> </p><p style="-qt-block-indent: 0; text-indent: 0px; margin: 0px;">a) <textEntryInteraction responseIdentifier="RESPONSE_1401637930282" /></p><p style="-qt-block-indent: 0; text-indent: 0px; margin: 0px;">b) <textEntryInteraction responseIdentifier="RESPONSE_1401891411838" /></p><p style="-qt-block-indent: 0; text-indent: 0px; margin: 0px;">c) <textEntryInteraction responseIdentifier="RESPONSE_1401979391110" /></p><p style="-qt-block-indent: 0; text-indent: 0px; margin: 0px;">d) <textEntryInteraction responseIdentifier="RESPONSE_1401981024036" /></p><p style="-qt-block-indent: 0; text-indent: 0px; margin: 0px;"> </p><p style="-qt-paragraph-type: empty; -qt-block-indent: 0; text-indent: 0px; margin: 0px;"> </p></p></itemBody><responseProcessing><responseCondition><responseIf><equal toleranceMode="absolute" tolerance="0.1 0.1" includeLowerBound="false" includeUpperBound="false"><variable identifier="RESPONSE_1401637930282" /><correct identifier="RESPONSE_1401637930282" /></equal><setOutcomeValue identifier="SCORE"><sum><variable identifier="SCORE" /><baseValue baseType="float">2</baseValue></sum></setOutcomeValue></responseIf></responseCondition><responseCondition><responseIf><not><isNull><variable identifier="RESPONSE_1401637930282" /></isNull></not><setOutcomeValue identifier="FEEDBACKBASIC"><baseValue baseType="identifier">incorrect</baseValue></setOutcomeValue></responseIf></responseCondition><responseCondition><responseIf><equal toleranceMode="absolute" tolerance="0.1 0.1" includeLowerBound="true" includeUpperBound="true"><variable identifier="RESPONSE_1401891411838" /><correct identifier="RESPONSE_1401891411838" /></equal><setOutcomeValue identifier="SCORE"><sum><variable identifier="SCORE" /><baseValue baseType="float">2</baseValue></sum></setOutcomeValue></responseIf></responseCondition><responseCondition><responseIf><not><isNull><variable identifier="RESPONSE_1401891411838" /></isNull></not><setOutcomeValue identifier="FEEDBACKBASIC"><baseValue baseType="identifier">incorrect</baseValue></setOutcomeValue></responseIf></responseCondition><responseCondition><responseIf><equal toleranceMode="absolute" tolerance="0.1 0.1" includeLowerBound="true" includeUpperBound="true"><variable identifier="RESPONSE_1401979391110" /><correct identifier="RESPONSE_1401979391110" /></equal><setOutcomeValue identifier="SCORE"><sum><variable identifier="SCORE" /><baseValue baseType="float">2</baseValue></sum></setOutcomeValue></responseIf></responseCondition><responseCondition><responseIf><not><isNull><variable identifier="RESPONSE_1401979391110" /></isNull></not><setOutcomeValue identifier="FEEDBACKBASIC"><baseValue baseType="identifier">incorrect</baseValue></setOutcomeValue></responseIf></responseCondition><responseCondition><responseIf><equal toleranceMode="absolute" tolerance="0.1 0.1" includeLowerBound="true" includeUpperBound="true"><variable identifier="RESPONSE_1401981024036" /><correct identifier="RESPONSE_1401981024036" /></equal><setOutcomeValue identifier="SCORE"><sum><variable identifier="SCORE" /><baseValue baseType="float">2</baseValue></sum></setOutcomeValue></responseIf></responseCondition><responseCondition><responseIf><not><isNull><variable identifier="RESPONSE_1401981024036" /></isNull></not><setOutcomeValue identifier="FEEDBACKBASIC"><baseValue baseType="identifier">incorrect</baseValue></setOutcomeValue></responseIf></responseCondition><responseCondition><responseIf><and><not><match><variable identifier="FEEDBACKBASIC" /><baseValue baseType="identifier">empty</baseValue></match></not><equal toleranceMode="exact"><variable identifier="SCORE" /><variable identifier="MAXSCORE" /></equal></and><setOutcomeValue identifier="FEEDBACKBASIC"><baseValue baseType="identifier">correct</baseValue></setOutcomeValue></responseIf></responseCondition><responseCondition><responseIf><and><match><baseValue baseType="identifier">correct</baseValue><variable identifier="FEEDBACKBASIC" /></match></and><setOutcomeValue identifier="FEEDBACKMODAL"><multiple><variable identifier="FEEDBACKMODAL" /><baseValue baseType="identifier">Feedback2026342229</baseValue></multiple></setOutcomeValue></responseIf></responseCondition><responseCondition><responseIf><and><match><baseValue baseType="identifier">incorrect</baseValue><variable identifier="FEEDBACKBASIC" /></match></and><setOutcomeValue identifier="FEEDBACKMODAL"><multiple><variable identifier="FEEDBACKMODAL" /><baseValue baseType="identifier">Feedback1938168677</baseValue></multiple></setOutcomeValue></responseIf></responseCondition></responseProcessing><modalFeedback  identifier="Feedback2026342229" outcomeIdentifier="FEEDBACKMODAL" showHide="show"><p><strong> <strong>Ihre Lösungen zur Aufgabe 3.1 sind zu den Eich Lösungen äquivalent. Volle Punkte für diese Aufgabe.</strong></strong></p></modalFeedback><modalFeedback  identifier="Feedback1938168677" outcomeIdentifier="FEEDBACKMODAL" showHide="show"><p><strong>Ihre Lösung für mindestens eine der Lücken zu Aufgabe 3.1 war nicht äquivalent zur Eich Lösung. Es gab einen Punkteabzug.</strong></p></modalFeedback></assessmentItem>
