<?xml version="1.0" encoding="UTF-8"?>
<assessmentItem xmlns="http://www.imsglobal.org/xsd/imsqti_v2p1" xmlns:xsi="http://www.w3.org/2001/XMLSchema-instance" xsi:schemaLocation="http://www.imsglobal.org/xsd/imsqti_v2p1 http://www.imsglobal.org/xsd/qti/qtiv2p1/imsqti_v2p1p1.xsd http://www.w3.org/1998/Math/MathML http://www.w3.org/Math/XMLSchema/mathml2/mathml2.xsd" identifier="id3d8d4620-4152-40df-aa4f-9c3ec92d68b6" title="polynomdivision_01" adaptive="false" timeDependent="false"><responseDeclaration identifier="RESPONSE_1409918039760" cardinality="single" baseType="string" /><outcomeDeclaration identifier="SCORE" cardinality="single" baseType="float"><defaultValue><value>0</value></defaultValue></outcomeDeclaration><outcomeDeclaration identifier="MAXSCORE" cardinality="single" baseType="float"><defaultValue><value>1</value></defaultValue></outcomeDeclaration><outcomeDeclaration identifier="FEEDBACKBASIC" cardinality="single" baseType="identifier" view="testConstructor"><defaultValue><value>empty</value></defaultValue></outcomeDeclaration><outcomeDeclaration identifier="FEEDBACKMODAL" cardinality="multiple" baseType="identifier" view="testConstructor" /><templateDeclaration identifier="b" cardinality="single" baseType="integer" /><templateDeclaration identifier="sgn_b" cardinality="single" baseType="string" /><templateDeclaration identifier="abs_d" cardinality="single" baseType="integer" /><templateDeclaration identifier="sgn_d" cardinality="single" baseType="string" /><templateDeclaration identifier="d" cardinality="single" baseType="integer" /><templateDeclaration identifier="abs_e" cardinality="single" baseType="integer" /><templateDeclaration identifier="sgn_e" cardinality="single" baseType="string" /><templateDeclaration identifier="e" cardinality="single" baseType="integer" /><templateDeclaration identifier="d+b" cardinality="single" baseType="integer" /><templateDeclaration identifier="e+bd" cardinality="single" baseType="integer" /><templateDeclaration identifier="be" cardinality="single" baseType="integer" /><templateDeclaration identifier="pm" cardinality="single" baseType="string" /><templateDeclaration identifier="qm" cardinality="single" baseType="string" /><templateDeclaration identifier="rm" cardinality="single" baseType="string" /><templateDeclaration identifier="abs_d+b" cardinality="single" baseType="integer" /><templateDeclaration identifier="abs_e+bd" cardinality="single" baseType="integer" /><templateDeclaration identifier="abs_be" cardinality="single" baseType="integer" /><templateProcessing><setTemplateValue identifier="b"><random><multiple><baseValue baseType="integer">13</baseValue><baseValue baseType="integer">12</baseValue><baseValue baseType="integer">11</baseValue><baseValue baseType="integer">10</baseValue><baseValue baseType="integer">9</baseValue><baseValue baseType="integer">8</baseValue><baseValue baseType="integer">7</baseValue></multiple></random></setTemplateValue><setTemplateValue identifier="sgn_b"><random><multiple><baseValue baseType="string">+</baseValue><baseValue baseType="string">-</baseValue></multiple></random></setTemplateValue><setTemplateValue identifier="abs_d"><random><multiple><baseValue baseType="integer">2</baseValue><baseValue baseType="integer">3</baseValue><baseValue baseType="integer">4</baseValue><baseValue baseType="integer">5</baseValue></multiple></random></setTemplateValue><setTemplateValue identifier="sgn_d"><random><multiple><baseValue baseType="string">+</baseValue><baseValue baseType="string">-</baseValue></multiple></random></setTemplateValue><setTemplateValue identifier="d"><customOperator definition="MAXIMA" value="float($(1)$(2));"><variable identifier="sgn_d" /><variable identifier="abs_d" /></customOperator></setTemplateValue><setTemplateValue identifier="abs_e"><random><multiple><baseValue baseType="integer">3</baseValue><baseValue baseType="integer">4</baseValue><baseValue baseType="integer">5</baseValue><baseValue baseType="integer">6</baseValue><baseValue baseType="integer">7</baseValue><baseValue baseType="integer">8</baseValue><baseValue baseType="integer">9</baseValue></multiple></random></setTemplateValue><setTemplateValue identifier="sgn_e"><random><multiple><baseValue baseType="string">+</baseValue><baseValue baseType="string">-</baseValue></multiple></random></setTemplateValue><setTemplateValue identifier="e"><customOperator definition="MAXIMA" value="float($(1)$(2));"><variable identifier="sgn_e" /><variable identifier="abs_e" /></customOperator></setTemplateValue><setTemplateValue identifier="d+b"><customOperator definition="MAXIMA" value="float($(1)+$(2)$(3));"><variable identifier="d" /><variable identifier="sgn_b" /><variable identifier="b" /></customOperator></setTemplateValue><setTemplateValue identifier="e+bd"><customOperator definition="MAXIMA" value="float($(1)+$(2)$(3)*$(4));"><variable identifier="e" /><variable identifier="sgn_b" /><variable identifier="b" /><variable identifier="d" /></customOperator></setTemplateValue><setTemplateValue identifier="be"><customOperator definition="MAXIMA" value="float($(1)$(2)*$(3));"><variable identifier="sgn_b" /><variable identifier="b" /><variable identifier="e" /></customOperator></setTemplateValue><setTemplateValue identifier="pm"><random><multiple><baseValue baseType="string">+</baseValue><baseValue baseType="string">-</baseValue></multiple></random></setTemplateValue><templateCondition><templateIf><lt><variable identifier="d+b" /><baseValue baseType="integer">0</baseValue></lt><setTemplateValue identifier="pm"><random><multiple><baseValue baseType="string">-</baseValue></multiple></random></setTemplateValue></templateIf><templateElse><setTemplateValue identifier="pm"><random><multiple><baseValue baseType="string">+</baseValue></multiple></random></setTemplateValue></templateElse></templateCondition><setTemplateValue identifier="qm"><random><multiple><baseValue baseType="string">+</baseValue><baseValue baseType="string">-</baseValue></multiple></random></setTemplateValue><templateCondition><templateIf><lt><variable identifier="e+bd" /><baseValue baseType="integer">0</baseValue></lt><setTemplateValue identifier="qm"><random><multiple><baseValue baseType="string">-</baseValue></multiple></random></setTemplateValue></templateIf><templateElse><setTemplateValue identifier="qm"><random><multiple><baseValue baseType="string">+</baseValue></multiple></random></setTemplateValue></templateElse></templateCondition><setTemplateValue identifier="rm"><random><multiple><baseValue baseType="string">+</baseValue><baseValue baseType="string">-</baseValue></multiple></random></setTemplateValue><templateCondition><templateIf><lt><variable identifier="be" /><baseValue baseType="integer">0</baseValue></lt><setTemplateValue identifier="rm"><random><multiple><baseValue baseType="string">-</baseValue></multiple></random></setTemplateValue></templateIf><templateElse><setTemplateValue identifier="rm"><random><multiple><baseValue baseType="string">+</baseValue></multiple></random></setTemplateValue></templateElse></templateCondition><setTemplateValue identifier="abs_d+b"><customOperator definition="MAXIMA" value="float(abs($(1)));"><variable identifier="d+b" /></customOperator></setTemplateValue><setTemplateValue identifier="abs_e+bd"><customOperator definition="MAXIMA" value="float(abs($(1)));"><variable identifier="e+bd" /></customOperator></setTemplateValue><setTemplateValue identifier="abs_be"><customOperator definition="MAXIMA" value="float(abs($(1)));"><variable identifier="be" /></customOperator></setTemplateValue><setCorrectResponse identifier="RESPONSE_1409918039760"><customOperator definition="VARIABLESTRING" value="x^2+$(1)*x+$(2)"><variable identifier="d" /><variable identifier="e" /></customOperator></setCorrectResponse></templateProcessing><itemBody ><p>Lösen Sie die folgende Gleichung mittels Polynomdivision!</p><p>$$(x^3 <printedVariable identifier="pm" /> <printedVariable identifier="abs_d+b" />x^2 <printedVariable identifier="qm" /> <printedVariable identifier="abs_e+bd" />x <printedVariable identifier="rm" /> <printedVariable identifier="abs_be" />) :(x<printedVariable identifier="sgn_b" /><printedVariable identifier="b" />) = $$ <textEntryInteraction responseIdentifier="RESPONSE_1409918039760" class="maxima-formula show-latex" /></p><p> </p><p>Hinweise zur Formeleingabe:</p><ul><li>\(x^y\) = x^y</li><li>\(x\cdot y\) = x*y, z.B. \(3x\) = 3*x \(\Rightarrow\) Bitte keine * vergessen!</li><li>Durch Klicken auf die ?-Schaltfläche können Sie Ihre Formel vor Speichern der Antwort zunächst überprüfen.</li></ul></itemBody><responseProcessing><responseCondition><responseIf><customOperator definition="MAXIMA" value="is(equal(ev(num($(1))), ev(num($(2)))));"><variable identifier="RESPONSE_1409918039760" /><correct identifier="RESPONSE_1409918039760" /></customOperator><setOutcomeValue identifier="SCORE"><sum><variable identifier="SCORE" /><baseValue baseType="float">1</baseValue></sum></setOutcomeValue></responseIf></responseCondition><responseCondition><responseIf><not><isNull><variable identifier="RESPONSE_1409918039760" /></isNull></not><setOutcomeValue identifier="FEEDBACKBASIC"><baseValue baseType="identifier">incorrect</baseValue></setOutcomeValue></responseIf></responseCondition><responseCondition><responseIf><and><not><match><variable identifier="FEEDBACKBASIC" /><baseValue baseType="identifier">empty</baseValue></match></not><equal toleranceMode="exact"><variable identifier="SCORE" /><variable identifier="MAXSCORE" /></equal></and><setOutcomeValue identifier="FEEDBACKBASIC"><baseValue baseType="identifier">correct</baseValue></setOutcomeValue></responseIf></responseCondition><responseCondition><responseIf><and><match><baseValue baseType="identifier">correct</baseValue><variable identifier="FEEDBACKBASIC" /></match></and><setOutcomeValue identifier="FEEDBACKMODAL"><multiple><variable identifier="FEEDBACKMODAL" /><baseValue baseType="identifier">Feedback727272449</baseValue></multiple></setOutcomeValue></responseIf></responseCondition><responseCondition><responseIf><and><match><baseValue baseType="identifier">incorrect</baseValue><variable identifier="FEEDBACKBASIC" /></match></and><setOutcomeValue identifier="FEEDBACKMODAL"><multiple><variable identifier="FEEDBACKMODAL" /><baseValue baseType="identifier">Feedback1442846127</baseValue></multiple></setOutcomeValue></responseIf></responseCondition></responseProcessing><modalFeedback  identifier="Feedback727272449" outcomeIdentifier="FEEDBACKMODAL" showHide="show" title="Richtig!" /><modalFeedback  identifier="Feedback1442846127" outcomeIdentifier="FEEDBACKMODAL" showHide="show" title="Leider falsch!"><p>Lösung:</p><p>$$\qquad\qquad(x^3 <printedVariable identifier="pm" /> <printedVariable identifier="abs_d+b" />x^2 <printedVariable identifier="qm" /> <printedVariable identifier="abs_e+bd" />x <printedVariable identifier="rm" /> <printedVariable identifier="abs_be" />) : (x<printedVariable identifier="sgn_b" /><printedVariable identifier="b" />) = x^2<printedVariable identifier="sgn_d" /><printedVariable identifier="abs_d" />x<printedVariable identifier="sgn_e" /><printedVariable identifier="abs_e" />$$</p></modalFeedback></assessmentItem>
