<?xml version="1.0" encoding="UTF-8"?>
<assessmentItem xmlns="http://www.imsglobal.org/xsd/imsqti_v2p1" xmlns:xsi="http://www.w3.org/2001/XMLSchema-instance" xsi:schemaLocation="http://www.imsglobal.org/xsd/imsqti_v2p1 http://www.imsglobal.org/xsd/qti/qtiv2p1/imsqti_v2p1p1.xsd http://www.w3.org/1998/Math/MathML http://www.w3.org/Math/XMLSchema/mathml2/mathml2.xsd" identifier="ide3a8081a-8cf8-48fc-9052-79d4e55b1465" title="Polynomdivision_01" adaptive="false" timeDependent="false"><responseDeclaration identifier="RESPONSE_1409918039760" cardinality="single" baseType="string" /><outcomeDeclaration identifier="SCORE" cardinality="single" baseType="float"><defaultValue><value>0</value></defaultValue></outcomeDeclaration><outcomeDeclaration identifier="MAXSCORE" cardinality="single" baseType="float"><defaultValue><value>2</value></defaultValue></outcomeDeclaration><outcomeDeclaration identifier="FEEDBACKBASIC" cardinality="single" baseType="identifier" view="testConstructor"><defaultValue><value>empty</value></defaultValue></outcomeDeclaration><outcomeDeclaration identifier="FEEDBACKMODAL" cardinality="multiple" baseType="identifier" view="testConstructor" /><templateDeclaration identifier="g0" cardinality="single" baseType="integer" /><templateDeclaration identifier="g1" cardinality="single" baseType="integer" /><templateDeclaration identifier="g2" cardinality="single" baseType="integer" /><templateDeclaration identifier="g3" cardinality="single" baseType="integer" /><templateDeclaration identifier="g23" cardinality="single" baseType="integer" /><templateDeclaration identifier="gx" cardinality="single" baseType="string" /><templateDeclaration identifier="h0" cardinality="single" baseType="integer" /><templateDeclaration identifier="h1" cardinality="single" baseType="integer" /><templateDeclaration identifier="h2" cardinality="single" baseType="integer" /><templateDeclaration identifier="h12" cardinality="single" baseType="integer" /><templateDeclaration identifier="g3h2" cardinality="single" baseType="integer" /><templateDeclaration identifier="hx" cardinality="single" baseType="string" /><templateDeclaration identifier="mhx" cardinality="single" baseType="string" /><templateDeclaration identifier="fx" cardinality="single" baseType="string" /><templateProcessing><setTemplateValue identifier="g0"><randomInteger min="-5" max="5" /></setTemplateValue><setTemplateValue identifier="g1"><randomInteger min="-5" max="5" /></setTemplateValue><setTemplateValue identifier="g2"><randomInteger min="-5" max="5" /></setTemplateValue><setTemplateValue identifier="g3"><randomInteger min="-4" max="4" /></setTemplateValue><setTemplateValue identifier="g23"><customOperator definition="MAXIMA" value="float($(1)*$(2));"><variable identifier="g2" /><variable identifier="g3" /></customOperator></setTemplateValue><templateCondition><templateIf><match><variable identifier="g23" /><baseValue baseType="integer">0</baseValue></match><setTemplateValue identifier="g2"><random><multiple><baseValue baseType="integer">-3</baseValue><baseValue baseType="integer">-2</baseValue><baseValue baseType="integer">-1</baseValue><baseValue baseType="integer">1</baseValue><baseValue baseType="integer">2</baseValue><baseValue baseType="integer">3</baseValue></multiple></random></setTemplateValue></templateIf></templateCondition><setTemplateValue identifier="gx"><customOperator definition="MAXIMA" value="tex1($(1)*x^3+$(2)*x^2+$(3)*x+$(4))"><variable identifier="g3" /><variable identifier="g2" /><variable identifier="g1" /><variable identifier="g0" /></customOperator></setTemplateValue><setTemplateValue identifier="h0"><randomInteger min="-5" max="5" /></setTemplateValue><setTemplateValue identifier="h1"><randomInteger min="-5" max="5" /></setTemplateValue><setTemplateValue identifier="h2"><randomInteger min="-4" max="4" /></setTemplateValue><setTemplateValue identifier="h12"><customOperator definition="MAXIMA" value="float($(1)*$(2));"><variable identifier="h1" /><variable identifier="h2" /></customOperator></setTemplateValue><templateCondition><templateIf><match><variable identifier="h12" /><baseValue baseType="integer">0</baseValue></match><setTemplateValue identifier="h1"><random><multiple><baseValue baseType="integer">-3</baseValue><baseValue baseType="integer">-2</baseValue><baseValue baseType="integer">-1</baseValue><baseValue baseType="integer">1</baseValue><baseValue baseType="integer">2</baseValue><baseValue baseType="integer">3</baseValue></multiple></random></setTemplateValue></templateIf></templateCondition><setTemplateValue identifier="g3h2"><customOperator definition="MAXIMA" value="float($(1)*$(2));"><variable identifier="g3" /><variable identifier="h2" /></customOperator></setTemplateValue><templateCondition><templateIf><match><variable identifier="g3h2" /><baseValue baseType="integer">0</baseValue></match><setTemplateValue identifier="h2"><random><multiple><baseValue baseType="integer">-4</baseValue><baseValue baseType="integer">-3</baseValue><baseValue baseType="integer">-2</baseValue><baseValue baseType="integer">-1</baseValue><baseValue baseType="integer">1</baseValue><baseValue baseType="integer">2</baseValue><baseValue baseType="integer">3</baseValue><baseValue baseType="integer">4</baseValue></multiple></random></setTemplateValue></templateIf></templateCondition><setTemplateValue identifier="hx"><customOperator definition="MAXIMA" value="tex1($(1)*x^2+$(2)*x+$(3))"><variable identifier="h2" /><variable identifier="h1" /><variable identifier="h0" /></customOperator></setTemplateValue><setTemplateValue identifier="mhx"><customOperator definition="MAXIMA" value="string($(1)*x^(2)+$(2)*x+$(3))"><variable identifier="h2" /><variable identifier="h1" /><variable identifier="h0" /></customOperator></setTemplateValue><setTemplateValue identifier="fx"><customOperator definition="MAXIMA" value="tex1(expand(($(1)*x^3+$(2)*x^2+$(3)*x+$(4))*($(5)*x^2+$(6)*x+$(7))))"><variable identifier="g3" /><variable identifier="g2" /><variable identifier="g1" /><variable identifier="g0" /><variable identifier="h2" /><variable identifier="h1" /><variable identifier="h0" /></customOperator></setTemplateValue><setCorrectResponse identifier="RESPONSE_1409918039760"><customOperator definition="VARIABLESTRING" value="$(1)"><variable identifier="mhx" /></customOperator></setCorrectResponse></templateProcessing><itemBody ><p><p><p>Berechnen Sie mittels Polynomdivision!</p><p>$$(<printedVariable identifier="fx" />):(<printedVariable identifier="gx" />)= $$ <textEntryInteraction responseIdentifier="RESPONSE_1409918039760" expectedLength="20" class="maxima-formula show-latex" /></p><p> </p><p>Hinweise zur Formeleingabe:</p><ul><li>\(x^y\) = x^y</li><li>\(x\cdot y\) = x*y, z.B. \(3x\) = 3*x \(\Rightarrow\) Bitte keine * vergessen!</li><li>Durch Klicken auf die ?-Schaltfläche können Sie Ihre Formel vor Speichern der Antwort zunächst überprüfen.</li></ul></p></p></itemBody><responseProcessing><responseCondition><responseIf><customOperator definition="MAXIMA" value="is(equal(ev($(1)),ev($(2))));"><variable identifier="RESPONSE_1409918039760" /><correct identifier="RESPONSE_1409918039760" /></customOperator><setOutcomeValue identifier="SCORE"><sum><variable identifier="SCORE" /><baseValue baseType="float">2</baseValue></sum></setOutcomeValue></responseIf></responseCondition><responseCondition><responseIf><not><isNull><variable identifier="RESPONSE_1409918039760" /></isNull></not><setOutcomeValue identifier="FEEDBACKBASIC"><baseValue baseType="identifier">incorrect</baseValue></setOutcomeValue></responseIf></responseCondition><responseCondition><responseIf><and><not><match><variable identifier="FEEDBACKBASIC" /><baseValue baseType="identifier">empty</baseValue></match></not><equal toleranceMode="exact"><variable identifier="SCORE" /><variable identifier="MAXSCORE" /></equal></and><setOutcomeValue identifier="FEEDBACKBASIC"><baseValue baseType="identifier">correct</baseValue></setOutcomeValue></responseIf></responseCondition><responseCondition><responseIf><and><match><baseValue baseType="identifier">correct</baseValue><variable identifier="FEEDBACKBASIC" /></match></and><setOutcomeValue identifier="FEEDBACKMODAL"><multiple><variable identifier="FEEDBACKMODAL" /><baseValue baseType="identifier">Feedback108364355</baseValue></multiple></setOutcomeValue></responseIf></responseCondition><responseCondition><responseIf><and><match><baseValue baseType="identifier">incorrect</baseValue><variable identifier="FEEDBACKBASIC" /></match></and><setOutcomeValue identifier="FEEDBACKMODAL"><multiple><variable identifier="FEEDBACKMODAL" /><baseValue baseType="identifier">Feedback213581829</baseValue></multiple></setOutcomeValue></responseIf></responseCondition></responseProcessing><modalFeedback  identifier="Feedback108364355" outcomeIdentifier="FEEDBACKMODAL" showHide="show" title="Richtig!" /><modalFeedback  identifier="Feedback213581829" outcomeIdentifier="FEEDBACKMODAL" showHide="show" title="Leider falsch!"><p>Lösung:</p><p>$$(<printedVariable identifier="fx" />):(<printedVariable identifier="gx" />)= <printedVariable identifier="hx" />$$</p></modalFeedback></assessmentItem>
