<?xml version="1.0" encoding="UTF-8"?>
<assessmentItem xmlns="http://www.imsglobal.org/xsd/imsqti_v2p1" xmlns:xsi="http://www.w3.org/2001/XMLSchema-instance" xsi:schemaLocation="http://www.imsglobal.org/xsd/imsqti_v2p1 http://www.imsglobal.org/xsd/qti/qtiv2p1/imsqti_v2p1p1.xsd http://www.w3.org/1998/Math/MathML http://www.w3.org/Math/XMLSchema/mathml2/mathml2.xsd" identifier="idd13ca0e0-d0fb-49d1-9672-1ee851fade2a" title="polynomdivision_07" adaptive="false" timeDependent="false"><imsqti:responseDeclaration xmlns:imsqti="http://www.imsglobal.org/xsd/imsqti_v2p1" identifier="RESPONSE_1413386467460" cardinality="single" baseType="string" /><imsqti:outcomeDeclaration xmlns:imsqti="http://www.imsglobal.org/xsd/imsqti_v2p1" identifier="SCORE" cardinality="single" baseType="float"><imsqti:defaultValue><imsqti:value>0</imsqti:value></imsqti:defaultValue></imsqti:outcomeDeclaration><imsqti:outcomeDeclaration xmlns:imsqti="http://www.imsglobal.org/xsd/imsqti_v2p1" identifier="MAXSCORE" cardinality="single" baseType="float"><imsqti:defaultValue><imsqti:value>1</imsqti:value></imsqti:defaultValue></imsqti:outcomeDeclaration><imsqti:outcomeDeclaration xmlns:imsqti="http://www.imsglobal.org/xsd/imsqti_v2p1" identifier="FEEDBACKBASIC" cardinality="single" baseType="identifier" view="testConstructor"><imsqti:defaultValue><imsqti:value>empty</imsqti:value></imsqti:defaultValue></imsqti:outcomeDeclaration><imsqti:templateDeclaration xmlns:imsqti="http://www.imsglobal.org/xsd/imsqti_v2p1" identifier="pm1" cardinality="single" baseType="string" /><imsqti:templateDeclaration xmlns:imsqti="http://www.imsglobal.org/xsd/imsqti_v2p1" identifier="pm2" cardinality="single" baseType="string" /><imsqti:templateDeclaration xmlns:imsqti="http://www.imsglobal.org/xsd/imsqti_v2p1" identifier="pm3" cardinality="single" baseType="string" /><imsqti:templateDeclaration xmlns:imsqti="http://www.imsglobal.org/xsd/imsqti_v2p1" identifier="z1" cardinality="single" baseType="integer" /><imsqti:templateDeclaration xmlns:imsqti="http://www.imsglobal.org/xsd/imsqti_v2p1" identifier="z2" cardinality="single" baseType="integer" /><imsqti:templateDeclaration xmlns:imsqti="http://www.imsglobal.org/xsd/imsqti_v2p1" identifier="z3" cardinality="single" baseType="integer" /><imsqti:templateDeclaration xmlns:imsqti="http://www.imsglobal.org/xsd/imsqti_v2p1" identifier="z4" cardinality="single" baseType="integer" /><imsqti:templateDeclaration xmlns:imsqti="http://www.imsglobal.org/xsd/imsqti_v2p1" identifier="poly1_tex" cardinality="single" baseType="string" /><imsqti:templateDeclaration xmlns:imsqti="http://www.imsglobal.org/xsd/imsqti_v2p1" identifier="poly2_tex" cardinality="single" baseType="string" /><imsqti:templateProcessing xmlns:imsqti="http://www.imsglobal.org/xsd/imsqti_v2p1"><imsqti:setTemplateValue identifier="pm1"><imsqti:random><imsqti:multiple><imsqti:baseValue baseType="string">+</imsqti:baseValue><imsqti:baseValue baseType="string">-</imsqti:baseValue></imsqti:multiple></imsqti:random></imsqti:setTemplateValue><imsqti:setTemplateValue identifier="pm2"><imsqti:random><imsqti:multiple><imsqti:baseValue baseType="string">+</imsqti:baseValue><imsqti:baseValue baseType="string">-</imsqti:baseValue></imsqti:multiple></imsqti:random></imsqti:setTemplateValue><imsqti:setTemplateValue identifier="pm3"><imsqti:random><imsqti:multiple><imsqti:baseValue baseType="string">+</imsqti:baseValue><imsqti:baseValue baseType="string">-</imsqti:baseValue></imsqti:multiple></imsqti:random></imsqti:setTemplateValue><imsqti:setTemplateValue identifier="z1"><imsqti:randomInteger min="2" max="5" /></imsqti:setTemplateValue><imsqti:setTemplateValue identifier="z2"><imsqti:randomInteger min="2" max="7" /></imsqti:setTemplateValue><imsqti:setTemplateValue identifier="z3"><imsqti:randomInteger min="2" max="6" /></imsqti:setTemplateValue><imsqti:setTemplateValue identifier="z4"><imsqti:randomInteger min="1" max="9" /></imsqti:setTemplateValue><imsqti:setTemplateValue identifier="poly1_tex"><imsqti:customOperator definition="MAXIMA" value="tex1(expand(($(1)*x^2$(2)(a$(3)$(4)))*($(5)*x$(6)$(7))))"><imsqti:variable identifier="z1" /><imsqti:variable identifier="pm1" /><imsqti:variable identifier="pm2" /><imsqti:variable identifier="z2" /><imsqti:variable identifier="z3" /><imsqti:variable identifier="pm3" /><imsqti:variable identifier="z4" /></imsqti:customOperator></imsqti:setTemplateValue><imsqti:setTemplateValue identifier="poly2_tex"><imsqti:customOperator definition="MAXIMA" value="tex1(expand($(1)*x^2$(2)(a$(3)$(4))))"><imsqti:variable identifier="z1" /><imsqti:variable identifier="pm1" /><imsqti:variable identifier="pm2" /><imsqti:variable identifier="z2" /></imsqti:customOperator></imsqti:setTemplateValue><imsqti:setCorrectResponse identifier="RESPONSE_1413386467460"><imsqti:customOperator definition="VARIABLESTRING" value="$(2)*x$(1)$(3)"><imsqti:variable identifier="pm3" /><imsqti:variable identifier="z3" /><imsqti:variable identifier="z4" /></imsqti:customOperator></imsqti:setCorrectResponse></imsqti:templateProcessing><itemBody ><p><span style="font-size: 10pt;">Vereinfachen Sie und geben Sie das Ergebnis an!</span></p><p><span style="font-size: 10pt;">$$\frac{<printedVariable identifier="poly1_tex" />}{<printedVariable identifier="poly2_tex" />}=$$ <textEntryInteraction responseIdentifier="RESPONSE_1413386467460" class="maxima-formula" /></span></p><p><span style="font-size: 10pt;"> </span></p><p><span style="font-size: 10pt;"><strong>Sie können Formeln wiefolgt eingeben (Beispiel): </strong>\(\frac12x^2+ax-1=\) </span><span style="font-size: 12pt;"><strong><span style="font-size: 10pt;">1/2 * x^2 + a*x - 1</span> </strong></span></p></itemBody><imsqti:responseProcessing xmlns:imsqti="http://www.imsglobal.org/xsd/imsqti_v2p1"><imsqti:responseCondition><imsqti:responseIf><imsqti:customOperator definition="MAXIMA" value="is(equal(num($(1)),num($(2))));" caseSensitive="false"><imsqti:variable identifier="RESPONSE_1413386467460" /><imsqti:correct identifier="RESPONSE_1413386467460" /></imsqti:customOperator><imsqti:setOutcomeValue identifier="SCORE"><imsqti:sum><imsqti:variable identifier="SCORE" /><imsqti:baseValue baseType="float">1</imsqti:baseValue></imsqti:sum></imsqti:setOutcomeValue></imsqti:responseIf></imsqti:responseCondition><imsqti:responseCondition><imsqti:responseIf><imsqti:not><imsqti:isNull><imsqti:variable identifier="RESPONSE_1413386467460" /></imsqti:isNull></imsqti:not><imsqti:setOutcomeValue identifier="FEEDBACKBASIC"><imsqti:baseValue baseType="identifier">incorrect</imsqti:baseValue></imsqti:setOutcomeValue></imsqti:responseIf></imsqti:responseCondition><imsqti:responseCondition><imsqti:responseIf><imsqti:and><imsqti:not><imsqti:match><imsqti:variable identifier="FEEDBACKBASIC" /><imsqti:baseValue baseType="identifier">empty</imsqti:baseValue></imsqti:match></imsqti:not><imsqti:equal toleranceMode="exact"><imsqti:variable identifier="SCORE" /><imsqti:variable identifier="MAXSCORE" /></imsqti:equal></imsqti:and><imsqti:setOutcomeValue identifier="FEEDBACKBASIC"><imsqti:baseValue baseType="identifier">correct</imsqti:baseValue></imsqti:setOutcomeValue></imsqti:responseIf></imsqti:responseCondition></imsqti:responseProcessing></assessmentItem>
