<?xml version="1.0" encoding="UTF-8"?>
<assessmentItem xmlns="http://www.imsglobal.org/xsd/imsqti_v2p1" xmlns:xsi="http://www.w3.org/2001/XMLSchema-instance" xsi:schemaLocation="http://www.imsglobal.org/xsd/imsqti_v2p1 http://www.imsglobal.org/xsd/qti/qtiv2p1/imsqti_v2p1p1.xsd http://www.w3.org/1998/Math/MathML http://www.w3.org/Math/XMLSchema/mathml2/mathml2.xsd" identifier="id2493d76e-9296-4d53-9ee8-aeb9e94649f2" title="kurvenintegral_03" adaptive="false" timeDependent="false"><responseDeclaration identifier="RESPONSE_1384165723428" cardinality="single" baseType="float"><correctResponse><value>0</value></correctResponse></responseDeclaration><outcomeDeclaration identifier="SCORE" cardinality="single" baseType="float"><defaultValue><value>0</value></defaultValue></outcomeDeclaration><outcomeDeclaration identifier="MAXSCORE" cardinality="single" baseType="float"><defaultValue><value>2</value></defaultValue></outcomeDeclaration><outcomeDeclaration identifier="FEEDBACKBASIC" cardinality="single" baseType="identifier" view="testConstructor"><defaultValue><value>empty</value></defaultValue></outcomeDeclaration><templateDeclaration identifier="a" cardinality="single" baseType="integer" /><templateDeclaration identifier="b" cardinality="single" baseType="integer" /><templateDeclaration identifier="sol" cardinality="single" baseType="integer" /><templateProcessing><setTemplateValue identifier="a"><randomInteger min="1" max="9" step="2" /></setTemplateValue><setTemplateValue identifier="b"><randomInteger min="2" max="8" step="2" /></setTemplateValue><setTemplateValue identifier="sol"><customOperator definition="MAXIMA" value="float($(1)*$(2));"><variable identifier="a" /><variable identifier="b" /></customOperator></setTemplateValue><setCorrectResponse identifier="RESPONSE_1384165723428"><variable identifier="sol" /></setCorrectResponse></templateProcessing><itemBody ><p>Wir betrachten das Integral</p><p>\(\displaystyle\frac1{\pi\mathrm i}\int_C\mathrm{Re}(z)\,\mathrm dz\),</p><p>wobei \(C=\displaystyle\left\{\frac{\mathrm{Re}(z)^2}{<printedVariable identifier="a" />^2}+\frac{\mathrm{Im}(z)^2}{<printedVariable identifier="b" />^2}=1\right\}\).</p><p>Ergebnis: <textEntryInteraction responseIdentifier="RESPONSE_1384165723428" expectedLength="5" /></p><p><strong>Hinweis: </strong>Es gilt die Beziehung</p><p>\(\displaystyle\int_0^{2\pi}\cos t\cdot \begin{cases}\sin t\,\mathrm dt=0\\ \cos t\,\mathrm dt =\pi\end{cases}\).</p></itemBody><responseProcessing><responseCondition><responseIf><equal toleranceMode="exact"><variable identifier="RESPONSE_1384165723428" /><correct identifier="RESPONSE_1384165723428" /></equal><setOutcomeValue identifier="SCORE"><sum><variable identifier="SCORE" /><baseValue baseType="float">2</baseValue></sum></setOutcomeValue></responseIf></responseCondition><responseCondition><responseIf><not><isNull><variable identifier="RESPONSE_1384165723428" /></isNull></not><setOutcomeValue identifier="FEEDBACKBASIC"><baseValue baseType="identifier">incorrect</baseValue></setOutcomeValue></responseIf></responseCondition><responseCondition><responseIf><and><not><match><variable identifier="FEEDBACKBASIC" /><baseValue baseType="identifier">empty</baseValue></match></not><equal toleranceMode="exact"><variable identifier="SCORE" /><variable identifier="MAXSCORE" /></equal></and><setOutcomeValue identifier="FEEDBACKBASIC"><baseValue baseType="identifier">correct</baseValue></setOutcomeValue></responseIf></responseCondition></responseProcessing></assessmentItem>
