<?xml version="1.0" encoding="UTF-8"?>
<assessmentItem xmlns="http://www.imsglobal.org/xsd/imsqti_v2p1" xmlns:xsi="http://www.w3.org/2001/XMLSchema-instance" xsi:schemaLocation="http://www.imsglobal.org/xsd/imsqti_v2p1 http://www.imsglobal.org/xsd/qti/qtiv2p1/imsqti_v2p1p1.xsd http://www.w3.org/1998/Math/MathML http://www.w3.org/Math/XMLSchema/mathml2/mathml2.xsd" identifier="ida4534fe9-6851-460c-a468-948ed4f5c19e" title="vereinfachung_brüche_02" adaptive="false" timeDependent="false"><responseDeclaration identifier="RESPONSE_1409821434370" cardinality="single" baseType="string" /><responseDeclaration identifier="RESPONSE_1409821430813" cardinality="single" baseType="string" /><outcomeDeclaration identifier="SCORE" cardinality="single" baseType="float"><defaultValue><value>0</value></defaultValue></outcomeDeclaration><outcomeDeclaration identifier="MAXSCORE" cardinality="single" baseType="float"><defaultValue><value>1</value></defaultValue></outcomeDeclaration><outcomeDeclaration identifier="FEEDBACKBASIC" cardinality="single" baseType="identifier" view="testConstructor"><defaultValue><value>empty</value></defaultValue></outcomeDeclaration><outcomeDeclaration identifier="FEEDBACKMODAL" cardinality="multiple" baseType="identifier" view="testConstructor" /><templateDeclaration identifier="a" cardinality="single" baseType="integer" /><templateDeclaration identifier="b" cardinality="single" baseType="integer" /><templateDeclaration identifier="c" cardinality="single" baseType="integer" /><templateDeclaration identifier="d" cardinality="single" baseType="integer" /><templateDeclaration identifier="ac" cardinality="single" baseType="integer" /><templateDeclaration identifier="ad" cardinality="single" baseType="integer" /><templateDeclaration identifier="bc" cardinality="single" baseType="integer" /><templateDeclaration identifier="bd" cardinality="single" baseType="integer" /><templateProcessing><setTemplateValue identifier="a"><randomInteger min="3" max="9" /></setTemplateValue><setTemplateValue identifier="b"><randomInteger min="3" max="9" /></setTemplateValue><templateCondition><templateIf><match><variable identifier="a" /><baseValue baseType="integer">3</baseValue></match><setTemplateValue identifier="b"><random><multiple><baseValue baseType="integer">4</baseValue><baseValue baseType="integer">5</baseValue><baseValue baseType="integer">7</baseValue><baseValue baseType="integer">8</baseValue></multiple></random></setTemplateValue></templateIf><templateElseIf><match><variable identifier="a" /><baseValue baseType="integer">4</baseValue></match><setTemplateValue identifier="b"><random><multiple><baseValue baseType="integer">3</baseValue><baseValue baseType="integer">5</baseValue><baseValue baseType="integer">7</baseValue><baseValue baseType="integer">9</baseValue></multiple></random></setTemplateValue></templateElseIf><templateElseIf><match><variable identifier="a" /><baseValue baseType="integer">5</baseValue></match><setTemplateValue identifier="b"><random><multiple><baseValue baseType="integer">2</baseValue><baseValue baseType="integer">3</baseValue><baseValue baseType="integer">4</baseValue><baseValue baseType="integer">6</baseValue><baseValue baseType="integer">7</baseValue><baseValue baseType="integer">8</baseValue><baseValue baseType="integer">9</baseValue></multiple></random></setTemplateValue></templateElseIf><templateElseIf><match><variable identifier="a" /><baseValue baseType="integer">6</baseValue></match><setTemplateValue identifier="b"><random><multiple><baseValue baseType="integer">5</baseValue><baseValue baseType="integer">7</baseValue></multiple></random></setTemplateValue></templateElseIf><templateElseIf><match><variable identifier="a" /><baseValue baseType="integer">7</baseValue></match><setTemplateValue identifier="b"><random><multiple><baseValue baseType="integer">3</baseValue><baseValue baseType="integer">4</baseValue><baseValue baseType="integer">5</baseValue><baseValue baseType="integer">6</baseValue><baseValue baseType="integer">8</baseValue><baseValue baseType="integer">9</baseValue></multiple></random></setTemplateValue></templateElseIf><templateElseIf><match><variable identifier="a" /><baseValue baseType="integer">8</baseValue></match><setTemplateValue identifier="b"><random><multiple><baseValue baseType="integer">3</baseValue><baseValue baseType="integer">5</baseValue><baseValue baseType="integer">7</baseValue><baseValue baseType="integer">9</baseValue></multiple></random></setTemplateValue></templateElseIf><templateElseIf><match><variable identifier="a" /><baseValue baseType="integer">9</baseValue></match><setTemplateValue identifier="b"><random><multiple><baseValue baseType="integer">2</baseValue><baseValue baseType="integer">4</baseValue><baseValue baseType="integer">5</baseValue><baseValue baseType="integer">7</baseValue><baseValue baseType="integer">8</baseValue></multiple></random></setTemplateValue></templateElseIf></templateCondition><setTemplateValue identifier="c"><randomInteger min="2" max="4" /></setTemplateValue><setTemplateValue identifier="d"><randomInteger min="5" max="7" /></setTemplateValue><setTemplateValue identifier="ac"><customOperator definition="MAXIMA" value="float($(1)*$(2));"><variable identifier="a" /><variable identifier="c" /></customOperator></setTemplateValue><setTemplateValue identifier="ad"><customOperator definition="MAXIMA" value="float($(1)*$(2));"><variable identifier="a" /><variable identifier="d" /></customOperator></setTemplateValue><setTemplateValue identifier="bc"><customOperator definition="MAXIMA" value="float($(1)*$(2));"><variable identifier="b" /><variable identifier="c" /></customOperator></setTemplateValue><setTemplateValue identifier="bd"><customOperator definition="MAXIMA" value="float($(1)*$(2));"><variable identifier="b" /><variable identifier="d" /></customOperator></setTemplateValue><setCorrectResponse identifier="RESPONSE_1409821434370"><customOperator definition="VARIABLESTRING" value="$(1)"><variable identifier="a" /></customOperator></setCorrectResponse><setCorrectResponse identifier="RESPONSE_1409821430813"><customOperator definition="VARIABLESTRING" value="$(1)"><variable identifier="b" /></customOperator></setCorrectResponse></templateProcessing><itemBody ><p>Vereinfachen Sie den folgenden Ausdruck soweit wie möglich.</p><p>$$\qquad\frac{<printedVariable identifier="ac" />a+<printedVariable identifier="ad" />b}{<printedVariable identifier="bc" />a+<printedVariable identifier="bd" />b} = \ldots = \frac{u}{v}$$</p><p> </p><p>Bitte ergänzen Sie die Lösung so, dass sowohl im Zähler als auch im Nenner <strong>keine Brüche</strong> und <strong>keine Dezimalzahlen</strong> auftauchen!</p><p><strong>Lösung:</strong> \(\qquad u = \) <textEntryInteraction responseIdentifier="RESPONSE_1409821434370" expectedLength="5" class="maxima-formula show-latex" />, \(v = \) <textEntryInteraction responseIdentifier="RESPONSE_1409821430813" expectedLength="5" class="maxima-formula show-latex" /></p><p> </p><p>Beispiel zur Formeleingabe:</p><ul><li>Lösung: \(\displaystyle\frac{9}{7z^3}\)</li><li>Eingabe: \(u=\)9, \(v=\)7*z^3 und <span style="text-decoration: underline;">nicht:</span> \(u=\) 9/7*z^-3, \(v=\) 1</li></ul></itemBody><responseProcessing><responseCondition><responseIf><customOperator definition="MAXIMA" value="is(equal(ev($(1)),ev($(2))));"><variable identifier="RESPONSE_1409821434370" /><correct identifier="RESPONSE_1409821434370" /></customOperator><setOutcomeValue identifier="SCORE"><sum><variable identifier="SCORE" /><baseValue baseType="float">0.5</baseValue></sum></setOutcomeValue></responseIf></responseCondition><responseCondition><responseIf><not><isNull><variable identifier="RESPONSE_1409821434370" /></isNull></not><setOutcomeValue identifier="FEEDBACKBASIC"><baseValue baseType="identifier">incorrect</baseValue></setOutcomeValue></responseIf></responseCondition><responseCondition><responseIf><customOperator definition="MAXIMA" value="is(equal(ev($(1)),ev($(2))));"><variable identifier="RESPONSE_1409821430813" /><correct identifier="RESPONSE_1409821430813" /></customOperator><setOutcomeValue identifier="SCORE"><sum><variable identifier="SCORE" /><baseValue baseType="float">0.5</baseValue></sum></setOutcomeValue></responseIf></responseCondition><responseCondition><responseIf><not><isNull><variable identifier="RESPONSE_1409821430813" /></isNull></not><setOutcomeValue identifier="FEEDBACKBASIC"><baseValue baseType="identifier">incorrect</baseValue></setOutcomeValue></responseIf></responseCondition><responseCondition><responseIf><and><not><match><variable identifier="FEEDBACKBASIC" /><baseValue baseType="identifier">empty</baseValue></match></not><equal toleranceMode="exact"><variable identifier="SCORE" /><variable identifier="MAXSCORE" /></equal></and><setOutcomeValue identifier="FEEDBACKBASIC"><baseValue baseType="identifier">correct</baseValue></setOutcomeValue></responseIf></responseCondition><responseCondition><responseIf><and><match><baseValue baseType="identifier">correct</baseValue><variable identifier="FEEDBACKBASIC" /></match></and><setOutcomeValue identifier="FEEDBACKMODAL"><multiple><variable identifier="FEEDBACKMODAL" /><baseValue baseType="identifier">Feedback1776338045</baseValue></multiple></setOutcomeValue></responseIf></responseCondition><responseCondition><responseIf><and><match><baseValue baseType="identifier">incorrect</baseValue><variable identifier="FEEDBACKBASIC" /></match></and><setOutcomeValue identifier="FEEDBACKMODAL"><multiple><variable identifier="FEEDBACKMODAL" /><baseValue baseType="identifier">Feedback2028907186</baseValue></multiple></setOutcomeValue></responseIf></responseCondition></responseProcessing><modalFeedback  identifier="Feedback1776338045" outcomeIdentifier="FEEDBACKMODAL" showHide="show" title="Richtig!"><p>Lösung:</p><p>$$\qquad\qquad\frac{<printedVariable identifier="ac" />a+<printedVariable identifier="ad" />b}{<printedVariable identifier="bc" />a+<printedVariable identifier="bd" />b} = \frac{<printedVariable identifier="a" />(<printedVariable identifier="c" />a+<printedVariable identifier="d" />b)}{<printedVariable identifier="b" />(<printedVariable identifier="c" />a+<printedVariable identifier="d" />b)} = \frac{<printedVariable identifier="a" />}{<printedVariable identifier="b" />}$$</p></modalFeedback><modalFeedback  identifier="Feedback2028907186" outcomeIdentifier="FEEDBACKMODAL" showHide="show" title="Leider falsch!"><p>Lösung:</p><p>$$\qquad\qquad\frac{<printedVariable identifier="ac" />a+<printedVariable identifier="ad" />b}{<printedVariable identifier="bc" />a+<printedVariable identifier="bd" />b} = \frac{<printedVariable identifier="a" />(<printedVariable identifier="c" />a+<printedVariable identifier="d" />b)}{<printedVariable identifier="b" />(<printedVariable identifier="c" />a+<printedVariable identifier="d" />b)} = \frac{<printedVariable identifier="a" />}{<printedVariable identifier="b" />}$$</p></modalFeedback></assessmentItem>
