<?xml version="1.0" encoding="UTF-8"?>
<assessmentItem xmlns="http://www.imsglobal.org/xsd/imsqti_v2p1" xmlns:xsi="http://www.w3.org/2001/XMLSchema-instance" xsi:schemaLocation="http://www.imsglobal.org/xsd/imsqti_v2p1 http://www.imsglobal.org/xsd/qti/qtiv2p1/imsqti_v2p1p1.xsd http://www.w3.org/1998/Math/MathML http://www.w3.org/Math/XMLSchema/mathml2/mathml2.xsd" identifier="id994a9698-dbbe-4037-9f47-a2e521780e21" title="AbleitungenVerketteteFunktionen" adaptive="false" timeDependent="false"><responseDeclaration identifier="RESPONSE_1405080462475" cardinality="single" baseType="string" /><responseDeclaration identifier="RESPONSE_1405082153224" cardinality="single" baseType="string" /><responseDeclaration identifier="RESPONSE_1405082380391" cardinality="single" baseType="string" /><responseDeclaration identifier="RESPONSE_1405082674269" cardinality="single" baseType="string" /><outcomeDeclaration identifier="SCORE" cardinality="single" baseType="float"><defaultValue><value>0</value></defaultValue></outcomeDeclaration><outcomeDeclaration identifier="MAXSCORE" cardinality="single" baseType="float"><defaultValue><value>8</value></defaultValue></outcomeDeclaration><outcomeDeclaration identifier="FEEDBACKBASIC" cardinality="single" baseType="identifier" view="testConstructor"><defaultValue><value>empty</value></defaultValue></outcomeDeclaration><templateDeclaration identifier="a" cardinality="single" baseType="integer" /><templateDeclaration identifier="a1" cardinality="single" baseType="integer" /><templateDeclaration identifier="a2" cardinality="single" baseType="integer" /><templateDeclaration identifier="b" cardinality="single" baseType="integer" /><templateDeclaration identifier="b1" cardinality="single" baseType="integer" /><templateDeclaration identifier="c" cardinality="single" baseType="integer" /><templateDeclaration identifier="d" cardinality="single" baseType="integer" /><templateDeclaration identifier="d1" cardinality="single" baseType="integer" /><templateDeclaration identifier="d2" cardinality="single" baseType="integer" /><templateProcessing><setTemplateValue identifier="a"><randomInteger min="2" max="5" /></setTemplateValue><setTemplateValue identifier="a1"><randomInteger min="3" max="7" /></setTemplateValue><setTemplateValue identifier="a2"><randomInteger min="5" max="9" /></setTemplateValue><setTemplateValue identifier="b"><randomInteger min="4" max="6" /></setTemplateValue><setTemplateValue identifier="b1"><randomInteger min="2" max="3" /></setTemplateValue><setTemplateValue identifier="c"><randomInteger min="3" max="10" /></setTemplateValue><setTemplateValue identifier="d"><randomInteger min="3" max="6" /></setTemplateValue><setTemplateValue identifier="d1"><randomInteger min="2" max="4" /></setTemplateValue><setTemplateValue identifier="d2"><randomInteger min="3" max="8" /></setTemplateValue><setCorrectResponse identifier="RESPONSE_1405080462475"><customOperator definition="VARIABLESTRING" value="((3*x^2-2*$(1)*x+2)*(x^2+$(3))-(x^3-$(1)*x^2+2*x+$(2))*2*x)/(x^2+$(3))^2"><variable identifier="a" /><variable identifier="a1" /><variable identifier="a2" /></customOperator></setCorrectResponse><setCorrectResponse identifier="RESPONSE_1405082153224"><customOperator definition="VARIABLESTRING" value="-((2*x)/(3*(1+x^2)^(4/3)))-$(1)*$(2)*x^($(2)-1)"><variable identifier="b" /><variable identifier="b1" /></customOperator></setCorrectResponse><setCorrectResponse identifier="RESPONSE_1405082380391"><customOperator definition="VARIABLESTRING" value="$(1)^(5*x^2+3)*log($(1))*10*x"><variable identifier="c" /></customOperator></setCorrectResponse><setCorrectResponse identifier="RESPONSE_1405082674269"><customOperator definition="VARIABLESTRING" value="$(1)*2*$(2)*($(2)*x+1)*%e^($(2)*x+1)^2+$(3)*sin(x)"><variable identifier="d" /><variable identifier="d1" /><variable identifier="d2" /></customOperator></setCorrectResponse></templateProcessing><itemBody ><p>Bestimmen Sie die erste Ableitung der folgenden Funktionen:</p><p>a) f(x)= \(\frac{x^3-<printedVariable identifier="a" />x^2+2x+<printedVariable identifier="a1" />}{x^2+<printedVariable identifier="a2" />}\)</p><p>b) g(x)= \(\frac{1}{\sqrt[3]{1+x^2}}-<printedVariable identifier="b" />x^<printedVariable identifier="b1" />\)</p><p>c) h(x)= \(<printedVariable identifier="c" />^{(5x^2+3)}\)</p><p>d) d(x)=\(<printedVariable identifier="d" />e^{(<printedVariable identifier="d1" />x+1)^2} - <printedVariable identifier="d2" />cos(x)\)</p><p>Geben Sie das Ergebnis in Maxima-Schreibweise ein:</p><p>f'(x)= <textEntryInteraction responseIdentifier="RESPONSE_1405080462475" class="maxima-formula show-latex show-syntax-error" /></p><p>g'(x)= <textEntryInteraction responseIdentifier="RESPONSE_1405082153224" class="maxima-formula show-latex show-syntax-error" /></p><p>h'(x)= <textEntryInteraction responseIdentifier="RESPONSE_1405082380391" class="maxima-formula show-latex show-syntax-error" /></p><p>d'(x)= <textEntryInteraction responseIdentifier="RESPONSE_1405082674269" class="maxima-formula show-latex show-syntax-error" /></p></itemBody><responseProcessing><responseCondition><responseIf><customOperator definition="MAXIMA" value="is(equal(ev($(1)),ev($(2))));"><variable identifier="RESPONSE_1405080462475" /><correct identifier="RESPONSE_1405080462475" /></customOperator><setOutcomeValue identifier="SCORE"><sum><variable identifier="SCORE" /><baseValue baseType="float">2</baseValue></sum></setOutcomeValue></responseIf></responseCondition><responseCondition><responseIf><not><isNull><variable identifier="RESPONSE_1405080462475" /></isNull></not><setOutcomeValue identifier="FEEDBACKBASIC"><baseValue baseType="identifier">incorrect</baseValue></setOutcomeValue></responseIf></responseCondition><responseCondition><responseIf><customOperator definition="MAXIMA" value="is(equal(ev($(1)),ev($(2))));"><variable identifier="RESPONSE_1405082153224" /><correct identifier="RESPONSE_1405082153224" /></customOperator><setOutcomeValue identifier="SCORE"><sum><variable identifier="SCORE" /><baseValue baseType="float">2</baseValue></sum></setOutcomeValue></responseIf></responseCondition><responseCondition><responseIf><not><isNull><variable identifier="RESPONSE_1405082153224" /></isNull></not><setOutcomeValue identifier="FEEDBACKBASIC"><baseValue baseType="identifier">incorrect</baseValue></setOutcomeValue></responseIf></responseCondition><responseCondition><responseIf><customOperator definition="MAXIMA" value="is(equal(ev($(1)),ev($(2))));"><variable identifier="RESPONSE_1405082380391" /><correct identifier="RESPONSE_1405082380391" /></customOperator><setOutcomeValue identifier="SCORE"><sum><variable identifier="SCORE" /><baseValue baseType="float">2</baseValue></sum></setOutcomeValue></responseIf></responseCondition><responseCondition><responseIf><not><isNull><variable identifier="RESPONSE_1405082380391" /></isNull></not><setOutcomeValue identifier="FEEDBACKBASIC"><baseValue baseType="identifier">incorrect</baseValue></setOutcomeValue></responseIf></responseCondition><responseCondition><responseIf><customOperator definition="MAXIMA" value="is(equal(ev($(1)),ev($(2))));"><variable identifier="RESPONSE_1405082674269" /><correct identifier="RESPONSE_1405082674269" /></customOperator><setOutcomeValue identifier="SCORE"><sum><variable identifier="SCORE" /><baseValue baseType="float">2</baseValue></sum></setOutcomeValue></responseIf></responseCondition><responseCondition><responseIf><not><isNull><variable identifier="RESPONSE_1405082674269" /></isNull></not><setOutcomeValue identifier="FEEDBACKBASIC"><baseValue baseType="identifier">incorrect</baseValue></setOutcomeValue></responseIf></responseCondition><responseCondition><responseIf><and><not><match><variable identifier="FEEDBACKBASIC" /><baseValue baseType="identifier">empty</baseValue></match></not><equal toleranceMode="exact"><variable identifier="SCORE" /><variable identifier="MAXSCORE" /></equal></and><setOutcomeValue identifier="FEEDBACKBASIC"><baseValue baseType="identifier">correct</baseValue></setOutcomeValue></responseIf></responseCondition></responseProcessing></assessmentItem>
