<?xml version="1.0" encoding="UTF-8"?>
<assessmentItem xmlns="http://www.imsglobal.org/xsd/imsqti_v2p1" xmlns:xsi="http://www.w3.org/2001/XMLSchema-instance" xsi:schemaLocation="http://www.imsglobal.org/xsd/imsqti_v2p1 http://www.imsglobal.org/xsd/qti/qtiv2p1/imsqti_v2p1p1.xsd http://www.w3.org/1998/Math/MathML http://www.w3.org/Math/XMLSchema/mathml2/mathml2.xsd" identifier="id1f498c15-e21e-49cb-921d-30f9e7fcdb2e" title="Eigenwerte_3x3_01" adaptive="false" timeDependent="false"><responseDeclaration identifier="RESPONSE_1404918154065" cardinality="single" baseType="float"><correctResponse><value>0</value></correctResponse></responseDeclaration><responseDeclaration identifier="RESPONSE_1404918160990" cardinality="single" baseType="float"><correctResponse><value>0</value></correctResponse></responseDeclaration><responseDeclaration identifier="RESPONSE_1404918169340" cardinality="single" baseType="float"><correctResponse><value>0</value></correctResponse></responseDeclaration><outcomeDeclaration identifier="SCORE" cardinality="single" baseType="float"><defaultValue><value>0</value></defaultValue></outcomeDeclaration><outcomeDeclaration identifier="MAXSCORE" cardinality="single" baseType="float"><defaultValue><value>3</value></defaultValue></outcomeDeclaration><outcomeDeclaration identifier="FEEDBACKBASIC" cardinality="single" baseType="identifier" view="testConstructor"><defaultValue><value>empty</value></defaultValue></outcomeDeclaration><templateDeclaration identifier="lam1" cardinality="single" baseType="integer" /><templateDeclaration identifier="lam2" cardinality="single" baseType="integer" /><templateDeclaration identifier="lam3" cardinality="single" baseType="integer" /><templateDeclaration identifier="sign1" cardinality="single" baseType="integer" /><templateDeclaration identifier="sign2" cardinality="single" baseType="integer" /><templateDeclaration identifier="sign3" cardinality="single" baseType="integer" /><templateDeclaration identifier="lambda1" cardinality="single" baseType="integer" /><templateDeclaration identifier="lambda2" cardinality="single" baseType="integer" /><templateDeclaration identifier="lambda3" cardinality="single" baseType="integer" /><templateDeclaration identifier="a11" cardinality="single" baseType="integer" /><templateDeclaration identifier="a12" cardinality="single" baseType="integer" /><templateDeclaration identifier="a13" cardinality="single" baseType="integer" /><templateDeclaration identifier="a21" cardinality="single" baseType="integer" /><templateDeclaration identifier="a22" cardinality="single" baseType="integer" /><templateDeclaration identifier="a23" cardinality="single" baseType="integer" /><templateDeclaration identifier="a31" cardinality="single" baseType="integer" /><templateDeclaration identifier="a32" cardinality="single" baseType="integer" /><templateDeclaration identifier="a33" cardinality="single" baseType="integer" /><templateDeclaration identifier="solution1" cardinality="single" baseType="integer" /><templateDeclaration identifier="solution2" cardinality="single" baseType="integer" /><templateDeclaration identifier="solution3" cardinality="single" baseType="integer" /><templateProcessing><setTemplateValue identifier="lam1"><randomInteger min="1" max="10" /></setTemplateValue><setTemplateValue identifier="lam2"><randomInteger min="1" max="10" /></setTemplateValue><setTemplateValue identifier="lam3"><randomInteger min="1" max="10" /></setTemplateValue><setTemplateValue identifier="sign1"><random><multiple><baseValue baseType="integer">1</baseValue><baseValue baseType="integer">-1</baseValue></multiple></random></setTemplateValue><setTemplateValue identifier="sign2"><random><multiple><baseValue baseType="integer">1</baseValue><baseValue baseType="integer">-1</baseValue></multiple></random></setTemplateValue><setTemplateValue identifier="sign3"><random><multiple><baseValue baseType="integer">1</baseValue><baseValue baseType="integer">-1</baseValue></multiple></random></setTemplateValue><setTemplateValue identifier="lambda1"><customOperator definition="MAXIMA" value="float($(1)*$(2));"><variable identifier="sign1" /><variable identifier="lam1" /></customOperator></setTemplateValue><setTemplateValue identifier="lambda2"><customOperator definition="MAXIMA" value="float($(1)*$(2));"><variable identifier="sign2" /><variable identifier="lam2" /></customOperator></setTemplateValue><setTemplateValue identifier="lambda3"><customOperator definition="MAXIMA" value="float($(1)*$(2));"><variable identifier="sign3" /><variable identifier="lam3" /></customOperator></setTemplateValue><setTemplateValue identifier="a11"><customOperator definition="MAXIMA" value="float(-5*$(1)+6*$(2));"><variable identifier="lambda2" /><variable identifier="lambda3" /></customOperator></setTemplateValue><setTemplateValue identifier="a12"><customOperator definition="MAXIMA" value="float($(1)+3*$(2)-4*$(3));"><variable identifier="lambda1" /><variable identifier="lambda2" /><variable identifier="lambda3" /></customOperator></setTemplateValue><setTemplateValue identifier="a13"><customOperator definition="MAXIMA" value="float($(1)+$(2)-2*$(3));"><variable identifier="lambda1" /><variable identifier="lambda2" /><variable identifier="lambda3" /></customOperator></setTemplateValue><setTemplateValue identifier="a21"><customOperator definition="MAXIMA" value="float(-15*$(1)+15*$(2));"><variable identifier="lambda2" /><variable identifier="lambda3" /></customOperator></setTemplateValue><setTemplateValue identifier="a22"><customOperator definition="MAXIMA" value="float(2*$(1)+9*$(2)-10*$(3));"><variable identifier="lambda1" /><variable identifier="lambda2" /><variable identifier="lambda3" /></customOperator></setTemplateValue><setTemplateValue identifier="a23"><customOperator definition="MAXIMA" value="float(2*$(1)+3*$(2)-5*$(3));"><variable identifier="lambda1" /><variable identifier="lambda2" /><variable identifier="lambda3" /></customOperator></setTemplateValue><setTemplateValue identifier="a31"><customOperator definition="MAXIMA" value="float(15*$(1)-15*$(2));"><variable identifier="lambda2" /><variable identifier="lambda3" /></customOperator></setTemplateValue><setTemplateValue identifier="a32"><customOperator definition="MAXIMA" value="float(-$(1)-9*$(2)+10*$(3));"><variable identifier="lambda1" /><variable identifier="lambda2" /><variable identifier="lambda3" /></customOperator></setTemplateValue><setTemplateValue identifier="a33"><customOperator definition="MAXIMA" value="float(-$(1)-3*$(2)+5*$(3));"><variable identifier="lambda1" /><variable identifier="lambda2" /><variable identifier="lambda3" /></customOperator></setTemplateValue><setTemplateValue identifier="solution1"><customOperator definition="MAXIMA" value="float(min($(1),$(2),$(3)));"><variable identifier="lambda1" /><variable identifier="lambda2" /><variable identifier="lambda3" /></customOperator></setTemplateValue><setTemplateValue identifier="solution2"><customOperator definition="MAXIMA" value="float(second(sort([$(1),$(2),$(3)])));"><variable identifier="lambda1" /><variable identifier="lambda2" /><variable identifier="lambda3" /></customOperator></setTemplateValue><setTemplateValue identifier="solution3"><customOperator definition="MAXIMA" value="float(max($(1),$(2),$(3)));"><variable identifier="lambda1" /><variable identifier="lambda2" /><variable identifier="lambda3" /></customOperator></setTemplateValue><setCorrectResponse identifier="RESPONSE_1404918154065"><variable identifier="solution1" /></setCorrectResponse><setCorrectResponse identifier="RESPONSE_1404918160990"><variable identifier="solution2" /></setCorrectResponse><setCorrectResponse identifier="RESPONSE_1404918169340"><variable identifier="solution3" /></setCorrectResponse></templateProcessing><itemBody ><p>Bestimmen Sie die Eigenwerte der Matrix $$A$$.</p><p>$$A = \begin{pmatrix} <printedVariable identifier="a11" /> &amp; <printedVariable identifier="a12" /> &amp; <printedVariable identifier="a13" /> \\ <printedVariable identifier="a21" /> &amp; <printedVariable identifier="a22" /> &amp; <printedVariable identifier="a23" /> \\ <printedVariable identifier="a31" /> &amp; <printedVariable identifier="a32" /> &amp; <printedVariable identifier="a33" /> \end{pmatrix}$$</p><p>Ordnen Sie die Eigenwerte beginnen mit dem Kleinsten. Mehrfach auftretende Eigenwerte tragen Sie bitte mehrfach ein.</p><p>$$\lambda_1 = $$<textEntryInteraction responseIdentifier="RESPONSE_1404918154065" /></p><p>$$\lambda_2 = $$<textEntryInteraction responseIdentifier="RESPONSE_1404918160990" /></p><p>$$\lambda_3 = $$<textEntryInteraction responseIdentifier="RESPONSE_1404918169340" /></p></itemBody><responseProcessing><responseCondition><responseIf><equal toleranceMode="exact"><variable identifier="RESPONSE_1404918154065" /><correct identifier="RESPONSE_1404918154065" /></equal><setOutcomeValue identifier="SCORE"><sum><variable identifier="SCORE" /><baseValue baseType="float">1</baseValue></sum></setOutcomeValue></responseIf></responseCondition><responseCondition><responseIf><not><isNull><variable identifier="RESPONSE_1404918154065" /></isNull></not><setOutcomeValue identifier="FEEDBACKBASIC"><baseValue baseType="identifier">incorrect</baseValue></setOutcomeValue></responseIf></responseCondition><responseCondition><responseIf><equal toleranceMode="exact"><variable identifier="RESPONSE_1404918160990" /><correct identifier="RESPONSE_1404918160990" /></equal><setOutcomeValue identifier="SCORE"><sum><variable identifier="SCORE" /><baseValue baseType="float">1</baseValue></sum></setOutcomeValue></responseIf></responseCondition><responseCondition><responseIf><not><isNull><variable identifier="RESPONSE_1404918160990" /></isNull></not><setOutcomeValue identifier="FEEDBACKBASIC"><baseValue baseType="identifier">incorrect</baseValue></setOutcomeValue></responseIf></responseCondition><responseCondition><responseIf><equal toleranceMode="exact"><variable identifier="RESPONSE_1404918169340" /><correct identifier="RESPONSE_1404918169340" /></equal><setOutcomeValue identifier="SCORE"><sum><variable identifier="SCORE" /><baseValue baseType="float">1</baseValue></sum></setOutcomeValue></responseIf></responseCondition><responseCondition><responseIf><not><isNull><variable identifier="RESPONSE_1404918169340" /></isNull></not><setOutcomeValue identifier="FEEDBACKBASIC"><baseValue baseType="identifier">incorrect</baseValue></setOutcomeValue></responseIf></responseCondition><responseCondition><responseIf><and><not><match><variable identifier="FEEDBACKBASIC" /><baseValue baseType="identifier">empty</baseValue></match></not><equal toleranceMode="exact"><variable identifier="SCORE" /><variable identifier="MAXSCORE" /></equal></and><setOutcomeValue identifier="FEEDBACKBASIC"><baseValue baseType="identifier">correct</baseValue></setOutcomeValue></responseIf></responseCondition></responseProcessing></assessmentItem>
