<?xml version="1.0" encoding="UTF-8"?>
<assessmentItem xmlns="http://www.imsglobal.org/xsd/imsqti_v2p1" xmlns:xsi="http://www.w3.org/2001/XMLSchema-instance" xsi:schemaLocation="http://www.imsglobal.org/xsd/imsqti_v2p1 http://www.imsglobal.org/xsd/qti/qtiv2p1/imsqti_v2p1p1.xsd http://www.w3.org/1998/Math/MathML http://www.w3.org/Math/XMLSchema/mathml2/mathml2.xsd" identifier="id33679814-b56e-4d85-aff6-49a9e9f1278a" title="diffbarkeit_komplex_01" adaptive="false" timeDependent="false"><responseDeclaration identifier="RESPONSE_1" cardinality="multiple" baseType="identifier"><correctResponse><value>choice_746194246</value><value>choice_926485224</value></correctResponse><mapping defaultValue="0" lowerBound="0.0"><mapEntry mapKey="choice_1398589009" mappedValue="-1.0" /><mapEntry mapKey="choice_486899764" mappedValue="-1.0" /><mapEntry mapKey="choice_746194246" mappedValue="1.0" /><mapEntry mapKey="choice_926485224" mappedValue="1.0" /><mapEntry mapKey="choice_300868996" mappedValue="-1.0" /></mapping></responseDeclaration><outcomeDeclaration identifier="SCORE" cardinality="single" baseType="float"><defaultValue><value>0</value></defaultValue></outcomeDeclaration><outcomeDeclaration identifier="MAXSCORE" cardinality="single" baseType="float"><defaultValue><value>2</value></defaultValue></outcomeDeclaration><outcomeDeclaration identifier="FEEDBACKBASIC" cardinality="single" baseType="identifier" view="testConstructor"><defaultValue><value>empty</value></defaultValue></outcomeDeclaration><itemBody ><p>Wir betrachten die Funktion  \(f(z)=f(x+\mathrm iy)=\frac13x^3+\mathrm i(2y-\frac13y^3)\).</p><p>Welche der folgenden Aussagen sind richtig?</p><choiceInteraction responseIdentifier="RESPONSE_1" shuffle="true" maxChoices="0"><simpleChoice identifier="choice_1398589009"><p>die Funktion ist komplex differenzierbar im Nullpunkt</p></simpleChoice><simpleChoice identifier="choice_486899764"><p>die Funktion ist komplex differenzierbar im Punkt \(z= 2\mathrm i\)</p></simpleChoice><simpleChoice identifier="choice_746194246"><p>die Funktion ist nirgends holomorph</p></simpleChoice><simpleChoice identifier="choice_926485224"><p>die Funktion ist komplex differenzierbar im Punkt \(z= 1 +\mathrm i\)</p></simpleChoice><simpleChoice identifier="choice_300868996"><p>die Funktion ist nirgends komplex differenzierbar</p></simpleChoice></choiceInteraction></itemBody><responseProcessing><responseCondition><responseIf><not><isNull><variable identifier="RESPONSE_1" /></isNull></not><setOutcomeValue identifier="SCORE"><sum><variable identifier="SCORE" /><mapResponse identifier="RESPONSE_1" /></sum></setOutcomeValue><setOutcomeValue identifier="FEEDBACKBASIC"><baseValue baseType="identifier">incorrect</baseValue></setOutcomeValue></responseIf></responseCondition><responseCondition><responseIf><and><not><match><variable identifier="FEEDBACKBASIC" /><baseValue baseType="identifier">empty</baseValue></match></not><equal toleranceMode="exact"><variable identifier="SCORE" /><variable identifier="MAXSCORE" /></equal></and><setOutcomeValue identifier="FEEDBACKBASIC"><baseValue baseType="identifier">correct</baseValue></setOutcomeValue></responseIf></responseCondition></responseProcessing></assessmentItem>
