<?xml version="1.0" encoding="UTF-8"?>
<assessmentItem xmlns="http://www.imsglobal.org/xsd/imsqti_v2p1" xmlns:xsi="http://www.w3.org/2001/XMLSchema-instance" xsi:schemaLocation="http://www.imsglobal.org/xsd/imsqti_v2p1 http://www.imsglobal.org/xsd/qti/qtiv2p1/imsqti_v2p1p1.xsd http://www.w3.org/1998/Math/MathML http://www.w3.org/Math/XMLSchema/mathml2/mathml2.xsd" identifier="id868fc1ec-e1d9-425f-9db9-bede5321b1d0" title="textaufgabe_2variablen_03" adaptive="false" timeDependent="false"><responseDeclaration identifier="RESPONSE_1417704209617" cardinality="single" baseType="float"><correctResponse><value>0</value></correctResponse></responseDeclaration><responseDeclaration identifier="RESPONSE_1417704222757" cardinality="single" baseType="float"><correctResponse><value>0</value></correctResponse></responseDeclaration><outcomeDeclaration identifier="SCORE" cardinality="single" baseType="float"><defaultValue><value>0</value></defaultValue></outcomeDeclaration><outcomeDeclaration identifier="MAXSCORE" cardinality="single" baseType="float"><defaultValue><value>1</value></defaultValue></outcomeDeclaration><outcomeDeclaration identifier="FEEDBACKBASIC" cardinality="single" baseType="identifier" view="testConstructor"><defaultValue><value>empty</value></defaultValue></outcomeDeclaration><outcomeDeclaration identifier="FEEDBACKMODAL" cardinality="multiple" baseType="identifier" view="testConstructor" /><templateDeclaration identifier="piraten" cardinality="single" baseType="integer" /><templateDeclaration identifier="raeuber" cardinality="single" baseType="integer" /><templateDeclaration identifier="a" cardinality="single" baseType="integer" /><templateDeclaration identifier="b" cardinality="single" baseType="integer" /><templateDeclaration identifier="c" cardinality="single" baseType="integer" /><templateDeclaration identifier="d" cardinality="single" baseType="integer" /><templateDeclaration identifier="e" cardinality="single" baseType="integer" /><templateDeclaration identifier="f" cardinality="single" baseType="integer" /><templateProcessing><setTemplateValue identifier="piraten"><randomInteger min="4" max="14" /></setTemplateValue><setTemplateValue identifier="raeuber"><randomInteger min="4" max="17" /></setTemplateValue><setTemplateValue identifier="a"><randomInteger min="2" max="10" step="2" /></setTemplateValue><setTemplateValue identifier="b"><randomInteger min="3" max="11" step="2" /></setTemplateValue><setTemplateValue identifier="c"><randomInteger min="5" max="11" step="2" /></setTemplateValue><setTemplateValue identifier="d"><randomInteger min="2" max="10" step="2" /></setTemplateValue><setTemplateValue identifier="e"><customOperator definition="MAXIMA" value="float($(1)*$(2)+$(3)*$(4));"><variable identifier="a" /><variable identifier="raeuber" /><variable identifier="b" /><variable identifier="piraten" /></customOperator></setTemplateValue><setTemplateValue identifier="f"><customOperator definition="MAXIMA" value="float($(1)*$(2)+$(3)*$(4));"><variable identifier="c" /><variable identifier="raeuber" /><variable identifier="d" /><variable identifier="piraten" /></customOperator></setTemplateValue><setCorrectResponse identifier="RESPONSE_1417704209617"><variable identifier="raeuber" /></setCorrectResponse><setCorrectResponse identifier="RESPONSE_1417704222757"><variable identifier="piraten" /></setCorrectResponse></templateProcessing><itemBody ><p><strong>Lösen Sie mithilfe eines Gleichungssystems!</strong></p><p>Räuber und Piraten nehmen an einem großen Gelage teil. Jeder der anwesenden Räuber isst <printedVariable identifier="a" /> Hühnchen und trinkt <printedVariable identifier="c" /> Bier. Ein Pirat dagegen isst <printedVariable identifier="b" /> Hühnchen und trinkt <printedVariable identifier="d" /> Bier.<br /> Zusammen werden bei dem großen Mahl <printedVariable identifier="e" /> Hühnchen gegessen und <printedVariable identifier="f" /> Bier getrunken.<br /> <br /> Wieviele Räuber und Piraten haben an dem Gelage teilgenommen?</p><p><textEntryInteraction responseIdentifier="RESPONSE_1417704209617" expectedLength="3" /> Räuber und <textEntryInteraction responseIdentifier="RESPONSE_1417704222757" expectedLength="3" /> Piraten.</p></itemBody><responseProcessing><responseCondition><responseIf><equal toleranceMode="exact"><variable identifier="RESPONSE_1417704209617" /><correct identifier="RESPONSE_1417704209617" /></equal><setOutcomeValue identifier="SCORE"><sum><variable identifier="SCORE" /><baseValue baseType="float">0.5</baseValue></sum></setOutcomeValue></responseIf></responseCondition><responseCondition><responseIf><not><isNull><variable identifier="RESPONSE_1417704209617" /></isNull></not><setOutcomeValue identifier="FEEDBACKBASIC"><baseValue baseType="identifier">incorrect</baseValue></setOutcomeValue></responseIf></responseCondition><responseCondition><responseIf><equal toleranceMode="exact"><variable identifier="RESPONSE_1417704222757" /><correct identifier="RESPONSE_1417704222757" /></equal><setOutcomeValue identifier="SCORE"><sum><variable identifier="SCORE" /><baseValue baseType="float">0.5</baseValue></sum></setOutcomeValue></responseIf></responseCondition><responseCondition><responseIf><not><isNull><variable identifier="RESPONSE_1417704222757" /></isNull></not><setOutcomeValue identifier="FEEDBACKBASIC"><baseValue baseType="identifier">incorrect</baseValue></setOutcomeValue></responseIf></responseCondition><responseCondition><responseIf><and><not><match><variable identifier="FEEDBACKBASIC" /><baseValue baseType="identifier">empty</baseValue></match></not><equal toleranceMode="exact"><variable identifier="SCORE" /><variable identifier="MAXSCORE" /></equal></and><setOutcomeValue identifier="FEEDBACKBASIC"><baseValue baseType="identifier">correct</baseValue></setOutcomeValue></responseIf></responseCondition><responseCondition><responseIf><and><match><baseValue baseType="identifier">correct</baseValue><variable identifier="FEEDBACKBASIC" /></match></and><setOutcomeValue identifier="FEEDBACKMODAL"><multiple><variable identifier="FEEDBACKMODAL" /><baseValue baseType="identifier">Feedback1125235000</baseValue></multiple></setOutcomeValue></responseIf></responseCondition><responseCondition><responseIf><and><match><baseValue baseType="identifier">incorrect</baseValue><variable identifier="FEEDBACKBASIC" /></match></and><setOutcomeValue identifier="FEEDBACKMODAL"><multiple><variable identifier="FEEDBACKMODAL" /><baseValue baseType="identifier">Feedback59890620</baseValue></multiple></setOutcomeValue></responseIf></responseCondition></responseProcessing><modalFeedback  identifier="Feedback1125235000" outcomeIdentifier="FEEDBACKMODAL" showHide="show" title="Richtig!" /><modalFeedback  identifier="Feedback59890620" outcomeIdentifier="FEEDBACKMODAL" showHide="show" title="Leider falsch!"><p>Lösung:</p><p>\(x_1 - \) Anzahl der Räuber \(\qquad\qquad x_2 - \) Anzahl der Piraten</p><p> </p><p>\( \begin{matrix} <printedVariable identifier="a" />x_1 &amp; + &amp; <printedVariable identifier="b" />x_2 &amp; = &amp; <printedVariable identifier="e" /> \\ <printedVariable identifier="c" />x_1 &amp; + &amp; <printedVariable identifier="d" />x_2 &amp; = &amp; <printedVariable identifier="f" /> \end{matrix}\) \(\Big\} \qquad\Rightarrow x_1 = <printedVariable identifier="raeuber" /> , x_2 = <printedVariable identifier="piraten" />\)</p></modalFeedback></assessmentItem>
