<?xml version="1.0" encoding="UTF-8"?>
<manifest
	xmlns="http://www.imsglobal.org/xsd/imscp_v1p1"
	xmlns:xsi="http://www.w3.org/2001/XMLSchema-instance" 
	xsi:schemaLocation="http://www.imsglobal.org/xsd/imscp_v1p1 http://www.imsglobal.org/xsd/qti/qtiv2p1/qtiv2p1_imscpv1p2_v1p0.xsd 
											http://www.imsglobal.org/xsd/imsqti_v2p1 http://www.imsglobal.org/xsd/qti/qtiv2p1/imsqti_v2p1p1.xsd 
											http://www.imsglobal.org/xsd/imsqti_metadata_v2p1 http://www.imsglobal.org/xsd/qti/qtiv2p1/imsqti_metadata_v2p1p1.xsd
											http://ltsc.ieee.org/xsd/LOM http://www.imsglobal.org/xsd/imsmd_loose_v1p3p2.xsd"
	identifier="manifestID">
	<metadata>
		<schema>QTIv2.1 Package</schema>
    <schemaversion>1.0.0</schemaversion>
  </metadata>
	<organizations />
	<resources>
		<resource identifier="id4a8f2f29_b197_4357_bc54_daaa3ecfb59e" type="imsqti_item_xmlv2p1" href="id4a8f2f29-b197-4357-bc54-daaa3ecfb59e.xml"><metadata><lom xmlns="http://ltsc.ieee.org/xsd/LOM"><general ><identifier><entry>id4a8f2f29-b197-4357-bc54-daaa3ecfb59e</entry></identifier><title><string language="en_US">potenzreihe_holomorphie</string></title><language>de</language><keyword><string language="en_US">Konvergenzbereich</string></keyword><keyword><string language="en_US">Konvergenzradius</string></keyword><keyword><string language="en_US">Potenzreihe</string></keyword></general><lifeCycle ><contribute><date><dateTime>2014-06-19T10:03:54</dateTime></date><role><source>LOMv1.0</source><value>author</value></role><entity>BEGIN:VCARD&#xD;
VERSION:4.0&#xD;
FN:nesfr@tu-chemnitz.de&#xD;
PRODID:ONYX Editor 5.6.4&#xD;
END:VCARD&#xD;
</entity></contribute></lifeCycle><educational ><learningResourceType><source>QTIv2.1</source><value>AssessmentItem</value></learningResourceType></educational><classification ><purpose><source>LOMv1.0</source><value>discipline</value></purpose><taxonPath><source><string language="en_US">Unknown</string></source><taxon><entry><string language="en_US">Mathematik.Analysis.Funktionentheorie.Grundbegriffe und Definitionen</string></entry></taxon></taxonPath></classification><qtiMetadata xmlns="http://www.imsglobal.org/xsd/imsqti_metadata_v2p1"><interactionType >choiceInteraction</interactionType><toolName >ONYX Editor</toolName><toolVersion >5.6.4</toolVersion><toolVendor >BPS Bildungsportal Sachsen GmbH</toolVendor></qtiMetadata></lom></metadata><file href="id4a8f2f29-b197-4357-bc54-daaa3ecfb59e.xml" /></resource>
	</resources>
</manifest>
