<?xml version="1.0" encoding="UTF-8"?>
<assessmentItem xmlns="http://www.imsglobal.org/xsd/imsqti_v2p1" xmlns:xsi="http://www.w3.org/2001/XMLSchema-instance" xsi:schemaLocation="http://www.imsglobal.org/xsd/imsqti_v2p1 http://www.imsglobal.org/xsd/qti/qtiv2p1/imsqti_v2p1p1.xsd http://www.w3.org/1998/Math/MathML http://www.w3.org/Math/XMLSchema/mathml2/mathml2.xsd" identifier="id48ee9986-bd29-4d0c-a6b1-1eb850f4f9c6" title="3x3MatrixInverseBerechnen" adaptive="false" timeDependent="false"><responseDeclaration identifier="RESPONSE_1409577165484" cardinality="single" baseType="string" /><outcomeDeclaration identifier="SCORE" cardinality="single" baseType="float"><defaultValue><value>0</value></defaultValue></outcomeDeclaration><outcomeDeclaration identifier="MAXSCORE" cardinality="single" baseType="float"><defaultValue><value>1</value></defaultValue></outcomeDeclaration><outcomeDeclaration identifier="FEEDBACKBASIC" cardinality="single" baseType="identifier" view="testConstructor"><defaultValue><value>empty</value></defaultValue></outcomeDeclaration><outcomeDeclaration identifier="FEEDBACKMODAL" cardinality="multiple" baseType="identifier" view="testConstructor" /><templateDeclaration identifier="a" cardinality="single" baseType="integer" /><templateDeclaration identifier="b" cardinality="single" baseType="integer" /><templateDeclaration identifier="d" cardinality="single" baseType="integer" /><templateProcessing><setTemplateValue identifier="a"><randomInteger min="-5" max="5" /></setTemplateValue><templateCondition><templateIf><match><variable identifier="a" /><baseValue baseType="integer">0</baseValue></match><setTemplateValue identifier="a"><randomInteger min="1" max="5" /></setTemplateValue></templateIf></templateCondition><setTemplateValue identifier="b"><customOperator definition="MAXIMA" value="float($(1)+1);"><variable identifier="a" /></customOperator></setTemplateValue><setTemplateValue identifier="d"><customOperator definition="MAXIMA" value="float(($(1))^2-($(2))^2);"><variable identifier="b" /><variable identifier="a" /></customOperator></setTemplateValue><setCorrectResponse identifier="RESPONSE_1409577165484"><customOperator definition="VARIABLESTRING" value="[ [-$(1)/$(3), 0, $(2)/$(3)], [0, 1/$(1),0], [$(2)/$(3), 0, -$(1)/$(3)]]"><variable identifier="a" /><variable identifier="b" /><variable identifier="d" /></customOperator></setCorrectResponse></templateProcessing><itemBody ><p style="-qt-block-indent: 0; text-indent: 0px; margin: 0px;">Berechnen Sie die Inverse von $$A= \left(\begin{array}{ccc}<printedVariable identifier="a" />&amp; 0&amp; <printedVariable identifier="b" />\\ 0&amp; <printedVariable identifier="a" />&amp; 0\\ <printedVariable identifier="b" />&amp; 0&amp; <printedVariable identifier="a" /> \end{array}\right) $$</p><p style="-qt-block-indent: 0; text-indent: 0px; margin: 0px;"> </p><p style="-qt-block-indent: 0; text-indent: 0px; margin: 0px;">(a) mit der Formel von Laplace</p><p style="-qt-block-indent: 0; text-indent: 0px; margin: 0px;">(b) dem Verfahren von Gauß, falls bekannt und vergleichen Sie den Arbeitsaufwand.</p><p>Geben Sie die Inverse von A in Maxima Schreibweise ein:<strong><br /></strong></p><p><em>Beispiel für eine Maxima Eingabe einer 3x3 Matrix:</em></p><p><em>[  [1, 2, 3], [4, 5, 6], [7, 8, 9]  ] </em></p><p><em>hierbei werden die Zeilen der Reihe nach eingegeben, [1, 2, 3] ist die erste Zeile usw. Beachte auch die eckigen Klammern die die Matrix einschliessen.<br /></em></p><p><br />\( A^{-1} \)<strong> = <textEntryInteraction responseIdentifier="RESPONSE_1409577165484" class="maxima-formula show-latex show-syntax-error" /><br /></strong></p><p> </p></itemBody><responseProcessing><responseCondition><responseIf><customOperator definition="MAXIMA" value="is(equal(ev($(1)),ev($(2))));"><variable identifier="RESPONSE_1409577165484" /><correct identifier="RESPONSE_1409577165484" /></customOperator><setOutcomeValue identifier="SCORE"><sum><variable identifier="SCORE" /><baseValue baseType="float">1</baseValue></sum></setOutcomeValue></responseIf></responseCondition><responseCondition><responseIf><not><isNull><variable identifier="RESPONSE_1409577165484" /></isNull></not><setOutcomeValue identifier="FEEDBACKBASIC"><baseValue baseType="identifier">incorrect</baseValue></setOutcomeValue></responseIf></responseCondition><responseCondition><responseIf><and><not><match><variable identifier="FEEDBACKBASIC" /><baseValue baseType="identifier">empty</baseValue></match></not><equal toleranceMode="exact"><variable identifier="SCORE" /><variable identifier="MAXSCORE" /></equal></and><setOutcomeValue identifier="FEEDBACKBASIC"><baseValue baseType="identifier">correct</baseValue></setOutcomeValue></responseIf></responseCondition><responseCondition><responseIf><and><match><baseValue baseType="identifier">incorrect</baseValue><variable identifier="FEEDBACKBASIC" /></match></and><setOutcomeValue identifier="FEEDBACKMODAL"><multiple><variable identifier="FEEDBACKMODAL" /><baseValue baseType="identifier">Feedback2141285412</baseValue></multiple></setOutcomeValue></responseIf></responseCondition></responseProcessing><modalFeedback  identifier="Feedback2141285412" outcomeIdentifier="FEEDBACKMODAL" showHide="show"><p>Man berechnet mit der Formel von Gauß, z.B. das Element \( s_{31} \) der Inversen von A wie folgt:</p><p>\( s_{31} = \frac{(-1)^{3+1}\cdot |A_{13}|}{|A|}\) wobei |A| die Determinante von A ist und \(|A_{13}|\) die Determinante der 2x2 Matrix ist die man erhält, wenn man in A die 1 Zeile und 3 Spalte streicht. Analog berechnet man die übrigen Elemente.</p><p> </p></modalFeedback></assessmentItem>
