<?xml version="1.0" encoding="UTF-8" standalone="no"?>
<autotoolnode>
<tasktype type_name="Convert_To_NFA-Direct" type_scoring="i"/>
<taskconfiguration is_altered="true">
<auth_comment/>
<conf_text>( Convert { name = Just [ "aller Wörter über {a,b,c}, die kein bab enthalten,"&#13;
                        ]&#13;
          , input = Exp All - All b a b All&#13;
          }&#13;
, [ Alphabet (mkSet "abc") , Deterministic , Complete ]&#13;
)</conf_text>
<doc_text>&lt;?xml version='1.0' ?&gt; &lt;Beside &gt;&lt;Text &gt;(&lt;/Text &gt;&lt;Link href="http://autolat.imn.htwk-leipzig.de/haddock/world/Convert-Type.html#t%3AConvert" &gt;Convert.Type.Convert&lt;/Link &gt;&lt;Text &gt;, &lt;/Text &gt;&lt;Text &gt;[&lt;/Text &gt;&lt;Link href="http://autolat.imn.htwk-leipzig.de/haddock/world/NFA-Property.html#t%3AProperty" &gt;NFA.Property.Property&lt;/Link &gt;&lt;Text &gt;(&lt;/Text &gt;&lt;Link href="http://autolat.imn.htwk-leipzig.de/haddock/world/GHC-Types.html#t%3AChar" &gt;Char&lt;/Link &gt;&lt;Text &gt;)&lt;/Text &gt;&lt;Text &gt;]&lt;/Text &gt;&lt;Text &gt;)&lt;/Text&gt;&lt;/Beside&gt;</doc_text>
<signature>fe689cd6284e4cd5d68faf2db5248520402f266f</signature>
<description>Überlegen Sie sich den Zusammenhang zwischen der geforderten Sprache und derjenigen, die alle Wörter _mit_ mindestens einem Teilwort `bab' umfasst. Bedenken Sie dann den Zusammenhang zwischen akzeptierenden und nicht akzeptierenden Zuständen mit der akzeptierten Sprache eines Automaten.</description>
</taskconfiguration>
<configuration>
<scorepoints>20,15,10,7,6,5,4,3,2,1</scorepoints>
</configuration>
<server_conn name="Autotool Server HTWK Leipzig" version="0.2.0"/>
</autotoolnode>
