<?xml version="1.0" encoding="UTF-8"?>
<assessmentItem xmlns="http://www.imsglobal.org/xsd/imsqti_v2p1" xmlns:xsi="http://www.w3.org/2001/XMLSchema-instance" xsi:schemaLocation="http://www.imsglobal.org/xsd/imsqti_v2p1 http://www.imsglobal.org/xsd/qti/qtiv2p1/imsqti_v2p1p1.xsd http://www.w3.org/1998/Math/MathML http://www.w3.org/Math/XMLSchema/mathml2/mathml2.xsd" identifier="id202f8312-d7cb-4135-abee-dd5e17af58fc" title="elastizität_f(x)*g(x)_01" adaptive="false" timeDependent="false"><responseDeclaration identifier="RESPONSE_1" cardinality="single" baseType="identifier"><correctResponse><value>id39f7faa2-5f6d-4a6c-98ac-696af4e82de0</value></correctResponse></responseDeclaration><outcomeDeclaration identifier="SCORE" cardinality="single" baseType="float"><defaultValue><value>0</value></defaultValue></outcomeDeclaration><outcomeDeclaration identifier="MAXSCORE" cardinality="single" baseType="float"><defaultValue><value>1</value></defaultValue></outcomeDeclaration><outcomeDeclaration identifier="FEEDBACKBASIC" cardinality="single" baseType="identifier"><defaultValue><value>empty</value></defaultValue></outcomeDeclaration><itemBody ><p>Es seien \(f\) und \(g\) zwei Funktionen sowie \(\epsilon_f\) und \(\epsilon_g\) deren Elastizitäten.</p><p>Wir betrachten die Funktion \(h(x)=f(x)\cdot g(x)\). Wie lässt sich i.A. deren Elastizität berechnen?</p><choiceInteraction responseIdentifier="RESPONSE_1" shuffle="false" maxChoices="1"><simpleChoice identifier="id39f7faa2-5f6d-4a6c-98ac-696af4e82de0"><p>\(\epsilon_h(x)=\epsilon_f(x)+\epsilon_g(x)\)</p></simpleChoice><simpleChoice identifier="id8c8fa583-a089-4429-b6a4-68c0cc2b2953"><p>\(\epsilon_h(x)=\epsilon_f(x)-\epsilon_g(x)\)</p></simpleChoice><simpleChoice identifier="id8e6cab93-0097-4a79-8eba-ce63851b6337"><p>\(\epsilon_h(x)=\epsilon_f(x)\cdot\epsilon_g(x)\)</p></simpleChoice><simpleChoice identifier="idab94186a-0ac0-459e-bbde-b368ceef833c"><p>\(\epsilon_h(x)=\epsilon_f(x)\div\epsilon_g(x)\)</p></simpleChoice><simpleChoice identifier="id622b477b-90e2-4ccd-8ce0-55650f474d23"><p>durch keine der oben genannten Vorschriften</p></simpleChoice></choiceInteraction></itemBody><responseProcessing><responseCondition><responseIf><isNull><variable identifier="RESPONSE_1" /></isNull><setOutcomeValue identifier="FEEDBACKBASIC"><baseValue baseType="identifier">empty</baseValue></setOutcomeValue></responseIf><responseElseIf><match><variable identifier="RESPONSE_1" /><correct identifier="RESPONSE_1" /></match><setOutcomeValue identifier="SCORE"><sum><variable identifier="SCORE" /><variable identifier="MAXSCORE" /></sum></setOutcomeValue><setOutcomeValue identifier="FEEDBACKBASIC"><baseValue baseType="identifier">correct</baseValue></setOutcomeValue></responseElseIf><responseElse><setOutcomeValue identifier="FEEDBACKBASIC"><baseValue baseType="identifier">incorrect</baseValue></setOutcomeValue></responseElse></responseCondition></responseProcessing></assessmentItem>
