<?xml version="1.0" encoding="UTF-8"?>
<assessmentItem xmlns="http://www.imsglobal.org/xsd/imsqti_v2p1" xmlns:xsi="http://www.w3.org/2001/XMLSchema-instance" xsi:schemaLocation="http://www.imsglobal.org/xsd/imsqti_v2p1 http://www.imsglobal.org/xsd/qti/qtiv2p1/imsqti_v2p1p1.xsd http://www.w3.org/1998/Math/MathML http://www.w3.org/Math/XMLSchema/mathml2/mathml2.xsd" identifier="ide5f11222-34e7-4d57-a5b6-0dc2dc37edab" title="GW_rational_01" adaptive="false" timeDependent="false"><responseDeclaration identifier="RESPONSE_1404749827337" cardinality="single" baseType="float"><correctResponse><value>0</value></correctResponse></responseDeclaration><outcomeDeclaration identifier="SCORE" cardinality="single" baseType="float"><defaultValue><value>0</value></defaultValue></outcomeDeclaration><outcomeDeclaration identifier="MAXSCORE" cardinality="single" baseType="float"><defaultValue><value>1</value></defaultValue></outcomeDeclaration><outcomeDeclaration identifier="FEEDBACKBASIC" cardinality="single" baseType="identifier" view="testConstructor"><defaultValue><value>empty</value></defaultValue></outcomeDeclaration><templateDeclaration identifier="t" cardinality="single" baseType="integer" /><templateDeclaration identifier="p" cardinality="single" baseType="float" /><templateDeclaration identifier="q" cardinality="single" baseType="float" /><templateDeclaration identifier="b" cardinality="single" baseType="integer" /><templateDeclaration identifier="a" cardinality="single" baseType="integer" /><templateDeclaration identifier="appat" cardinality="single" baseType="float" /><templateDeclaration identifier="bqpbt" cardinality="single" baseType="float" /><templateDeclaration identifier="apt" cardinality="single" baseType="float" /><templateDeclaration identifier="bqt" cardinality="single" baseType="float" /><templateDeclaration identifier="solution" cardinality="single" baseType="float" /><templateProcessing><setTemplateValue identifier="t"><randomInteger min="1" max="10" /></setTemplateValue><setTemplateValue identifier="p"><random><multiple><baseValue baseType="float">1.2</baseValue><baseValue baseType="float">1.4</baseValue><baseValue baseType="float">1.6</baseValue><baseValue baseType="float">1.8</baseValue><baseValue baseType="float">2.2</baseValue><baseValue baseType="float">2.4</baseValue><baseValue baseType="float">2.6</baseValue><baseValue baseType="float">2.8</baseValue><baseValue baseType="float">3.2</baseValue><baseValue baseType="float">3.4</baseValue><baseValue baseType="float">3.6</baseValue><baseValue baseType="float">3.8</baseValue><baseValue baseType="float">4.2</baseValue><baseValue baseType="float">4.4</baseValue><baseValue baseType="float">4.6</baseValue><baseValue baseType="float">4.8</baseValue></multiple></random></setTemplateValue><setTemplateValue identifier="q"><random><multiple><baseValue baseType="float">5.2</baseValue><baseValue baseType="float">5.4</baseValue><baseValue baseType="float">5.6</baseValue><baseValue baseType="float">5.8</baseValue><baseValue baseType="float">6.2</baseValue><baseValue baseType="float">6.4</baseValue><baseValue baseType="float">6.6</baseValue><baseValue baseType="float">6.8</baseValue><baseValue baseType="float">7.2</baseValue><baseValue baseType="float">7.4</baseValue><baseValue baseType="float">7.6</baseValue><baseValue baseType="float">7.8</baseValue><baseValue baseType="float">8.2</baseValue><baseValue baseType="float">8.4</baseValue><baseValue baseType="float">8.6</baseValue><baseValue baseType="float">8.8</baseValue><baseValue baseType="float">9.2</baseValue><baseValue baseType="float">9.4</baseValue><baseValue baseType="float">9.6</baseValue><baseValue baseType="float">9.8</baseValue></multiple></random></setTemplateValue><setTemplateValue identifier="b"><randomInteger min="2" max="5" /></setTemplateValue><setTemplateValue identifier="a"><customOperator definition="MAXIMA" value="float($(1)+$(2));"><variable identifier="b" /><variable identifier="t" /></customOperator></setTemplateValue><setTemplateValue identifier="appat"><customOperator definition="MAXIMA" value="float($(1)*($(2)+$(3)));"><variable identifier="a" /><variable identifier="p" /><variable identifier="t" /></customOperator></setTemplateValue><setTemplateValue identifier="bqpbt"><customOperator definition="MAXIMA" value="float($(1)*($(2)+$(3)));"><variable identifier="b" /><variable identifier="q" /><variable identifier="t" /></customOperator></setTemplateValue><setTemplateValue identifier="apt"><customOperator definition="MAXIMA" value="float($(1)*$(2)*$(3));"><variable identifier="a" /><variable identifier="p" /><variable identifier="t" /></customOperator></setTemplateValue><setTemplateValue identifier="bqt"><customOperator definition="MAXIMA" value="float($(1)*$(2)*$(3));"><variable identifier="b" /><variable identifier="q" /><variable identifier="t" /></customOperator></setTemplateValue><setTemplateValue identifier="solution"><customOperator definition="MAXIMA" value="float(($(1)*($(2)-$(3)))/($(4)*($(5)-$(6))));"><variable identifier="a" /><variable identifier="t" /><variable identifier="p" /><variable identifier="b" /><variable identifier="t" /><variable identifier="q" /></customOperator></setTemplateValue><setCorrectResponse identifier="RESPONSE_1404749827337"><variable identifier="solution" /></setCorrectResponse></templateProcessing><itemBody ><p><p>Berechnen Sie den folgenden Grenzwert.</p><p><span class="mw-geshi latex source-latex"><span class="re3">$$\lim_{x\rightarrow <printedVariable identifier="t" />} \frac{<printedVariable identifier="a" />x^2-<printedVariable identifier="appat" />x+<printedVariable identifier="apt" />}{<printedVariable identifier="b" />x^2-<printedVariable identifier="bqpbt" />x+<printedVariable identifier="bqt" />} = $$ <textEntryInteraction responseIdentifier="RESPONSE_1404749827337" /></span></span></p><p><span class="mw-geshi latex source-latex"><span class="re3">Geben Sie die Lösung als Dezimalbruch mit mindestens zwei Nachkommastellen an. </span></span></p></p></itemBody><responseProcessing><responseCondition><responseIf><equal toleranceMode="relative" tolerance="10.0 10.0" includeLowerBound="true" includeUpperBound="true"><variable identifier="RESPONSE_1404749827337" /><correct identifier="RESPONSE_1404749827337" /></equal><setOutcomeValue identifier="SCORE"><sum><variable identifier="SCORE" /><baseValue baseType="float">1</baseValue></sum></setOutcomeValue></responseIf></responseCondition><responseCondition><responseIf><not><isNull><variable identifier="RESPONSE_1404749827337" /></isNull></not><setOutcomeValue identifier="FEEDBACKBASIC"><baseValue baseType="identifier">incorrect</baseValue></setOutcomeValue></responseIf></responseCondition><responseCondition><responseIf><and><not><match><variable identifier="FEEDBACKBASIC" /><baseValue baseType="identifier">empty</baseValue></match></not><equal toleranceMode="exact"><variable identifier="SCORE" /><variable identifier="MAXSCORE" /></equal></and><setOutcomeValue identifier="FEEDBACKBASIC"><baseValue baseType="identifier">correct</baseValue></setOutcomeValue></responseIf></responseCondition></responseProcessing></assessmentItem>
