<?xml version="1.0" encoding="UTF-8"?>
<assessmentItem xmlns="http://www.imsglobal.org/xsd/imsqti_v2p1" xmlns:xsi="http://www.w3.org/2001/XMLSchema-instance" xsi:schemaLocation="http://www.imsglobal.org/xsd/imsqti_v2p1 http://www.imsglobal.org/xsd/qti/qtiv2p1/imsqti_v2p1p1.xsd http://www.w3.org/1998/Math/MathML http://www.w3.org/Math/XMLSchema/mathml2/mathml2.xsd" identifier="id98e87f4a-a482-4d25-b4b8-b6d2059f1583" title="kettenregel_ln_05" adaptive="false" timeDependent="false"><responseDeclaration identifier="RESPONSE_1408966239740" cardinality="single" baseType="string" /><outcomeDeclaration identifier="SCORE" cardinality="single" baseType="float"><defaultValue><value>0</value></defaultValue></outcomeDeclaration><outcomeDeclaration identifier="MAXSCORE" cardinality="single" baseType="float"><defaultValue><value>1</value></defaultValue></outcomeDeclaration><outcomeDeclaration identifier="FEEDBACKBASIC" cardinality="single" baseType="identifier" view="testConstructor"><defaultValue><value>empty</value></defaultValue></outcomeDeclaration><outcomeDeclaration identifier="FEEDBACKMODAL" cardinality="multiple" baseType="identifier" view="testConstructor" /><templateDeclaration identifier="a" cardinality="single" baseType="integer" /><templateDeclaration identifier="b" cardinality="single" baseType="integer" /><templateDeclaration identifier="a^2" cardinality="single" baseType="integer" /><templateDeclaration identifier="a+b" cardinality="single" baseType="integer" /><templateDeclaration identifier="ab" cardinality="single" baseType="integer" /><templateDeclaration identifier="a-b" cardinality="single" baseType="integer" /><templateProcessing><setTemplateValue identifier="a"><randomInteger min="1" max="6" /></setTemplateValue><setTemplateValue identifier="b"><randomInteger min="1" max="8" /></setTemplateValue><setTemplateValue identifier="a^2"><customOperator definition="MAXIMA" value="float($(1)^2);"><variable identifier="a" /></customOperator></setTemplateValue><setTemplateValue identifier="a+b"><customOperator definition="MAXIMA" value="float($(1)+$(2));"><variable identifier="a" /><variable identifier="b" /></customOperator></setTemplateValue><setTemplateValue identifier="ab"><customOperator definition="MAXIMA" value="float($(1)*$(2));"><variable identifier="a" /><variable identifier="b" /></customOperator></setTemplateValue><setTemplateValue identifier="a-b"><customOperator definition="MAXIMA" value="float($(1)-$(2));"><variable identifier="a" /><variable identifier="b" /></customOperator></setTemplateValue><setCorrectResponse identifier="RESPONSE_1408966239740"><customOperator definition="VARIABLESTRING" value="-$(1)/(x^2+$(3)*x-$(2))"><variable identifier="a+b" /><variable identifier="ab" /><variable identifier="a-b" /></customOperator></setCorrectResponse></templateProcessing><itemBody ><p>Geben Sie die Ableitung der Funktion $$f(x) = \ln\Big(\frac{x^2-<printedVariable identifier="a^2" />}{x^2-<printedVariable identifier="a+b" />x+<printedVariable identifier="ab" />}\Big)$$ an! Bitte vereinfachen Sie Ihre Lösung soweit wie möglich.</p><p><strong>Ergebnis:</strong> $$f'(x) = $$ <textEntryInteraction responseIdentifier="RESPONSE_1408966239740" class="maxima-formula show-latex" /></p><p> </p><p>Hinweise zur Formeleingabe:</p><ul><li>\(\frac{x}{y}\) = x/y, \(x^y\) = x^y, \(\ln x=\) log(x)</li><li>\(x\cdot y\) = x*y, z.B. \(3x\) = 3*x  \(\Rightarrow\)  Bitte keine * vergessen!</li><li>Durch Klicken auf die ?-Schaltfläche können Sie Ihre Formel vor Speichern der Antwort zunächst überprüfen.</li></ul></itemBody><responseProcessing><responseCondition><responseIf><customOperator definition="MAXIMA" value="is(equal(ev($(1)),ev($(2))));"><variable identifier="RESPONSE_1408966239740" /><correct identifier="RESPONSE_1408966239740" /></customOperator><setOutcomeValue identifier="SCORE"><sum><variable identifier="SCORE" /><baseValue baseType="float">1</baseValue></sum></setOutcomeValue></responseIf></responseCondition><responseCondition><responseIf><not><isNull><variable identifier="RESPONSE_1408966239740" /></isNull></not><setOutcomeValue identifier="FEEDBACKBASIC"><baseValue baseType="identifier">incorrect</baseValue></setOutcomeValue></responseIf></responseCondition><responseCondition><responseIf><and><not><match><variable identifier="FEEDBACKBASIC" /><baseValue baseType="identifier">empty</baseValue></match></not><equal toleranceMode="exact"><variable identifier="SCORE" /><variable identifier="MAXSCORE" /></equal></and><setOutcomeValue identifier="FEEDBACKBASIC"><baseValue baseType="identifier">correct</baseValue></setOutcomeValue></responseIf></responseCondition><responseCondition><responseIf><and><match><baseValue baseType="identifier">correct</baseValue><variable identifier="FEEDBACKBASIC" /></match></and><setOutcomeValue identifier="FEEDBACKMODAL"><multiple><variable identifier="FEEDBACKMODAL" /><baseValue baseType="identifier">Feedback413592137</baseValue></multiple></setOutcomeValue></responseIf></responseCondition><responseCondition><responseIf><and><match><baseValue baseType="identifier">incorrect</baseValue><variable identifier="FEEDBACKBASIC" /></match></and><setOutcomeValue identifier="FEEDBACKMODAL"><multiple><variable identifier="FEEDBACKMODAL" /><baseValue baseType="identifier">Feedback1694828605</baseValue></multiple></setOutcomeValue></responseIf></responseCondition></responseProcessing><modalFeedback  identifier="Feedback413592137" outcomeIdentifier="FEEDBACKMODAL" showHide="show" title="Richtig!" /><modalFeedback  identifier="Feedback1694828605" outcomeIdentifier="FEEDBACKMODAL" showHide="show" title="Beachte:"><p>$$\qquad\qquad\qquad \frac{x^2-<printedVariable identifier="a^2" />}{x^2-<printedVariable identifier="a+b" />x+<printedVariable identifier="ab" />} = \frac{(x-<printedVariable identifier="a" />)(x+<printedVariable identifier="a" />)}{(x-<printedVariable identifier="a" />)(x-<printedVariable identifier="b" />)}$$</p><p> </p><p><strong>Lösung:</strong> $$\qquad f'(x) = \Bigg(\ln\bigg( \frac{(x-<printedVariable identifier="a" />)(x+<printedVariable identifier="a" />)}{(x-<printedVariable identifier="a" />)(x-<printedVariable identifier="b" />)}\bigg)\Bigg)' = \Bigg(\ln\bigg(\frac{x+<printedVariable identifier="a" />}{x-<printedVariable identifier="b" />}\bigg)\Bigg)' = \frac{x-<printedVariable identifier="b" />}{x+<printedVariable identifier="a" />} \cdot \frac{(x-<printedVariable identifier="b" />)-(x+<printedVariable identifier="a" />)}{(x-<printedVariable identifier="b" />)^2} = \frac{(x-<printedVariable identifier="b" />)-(x+<printedVariable identifier="a" />)}{(x+<printedVariable identifier="a" />)(x-<printedVariable identifier="b" />)} = \frac{-<printedVariable identifier="a+b" />}{x^2+<printedVariable identifier="a-b" />x-<printedVariable identifier="ab" />}$$</p></modalFeedback></assessmentItem>
