<?xml version="1.0" encoding="UTF-8"?>
<assessmentItem xmlns="http://www.imsglobal.org/xsd/imsqti_v2p1" xmlns:xsi="http://www.w3.org/2001/XMLSchema-instance" xsi:schemaLocation="http://www.imsglobal.org/xsd/imsqti_v2p1 http://www.imsglobal.org/xsd/qti/qtiv2p1/imsqti_v2p1p1.xsd http://www.w3.org/1998/Math/MathML http://www.w3.org/Math/XMLSchema/mathml2/mathml2.xsd" identifier="iddc445074-5bf4-475e-b049-177fc19a8758" title="ableitung_sin(ax)_cos(ax)" adaptive="false" timeDependent="false"><responseDeclaration identifier="RESPONSE_1408433569079" cardinality="single" baseType="string" /><outcomeDeclaration identifier="SCORE" cardinality="single" baseType="float"><defaultValue><value>0</value></defaultValue></outcomeDeclaration><outcomeDeclaration identifier="MAXSCORE" cardinality="single" baseType="float"><defaultValue><value>1</value></defaultValue></outcomeDeclaration><outcomeDeclaration identifier="FEEDBACKBASIC" cardinality="single" baseType="identifier" view="testConstructor"><defaultValue><value>empty</value></defaultValue></outcomeDeclaration><outcomeDeclaration identifier="FEEDBACKMODAL" cardinality="multiple" baseType="identifier" view="testConstructor" /><templateDeclaration identifier="function" cardinality="single" baseType="string" /><templateDeclaration identifier="a" cardinality="single" baseType="integer" /><templateProcessing><setTemplateValue identifier="function"><random><multiple><baseValue baseType="string">sin</baseValue><baseValue baseType="string">-sin</baseValue><baseValue baseType="string">cos</baseValue><baseValue baseType="string">-cos</baseValue></multiple></random></setTemplateValue><setTemplateValue identifier="a"><randomInteger min="2" max="9" /></setTemplateValue><setCorrectResponse identifier="RESPONSE_1408433569079"><customOperator definition="VARIABLESTRING" value="diff($(1)($(2)*x),x)"><variable identifier="function" /><variable identifier="a" /></customOperator></setCorrectResponse></templateProcessing><itemBody ><p>Geben Sie die Ableitung der Funktion $$f(x)=\mathrm{<printedVariable identifier="function" />}(<printedVariable identifier="a" />x)$$ an!</p><p><strong>Ergebnis:</strong> $$f'(x)=$$ <textEntryInteraction responseIdentifier="RESPONSE_1408433569079" expectedLength="10" class="maxima-formula show-latex" /></p><p><strong>Hinweise zur Formeleingabe:</strong></p><ul><li>\(x\cdot y=\) <strong>x*y</strong>, \(\sin(x)=\) <strong>sin(x)</strong>, \(\cos(x)=\) <strong>cos(x)</strong></li><li>Beispiel: \(-20\sin(10x)\cos(3x)=\) <strong>20*sin(10*x)*cos(3*x)</strong></li></ul></itemBody><responseProcessing><responseCondition><responseIf><customOperator definition="MAXIMA" value="is(equal(ev($(1)),ev($(2))));"><variable identifier="RESPONSE_1408433569079" /><correct identifier="RESPONSE_1408433569079" /></customOperator><setOutcomeValue identifier="SCORE"><sum><variable identifier="SCORE" /><baseValue baseType="float">1</baseValue></sum></setOutcomeValue></responseIf></responseCondition><responseCondition><responseIf><not><isNull><variable identifier="RESPONSE_1408433569079" /></isNull></not><setOutcomeValue identifier="FEEDBACKBASIC"><baseValue baseType="identifier">incorrect</baseValue></setOutcomeValue></responseIf></responseCondition><responseCondition><responseIf><and><not><match><variable identifier="FEEDBACKBASIC" /><baseValue baseType="identifier">empty</baseValue></match></not><equal toleranceMode="exact"><variable identifier="SCORE" /><variable identifier="MAXSCORE" /></equal></and><setOutcomeValue identifier="FEEDBACKBASIC"><baseValue baseType="identifier">correct</baseValue></setOutcomeValue></responseIf></responseCondition><responseCondition><responseIf><and><match><baseValue baseType="identifier">correct</baseValue><variable identifier="FEEDBACKBASIC" /></match></and><setOutcomeValue identifier="FEEDBACKMODAL"><multiple><variable identifier="FEEDBACKMODAL" /><baseValue baseType="identifier">Feedback534457989</baseValue></multiple></setOutcomeValue></responseIf></responseCondition><responseCondition><responseIf><and><match><baseValue baseType="identifier">incorrect</baseValue><variable identifier="FEEDBACKBASIC" /></match></and><setOutcomeValue identifier="FEEDBACKMODAL"><multiple><variable identifier="FEEDBACKMODAL" /><baseValue baseType="identifier">Feedback854671566</baseValue></multiple></setOutcomeValue></responseIf></responseCondition></responseProcessing><modalFeedback  identifier="Feedback534457989" outcomeIdentifier="FEEDBACKMODAL" showHide="show" title="Richtig!"><p>Mit der Kettenregel erhält man allgemein:</p><ul><li>$$\left(\sin(ax)\right)'=a\cdot\cos(ax)=$$ <strong>a*cos(a*x)</strong></li><li>$$\left(-\sin(ax)\right)'=-a\cdot\cos(ax)=$$<strong> -a*cos(a*x)</strong></li><li>$$\left(\cos(ax)\right)'=-a\cdot\sin(ax)=$$ <strong>-a*sin(a*x)</strong></li><li>$$\left(-\cos(ax)\right)'=a\cdot\sin(ax)=$$ <strong>a*sin(a*x)</strong></li></ul></modalFeedback><modalFeedback  identifier="Feedback854671566" outcomeIdentifier="FEEDBACKMODAL" showHide="show" title="Leider falsch!"><p>Mit der Kettenregel erhält man allgemein:</p><ul><li>$$\left(\sin(ax)\right)'=a\cdot\cos(ax)=$$ <strong>a*cos(a*x)</strong></li><li>$$\left(-\sin(ax)\right)'=-a\cdot\cos(ax)=$$<strong> -a*cos(a*x)</strong></li><li>$$\left(\cos(ax)\right)'=-a\cdot\sin(ax)=$$ <strong>-a*sin(a*x)</strong></li><li>$$\left(-\cos(ax)\right)'=a\cdot\sin(ax)=$$ <strong>a*sin(a*x)</strong></li></ul></modalFeedback></assessmentItem>
