<?xml version="1.0" encoding="UTF-8"?>
<assessmentItem xmlns="http://www.imsglobal.org/xsd/imsqti_v2p1" xmlns:xsi="http://www.w3.org/2001/XMLSchema-instance" xsi:schemaLocation="http://www.imsglobal.org/xsd/imsqti_v2p1 http://www.imsglobal.org/xsd/qti/qtiv2p1/imsqti_v2p1p1.xsd http://www.w3.org/1998/Math/MathML http://www.w3.org/Math/XMLSchema/mathml2/mathml2.xsd" identifier="id8168b1ff-fc9f-46d6-aa40-78b5d9314dd4" title="n-te_ableitung_04" adaptive="false" timeDependent="false"><responseDeclaration identifier="RESPONSE_1410425884702" cardinality="single" baseType="string" /><outcomeDeclaration identifier="SCORE" cardinality="single" baseType="float"><defaultValue><value>0</value></defaultValue></outcomeDeclaration><outcomeDeclaration identifier="MAXSCORE" cardinality="single" baseType="float"><defaultValue><value>1</value></defaultValue></outcomeDeclaration><outcomeDeclaration identifier="FEEDBACKBASIC" cardinality="single" baseType="identifier" view="testConstructor"><defaultValue><value>empty</value></defaultValue></outcomeDeclaration><outcomeDeclaration identifier="FEEDBACKMODAL" cardinality="multiple" baseType="identifier" view="testConstructor" /><templateDeclaration identifier="a" cardinality="single" baseType="integer" /><templateProcessing><setTemplateValue identifier="a"><randomInteger min="2" max="5" /></setTemplateValue><setCorrectResponse identifier="RESPONSE_1410425884702"><customOperator definition="VARIABLESTRING" value="$(1)^x*(log($(1)))^n"><variable identifier="a" /></customOperator></setCorrectResponse></templateProcessing><itemBody ><p><p>Wir betrachten die Funktion \(f(x) = <printedVariable identifier="a" />^x\). Wie lautet die n-te Ableitung von \(f\)?</p><p><strong>Lösung:</strong> \(\qquad f^{(n)}(x) = \)<textEntryInteraction responseIdentifier="RESPONSE_1410425884702" class="maxima-formula show-latex" />  \(n \in \mathbb N\)</p><p> </p><p>Hinweise zur Formeleingabe:</p><ul><li>\(x^y =\) x^y, \(\ln x =\) log(x)</li><li>\(x\cdot y\) = x*y, z.B. \(3x\) = 3*x \(\Rightarrow\) Bitte keine * vergessen!</li><li>Durch Klicken auf die ?-Schaltfläche können Sie Ihre Formel vor Speichern der Antwort zunächst überprüfen.</li></ul></p></itemBody><responseProcessing><responseCondition><responseIf><customOperator definition="MAXIMA" value="is(equal(ev($(1)),ev($(2))));"><variable identifier="RESPONSE_1410425884702" /><correct identifier="RESPONSE_1410425884702" /></customOperator><setOutcomeValue identifier="SCORE"><sum><variable identifier="SCORE" /><baseValue baseType="float">1</baseValue></sum></setOutcomeValue></responseIf></responseCondition><responseCondition><responseIf><not><isNull><variable identifier="RESPONSE_1410425884702" /></isNull></not><setOutcomeValue identifier="FEEDBACKBASIC"><baseValue baseType="identifier">incorrect</baseValue></setOutcomeValue></responseIf></responseCondition><responseCondition><responseIf><and><not><match><variable identifier="FEEDBACKBASIC" /><baseValue baseType="identifier">empty</baseValue></match></not><equal toleranceMode="exact"><variable identifier="SCORE" /><variable identifier="MAXSCORE" /></equal></and><setOutcomeValue identifier="FEEDBACKBASIC"><baseValue baseType="identifier">correct</baseValue></setOutcomeValue></responseIf></responseCondition><responseCondition><responseIf><and><match><baseValue baseType="identifier">correct</baseValue><variable identifier="FEEDBACKBASIC" /></match></and><setOutcomeValue identifier="FEEDBACKMODAL"><multiple><variable identifier="FEEDBACKMODAL" /><baseValue baseType="identifier">Feedback1034493967</baseValue></multiple></setOutcomeValue></responseIf></responseCondition><responseCondition><responseIf><and><match><baseValue baseType="identifier">incorrect</baseValue><variable identifier="FEEDBACKBASIC" /></match></and><setOutcomeValue identifier="FEEDBACKMODAL"><multiple><variable identifier="FEEDBACKMODAL" /><baseValue baseType="identifier">Feedback712497257</baseValue></multiple></setOutcomeValue></responseIf></responseCondition></responseProcessing><modalFeedback  identifier="Feedback1034493967" outcomeIdentifier="FEEDBACKMODAL" showHide="show" title="Richtig!" /><modalFeedback  identifier="Feedback712497257" outcomeIdentifier="FEEDBACKMODAL" showHide="show" title="Leider falsch!"><p>Es gilt:</p><p>\(\quad f(x) = f^{(0)}(x) = <printedVariable identifier="a" />^{x}\),</p><p>\(\quad f'(x) = <printedVariable identifier="a" />^{x} \cdot \ln<printedVariable identifier="a" />\),</p><p>\(\quad f''(x) = <printedVariable identifier="a" />^{x} \cdot \ln<printedVariable identifier="a" /> \cdot \ln <printedVariable identifier="a" /> + <printedVariable identifier="a" />^x \cdot 0 = <printedVariable identifier="a" />^{x} \cdot (\ln<printedVariable identifier="a" />)^2 \),</p><p>\(\quad f'''(x) = <printedVariable identifier="a" />^{x} \cdot \ln<printedVariable identifier="a" /> \cdot (\ln <printedVariable identifier="a" />)^2 + <printedVariable identifier="a" />^x \cdot 0 = <printedVariable identifier="a" />^{x} \cdot (\ln<printedVariable identifier="a" />)^3,\)</p><p>\(\quad \dots\)</p><p>\(\quad f^{(n)}(x) = <printedVariable identifier="a" />^x \cdot (\ln<printedVariable identifier="a" />)^n\).</p></modalFeedback></assessmentItem>
