<?xml version="1.0" encoding="UTF-8"?>
<assessmentItem xmlns="http://www.imsglobal.org/xsd/imsqti_v2p1" xmlns:xsi="http://www.w3.org/2001/XMLSchema-instance" xsi:schemaLocation="http://www.imsglobal.org/xsd/imsqti_v2p1 http://www.imsglobal.org/xsd/qti/qtiv2p1/imsqti_v2p1p1.xsd http://www.w3.org/1998/Math/MathML http://www.w3.org/Math/XMLSchema/mathml2/mathml2.xsd" identifier="id7c4e56c3-93c8-452b-944c-8bad77eb402c" title="GW_Folge_Polizistenkrit" adaptive="false" timeDependent="false"><responseDeclaration identifier="RESPONSE_1404978986895" cardinality="single" baseType="float"><correctResponse><value>0</value></correctResponse></responseDeclaration><outcomeDeclaration identifier="SCORE" cardinality="single" baseType="float"><defaultValue><value>0</value></defaultValue></outcomeDeclaration><outcomeDeclaration identifier="MAXSCORE" cardinality="single" baseType="float"><defaultValue><value>1</value></defaultValue></outcomeDeclaration><outcomeDeclaration identifier="FEEDBACKBASIC" cardinality="single" baseType="identifier" view="testConstructor"><defaultValue><value>empty</value></defaultValue></outcomeDeclaration><templateDeclaration identifier="a" cardinality="single" baseType="float" /><templateDeclaration identifier="b" cardinality="single" baseType="float" /><templateDeclaration identifier="c" cardinality="single" baseType="float" /><templateProcessing><setTemplateValue identifier="a"><random><multiple><baseValue baseType="float">1.2</baseValue><baseValue baseType="float">1.4</baseValue><baseValue baseType="float">1.6</baseValue><baseValue baseType="float">1.8</baseValue><baseValue baseType="float">2</baseValue><baseValue baseType="float">2.2</baseValue><baseValue baseType="float">2.4</baseValue><baseValue baseType="float">2.6</baseValue><baseValue baseType="float">2.8</baseValue><baseValue baseType="float">3</baseValue><baseValue baseType="float">3.2</baseValue><baseValue baseType="float">3.4</baseValue><baseValue baseType="float">3.6</baseValue><baseValue baseType="float">3.8</baseValue><baseValue baseType="float">4</baseValue></multiple></random></setTemplateValue><setTemplateValue identifier="b"><random><multiple><baseValue baseType="float">4.2</baseValue><baseValue baseType="float">4.4</baseValue><baseValue baseType="float">4.6</baseValue><baseValue baseType="float">4.8</baseValue><baseValue baseType="float">5</baseValue><baseValue baseType="float">5.2</baseValue><baseValue baseType="float">5.4</baseValue><baseValue baseType="float">5.6</baseValue><baseValue baseType="float">5.8</baseValue><baseValue baseType="float">6</baseValue><baseValue baseType="float">6.2</baseValue><baseValue baseType="float">6.4</baseValue><baseValue baseType="float">6.6</baseValue><baseValue baseType="float">6.8</baseValue><baseValue baseType="float">7</baseValue></multiple></random></setTemplateValue><setTemplateValue identifier="c"><random><multiple><baseValue baseType="float">8.2</baseValue><baseValue baseType="float">8.4</baseValue><baseValue baseType="float">8.6</baseValue><baseValue baseType="float">8.8</baseValue><baseValue baseType="float">9</baseValue><baseValue baseType="float">9.2</baseValue><baseValue baseType="float">9.4</baseValue><baseValue baseType="float">9.6</baseValue><baseValue baseType="float">9.8</baseValue></multiple></random></setTemplateValue><setCorrectResponse identifier="RESPONSE_1404978986895"><variable identifier="c" /></setCorrectResponse></templateProcessing><itemBody ><p>Berechnen Sie den Grenzwert der Folge</p><p>$$g = \lim_{n\longrightarrow\infty} \sqrt[n]{<printedVariable identifier="a" />^n+<printedVariable identifier="b" />^n+<printedVariable identifier="c" />^n}$$</p><p>mit Hilfe des Polizistenkriteriums (Minoranten- Majorantenkriterium).</p><p>$$g = $$<textEntryInteraction responseIdentifier="RESPONSE_1404978986895" /></p></itemBody><responseProcessing><responseCondition><responseIf><equal toleranceMode="exact"><variable identifier="RESPONSE_1404978986895" /><correct identifier="RESPONSE_1404978986895" /></equal><setOutcomeValue identifier="SCORE"><sum><variable identifier="SCORE" /><baseValue baseType="float">1</baseValue></sum></setOutcomeValue></responseIf></responseCondition><responseCondition><responseIf><not><isNull><variable identifier="RESPONSE_1404978986895" /></isNull></not><setOutcomeValue identifier="FEEDBACKBASIC"><baseValue baseType="identifier">incorrect</baseValue></setOutcomeValue></responseIf></responseCondition><responseCondition><responseIf><and><not><match><variable identifier="FEEDBACKBASIC" /><baseValue baseType="identifier">empty</baseValue></match></not><equal toleranceMode="exact"><variable identifier="SCORE" /><variable identifier="MAXSCORE" /></equal></and><setOutcomeValue identifier="FEEDBACKBASIC"><baseValue baseType="identifier">correct</baseValue></setOutcomeValue></responseIf></responseCondition></responseProcessing></assessmentItem>
