<?xml version="1.0" encoding="UTF-8"?>
<assessmentItem xmlns="http://www.imsglobal.org/xsd/imsqti_v2p1" xmlns:xsi="http://www.w3.org/2001/XMLSchema-instance" xsi:schemaLocation="http://www.imsglobal.org/xsd/imsqti_v2p1 http://www.imsglobal.org/xsd/qti/qtiv2p1/imsqti_v2p1p1.xsd http://www.w3.org/1998/Math/MathML http://www.w3.org/Math/XMLSchema/mathml2/mathml2.xsd" identifier="id72074ed9-b300-4180-92d6-6f8c8b3c9f20" title="linearkombination_01" adaptive="false" timeDependent="false"><responseDeclaration identifier="RESPONSE_1416492373326" cardinality="single" baseType="float"><correctResponse><value>0</value></correctResponse></responseDeclaration><outcomeDeclaration identifier="SCORE" cardinality="single" baseType="float"><defaultValue><value>0</value></defaultValue></outcomeDeclaration><outcomeDeclaration identifier="MAXSCORE" cardinality="single" baseType="float"><defaultValue><value>1</value></defaultValue></outcomeDeclaration><outcomeDeclaration identifier="FEEDBACKBASIC" cardinality="single" baseType="identifier" view="testConstructor"><defaultValue><value>empty</value></defaultValue></outcomeDeclaration><outcomeDeclaration identifier="FEEDBACKMODAL" cardinality="multiple" baseType="identifier" view="testConstructor" /><templateDeclaration identifier="a" cardinality="single" baseType="integer" /><templateDeclaration identifier="b" cardinality="single" baseType="integer" /><templateDeclaration identifier="c" cardinality="single" baseType="integer" /><templateDeclaration identifier="k" cardinality="single" baseType="integer" /><templateDeclaration identifier="ak" cardinality="single" baseType="integer" /><templateDeclaration identifier="bk" cardinality="single" baseType="integer" /><templateDeclaration identifier="ck" cardinality="single" baseType="integer" /><templateProcessing><setTemplateValue identifier="a"><randomInteger min="6" max="13" /></setTemplateValue><setTemplateValue identifier="b"><randomInteger min="2" max="9" /></setTemplateValue><setTemplateValue identifier="c"><randomInteger min="4" max="10" /></setTemplateValue><setTemplateValue identifier="k"><randomInteger min="2" max="9" /></setTemplateValue><setTemplateValue identifier="ak"><customOperator definition="MAXIMA" value="float($(1)*$(2));"><variable identifier="a" /><variable identifier="k" /></customOperator></setTemplateValue><setTemplateValue identifier="bk"><customOperator definition="MAXIMA" value="float($(1)*$(2));"><variable identifier="b" /><variable identifier="k" /></customOperator></setTemplateValue><setTemplateValue identifier="ck"><customOperator definition="MAXIMA" value="float($(1)*$(2));"><variable identifier="c" /><variable identifier="k" /></customOperator></setTemplateValue><setCorrectResponse identifier="RESPONSE_1416492373326"><variable identifier="k" /></setCorrectResponse></templateProcessing><itemBody ><p><p>Bestimmen Sie die Konstanten so, dass folgende Gleichung erfüllt ist!</p><p>\(\qquad k \cdot \begin{pmatrix} <printedVariable identifier="a" /> \\ <printedVariable identifier="b" /> \\ <printedVariable identifier="c" /> \end{pmatrix} = \begin{pmatrix} <printedVariable identifier="ak" /> \\ <printedVariable identifier="bk" /> \\ <printedVariable identifier="ck" />\end{pmatrix} \qquad\qquad\qquad k = \) <textEntryInteraction responseIdentifier="RESPONSE_1416492373326" expectedLength="4" /></p></p></itemBody><responseProcessing><responseCondition><responseIf><equal toleranceMode="exact"><variable identifier="RESPONSE_1416492373326" /><correct identifier="RESPONSE_1416492373326" /></equal><setOutcomeValue identifier="SCORE"><sum><variable identifier="SCORE" /><baseValue baseType="float">1</baseValue></sum></setOutcomeValue></responseIf></responseCondition><responseCondition><responseIf><not><isNull><variable identifier="RESPONSE_1416492373326" /></isNull></not><setOutcomeValue identifier="FEEDBACKBASIC"><baseValue baseType="identifier">incorrect</baseValue></setOutcomeValue></responseIf></responseCondition><responseCondition><responseIf><and><not><match><variable identifier="FEEDBACKBASIC" /><baseValue baseType="identifier">empty</baseValue></match></not><equal toleranceMode="exact"><variable identifier="SCORE" /><variable identifier="MAXSCORE" /></equal></and><setOutcomeValue identifier="FEEDBACKBASIC"><baseValue baseType="identifier">correct</baseValue></setOutcomeValue></responseIf></responseCondition><responseCondition><responseIf><and><match><baseValue baseType="identifier">correct</baseValue><variable identifier="FEEDBACKBASIC" /></match></and><setOutcomeValue identifier="FEEDBACKMODAL"><multiple><variable identifier="FEEDBACKMODAL" /><baseValue baseType="identifier">Feedback331028203</baseValue></multiple></setOutcomeValue></responseIf></responseCondition><responseCondition><responseIf><and><match><baseValue baseType="identifier">incorrect</baseValue><variable identifier="FEEDBACKBASIC" /></match></and><setOutcomeValue identifier="FEEDBACKMODAL"><multiple><variable identifier="FEEDBACKMODAL" /><baseValue baseType="identifier">Feedback1608362091</baseValue></multiple></setOutcomeValue></responseIf></responseCondition></responseProcessing><modalFeedback  identifier="Feedback331028203" outcomeIdentifier="FEEDBACKMODAL" showHide="show" title="Richtig!" /><modalFeedback  identifier="Feedback1608362091" outcomeIdentifier="FEEDBACKMODAL" showHide="show" title="Leider falsch!"><p>Lösung:</p><p>\( \begin{pmatrix} <printedVariable identifier="ak" /> \\ <printedVariable identifier="bk" /> \\ <printedVariable identifier="ck" /> \end{pmatrix} = \begin{pmatrix} <printedVariable identifier="k" />\cdot<printedVariable identifier="a" /> \\ <printedVariable identifier="k" />\cdot<printedVariable identifier="b" /> \\ <printedVariable identifier="k" />\cdot<printedVariable identifier="c" /> \end{pmatrix} = <printedVariable identifier="k" /> \cdot \begin{pmatrix} <printedVariable identifier="a" /> \\ <printedVariable identifier="b" /> \\ <printedVariable identifier="c" /> \end{pmatrix}\)</p></modalFeedback></assessmentItem>
