<?xml version="1.0" encoding="UTF-8"?>
<assessmentItem xmlns="http://www.imsglobal.org/xsd/imsqti_v2p1" xmlns:xsi="http://www.w3.org/2001/XMLSchema-instance" xsi:schemaLocation="http://www.imsglobal.org/xsd/imsqti_v2p1 http://www.imsglobal.org/xsd/qti/qtiv2p1/imsqti_v2p1p1.xsd http://www.w3.org/1998/Math/MathML http://www.w3.org/Math/XMLSchema/mathml2/mathml2.xsd" identifier="id351d4e3b-2007-4cdb-b1d3-0ce275c8cda7" title="textaufgabe_familie_01" adaptive="false" timeDependent="false"><responseDeclaration identifier="RESPONSE_1" cardinality="multiple" baseType="identifier"><correctResponse><value>idf2637012-6ad0-4e8b-bdb5-409e10e2e890</value><value>id4d38eaf0-cda7-4d64-bfd6-c7ffa4969854</value></correctResponse></responseDeclaration><outcomeDeclaration identifier="SCORE" cardinality="single" baseType="float"><defaultValue><value>0</value></defaultValue></outcomeDeclaration><outcomeDeclaration identifier="MAXSCORE" cardinality="single" baseType="float"><defaultValue><value>1</value></defaultValue></outcomeDeclaration><outcomeDeclaration identifier="FEEDBACKBASIC" cardinality="single" baseType="identifier"><defaultValue><value>empty</value></defaultValue></outcomeDeclaration><outcomeDeclaration identifier="FEEDBACKMODAL" cardinality="multiple" baseType="identifier" view="testConstructor" /><itemBody ><p>Am kommenden Wochenende will uns Familie Steffens besuchen. Dazu gehören die Eltern sowie die zwei Kinder A und B.</p><p>Es gibt folgende Bedingungen:</p><ol><li>Mindestens eines der Kinder kommt, aber auf keinen Fall will B ohne ihre Mutter kommen.</li><li>Nur wenn beide Kinder da sind, ist auch Vater Steffens dabei.</li><li>Wenn B aber nicht kommt, dann bleibt auch A zu Hause.</li><li>Und wenn Mutter Steffens kommt, so kommt auch B mit, nicht aber A.</li></ol><p> Ja, wer kommt denn nun?</p><choiceInteraction responseIdentifier="RESPONSE_1" shuffle="false" maxChoices="0" orientation="vertical"><simpleChoice identifier="id98d161d9-00d7-4312-b372-4696df9cc562"><p>Kind A</p></simpleChoice><simpleChoice identifier="idf2637012-6ad0-4e8b-bdb5-409e10e2e890"><p>Kind B</p></simpleChoice><simpleChoice identifier="id4d38eaf0-cda7-4d64-bfd6-c7ffa4969854"><p>Mutter</p></simpleChoice><simpleChoice identifier="id756a736d-6a88-4c45-acd8-9ee3fe832096"><p>Vater</p></simpleChoice></choiceInteraction></itemBody><responseProcessing><responseCondition><responseIf><isNull><variable identifier="RESPONSE_1" /></isNull><setOutcomeValue identifier="FEEDBACKBASIC"><baseValue baseType="identifier">empty</baseValue></setOutcomeValue></responseIf><responseElseIf><match><variable identifier="RESPONSE_1" /><correct identifier="RESPONSE_1" /></match><setOutcomeValue identifier="SCORE"><sum><variable identifier="SCORE" /><variable identifier="MAXSCORE" /></sum></setOutcomeValue><setOutcomeValue identifier="FEEDBACKBASIC"><baseValue baseType="identifier">correct</baseValue></setOutcomeValue></responseElseIf><responseElse><setOutcomeValue identifier="FEEDBACKBASIC"><baseValue baseType="identifier">incorrect</baseValue></setOutcomeValue></responseElse></responseCondition><responseCondition><responseIf><and><match><baseValue baseType="identifier">correct</baseValue><variable identifier="FEEDBACKBASIC" /></match></and><setOutcomeValue identifier="FEEDBACKMODAL"><multiple><variable identifier="FEEDBACKMODAL" /><baseValue baseType="identifier">Feedback766705186</baseValue></multiple></setOutcomeValue></responseIf></responseCondition><responseCondition><responseIf><and><match><baseValue baseType="identifier">incorrect</baseValue><variable identifier="FEEDBACKBASIC" /></match></and><setOutcomeValue identifier="FEEDBACKMODAL"><multiple><variable identifier="FEEDBACKMODAL" /><baseValue baseType="identifier">Feedback1460476071</baseValue></multiple></setOutcomeValue></responseIf></responseCondition></responseProcessing><modalFeedback  identifier="Feedback766705186" outcomeIdentifier="FEEDBACKMODAL" showHide="show" title="Richtig!" /><modalFeedback  identifier="Feedback1460476071" outcomeIdentifier="FEEDBACKMODAL" showHide="show" title="Leider falsch!"><p> </p><p>Betrachten wir zuerst den Fall, dass nur Kind A kommt. ( A = 1, B = 0 )</p><p>Dies widerspricht aber Aussage 3 (\(\neg\) B \(\Rightarrow\neg\) A bzw. A \(\Rightarrow\) B), d.h. dieser Fall ist ausgeschlossen.</p><p> </p><p>Wenn beide Kinder (A=1,B=1) kommen, dann kommen auch beide Eltern mit.<br />(Bedingung 1: B \(\Rightarrow\) M, Bedingung 2: A \(\wedge\) B \(\Rightarrow\) V)<br />Damit gibt es einen Widerspruch zu Bedingung 4: M \(\Rightarrow\)(B \(\wedge\neg\)A)</p><p> </p><p>Bleibt nur noch der Fall, dass nur Kind B kommt. Damit kommt auch die Mutter (Bedingung 1). Die anderen beiden bleiben zuhause.</p></modalFeedback></assessmentItem>
