<?xml version="1.0" encoding="UTF-8"?>
<assessmentItem xmlns="http://www.imsglobal.org/xsd/imsqti_v2p1" xmlns:xsi="http://www.w3.org/2001/XMLSchema-instance" xsi:schemaLocation="http://www.imsglobal.org/xsd/imsqti_v2p1 http://www.imsglobal.org/xsd/qti/qtiv2p1/imsqti_v2p1p1.xsd http://www.w3.org/1998/Math/MathML http://www.w3.org/Math/XMLSchema/mathml2/mathml2.xsd" identifier="idcb9f722d-0083-46d7-a753-e5a264e0f898" title="ableitung_produkt_05" adaptive="false" timeDependent="false"><responseDeclaration identifier="RESPONSE_1410266081729" cardinality="single" baseType="string" /><outcomeDeclaration identifier="SCORE" cardinality="single" baseType="float"><defaultValue><value>0</value></defaultValue></outcomeDeclaration><outcomeDeclaration identifier="MAXSCORE" cardinality="single" baseType="float"><defaultValue><value>1</value></defaultValue></outcomeDeclaration><outcomeDeclaration identifier="FEEDBACKBASIC" cardinality="single" baseType="identifier" view="testConstructor"><defaultValue><value>empty</value></defaultValue></outcomeDeclaration><outcomeDeclaration identifier="FEEDBACKMODAL" cardinality="multiple" baseType="identifier" view="testConstructor" /><templateDeclaration identifier="a" cardinality="single" baseType="integer" /><templateDeclaration identifier="c" cardinality="single" baseType="integer" /><templateDeclaration identifier="d" cardinality="single" baseType="integer" /><templateDeclaration identifier="a^2" cardinality="single" baseType="integer" /><templateDeclaration identifier="a+a" cardinality="single" baseType="integer" /><templateDeclaration identifier="ad-ac" cardinality="single" baseType="integer" /><templateDeclaration identifier="cd" cardinality="single" baseType="integer" /><templateDeclaration identifier="a-1" cardinality="single" baseType="integer" /><templateDeclaration identifier="a+a-1" cardinality="single" baseType="integer" /><templateDeclaration identifier="h1" cardinality="single" baseType="integer" /><templateDeclaration identifier="h2" cardinality="single" baseType="integer" /><templateDeclaration identifier="pm" cardinality="single" baseType="string" /><templateDeclaration identifier="abs" cardinality="single" baseType="integer" /><templateProcessing><setTemplateValue identifier="a"><randomInteger min="2" max="5" /></setTemplateValue><setTemplateValue identifier="c"><randomInteger min="1" max="10" /></setTemplateValue><setTemplateValue identifier="d"><randomInteger min="1" max="10" /></setTemplateValue><setTemplateValue identifier="a^2"><customOperator definition="MAXIMA" value="float($(1)*$(2));"><variable identifier="a" /><variable identifier="a" /></customOperator></setTemplateValue><setTemplateValue identifier="a+a"><customOperator definition="MAXIMA" value="float($(1)+$(2));"><variable identifier="a" /><variable identifier="a" /></customOperator></setTemplateValue><setTemplateValue identifier="ad-ac"><customOperator definition="MAXIMA" value="float($(1)*$(2)-$(3)*$(4));"><variable identifier="a" /><variable identifier="d" /><variable identifier="a" /><variable identifier="c" /></customOperator></setTemplateValue><setTemplateValue identifier="cd"><customOperator definition="MAXIMA" value="float($(1)*$(2));"><variable identifier="c" /><variable identifier="d" /></customOperator></setTemplateValue><setTemplateValue identifier="a-1"><customOperator definition="MAXIMA" value="float($(1)-1);"><variable identifier="a" /></customOperator></setTemplateValue><setTemplateValue identifier="a+a-1"><customOperator definition="MAXIMA" value="float($(1)-1);"><variable identifier="a+a" /></customOperator></setTemplateValue><setTemplateValue identifier="h1"><customOperator definition="MAXIMA" value="float($(1)*$(2));"><variable identifier="a+a" /><variable identifier="a^2" /></customOperator></setTemplateValue><setTemplateValue identifier="h2"><customOperator definition="MAXIMA" value="float(abs($(1)*$(2)));"><variable identifier="a" /><variable identifier="ad-ac" /></customOperator></setTemplateValue><setTemplateValue identifier="pm"><random><multiple><baseValue baseType="string">+</baseValue><baseValue baseType="string">-</baseValue></multiple></random></setTemplateValue><templateCondition><templateIf><gt><variable identifier="ad-ac" /><baseValue baseType="integer">0</baseValue></gt><setTemplateValue identifier="pm"><random><multiple><baseValue baseType="string">+</baseValue></multiple></random></setTemplateValue></templateIf><templateElse><setTemplateValue identifier="pm"><random><multiple><baseValue baseType="string">-</baseValue></multiple></random></setTemplateValue></templateElse></templateCondition><setTemplateValue identifier="abs"><customOperator definition="MAXIMA" value="float(abs($(1)));"><variable identifier="ad-ac" /></customOperator></setTemplateValue><setCorrectResponse identifier="RESPONSE_1410266081729"><customOperator definition="VARIABLESTRING" value="$(3)*x^$(2) + $(4)*x^$(1)"><variable identifier="a-1" /><variable identifier="a+a-1" /><variable identifier="h1" /><variable identifier="h2" /></customOperator></setCorrectResponse></templateProcessing><itemBody ><p><p>Geben Sie die Ableitung der Funktion $$f(x) = (<printedVariable identifier="a" />x^<printedVariable identifier="a" />-<printedVariable identifier="c" />)(<printedVariable identifier="a" />x^<printedVariable identifier="a" />+<printedVariable identifier="d" />)$$ an! Bitte vereinfachen Sie Ihre Lösung soweit wie möglich.</p><p><strong>Ergebnis:</strong> $$\qquad f'(x) = $$ <textEntryInteraction responseIdentifier="RESPONSE_1410266081729" class="maxima-formula show-latex" /></p><p> </p><p>Hinweise zur Formeleingabe:</p><ul><li>\(\frac{x}{y}\) = x/y, \(x^y\) = x^y</li><li>\(x\cdot y\) = x*y, z.B. \(3x\) = 3*x  \(\Rightarrow\)  Bitte keine * vergessen!</li><li>Durch Klicken auf die ?-Schaltfläche können Sie Ihre Formel vor Speichern der Antwort zunächst überprüfen.</li></ul></p></itemBody><responseProcessing><responseCondition><responseIf><customOperator definition="MAXIMA" value="is(equal(ev($(1)),ev($(2))));"><variable identifier="RESPONSE_1410266081729" /><correct identifier="RESPONSE_1410266081729" /></customOperator><setOutcomeValue identifier="SCORE"><sum><variable identifier="SCORE" /><baseValue baseType="float">1</baseValue></sum></setOutcomeValue></responseIf></responseCondition><responseCondition><responseIf><not><isNull><variable identifier="RESPONSE_1410266081729" /></isNull></not><setOutcomeValue identifier="FEEDBACKBASIC"><baseValue baseType="identifier">incorrect</baseValue></setOutcomeValue></responseIf></responseCondition><responseCondition><responseIf><and><not><match><variable identifier="FEEDBACKBASIC" /><baseValue baseType="identifier">empty</baseValue></match></not><equal toleranceMode="exact"><variable identifier="SCORE" /><variable identifier="MAXSCORE" /></equal></and><setOutcomeValue identifier="FEEDBACKBASIC"><baseValue baseType="identifier">correct</baseValue></setOutcomeValue></responseIf></responseCondition><responseCondition><responseIf><and><match><baseValue baseType="identifier">correct</baseValue><variable identifier="FEEDBACKBASIC" /></match></and><setOutcomeValue identifier="FEEDBACKMODAL"><multiple><variable identifier="FEEDBACKMODAL" /><baseValue baseType="identifier">Feedback1495531474</baseValue></multiple></setOutcomeValue></responseIf></responseCondition><responseCondition><responseIf><and><match><baseValue baseType="identifier">incorrect</baseValue><variable identifier="FEEDBACKBASIC" /></match></and><setOutcomeValue identifier="FEEDBACKMODAL"><multiple><variable identifier="FEEDBACKMODAL" /><baseValue baseType="identifier">Feedback1248879030</baseValue></multiple></setOutcomeValue></responseIf></responseCondition></responseProcessing><modalFeedback  identifier="Feedback1495531474" outcomeIdentifier="FEEDBACKMODAL" showHide="show" title="Richtig!" /><modalFeedback  identifier="Feedback1248879030" outcomeIdentifier="FEEDBACKMODAL" showHide="show" title="Leider falsch!"><p>Lösung: $$\qquad\qquad f(x) = (<printedVariable identifier="a" />x^<printedVariable identifier="a" />-<printedVariable identifier="c" />)(<printedVariable identifier="a" />x^<printedVariable identifier="a" />+<printedVariable identifier="d" />) = <printedVariable identifier="a^2" />x^{<printedVariable identifier="a+a" />} <printedVariable identifier="pm" /> <printedVariable identifier="abs" />x^<printedVariable identifier="a" /> -<printedVariable identifier="cd" />$$</p><p>$$\qquad\qquad\qquad\quad\; f'(x) = {<printedVariable identifier="a+a" />}\cdot<printedVariable identifier="a^2" />x^<printedVariable identifier="a+a-1" /> <printedVariable identifier="pm" /> <printedVariable identifier="a" />\cdot<printedVariable identifier="abs" />x^<printedVariable identifier="a-1" /> = <printedVariable identifier="h1" />x^<printedVariable identifier="a+a-1" /> <printedVariable identifier="pm" /> <printedVariable identifier="h2" />x^<printedVariable identifier="a-1" />$$</p></modalFeedback></assessmentItem>
