<?xml version="1.0" encoding="UTF-8"?>
<assessmentItem xmlns="http://www.imsglobal.org/xsd/imsqti_v2p1" xmlns:xsi="http://www.w3.org/2001/XMLSchema-instance" xsi:schemaLocation="http://www.imsglobal.org/xsd/imsqti_v2p1 http://www.imsglobal.org/xsd/qti/qtiv2p1/imsqti_v2p1p1.xsd http://www.w3.org/1998/Math/MathML http://www.w3.org/Math/XMLSchema/mathml2/mathml2.xsd" identifier="id2757f7e9-2124-428b-ac6b-5ec0d76761a7" title="ableitung_log_graphisch_01" adaptive="false" timeDependent="false"><responseDeclaration identifier="RESPONSE_1" cardinality="single" baseType="identifier"><correctResponse><value>id7b1b88fc-4611-41ee-8054-9a9d5da498a1</value></correctResponse></responseDeclaration><outcomeDeclaration identifier="SCORE" cardinality="single" baseType="float"><defaultValue><value>0</value></defaultValue></outcomeDeclaration><outcomeDeclaration identifier="MAXSCORE" cardinality="single" baseType="float"><defaultValue><value>1</value></defaultValue></outcomeDeclaration><outcomeDeclaration identifier="FEEDBACKBASIC" cardinality="single" baseType="identifier"><defaultValue><value>empty</value></defaultValue></outcomeDeclaration><itemBody ><p>Eine der in rot skizzierten Funktionen ist die Ableitung der in blau dargestellten Funktion! Welche ist es?</p><choiceInteraction responseIdentifier="RESPONSE_1" shuffle="true" maxChoices="1" orientation="horizontal"><simpleChoice identifier="id7b1b88fc-4611-41ee-8054-9a9d5da498a1"><p><img src="media%2Fmedium8984450479340201841ableitung_log_01.png" alt="" height="300" /></p></simpleChoice><simpleChoice identifier="id00d8e4ce-8345-4d22-99ae-e5aa41f52f6b"><p><img src="media%2Fmedium5443485653915393778ableitung_log_02.png" alt="" height="300" /></p></simpleChoice><simpleChoice identifier="id59b850ae-cd82-4914-8212-ae1031df5afb"><p><img src="media%2Fmedium256826645417514369ableitung_log_03.png" alt="" height="300" /></p></simpleChoice><simpleChoice identifier="id9ec6366d-be5c-45f8-9bee-48ccd1244100"><p><img src="media%2Fmedium5257320417057281350ableitung_log_04.png" alt="" height="300" /></p></simpleChoice></choiceInteraction></itemBody><responseProcessing><responseCondition><responseIf><isNull><variable identifier="RESPONSE_1" /></isNull><setOutcomeValue identifier="FEEDBACKBASIC"><baseValue baseType="identifier">empty</baseValue></setOutcomeValue></responseIf><responseElseIf><match><variable identifier="RESPONSE_1" /><correct identifier="RESPONSE_1" /></match><setOutcomeValue identifier="SCORE"><sum><variable identifier="SCORE" /><variable identifier="MAXSCORE" /></sum></setOutcomeValue><setOutcomeValue identifier="FEEDBACKBASIC"><baseValue baseType="identifier">correct</baseValue></setOutcomeValue></responseElseIf><responseElse><setOutcomeValue identifier="FEEDBACKBASIC"><baseValue baseType="identifier">incorrect</baseValue></setOutcomeValue></responseElse></responseCondition></responseProcessing></assessmentItem>
