<?xml version="1.0" encoding="UTF-8"?>
<assessmentItem xmlns="http://www.imsglobal.org/xsd/imsqti_v2p1" xmlns:xsi="http://www.w3.org/2001/XMLSchema-instance" xsi:schemaLocation="http://www.imsglobal.org/xsd/imsqti_v2p1 http://www.imsglobal.org/xsd/qti/qtiv2p1/imsqti_v2p1p1.xsd http://www.w3.org/1998/Math/MathML http://www.w3.org/Math/XMLSchema/mathml2/mathml2.xsd" identifier="id85ee3421-5592-493c-8f6a-5193762dd3d1" title="kartoffelparadoxon_02" adaptive="false" timeDependent="false"><imsqti:responseDeclaration xmlns:imsqti="http://www.imsglobal.org/xsd/imsqti_v2p1" identifier="RESPONSE_1412840436975" cardinality="single" baseType="float"><imsqti:correctResponse><imsqti:value>0</imsqti:value></imsqti:correctResponse></imsqti:responseDeclaration><imsqti:outcomeDeclaration xmlns:imsqti="http://www.imsglobal.org/xsd/imsqti_v2p1" identifier="SCORE" cardinality="single" baseType="float"><imsqti:defaultValue><imsqti:value>0</imsqti:value></imsqti:defaultValue></imsqti:outcomeDeclaration><imsqti:outcomeDeclaration xmlns:imsqti="http://www.imsglobal.org/xsd/imsqti_v2p1" identifier="MAXSCORE" cardinality="single" baseType="float"><imsqti:defaultValue><imsqti:value>1</imsqti:value></imsqti:defaultValue></imsqti:outcomeDeclaration><imsqti:outcomeDeclaration xmlns:imsqti="http://www.imsglobal.org/xsd/imsqti_v2p1" identifier="FEEDBACKBASIC" cardinality="single" baseType="identifier" view="testConstructor"><imsqti:defaultValue><imsqti:value>empty</imsqti:value></imsqti:defaultValue></imsqti:outcomeDeclaration><imsqti:outcomeDeclaration xmlns:imsqti="http://www.imsglobal.org/xsd/imsqti_v2p1" identifier="FEEDBACKMODAL" cardinality="multiple" baseType="identifier" view="testConstructor" /><imsqti:templateDeclaration xmlns:imsqti="http://www.imsglobal.org/xsd/imsqti_v2p1" identifier="masse2" cardinality="single" baseType="integer" /><imsqti:templateDeclaration xmlns:imsqti="http://www.imsglobal.org/xsd/imsqti_v2p1" identifier="prozent" cardinality="single" baseType="integer" /><imsqti:templateDeclaration xmlns:imsqti="http://www.imsglobal.org/xsd/imsqti_v2p1" identifier="anteil_h2o_1" cardinality="single" baseType="integer" /><imsqti:templateDeclaration xmlns:imsqti="http://www.imsglobal.org/xsd/imsqti_v2p1" identifier="p" cardinality="single" baseType="integer" /><imsqti:templateDeclaration xmlns:imsqti="http://www.imsglobal.org/xsd/imsqti_v2p1" identifier="anteil_h2o_2" cardinality="single" baseType="integer" /><imsqti:templateDeclaration xmlns:imsqti="http://www.imsglobal.org/xsd/imsqti_v2p1" identifier="masse1" cardinality="single" baseType="integer" /><imsqti:templateDeclaration xmlns:imsqti="http://www.imsglobal.org/xsd/imsqti_v2p1" identifier="pp" cardinality="single" baseType="integer" /><imsqti:templateProcessing xmlns:imsqti="http://www.imsglobal.org/xsd/imsqti_v2p1"><imsqti:setTemplateValue identifier="masse2"><imsqti:randomInteger min="11" max="55" step="2" /></imsqti:setTemplateValue><imsqti:setTemplateValue identifier="prozent"><imsqti:randomInteger min="1" max="3" /></imsqti:setTemplateValue><imsqti:setTemplateValue identifier="anteil_h2o_1"><imsqti:customOperator definition="MAXIMA" value="float(100-$(1));"><imsqti:variable identifier="prozent" /></imsqti:customOperator></imsqti:setTemplateValue><imsqti:setTemplateValue identifier="p"><imsqti:randomInteger min="2" max="4" /></imsqti:setTemplateValue><imsqti:setTemplateValue identifier="anteil_h2o_2"><imsqti:customOperator definition="MAXIMA" value="float(100-$(1)*$(2));"><imsqti:variable identifier="p" /><imsqti:variable identifier="prozent" /></imsqti:customOperator></imsqti:setTemplateValue><imsqti:setTemplateValue identifier="masse1"><imsqti:customOperator definition="MAXIMA" value="float($(1)*$(2));"><imsqti:variable identifier="p" /><imsqti:variable identifier="masse2" /></imsqti:customOperator></imsqti:setTemplateValue><imsqti:setTemplateValue identifier="pp"><imsqti:customOperator definition="MAXIMA" value="float($(1)*$(2));"><imsqti:variable identifier="p" /><imsqti:variable identifier="prozent" /></imsqti:customOperator></imsqti:setTemplateValue><imsqti:setCorrectResponse identifier="RESPONSE_1412840436975"><imsqti:variable identifier="anteil_h2o_2" /></imsqti:setCorrectResponse></imsqti:templateProcessing><itemBody ><p><printedVariable identifier="masse1" /> kg einer Obstsorte enthalte ca. <printedVariable identifier="anteil_h2o_1" />% (Massenanteil) Wasser.</p><p>Nachdem das Obst in der Sonne vertrocknete, hat es nur noch eine Masse von <printedVariable identifier="masse2" /> kg.</p><p>Wie hoch ist nun der Wasseranteil?</p><p>Antwort: <textEntryInteraction responseIdentifier="RESPONSE_1412840436975" /> %</p></itemBody><imsqti:responseProcessing xmlns:imsqti="http://www.imsglobal.org/xsd/imsqti_v2p1"><imsqti:responseCondition><imsqti:responseIf><imsqti:equal toleranceMode="exact"><imsqti:variable identifier="RESPONSE_1412840436975" /><imsqti:correct identifier="RESPONSE_1412840436975" /></imsqti:equal><imsqti:setOutcomeValue identifier="SCORE"><imsqti:sum><imsqti:variable identifier="SCORE" /><imsqti:baseValue baseType="float">1</imsqti:baseValue></imsqti:sum></imsqti:setOutcomeValue></imsqti:responseIf></imsqti:responseCondition><imsqti:responseCondition><imsqti:responseIf><imsqti:not><imsqti:isNull><imsqti:variable identifier="RESPONSE_1412840436975" /></imsqti:isNull></imsqti:not><imsqti:setOutcomeValue identifier="FEEDBACKBASIC"><imsqti:baseValue baseType="identifier">incorrect</imsqti:baseValue></imsqti:setOutcomeValue></imsqti:responseIf></imsqti:responseCondition><imsqti:responseCondition><imsqti:responseIf><imsqti:and><imsqti:not><imsqti:match><imsqti:variable identifier="FEEDBACKBASIC" /><imsqti:baseValue baseType="identifier">empty</imsqti:baseValue></imsqti:match></imsqti:not><imsqti:equal toleranceMode="exact"><imsqti:variable identifier="SCORE" /><imsqti:variable identifier="MAXSCORE" /></imsqti:equal></imsqti:and><imsqti:setOutcomeValue identifier="FEEDBACKBASIC"><imsqti:baseValue baseType="identifier">correct</imsqti:baseValue></imsqti:setOutcomeValue></imsqti:responseIf></imsqti:responseCondition><imsqti:responseCondition><imsqti:responseIf><imsqti:and><imsqti:match><imsqti:baseValue baseType="identifier">correct</imsqti:baseValue><imsqti:variable identifier="FEEDBACKBASIC" /></imsqti:match></imsqti:and><imsqti:setOutcomeValue identifier="FEEDBACKMODAL"><imsqti:multiple><imsqti:variable identifier="FEEDBACKMODAL" /><imsqti:baseValue baseType="identifier">Feedback496569785</imsqti:baseValue></imsqti:multiple></imsqti:setOutcomeValue></imsqti:responseIf></imsqti:responseCondition><imsqti:responseCondition><imsqti:responseIf><imsqti:and><imsqti:match><imsqti:baseValue baseType="identifier">incorrect</imsqti:baseValue><imsqti:variable identifier="FEEDBACKBASIC" /></imsqti:match></imsqti:and><imsqti:setOutcomeValue identifier="FEEDBACKMODAL"><imsqti:multiple><imsqti:variable identifier="FEEDBACKMODAL" /><imsqti:baseValue baseType="identifier">Feedback169038668</imsqti:baseValue></imsqti:multiple></imsqti:setOutcomeValue></imsqti:responseIf></imsqti:responseCondition></imsqti:responseProcessing><modalFeedback  identifier="Feedback496569785" outcomeIdentifier="FEEDBACKMODAL" showHide="show" title="Richtig!" /><modalFeedback  identifier="Feedback169038668" outcomeIdentifier="FEEDBACKMODAL" showHide="show" title="Leider falsch!"><p>Musterlösung:</p><p>Es sei \(p\) der gesuchte Wasseranteil in %.</p><p>Beim Trocknen verliert das Obst lediglich Wasser, die Restmasse/ Trockenmasse bleibt gleich.</p><p>Damit ist</p><p>$$\frac{<printedVariable identifier="prozent" />}{100}\cdot<printedVariable identifier="masse1" />=\frac{100-p}{100}\cdot <printedVariable identifier="masse2" />$$ (Restmasse vor dem Vertrocknen = Restmasse nach dem Vertrocknen)</p><p>$$\iff p=100-\frac{<printedVariable identifier="prozent" />\cdot<printedVariable identifier="masse1" />}{<printedVariable identifier="masse2" />}=<printedVariable identifier="anteil_h2o_2" />.$$</p><p>Der Anteil an Wasser beträgt also immernoch <printedVariable identifier="anteil_h2o_2" /> %.</p></modalFeedback></assessmentItem>
