<?xml version="1.0" encoding="UTF-8"?>
<assessmentItem xmlns="http://www.imsglobal.org/xsd/imsqti_v2p1" xmlns:xsi="http://www.w3.org/2001/XMLSchema-instance" xsi:schemaLocation="http://www.imsglobal.org/xsd/imsqti_v2p1 http://www.imsglobal.org/xsd/qti/qtiv2p1/imsqti_v2p1p1.xsd http://www.w3.org/1998/Math/MathML http://www.w3.org/Math/XMLSchema/mathml2/mathml2.xsd" identifier="id92cdc503-88e3-4865-8e07-675a99bb2e55" title="TheoremCauchyGeneral" adaptive="false" timeDependent="false"><responseDeclaration identifier="RESPONSE_1" cardinality="multiple" baseType="identifier"><correctResponse><value>id607244db-6071-4680-b9d3-154822c4f6de</value></correctResponse><mapping defaultValue="0" lowerBound="0.0"><mapEntry mapKey="id607244db-6071-4680-b9d3-154822c4f6de" mappedValue="4.0" /><mapEntry mapKey="idd1964fff-a6a8-4828-82e5-b74e4f890db4" mappedValue="-1.333" /><mapEntry mapKey="id1176430e-430d-4210-892e-bfa3f8c65887" mappedValue="-1.333" /><mapEntry mapKey="id4f7eae8a-dd21-4381-b01f-44b6acceb08e" mappedValue="-1.333" /></mapping></responseDeclaration><outcomeDeclaration identifier="SCORE" cardinality="single" baseType="float"><defaultValue><value>0</value></defaultValue></outcomeDeclaration><outcomeDeclaration identifier="MAXSCORE" cardinality="single" baseType="float"><defaultValue><value>4</value></defaultValue></outcomeDeclaration><outcomeDeclaration identifier="FEEDBACKBASIC" cardinality="single" baseType="identifier" view="testConstructor"><defaultValue><value>empty</value></defaultValue></outcomeDeclaration><outcomeDeclaration identifier="FEEDBACKMODAL" cardinality="multiple" baseType="identifier" view="testConstructor" /><templateDeclaration identifier="a" cardinality="single" baseType="integer" /><templateDeclaration identifier="b" cardinality="single" baseType="integer" /><templateDeclaration identifier="vz" cardinality="single" baseType="string" /><templateDeclaration identifier="vz1" cardinality="single" baseType="string" /><templateDeclaration identifier="vz2" cardinality="single" baseType="string" /><templateDeclaration identifier="r" cardinality="single" baseType="integer" /><templateDeclaration identifier="01test" cardinality="single" baseType="integer" /><templateDeclaration identifier="02test" cardinality="single" baseType="integer" /><templateDeclaration identifier="gvz1" cardinality="single" baseType="integer" /><templateDeclaration identifier="gvz2" cardinality="single" baseType="integer" /><templateDeclaration identifier="ngvz1" cardinality="single" baseType="integer" /><templateDeclaration identifier="ngvz2" cardinality="single" baseType="integer" /><templateProcessing><setTemplateValue identifier="a"><randomInteger min="1" max="9" /></setTemplateValue><setTemplateValue identifier="b"><randomInteger min="1" max="9" /></setTemplateValue><setTemplateValue identifier="vz"><random><multiple><baseValue baseType="string">+</baseValue><baseValue baseType="string">-</baseValue></multiple></random></setTemplateValue><setTemplateValue identifier="vz1"><random><multiple><baseValue baseType="string">+</baseValue><baseValue baseType="string">-</baseValue></multiple></random></setTemplateValue><setTemplateValue identifier="vz2"><random><multiple><baseValue baseType="string">+</baseValue><baseValue baseType="string">-</baseValue></multiple></random></setTemplateValue><setTemplateValue identifier="r"><customOperator definition="MAXIMA" value="float(max($(1), $(2))+3);"><variable identifier="b" /><variable identifier="a" /></customOperator></setTemplateValue><setTemplateValue identifier="01test"><customOperator definition="MAXIMA" value="float($(1)1-$(2)1);"><variable identifier="vz" /><variable identifier="vz1" /></customOperator></setTemplateValue><setTemplateValue identifier="02test"><customOperator definition="MAXIMA" value="float($(1)1-$(2)1);"><variable identifier="vz" /><variable identifier="vz2" /></customOperator></setTemplateValue><setTemplateValue identifier="gvz1"><customOperator definition="MAXIMA" value="float(1);" /></setTemplateValue><templateCondition><templateIf><match><variable identifier="01test" /><baseValue baseType="integer">0</baseValue></match><setTemplateValue identifier="gvz1"><customOperator definition="MAXIMA" value="float(-1);" /></setTemplateValue></templateIf></templateCondition><setTemplateValue identifier="gvz2"><customOperator definition="MAXIMA" value="float(1);" /></setTemplateValue><templateCondition><templateIf><match><variable identifier="02test" /><baseValue baseType="integer">0</baseValue></match><setTemplateValue identifier="gvz2"><customOperator definition="MAXIMA" value="float(-1);" /></setTemplateValue></templateIf></templateCondition><setTemplateValue identifier="ngvz1"><customOperator definition="MAXIMA" value="float(-$(1));"><variable identifier="gvz1" /></customOperator></setTemplateValue><setTemplateValue identifier="ngvz2"><customOperator definition="MAXIMA" value="float(-$(1));"><variable identifier="gvz2" /></customOperator></setTemplateValue></templateProcessing><itemBody ><p>Let \(f\) be the complex function $$f : D := \mathbb C \backslash \{-<printedVariable identifier="a" />, <printedVariable identifier="b" />\}\rightarrow \mathbb C, z \mapsto f(z):=\frac{1}{(z+<printedVariable identifier="a" />)\cdot (z-<printedVariable identifier="b" />)}$$.</p><p>Let</p><p>$$\gamma(t) := <printedVariable identifier="r" />\cdot e^{<printedVariable identifier="vz" />\mathbb i \cdot 2\cdot \pi\cdot t}$$  for \( 0 \le t \le 1\), </p><p>$$\gamma_1(t) := -<printedVariable identifier="a" /> + e^{<printedVariable identifier="vz1" />\mathbb i \cdot 2\cdot \pi \cdot t}$$  for \( 0 \le t \le 1\),</p><p>$$\gamma_2(t) := <printedVariable identifier="b" /> + e^{<printedVariable identifier="vz2" />\mathbb i \cdot 2\cdot \pi\cdot t}$$  for \( 0 \le t \le 1\)</p><p>be contours in \(D\).</p><p>Which of the following equations are valid ?</p><p> </p><p><em>Remark: Such equations can be used to break up a contour integral into smaller parts.</em></p><p> </p><p> </p><choiceInteraction responseIdentifier="RESPONSE_1" shuffle="true" maxChoices="0"><simpleChoice identifier="id607244db-6071-4680-b9d3-154822c4f6de"><p>$$\int_{\gamma} f = <printedVariable identifier="gvz1" />\cdot\int_{\gamma_1} f   + (  <printedVariable identifier="gvz2" />\cdot\int_{\gamma_2} f)$$</p></simpleChoice><simpleChoice identifier="idd1964fff-a6a8-4828-82e5-b74e4f890db4"><p>$$\int_{\gamma} f = <printedVariable identifier="ngvz1" />\cdot\int_{\gamma_1} f   + (  <printedVariable identifier="gvz2" />\cdot\int_{\gamma_2} f)$$</p></simpleChoice><simpleChoice identifier="id1176430e-430d-4210-892e-bfa3f8c65887"><p>$$\int_{\gamma} f = <printedVariable identifier="gvz1" />\cdot\int_{\gamma_1} f   + (  <printedVariable identifier="ngvz2" />\cdot\int_{\gamma_2} f)$$</p></simpleChoice><simpleChoice identifier="id4f7eae8a-dd21-4381-b01f-44b6acceb08e"><p>$$\int_{\gamma} f = <printedVariable identifier="ngvz1" />\cdot\int_{\gamma_1} f   + (  <printedVariable identifier="ngvz2" />\cdot\int_{\gamma_2} f)$$</p></simpleChoice></choiceInteraction></itemBody><responseProcessing><responseCondition><responseIf><not><isNull><variable identifier="RESPONSE_1" /></isNull></not><setOutcomeValue identifier="SCORE"><sum><variable identifier="SCORE" /><mapResponse identifier="RESPONSE_1" /></sum></setOutcomeValue><setOutcomeValue identifier="FEEDBACKBASIC"><baseValue baseType="identifier">incorrect</baseValue></setOutcomeValue></responseIf></responseCondition><responseCondition><responseIf><and><not><match><variable identifier="FEEDBACKBASIC" /><baseValue baseType="identifier">empty</baseValue></match></not><equal toleranceMode="exact"><variable identifier="SCORE" /><variable identifier="MAXSCORE" /></equal></and><setOutcomeValue identifier="FEEDBACKBASIC"><baseValue baseType="identifier">correct</baseValue></setOutcomeValue></responseIf></responseCondition><responseCondition><responseIf><and><match><baseValue baseType="identifier">incorrect</baseValue><variable identifier="FEEDBACKBASIC" /></match></and><setOutcomeValue identifier="FEEDBACKMODAL"><multiple><variable identifier="FEEDBACKMODAL" /><baseValue baseType="identifier">Feedback1347828470</baseValue></multiple></setOutcomeValue></responseIf></responseCondition></responseProcessing><modalFeedback  identifier="Feedback1347828470" outcomeIdentifier="FEEDBACKMODAL" showHide="show"><p>Verify the conditions of Cauchy's theorem in its generalized version. Note, that the way (clock wise or anti clock wise) a contour runs through its path is important here.</p><p>Note also relations that hold with the winding numbers, e.g.</p><p>\( w(-\gamma, z) = -  w(\gamma, z)\)</p><p>Similarly:</p><p>\( \int_{-\gamma} f = - \int_{\gamma} f \) might be useful in order to identify the right assertions of this section.</p></modalFeedback></assessmentItem>
