<?xml version="1.0" encoding="UTF-8"?>
<assessmentItem xmlns="http://www.imsglobal.org/xsd/imsqti_v2p1" xmlns:xsi="http://www.w3.org/2001/XMLSchema-instance" xsi:schemaLocation="http://www.imsglobal.org/xsd/imsqti_v2p1 http://www.imsglobal.org/xsd/qti/qtiv2p1/imsqti_v2p1p1.xsd http://www.w3.org/1998/Math/MathML http://www.w3.org/Math/XMLSchema/mathml2/mathml2.xsd" identifier="idc9fe0965-a3b9-4df4-88bc-7c83f1b65cb8" title="negation_menge_01" adaptive="false" timeDependent="false"><responseDeclaration identifier="RESPONSE_1" cardinality="multiple" baseType="identifier"><correctResponse><value>ideb1c39a8-4419-43da-9031-471d9f830222</value><value>id41aec9c2-9565-4726-8747-373b2d19a20e</value></correctResponse><mapping defaultValue="0" lowerBound="0.0"><mapEntry mapKey="id03062410-ec86-45f4-b883-622baed52da8" mappedValue="0.0" /><mapEntry mapKey="ide440198a-72a3-43e3-bed4-cfa6b52e337b" mappedValue="0.0" /><mapEntry mapKey="ideb1c39a8-4419-43da-9031-471d9f830222" mappedValue="0.5" /><mapEntry mapKey="id41aec9c2-9565-4726-8747-373b2d19a20e" mappedValue="0.5" /></mapping></responseDeclaration><outcomeDeclaration identifier="SCORE" cardinality="single" baseType="float"><defaultValue><value>0</value></defaultValue></outcomeDeclaration><outcomeDeclaration identifier="MAXSCORE" cardinality="single" baseType="float"><defaultValue><value>1</value></defaultValue></outcomeDeclaration><outcomeDeclaration identifier="FEEDBACKBASIC" cardinality="single" baseType="identifier" view="testConstructor"><defaultValue><value>empty</value></defaultValue></outcomeDeclaration><itemBody ><p>Es sei \(M\subset\mathbb N\). Wie lautet die Negation der folgenden Aussage?</p><p>Jedes Element \(m\in M\) ist eine gerade Zahl.</p><choiceInteraction responseIdentifier="RESPONSE_1" shuffle="true" maxChoices="0"><simpleChoice identifier="id03062410-ec86-45f4-b883-622baed52da8"><p>\(\forall m\in M\) ist \(m=2k+1\) für ein \(k\in\mathbb N\)</p></simpleChoice><simpleChoice identifier="ide440198a-72a3-43e3-bed4-cfa6b52e337b"><p>\(\forall m\in M\) ist \(m\neq2k+1\) für alle \(k\in\mathbb N\)</p></simpleChoice><simpleChoice identifier="ideb1c39a8-4419-43da-9031-471d9f830222"><p>\(\exists m\in M: m=2k+1\) für ein \(k\in\mathbb N\)</p></simpleChoice><simpleChoice identifier="id41aec9c2-9565-4726-8747-373b2d19a20e"><p>\(\exists m\in M: m\neq 2k\) für alle \(k\in\mathbb N\)</p></simpleChoice></choiceInteraction></itemBody><responseProcessing><responseCondition><responseIf><not><isNull><variable identifier="RESPONSE_1" /></isNull></not><setOutcomeValue identifier="SCORE"><sum><variable identifier="SCORE" /><mapResponse identifier="RESPONSE_1" /></sum></setOutcomeValue><setOutcomeValue identifier="FEEDBACKBASIC"><baseValue baseType="identifier">incorrect</baseValue></setOutcomeValue></responseIf></responseCondition><responseCondition><responseIf><and><not><match><variable identifier="FEEDBACKBASIC" /><baseValue baseType="identifier">empty</baseValue></match></not><equal toleranceMode="exact"><variable identifier="SCORE" /><variable identifier="MAXSCORE" /></equal></and><setOutcomeValue identifier="FEEDBACKBASIC"><baseValue baseType="identifier">correct</baseValue></setOutcomeValue></responseIf></responseCondition></responseProcessing></assessmentItem>
