<?xml version="1.0" encoding="UTF-8"?>
<manifest
	xmlns="http://www.imsglobal.org/xsd/imscp_v1p1"
	xmlns:xsi="http://www.w3.org/2001/XMLSchema-instance" 
	xsi:schemaLocation="http://www.imsglobal.org/xsd/imscp_v1p1 http://www.imsglobal.org/xsd/qti/qtiv2p1/qtiv2p1_imscpv1p2_v1p0.xsd 
											http://www.imsglobal.org/xsd/imsqti_v2p1 http://www.imsglobal.org/xsd/qti/qtiv2p1/imsqti_v2p1p1.xsd 
											http://www.imsglobal.org/xsd/imsqti_metadata_v2p1 http://www.imsglobal.org/xsd/qti/qtiv2p1/imsqti_metadata_v2p1p1.xsd
											http://ltsc.ieee.org/xsd/LOM http://www.imsglobal.org/xsd/imsmd_loose_v1p3p2.xsd"
	identifier="manifestID">
	<metadata>
		<schema>QTIv2.1 Package</schema>
    <schemaversion>1.0.0</schemaversion>
  </metadata>
	<organizations />
	<resources>
		<resource identifier="ida2678f24_bb68_4742_8b00_1cc2508235c0" type="imsqti_item_xmlv2p1" href="ida2678f24-bb68-4742-8b00-1cc2508235c0.xml"><metadata><lom xmlns="http://ltsc.ieee.org/xsd/LOM"><general ><identifier><entry>ida2678f24-bb68-4742-8b00-1cc2508235c0</entry></identifier><title><string language="de">sin(a i)</string></title><language></language><description><string language="de"></string></description></general><lifeCycle ><contribute><date><dateTime>2014-11-11T09:42:22</dateTime></date><role><source>LOMv1.0</source><value>author</value></role><entity>BEGIN:VCARD&#xD;
VERSION:4.0&#xD;
N;LANGUAGE=de:Hielscher;Ralf;;;&#xD;
FN:Ralf Hielscher&#xD;
EMAIL:ralf.hielscher@mathematik.tu-chemnitz.de&#xD;
PRODID:ONYX Editor 5.9.10&#xD;
END:VCARD&#xD;
</entity></contribute></lifeCycle><educational ><learningResourceType><source>QTIv2.1</source><value>AssessmentItem</value></learningResourceType><difficulty><source>LOMv1.0</source><value></value></difficulty><typicalLearningTime><duration></duration></typicalLearningTime></educational><qtiMetadata xmlns="http://www.imsglobal.org/xsd/imsqti_metadata_v2p1"><interactionType >choiceInteraction</interactionType><toolName >ONYX Editor</toolName><toolVersion >5.9.8</toolVersion><toolVendor >BPS Bildungsportal Sachsen GmbH</toolVendor></qtiMetadata></lom></metadata><file href="ida2678f24-bb68-4742-8b00-1cc2508235c0.xml" /></resource>
	</resources>
</manifest>
