<?xml version="1.0" encoding="UTF-8"?>
<assessmentItem xmlns="http://www.imsglobal.org/xsd/imsqti_v2p1" xmlns:xsi="http://www.w3.org/2001/XMLSchema-instance" xsi:schemaLocation="http://www.imsglobal.org/xsd/imsqti_v2p1 http://www.imsglobal.org/xsd/qti/qtiv2p1/imsqti_v2p1p1.xsd http://www.w3.org/1998/Math/MathML http://www.w3.org/Math/XMLSchema/mathml2/mathml2.xsd" identifier="id15639405-a216-4d77-a78a-344b47e0f254" title="ableitung_potenzen_03" adaptive="false" timeDependent="false"><responseDeclaration identifier="RESPONSE_1408974715182" cardinality="single" baseType="string" /><outcomeDeclaration identifier="SCORE" cardinality="single" baseType="float"><defaultValue><value>0</value></defaultValue></outcomeDeclaration><outcomeDeclaration identifier="MAXSCORE" cardinality="single" baseType="float"><defaultValue><value>1</value></defaultValue></outcomeDeclaration><outcomeDeclaration identifier="FEEDBACKBASIC" cardinality="single" baseType="identifier" view="testConstructor"><defaultValue><value>empty</value></defaultValue></outcomeDeclaration><outcomeDeclaration identifier="FEEDBACKMODAL" cardinality="multiple" baseType="identifier" view="testConstructor" /><templateProcessing><setCorrectResponse identifier="RESPONSE_1408974715182"><customOperator definition="VARIABLESTRING" value="" /></setCorrectResponse></templateProcessing><itemBody ><p>Geben Sie die Ableitung der Funktion $$f(x) = \cos ^x x$$ an! Bitte vereinfachen Sie Ihre Lösung soweit wie möglich.</p><p><strong>Ergebnis:</strong> $$f'(x) = $$<textEntryInteraction responseIdentifier="RESPONSE_1408974715182" class="maxima-formula show-latex" /></p><p> </p><p>Hinweise zur Formeleingabe:</p><ul><li>\(\frac{x}{y}\) = x/y, \(x^y\) = x^y, \(\ln x=\) log(x), \(\cos x=\) cos(x)</li><li>\(x\cdot y\) = x*y, z.B. \(3x\) = 3*x  \(\Rightarrow\)  Bitte keine * vergessen!</li><li>Durch Klicken auf die ?-Schaltfläche können Sie Ihre Formel vor Speichern der Antwort zunächst überprüfen.</li></ul></itemBody><responseProcessing><responseCondition><responseIf><customOperator definition="MAXIMA" value="is(equal(ev($(1)),ev((cos(x))^x*(log(cos(x))-x*tan(x)))));"><variable identifier="RESPONSE_1408974715182" /><correct identifier="RESPONSE_1408974715182" /></customOperator><setOutcomeValue identifier="SCORE"><sum><variable identifier="SCORE" /><baseValue baseType="float">1</baseValue></sum></setOutcomeValue></responseIf></responseCondition><responseCondition><responseIf><not><isNull><variable identifier="RESPONSE_1408974715182" /></isNull></not><setOutcomeValue identifier="FEEDBACKBASIC"><baseValue baseType="identifier">incorrect</baseValue></setOutcomeValue></responseIf></responseCondition><responseCondition><responseIf><and><not><match><variable identifier="FEEDBACKBASIC" /><baseValue baseType="identifier">empty</baseValue></match></not><equal toleranceMode="exact"><variable identifier="SCORE" /><variable identifier="MAXSCORE" /></equal></and><setOutcomeValue identifier="FEEDBACKBASIC"><baseValue baseType="identifier">correct</baseValue></setOutcomeValue></responseIf></responseCondition><responseCondition><responseIf><and><match><baseValue baseType="identifier">correct</baseValue><variable identifier="FEEDBACKBASIC" /></match></and><setOutcomeValue identifier="FEEDBACKMODAL"><multiple><variable identifier="FEEDBACKMODAL" /><baseValue baseType="identifier">Feedback1959466289</baseValue></multiple></setOutcomeValue></responseIf></responseCondition><responseCondition><responseIf><and><match><baseValue baseType="identifier">incorrect</baseValue><variable identifier="FEEDBACKBASIC" /></match></and><setOutcomeValue identifier="FEEDBACKMODAL"><multiple><variable identifier="FEEDBACKMODAL" /><baseValue baseType="identifier">Feedback594343440</baseValue></multiple></setOutcomeValue></responseIf></responseCondition></responseProcessing><modalFeedback  identifier="Feedback1959466289" outcomeIdentifier="FEEDBACKMODAL" showHide="show" title="Richtig!" /><modalFeedback  identifier="Feedback594343440" outcomeIdentifier="FEEDBACKMODAL" showHide="show" title="Beachte:"><p>$$\qquad\qquad\qquad \cos ^x x = \mathrm e^{\displaystyle\ln{\cos ^x x}} = \mathrm e^{\displaystyle x \cdot \ln(\cos x)}$$, da $$\mathrm e^{\displaystyle\ln x} = x$$.</p><p> </p><p><strong>Lösung:</strong> $$\qquad f'(x) = \Big(\mathrm e^{\displaystyle x \cdot \ln(\cos x)}\Big)' = \mathrm e^{\displaystyle x \cdot \ln(\cos x)} \cdot \Big(1 \cdot \ln(\cos x) + x \cdot \frac{1}{\cos x} \cdot (-\sin x)\Big) = \cos ^x x \cdot (\ln(\cos x) - x \cdot \tan x)$$.</p></modalFeedback></assessmentItem>
