<?xml version="1.0" encoding="UTF-8"?>
<assessmentItem xmlns="http://www.imsglobal.org/xsd/imsqti_v2p1" xmlns:xsi="http://www.w3.org/2001/XMLSchema-instance" xsi:schemaLocation="http://www.imsglobal.org/xsd/imsqti_v2p1 http://www.imsglobal.org/xsd/qti/qtiv2p1/imsqti_v2p1p1.xsd http://www.w3.org/1998/Math/MathML http://www.w3.org/Math/XMLSchema/mathml2/mathml2.xsd" identifier="id0d87b2c3-c8ce-4b9b-b1c8-620e82e9fe99" title="tangente_schnittpunkt_02" adaptive="false" timeDependent="false"><responseDeclaration identifier="RESPONSE_1410422348085" cardinality="single" baseType="float"><correctResponse><value>2</value></correctResponse></responseDeclaration><responseDeclaration identifier="RESPONSE_1410422351945" cardinality="single" baseType="float"><correctResponse><value>4</value></correctResponse></responseDeclaration><responseDeclaration identifier="RESPONSE_1410422394696" cardinality="single" baseType="float"><correctResponse><value>-2</value></correctResponse></responseDeclaration><responseDeclaration identifier="RESPONSE_1410422407235" cardinality="single" baseType="float"><correctResponse><value>0</value></correctResponse></responseDeclaration><outcomeDeclaration identifier="SCORE" cardinality="single" baseType="float"><defaultValue><value>0</value></defaultValue></outcomeDeclaration><outcomeDeclaration identifier="MAXSCORE" cardinality="single" baseType="float"><defaultValue><value>4</value></defaultValue></outcomeDeclaration><outcomeDeclaration identifier="FEEDBACKBASIC" cardinality="single" baseType="identifier" view="testConstructor"><defaultValue><value>empty</value></defaultValue></outcomeDeclaration><outcomeDeclaration identifier="FEEDBACKMODAL" cardinality="multiple" baseType="identifier" view="testConstructor" /><itemBody ><p><p>Gegeben ist die Funktion \(f(x) = (x+2) \cdot \sqrt{4-x^2}.\) Geben Sie die Gleichung der Tangente an den Graphen im Punkt \(x_0 = 0\) an!</p><p>Lösung: \(\qquad t(x) = \)<textEntryInteraction responseIdentifier="RESPONSE_1410422348085" expectedLength="5" />\(x + \)<textEntryInteraction responseIdentifier="RESPONSE_1410422351945" expectedLength="5" /></p><p> </p><p>Diese Tangente schneidet \(f\) in einem weiteren Punkt \(Q(x_Q,y_Q)\). Bestimmen Sie die Koordinaten von \(Q\)!</p><p>\(\qquad\qquad x_Q =\)<textEntryInteraction responseIdentifier="RESPONSE_1410422394696" expectedLength="5" />, \(y_Q =\)<textEntryInteraction responseIdentifier="RESPONSE_1410422407235" expectedLength="5" /></p></p></itemBody><responseProcessing><responseCondition><responseIf><equal toleranceMode="exact"><variable identifier="RESPONSE_1410422348085" /><correct identifier="RESPONSE_1410422348085" /></equal><setOutcomeValue identifier="SCORE"><sum><variable identifier="SCORE" /><baseValue baseType="float">1</baseValue></sum></setOutcomeValue></responseIf></responseCondition><responseCondition><responseIf><not><isNull><variable identifier="RESPONSE_1410422348085" /></isNull></not><setOutcomeValue identifier="FEEDBACKBASIC"><baseValue baseType="identifier">incorrect</baseValue></setOutcomeValue></responseIf></responseCondition><responseCondition><responseIf><equal toleranceMode="exact"><variable identifier="RESPONSE_1410422351945" /><correct identifier="RESPONSE_1410422351945" /></equal><setOutcomeValue identifier="SCORE"><sum><variable identifier="SCORE" /><baseValue baseType="float">1</baseValue></sum></setOutcomeValue></responseIf></responseCondition><responseCondition><responseIf><not><isNull><variable identifier="RESPONSE_1410422351945" /></isNull></not><setOutcomeValue identifier="FEEDBACKBASIC"><baseValue baseType="identifier">incorrect</baseValue></setOutcomeValue></responseIf></responseCondition><responseCondition><responseIf><equal toleranceMode="exact"><variable identifier="RESPONSE_1410422394696" /><correct identifier="RESPONSE_1410422394696" /></equal><setOutcomeValue identifier="SCORE"><sum><variable identifier="SCORE" /><baseValue baseType="float">1</baseValue></sum></setOutcomeValue></responseIf></responseCondition><responseCondition><responseIf><not><isNull><variable identifier="RESPONSE_1410422394696" /></isNull></not><setOutcomeValue identifier="FEEDBACKBASIC"><baseValue baseType="identifier">incorrect</baseValue></setOutcomeValue></responseIf></responseCondition><responseCondition><responseIf><equal toleranceMode="exact"><variable identifier="RESPONSE_1410422407235" /><correct identifier="RESPONSE_1410422407235" /></equal><setOutcomeValue identifier="SCORE"><sum><variable identifier="SCORE" /><baseValue baseType="float">1</baseValue></sum></setOutcomeValue></responseIf></responseCondition><responseCondition><responseIf><not><isNull><variable identifier="RESPONSE_1410422407235" /></isNull></not><setOutcomeValue identifier="FEEDBACKBASIC"><baseValue baseType="identifier">incorrect</baseValue></setOutcomeValue></responseIf></responseCondition><responseCondition><responseIf><and><not><match><variable identifier="FEEDBACKBASIC" /><baseValue baseType="identifier">empty</baseValue></match></not><equal toleranceMode="exact"><variable identifier="SCORE" /><variable identifier="MAXSCORE" /></equal></and><setOutcomeValue identifier="FEEDBACKBASIC"><baseValue baseType="identifier">correct</baseValue></setOutcomeValue></responseIf></responseCondition><responseCondition><responseIf><and><match><baseValue baseType="identifier">correct</baseValue><variable identifier="FEEDBACKBASIC" /></match></and><setOutcomeValue identifier="FEEDBACKMODAL"><multiple><variable identifier="FEEDBACKMODAL" /><baseValue baseType="identifier">Feedback278743398</baseValue></multiple></setOutcomeValue></responseIf></responseCondition><responseCondition><responseIf><and><match><baseValue baseType="identifier">incorrect</baseValue><variable identifier="FEEDBACKBASIC" /></match></and><setOutcomeValue identifier="FEEDBACKMODAL"><multiple><variable identifier="FEEDBACKMODAL" /><baseValue baseType="identifier">Feedback1178456079</baseValue></multiple></setOutcomeValue></responseIf></responseCondition></responseProcessing><modalFeedback  identifier="Feedback278743398" outcomeIdentifier="FEEDBACKMODAL" showHide="show" title="Richtig!"><p> </p><p>                                                                                           <img src="media%2Fmedium3477162871621931848plot3.png" alt="" width="600" height="364" /></p></modalFeedback><modalFeedback  identifier="Feedback1178456079" outcomeIdentifier="FEEDBACKMODAL" showHide="show" title="Leider falsch!"><p>Die Tangente an den Graphen von \(f\) ist von der Form \(y = mx+n\), wobei \(m\) und \(n\) zu bestimmen sind.</p><p>Den Anstieg der Tangenten erhält man aus der Ableitung von \(f\) im Punkt \(x_0\), d.h. \(m=2\).</p><p>Um \(n\) bestimmen zu können, braucht man noch den Funktionswert von \(f\) in \(x_0\) und setzt diese Werte danach in die Tangentengleichung ein.</p><p>Damit gilt: \(t(x) = 2x+4.\)</p><p> </p><p>Um den Schnittpunkt zu bestimmen, muss man nun \(f(x)\) und \(t(x)\) gleichsetzen.</p><p>Lösungen dieser neuen Gleichung ist natürlich wieder \(x_0 = 0\) und \(x_Q = -2\).</p><p> </p><p>                                                                                                                           </p><p><img src="media%2Fmedium4231444330472090897plot3.png" alt="" width="500" height="302" /></p></modalFeedback></assessmentItem>
