<?xml version="1.0" encoding="UTF-8"?>
<assessmentItem xmlns="http://www.imsglobal.org/xsd/imsqti_v2p1" xmlns:xsi="http://www.w3.org/2001/XMLSchema-instance" xsi:schemaLocation="http://www.imsglobal.org/xsd/imsqti_v2p1 http://www.imsglobal.org/xsd/qti/qtiv2p1/imsqti_v2p1p1.xsd http://www.w3.org/1998/Math/MathML http://www.w3.org/Math/XMLSchema/mathml2/mathml2.xsd" identifier="id915c4862-1eb0-4bae-9359-72eac2ab2b82" title="winkelfunktion_graphisch_03" adaptive="false" timeDependent="false"><responseDeclaration identifier="RESPONSE_1" cardinality="single" baseType="identifier"><correctResponse><value>idc77724b7-5811-4e51-b989-46d841f993be</value></correctResponse><mapping defaultValue="0" lowerBound="0.0"><mapEntry mapKey="idc77724b7-5811-4e51-b989-46d841f993be" mappedValue="1.0" /><mapEntry mapKey="idf4ac7823-d356-4393-8166-20d21f959300" mappedValue="-0.25" /><mapEntry mapKey="id6f85fbd3-2938-4cfe-9841-b05ad04ff098" mappedValue="-0.25" /><mapEntry mapKey="id91e6dbdc-6d55-4640-979e-838ce6a782a9" mappedValue="-0.25" /><mapEntry mapKey="idce98e3e1-bebd-497d-b1ac-045a85645136" mappedValue="-0.25" /></mapping></responseDeclaration><outcomeDeclaration identifier="SCORE" cardinality="single" baseType="float"><defaultValue><value>0</value></defaultValue></outcomeDeclaration><outcomeDeclaration identifier="MAXSCORE" cardinality="single" baseType="float"><defaultValue><value>1</value></defaultValue></outcomeDeclaration><outcomeDeclaration identifier="FEEDBACKBASIC" cardinality="single" baseType="identifier" view="testConstructor"><defaultValue><value>empty</value></defaultValue></outcomeDeclaration><outcomeDeclaration identifier="FEEDBACKMODAL" cardinality="multiple" baseType="identifier" view="testConstructor" /><itemBody ><p>Der Graph welcher Funktion ist auf folgendem Bild zu sehen?</p><p><img src="media%2Fmedium3607016547732777372sin_2x.png" alt="" width="560" height="114" /></p><choiceInteraction responseIdentifier="RESPONSE_1" shuffle="true" maxChoices="1"><simpleChoice identifier="idc77724b7-5811-4e51-b989-46d841f993be"><p>\(\sin(2x)\)</p></simpleChoice><simpleChoice identifier="idf4ac7823-d356-4393-8166-20d21f959300"><p>\(\sin(x)\)</p></simpleChoice><simpleChoice identifier="id6f85fbd3-2938-4cfe-9841-b05ad04ff098"><p>\(\sin(\frac x2)\)</p></simpleChoice><simpleChoice identifier="id91e6dbdc-6d55-4640-979e-838ce6a782a9"><p>\(\sin^2(x)\)</p></simpleChoice><simpleChoice identifier="idce98e3e1-bebd-497d-b1ac-045a85645136"><p>\(2\sin(x)\)</p></simpleChoice></choiceInteraction></itemBody><responseProcessing><responseCondition><responseIf><not><isNull><variable identifier="RESPONSE_1" /></isNull></not><setOutcomeValue identifier="SCORE"><sum><variable identifier="SCORE" /><mapResponse identifier="RESPONSE_1" /></sum></setOutcomeValue><setOutcomeValue identifier="FEEDBACKBASIC"><baseValue baseType="identifier">incorrect</baseValue></setOutcomeValue></responseIf></responseCondition><responseCondition><responseIf><and><not><match><variable identifier="FEEDBACKBASIC" /><baseValue baseType="identifier">empty</baseValue></match></not><equal toleranceMode="exact"><variable identifier="SCORE" /><variable identifier="MAXSCORE" /></equal></and><setOutcomeValue identifier="FEEDBACKBASIC"><baseValue baseType="identifier">correct</baseValue></setOutcomeValue></responseIf></responseCondition><responseCondition><responseIf><and><match><baseValue baseType="identifier">correct</baseValue><variable identifier="FEEDBACKBASIC" /></match></and><setOutcomeValue identifier="FEEDBACKMODAL"><multiple><variable identifier="FEEDBACKMODAL" /><baseValue baseType="identifier">Feedback1457154743</baseValue></multiple></setOutcomeValue></responseIf></responseCondition><responseCondition><responseIf><and><match><baseValue baseType="identifier">incorrect</baseValue><variable identifier="FEEDBACKBASIC" /></match></and><setOutcomeValue identifier="FEEDBACKMODAL"><multiple><variable identifier="FEEDBACKMODAL" /><baseValue baseType="identifier">Feedback158194216</baseValue></multiple></setOutcomeValue></responseIf></responseCondition></responseProcessing><modalFeedback  identifier="Feedback1457154743" outcomeIdentifier="FEEDBACKMODAL" showHide="show" title="Richtig!"><p>Auf dem Bild ist der Graph der Funktion $$\sin(2x)$$ abgebildet.</p><ul><li>$$\sin(2x)$$ ist $$\pi$$-periodisch und nimmt die Extremwerte $$\pm1$$ an</li><li>$$\sin(x)$$ ist $$2\pi$$-periodisch</li><li>$$\sin(\tfrac x2)$$ ist $$4\pi$$-periodisch</li><li>$$\sin^2(x)$$ nimmt nur Werte $$\geq0$$ an</li><li>$$2\sin(x)$$ nimmt die Extremwerte $$\pm2$$ an</li></ul></modalFeedback><modalFeedback  identifier="Feedback158194216" outcomeIdentifier="FEEDBACKMODAL" showHide="show" title="Leider flasch!"><p>Auf dem Bild ist der Graph der Funktion $$\sin(2x)$$ abgebildet.</p><ul><li>$$\sin(2x)$$ ist $$\pi$$-periodisch und nimmt die Extremwerte $$\pm1$$ an</li><li>$$\sin(x)$$ ist $$2\pi$$-periodisch</li><li>$$\sin(\tfrac x2)$$ ist $$4\pi$$-periodisch</li><li>$$\sin^2(x)$$ nimmt nur Werte $$\geq0$$ an</li><li>$$2\sin(x)$$ nimmt die Extremwerte $$\pm2$$ an</li></ul></modalFeedback></assessmentItem>
