<?xml version="1.0" encoding="UTF-8"?>
<assessmentItem xmlns="http://www.imsglobal.org/xsd/imsqti_v2p1" xmlns:xsi="http://www.w3.org/2001/XMLSchema-instance" xsi:schemaLocation="http://www.imsglobal.org/xsd/imsqti_v2p1 http://www.imsglobal.org/xsd/qti/qtiv2p1/imsqti_v2p1p1.xsd http://www.w3.org/1998/Math/MathML http://www.w3.org/Math/XMLSchema/mathml2/mathml2.xsd" identifier="idf4fa0afa-6472-42fa-b483-076ae7365a33" title="LineareRegressionMedientechnik" adaptive="false" timeDependent="false"><responseDeclaration identifier="RESPONSE_1393513207898" cardinality="single" baseType="float"><correctResponse><value>0</value></correctResponse></responseDeclaration><responseDeclaration identifier="RESPONSE_1393513219466" cardinality="single" baseType="float"><correctResponse><value>0</value></correctResponse></responseDeclaration><responseDeclaration identifier="RESPONSE_1393513227480" cardinality="single" baseType="float"><correctResponse><value>0</value></correctResponse></responseDeclaration><outcomeDeclaration identifier="SCORE" cardinality="single" baseType="float"><defaultValue><value>0</value></defaultValue></outcomeDeclaration><outcomeDeclaration identifier="MAXSCORE" cardinality="single" baseType="float"><defaultValue><value>6</value></defaultValue></outcomeDeclaration><outcomeDeclaration identifier="FEEDBACKBASIC" cardinality="single" baseType="identifier" view="testConstructor"><defaultValue><value>empty</value></defaultValue></outcomeDeclaration><outcomeDeclaration identifier="FEEDBACKMODAL" cardinality="multiple" baseType="identifier" view="testConstructor" /><templateDeclaration identifier="W" cardinality="single" baseType="integer" /><templateDeclaration identifier="A1" cardinality="single" baseType="integer" /><templateDeclaration identifier="B1" cardinality="single" baseType="integer" /><templateDeclaration identifier="Y1" cardinality="single" baseType="integer" /><templateDeclaration identifier="x1" cardinality="single" baseType="integer" /><templateDeclaration identifier="x2" cardinality="single" baseType="integer" /><templateDeclaration identifier="x3" cardinality="single" baseType="integer" /><templateDeclaration identifier="x4" cardinality="single" baseType="integer" /><templateDeclaration identifier="x5" cardinality="single" baseType="integer" /><templateDeclaration identifier="y1" cardinality="single" baseType="integer" /><templateDeclaration identifier="y2" cardinality="single" baseType="integer" /><templateDeclaration identifier="y3" cardinality="single" baseType="integer" /><templateDeclaration identifier="y4" cardinality="single" baseType="integer" /><templateDeclaration identifier="y5" cardinality="single" baseType="integer" /><templateDeclaration identifier="sumxi" cardinality="single" baseType="integer" /><templateDeclaration identifier="sumyi" cardinality="single" baseType="integer" /><templateDeclaration identifier="sumxiyi" cardinality="single" baseType="integer" /><templateDeclaration identifier="sumxi2" cardinality="single" baseType="integer" /><templateDeclaration identifier="a" cardinality="single" baseType="float" /><templateDeclaration identifier="b" cardinality="single" baseType="float" /><templateDeclaration identifier="x" cardinality="single" baseType="integer" /><templateDeclaration identifier="yx" cardinality="single" baseType="float" /><templateProcessing><setTemplateValue identifier="W"><randomInteger min="1" max="1" step="0" /></setTemplateValue><setTemplateValue identifier="A1"><customOperator definition="MAXIMA" value="float($(1)+734);"><variable identifier="W" /></customOperator></setTemplateValue><setTemplateValue identifier="B1"><customOperator definition="MAXIMA" value="float($(1)+13899);"><variable identifier="W" /></customOperator></setTemplateValue><setTemplateValue identifier="Y1"><customOperator definition="MAXIMA" value="float(50650);" /></setTemplateValue><setTemplateValue identifier="x1"><randomInteger min="42" max="53" /></setTemplateValue><setTemplateValue identifier="x2"><randomInteger min="9" max="13" /></setTemplateValue><setTemplateValue identifier="x3"><randomInteger min="17" max="23" /></setTemplateValue><setTemplateValue identifier="x4"><randomInteger min="125" max="140" /></setTemplateValue><setTemplateValue identifier="x5"><randomInteger min="77" max="88" /></setTemplateValue><setTemplateValue identifier="y1"><random><multiple><baseValue baseType="integer">47000</baseValue><baseValue baseType="integer">48000</baseValue><baseValue baseType="integer">49000</baseValue><baseValue baseType="integer">50000</baseValue><baseValue baseType="integer">51000</baseValue></multiple></random></setTemplateValue><setTemplateValue identifier="y2"><random><multiple><baseValue baseType="integer">10000</baseValue><baseValue baseType="integer">11000</baseValue><baseValue baseType="integer">12000</baseValue><baseValue baseType="integer">13000</baseValue></multiple></random></setTemplateValue><setTemplateValue identifier="y3"><random><multiple><baseValue baseType="integer">33000</baseValue><baseValue baseType="integer">34000</baseValue><baseValue baseType="integer">35000</baseValue><baseValue baseType="integer">36000</baseValue></multiple></random></setTemplateValue><setTemplateValue identifier="y4"><random><multiple><baseValue baseType="integer">102000</baseValue><baseValue baseType="integer">104000</baseValue><baseValue baseType="integer">107000</baseValue><baseValue baseType="integer">109000</baseValue><baseValue baseType="integer">110000</baseValue></multiple></random></setTemplateValue><setTemplateValue identifier="y5"><random><multiple><baseValue baseType="integer">76000</baseValue><baseValue baseType="integer">77000</baseValue><baseValue baseType="integer">78000</baseValue><baseValue baseType="integer">79000</baseValue><baseValue baseType="integer">80000</baseValue><baseValue baseType="integer">81000</baseValue></multiple></random></setTemplateValue><setTemplateValue identifier="sumxi"><customOperator definition="MAXIMA" value="float($(1)+$(2)+$(3)+$(4)+$(5));"><variable identifier="x1" /><variable identifier="x2" /><variable identifier="x3" /><variable identifier="x4" /><variable identifier="x5" /></customOperator></setTemplateValue><setTemplateValue identifier="sumyi"><customOperator definition="MAXIMA" value="float($(1)+$(2)+$(3)+$(4)+$(5));"><variable identifier="y1" /><variable identifier="y2" /><variable identifier="y3" /><variable identifier="y4" /><variable identifier="y5" /></customOperator></setTemplateValue><setTemplateValue identifier="sumxiyi"><customOperator definition="MAXIMA" value="float($(1)*$(2)+$(3)*$(4)+$(5)*$(6)+$(7)*$(8)+$(9)*$(10));"><variable identifier="x1" /><variable identifier="y1" /><variable identifier="x2" /><variable identifier="y2" /><variable identifier="x3" /><variable identifier="y3" /><variable identifier="x4" /><variable identifier="y4" /><variable identifier="x5" /><variable identifier="y5" /></customOperator></setTemplateValue><setTemplateValue identifier="sumxi2"><customOperator definition="MAXIMA" value="float($(1)^2+$(2)^2+$(3)^2+$(4)^2+$(5)^2);"><variable identifier="x1" /><variable identifier="x2" /><variable identifier="x3" /><variable identifier="x4" /><variable identifier="x5" /></customOperator></setTemplateValue><setTemplateValue identifier="a"><customOperator definition="MAXIMA" value="float((5*$(1)-$(2)*$(3))/(5*$(4)-($(5))^2));"><variable identifier="sumxiyi" /><variable identifier="sumxi" /><variable identifier="sumyi" /><variable identifier="sumxi2" /><variable identifier="sumxi" /></customOperator></setTemplateValue><setTemplateValue identifier="b"><customOperator definition="MAXIMA" value="float(($(1)-$(2)*$(3))/5);"><variable identifier="sumyi" /><variable identifier="a" /><variable identifier="sumxi" /></customOperator></setTemplateValue><setTemplateValue identifier="x"><randomInteger min="45" max="55" /></setTemplateValue><setTemplateValue identifier="yx"><customOperator definition="MAXIMA" value="float($(1)*$(2)+$(3));"><variable identifier="x" /><variable identifier="a" /><variable identifier="b" /></customOperator></setTemplateValue><setCorrectResponse identifier="RESPONSE_1393513207898"><variable identifier="a" /></setCorrectResponse><setCorrectResponse identifier="RESPONSE_1393513219466"><variable identifier="b" /></setCorrectResponse><setCorrectResponse identifier="RESPONSE_1393513227480"><variable identifier="yx" /></setCorrectResponse></templateProcessing><itemBody ><p><p style="-qt-block-indent: 0; text-indent: 0px; margin: 0px;">Der Kauf eines wissenschaftlichen Lehrbuches durch Studenten erfolgt oft nur deswegen, weil ProfessorInnen das Buch empfohlen haben. Also muss ein Verlag,der den Verkauf eines Lehrbuches unterstützen möchte, die entsprechenden ProfessorInnen von der Qualität des Werkes überzeugen. Neben Rezensionen in Fachzeitschriften werden auch Dozentenexemplare versandt.</p><p style="-qt-block-indent: 0; text-indent: 0px; margin: 0px;"> </p><p style="-qt-block-indent: 0; text-indent: 0px; margin: 0px;">Um den Erfolg dieser Marketing-Maßnahme zu überprüfen, untersucht der Verlag den Zusammenhang zwischen der Anzahl ausgegebener Dozentenexemplare durch verschiedene Repräsentanten und deren Umsätze. In der folgenden Tabelle steht die Variable x für die Anzahl vergebener Dozentenexemplare durch Verlagsrepräsentanten und y  für den erzielten Umsatz (in Euro) im jeweiligen Repräsentantengebiet mit diesem Buch.</p><p style="-qt-block-indent: 0; text-indent: 0px; margin: 0px;"> </p><p style="-qt-block-indent: 0; text-indent: 0px; margin: 0px;">\(\begin{array}{|c||c|c|c|c|c|}\hline x &amp; <printedVariable identifier="x1" /> &amp; <printedVariable identifier="x2" /> &amp; <printedVariable identifier="x3" /> &amp; <printedVariable identifier="x4" /> &amp;<printedVariable identifier="x5" />\\ \hline y &amp; <printedVariable identifier="y1" /> &amp; <printedVariable identifier="y2" /> &amp; <printedVariable identifier="y3" /> &amp;<printedVariable identifier="y4" /> &amp; <printedVariable identifier="y5" /> \\ \hline \end{array} \)</p><p style="-qt-block-indent: 0; text-indent: 0px; margin: 0px;"> </p><p style="-qt-block-indent: 0; text-indent: 0px; margin: 0px;">a.)</p><p style="-qt-block-indent: 0; text-indent: 0px; margin: 0px;">Zeichnen Sie die Datenpunkte in ein geeignetes Koordinatensystem. Kann man einen Zusammenhang zwischen Anzahl Dozentenexemplare und Umsatz vermuten? Wie würden Sie den Zusammenhang beschreiben?</p><p style="-qt-block-indent: 0; text-indent: 0px; margin: 0px;"> </p><p style="-qt-block-indent: 0; text-indent: 0px; margin: 0px;">b.)</p><p style="-qt-block-indent: 0; text-indent: 0px; margin: 0px;">Angenommen, es besteht ein linearer Zusammenhang der Form \(y=ax+b\). Dann kann man die Koeffizienten a und b der Regressionsgerade mit der Methode der kleinsten Quadrate</p><p style="-qt-block-indent: 0; text-indent: 0px; margin: 0px;">nach folgender Formel bestimmen:</p><p style="-qt-block-indent: 0; text-indent: 0px; margin: 0px;">\[ a=\frac{n\sum_{i=1}^n x_iy_i - \sum_{i=1}^n x_i\sum_{i=1}^n y_i}{n\sum_{i=1}^n x_i^2 -(\sum_{i=1}^n x_i)^2} \mbox{ und } b=\frac{\sum_{i=1}^n y_i - a\sum_{i=1}^n x_i}n. \]</p><p style="-qt-block-indent: 0; text-indent: 0px; margin: 0px;"> </p><p style="-qt-block-indent: 0; text-indent: 0px; margin: 0px;">Setzen Sie die Werte von x und y aus der Tabelle in die Formel ein um a und b zu berechnen. Zeichnen Sie die Regressionsgerade in die Skizze aus (a) mit ein.</p><p style="-qt-block-indent: 0; text-indent: 0px; margin: 0px;"> </p><p style="-qt-block-indent: 0; text-indent: 0px; margin: 0px;">c.)</p><p style="-qt-block-indent: 0; text-indent: 0px; margin: 0px;">Unter der Annahme aus b.), welchen Absatz sagt die Regressionsgerade aus b.) für den Fall x = <printedVariable identifier="x" /> verteilter Dozentenexemplare voraus ?</p><p style="-qt-block-indent: 0; text-indent: 0px; margin: 0px;"> </p><p style="-qt-block-indent: 0; text-indent: 0px; margin: 0px;">Lösungen: Bitte für untenstehende Lücken alle Ergebnisse auf ganze Zahlen runden:</p><p style="-qt-block-indent: 0; text-indent: 0px; margin: 0px;"> </p><p style="-qt-block-indent: 0; text-indent: 0px; margin: 0px;">a.)</p><p style="-qt-block-indent: 0; text-indent: 0px; margin: 0px;">b.) Die Regressionskoeffizienten a und b lauten: a = <textEntryInteraction responseIdentifier="RESPONSE_1393513207898" expectedLength="7" />, b = <textEntryInteraction responseIdentifier="RESPONSE_1393513219466" expectedLength="6" /></p><p>c.) Für x = <printedVariable identifier="x" /> erhält man als Vorhersage y(<printedVariable identifier="x" />) =  <textEntryInteraction responseIdentifier="RESPONSE_1393513227480" expectedLength="8" /> verkaufte Exemplare.</p></p></itemBody><responseProcessing><responseCondition><responseIf><equal toleranceMode="absolute" tolerance="1.0 1.0" includeLowerBound="true" includeUpperBound="true"><variable identifier="RESPONSE_1393513207898" /><correct identifier="RESPONSE_1393513207898" /></equal><setOutcomeValue identifier="SCORE"><sum><variable identifier="SCORE" /><baseValue baseType="float">1</baseValue></sum></setOutcomeValue></responseIf></responseCondition><responseCondition><responseIf><not><isNull><variable identifier="RESPONSE_1393513207898" /></isNull></not><setOutcomeValue identifier="FEEDBACKBASIC"><baseValue baseType="identifier">incorrect</baseValue></setOutcomeValue></responseIf></responseCondition><responseCondition><responseIf><equal toleranceMode="absolute" tolerance="1.0 1.0" includeLowerBound="true" includeUpperBound="true"><variable identifier="RESPONSE_1393513219466" /><correct identifier="RESPONSE_1393513219466" /></equal><setOutcomeValue identifier="SCORE"><sum><variable identifier="SCORE" /><baseValue baseType="float">3</baseValue></sum></setOutcomeValue></responseIf></responseCondition><responseCondition><responseIf><not><isNull><variable identifier="RESPONSE_1393513219466" /></isNull></not><setOutcomeValue identifier="FEEDBACKBASIC"><baseValue baseType="identifier">incorrect</baseValue></setOutcomeValue></responseIf></responseCondition><responseCondition><responseIf><equal toleranceMode="absolute" tolerance="1.0 1.0" includeLowerBound="true" includeUpperBound="true"><variable identifier="RESPONSE_1393513227480" /><correct identifier="RESPONSE_1393513227480" /></equal><setOutcomeValue identifier="SCORE"><sum><variable identifier="SCORE" /><baseValue baseType="float">2</baseValue></sum></setOutcomeValue></responseIf></responseCondition><responseCondition><responseIf><not><isNull><variable identifier="RESPONSE_1393513227480" /></isNull></not><setOutcomeValue identifier="FEEDBACKBASIC"><baseValue baseType="identifier">incorrect</baseValue></setOutcomeValue></responseIf></responseCondition><responseCondition><responseIf><and><not><match><variable identifier="FEEDBACKBASIC" /><baseValue baseType="identifier">empty</baseValue></match></not><equal toleranceMode="exact"><variable identifier="SCORE" /><variable identifier="MAXSCORE" /></equal></and><setOutcomeValue identifier="FEEDBACKBASIC"><baseValue baseType="identifier">correct</baseValue></setOutcomeValue></responseIf></responseCondition><responseCondition><responseIf><and><match><baseValue baseType="identifier">incorrect</baseValue><variable identifier="FEEDBACKBASIC" /></match></and><setOutcomeValue identifier="FEEDBACKMODAL"><multiple><variable identifier="FEEDBACKMODAL" /><baseValue baseType="identifier">Feedback393408627</baseValue></multiple></setOutcomeValue></responseIf></responseCondition></responseProcessing><modalFeedback  identifier="Feedback393408627" outcomeIdentifier="FEEDBACKMODAL" showHide="show"><p>Musterlösung für den Datensatz:</p><p>\(\begin{array}{|c||c|c|c|c|c|}\hline x &amp; 45 &amp; 10 &amp; 21 &amp; 133 &amp; 80\\ \hline y &amp; 49000 &amp; 12000 &amp; 35000 &amp;107000 &amp; 79000 \\ \hline \end{array} \)</p><p>a.)</p><p style="-qt-block-indent: 0; text-indent: 0px; margin: 0px;">Ganz offensichtlich gibt es einen Zusammenhang zwischen der Anzahl Dozentenexemplare und dem Umsatz von Fachbüchern. Der Zusammenhang könnte im Bereich von 0 bis 130 als nahezu linear angesehen werden. Abweichungen kann man damit erklären, dass es weitere Einflussfaktoren (wie Anzahl Studenten je Vorlesung, Anzahl weiterer empfohlener Bücher) gibt, die den Umsatz beeinflussen. Ganz sicher wird es so sein, dass sehr hohe Anzahlen an Dozentenexemplaren nicht zu weiteren Umsatzsteigerungen führen, dies scheint sich bei x="130" anzudeuten.</p><p style="-qt-block-indent: 0; text-indent: 0px; margin: 0px;"> </p><p style="-qt-block-indent: 0; text-indent: 0px; margin: 0px;">b.)</p><p style="-qt-block-indent: 0; text-indent: 0px; margin: 0px;">Die Summen in den beiden Formel kann man bequem mit folgender Tabelle berechnen, dabei wird hier y in Tausend-Euro angegeben, um die Rechnung zu vereinfachen:</p><p style="-qt-block-indent: 0; text-indent: 0px; margin: 0px;">\(\begin{array}{c|c|c|c|c|c|c}\hline i &amp; 1 &amp; 2 &amp; 3 &amp; 4 &amp; 5 &amp; \sum \\ \hline x_i &amp; 45 &amp; 10 &amp; 21 &amp; 133 &amp; 80 &amp; 289\\ \hline y_i &amp; 49 &amp; 12 &amp; 35 &amp;107&amp;79&amp;282 \\ \hline x_i y_i&amp; 2205&amp; 120&amp; 735&amp;14231&amp; 6320 &amp;23611\\ \hline x_i^2 &amp;2025&amp;100&amp;441&amp;17689&amp;6400&amp;26655\end{array}\)</p><p style="-qt-block-indent: 0; text-indent: 0px; margin: 0px;"> </p><p style="-qt-block-indent: 0; text-indent: 0px; margin: 0px;"> </p><p style="-qt-block-indent: 0; text-indent: 0px; margin: 0px;">\(a = \frac{n\sum_{i = 1}^n x_i y_i - \sum_{i = 1}^n x_i\sum_{i = 1}^n y_i}{n\sum_{i = 1}^n x_i^2-(\sum_{i = 1}^n x_i)^2} = \frac{5\cdot 23611 - 289\cdot 282}{5\cdot 26655-289^2} = \frac{36557}{49754}= 0,735\)</p><p style="-qt-block-indent: 0; text-indent: 0px; margin: 0px;"> </p><p style="-qt-block-indent: 0; text-indent: 0px; margin: 0px;">\( b=\frac{\sum_{i=1}^n y_i - a\sum_{i=1}^n x_i}n = \frac{282- 0,735 \cdot 289}{5} = \frac{69,6}{5}= 13,9 .\)</p><p style="-qt-block-indent: 0; text-indent: 0px; margin: 0px;"> </p><p style="-qt-block-indent: 0; text-indent: 0px; margin: 0px;">Also kann der Zusammenhang durch y="735" x +13900 (y in Euro) beschrieben werden.</p></modalFeedback></assessmentItem>
