<?xml version="1.0" encoding="UTF-8"?>
<assessmentItem xmlns="http://www.imsglobal.org/xsd/imsqti_v2p1" xmlns:xsi="http://www.w3.org/2001/XMLSchema-instance" xsi:schemaLocation="http://www.imsglobal.org/xsd/imsqti_v2p1 http://www.imsglobal.org/xsd/qti/qtiv2p1/imsqti_v2p1p1.xsd http://www.w3.org/1998/Math/MathML http://www.w3.org/Math/XMLSchema/mathml2/mathml2.xsd" identifier="id03563763-5f40-4c21-b0c0-e12ba247f398" title="QuadratischeGleichungKomplexeKoeffizienten" adaptive="false" timeDependent="false"><responseDeclaration identifier="RESPONSE_1413990380539" cardinality="single" baseType="string" /><outcomeDeclaration identifier="SCORE" cardinality="single" baseType="float"><defaultValue><value>0</value></defaultValue></outcomeDeclaration><outcomeDeclaration identifier="MAXSCORE" cardinality="single" baseType="float"><defaultValue><value>6</value></defaultValue></outcomeDeclaration><outcomeDeclaration identifier="FEEDBACKBASIC" cardinality="single" baseType="identifier" view="testConstructor"><defaultValue><value>empty</value></defaultValue></outcomeDeclaration><outcomeDeclaration identifier="FEEDBACKMODAL" cardinality="multiple" baseType="identifier" view="testConstructor" /><templateDeclaration identifier="rez1" cardinality="single" baseType="integer" /><templateDeclaration identifier="imz1" cardinality="single" baseType="integer" /><templateDeclaration identifier="rez2" cardinality="single" baseType="integer" /><templateDeclaration identifier="imz2" cardinality="single" baseType="integer" /><templateDeclaration identifier="rep" cardinality="single" baseType="integer" /><templateDeclaration identifier="imp" cardinality="single" baseType="integer" /><templateDeclaration identifier="-req" cardinality="single" baseType="integer" /><templateDeclaration identifier="imq" cardinality="single" baseType="integer" /><templateDeclaration identifier="vz1" cardinality="single" baseType="string" /><templateDeclaration identifier="vz2" cardinality="single" baseType="string" /><templateDeclaration identifier="vz3" cardinality="single" baseType="string" /><templateProcessing><setTemplateValue identifier="rez1"><randomInteger min="1" max="6" /></setTemplateValue><setTemplateValue identifier="imz1"><randomInteger min="1" max="6" /></setTemplateValue><setTemplateValue identifier="rez2"><randomInteger min="1" max="6" /></setTemplateValue><setTemplateValue identifier="imz2"><randomInteger min="1" max="7" /></setTemplateValue><setTemplateValue identifier="rep"><customOperator definition="MAXIMA" value="float($(1)+$(2));"><variable identifier="rez1" /><variable identifier="rez2" /></customOperator></setTemplateValue><setTemplateValue identifier="imp"><customOperator definition="MAXIMA" value="float($(1)+$(2));"><variable identifier="imz1" /><variable identifier="imz2" /></customOperator></setTemplateValue><setTemplateValue identifier="-req"><customOperator definition="MAXIMA" value="float($(1)*$(2)-$(3)*$(4));"><variable identifier="imz1" /><variable identifier="imz2" /><variable identifier="rez1" /><variable identifier="rez2" /></customOperator></setTemplateValue><setTemplateValue identifier="imq"><customOperator definition="MAXIMA" value="float($(1)*$(2)+$(3)*$(4));"><variable identifier="rez1" /><variable identifier="imz2" /><variable identifier="imz1" /><variable identifier="rez2" /></customOperator></setTemplateValue><setTemplateValue identifier="vz1"><random><multiple><baseValue baseType="string">+</baseValue></multiple></random></setTemplateValue><setTemplateValue identifier="vz2"><random><multiple><baseValue baseType="string">+</baseValue></multiple></random></setTemplateValue><setTemplateValue identifier="vz3"><random><multiple><baseValue baseType="string">+</baseValue></multiple></random></setTemplateValue><setCorrectResponse identifier="RESPONSE_1413990380539"><customOperator definition="VARIABLESTRING" value="{$(1)+$(2)*%i, $(3)+$(4)*%i}"><variable identifier="rez1" /><variable identifier="imz1" /><variable identifier="rez2" /><variable identifier="imz2" /></customOperator></setCorrectResponse></templateProcessing><itemBody ><p><p>Berechne alle Lösungen der folgenden Gleichung in kartesischen Koordinaten:</p><p> \( z^2 - (<printedVariable identifier="rep" /> + <printedVariable identifier="imp" /> i ) z + <printedVariable identifier="imq" /> i  = <printedVariable identifier="-req" /> \)</p><p>Gebe die Menge \(L\) = \( \{z_1, z_2, z_3, ...\} \)  aller Lösungen \(z_i\) in Mengenschreibweise mit geschweiften Klammern ein.  Benutze  %i für die imaginäre Einheit  \(\mathbb i\).</p><p>Eingabesyntax: Für jede Multiplikation ist das Zeichen * zu verwenden.</p><p>Beispiel:  {1+3*%i, 1-3*%i}</p><p> </p><p>L = <textEntryInteraction responseIdentifier="RESPONSE_1413990380539" expectedLength="14" class="maxima-formula show-latex show-syntax-error" /></p><p> </p></p></itemBody><responseProcessing><responseCondition><responseIf><customOperator definition="MAXIMA" value="is(equal(ev($(1)),ev($(2))));"><variable identifier="RESPONSE_1413990380539" /><correct identifier="RESPONSE_1413990380539" /></customOperator><setOutcomeValue identifier="SCORE"><sum><variable identifier="SCORE" /><baseValue baseType="float">6</baseValue></sum></setOutcomeValue></responseIf></responseCondition><responseCondition><responseIf><not><isNull><variable identifier="RESPONSE_1413990380539" /></isNull></not><setOutcomeValue identifier="FEEDBACKBASIC"><baseValue baseType="identifier">incorrect</baseValue></setOutcomeValue></responseIf></responseCondition><responseCondition><responseIf><and><not><match><variable identifier="FEEDBACKBASIC" /><baseValue baseType="identifier">empty</baseValue></match></not><equal toleranceMode="exact"><variable identifier="SCORE" /><variable identifier="MAXSCORE" /></equal></and><setOutcomeValue identifier="FEEDBACKBASIC"><baseValue baseType="identifier">correct</baseValue></setOutcomeValue></responseIf></responseCondition><responseCondition><responseIf><and><match><baseValue baseType="identifier">incorrect</baseValue><variable identifier="FEEDBACKBASIC" /></match></and><setOutcomeValue identifier="FEEDBACKMODAL"><multiple><variable identifier="FEEDBACKMODAL" /><baseValue baseType="identifier">Feedback1286832377</baseValue></multiple></setOutcomeValue></responseIf></responseCondition></responseProcessing><modalFeedback  identifier="Feedback1286832377" outcomeIdentifier="FEEDBACKMODAL" showHide="show"><p>Führe eine quadratische Ergänzung durch. Dies reduziert das Problem auf das finden der komplexen Wurzeln eines komplexen Radikanden a + b i .</p><p>Angenommen c +  d i ist eine Wurzel von a + b i. Dann gilt \( (c + d i )^2 = a + b i \) . Berechne c, d udn gehe damit in das ursprüngliche Problem ein.</p></modalFeedback></assessmentItem>
