<?xml version="1.0" encoding="UTF-8"?>
<assessmentItem xmlns="http://www.imsglobal.org/xsd/imsqti_v2p1" xmlns:xsi="http://www.w3.org/2001/XMLSchema-instance" xsi:schemaLocation="http://www.imsglobal.org/xsd/imsqti_v2p1 http://www.imsglobal.org/xsd/qti/qtiv2p1/imsqti_v2p1p1.xsd http://www.w3.org/1998/Math/MathML http://www.w3.org/Math/XMLSchema/mathml2/mathml2.xsd" identifier="id7eb0cdbf-f5af-4b52-83d6-11626b34678d" title="Additionstheoreme" adaptive="false" timeDependent="false"><responseDeclaration identifier="RESPONSE_1" cardinality="multiple" baseType="directedPair"><correctResponse><value>idcca9cca1-554e-4940-bcce-d4e5509f3dc7 idf4d50166-1628-4bf8-aa20-24c74cc031b4</value><value>ide7af41ba-a205-4058-bdab-d4312d6ceffa idd951242c-07c8-4ba7-8357-12a7e7e03cf6</value><value>id0feea865-ffa5-4818-8732-12e7db078997 id82a6d74f-598c-419a-8e84-2dc53994a51a</value><value>id4a2a149f-19fb-4ff0-a2b4-d55f6e437172 id303f8b9c-c29f-4488-99a0-c730a76cc585</value><value>idd5ef984a-deb1-4ffa-b381-9781549a6953 idc26d3f0d-f946-46a2-8138-2aee20966187</value><value>idbd376835-b35a-4ad6-8285-9eaf0c5da353 id9543c7fc-b6d3-476b-a3c9-8655d3a3ad92</value></correctResponse><mapping defaultValue="0" lowerBound="0.0"><mapEntry mapKey="idd5ef984a-deb1-4ffa-b381-9781549a6953 idc26d3f0d-f946-46a2-8138-2aee20966187" mappedValue="1" /><mapEntry mapKey="idcca9cca1-554e-4940-bcce-d4e5509f3dc7 idf4d50166-1628-4bf8-aa20-24c74cc031b4" mappedValue="1" /><mapEntry mapKey="ide7af41ba-a205-4058-bdab-d4312d6ceffa idd951242c-07c8-4ba7-8357-12a7e7e03cf6" mappedValue="1" /><mapEntry mapKey="idbd376835-b35a-4ad6-8285-9eaf0c5da353 id9543c7fc-b6d3-476b-a3c9-8655d3a3ad92" mappedValue="1" /><mapEntry mapKey="id4a2a149f-19fb-4ff0-a2b4-d55f6e437172 id303f8b9c-c29f-4488-99a0-c730a76cc585" mappedValue="1" /><mapEntry mapKey="id0feea865-ffa5-4818-8732-12e7db078997 id82a6d74f-598c-419a-8e84-2dc53994a51a" mappedValue="1" /></mapping></responseDeclaration><outcomeDeclaration identifier="SCORE" cardinality="single" baseType="float"><defaultValue><value>0</value></defaultValue></outcomeDeclaration><outcomeDeclaration identifier="MAXSCORE" cardinality="single" baseType="float"><defaultValue><value>6</value></defaultValue></outcomeDeclaration><outcomeDeclaration identifier="FEEDBACKBASIC" cardinality="single" baseType="identifier" view="testConstructor"><defaultValue><value>empty</value></defaultValue></outcomeDeclaration><itemBody ><p>Ordnen Sie zu:</p><matchInteraction responseIdentifier="RESPONSE_1" shuffle="true" maxAssociations="0"><simpleMatchSet><simpleAssociableChoice identifier="idd5ef984a-deb1-4ffa-b381-9781549a6953" fixed="false" matchMax="1"><p>$$1 =$$</p></simpleAssociableChoice><simpleAssociableChoice identifier="idcca9cca1-554e-4940-bcce-d4e5509f3dc7" fixed="false" matchMax="1"><p>$$\cos(2x)=$$</p></simpleAssociableChoice><simpleAssociableChoice identifier="ide7af41ba-a205-4058-bdab-d4312d6ceffa" fixed="false" matchMax="1"><p>$$\sin(2x)=$$</p></simpleAssociableChoice><simpleAssociableChoice identifier="idbd376835-b35a-4ad6-8285-9eaf0c5da353" fixed="false" matchMax="1"><p>$$\sin(x+y)=$$</p></simpleAssociableChoice><simpleAssociableChoice identifier="id4a2a149f-19fb-4ff0-a2b4-d55f6e437172" fixed="false" matchMax="1"><p>$$\cos(x+y)=$$</p></simpleAssociableChoice><simpleAssociableChoice identifier="id0feea865-ffa5-4818-8732-12e7db078997" fixed="false" matchMax="1"><p>$$\cos(x+y)+\cos(x-y)=$$</p></simpleAssociableChoice></simpleMatchSet><simpleMatchSet><simpleAssociableChoice identifier="idc26d3f0d-f946-46a2-8138-2aee20966187" fixed="false" matchMax="1"><p>$$\cos^2 x+ \sin^2 x$$</p></simpleAssociableChoice><simpleAssociableChoice identifier="idf4d50166-1628-4bf8-aa20-24c74cc031b4" fixed="false" matchMax="1"><p>$$\cos^2 x - \sin^2 x$$</p></simpleAssociableChoice><simpleAssociableChoice identifier="idd951242c-07c8-4ba7-8357-12a7e7e03cf6" fixed="false" matchMax="1"><p>$$2\sin x \cos x$$</p></simpleAssociableChoice><simpleAssociableChoice identifier="id9543c7fc-b6d3-476b-a3c9-8655d3a3ad92" fixed="false" matchMax="1"><p>$$\sin x \cos y + \cos x \sin y$$</p></simpleAssociableChoice><simpleAssociableChoice identifier="id303f8b9c-c29f-4488-99a0-c730a76cc585" fixed="false" matchMax="1"><p>$$\cos x \cos y - \sin x \sin y$$</p></simpleAssociableChoice><simpleAssociableChoice identifier="id82a6d74f-598c-419a-8e84-2dc53994a51a" fixed="false" matchMax="1"><p>$$2\cos x \cos y$$</p></simpleAssociableChoice></simpleMatchSet></matchInteraction></itemBody><responseProcessing><responseCondition><responseIf><not><isNull><variable identifier="RESPONSE_1" /></isNull></not><setOutcomeValue identifier="SCORE"><sum><variable identifier="SCORE" /><mapResponse identifier="RESPONSE_1" /></sum></setOutcomeValue><setOutcomeValue identifier="FEEDBACKBASIC"><baseValue baseType="identifier">incorrect</baseValue></setOutcomeValue></responseIf></responseCondition><responseCondition><responseIf><and><not><match><variable identifier="FEEDBACKBASIC" /><baseValue baseType="identifier">empty</baseValue></match></not><equal toleranceMode="exact"><variable identifier="SCORE" /><variable identifier="MAXSCORE" /></equal></and><setOutcomeValue identifier="FEEDBACKBASIC"><baseValue baseType="identifier">correct</baseValue></setOutcomeValue></responseIf></responseCondition></responseProcessing></assessmentItem>
