<?xml version="1.0" encoding="UTF-8"?>
<assessmentItem xmlns="http://www.imsglobal.org/xsd/imsqti_v2p1" xmlns:xsi="http://www.w3.org/2001/XMLSchema-instance" xsi:schemaLocation="http://www.imsglobal.org/xsd/imsqti_v2p1 http://www.imsglobal.org/xsd/qti/qtiv2p1/imsqti_v2p1p1.xsd http://www.w3.org/1998/Math/MathML http://www.w3.org/Math/XMLSchema/mathml2/mathml2.xsd" identifier="id89ef6d12-89bc-48a9-90f3-2f5c799b6361" title="singularität_art_bestimmen_04" adaptive="false" timeDependent="false"><responseDeclaration identifier="RESPONSE_1" cardinality="single" baseType="identifier"><correctResponse><value>id6e385c48-327f-4bcf-83e0-f56ac0f4255d</value></correctResponse></responseDeclaration><outcomeDeclaration identifier="SCORE" cardinality="single" baseType="float"><defaultValue><value>0</value></defaultValue></outcomeDeclaration><outcomeDeclaration identifier="MAXSCORE" cardinality="single" baseType="float"><defaultValue><value>1</value></defaultValue></outcomeDeclaration><outcomeDeclaration identifier="FEEDBACKBASIC" cardinality="single" baseType="identifier"><defaultValue><value>empty</value></defaultValue></outcomeDeclaration><itemBody ><p>Die Funktion</p><p>\(\displaystyle f(z)=\frac{z}{\mathrm e^z-1}\)</p><p>besitzt im Punkt \(z=0\) eine...</p><choiceInteraction responseIdentifier="RESPONSE_1" shuffle="false" maxChoices="1"><simpleChoice identifier="id3def98d4-76e7-45e9-b334-9d5fafbfa535"><p>wesentliche Singularität</p></simpleChoice><simpleChoice identifier="id6e385c48-327f-4bcf-83e0-f56ac0f4255d"><p>hebbare Singularität</p></simpleChoice><simpleChoice identifier="idcca17d28-6834-4670-9d67-0efb46edf52a"><p>Polstelle</p></simpleChoice></choiceInteraction></itemBody><responseProcessing><responseCondition><responseIf><isNull><variable identifier="RESPONSE_1" /></isNull><setOutcomeValue identifier="FEEDBACKBASIC"><baseValue baseType="identifier">empty</baseValue></setOutcomeValue></responseIf><responseElseIf><match><variable identifier="RESPONSE_1" /><correct identifier="RESPONSE_1" /></match><setOutcomeValue identifier="SCORE"><sum><variable identifier="SCORE" /><variable identifier="MAXSCORE" /></sum></setOutcomeValue><setOutcomeValue identifier="FEEDBACKBASIC"><baseValue baseType="identifier">correct</baseValue></setOutcomeValue></responseElseIf><responseElse><setOutcomeValue identifier="FEEDBACKBASIC"><baseValue baseType="identifier">incorrect</baseValue></setOutcomeValue></responseElse></responseCondition></responseProcessing></assessmentItem>
