<?xml version="1.0" encoding="UTF-8"?>
<assessmentItem xmlns="http://www.imsglobal.org/xsd/imsqti_v2p1" xmlns:xsi="http://www.w3.org/2001/XMLSchema-instance" xsi:schemaLocation="http://www.imsglobal.org/xsd/imsqti_v2p1 imsqti_v2p1.xsd" identifier="idd1196264-a8f4-4a69-b8b3-6f137a5cc8e9" title="21. Grundlagen Projektmanagement" adaptive="false" timeDependent="false"><responseDeclaration identifier="RESPONSE_1" cardinality="multiple" baseType="identifier"><correctResponse><value>iddd7fb452-b453-418a-8b36-8dfe6b32625f</value></correctResponse><mapping defaultValue="0" lowerBound="0.0"><mapEntry mapKey="idc60e38d7-4f39-4d98-804c-7e0e8d72ede5" mappedValue="-1.0" /><mapEntry mapKey="iddf88b79b-d98c-4201-a42d-51f34f567feb" mappedValue="-1.0" /><mapEntry mapKey="iddd7fb452-b453-418a-8b36-8dfe6b32625f" mappedValue="1.0" /><mapEntry mapKey="id5829dbf0-2664-4a88-b2c8-1db0fb35cc07" mappedValue="-1.0" /><mapEntry mapKey="idb34dc3b7-9cdd-425e-9f4d-dd3db45b7892" mappedValue="-1.0" /></mapping></responseDeclaration><outcomeDeclaration identifier="SCORE" cardinality="single" baseType="float"><defaultValue><value>0</value></defaultValue></outcomeDeclaration><outcomeDeclaration identifier="MAXSCORE" cardinality="single" baseType="float"><defaultValue><value>1</value></defaultValue></outcomeDeclaration><outcomeDeclaration identifier="FEEDBACKBASIC" cardinality="single" baseType="identifier" view="testConstructor"><defaultValue><value>empty</value></defaultValue></outcomeDeclaration><itemBody><p xmlns=""><strong>Was ist ein Stakeholder in Bezug auf das Projektmanagement?</strong></p><p xmlns="">(Klicken Sie die richtige(n) Antwort(en) an)</p><p xmlns=""> </p><p xmlns=""><strong>Antwort:</strong></p><choiceInteraction responseIdentifier="RESPONSE_1" shuffle="true" maxChoices="0"><simpleChoice identifier="idc60e38d7-4f39-4d98-804c-7e0e8d72ede5"><p xmlns="">Alle, die im Projekt mitarbeiten</p></simpleChoice><simpleChoice identifier="iddf88b79b-d98c-4201-a42d-51f34f567feb"><p xmlns="">Alle Mitarbeiter die intern  im Projekt mitarbeiten</p></simpleChoice><simpleChoice identifier="iddd7fb452-b453-418a-8b36-8dfe6b32625f"><p xmlns="">Alle, die aktiv an einem Projekt beteiligt sind, oder deren Interessen als Folge der Projektdurchführung oder des Projektabschlusses positiv oder negativ beeinflusst werden können</p></simpleChoice><simpleChoice identifier="id5829dbf0-2664-4a88-b2c8-1db0fb35cc07"><p xmlns="">Alle an dem Projekt finanziell beteiligten Personen</p></simpleChoice><simpleChoice identifier="idb34dc3b7-9cdd-425e-9f4d-dd3db45b7892"><p xmlns="">Alle, die nicht am Projekt mitarbeiten, aber von den Ergebnissen des Projekts direkt oder indirekt betroffen sind</p></simpleChoice></choiceInteraction></itemBody><responseProcessing><responseCondition><responseIf><not><isNull><variable identifier="RESPONSE_1" /></isNull></not><setOutcomeValue identifier="SCORE"><sum><variable identifier="SCORE" /><mapResponse identifier="RESPONSE_1" /></sum></setOutcomeValue><setOutcomeValue identifier="FEEDBACKBASIC"><baseValue baseType="identifier">incorrect</baseValue></setOutcomeValue></responseIf></responseCondition><responseCondition><responseIf><and><not><match><variable identifier="FEEDBACKBASIC" /><baseValue baseType="identifier">empty</baseValue></match></not><equal toleranceMode="exact"><variable identifier="SCORE" /><variable identifier="MAXSCORE" /></equal></and><setOutcomeValue identifier="FEEDBACKBASIC"><baseValue baseType="identifier">correct</baseValue></setOutcomeValue></responseIf></responseCondition></responseProcessing></assessmentItem>
