<?xml version="1.0" encoding="UTF-8"?>
<assessmentItem xmlns="http://www.imsglobal.org/xsd/imsqti_v2p1" xmlns:xsi="http://www.w3.org/2001/XMLSchema-instance" xsi:schemaLocation="http://www.imsglobal.org/xsd/imsqti_v2p1 imsqti_v2p1.xsd" identifier="id710a526b-708b-4e8a-88be-1dbd39141c60" title="7. Grundlagen Projektmanagement" adaptive="false" timeDependent="false"><responseDeclaration identifier="RESPONSE_1" cardinality="multiple" baseType="identifier"><correctResponse><value>idf5d8a374-4276-49f1-a54f-1d16ac6471cf</value><value>id34937ee6-4e38-4897-87ff-a2d8c0f5c08c</value><value>id7b8a7f13-5ee4-41eb-8686-c5a5bfe9dea5</value><value>id8ecbbd80-6261-4843-8235-84c12f00adb8</value><value>id7c495299-cbd6-43fe-9a4b-da098494df3f</value></correctResponse><mapping defaultValue="0" lowerBound="0.0"><mapEntry mapKey="idf5d8a374-4276-49f1-a54f-1d16ac6471cf" mappedValue="1.0" /><mapEntry mapKey="id34937ee6-4e38-4897-87ff-a2d8c0f5c08c" mappedValue="1.0" /><mapEntry mapKey="id7b8a7f13-5ee4-41eb-8686-c5a5bfe9dea5" mappedValue="1.0" /><mapEntry mapKey="id8ecbbd80-6261-4843-8235-84c12f00adb8" mappedValue="1.0" /><mapEntry mapKey="id7c495299-cbd6-43fe-9a4b-da098494df3f" mappedValue="1.0" /><mapEntry mapKey="id55ab04b6-1001-4a6c-825e-547f98744c68" mappedValue="-1.0" /><mapEntry mapKey="id396eb5ea-1e0f-47fd-8ee4-d680cadd51a4" mappedValue="-2.0" /></mapping></responseDeclaration><outcomeDeclaration identifier="SCORE" cardinality="single" baseType="float"><defaultValue><value>0</value></defaultValue></outcomeDeclaration><outcomeDeclaration identifier="MAXSCORE" cardinality="single" baseType="float"><defaultValue><value>5</value></defaultValue></outcomeDeclaration><outcomeDeclaration identifier="FEEDBACKBASIC" cardinality="single" baseType="identifier" view="testConstructor"><defaultValue><value>empty</value></defaultValue></outcomeDeclaration><itemBody><p xmlns=""><strong>Welche Kosten sind im Rahmen eines Projektes in der Regel relevant?<br /></strong></p><p xmlns="">(Klicken Sie die richtige(n) Antwort(en) an)</p><p xmlns=""> </p><p xmlns=""> </p><p xmlns=""><strong>Antwort:</strong></p><choiceInteraction responseIdentifier="RESPONSE_1" shuffle="true" maxChoices="0"><simpleChoice identifier="idf5d8a374-4276-49f1-a54f-1d16ac6471cf"><p xmlns="">allgemeine Kosten</p><p xmlns="">(zum Beispiel Kosten BewerteterVerzehr von Gütern und Diensten zur Erbringung einer Leistung)</p></simpleChoice><simpleChoice identifier="id34937ee6-4e38-4897-87ff-a2d8c0f5c08c"><p xmlns="">Einzelkosten (direkte Kosten)</p><p xmlns="">(zum Beispiel Kosten die direkt einem Erzeugnis zugerechnet werden können)</p></simpleChoice><simpleChoice identifier="id7b8a7f13-5ee4-41eb-8686-c5a5bfe9dea5"><p xmlns="">Gemeinkosten (indirekte kosten)</p><p xmlns="">(zum Beispiel Kosten die nur indirekt über einen Verteilungsschlüssel einem Erzeugnis zugerechnet werden können)</p></simpleChoice><simpleChoice identifier="id8ecbbd80-6261-4843-8235-84c12f00adb8"><p xmlns="">Variable Kosten</p><p xmlns="">(alle Kosten die abhängig von der Produktionsmenge anfallen)</p></simpleChoice><simpleChoice identifier="id7c495299-cbd6-43fe-9a4b-da098494df3f"><p xmlns="">Fixe Kosten</p><p xmlns="">(Alle kosten die unabhängig von der Produktionsmenge anfallen)</p></simpleChoice><simpleChoice identifier="id55ab04b6-1001-4a6c-825e-547f98744c68"><p xmlns="">Gerichts-/Sanktionskosten</p></simpleChoice><simpleChoice identifier="id396eb5ea-1e0f-47fd-8ee4-d680cadd51a4"><p xmlns="">Projektkürzungskosten</p></simpleChoice></choiceInteraction></itemBody><responseProcessing><responseCondition><responseIf><not><isNull><variable identifier="RESPONSE_1" /></isNull></not><setOutcomeValue identifier="SCORE"><sum><variable identifier="SCORE" /><mapResponse identifier="RESPONSE_1" /></sum></setOutcomeValue><setOutcomeValue identifier="FEEDBACKBASIC"><baseValue baseType="identifier">incorrect</baseValue></setOutcomeValue></responseIf></responseCondition><responseCondition><responseIf><and><not><match><variable identifier="FEEDBACKBASIC" /><baseValue baseType="identifier">empty</baseValue></match></not><equal toleranceMode="exact"><variable identifier="SCORE" /><variable identifier="MAXSCORE" /></equal></and><setOutcomeValue identifier="FEEDBACKBASIC"><baseValue baseType="identifier">correct</baseValue></setOutcomeValue></responseIf></responseCondition></responseProcessing></assessmentItem>
