<?xml version="1.0" encoding="UTF-8"?>
<assessmentItem xmlns="http://www.imsglobal.org/xsd/imsqti_v2p1" xmlns:xsi="http://www.w3.org/2001/XMLSchema-instance" xsi:schemaLocation="http://www.imsglobal.org/xsd/imsqti_v2p1 http://www.imsglobal.org/xsd/qti/qtiv2p1/imsqti_v2p1p1.xsd http://www.w3.org/1998/Math/MathML http://www.w3.org/Math/XMLSchema/mathml2/mathml2.xsd" identifier="id556c0ec4-d497-49cb-be31-693cdf0b8eab" title="Monoton wachsende Folge" adaptive="false" timeDependent="false"><responseDeclaration identifier="RESPONSE_1" cardinality="single" baseType="identifier"><correctResponse><value>id13ce421b-e463-472e-b994-2566a2213e5e</value></correctResponse></responseDeclaration><outcomeDeclaration identifier="SCORE" cardinality="single" baseType="float"><defaultValue><value>0</value></defaultValue></outcomeDeclaration><outcomeDeclaration identifier="MAXSCORE" cardinality="single" baseType="float"><defaultValue><value>1</value></defaultValue></outcomeDeclaration><outcomeDeclaration identifier="FEEDBACKBASIC" cardinality="single" baseType="identifier"><defaultValue><value>empty</value></defaultValue></outcomeDeclaration><itemBody ><p>Eine Folge reeller Zahlen $$(x_n)_{n\in\mathbb{N}}$$ sei monoton wachsend, d.h. $$x_n\leq x_{n+1}$$ für alle $$n\in\mathbb{N}$$. Welche der folgenden Aussagen stimmt?</p><choiceInteraction responseIdentifier="RESPONSE_1" shuffle="true" maxChoices="1"><simpleChoice identifier="id13ce421b-e463-472e-b994-2566a2213e5e"><p>Die Folge $$(x_n)_{n\in\mathbb{N}}$$ hat einen endlichen Grenzwert, falls sie nach oben beschränkt ist, d.h. falls es eine Zahl $$C$$ gibt, so dass $$x_n\leq C$$ für alle $$n\in\mathbb{N}$$.</p></simpleChoice><simpleChoice identifier="ide154294d-caad-46fd-97c4-24b28572ac5c"><p>Die Folge $$(x_n)_{n\in\mathbb{N}}$$ hat einen endlichen Grenzwert, falls sie nach unten beschränkt ist, d.h. falls es eine Zahl $$C$$ gibt, so dass $$x_n\geq C$$ für alle $$n\in\mathbb{N}$$.</p></simpleChoice><simpleChoice identifier="iddd9b5939-52f8-4bbe-a46d-ee720ec5c96d"><p>Die Folge $$(x_n)_{n\in\mathbb{N}}$$ hat immer einen endlichen Grenzwert.</p></simpleChoice><simpleChoice identifier="id73e270b8-1008-46d0-8ee5-610fdeb56e59"><p>Die Folge $$(x_n)_{n\in\mathbb{N}}$$ hat niemals einen endlichen Grenzwert.</p></simpleChoice></choiceInteraction></itemBody><responseProcessing><responseCondition><responseIf><isNull><variable identifier="RESPONSE_1" /></isNull><setOutcomeValue identifier="FEEDBACKBASIC"><baseValue baseType="identifier">empty</baseValue></setOutcomeValue></responseIf><responseElseIf><match><variable identifier="RESPONSE_1" /><correct identifier="RESPONSE_1" /></match><setOutcomeValue identifier="SCORE"><sum><variable identifier="SCORE" /><variable identifier="MAXSCORE" /></sum></setOutcomeValue><setOutcomeValue identifier="FEEDBACKBASIC"><baseValue baseType="identifier">correct</baseValue></setOutcomeValue></responseElseIf><responseElse><setOutcomeValue identifier="FEEDBACKBASIC"><baseValue baseType="identifier">incorrect</baseValue></setOutcomeValue></responseElse></responseCondition></responseProcessing></assessmentItem>
