<?xml version="1.0" encoding="UTF-8"?>
<assessmentItem xmlns="http://www.imsglobal.org/xsd/imsqti_v2p1" xmlns:xsi="http://www.w3.org/2001/XMLSchema-instance" xsi:schemaLocation="http://www.imsglobal.org/xsd/imsqti_v2p1 http://www.imsglobal.org/xsd/qti/qtiv2p1/imsqti_v2p1p1.xsd http://www.w3.org/1998/Math/MathML http://www.w3.org/Math/XMLSchema/mathml2/mathml2.xsd" identifier="ida95bb6e2-67ae-46a0-acc6-333d9e659654" title="stammfunktion_x/(1+x^2)_graphisch_01" adaptive="false" timeDependent="false"><responseDeclaration identifier="RESPONSE_1" cardinality="single" baseType="identifier"><correctResponse><value>id6dc41e9e-29ab-4efd-9972-1e3466f794bc</value></correctResponse></responseDeclaration><outcomeDeclaration identifier="SCORE" cardinality="single" baseType="float"><defaultValue><value>0</value></defaultValue></outcomeDeclaration><outcomeDeclaration identifier="MAXSCORE" cardinality="single" baseType="float"><defaultValue><value>1</value></defaultValue></outcomeDeclaration><outcomeDeclaration identifier="FEEDBACKBASIC" cardinality="single" baseType="identifier"><defaultValue><value>empty</value></defaultValue></outcomeDeclaration><itemBody ><p>Eine der in rot skizzierten Funktionen ist eine Stammfunktion der in blau dargestellten Funktion! Welche ist es?</p><choiceInteraction responseIdentifier="RESPONSE_1" shuffle="true" maxChoices="1" orientation="horizontal"><simpleChoice identifier="id6dc41e9e-29ab-4efd-9972-1e3466f794bc"><p><img src="media%2Fmedium1069526448646749563stammfunktion_funktion2_01.png" alt="" width="400" height="300" /></p></simpleChoice><simpleChoice identifier="idce989b68-249d-4df0-b512-41d3f5d96b64"><p><img src="media%2Fmedium4026276240764246063stammfunktion_funktion2_02.png" alt="" height="300" /></p></simpleChoice><simpleChoice identifier="id54bc3688-dd87-48ee-a7f6-c193fdaac944"><p><img src="media%2Fmedium8939102780304908867stammfunktion_funktion2_03.png" alt="" height="300" /></p></simpleChoice><simpleChoice identifier="ide038f04a-7727-4d91-a651-7db0c8d7116a"><p><img src="media%2Fmedium621789093587081781stammfunktion_funktion2_04.png" alt="" height="300" /></p></simpleChoice></choiceInteraction></itemBody><responseProcessing><responseCondition><responseIf><isNull><variable identifier="RESPONSE_1" /></isNull><setOutcomeValue identifier="FEEDBACKBASIC"><baseValue baseType="identifier">empty</baseValue></setOutcomeValue></responseIf><responseElseIf><match><variable identifier="RESPONSE_1" /><correct identifier="RESPONSE_1" /></match><setOutcomeValue identifier="SCORE"><sum><variable identifier="SCORE" /><variable identifier="MAXSCORE" /></sum></setOutcomeValue><setOutcomeValue identifier="FEEDBACKBASIC"><baseValue baseType="identifier">correct</baseValue></setOutcomeValue></responseElseIf><responseElse><setOutcomeValue identifier="FEEDBACKBASIC"><baseValue baseType="identifier">incorrect</baseValue></setOutcomeValue></responseElse></responseCondition></responseProcessing></assessmentItem>
