<?xml version="1.0" encoding="UTF-8"?>
<assessmentItem xmlns="http://www.imsglobal.org/xsd/imsqti_v2p1" xmlns:xsi="http://www.w3.org/2001/XMLSchema-instance" xsi:schemaLocation="http://www.imsglobal.org/xsd/imsqti_v2p1 http://www.imsglobal.org/xsd/qti/qtiv2p1/imsqti_v2p1p1.xsd http://www.w3.org/1998/Math/MathML http://www.w3.org/Math/XMLSchema/mathml2/mathml2.xsd" identifier="idb6db8295-2eb8-43ab-a9bf-c9ec5842d88e" title="KartKoord--Polarkoord." adaptive="false" timeDependent="false"><responseDeclaration identifier="RESPONSE_1408715362211" cardinality="single" baseType="float"><correctResponse><value>0</value></correctResponse></responseDeclaration><responseDeclaration identifier="RESPONSE_1408715388239" cardinality="single" baseType="float"><correctResponse><value>0</value></correctResponse></responseDeclaration><responseDeclaration identifier="RESPONSE_1408715431430" cardinality="single" baseType="float"><correctResponse><value>0</value></correctResponse></responseDeclaration><responseDeclaration identifier="RESPONSE_1408715449927" cardinality="single" baseType="float"><correctResponse><value>0</value></correctResponse></responseDeclaration><outcomeDeclaration identifier="SCORE" cardinality="single" baseType="float"><defaultValue><value>0</value></defaultValue></outcomeDeclaration><outcomeDeclaration identifier="MAXSCORE" cardinality="single" baseType="float"><defaultValue><value>4</value></defaultValue></outcomeDeclaration><outcomeDeclaration identifier="FEEDBACKBASIC" cardinality="single" baseType="identifier" view="testConstructor"><defaultValue><value>empty</value></defaultValue></outcomeDeclaration><outcomeDeclaration identifier="FEEDBACKMODAL" cardinality="multiple" baseType="identifier" view="testConstructor" /><templateDeclaration identifier="a" cardinality="single" baseType="integer" /><templateDeclaration identifier="b" cardinality="single" baseType="integer" /><templateDeclaration identifier="r" cardinality="single" baseType="integer" /><templateDeclaration identifier="p" cardinality="single" baseType="integer" /><templateDeclaration identifier="q" cardinality="single" baseType="integer" /><templateDeclaration identifier="r1" cardinality="single" baseType="float" /><templateDeclaration identifier="nenn" cardinality="single" baseType="float" /><templateDeclaration identifier="phi1" cardinality="single" baseType="float" /><templateDeclaration identifier="x1" cardinality="single" baseType="float" /><templateDeclaration identifier="y1" cardinality="single" baseType="float" /><templateProcessing><setTemplateValue identifier="a"><randomInteger min="-4" max="5" /></setTemplateValue><setTemplateValue identifier="b"><randomInteger min="-4" max="6" /></setTemplateValue><templateCondition><templateIf><match><variable identifier="b" /><baseValue baseType="integer">0</baseValue></match><setTemplateValue identifier="b"><customOperator definition="MAXIMA" value="float(5);" /></setTemplateValue></templateIf></templateCondition><setTemplateValue identifier="r"><randomInteger min="1" max="18" /></setTemplateValue><setTemplateValue identifier="p"><randomInteger min="-8" max="10" /></setTemplateValue><setTemplateValue identifier="q"><randomInteger min="1" max="10" /></setTemplateValue><templateCondition><templateIf><match><variable identifier="q" /><baseValue baseType="integer">0</baseValue></match><setTemplateValue identifier="q"><customOperator definition="MAXIMA" value="float(1);" /></setTemplateValue></templateIf></templateCondition><setTemplateValue identifier="r1"><customOperator definition="MAXIMA" value="float(sqrt(($(1))^2+($(2))^2));"><variable identifier="a" /><variable identifier="b" /></customOperator></setTemplateValue><setTemplateValue identifier="nenn"><customOperator definition="MAXIMA" value="float($(1)+$(2));"><variable identifier="a" /><variable identifier="r1" /></customOperator></setTemplateValue><setTemplateValue identifier="phi1"><customOperator definition="MAXIMA" value="float(2*atan($(1)/$(2)));"><variable identifier="b" /><variable identifier="nenn" /></customOperator></setTemplateValue><templateCondition><templateIf><match><variable identifier="nenn" /><baseValue baseType="integer">0</baseValue></match><setTemplateValue identifier="phi1"><customOperator definition="MAXIMA" value="float(%pi);" /></setTemplateValue></templateIf></templateCondition><setTemplateValue identifier="x1"><customOperator definition="MAXIMA" value="float(sqrt($(1))*cos($(2)/$(3)*%pi));"><variable identifier="r" /><variable identifier="p" /><variable identifier="q" /></customOperator></setTemplateValue><setTemplateValue identifier="y1"><customOperator definition="MAXIMA" value="float(sqrt($(1))*sin($(2)/$(3)*%pi));"><variable identifier="r" /><variable identifier="p" /><variable identifier="q" /></customOperator></setTemplateValue><setCorrectResponse identifier="RESPONSE_1408715362211"><variable identifier="r1" /></setCorrectResponse><setCorrectResponse identifier="RESPONSE_1408715388239"><variable identifier="phi1" /></setCorrectResponse><setCorrectResponse identifier="RESPONSE_1408715431430"><variable identifier="x1" /></setCorrectResponse><setCorrectResponse identifier="RESPONSE_1408715449927"><variable identifier="y1" /></setCorrectResponse></templateProcessing><itemBody ><p>Gegeben sind folgende Punkte entweder in Kartesischen- oder Polarkoordinaten.</p><p style="-qt-block-indent: 0; text-indent: 0px; margin: 0px;">Berechnen Sie jeweils die andere Koordinatenform. Berechnen Sie den Winkel zwischen $$-\pi$$ und $$\pi$$ für Polarkoordinaten.</p><p>a.) Gegeben seinen die Kartesischen Koordinaten \( (x,y)=(<printedVariable identifier="a" />,<printedVariable identifier="b" />) \leftrightarrow \) (<textEntryInteraction responseIdentifier="RESPONSE_1408715362211" /> , <textEntryInteraction responseIdentifier="RESPONSE_1408715388239" /> ) in Polarkoordinaten</p><p style="-qt-block-indent: 0; text-indent: 0px; margin: 0px;">b.) Gegeben seinen die Polarkoordinaten \((r,\varphi)=(\sqrt{<printedVariable identifier="r" />}, \frac{<printedVariable identifier="p" />}{<printedVariable identifier="q" />}\cdot \pi) \leftrightarrow \) ( <textEntryInteraction responseIdentifier="RESPONSE_1408715431430" />, <textEntryInteraction responseIdentifier="RESPONSE_1408715449927" /> ) in Kartesischen Koordianten</p><p style="-qt-block-indent: 0; text-indent: 0px; margin: 0px;"> </p><p> </p></itemBody><responseProcessing><responseCondition><responseIf><equal toleranceMode="absolute" tolerance="0.1 0.1" includeLowerBound="true" includeUpperBound="true"><variable identifier="RESPONSE_1408715362211" /><correct identifier="RESPONSE_1408715362211" /></equal><setOutcomeValue identifier="SCORE"><sum><variable identifier="SCORE" /><baseValue baseType="float">1</baseValue></sum></setOutcomeValue></responseIf></responseCondition><responseCondition><responseIf><not><isNull><variable identifier="RESPONSE_1408715362211" /></isNull></not><setOutcomeValue identifier="FEEDBACKBASIC"><baseValue baseType="identifier">incorrect</baseValue></setOutcomeValue></responseIf></responseCondition><responseCondition><responseIf><equal toleranceMode="absolute" tolerance="0.1 0.1" includeLowerBound="true" includeUpperBound="true"><variable identifier="RESPONSE_1408715388239" /><correct identifier="RESPONSE_1408715388239" /></equal><setOutcomeValue identifier="SCORE"><sum><variable identifier="SCORE" /><baseValue baseType="float">1</baseValue></sum></setOutcomeValue></responseIf></responseCondition><responseCondition><responseIf><not><isNull><variable identifier="RESPONSE_1408715388239" /></isNull></not><setOutcomeValue identifier="FEEDBACKBASIC"><baseValue baseType="identifier">incorrect</baseValue></setOutcomeValue></responseIf></responseCondition><responseCondition><responseIf><equal toleranceMode="absolute" tolerance="0.1 0.1" includeLowerBound="true" includeUpperBound="true"><variable identifier="RESPONSE_1408715431430" /><correct identifier="RESPONSE_1408715431430" /></equal><setOutcomeValue identifier="SCORE"><sum><variable identifier="SCORE" /><baseValue baseType="float">1</baseValue></sum></setOutcomeValue></responseIf></responseCondition><responseCondition><responseIf><not><isNull><variable identifier="RESPONSE_1408715431430" /></isNull></not><setOutcomeValue identifier="FEEDBACKBASIC"><baseValue baseType="identifier">incorrect</baseValue></setOutcomeValue></responseIf></responseCondition><responseCondition><responseIf><equal toleranceMode="absolute" tolerance="0.1 0.1" includeLowerBound="true" includeUpperBound="true"><variable identifier="RESPONSE_1408715449927" /><correct identifier="RESPONSE_1408715449927" /></equal><setOutcomeValue identifier="SCORE"><sum><variable identifier="SCORE" /><baseValue baseType="float">1</baseValue></sum></setOutcomeValue></responseIf></responseCondition><responseCondition><responseIf><not><isNull><variable identifier="RESPONSE_1408715449927" /></isNull></not><setOutcomeValue identifier="FEEDBACKBASIC"><baseValue baseType="identifier">incorrect</baseValue></setOutcomeValue></responseIf></responseCondition><responseCondition><responseIf><and><not><match><variable identifier="FEEDBACKBASIC" /><baseValue baseType="identifier">empty</baseValue></match></not><equal toleranceMode="exact"><variable identifier="SCORE" /><variable identifier="MAXSCORE" /></equal></and><setOutcomeValue identifier="FEEDBACKBASIC"><baseValue baseType="identifier">correct</baseValue></setOutcomeValue></responseIf></responseCondition><responseCondition><responseIf><and><match><baseValue baseType="identifier">incorrect</baseValue><variable identifier="FEEDBACKBASIC" /></match></and><setOutcomeValue identifier="FEEDBACKMODAL"><multiple><variable identifier="FEEDBACKMODAL" /><baseValue baseType="identifier">Feedback1684760716</baseValue></multiple></setOutcomeValue></responseIf></responseCondition></responseProcessing><modalFeedback  identifier="Feedback1684760716" outcomeIdentifier="FEEDBACKMODAL" showHide="show"><p>Hinweise zu a.)</p><p>Die Festlegung auf einen Winkel zwischen -PI und PI ist willkürlich. Häufig trifft man auch die Festlegung auf einen Winkel zwischen 0 und 2PI.</p><p>Beachte, dass dem Punkt (0,0) keine Polarkoordinaten zugeordnet werden können, wohl aber den Punkten (0,b) und (a,0) mit a, b ungleich 0.</p><p>Je nachdem welche Formel man zur Berechnung des Winkels nimmt, muss man verschiedene Fallunterscheidungen treffen, die berücksichtigen in welchem Quadranten der betreffende Punkt liegt.</p><p>Die hier implementierte Formel zur Berechnung des Winkel Phi ist folgende:</p><p>Phi = 2*atan(x/(x+r)) für x+r ungleich 0</p><p>Phi = PI im Fall x+r = 0</p><p>hierbei ist r der Radius und x die x-Koordinate des Punktes.</p><p> </p><p> </p></modalFeedback></assessmentItem>
