<?xml version="1.0" encoding="UTF-8"?>
<assessmentItem xmlns="http://www.imsglobal.org/xsd/imsqti_v2p1" xmlns:xsi="http://www.w3.org/2001/XMLSchema-instance" xsi:schemaLocation="http://www.imsglobal.org/xsd/imsqti_v2p1 http://www.imsglobal.org/xsd/qti/qtiv2p1/imsqti_v2p1p1.xsd http://www.w3.org/1998/Math/MathML http://www.w3.org/Math/XMLSchema/mathml2/mathml2.xsd" identifier="idf7d2c479-6566-4f8b-b5f3-176d714c84c3" title="Verallgemeinerte harmonische Reihe" adaptive="false" timeDependent="false"><responseDeclaration identifier="RESPONSE_1" cardinality="single" baseType="identifier"><correctResponse><value>id480be935-e5dc-42ac-bdfe-70694d0024be</value></correctResponse></responseDeclaration><outcomeDeclaration identifier="SCORE" cardinality="single" baseType="float"><defaultValue><value>0</value></defaultValue></outcomeDeclaration><outcomeDeclaration identifier="MAXSCORE" cardinality="single" baseType="float"><defaultValue><value>1</value></defaultValue></outcomeDeclaration><outcomeDeclaration identifier="FEEDBACKBASIC" cardinality="single" baseType="identifier"><defaultValue><value>empty</value></defaultValue></outcomeDeclaration><itemBody ><p>Die Reihe $$\sum_{n=1}^\infty\frac{1}{n^\alpha}$$</p><choiceInteraction responseIdentifier="RESPONSE_1" shuffle="true" maxChoices="1"><simpleChoice identifier="id480be935-e5dc-42ac-bdfe-70694d0024be"><p>konvergiert für jeden Exponenten $$\alpha&gt;1$$ gegen eine Zahl.</p></simpleChoice><simpleChoice identifier="idd2944177-7905-4381-9cf3-1d66662a4831"><p>konvergiert für jeden Exponenten  $$ \alpha&gt; 0$$ gegen eine Zahl.</p></simpleChoice><simpleChoice identifier="id73db0b75-b07e-48fe-b139-b3279d217f5e"><p>konvergiert für jeden Exponenten  $$\alpha\geq 1$$ gegen eine Zahl.</p></simpleChoice><simpleChoice identifier="id710c562e-abc5-4278-9841-985f9826546f"><p>konvergiert für keinen Exponenten $$\alpha$$ gegen eine Zahl.</p></simpleChoice></choiceInteraction></itemBody><responseProcessing><responseCondition><responseIf><isNull><variable identifier="RESPONSE_1" /></isNull><setOutcomeValue identifier="FEEDBACKBASIC"><baseValue baseType="identifier">empty</baseValue></setOutcomeValue></responseIf><responseElseIf><match><variable identifier="RESPONSE_1" /><correct identifier="RESPONSE_1" /></match><setOutcomeValue identifier="SCORE"><sum><variable identifier="SCORE" /><variable identifier="MAXSCORE" /></sum></setOutcomeValue><setOutcomeValue identifier="FEEDBACKBASIC"><baseValue baseType="identifier">correct</baseValue></setOutcomeValue></responseElseIf><responseElse><setOutcomeValue identifier="FEEDBACKBASIC"><baseValue baseType="identifier">incorrect</baseValue></setOutcomeValue></responseElse></responseCondition></responseProcessing></assessmentItem>
