<?xml version="1.0" encoding="UTF-8"?>
<assessmentItem xmlns="http://www.imsglobal.org/xsd/imsqti_v2p1" xmlns:xsi="http://www.w3.org/2001/XMLSchema-instance" xsi:schemaLocation="http://www.imsglobal.org/xsd/imsqti_v2p1 http://www.imsglobal.org/xsd/qti/qtiv2p1/imsqti_v2p1p1.xsd http://www.w3.org/1998/Math/MathML http://www.w3.org/Math/XMLSchema/mathml2/mathml2.xsd" identifier="idc8780c5a-c185-4040-a192-24e2e9402372" title="tangente_anstieg_02" adaptive="false" timeDependent="false"><responseDeclaration identifier="RESPONSE_1" cardinality="single" baseType="identifier"><correctResponse><value>idf0b49991-67cf-41b4-9410-6dac5998165a</value></correctResponse></responseDeclaration><outcomeDeclaration identifier="SCORE" cardinality="single" baseType="float"><defaultValue><value>0</value></defaultValue></outcomeDeclaration><outcomeDeclaration identifier="MAXSCORE" cardinality="single" baseType="float"><defaultValue><value>1</value></defaultValue></outcomeDeclaration><outcomeDeclaration identifier="FEEDBACKBASIC" cardinality="single" baseType="identifier"><defaultValue><value>empty</value></defaultValue></outcomeDeclaration><itemBody ><p>Der Anstieg der Tangente an den Graphen der Funktion f mit \[f(x) = 2x \cdot \cos( \frac{1}{2}x)\] an der Stelle \[x_o = \frac{\pi}{2}\] beträgt:</p><choiceInteraction responseIdentifier="RESPONSE_1" shuffle="true" maxChoices="1"><simpleChoice identifier="idd3109b00-7148-4c83-9f01-96179046448c"><p>$$\sqrt2- \frac{\pi}{2} \cdot \sqrt2$$</p></simpleChoice><simpleChoice identifier="idf0b49991-67cf-41b4-9410-6dac5998165a"><p>$$\sqrt2- \frac{\pi}{4} \cdot \sqrt2$$</p></simpleChoice><simpleChoice identifier="id702d643f-84e3-4374-aec4-eefd713ecc24"><p>$$\frac{1}{2} \sqrt2- \frac{\pi}{2} \cdot \sqrt2$$</p></simpleChoice><simpleChoice identifier="id418b3336-4848-4b2e-8334-30ad90c9e1a8"><p>$$\sqrt2+ \frac{\pi}{4} \cdot \sqrt2$$</p></simpleChoice><simpleChoice identifier="idf713918b-6831-44db-8461-6c05f6b1dc1d"><p>$$\frac{1}{2} \sqrt2- \frac{\pi}{4} \cdot \sqrt2$$</p></simpleChoice></choiceInteraction></itemBody><responseProcessing><responseCondition><responseIf><isNull><variable identifier="RESPONSE_1" /></isNull><setOutcomeValue identifier="FEEDBACKBASIC"><baseValue baseType="identifier">empty</baseValue></setOutcomeValue></responseIf><responseElseIf><match><variable identifier="RESPONSE_1" /><correct identifier="RESPONSE_1" /></match><setOutcomeValue identifier="SCORE"><sum><variable identifier="SCORE" /><variable identifier="MAXSCORE" /></sum></setOutcomeValue><setOutcomeValue identifier="FEEDBACKBASIC"><baseValue baseType="identifier">correct</baseValue></setOutcomeValue></responseElseIf><responseElse><setOutcomeValue identifier="FEEDBACKBASIC"><baseValue baseType="identifier">incorrect</baseValue></setOutcomeValue></responseElse></responseCondition></responseProcessing></assessmentItem>
