<?xml version="1.0" encoding="UTF-8"?>
<assessmentItem xmlns="http://www.imsglobal.org/xsd/imsqti_v2p1" xmlns:xsi="http://www.w3.org/2001/XMLSchema-instance" xsi:schemaLocation="http://www.imsglobal.org/xsd/imsqti_v2p1 http://www.imsglobal.org/xsd/qti/qtiv2p1/imsqti_v2p1p1.xsd http://www.w3.org/1998/Math/MathML http://www.w3.org/Math/XMLSchema/mathml2/mathml2.xsd" identifier="id118df24f-bcc5-409e-af29-fbc56402d0cd" title="zusammenfassung_potenzen_02" adaptive="false" timeDependent="false"><responseDeclaration identifier="RESPONSE_1414069010924" cardinality="single" baseType="float"><correctResponse><value>0</value></correctResponse></responseDeclaration><outcomeDeclaration identifier="SCORE" cardinality="single" baseType="float"><defaultValue><value>0</value></defaultValue></outcomeDeclaration><outcomeDeclaration identifier="MAXSCORE" cardinality="single" baseType="float"><defaultValue><value>1</value></defaultValue></outcomeDeclaration><outcomeDeclaration identifier="FEEDBACKBASIC" cardinality="single" baseType="identifier" view="testConstructor"><defaultValue><value>empty</value></defaultValue></outcomeDeclaration><outcomeDeclaration identifier="FEEDBACKMODAL" cardinality="multiple" baseType="identifier" view="testConstructor" /><templateDeclaration identifier="a1" cardinality="single" baseType="integer" /><templateDeclaration identifier="a" cardinality="single" baseType="integer" /><templateDeclaration identifier="b" cardinality="single" baseType="integer" /><templateDeclaration identifier="c1" cardinality="single" baseType="integer" /><templateDeclaration identifier="c" cardinality="single" baseType="integer" /><templateDeclaration identifier="d" cardinality="single" baseType="integer" /><templateProcessing><setTemplateValue identifier="a1"><randomInteger min="2" max="4" /></setTemplateValue><setTemplateValue identifier="a"><customOperator definition="MAXIMA" value="float(2^$(1));"><variable identifier="a1" /></customOperator></setTemplateValue><setTemplateValue identifier="b"><randomInteger min="2" max="7" /></setTemplateValue><setTemplateValue identifier="c1"><randomInteger min="5" max="6" /></setTemplateValue><setTemplateValue identifier="c"><customOperator definition="MAXIMA" value="float(2^$(1));"><variable identifier="c1" /></customOperator></setTemplateValue><setTemplateValue identifier="d"><customOperator definition="MAXIMA" value="float($(1)+$(2)+$(3));"><variable identifier="a1" /><variable identifier="b" /><variable identifier="c1" /></customOperator></setTemplateValue><setCorrectResponse identifier="RESPONSE_1414069010924"><variable identifier="d" /></setCorrectResponse></templateProcessing><itemBody ><p><p><p><p>Formen Sie um und ergänzen Sie die Lösung!</p><p>$$\qquad\large <printedVariable identifier="a" /> \cdot 2^<printedVariable identifier="b" /> \cdot <printedVariable identifier="c" /> = 2^x$$$$\qquad\qquad x = $$<textEntryInteraction responseIdentifier="RESPONSE_1414069010924" expectedLength="3" /></p></p></p></p></itemBody><responseProcessing><responseCondition><responseIf><equal toleranceMode="exact"><variable identifier="RESPONSE_1414069010924" /><correct identifier="RESPONSE_1414069010924" /></equal><setOutcomeValue identifier="SCORE"><sum><variable identifier="SCORE" /><baseValue baseType="float">1</baseValue></sum></setOutcomeValue></responseIf></responseCondition><responseCondition><responseIf><not><isNull><variable identifier="RESPONSE_1414069010924" /></isNull></not><setOutcomeValue identifier="FEEDBACKBASIC"><baseValue baseType="identifier">incorrect</baseValue></setOutcomeValue></responseIf></responseCondition><responseCondition><responseIf><and><not><match><variable identifier="FEEDBACKBASIC" /><baseValue baseType="identifier">empty</baseValue></match></not><equal toleranceMode="exact"><variable identifier="SCORE" /><variable identifier="MAXSCORE" /></equal></and><setOutcomeValue identifier="FEEDBACKBASIC"><baseValue baseType="identifier">correct</baseValue></setOutcomeValue></responseIf></responseCondition><responseCondition><responseIf><and><match><baseValue baseType="identifier">correct</baseValue><variable identifier="FEEDBACKBASIC" /></match></and><setOutcomeValue identifier="FEEDBACKMODAL"><multiple><variable identifier="FEEDBACKMODAL" /><baseValue baseType="identifier">Feedback216900926</baseValue></multiple></setOutcomeValue></responseIf></responseCondition><responseCondition><responseIf><and><match><baseValue baseType="identifier">incorrect</baseValue><variable identifier="FEEDBACKBASIC" /></match></and><setOutcomeValue identifier="FEEDBACKMODAL"><multiple><variable identifier="FEEDBACKMODAL" /><baseValue baseType="identifier">Feedback1174114323</baseValue></multiple></setOutcomeValue></responseIf></responseCondition></responseProcessing><modalFeedback  identifier="Feedback216900926" outcomeIdentifier="FEEDBACKMODAL" showHide="show" title="Richtig!"><p> </p><p>$$ <printedVariable identifier="a" /> \cdot 2^<printedVariable identifier="b" /> \cdot <printedVariable identifier="c" /> = 2^<printedVariable identifier="a1" /> \cdot 2^<printedVariable identifier="b" /> \cdot 2^<printedVariable identifier="c1" /> = 2^{<printedVariable identifier="a1" />+<printedVariable identifier="b" />+<printedVariable identifier="c1" />} = 2^{<printedVariable identifier="d" />}$$</p></modalFeedback><modalFeedback  identifier="Feedback1174114323" outcomeIdentifier="FEEDBACKMODAL" showHide="show" title="Leider falsch!"><p>Es gilt:</p><p>$$ <printedVariable identifier="a" /> \cdot 2^<printedVariable identifier="b" /> \cdot <printedVariable identifier="c" /> = 2^<printedVariable identifier="a1" /> \cdot 2^<printedVariable identifier="b" /> \cdot 2^<printedVariable identifier="c1" /> = 2^{<printedVariable identifier="a1" />+<printedVariable identifier="b" />+<printedVariable identifier="c1" />} = 2^{<printedVariable identifier="d" />}$$</p></modalFeedback></assessmentItem>
