<?xml version="1.0" encoding="UTF-8"?>
<assessmentItem xmlns="http://www.imsglobal.org/xsd/imsqti_v2p1" xmlns:xsi="http://www.w3.org/2001/XMLSchema-instance" xsi:schemaLocation="http://www.imsglobal.org/xsd/imsqti_v2p1 http://www.imsglobal.org/xsd/qti/qtiv2p1/imsqti_v2p1p1.xsd http://www.w3.org/1998/Math/MathML http://www.w3.org/Math/XMLSchema/mathml2/mathml2.xsd" identifier="id7e8fb199-48e1-496d-ab4c-adbafaeea304" title="ComplexPlane" adaptive="false" timeDependent="false"><responseDeclaration identifier="RESPONSE_1" cardinality="multiple" baseType="directedPair"><correctResponse><value>id0055438a-91f5-4868-9b7a-1e49634ffce5 id39222675-5403-46a9-a283-4e553f174198</value><value>id57a56ed0-88d9-4665-9944-6cffb4a25bea id1d1de667-8e1f-41f3-9dc9-c3f8f7811a20</value><value>idebb03a66-a5aa-4c66-b77f-e9ad31b06f97 id882f25c9-512a-45dd-bacf-0acba5cda7dc</value><value>id4f61d1f4-d011-41fa-8283-28c29676973b id3d9f3f9d-cee2-4594-9c49-bf427aa0d73a</value><value>id4095f6dd-935a-453f-96aa-34119e8d1f9f ida67e6458-8c6d-4a9e-aeb9-6b3187e01db4</value><value>idd0a78c08-28ef-4b44-baec-dba4a2d463e5 id80f4290f-835f-48c4-97c0-b4211a00c5f5</value><value>id1b7e5627-645f-4df0-8934-383a30df24c7 idd61b0557-f6db-4594-90ae-60d59202b491</value><value>idf817cb12-728f-4beb-8034-6d7c9e3b292c id8f9be265-7d4a-4d5f-a0e7-9350037f39f4</value><value>id685a71b5-053a-4187-acec-49238c2a9d1b id8c645130-d4c5-4055-b394-cd3a7eda7e43</value></correctResponse><mapping defaultValue="0" lowerBound="0.0"><mapEntry mapKey="idd0a78c08-28ef-4b44-baec-dba4a2d463e5 id80f4290f-835f-48c4-97c0-b4211a00c5f5" mappedValue="1" /><mapEntry mapKey="idf817cb12-728f-4beb-8034-6d7c9e3b292c id8f9be265-7d4a-4d5f-a0e7-9350037f39f4" mappedValue="1" /><mapEntry mapKey="idebb03a66-a5aa-4c66-b77f-e9ad31b06f97 id882f25c9-512a-45dd-bacf-0acba5cda7dc" mappedValue="1" /><mapEntry mapKey="id57a56ed0-88d9-4665-9944-6cffb4a25bea id1d1de667-8e1f-41f3-9dc9-c3f8f7811a20" mappedValue="1" /><mapEntry mapKey="id0055438a-91f5-4868-9b7a-1e49634ffce5 id39222675-5403-46a9-a283-4e553f174198" mappedValue="1" /><mapEntry mapKey="id685a71b5-053a-4187-acec-49238c2a9d1b id8c645130-d4c5-4055-b394-cd3a7eda7e43" mappedValue="1" /><mapEntry mapKey="id4095f6dd-935a-453f-96aa-34119e8d1f9f ida67e6458-8c6d-4a9e-aeb9-6b3187e01db4" mappedValue="1" /><mapEntry mapKey="id4f61d1f4-d011-41fa-8283-28c29676973b id3d9f3f9d-cee2-4594-9c49-bf427aa0d73a" mappedValue="1" /><mapEntry mapKey="id1b7e5627-645f-4df0-8934-383a30df24c7 idd61b0557-f6db-4594-90ae-60d59202b491" mappedValue="1" /></mapping></responseDeclaration><outcomeDeclaration identifier="SCORE" cardinality="single" baseType="float"><defaultValue><value>0</value></defaultValue></outcomeDeclaration><outcomeDeclaration identifier="MAXSCORE" cardinality="single" baseType="float"><defaultValue><value>9</value></defaultValue></outcomeDeclaration><outcomeDeclaration identifier="FEEDBACKBASIC" cardinality="single" baseType="identifier" view="testConstructor"><defaultValue><value>empty</value></defaultValue></outcomeDeclaration><outcomeDeclaration identifier="FEEDBACKMODAL" cardinality="multiple" baseType="identifier" view="testConstructor" /><itemBody ><p>Which subsets of the complex plain correspond to the complex numbers with the following properties.</p><matchInteraction responseIdentifier="RESPONSE_1" shuffle="true" maxAssociations="0"><simpleMatchSet><simpleAssociableChoice identifier="idd0a78c08-28ef-4b44-baec-dba4a2d463e5" fixed="false" matchMax="1"><p>\({\rm Re}\,z = {\rm Im} z\)</p></simpleAssociableChoice><simpleAssociableChoice identifier="idf817cb12-728f-4beb-8034-6d7c9e3b292c" fixed="false" matchMax="1"><p>\({\rm Re}\,z &lt; 1\)</p></simpleAssociableChoice><simpleAssociableChoice identifier="idebb03a66-a5aa-4c66-b77f-e9ad31b06f97" fixed="false" matchMax="1"><p>\(-1 \le {\rm Re}\,z \le 1\)</p></simpleAssociableChoice><simpleAssociableChoice identifier="id57a56ed0-88d9-4665-9944-6cffb4a25bea" fixed="false" matchMax="1"><p>\({\rm Im}\,z \ge 0\)</p></simpleAssociableChoice><simpleAssociableChoice identifier="id0055438a-91f5-4868-9b7a-1e49634ffce5" fixed="false" matchMax="1"><p>\(|z| \le 2\)</p></simpleAssociableChoice><simpleAssociableChoice identifier="id685a71b5-053a-4187-acec-49238c2a9d1b" fixed="false" matchMax="1"><p>\(1 &lt; |z| &lt; 3\)</p></simpleAssociableChoice><simpleAssociableChoice identifier="id4095f6dd-935a-453f-96aa-34119e8d1f9f" fixed="false" matchMax="1"><p>\(|z| &gt; 2\)</p></simpleAssociableChoice><simpleAssociableChoice identifier="id4f61d1f4-d011-41fa-8283-28c29676973b" fixed="false" matchMax="1"><p>\(-\pi &lt; \arg z &lt; \pi\)</p></simpleAssociableChoice><simpleAssociableChoice identifier="id1b7e5627-645f-4df0-8934-383a30df24c7" fixed="false" matchMax="1"><p>\(\frac{\pi}{6} &lt; \arg z &lt; \frac{\pi}{4}\)</p></simpleAssociableChoice></simpleMatchSet><simpleMatchSet><simpleAssociableChoice identifier="id80f4290f-835f-48c4-97c0-b4211a00c5f5" fixed="false" matchMax="1"><p><img src="media%2Fmedium8915659606440679089figure-1.1.png" alt="Figure1.1" width="200" height="200" /></p></simpleAssociableChoice><simpleAssociableChoice identifier="id8f9be265-7d4a-4d5f-a0e7-9350037f39f4" fixed="false" matchMax="1"><p><img src="media%2Fmedium2764891840234746450figure-1.2.png" alt="Figure1.2" width="200" height="200" /></p></simpleAssociableChoice><simpleAssociableChoice identifier="id882f25c9-512a-45dd-bacf-0acba5cda7dc" fixed="false" matchMax="1"><p>t<img src="media%2Fmedium5129216994067518350figure-1.3.png" alt="Figure1.3" width="200" height="200" /></p></simpleAssociableChoice><simpleAssociableChoice identifier="id1d1de667-8e1f-41f3-9dc9-c3f8f7811a20" fixed="false" matchMax="1"><p><img src="media%2Fmedium3315228438628817527figure-1.4.png" alt="Figure1.4" width="200" height="200" /></p></simpleAssociableChoice><simpleAssociableChoice identifier="id39222675-5403-46a9-a283-4e553f174198" fixed="false" matchMax="1"><p><img src="media%2Fmedium6700384107778691042figure-1.5.png" alt="Figure1.5" width="200" height="200" /></p></simpleAssociableChoice><simpleAssociableChoice identifier="id8c645130-d4c5-4055-b394-cd3a7eda7e43" fixed="false" matchMax="1"><p><img src="media%2Fmedium5017238691686082311figure-1.6.png" alt="Figure1.6" width="200" height="200" /></p></simpleAssociableChoice><simpleAssociableChoice identifier="ida67e6458-8c6d-4a9e-aeb9-6b3187e01db4" fixed="false" matchMax="1"><p><img src="media%2Fmedium5760456497808054853figure-1.7.png" alt="Figure1.7" width="200" height="200" /></p></simpleAssociableChoice><simpleAssociableChoice identifier="id3d9f3f9d-cee2-4594-9c49-bf427aa0d73a" fixed="false" matchMax="1"><p><img src="media%2Fmedium4785300153915614166figure-1.8.png" alt="Figure1.8" width="200" height="200" /></p></simpleAssociableChoice><simpleAssociableChoice identifier="idd61b0557-f6db-4594-90ae-60d59202b491" fixed="false" matchMax="1"><p><img src="media%2Fmedium2985891973231792184figure-1.9.png" alt="Figure1.9" width="200" height="200" /></p></simpleAssociableChoice></simpleMatchSet></matchInteraction></itemBody><responseProcessing><responseCondition><responseIf><not><isNull><variable identifier="RESPONSE_1" /></isNull></not><setOutcomeValue identifier="SCORE"><sum><variable identifier="SCORE" /><mapResponse identifier="RESPONSE_1" /></sum></setOutcomeValue><setOutcomeValue identifier="FEEDBACKBASIC"><baseValue baseType="identifier">incorrect</baseValue></setOutcomeValue></responseIf></responseCondition><responseCondition><responseIf><and><not><match><variable identifier="FEEDBACKBASIC" /><baseValue baseType="identifier">empty</baseValue></match></not><equal toleranceMode="exact"><variable identifier="SCORE" /><variable identifier="MAXSCORE" /></equal></and><setOutcomeValue identifier="FEEDBACKBASIC"><baseValue baseType="identifier">correct</baseValue></setOutcomeValue></responseIf></responseCondition><responseCondition><responseIf><and><match><baseValue baseType="identifier">incorrect</baseValue><variable identifier="FEEDBACKBASIC" /></match></and><setOutcomeValue identifier="FEEDBACKMODAL"><multiple><variable identifier="FEEDBACKMODAL" /><baseValue baseType="identifier">Feedback1814025143</baseValue></multiple></setOutcomeValue></responseIf></responseCondition></responseProcessing><modalFeedback  identifier="Feedback1814025143" outcomeIdentifier="FEEDBACKMODAL" showHide="show"><p>Solution.<br />a) \({\rm Re}\,z = {\rm Im}\,z \Leftrightarrow z = y\), where \(z = x + iy\).<br />The desired subset consists of the points of the straight line \(y = x\), see Figure 1.1.</p><p>b) \({\rm Re}\,z &lt; 1 \Leftrightarrow x &lt; 1\) and \(y\) is an arbitrary real number, where \(z = z + iy\). The desired subset is the half plane left from<br />the straight line \(x = 1\) (without the points of this straight line), see Figure 1.2.</p><p>c) \(-1 \le {\rm Re}\,z \le 1\) means \(-1 \le x \le 1\) and \(y\) is an arbitrary real number. The desired subset is the strip between straight lines<br />\(x = -1\) and \(x = 1\), see Figure 1.3.</p><p>d) \({\rm Im}\,z \ge 0\) means \(y \ge 0\) and \(x\) is an arbitrary real number. The desired subset is the upper half plane with respect to the \(x\)-axis, see Figure 1.4.<br /><br />e) The condition \(|z| \le 2\), using the trigonometric representation of the complex number \(z = (\rho,\theta)\), reduced on \(|z| = \rho \le 2\) and \(\theta\)<br />is an arbitrary angle from \([0,2\pi]\). The desired subset is the disc with center at \((0,0)\) and radius \(r = 2\), see Figure 1.5.<br /><br />f) The case \(1 &lt; |z| &lt; \)$ reduces in a similar way as in e) on \(1 &lt; |z| = \rho &lt; 3\), where \(\theta\) is an arbitrary angle form the interval \([0,2\pi]\).  The desired subset is the annulus between the circles \(|z| = 1\) and \(|z| = 3\) without these circles, see Figure 1.6.<br /><br />g) For the case \(|z| &gt; 2\) we have \(|z| = \rho &gt; 2, \theta \in [0,2\pi]\). Therefore the desired subset is the whole complex plane without the disc \(|z| \le 2\), see Figure 1.7.<br /><br />h) The condition \(-\pi &lt; \arg z &lt; \pi\) implies that \(\rho\) is arbitrary and \(-\pi &lt; \theta &lt; \pi\). Therefore the desired subset is the whole complex plane without the negative part of the real axis, see Figure 1.8.<br /><br />i) The condition \(\pi/6 &lt; \arg z &lt; \pi/4\) implies that \(\rho\) is arbitrary and \(\theta \in (\pi/6,\pi/4)\). The desired subset are the points between half straight lines \(y = x \cdot \tan \frac{\pi}{6}\) and \(y = x \cdot \tan \frac{\pi}{4}\) without these half straight lines, see Figure 1.9.</p></modalFeedback></assessmentItem>
