<?xml version="1.0" encoding="UTF-8"?>
<assessmentItem xmlns="http://www.imsglobal.org/xsd/imsqti_v2p1" xmlns:xsi="http://www.w3.org/2001/XMLSchema-instance" xsi:schemaLocation="http://www.imsglobal.org/xsd/imsqti_v2p1 http://www.imsglobal.org/xsd/qti/qtiv2p1/imsqti_v2p1p1.xsd http://www.w3.org/1998/Math/MathML http://www.w3.org/Math/XMLSchema/mathml2/mathml2.xsd" identifier="id693a4568-e6db-49ab-9d3c-948d42ad6af4" title="aussagen_ja/nein_01" adaptive="false" timeDependent="false"><responseDeclaration identifier="RESPONSE_1" cardinality="multiple" baseType="identifier"><correctResponse><value>ida09a1ed5-17e6-4024-9c67-0af7c362de17</value><value>id79671a65-c99f-41e1-a255-a30f7a6daaa9</value><value>idd82d3202-b7b9-41b9-8ae7-d4a6b9cb3c1f</value><value>id9fda6b94-c242-4476-b870-24bd50864d75</value></correctResponse><mapping defaultValue="0" lowerBound="0.0"><mapEntry mapKey="ida09a1ed5-17e6-4024-9c67-0af7c362de17" mappedValue="0.5" /><mapEntry mapKey="idf5543e1a-b761-4d02-9c04-ba5d110413bf" mappedValue="-0.5" /><mapEntry mapKey="id79671a65-c99f-41e1-a255-a30f7a6daaa9" mappedValue="0.5" /><mapEntry mapKey="id7711db0b-88bb-4123-a210-a76bc3d57c06" mappedValue="-0.5" /><mapEntry mapKey="id32c74417-fb54-4109-b225-a4967e02ac9d" mappedValue="-0.5" /><mapEntry mapKey="idd3d1842f-8e06-46f6-b476-c722558e7b3a" mappedValue="-0.5" /><mapEntry mapKey="idd82d3202-b7b9-41b9-8ae7-d4a6b9cb3c1f" mappedValue="0.5" /><mapEntry mapKey="id9fda6b94-c242-4476-b870-24bd50864d75" mappedValue="0.5" /></mapping></responseDeclaration><outcomeDeclaration identifier="SCORE" cardinality="single" baseType="float"><defaultValue><value>0</value></defaultValue></outcomeDeclaration><outcomeDeclaration identifier="MAXSCORE" cardinality="single" baseType="float"><defaultValue><value>2</value></defaultValue></outcomeDeclaration><outcomeDeclaration identifier="FEEDBACKBASIC" cardinality="single" baseType="identifier" view="testConstructor"><defaultValue><value>empty</value></defaultValue></outcomeDeclaration><itemBody ><p>Welche der folgenden Sätze sind Aussagen? Kreuze an!</p><choiceInteraction responseIdentifier="RESPONSE_1" shuffle="true" maxChoices="0"><simpleChoice identifier="ida09a1ed5-17e6-4024-9c67-0af7c362de17"><p>Es regnet.</p></simpleChoice><simpleChoice identifier="idf5543e1a-b761-4d02-9c04-ba5d110413bf"><p>Wie spät ist es?</p></simpleChoice><simpleChoice identifier="id79671a65-c99f-41e1-a255-a30f7a6daaa9"><p>Die Erde ist eine Scheibe.</p></simpleChoice><simpleChoice identifier="id7711db0b-88bb-4123-a210-a76bc3d57c06"><p>Schließen Sie bitte die Tür.</p></simpleChoice><simpleChoice identifier="id32c74417-fb54-4109-b225-a4967e02ac9d"><p>Mathematik macht Spaß.</p></simpleChoice><simpleChoice identifier="idd3d1842f-8e06-46f6-b476-c722558e7b3a"><p>München ist schön.</p></simpleChoice><simpleChoice identifier="idd82d3202-b7b9-41b9-8ae7-d4a6b9cb3c1f"><p>3&lt;4</p></simpleChoice><simpleChoice identifier="id9fda6b94-c242-4476-b870-24bd50864d75"><p>Wenn 5 = 7 ist, dann ist 3 = 9.</p></simpleChoice></choiceInteraction></itemBody><responseProcessing><responseCondition><responseIf><not><isNull><variable identifier="RESPONSE_1" /></isNull></not><setOutcomeValue identifier="SCORE"><sum><variable identifier="SCORE" /><mapResponse identifier="RESPONSE_1" /></sum></setOutcomeValue><setOutcomeValue identifier="FEEDBACKBASIC"><baseValue baseType="identifier">incorrect</baseValue></setOutcomeValue></responseIf></responseCondition><responseCondition><responseIf><and><not><match><variable identifier="FEEDBACKBASIC" /><baseValue baseType="identifier">empty</baseValue></match></not><equal toleranceMode="exact"><variable identifier="SCORE" /><variable identifier="MAXSCORE" /></equal></and><setOutcomeValue identifier="FEEDBACKBASIC"><baseValue baseType="identifier">correct</baseValue></setOutcomeValue></responseIf></responseCondition></responseProcessing></assessmentItem>
