<?xml version="1.0" encoding="UTF-8"?>
<assessmentItem xmlns="http://www.imsglobal.org/xsd/imsqti_v2p1" xmlns:xsi="http://www.w3.org/2001/XMLSchema-instance" xsi:schemaLocation="http://www.imsglobal.org/xsd/imsqti_v2p1 http://www.imsglobal.org/xsd/qti/qtiv2p1/imsqti_v2p1p1.xsd http://www.w3.org/1998/Math/MathML http://www.w3.org/Math/XMLSchema/mathml2/mathml2.xsd" identifier="idddc23e3d-c2e0-4466-9d31-3690265863db" title="AbleitenVerkettetMult.Choice" adaptive="false" timeDependent="false"><responseDeclaration identifier="RESPONSE_1" cardinality="multiple" baseType="identifier"><correctResponse><value>idf098d93b-15ad-47b9-a2ab-7eb5ffd50815</value><value>id3693e921-1306-4e9d-836b-5bd35a965961</value><value>idc124f6ec-b1b8-4412-844c-76c37f8a9867</value><value>id436144cb-b0d9-48a4-9b26-c00f4d5f3dd1</value></correctResponse><mapping defaultValue="0" lowerBound="0.0"><mapEntry mapKey="idf098d93b-15ad-47b9-a2ab-7eb5ffd50815" mappedValue="1.75" /><mapEntry mapKey="id3693e921-1306-4e9d-836b-5bd35a965961" mappedValue="1.75" /><mapEntry mapKey="idc124f6ec-b1b8-4412-844c-76c37f8a9867" mappedValue="1.75" /><mapEntry mapKey="id62c422a4-33ee-41d6-9c3e-280825ab473f" mappedValue="-2.333" /><mapEntry mapKey="idb7dadc65-98e7-4cd7-a940-619fd14a7578" mappedValue="-2.333" /><mapEntry mapKey="idc84534e4-9994-4a29-9498-8059807d50f0" mappedValue="-2.333" /><mapEntry mapKey="id436144cb-b0d9-48a4-9b26-c00f4d5f3dd1" mappedValue="1.75" /></mapping></responseDeclaration><outcomeDeclaration identifier="SCORE" cardinality="single" baseType="float"><defaultValue><value>0</value></defaultValue></outcomeDeclaration><outcomeDeclaration identifier="MAXSCORE" cardinality="single" baseType="float"><defaultValue><value>7</value></defaultValue></outcomeDeclaration><outcomeDeclaration identifier="FEEDBACKBASIC" cardinality="single" baseType="identifier" view="testConstructor"><defaultValue><value>empty</value></defaultValue></outcomeDeclaration><outcomeDeclaration identifier="FEEDBACKMODAL" cardinality="multiple" baseType="identifier" view="testConstructor" /><itemBody ><p>Setze ein Häckchen für alle korrekt nach x abgeleiteten Funktionen auf ihrem jeweiligem Definitionsbereich:</p><choiceInteraction responseIdentifier="RESPONSE_1" shuffle="true" maxChoices="0"><simpleChoice identifier="idf098d93b-15ad-47b9-a2ab-7eb5ffd50815"><p>\( ( \ln( 3\sin(x) +3 x))' = \frac{\cos(x) +1}{x+\sin(x)} \)</p></simpleChoice><simpleChoice identifier="id3693e921-1306-4e9d-836b-5bd35a965961"><p>Sei \( x \gt 0\):   \(  (( \sqrt{x} +x )^2)' = 1 + 3\sqrt{x}+2x \) </p></simpleChoice><simpleChoice identifier="idc124f6ec-b1b8-4412-844c-76c37f8a9867"><p> \( ( e^{4x^3+\ln(2)} )' = 24x^2 e^{4x^3} \)</p></simpleChoice><simpleChoice identifier="id62c422a4-33ee-41d6-9c3e-280825ab473f"><p> \( ( e^{4x^3+2} )' = 12x^2 e^{4x^3} \)</p></simpleChoice><simpleChoice identifier="idb7dadc65-98e7-4cd7-a940-619fd14a7578"><p>\( (\sqrt{2+10 x^2})' = \frac{2+20x}{1+5x^2}\)</p></simpleChoice><simpleChoice identifier="idc84534e4-9994-4a29-9498-8059807d50f0"><p>\( ( 2x^2 e^{2x^2}) ' = e^{ 2x^2}(16 x^2+4x)\)</p></simpleChoice><simpleChoice identifier="id436144cb-b0d9-48a4-9b26-c00f4d5f3dd1"><p>\( ( 2x^2 e^{2x^2}) ' = e^{ 2x^2}(8 x^3+4x)\)</p></simpleChoice></choiceInteraction></itemBody><responseProcessing><responseCondition><responseIf><not><isNull><variable identifier="RESPONSE_1" /></isNull></not><setOutcomeValue identifier="SCORE"><sum><variable identifier="SCORE" /><mapResponse identifier="RESPONSE_1" /></sum></setOutcomeValue><setOutcomeValue identifier="FEEDBACKBASIC"><baseValue baseType="identifier">incorrect</baseValue></setOutcomeValue></responseIf></responseCondition><responseCondition><responseIf><and><not><match><variable identifier="FEEDBACKBASIC" /><baseValue baseType="identifier">empty</baseValue></match></not><equal toleranceMode="exact"><variable identifier="SCORE" /><variable identifier="MAXSCORE" /></equal></and><setOutcomeValue identifier="FEEDBACKBASIC"><baseValue baseType="identifier">correct</baseValue></setOutcomeValue></responseIf></responseCondition><responseCondition><responseIf><and><match><baseValue baseType="identifier">incorrect</baseValue><variable identifier="FEEDBACKBASIC" /></match></and><setOutcomeValue identifier="FEEDBACKMODAL"><multiple><variable identifier="FEEDBACKMODAL" /><baseValue baseType="identifier">Feedback1519747656</baseValue></multiple></setOutcomeValue></responseIf></responseCondition></responseProcessing><modalFeedback  identifier="Feedback1519747656" outcomeIdentifier="FEEDBACKMODAL" showHide="show"><p>Musterlösungen:</p><p>a. )</p><p>\( ( \ln( 3\sin(x) +3 x))' = \frac{3\cos(x) +3}{3 \sin(x)+3x}  = \frac{\cos(x) +1}{ x+ \sin(x)}\) nach Kettenregel und anschliessendem Kürzen der 3 in Zähler und Nenner.</p><p>b.)</p><p>Sei \( x \gt 0\):   \(  (( \sqrt{x} +x )^2)' = 2 \cdot ( \frac{1}{2 \sqrt{x}} +1) ( \sqrt{x} +x )\) nach Kettenregel. Fasse ersten Faktor zusammen und Kürze mit der 2 vorne: \( =  ( \frac{1+2\sqrt{x}}{\sqrt{x}}) ( \sqrt{x} +x )\) erweitere jetzt mit \(\sqrt{x}\) und erhalte: \( =  ( \frac{\sqrt{x}+2x}{x}) ( \sqrt{x} +x ) = \frac{x+2x\sqrt{x}+ x\sqrt{x}+2x^2}{x} = \frac{x+ 3x\sqrt{x}+2x^2}{x} = 1 + 3\sqrt{x}+2x \)</p><p>c.)</p><p> Wegen \( e^{\ln(2)} = 2\)  folgt \( ( e^{4x^3+\ln(2)} )' = ( 2 e^{4x^3})' = 24x^2 e^{4x^3} \) unter Anwendung der Kettenregel.</p><p>d.)</p><p> \( ( e^{4x^3+2} )' = 12x^2 e^{4x^3+2 } \) nach Anwendung der Kettenregel.</p><p>e.)</p><p>\( (\sqrt{2+10 x^2})' = \frac{20x}{2\sqrt{2+10x^2}} =\frac{10x}{\sqrt{2+10x^2}}= \frac{10x \sqrt{2+10x^2}}{2+10x^2} = \frac{5x \sqrt{2+10x^2}}{1+5x^2} \not = \frac{2+20x}{1+5x^2}\)</p><p>f.)</p><p>\( ( 2x^2 e^{2x^2}) ' = 4x e^{2x^2} +  4x \cdot 2x^2 e^{2x^2}= e^{ 2x^2}(8 x^3+4x)\) unter Verwendung von Produkt- und Kettenregel.</p></modalFeedback></assessmentItem>
