<?xml version="1.0" encoding="UTF-8"?>
<assessmentItem xmlns="http://www.imsglobal.org/xsd/imsqti_v2p1" xmlns:xsi="http://www.w3.org/2001/XMLSchema-instance" xsi:schemaLocation="http://www.imsglobal.org/xsd/imsqti_v2p1 http://www.imsglobal.org/xsd/qti/qtiv2p1/imsqti_v2p1p1.xsd http://www.w3.org/1998/Math/MathML http://www.w3.org/Math/XMLSchema/mathml2/mathml2.xsd" identifier="id4ce96d5d-01dd-4de1-ad4a-0e6993d13f1a" title="5x5Determinante" adaptive="false" timeDependent="false"><responseDeclaration identifier="RESPONSE_1409650518327" cardinality="single" baseType="float"><correctResponse><value>0</value></correctResponse></responseDeclaration><outcomeDeclaration identifier="SCORE" cardinality="single" baseType="float"><defaultValue><value>0</value></defaultValue></outcomeDeclaration><outcomeDeclaration identifier="MAXSCORE" cardinality="single" baseType="float"><defaultValue><value>4</value></defaultValue></outcomeDeclaration><outcomeDeclaration identifier="FEEDBACKBASIC" cardinality="single" baseType="identifier" view="testConstructor"><defaultValue><value>empty</value></defaultValue></outcomeDeclaration><outcomeDeclaration identifier="FEEDBACKMODAL" cardinality="multiple" baseType="identifier" view="testConstructor" /><templateDeclaration identifier="a" cardinality="single" baseType="integer" /><templateDeclaration identifier="b" cardinality="single" baseType="integer" /><templateDeclaration identifier="c" cardinality="single" baseType="integer" /><templateDeclaration identifier="d" cardinality="single" baseType="integer" /><templateDeclaration identifier="det" cardinality="single" baseType="integer" /><templateProcessing><setTemplateValue identifier="a"><randomInteger min="-5" max="5" /></setTemplateValue><setTemplateValue identifier="b"><randomInteger min="-4" max="5" /></setTemplateValue><setTemplateValue identifier="c"><randomInteger min="-4" max="7" /></setTemplateValue><setTemplateValue identifier="d"><randomInteger min="-5" max="7" /></setTemplateValue><setTemplateValue identifier="det"><customOperator definition="MAXIMA" value="float((($(1))^2+(-2*$(2)-2)*$(3)+4*$(4))*$(5)-4*$(6)*($(7))^2+(10*$(8)*$(9)-$(10)+4)*$(11)-4*($(12))^2*$(13)+2*($(14))^2-8*$(15));"><variable identifier="c" /><variable identifier="a" /><variable identifier="c" /><variable identifier="a" /><variable identifier="d" /><variable identifier="b" /><variable identifier="c" /><variable identifier="a" /><variable identifier="b" /><variable identifier="a" /><variable identifier="c" /><variable identifier="a" /><variable identifier="b" /><variable identifier="a" /><variable identifier="a" /></customOperator></setTemplateValue><setCorrectResponse identifier="RESPONSE_1409650518327"><variable identifier="det" /></setCorrectResponse></templateProcessing><itemBody ><p><p>Berechne die Determinante der Matrix B:</p><p> $$B = \left(\begin{array}{ccccc} 1&amp; <printedVariable identifier="a" /> &amp; 3&amp; <printedVariable identifier="b" /> &amp;2 \\2&amp; <printedVariable identifier="c" /> &amp; 2&amp; 1 &amp;3 \\0&amp; 0 &amp; <printedVariable identifier="c" />&amp; 2 &amp;1 \\0&amp; 0 &amp; 1&amp; 1 &amp;<printedVariable identifier="b" /> \\0&amp; 0 &amp; <printedVariable identifier="a" />&amp; 4 &amp;<printedVariable identifier="d" /> \\ \end{array}\right)$$</p><p> Det (B) = <textEntryInteraction responseIdentifier="RESPONSE_1409650518327" expectedLength="3" /></p></p></itemBody><responseProcessing><responseCondition><responseIf><equal toleranceMode="exact"><variable identifier="RESPONSE_1409650518327" /><correct identifier="RESPONSE_1409650518327" /></equal><setOutcomeValue identifier="SCORE"><sum><variable identifier="SCORE" /><baseValue baseType="float">4</baseValue></sum></setOutcomeValue></responseIf></responseCondition><responseCondition><responseIf><not><isNull><variable identifier="RESPONSE_1409650518327" /></isNull></not><setOutcomeValue identifier="FEEDBACKBASIC"><baseValue baseType="identifier">incorrect</baseValue></setOutcomeValue></responseIf></responseCondition><responseCondition><responseIf><and><not><match><variable identifier="FEEDBACKBASIC" /><baseValue baseType="identifier">empty</baseValue></match></not><equal toleranceMode="exact"><variable identifier="SCORE" /><variable identifier="MAXSCORE" /></equal></and><setOutcomeValue identifier="FEEDBACKBASIC"><baseValue baseType="identifier">correct</baseValue></setOutcomeValue></responseIf></responseCondition><responseCondition><responseIf><and><match><baseValue baseType="identifier">incorrect</baseValue><variable identifier="FEEDBACKBASIC" /></match></and><setOutcomeValue identifier="FEEDBACKMODAL"><multiple><variable identifier="FEEDBACKMODAL" /><baseValue baseType="identifier">Feedback2053478673</baseValue></multiple></setOutcomeValue></responseIf></responseCondition></responseProcessing><modalFeedback  identifier="Feedback2053478673" outcomeIdentifier="FEEDBACKMODAL" showHide="show"><p>Vorschlag zur Berechnung der Determinante:</p><p>Ziehe das <printedVariable identifier="a" />-fache der vierten Zeile von der fünften Zeile ab. Usw. bis man eine obere Dreiecksform erhält. Nun ist die Determinate das Produkt der Diagonalenelemente.</p></modalFeedback></assessmentItem>
