<?xml version="1.0" encoding="UTF-8"?>
<assessmentItem xmlns="http://www.imsglobal.org/xsd/imsqti_v2p1" xmlns:xsi="http://www.w3.org/2001/XMLSchema-instance" xsi:schemaLocation="http://www.imsglobal.org/xsd/imsqti_v2p1 http://www.imsglobal.org/xsd/qti/qtiv2p1/imsqti_v2p1p1.xsd http://www.w3.org/1998/Math/MathML http://www.w3.org/Math/XMLSchema/mathml2/mathml2.xsd" identifier="ide2e85769-b3cf-47e7-8e71-71ebc1ec7ef0" title="umformung_potenzen_01" adaptive="false" timeDependent="false"><responseDeclaration identifier="RESPONSE_1409561611105" cardinality="single" baseType="float"><correctResponse><value>0</value></correctResponse></responseDeclaration><responseDeclaration identifier="RESPONSE_1409561629170" cardinality="single" baseType="float"><correctResponse><value>0</value></correctResponse></responseDeclaration><responseDeclaration identifier="RESPONSE_1409561642168" cardinality="single" baseType="float"><correctResponse><value>0</value></correctResponse></responseDeclaration><outcomeDeclaration identifier="SCORE" cardinality="single" baseType="float"><defaultValue><value>0</value></defaultValue></outcomeDeclaration><outcomeDeclaration identifier="MAXSCORE" cardinality="single" baseType="float"><defaultValue><value>3</value></defaultValue></outcomeDeclaration><outcomeDeclaration identifier="FEEDBACKBASIC" cardinality="single" baseType="identifier" view="testConstructor"><defaultValue><value>empty</value></defaultValue></outcomeDeclaration><outcomeDeclaration identifier="FEEDBACKMODAL" cardinality="multiple" baseType="identifier" view="testConstructor" /><templateDeclaration identifier="a1" cardinality="single" baseType="integer" /><templateDeclaration identifier="b1" cardinality="single" baseType="integer" /><templateDeclaration identifier="b2" cardinality="single" baseType="integer" /><templateDeclaration identifier="c1" cardinality="single" baseType="integer" /><templateDeclaration identifier="exp1" cardinality="single" baseType="integer" /><templateDeclaration identifier="exp2" cardinality="single" baseType="integer" /><templateDeclaration identifier="l" cardinality="single" baseType="integer" /><templateDeclaration identifier="m" cardinality="single" baseType="integer" /><templateDeclaration identifier="n" cardinality="single" baseType="integer" /><templateDeclaration identifier="exp1a1" cardinality="single" baseType="integer" /><templateDeclaration identifier="exp1b1" cardinality="single" baseType="integer" /><templateDeclaration identifier="exp2b2" cardinality="single" baseType="integer" /><templateDeclaration identifier="exp1c1" cardinality="single" baseType="integer" /><templateDeclaration identifier="exp2h" cardinality="single" baseType="integer" /><templateProcessing><setTemplateValue identifier="a1"><randomInteger min="2" max="4" /></setTemplateValue><setTemplateValue identifier="b1"><randomInteger min="2" max="3" /></setTemplateValue><setTemplateValue identifier="b2"><randomInteger min="2" max="4" /></setTemplateValue><setTemplateValue identifier="c1"><randomInteger min="2" max="5" /></setTemplateValue><setTemplateValue identifier="exp1"><randomInteger min="2" max="4" /></setTemplateValue><setTemplateValue identifier="exp2"><randomInteger min="4" max="8" step="2" /></setTemplateValue><setTemplateValue identifier="l"><customOperator definition="MAXIMA" value="float($(1)*$(2)+$(3));"><variable identifier="exp1" /><variable identifier="a1" /><variable identifier="exp2" /></customOperator></setTemplateValue><setTemplateValue identifier="m"><customOperator definition="MAXIMA" value="float($(1)*$(2)+$(3)*$(4));"><variable identifier="exp1" /><variable identifier="b1" /><variable identifier="exp2" /><variable identifier="b2" /></customOperator></setTemplateValue><setTemplateValue identifier="n"><customOperator definition="MAXIMA" value="float($(1)*$(2)-$(3)/2);"><variable identifier="exp1" /><variable identifier="c1" /><variable identifier="exp2" /></customOperator></setTemplateValue><setTemplateValue identifier="exp1a1"><customOperator definition="MAXIMA" value="float($(1)*$(2));"><variable identifier="exp1" /><variable identifier="a1" /></customOperator></setTemplateValue><setTemplateValue identifier="exp1b1"><customOperator definition="MAXIMA" value="float($(1)*$(2));"><variable identifier="exp1" /><variable identifier="b1" /></customOperator></setTemplateValue><setTemplateValue identifier="exp2b2"><customOperator definition="MAXIMA" value="float($(1)*$(2));"><variable identifier="exp2" /><variable identifier="b2" /></customOperator></setTemplateValue><setTemplateValue identifier="exp1c1"><customOperator definition="MAXIMA" value="float($(1)*$(2));"><variable identifier="exp1" /><variable identifier="c1" /></customOperator></setTemplateValue><setTemplateValue identifier="exp2h"><customOperator definition="MAXIMA" value="float($(1)/2);"><variable identifier="exp2" /></customOperator></setTemplateValue><setCorrectResponse identifier="RESPONSE_1409561611105"><variable identifier="l" /></setCorrectResponse><setCorrectResponse identifier="RESPONSE_1409561629170"><variable identifier="m" /></setCorrectResponse><setCorrectResponse identifier="RESPONSE_1409561642168"><variable identifier="n" /></setCorrectResponse></templateProcessing><itemBody ><p><p>Formen Sie um und ergänzen Sie die Lösung! (\(z\) sei \(\geq0\))</p><p>$$\frac{\displaystyle\left(\frac{x^<printedVariable identifier="a1" />y^<printedVariable identifier="b1" />}{z^{-<printedVariable identifier="c1" />}}\right)^{<printedVariable identifier="exp1" />}}{\displaystyle\left(\frac{y^{-<printedVariable identifier="b2" />}\sqrt z}{x}\right)^{<printedVariable identifier="exp2" />}}=\dots = \large x^l\cdot y^m\cdot z^n,$$</p><p>\(l=\) <textEntryInteraction responseIdentifier="RESPONSE_1409561611105" expectedLength="2" />, \(m=\) <textEntryInteraction responseIdentifier="RESPONSE_1409561629170" expectedLength="2" />, \(n=\) <textEntryInteraction responseIdentifier="RESPONSE_1409561642168" expectedLength="2" />.</p><p> </p></p></itemBody><responseProcessing><responseCondition><responseIf><equal toleranceMode="exact"><variable identifier="RESPONSE_1409561611105" /><correct identifier="RESPONSE_1409561611105" /></equal><setOutcomeValue identifier="SCORE"><sum><variable identifier="SCORE" /><baseValue baseType="float">1</baseValue></sum></setOutcomeValue></responseIf></responseCondition><responseCondition><responseIf><not><isNull><variable identifier="RESPONSE_1409561611105" /></isNull></not><setOutcomeValue identifier="FEEDBACKBASIC"><baseValue baseType="identifier">incorrect</baseValue></setOutcomeValue></responseIf></responseCondition><responseCondition><responseIf><equal toleranceMode="exact"><variable identifier="RESPONSE_1409561629170" /><correct identifier="RESPONSE_1409561629170" /></equal><setOutcomeValue identifier="SCORE"><sum><variable identifier="SCORE" /><baseValue baseType="float">1</baseValue></sum></setOutcomeValue></responseIf></responseCondition><responseCondition><responseIf><not><isNull><variable identifier="RESPONSE_1409561629170" /></isNull></not><setOutcomeValue identifier="FEEDBACKBASIC"><baseValue baseType="identifier">incorrect</baseValue></setOutcomeValue></responseIf></responseCondition><responseCondition><responseIf><equal toleranceMode="exact"><variable identifier="RESPONSE_1409561642168" /><correct identifier="RESPONSE_1409561642168" /></equal><setOutcomeValue identifier="SCORE"><sum><variable identifier="SCORE" /><baseValue baseType="float">1</baseValue></sum></setOutcomeValue></responseIf></responseCondition><responseCondition><responseIf><not><isNull><variable identifier="RESPONSE_1409561642168" /></isNull></not><setOutcomeValue identifier="FEEDBACKBASIC"><baseValue baseType="identifier">incorrect</baseValue></setOutcomeValue></responseIf></responseCondition><responseCondition><responseIf><and><not><match><variable identifier="FEEDBACKBASIC" /><baseValue baseType="identifier">empty</baseValue></match></not><equal toleranceMode="exact"><variable identifier="SCORE" /><variable identifier="MAXSCORE" /></equal></and><setOutcomeValue identifier="FEEDBACKBASIC"><baseValue baseType="identifier">correct</baseValue></setOutcomeValue></responseIf></responseCondition><responseCondition><responseIf><and><match><baseValue baseType="identifier">correct</baseValue><variable identifier="FEEDBACKBASIC" /></match></and><setOutcomeValue identifier="FEEDBACKMODAL"><multiple><variable identifier="FEEDBACKMODAL" /><baseValue baseType="identifier">Feedback1622801986</baseValue></multiple></setOutcomeValue></responseIf></responseCondition><responseCondition><responseIf><and><match><baseValue baseType="identifier">incorrect</baseValue><variable identifier="FEEDBACKBASIC" /></match></and><setOutcomeValue identifier="FEEDBACKMODAL"><multiple><variable identifier="FEEDBACKMODAL" /><baseValue baseType="identifier">Feedback443766020</baseValue></multiple></setOutcomeValue></responseIf></responseCondition></responseProcessing><modalFeedback  identifier="Feedback1622801986" outcomeIdentifier="FEEDBACKMODAL" showHide="show" title="Richtig!"><p>$$\frac{\displaystyle\left(\frac{x^<printedVariable identifier="a1" />y^<printedVariable identifier="b1" />}{z^{-<printedVariable identifier="c1" />}}\right)^{<printedVariable identifier="exp1" />}}{\displaystyle\left(\frac{y^{-<printedVariable identifier="b2" />}\sqrt z}{x}\right)^{<printedVariable identifier="exp2" />}}= \frac{x^{<printedVariable identifier="exp1a1" />}y^{<printedVariable identifier="exp1b1" />}}{z^{-<printedVariable identifier="exp1c1" />}}\cdot\frac{x^{<printedVariable identifier="exp2" />}}{z^{<printedVariable identifier="exp2h" />}y^{-<printedVariable identifier="exp2b2" />}}=x^{<printedVariable identifier="exp1a1" />+<printedVariable identifier="exp2" />}y^{<printedVariable identifier="exp1b1" />+<printedVariable identifier="exp2b2" />}z^{<printedVariable identifier="exp1c1" />-<printedVariable identifier="exp2h" />}=x^{<printedVariable identifier="l" />}y^{<printedVariable identifier="m" />}z^{<printedVariable identifier="n" />}.$$</p></modalFeedback><modalFeedback  identifier="Feedback443766020" outcomeIdentifier="FEEDBACKMODAL" showHide="show" title="Leider nicht (vollständig) richtig!"><p>$$\frac{\displaystyle\left(\frac{x^<printedVariable identifier="a1" />y^<printedVariable identifier="b1" />}{z^{-<printedVariable identifier="c1" />}}\right)^{<printedVariable identifier="exp1" />}}{\displaystyle\left(\frac{y^{-<printedVariable identifier="b2" />}\sqrt z}{x}\right)^{<printedVariable identifier="exp2" />}}= \frac{x^{<printedVariable identifier="exp1a1" />}y^{<printedVariable identifier="exp1b1" />}}{z^{-<printedVariable identifier="exp1c1" />}}\cdot\frac{x^{<printedVariable identifier="exp2" />}}{z^{<printedVariable identifier="exp2h" />}y^{-<printedVariable identifier="exp2b2" />}}=x^{<printedVariable identifier="exp1a1" />+<printedVariable identifier="exp2" />}y^{<printedVariable identifier="exp1b1" />+<printedVariable identifier="exp2b2" />}z^{<printedVariable identifier="exp1c1" />-<printedVariable identifier="exp2h" />}=x^{<printedVariable identifier="l" />}y^{<printedVariable identifier="m" />}z^{<printedVariable identifier="n" />}.$$</p></modalFeedback></assessmentItem>
