<?xml version="1.0" encoding="UTF-8"?>
<assessmentItem xmlns="http://www.imsglobal.org/xsd/imsqti_v2p1" xmlns:xsi="http://www.w3.org/2001/XMLSchema-instance" xsi:schemaLocation="http://www.imsglobal.org/xsd/imsqti_v2p1 http://www.imsglobal.org/xsd/qti/qtiv2p1/imsqti_v2p1p1.xsd http://www.w3.org/1998/Math/MathML http://www.w3.org/Math/XMLSchema/mathml2/mathml2.xsd" identifier="id876715f0-550b-4e8a-a1aa-b56f886936ab" title="Dreisatz" adaptive="false" timeDependent="false"><responseDeclaration identifier="RESPONSE_1" cardinality="single" baseType="identifier"><correctResponse><value>id3ecfe20a-c185-4047-93c6-a1a9bc5ffa9c</value></correctResponse></responseDeclaration><outcomeDeclaration identifier="SCORE" cardinality="single" baseType="float"><defaultValue><value>0</value></defaultValue></outcomeDeclaration><outcomeDeclaration identifier="MAXSCORE" cardinality="single" baseType="float"><defaultValue><value>1</value></defaultValue></outcomeDeclaration><outcomeDeclaration identifier="FEEDBACKBASIC" cardinality="single" baseType="identifier"><defaultValue><value>empty</value></defaultValue></outcomeDeclaration><itemBody ><p>Für die Aufstellung eines Automaten zur halbautomatischen Montage von Scheibenwischersystemen brauchen 4 Schlosser 20 Tage. Ein Kunde braucht die Anlage dringend und wünscht die Aufstellung eines Automaten in 16 Tagen. Wie viele Schlosser muss der Maschinenbauunternehmer zur Verfügung stellen, um dem Wunsch seines Kunden zu entsprechen?</p><choiceInteraction responseIdentifier="RESPONSE_1" shuffle="true" maxChoices="1"><simpleChoice identifier="id3ecfe20a-c185-4047-93c6-a1a9bc5ffa9c"><p>$$5$$</p></simpleChoice><simpleChoice identifier="id5ecea786-674e-4c40-b58c-3fb51a1098a6"><p>$$6$$</p></simpleChoice><simpleChoice identifier="ida8b76438-7fa3-4a21-bef7-2b752d7cec3f"><p>$$3$$</p></simpleChoice><simpleChoice identifier="id25ff9149-fe01-41b4-8615-80aeff65eff7"><p>keine der anderen drei Antwortmöglichkeiten</p></simpleChoice></choiceInteraction></itemBody><responseProcessing><responseCondition><responseIf><isNull><variable identifier="RESPONSE_1" /></isNull><setOutcomeValue identifier="FEEDBACKBASIC"><baseValue baseType="identifier">empty</baseValue></setOutcomeValue></responseIf><responseElseIf><match><variable identifier="RESPONSE_1" /><correct identifier="RESPONSE_1" /></match><setOutcomeValue identifier="SCORE"><sum><variable identifier="SCORE" /><variable identifier="MAXSCORE" /></sum></setOutcomeValue><setOutcomeValue identifier="FEEDBACKBASIC"><baseValue baseType="identifier">correct</baseValue></setOutcomeValue></responseElseIf><responseElse><setOutcomeValue identifier="FEEDBACKBASIC"><baseValue baseType="identifier">incorrect</baseValue></setOutcomeValue></responseElse></responseCondition></responseProcessing></assessmentItem>
