<?xml version="1.0" encoding="UTF-8"?>
<assessmentItem xmlns="http://www.imsglobal.org/xsd/imsqti_v2p1" xmlns:xsi="http://www.w3.org/2001/XMLSchema-instance" xsi:schemaLocation="http://www.imsglobal.org/xsd/imsqti_v2p1 http://www.imsglobal.org/xsd/qti/qtiv2p1/imsqti_v2p1p1.xsd http://www.w3.org/1998/Math/MathML http://www.w3.org/Math/XMLSchema/mathml2/mathml2.xsd" identifier="id40290655-74e4-4184-b420-bb0a06d1bef1" title="BernoulliSubs" adaptive="false" timeDependent="false"><responseDeclaration identifier="RESPONSE_1415786965402" cardinality="single" baseType="string" /><responseDeclaration identifier="RESPONSE_6" cardinality="single" baseType="string" /><outcomeDeclaration identifier="SCORE" cardinality="single" baseType="float"><defaultValue><value>0</value></defaultValue></outcomeDeclaration><outcomeDeclaration identifier="MAXSCORE" cardinality="single" baseType="float"><defaultValue><value>2</value></defaultValue></outcomeDeclaration><outcomeDeclaration identifier="FEEDBACKBASIC" cardinality="single" baseType="identifier" view="testConstructor"><defaultValue><value>empty</value></defaultValue></outcomeDeclaration><templateDeclaration identifier="alpha" cardinality="single" baseType="integer" /><templateDeclaration identifier="beta" cardinality="single" baseType="integer" /><templateProcessing><setTemplateValue identifier="alpha"><randomInteger min="1" max="3" /></setTemplateValue><setTemplateValue identifier="beta"><randomInteger min="1" max="3" /></setTemplateValue><setCorrectResponse identifier="RESPONSE_1415786965402"><customOperator definition="VARIABLESTRING" value="y^(1/2-$(1))"><variable identifier="alpha" /></customOperator></setCorrectResponse><setCorrectResponse identifier="RESPONSE_6"><customOperator definition="VARIABLESTRING" value="(1/2-$(1))*(x^2+x^$(2)*z)"><variable identifier="alpha" /><variable identifier="beta" /></customOperator></setCorrectResponse></templateProcessing><itemBody ><p>Überführen Sie die Differentialgleichung</p><p>$$ y' = x^2 \sqrt{y}y^<printedVariable identifier="alpha" /> + y x^<printedVariable identifier="beta" />$$</p><p>durch eine möglichst einfache Substitution</p><p>\(z=F(y)=\)<textEntryInteraction responseIdentifier="RESPONSE_1415786965402" class="maxima-formula show-latex show-syntax-error" /></p><p>in eine lineare Differenzialgleichung</p><p>\(z'=\)<textEntryInteraction responseIdentifier="RESPONSE_6" class="maxima-formula show-latex show-syntax-error" />.</p></itemBody><responseProcessing><responseCondition><responseIf><customOperator definition="MAXIMA" value="is(equal(ev($(1)),ev($(2))));"><variable identifier="RESPONSE_1415786965402" /><correct identifier="RESPONSE_1415786965402" /></customOperator><setOutcomeValue identifier="SCORE"><sum><variable identifier="SCORE" /><baseValue baseType="float">1</baseValue></sum></setOutcomeValue></responseIf></responseCondition><responseCondition><responseIf><not><isNull><variable identifier="RESPONSE_1415786965402" /></isNull></not><setOutcomeValue identifier="FEEDBACKBASIC"><baseValue baseType="identifier">incorrect</baseValue></setOutcomeValue></responseIf></responseCondition><responseCondition><responseIf><customOperator definition="MAXIMA" value="is(equal(ev($(1)),ev($(2))));"><variable identifier="RESPONSE_6" /><correct identifier="RESPONSE_6" /></customOperator><setOutcomeValue identifier="SCORE"><sum><variable identifier="SCORE" /><baseValue baseType="float">1</baseValue></sum></setOutcomeValue></responseIf></responseCondition><responseCondition><responseIf><not><isNull><variable identifier="RESPONSE_6" /></isNull></not><setOutcomeValue identifier="FEEDBACKBASIC"><baseValue baseType="identifier">incorrect</baseValue></setOutcomeValue></responseIf></responseCondition><responseCondition><responseIf><and><not><match><variable identifier="FEEDBACKBASIC" /><baseValue baseType="identifier">empty</baseValue></match></not><equal toleranceMode="exact"><variable identifier="SCORE" /><variable identifier="MAXSCORE" /></equal></and><setOutcomeValue identifier="FEEDBACKBASIC"><baseValue baseType="identifier">correct</baseValue></setOutcomeValue></responseIf></responseCondition></responseProcessing></assessmentItem>
