<?xml version="1.0" encoding="UTF-8"?>
<assessmentItem xmlns="http://www.imsglobal.org/xsd/imsqti_v2p1" xmlns:xsi="http://www.w3.org/2001/XMLSchema-instance" xsi:schemaLocation="http://www.imsglobal.org/xsd/imsqti_v2p1 http://www.imsglobal.org/xsd/qti/qtiv2p1/imsqti_v2p1p1.xsd http://www.w3.org/1998/Math/MathML http://www.w3.org/Math/XMLSchema/mathml2/mathml2.xsd" identifier="id3f8d4c1a-9c19-491c-9f8e-52c6986c10bc" title="matrixdarstellungen_2x2_01" adaptive="false" timeDependent="false"><responseDeclaration identifier="RESPONSE_1" cardinality="multiple" baseType="directedPair"><correctResponse><value>idf12dffd8-361a-45f9-b541-7ca6504cea01 id40177b59-80b3-4b9b-a31c-f35b167df454</value><value>ida9d4d61e-eb1a-4467-b39d-cdbe04a0a0db id1584d2f7-4d1c-4129-8868-14e5880b514c</value><value>idee2de4f9-383d-4c1a-9036-2b905c6f984f iddb289830-cd87-4d7c-b856-578edad97918</value><value>id3c1e1b7a-cfe5-4c4e-b4cb-d21171cec611 idd5c7cdfd-fe6f-4731-a206-e7d85250f3e4</value><value>iddbf2562b-1750-4e70-ae3a-b7325db341a8 id844fa785-47fa-4cbd-b5eb-5c56c19522e6</value><value>idab9156d5-fb4a-4555-96d7-364eff07e291 idfc13748d-aafd-4fa9-bb0d-f38807243269</value></correctResponse><mapping defaultValue="0" lowerBound="0.0"><mapEntry mapKey="idab9156d5-fb4a-4555-96d7-364eff07e291 idfc13748d-aafd-4fa9-bb0d-f38807243269" mappedValue="0.5" /><mapEntry mapKey="id3c1e1b7a-cfe5-4c4e-b4cb-d21171cec611 idd5c7cdfd-fe6f-4731-a206-e7d85250f3e4" mappedValue="0.5" /><mapEntry mapKey="ida9d4d61e-eb1a-4467-b39d-cdbe04a0a0db id1584d2f7-4d1c-4129-8868-14e5880b514c" mappedValue="0.5" /><mapEntry mapKey="idee2de4f9-383d-4c1a-9036-2b905c6f984f iddb289830-cd87-4d7c-b856-578edad97918" mappedValue="0.5" /><mapEntry mapKey="iddbf2562b-1750-4e70-ae3a-b7325db341a8 id844fa785-47fa-4cbd-b5eb-5c56c19522e6" mappedValue="0.5" /><mapEntry mapKey="idf12dffd8-361a-45f9-b541-7ca6504cea01 id40177b59-80b3-4b9b-a31c-f35b167df454" mappedValue="0.5" /></mapping></responseDeclaration><outcomeDeclaration identifier="SCORE" cardinality="single" baseType="float"><defaultValue><value>0</value></defaultValue></outcomeDeclaration><outcomeDeclaration identifier="MAXSCORE" cardinality="single" baseType="float"><defaultValue><value>3</value></defaultValue></outcomeDeclaration><outcomeDeclaration identifier="FEEDBACKBASIC" cardinality="single" baseType="identifier" view="testConstructor"><defaultValue><value>empty</value></defaultValue></outcomeDeclaration><itemBody ><p>Was bewirkt die Multiplikation der Matrix \(A\in\mathbb R^{2\times 2}\) mit einem Vektor \(\vec v=\begin{pmatrix}x\\y\end{pmatrix}\in\mathbb R^2\)?</p><matchInteraction responseIdentifier="RESPONSE_1" shuffle="true" maxAssociations="0"><simpleMatchSet><simpleAssociableChoice identifier="idab9156d5-fb4a-4555-96d7-364eff07e291" fixed="false" matchMax="1"><p>\(A=\begin{pmatrix}^1/_2&amp;0\\0&amp; ^1/_2\end{pmatrix}\)</p></simpleAssociableChoice><simpleAssociableChoice identifier="id3c1e1b7a-cfe5-4c4e-b4cb-d21171cec611" fixed="false" matchMax="1"><p>\(A=\begin{pmatrix}0&amp;1\\1&amp;0\end{pmatrix}\)</p></simpleAssociableChoice><simpleAssociableChoice identifier="ida9d4d61e-eb1a-4467-b39d-cdbe04a0a0db" fixed="false" matchMax="1"><p>\(A=\begin{pmatrix}^1/_2&amp; ^1/_2\\ ^1/_2&amp; ^1/_2\end{pmatrix}\)</p></simpleAssociableChoice><simpleAssociableChoice identifier="idee2de4f9-383d-4c1a-9036-2b905c6f984f" fixed="false" matchMax="1"><p>\(\displaystyle A=\frac12\begin{pmatrix} \sqrt2&amp;- \sqrt2\\ \sqrt2&amp; \sqrt2\end{pmatrix}\)</p></simpleAssociableChoice><simpleAssociableChoice identifier="id6e98d2b8-4744-439e-868d-46f553d6db67" fixed="false" matchMax="1"><p>\(A=\begin{pmatrix}^1/_2&amp;- ^1/_2\\ ^1/_2&amp; ^1/_2\end{pmatrix}\)</p></simpleAssociableChoice><simpleAssociableChoice identifier="id93441a10-b25c-494d-90d7-66a750e5350e" fixed="false" matchMax="1"><p>\(A=\begin{pmatrix}^1/_2&amp;^1/_2\\0&amp;^1/_2\end{pmatrix}\)</p></simpleAssociableChoice><simpleAssociableChoice identifier="id3977c73d-a22f-4ba3-976c-cf6569c0ac01" fixed="false" matchMax="1"><p>\(A=\begin{pmatrix}0&amp;0\\0&amp;-1\end{pmatrix}\)</p></simpleAssociableChoice><simpleAssociableChoice identifier="id562dcd6e-a75a-4dbe-96fe-179fd564245e" fixed="false" matchMax="1"><p>\(A=\begin{pmatrix}1&amp;1\\1&amp;1\end{pmatrix}\)</p></simpleAssociableChoice><simpleAssociableChoice identifier="iddbf2562b-1750-4e70-ae3a-b7325db341a8" fixed="false" matchMax="1"><p>\(A=\begin{pmatrix}-1&amp;0\\0&amp;1\end{pmatrix}\)</p></simpleAssociableChoice><simpleAssociableChoice identifier="idf12dffd8-361a-45f9-b541-7ca6504cea01" fixed="false" matchMax="1"><p>\(A=\begin{pmatrix}1&amp;0\\0&amp;-1\end{pmatrix}\)</p></simpleAssociableChoice></simpleMatchSet><simpleMatchSet><simpleAssociableChoice identifier="idfc13748d-aafd-4fa9-bb0d-f38807243269" fixed="false" matchMax="1"><p>Skalierung der Komponenten von \(\vec v\)</p></simpleAssociableChoice><simpleAssociableChoice identifier="idd5c7cdfd-fe6f-4731-a206-e7d85250f3e4" fixed="false" matchMax="1"><p>Spiegelung an der Geraden \(x=y\)</p></simpleAssociableChoice><simpleAssociableChoice identifier="id1584d2f7-4d1c-4129-8868-14e5880b514c" fixed="false" matchMax="1"><p>Projektion auf die Gerade \(x=y\)</p></simpleAssociableChoice><simpleAssociableChoice identifier="iddb289830-cd87-4d7c-b856-578edad97918" fixed="false" matchMax="1"><p>Rotation um den Koordinatenursprung</p></simpleAssociableChoice><simpleAssociableChoice identifier="id844fa785-47fa-4cbd-b5eb-5c56c19522e6" fixed="false" matchMax="1"><p>Spiegelung an der \(y\)-Achse</p></simpleAssociableChoice><simpleAssociableChoice identifier="id40177b59-80b3-4b9b-a31c-f35b167df454" fixed="false" matchMax="1"><p>Spiegelung an der Geraden \(y=0\)</p></simpleAssociableChoice></simpleMatchSet></matchInteraction></itemBody><responseProcessing><responseCondition><responseIf><not><isNull><variable identifier="RESPONSE_1" /></isNull></not><setOutcomeValue identifier="SCORE"><sum><variable identifier="SCORE" /><mapResponse identifier="RESPONSE_1" /></sum></setOutcomeValue><setOutcomeValue identifier="FEEDBACKBASIC"><baseValue baseType="identifier">incorrect</baseValue></setOutcomeValue></responseIf></responseCondition><responseCondition><responseIf><and><not><match><variable identifier="FEEDBACKBASIC" /><baseValue baseType="identifier">empty</baseValue></match></not><equal toleranceMode="exact"><variable identifier="SCORE" /><variable identifier="MAXSCORE" /></equal></and><setOutcomeValue identifier="FEEDBACKBASIC"><baseValue baseType="identifier">correct</baseValue></setOutcomeValue></responseIf></responseCondition></responseProcessing></assessmentItem>
