<?xml version="1.0" encoding="UTF-8"?>
<assessmentItem xmlns="http://www.imsglobal.org/xsd/imsqti_v2p1" xmlns:xsi="http://www.w3.org/2001/XMLSchema-instance" xsi:schemaLocation="http://www.imsglobal.org/xsd/imsqti_v2p1 http://www.imsglobal.org/xsd/qti/qtiv2p1/imsqti_v2p1p1.xsd http://www.w3.org/1998/Math/MathML http://www.w3.org/Math/XMLSchema/mathml2/mathml2.xsd" identifier="idbbb9fa5d-0f15-408d-88f3-9c3ff816ad77" title="Stationäre Punkte" adaptive="false" timeDependent="false"><responseDeclaration identifier="RESPONSE" cardinality="single" baseType="float"><correctResponse><value>0</value></correctResponse></responseDeclaration><responseDeclaration identifier="RESPONSE_1389010090965" cardinality="single" baseType="float"><correctResponse><value>0</value></correctResponse></responseDeclaration><responseDeclaration identifier="RESPONSE_1389010107688" cardinality="single" baseType="float"><correctResponse><value>0</value></correctResponse></responseDeclaration><responseDeclaration identifier="RESPONSE_1389010124991" cardinality="single" baseType="float"><correctResponse><value>0</value></correctResponse></responseDeclaration><outcomeDeclaration identifier="SCORE" cardinality="single" baseType="float"><defaultValue><value>0</value></defaultValue></outcomeDeclaration><outcomeDeclaration identifier="MAXSCORE" cardinality="single" baseType="float"><defaultValue><value>6</value></defaultValue></outcomeDeclaration><outcomeDeclaration identifier="FEEDBACKBASIC" cardinality="single" baseType="identifier" view="testConstructor"><defaultValue><value>empty</value></defaultValue></outcomeDeclaration><outcomeDeclaration identifier="FEEDBACKMODAL" cardinality="multiple" baseType="identifier" view="testConstructor" /><templateDeclaration identifier="c" cardinality="single" baseType="integer" /><templateDeclaration identifier="p1" cardinality="single" baseType="integer" /><templateDeclaration identifier="x2" cardinality="single" baseType="float" /><templateDeclaration identifier="y2" cardinality="single" baseType="float" /><templateDeclaration identifier="d" cardinality="single" baseType="float" /><templateProcessing><setTemplateValue identifier="c"><randomInteger min="-4" max="4" /></setTemplateValue><templateCondition><templateIf><match><variable identifier="c" /><baseValue baseType="integer">0</baseValue></match><setTemplateValue identifier="c"><randomInteger min="-1" max="-1" /></setTemplateValue></templateIf></templateCondition><setTemplateValue identifier="p1"><randomInteger min="0" max="0" /></setTemplateValue><setTemplateValue identifier="x2"><customOperator definition="MAXIMA" value="float(3*$(1));"><variable identifier="c" /></customOperator></setTemplateValue><setTemplateValue identifier="y2"><customOperator definition="MAXIMA" value="float(-18*($(1))^2);"><variable identifier="c" /></customOperator></setTemplateValue><setTemplateValue identifier="d"><customOperator definition="MAXIMA" value="float(4*$(1));"><variable identifier="c" /></customOperator></setTemplateValue><setCorrectResponse identifier="RESPONSE"><variable identifier="p1" /></setCorrectResponse><setCorrectResponse identifier="RESPONSE_1389010090965"><variable identifier="p1" /></setCorrectResponse><setCorrectResponse identifier="RESPONSE_1389010107688"><variable identifier="x2" /></setCorrectResponse><setCorrectResponse identifier="RESPONSE_1389010124991"><variable identifier="y2" /></setCorrectResponse></templateProcessing><itemBody ><p><p><strong>Berechne alle stationären Punkte für die  Funktion, \(f:R^2 \rightarrow R\) mit  \( f(x,y) = 2 \cdot x^3 + 3 x y + \frac{1}{<printedVariable xmlns="http://www.imsglobal.org/xsd/imsqti_v2p1" identifier="d" />}  y^2\). Gib die Lösungen in aufsteigender Reihenfolge an, wobei die x-Koordinate jeweils Vorrang hat, z.B. (1, 3) vor (2,1).</strong></p><p> </p><p><strong>Stationäre Punkte sind die folgenden Punkte ( x, y ) :</strong></p><p><strong>\(P_1 = (x_1, y_1) \) mit \(x_1\) = <textEntryInteraction responseIdentifier="RESPONSE" />,  \(y_1\) = <textEntryInteraction responseIdentifier="RESPONSE_1389010090965" /> sowie</strong></p><p><strong>\(P_2 = (x_2, y_2) \) mit \(x_2\) = <textEntryInteraction responseIdentifier="RESPONSE_1389010107688" />,  \(y_2\) = <textEntryInteraction responseIdentifier="RESPONSE_1389010124991" /></strong></p></p></itemBody><responseProcessing><responseCondition><responseIf><equal toleranceMode="exact"><variable identifier="RESPONSE" /><correct identifier="RESPONSE" /></equal><setOutcomeValue identifier="SCORE"><sum><variable identifier="SCORE" /><baseValue baseType="float">1</baseValue></sum></setOutcomeValue></responseIf></responseCondition><responseCondition><responseIf><not><isNull><variable identifier="RESPONSE" /></isNull></not><setOutcomeValue identifier="FEEDBACKBASIC"><baseValue baseType="identifier">incorrect</baseValue></setOutcomeValue></responseIf></responseCondition><responseCondition><responseIf><equal toleranceMode="exact"><variable identifier="RESPONSE_1389010090965" /><correct identifier="RESPONSE_1389010090965" /></equal><setOutcomeValue identifier="SCORE"><sum><variable identifier="SCORE" /><baseValue baseType="float">1</baseValue></sum></setOutcomeValue></responseIf></responseCondition><responseCondition><responseIf><not><isNull><variable identifier="RESPONSE_1389010090965" /></isNull></not><setOutcomeValue identifier="FEEDBACKBASIC"><baseValue baseType="identifier">incorrect</baseValue></setOutcomeValue></responseIf></responseCondition><responseCondition><responseIf><equal toleranceMode="exact"><variable identifier="RESPONSE_1389010107688" /><correct identifier="RESPONSE_1389010107688" /></equal><setOutcomeValue identifier="SCORE"><sum><variable identifier="SCORE" /><baseValue baseType="float">2</baseValue></sum></setOutcomeValue></responseIf></responseCondition><responseCondition><responseIf><not><isNull><variable identifier="RESPONSE_1389010107688" /></isNull></not><setOutcomeValue identifier="FEEDBACKBASIC"><baseValue baseType="identifier">incorrect</baseValue></setOutcomeValue></responseIf></responseCondition><responseCondition><responseIf><equal toleranceMode="exact"><variable identifier="RESPONSE_1389010124991" /><correct identifier="RESPONSE_1389010124991" /></equal><setOutcomeValue identifier="SCORE"><sum><variable identifier="SCORE" /><baseValue baseType="float">2</baseValue></sum></setOutcomeValue></responseIf></responseCondition><responseCondition><responseIf><not><isNull><variable identifier="RESPONSE_1389010124991" /></isNull></not><setOutcomeValue identifier="FEEDBACKBASIC"><baseValue baseType="identifier">incorrect</baseValue></setOutcomeValue></responseIf></responseCondition><responseCondition><responseIf><and><not><match><variable identifier="FEEDBACKBASIC" /><baseValue baseType="identifier">empty</baseValue></match></not><equal toleranceMode="exact"><variable identifier="SCORE" /><variable identifier="MAXSCORE" /></equal></and><setOutcomeValue identifier="FEEDBACKBASIC"><baseValue baseType="identifier">correct</baseValue></setOutcomeValue></responseIf></responseCondition><responseCondition><responseIf><and><match><baseValue baseType="identifier">correct</baseValue><variable identifier="FEEDBACKBASIC" /></match></and><setOutcomeValue identifier="FEEDBACKMODAL"><multiple><variable identifier="FEEDBACKMODAL" /><baseValue baseType="identifier">Feedback52314218</baseValue></multiple></setOutcomeValue></responseIf></responseCondition><responseCondition><responseIf><and><match><baseValue baseType="identifier">incorrect</baseValue><variable identifier="FEEDBACKBASIC" /></match></and><setOutcomeValue identifier="FEEDBACKMODAL"><multiple><variable identifier="FEEDBACKMODAL" /><baseValue baseType="identifier">Feedback924250303</baseValue></multiple></setOutcomeValue></responseIf></responseCondition></responseProcessing><modalFeedback  identifier="Feedback52314218" outcomeIdentifier="FEEDBACKMODAL" showHide="show"><p><strong>Gut. </strong></p></modalFeedback><modalFeedback  identifier="Feedback924250303" outcomeIdentifier="FEEDBACKMODAL" showHide="show"><p><strong>Musterlösung:</strong></p><p><strong>\(P= (x ; y)\) ist stationär genau dann wenn \(f_x(P) = f_y(P)=0\) gilt.</strong></p><p><strong>Wir betrachten die Funktion \(f:R^2 \rightarrow R\) mit  \( f(x,y) = 2 \cdot x^3 + 3 x y + \frac{1}<printedVariable xmlns="http://www.imsglobal.org/xsd/imsqti_v2p1" identifier="c" />  y^2\) mit einer Konstante \(c \not = 0 \).</strong></p><p><strong>Dann ist \(f_x(x,y) = 6x^2 +3y\) und \(f_y(x,y) = 3x + \frac{2}<printedVariable xmlns="http://www.imsglobal.org/xsd/imsqti_v2p1" identifier="c" />y\). Nullsetzen liefert die beiden  Gleichungen I und II:</strong></p><p><strong>I: \(6 x^2 + 3y = 0  \quad \quad \Longleftrightarrow   y = - 2x^2\) </strong></p><p><strong>II: \(3x +\frac{2}<printedVariable xmlns="http://www.imsglobal.org/xsd/imsqti_v2p1" identifier="c" />y=0\)   Setzt man hier  \(y = - 2x^2\) aus I ein, so erhalten wir</strong></p><p><strong>III: \(3x +\frac{-4}<printedVariable xmlns="http://www.imsglobal.org/xsd/imsqti_v2p1" identifier="c" />x^2=0  \quad \Longleftrightarrow  x(3-\frac{4x}<printedVariable xmlns="http://www.imsglobal.org/xsd/imsqti_v2p1" identifier="c" />)=0\).</strong></p><p><strong>Hieraus lesen wir \(x_1=0\) und \(x_2= \frac{3c}{4}\) ab. Einsetzten in I liefert</strong></p><p><strong>\(y_1=0\) und \( y_2 =  \frac{-9}{8} c^2\).   Somit sind die stationären Punkte die beiden Punkte \(P_1=(0,0)\) und \(P_2=  (\frac{3c}{4}, \frac{-9}{8} c^2)  \).</strong></p><p><strong> </strong></p><p><strong> </strong></p><p><strong> </strong></p><p><strong> </strong></p><p><strong> </strong></p></modalFeedback></assessmentItem>
