<?xml version="1.0" encoding="UTF-8"?>
<assessmentItem xmlns="http://www.imsglobal.org/xsd/imsqti_v2p1" xmlns:xsi="http://www.w3.org/2001/XMLSchema-instance" xsi:schemaLocation="http://www.imsglobal.org/xsd/imsqti_v2p1 http://www.imsglobal.org/xsd/qti/qtiv2p1/imsqti_v2p1p1.xsd http://www.w3.org/1998/Math/MathML http://www.w3.org/Math/XMLSchema/mathml2/mathml2.xsd" identifier="id49bc5da3-eaaf-4b1b-9370-29ccc5062b69" title="IntegrierenderFaktor" adaptive="false" timeDependent="false"><responseDeclaration identifier="RESPONSE_1416213308621" cardinality="single" baseType="string" /><outcomeDeclaration identifier="SCORE" cardinality="single" baseType="float"><defaultValue><value>0</value></defaultValue></outcomeDeclaration><outcomeDeclaration identifier="MAXSCORE" cardinality="single" baseType="float"><defaultValue><value>2</value></defaultValue></outcomeDeclaration><outcomeDeclaration identifier="FEEDBACKBASIC" cardinality="single" baseType="identifier" view="testConstructor"><defaultValue><value>empty</value></defaultValue></outcomeDeclaration><templateProcessing><setCorrectResponse identifier="RESPONSE_1416213308621"><customOperator definition="VARIABLESTRING" value="exp(x)" /></setCorrectResponse></templateProcessing><itemBody ><p>Bestimmen Sie zu der Differenzialgleichungen</p><p>$$\dot x = - \frac{2t}{t^2-e^{-x}}$$</p><p>den integrierender Faktor \(\mu(x)=\)<textEntryInteraction responseIdentifier="RESPONSE_1416213308621" class="maxima-formula show-latex show-syntax-error" /> mit \(\mu(0)=1\).</p><p>Hinweis: Verwenden Sie bitte Maxima Syntax, d.h.</p><ul><li>* für Multiplikation</li><li>%e, %pi für Konstanten</li><li>sin(x), cos(x), log(x) für Funktionen</li></ul><p> </p><p> </p></itemBody><responseProcessing><responseCondition><responseIf><customOperator definition="MAXIMA" value="is(equal(ev($(1)),ev($(2))));"><variable identifier="RESPONSE_1416213308621" /><correct identifier="RESPONSE_1416213308621" /></customOperator><setOutcomeValue identifier="SCORE"><sum><variable identifier="SCORE" /><baseValue baseType="float">2</baseValue></sum></setOutcomeValue></responseIf></responseCondition><responseCondition><responseIf><not><isNull><variable identifier="RESPONSE_1416213308621" /></isNull></not><setOutcomeValue identifier="FEEDBACKBASIC"><baseValue baseType="identifier">incorrect</baseValue></setOutcomeValue></responseIf></responseCondition><responseCondition><responseIf><and><not><match><variable identifier="FEEDBACKBASIC" /><baseValue baseType="identifier">empty</baseValue></match></not><equal toleranceMode="exact"><variable identifier="SCORE" /><variable identifier="MAXSCORE" /></equal></and><setOutcomeValue identifier="FEEDBACKBASIC"><baseValue baseType="identifier">correct</baseValue></setOutcomeValue></responseIf></responseCondition></responseProcessing></assessmentItem>
