<?xml version="1.0" encoding="UTF-8"?>
<assessmentItem xmlns="http://www.imsglobal.org/xsd/imsqti_v2p1" xmlns:xsi="http://www.w3.org/2001/XMLSchema-instance" xsi:schemaLocation="http://www.imsglobal.org/xsd/imsqti_v2p1 http://www.imsglobal.org/xsd/qti/qtiv2p1/imsqti_v2p1p1.xsd http://www.w3.org/1998/Math/MathML http://www.w3.org/Math/XMLSchema/mathml2/mathml2.xsd" identifier="id80b3a441-e5f2-4e2d-bc3d-2c5b9181b476" title="IntFaktorTyp" adaptive="false" timeDependent="false"><responseDeclaration identifier="RESPONSE_1" cardinality="multiple" baseType="directedPair"><correctResponse><value>id0d769ef1-c544-46f6-bd02-904c1bfc96fc id4572fc20-bde8-464c-a557-acf7d32205ac</value><value>id51f3214b-00af-4843-9ecf-7ad6c0802248 id3b44d07f-ef4e-4519-bc33-04b8b97efb57</value><value>id33361f65-94ed-483b-8f68-efaa441effc0 id39b9fbdd-a769-4cfe-bd48-53db1c8afeae</value><value>id819d0e07-fbc6-4480-80d2-76f1fb0012c7 idf9ba89e6-a566-4aaa-8866-ac6d32e4231f</value></correctResponse><mapping defaultValue="0" lowerBound="0.0"><mapEntry mapKey="id33361f65-94ed-483b-8f68-efaa441effc0 id39b9fbdd-a769-4cfe-bd48-53db1c8afeae" mappedValue="0.5" /><mapEntry mapKey="id51f3214b-00af-4843-9ecf-7ad6c0802248 id3b44d07f-ef4e-4519-bc33-04b8b97efb57" mappedValue="0.5" /><mapEntry mapKey="id819d0e07-fbc6-4480-80d2-76f1fb0012c7 idf9ba89e6-a566-4aaa-8866-ac6d32e4231f" mappedValue="0.5" /><mapEntry mapKey="id0d769ef1-c544-46f6-bd02-904c1bfc96fc id4572fc20-bde8-464c-a557-acf7d32205ac" mappedValue="0.5" /></mapping></responseDeclaration><outcomeDeclaration identifier="SCORE" cardinality="single" baseType="float"><defaultValue><value>0</value></defaultValue></outcomeDeclaration><outcomeDeclaration identifier="MAXSCORE" cardinality="single" baseType="float"><defaultValue><value>2</value></defaultValue></outcomeDeclaration><outcomeDeclaration identifier="FEEDBACKBASIC" cardinality="single" baseType="identifier" view="testConstructor"><defaultValue><value>empty</value></defaultValue></outcomeDeclaration><templateDeclaration identifier="alpha" cardinality="single" baseType="integer" /><templateDeclaration identifier="beta" cardinality="single" baseType="integer" /><templateDeclaration identifier="gamma" cardinality="single" baseType="integer" /><templateDeclaration identifier="delta" cardinality="single" baseType="integer" /><templateProcessing><setTemplateValue identifier="alpha"><randomInteger min="1" max="5" /></setTemplateValue><setTemplateValue identifier="beta"><randomInteger min="1" max="5" /></setTemplateValue><setTemplateValue identifier="gamma"><randomInteger min="1" max="5" /></setTemplateValue><setTemplateValue identifier="delta"><randomInteger min="1" max="5" /></setTemplateValue></templateProcessing><itemBody ><p>Ordnen Sie den folgenden Differenzialgleichungen jeweils den passenden Ansatz für einen integrierenden Faktor zu.</p><matchInteraction responseIdentifier="RESPONSE_1" shuffle="true" maxAssociations="0"><simpleMatchSet><simpleAssociableChoice identifier="id33361f65-94ed-483b-8f68-efaa441effc0" fixed="false" matchMax="1"><p>\(x^2-3y^2\) + 2 x y y ' = 0</p></simpleAssociableChoice><simpleAssociableChoice identifier="id51f3214b-00af-4843-9ecf-7ad6c0802248" fixed="false" matchMax="1"><p>\(2x+(x^2+e^{-y})y' =0\)</p></simpleAssociableChoice><simpleAssociableChoice identifier="id819d0e07-fbc6-4480-80d2-76f1fb0012c7" fixed="false" matchMax="1"><p>\( \sin(x+y) + 2x \cos(x+y) + \frac{y'}{\sin(x+y)} + 2 \cos(x+y) y' \)</p></simpleAssociableChoice><simpleAssociableChoice identifier="id0d769ef1-c544-46f6-bd02-904c1bfc96fc" fixed="false" matchMax="1"><p>\((<printedVariable identifier="alpha" /> x - <printedVariable identifier="beta" />)y + (<printedVariable identifier="gamma" />y-<printedVariable identifier="delta" />)y' \)</p></simpleAssociableChoice></simpleMatchSet><simpleMatchSet><simpleAssociableChoice identifier="id39b9fbdd-a769-4cfe-bd48-53db1c8afeae" fixed="false" matchMax="1"><p>\(\mu(x)\)</p></simpleAssociableChoice><simpleAssociableChoice identifier="id3b44d07f-ef4e-4519-bc33-04b8b97efb57" fixed="false" matchMax="1"><p>\(\mu(y)\)</p></simpleAssociableChoice><simpleAssociableChoice identifier="idf9ba89e6-a566-4aaa-8866-ac6d32e4231f" fixed="false" matchMax="1"><p>\(\mu(x+y)\)</p></simpleAssociableChoice><simpleAssociableChoice identifier="id4572fc20-bde8-464c-a557-acf7d32205ac" fixed="false" matchMax="1"><p>\(\mu(xy)\)</p></simpleAssociableChoice></simpleMatchSet></matchInteraction></itemBody><responseProcessing><responseCondition><responseIf><not><isNull><variable identifier="RESPONSE_1" /></isNull></not><setOutcomeValue identifier="SCORE"><sum><variable identifier="SCORE" /><mapResponse identifier="RESPONSE_1" /></sum></setOutcomeValue><setOutcomeValue identifier="FEEDBACKBASIC"><baseValue baseType="identifier">incorrect</baseValue></setOutcomeValue></responseIf></responseCondition><responseCondition><responseIf><and><not><match><variable identifier="FEEDBACKBASIC" /><baseValue baseType="identifier">empty</baseValue></match></not><equal toleranceMode="exact"><variable identifier="SCORE" /><variable identifier="MAXSCORE" /></equal></and><setOutcomeValue identifier="FEEDBACKBASIC"><baseValue baseType="identifier">correct</baseValue></setOutcomeValue></responseIf></responseCondition></responseProcessing></assessmentItem>
