<?xml version="1.0" encoding="UTF-8"?>
<assessmentItem xmlns="http://www.imsglobal.org/xsd/imsqti_v2p1" xmlns:xsi="http://www.w3.org/2001/XMLSchema-instance" xsi:schemaLocation="http://www.imsglobal.org/xsd/imsqti_v2p1 http://www.imsglobal.org/xsd/qti/qtiv2p1/imsqti_v2p1p1.xsd http://www.w3.org/1998/Math/MathML http://www.w3.org/Math/XMLSchema/mathml2/mathml2.xsd" identifier="id104c4329-d29d-471e-bed3-eefc37bdf642" title="fallunterscheidung_betrag_01" adaptive="false" timeDependent="false"><responseDeclaration identifier="RESPONSE_1422605740892_53497" cardinality="single" baseType="string" /><responseDeclaration identifier="RESPONSE_1422605881883" cardinality="single" baseType="string" /><responseDeclaration identifier="RESPONSE_1422605855223" cardinality="single" baseType="string" /><outcomeDeclaration identifier="SCORE" cardinality="single" baseType="float"><defaultValue><value>0</value></defaultValue></outcomeDeclaration><outcomeDeclaration identifier="MAXSCORE" cardinality="single" baseType="float"><defaultValue><value>3</value></defaultValue></outcomeDeclaration><outcomeDeclaration identifier="FEEDBACKBASIC" cardinality="single" baseType="identifier" view="testConstructor"><defaultValue><value>empty</value></defaultValue></outcomeDeclaration><outcomeDeclaration identifier="FEEDBACKMODAL" cardinality="multiple" baseType="identifier" view="testConstructor" /><templateDeclaration identifier="abs" cardinality="single" baseType="integer" /><templateDeclaration identifier="sign" cardinality="single" baseType="integer" /><templateDeclaration identifier="a" cardinality="single" baseType="integer" /><templateDeclaration identifier="b" cardinality="single" baseType="integer" /><templateDeclaration identifier="bx-a" cardinality="single" baseType="string" /><templateDeclaration identifier="a-bx" cardinality="single" baseType="string" /><templateDeclaration identifier="texa" cardinality="single" baseType="string" /><templateProcessing><setTemplateValue identifier="abs"><randomInteger min="1" max="9" step="2" /></setTemplateValue><setTemplateValue identifier="sign"><random><multiple><baseValue baseType="integer">-1</baseValue><baseValue baseType="integer">1</baseValue></multiple></random></setTemplateValue><setTemplateValue identifier="a"><customOperator definition="MAXIMA" value="float($(1)*$(2));"><variable identifier="sign" /><variable identifier="abs" /></customOperator></setTemplateValue><setTemplateValue identifier="b"><randomInteger min="2" max="8" step="2" /></setTemplateValue><setTemplateValue identifier="bx-a"><customOperator definition="MAXIMA" value="tex1($(1)*x-$(2))"><variable identifier="b" /><variable identifier="a" /></customOperator></setTemplateValue><setTemplateValue identifier="a-bx"><customOperator definition="MAXIMA" value="tex1($(1)-$(2)*x)"><variable identifier="a" /><variable identifier="b" /></customOperator></setTemplateValue><setTemplateValue identifier="texa"><customOperator definition="MAXIMA" value="tex1($(1)/$(2))"><variable identifier="a" /><variable identifier="b" /></customOperator></setTemplateValue><setCorrectResponse identifier="RESPONSE_1422605740892_53497"><customOperator definition="VARIABLESTRING" value="$(2)*x-$(1)"><variable identifier="a" /><variable identifier="b" /></customOperator></setCorrectResponse><setCorrectResponse identifier="RESPONSE_1422605881883"><customOperator definition="VARIABLESTRING" value="$(1)-$(2)*x"><variable identifier="a" /><variable identifier="b" /></customOperator></setCorrectResponse><setCorrectResponse identifier="RESPONSE_1422605855223"><customOperator definition="VARIABLESTRING" value="$(1)/$(2)"><variable identifier="a" /><variable identifier="b" /></customOperator></setCorrectResponse></templateProcessing><itemBody ><p>Lösen Sie den Betrag auf und ergänzen Sie entsprechend die folgende Fallunterscheidung!</p><table><tbody><tr><td><p>$$|<printedVariable identifier="bx-a" />|=$$ <textEntryInteraction responseIdentifier="RESPONSE_1422605740892_53497" expectedLength="3" class="maxima-formula show-latex" /> für $$x\geq a$$</p>
$$|<printedVariable identifier="bx-a" />|=$$ <textEntryInteraction responseIdentifier="RESPONSE_1422605881883" expectedLength="3" class="maxima-formula show-latex" /> für $$x&lt;a$$</td><td>       mit $$\;a=$$ <textEntryInteraction responseIdentifier="RESPONSE_1422605855223" expectedLength="3" /></td></tr></tbody></table><p><strong>Hinweise:</strong></p><ul><li><span style="font-size: 10pt;">Sie können Brüche wiefolt eingeben: \(\frac xy=\)<strong> x/y. </strong>Geben Sie bitte <strong>keine Kommazahlen</strong> ein.</span></li><li><span style="font-size: 10pt;">Multplikation: \(xy=x\cdot y=\) <strong>x*y</strong>, z.B. \(5x=\) <strong>5*x</strong>. <strong>Bitte keine Malzeichen vergessen!</strong></span></li><li><span style="font-size: 10pt;">Beispiele: \(17y-8=\) <strong>17*y - 8</strong>, \(\frac 3{10}=\) <strong>3/10</strong>.</span></li></ul></itemBody><responseProcessing><responseCondition><responseIf><customOperator definition="MAXIMA" value="is(equal(ev($(1)),ev($(2))));" caseSensitive="false"><variable identifier="RESPONSE_1422605740892_53497" /><correct identifier="RESPONSE_1422605740892_53497" /></customOperator><setOutcomeValue identifier="SCORE"><sum><variable identifier="SCORE" /><baseValue baseType="float">1</baseValue></sum></setOutcomeValue></responseIf></responseCondition><responseCondition><responseIf><not><isNull><variable identifier="RESPONSE_1422605740892_53497" /></isNull></not><setOutcomeValue identifier="FEEDBACKBASIC"><baseValue baseType="identifier">incorrect</baseValue></setOutcomeValue></responseIf></responseCondition><responseCondition><responseIf><customOperator definition="MAXIMA" value="is(equal(ev($(1)),ev($(2))));" caseSensitive="false"><variable identifier="RESPONSE_1422605881883" /><correct identifier="RESPONSE_1422605881883" /></customOperator><setOutcomeValue identifier="SCORE"><sum><variable identifier="SCORE" /><baseValue baseType="float">1</baseValue></sum></setOutcomeValue></responseIf></responseCondition><responseCondition><responseIf><not><isNull><variable identifier="RESPONSE_1422605881883" /></isNull></not><setOutcomeValue identifier="FEEDBACKBASIC"><baseValue baseType="identifier">incorrect</baseValue></setOutcomeValue></responseIf></responseCondition><responseCondition><responseIf><customOperator definition="MAXIMA" value="is(equal(ev($(1)),ev($(2))));" caseSensitive="false"><variable identifier="RESPONSE_1422605855223" /><correct identifier="RESPONSE_1422605855223" /></customOperator><setOutcomeValue identifier="SCORE"><sum><variable identifier="SCORE" /><baseValue baseType="float">1</baseValue></sum></setOutcomeValue></responseIf></responseCondition><responseCondition><responseIf><not><isNull><variable identifier="RESPONSE_1422605855223" /></isNull></not><setOutcomeValue identifier="FEEDBACKBASIC"><baseValue baseType="identifier">incorrect</baseValue></setOutcomeValue></responseIf></responseCondition><responseCondition><responseIf><and><not><match><variable identifier="FEEDBACKBASIC" /><baseValue baseType="identifier">empty</baseValue></match></not><equal toleranceMode="exact"><variable identifier="SCORE" /><variable identifier="MAXSCORE" /></equal></and><setOutcomeValue identifier="FEEDBACKBASIC"><baseValue baseType="identifier">correct</baseValue></setOutcomeValue></responseIf></responseCondition><responseCondition><responseIf><and><match><baseValue baseType="identifier">correct</baseValue><variable identifier="FEEDBACKBASIC" /></match></and><setOutcomeValue identifier="FEEDBACKMODAL"><multiple><variable identifier="FEEDBACKMODAL" /><baseValue baseType="identifier">Feedback214697429</baseValue></multiple></setOutcomeValue></responseIf></responseCondition><responseCondition><responseIf><and><match><baseValue baseType="identifier">incorrect</baseValue><variable identifier="FEEDBACKBASIC" /></match></and><setOutcomeValue identifier="FEEDBACKMODAL"><multiple><variable identifier="FEEDBACKMODAL" /><baseValue baseType="identifier">Feedback388745163</baseValue></multiple></setOutcomeValue></responseIf></responseCondition></responseProcessing><modalFeedback  identifier="Feedback214697429" outcomeIdentifier="FEEDBACKMODAL" showHide="show" title="Richtig!"><p>Der Betrag ist wiefolgt definiert.</p><p>$$|x|:=\begin{cases}x&amp;\text{für } x\geq0\\-x &amp;\text{für } x&lt;0\end{cases}.$$</p><p>Damit erhält man</p><p>$$|<printedVariable identifier="bx-a" />|=\begin{cases}<printedVariable identifier="bx-a" />&amp;\text{für } x\geq<printedVariable identifier="texa" />\\<printedVariable identifier="a-bx" /> &amp;\text{für } x&lt;<printedVariable identifier="texa" />\end{cases},$$</p><p>d.h. \[a=<printedVariable identifier="texa" />\].</p></modalFeedback><modalFeedback  identifier="Feedback388745163" outcomeIdentifier="FEEDBACKMODAL" showHide="show" title="Leider (nicht vollständig) richtig!"><p>Der Betrag ist wiefolgt definiert.</p><p>$$|x|:=\begin{cases}x&amp;\text{für } x\geq0\\-x &amp;\text{für } x&lt;0\end{cases}.$$</p><p>Damit erhält man</p><p>$$|<printedVariable identifier="bx-a" />|=\begin{cases}<printedVariable identifier="bx-a" />&amp;\text{für } x\geq<printedVariable identifier="texa" />\\<printedVariable identifier="a-bx" /> &amp;\text{für } x&lt;<printedVariable identifier="texa" />\end{cases},$$</p><p>d.h. \[a=<printedVariable identifier="texa" />\].</p></modalFeedback></assessmentItem>
