<?xml version="1.0" encoding="UTF-8"?>
<assessmentItem xmlns="http://www.imsglobal.org/xsd/imsqti_v2p1" xmlns:xsi="http://www.w3.org/2001/XMLSchema-instance" xsi:schemaLocation="http://www.imsglobal.org/xsd/imsqti_v2p1 http://www.imsglobal.org/xsd/qti/qtiv2p1/imsqti_v2p1p1.xsd http://www.w3.org/1998/Math/MathML http://www.w3.org/Math/XMLSchema/mathml2/mathml2.xsd" identifier="id72c2b519-97ec-4c4a-a732-783323f53aac" title="LGS Lösbarkeit" adaptive="false" timeDependent="false"><responseDeclaration identifier="RESPONSE_1" cardinality="multiple" baseType="directedPair"><correctResponse><value>iddf10a726-f326-4565-89fc-bd48397242b3 id1269d4d0-d69c-4e13-9b8a-5abf443963dd</value><value>id12659e21-a8b6-4f88-8eca-d03d93ec6e48 idba1f0966-b932-4ae1-91c4-191dcd5d4504</value><value>id6ca9b480-34d9-4ec0-a6c0-276fc6894db0 idf62ca9ad-18a2-4cc9-bc26-d99e3a778f87</value><value>idc4d09c0d-6d7b-4793-b886-236315f4aa5a id1269d4d0-d69c-4e13-9b8a-5abf443963dd</value><value>id3c576d8e-25e1-4fe0-9be4-9d9111d789f4 idf62ca9ad-18a2-4cc9-bc26-d99e3a778f87</value></correctResponse><mapping defaultValue="0" lowerBound="0.0"><mapEntry mapKey="iddf10a726-f326-4565-89fc-bd48397242b3 id1269d4d0-d69c-4e13-9b8a-5abf443963dd" mappedValue="1" /><mapEntry mapKey="id12659e21-a8b6-4f88-8eca-d03d93ec6e48 idba1f0966-b932-4ae1-91c4-191dcd5d4504" mappedValue="1" /><mapEntry mapKey="id6ca9b480-34d9-4ec0-a6c0-276fc6894db0 idf62ca9ad-18a2-4cc9-bc26-d99e3a778f87" mappedValue="1" /><mapEntry mapKey="idc4d09c0d-6d7b-4793-b886-236315f4aa5a id1269d4d0-d69c-4e13-9b8a-5abf443963dd" mappedValue="1" /><mapEntry mapKey="id3c576d8e-25e1-4fe0-9be4-9d9111d789f4 idf62ca9ad-18a2-4cc9-bc26-d99e3a778f87" mappedValue="1" /><mapEntry mapKey="id6ca9b480-34d9-4ec0-a6c0-276fc6894db0 idf62ca9ad-18a2-4cc9-bc26-d99e3a778f87" mappedValue="1" /><mapEntry mapKey="idc4d09c0d-6d7b-4793-b886-236315f4aa5a id1269d4d0-d69c-4e13-9b8a-5abf443963dd" mappedValue="1" /><mapEntry mapKey="id12659e21-a8b6-4f88-8eca-d03d93ec6e48 idba1f0966-b932-4ae1-91c4-191dcd5d4504" mappedValue="1" /><mapEntry mapKey="id3c576d8e-25e1-4fe0-9be4-9d9111d789f4 idf62ca9ad-18a2-4cc9-bc26-d99e3a778f87" mappedValue="1" /><mapEntry mapKey="idc4d09c0d-6d7b-4793-b886-236315f4aa5a idf62ca9ad-18a2-4cc9-bc26-d99e3a778f87" mappedValue="-1" /><mapEntry mapKey="id6ca9b480-34d9-4ec0-a6c0-276fc6894db0 id1269d4d0-d69c-4e13-9b8a-5abf443963dd" mappedValue="-1" /><mapEntry mapKey="id6ca9b480-34d9-4ec0-a6c0-276fc6894db0 idba1f0966-b932-4ae1-91c4-191dcd5d4504" mappedValue="-1" /><mapEntry mapKey="idc4d09c0d-6d7b-4793-b886-236315f4aa5a idba1f0966-b932-4ae1-91c4-191dcd5d4504" mappedValue="-1" /><mapEntry mapKey="iddf10a726-f326-4565-89fc-bd48397242b3 idf62ca9ad-18a2-4cc9-bc26-d99e3a778f87" mappedValue="-1" /><mapEntry mapKey="iddf10a726-f326-4565-89fc-bd48397242b3 idba1f0966-b932-4ae1-91c4-191dcd5d4504" mappedValue="-1" /><mapEntry mapKey="id12659e21-a8b6-4f88-8eca-d03d93ec6e48 idf62ca9ad-18a2-4cc9-bc26-d99e3a778f87" mappedValue="-1" /><mapEntry mapKey="id12659e21-a8b6-4f88-8eca-d03d93ec6e48 id1269d4d0-d69c-4e13-9b8a-5abf443963dd" mappedValue="-1" /><mapEntry mapKey="id3c576d8e-25e1-4fe0-9be4-9d9111d789f4 id1269d4d0-d69c-4e13-9b8a-5abf443963dd" mappedValue="-1" /><mapEntry mapKey="id3c576d8e-25e1-4fe0-9be4-9d9111d789f4 idba1f0966-b932-4ae1-91c4-191dcd5d4504" mappedValue="-1" /></mapping></responseDeclaration><outcomeDeclaration identifier="SCORE" cardinality="single" baseType="float"><defaultValue><value>0</value></defaultValue></outcomeDeclaration><outcomeDeclaration identifier="MAXSCORE" cardinality="single" baseType="float"><defaultValue><value>5</value></defaultValue></outcomeDeclaration><outcomeDeclaration identifier="FEEDBACKBASIC" cardinality="single" baseType="identifier" view="testConstructor"><defaultValue><value>empty</value></defaultValue></outcomeDeclaration><templateDeclaration identifier="a" cardinality="single" baseType="integer" /><templateDeclaration identifier="2a" cardinality="single" baseType="integer" /><templateDeclaration identifier="b" cardinality="single" baseType="integer" /><templateDeclaration identifier="c" cardinality="single" baseType="integer" /><templateProcessing><setTemplateValue identifier="a"><randomInteger min="2" max="9" /></setTemplateValue><setTemplateValue identifier="2a"><customOperator definition="MAXIMA" value="float(2*$(1));"><variable identifier="a" /></customOperator></setTemplateValue><setTemplateValue identifier="b"><randomInteger min="1" max="20" /></setTemplateValue><setTemplateValue identifier="c"><randomInteger min="1" max="9" /></setTemplateValue></templateProcessing><itemBody ><p>Die folgenden Gleichungssysteme besitzen</p><matchInteraction responseIdentifier="RESPONSE_1" shuffle="true" maxAssociations="0"><simpleMatchSet><simpleAssociableChoice identifier="id6ca9b480-34d9-4ec0-a6c0-276fc6894db0" fixed="false" matchMax="1"><p>$$\begin{pmatrix} 1&amp;0&amp;0\\1&amp;<printedVariable identifier="a" />&amp;1\\2&amp;<printedVariable identifier="2a" />&amp;2\end{pmatrix}\begin{pmatrix} x\\y\\z\end{pmatrix} = \begin{pmatrix}1\\<printedVariable identifier="b" />\\<printedVariable identifier="b" />\end{pmatrix}$$</p></simpleAssociableChoice><simpleAssociableChoice identifier="idc4d09c0d-6d7b-4793-b886-236315f4aa5a" fixed="false" matchMax="1"><p>$$\begin{pmatrix} 0&amp;6&amp;0\\4&amp;0&amp;0\\0&amp;0&amp;-<printedVariable identifier="a" />\end{pmatrix}\begin{pmatrix} x_1\\x_2\\x_3\end{pmatrix} = \begin{pmatrix}1\\-<printedVariable identifier="c" />\\0\end{pmatrix}$$</p></simpleAssociableChoice><simpleAssociableChoice identifier="iddf10a726-f326-4565-89fc-bd48397242b3" fixed="false" matchMax="1"><table cellspacing="0"><tbody><tr><td>$$3=<printedVariable identifier="a" />x$$</td></tr><tr><td>$$2=<printedVariable identifier="a" />x+y$$</td></tr><tr><td>$$1=5x-<printedVariable identifier="b" />y+3z$$</td></tr></tbody></table></simpleAssociableChoice><simpleAssociableChoice identifier="id12659e21-a8b6-4f88-8eca-d03d93ec6e48" fixed="false" matchMax="1"><p>$$\begin{pmatrix} <printedVariable identifier="c" />&amp;2&amp;<printedVariable identifier="b" />&amp;<printedVariable identifier="a" />\\<printedVariable identifier="c" />&amp;1&amp;<printedVariable identifier="b" />&amp;<printedVariable identifier="a" />\end{pmatrix}\begin{pmatrix} a\\b\\c\\d\end{pmatrix} = \begin{pmatrix}<printedVariable identifier="2a" />\\<printedVariable identifier="a" />\end{pmatrix}$$</p></simpleAssociableChoice><simpleAssociableChoice identifier="id3c576d8e-25e1-4fe0-9be4-9d9111d789f4" fixed="false" matchMax="1"><p>$$\begin{pmatrix} <printedVariable identifier="c" />&amp;2&amp;<printedVariable identifier="b" />&amp;<printedVariable identifier="a" />\\<printedVariable identifier="c" />&amp;2&amp;<printedVariable identifier="b" />&amp;<printedVariable identifier="a" />\end{pmatrix}\begin{pmatrix} a\\b\\c\\d\end{pmatrix} = \begin{pmatrix}<printedVariable identifier="2a" />\\<printedVariable identifier="a" />\end{pmatrix}$$</p></simpleAssociableChoice></simpleMatchSet><simpleMatchSet><simpleAssociableChoice identifier="idf62ca9ad-18a2-4cc9-bc26-d99e3a778f87" fixed="false" matchMax="0"><p>keine Lösung</p></simpleAssociableChoice><simpleAssociableChoice identifier="id1269d4d0-d69c-4e13-9b8a-5abf443963dd" fixed="false" matchMax="0"><p>genau eine Lösung</p></simpleAssociableChoice><simpleAssociableChoice identifier="idba1f0966-b932-4ae1-91c4-191dcd5d4504" fixed="false" matchMax="0"><p>unendlich viele Lösungen</p></simpleAssociableChoice></simpleMatchSet></matchInteraction></itemBody><responseProcessing><responseCondition><responseIf><not><isNull><variable identifier="RESPONSE_1" /></isNull></not><setOutcomeValue identifier="SCORE"><sum><variable identifier="SCORE" /><mapResponse identifier="RESPONSE_1" /></sum></setOutcomeValue><setOutcomeValue identifier="FEEDBACKBASIC"><baseValue baseType="identifier">incorrect</baseValue></setOutcomeValue></responseIf></responseCondition><responseCondition><responseIf><and><not><match><variable identifier="FEEDBACKBASIC" /><baseValue baseType="identifier">empty</baseValue></match></not><equal toleranceMode="exact"><variable identifier="SCORE" /><variable identifier="MAXSCORE" /></equal></and><setOutcomeValue identifier="FEEDBACKBASIC"><baseValue baseType="identifier">correct</baseValue></setOutcomeValue></responseIf></responseCondition></responseProcessing></assessmentItem>
