<?xml version="1.0" encoding="UTF-8"?>
<assessmentItem xmlns="http://www.imsglobal.org/xsd/imsqti_v2p1" xmlns:xsi="http://www.w3.org/2001/XMLSchema-instance" xsi:schemaLocation="http://www.imsglobal.org/xsd/imsqti_v2p1 http://www.imsglobal.org/xsd/qti/qtiv2p1/imsqti_v2p1p1.xsd http://www.w3.org/1998/Math/MathML http://www.w3.org/Math/XMLSchema/mathml2/mathml2.xsd" identifier="id630327b7-6fd8-4132-b4c2-503a2de309fb" title="StetigeVerteilungAllgemein" adaptive="false" timeDependent="false"><responseDeclaration identifier="RESPONSE_1401959411436" cardinality="single" baseType="float"><correctResponse><value>0</value></correctResponse></responseDeclaration><responseDeclaration identifier="RESPONSE_1401959464353" cardinality="single" baseType="float"><correctResponse><value>0.3333</value></correctResponse></responseDeclaration><outcomeDeclaration identifier="SCORE" cardinality="single" baseType="float"><defaultValue><value>0</value></defaultValue></outcomeDeclaration><outcomeDeclaration identifier="MAXSCORE" cardinality="single" baseType="float"><defaultValue><value>4</value></defaultValue></outcomeDeclaration><outcomeDeclaration identifier="FEEDBACKBASIC" cardinality="single" baseType="identifier" view="testConstructor"><defaultValue><value>empty</value></defaultValue></outcomeDeclaration><outcomeDeclaration identifier="FEEDBACKMODAL" cardinality="multiple" baseType="identifier" view="testConstructor" /><templateDeclaration identifier="b" cardinality="single" baseType="string" /><templateDeclaration identifier="d" cardinality="single" baseType="float" /><templateDeclaration identifier="p12" cardinality="single" baseType="float" /><templateProcessing><setTemplateValue identifier="b"><random><multiple><baseValue baseType="string">0.2</baseValue><baseValue baseType="string">0.1</baseValue></multiple></random></setTemplateValue><setTemplateValue identifier="d"><customOperator definition="MAXIMA" value="float((2-9*$(1))/6);"><variable identifier="b" /></customOperator></setTemplateValue><setTemplateValue identifier="p12"><customOperator definition="MAXIMA" value="float(1/3);" /></setTemplateValue><setCorrectResponse identifier="RESPONSE_1401959411436"><variable identifier="d" /></setCorrectResponse></templateProcessing><itemBody ><p><p>Sei X eine stetige Zufallsgrösse mit der Dichtefunktion</p><p style="-qt-block-indent: 0; text-indent: 0px; margin: 0px;">\[ f(x) = \left\{\begin{array}{lcl} a \cdot x + c&amp;\text{falls}&amp;0\le x \le 3,\\ 0&amp;\ \text{sonst }&amp; \end{array} \right. \]</p><p style="-qt-block-indent: 0; text-indent: 0px; margin: 0px;"> </p><p style="-qt-block-indent: 0; text-indent: 0px; margin: 0px;">mit \( a=\) <printedVariable identifier="b" /></p><p>1.)  Man berechne c und runde auf zwei Stellen nach dem Komma: c = <textEntryInteraction responseIdentifier="RESPONSE_1401959411436" expectedLength="3" /></p><p style="-qt-block-indent: 0; text-indent: 0px; margin: 0px;">2.) Man berechne \(P(1 \le X \le 2)\) = <textEntryInteraction responseIdentifier="RESPONSE_1401959464353" expectedLength="3" /> gerundet auf zwei Stellen nach dem Komma.</p><p> </p></p></itemBody><responseProcessing><responseCondition><responseIf><equal toleranceMode="absolute" tolerance="0.01 0.01" includeLowerBound="true" includeUpperBound="true"><variable identifier="RESPONSE_1401959411436" /><correct identifier="RESPONSE_1401959411436" /></equal><setOutcomeValue identifier="SCORE"><sum><variable identifier="SCORE" /><baseValue baseType="float">2</baseValue></sum></setOutcomeValue></responseIf></responseCondition><responseCondition><responseIf><not><isNull><variable identifier="RESPONSE_1401959411436" /></isNull></not><setOutcomeValue identifier="FEEDBACKBASIC"><baseValue baseType="identifier">incorrect</baseValue></setOutcomeValue></responseIf></responseCondition><responseCondition><responseIf><equal toleranceMode="absolute" tolerance="0.01 0.01" includeLowerBound="true" includeUpperBound="true"><variable identifier="RESPONSE_1401959464353" /><correct identifier="RESPONSE_1401959464353" /></equal><setOutcomeValue identifier="SCORE"><sum><variable identifier="SCORE" /><baseValue baseType="float">2</baseValue></sum></setOutcomeValue></responseIf></responseCondition><responseCondition><responseIf><not><isNull><variable identifier="RESPONSE_1401959464353" /></isNull></not><setOutcomeValue identifier="FEEDBACKBASIC"><baseValue baseType="identifier">incorrect</baseValue></setOutcomeValue></responseIf></responseCondition><responseCondition><responseIf><and><not><match><variable identifier="FEEDBACKBASIC" /><baseValue baseType="identifier">empty</baseValue></match></not><equal toleranceMode="exact"><variable identifier="SCORE" /><variable identifier="MAXSCORE" /></equal></and><setOutcomeValue identifier="FEEDBACKBASIC"><baseValue baseType="identifier">correct</baseValue></setOutcomeValue></responseIf></responseCondition><responseCondition><responseIf><and><match><baseValue baseType="identifier">incorrect</baseValue><variable identifier="FEEDBACKBASIC" /></match></and><setOutcomeValue identifier="FEEDBACKMODAL"><multiple><variable identifier="FEEDBACKMODAL" /><baseValue baseType="identifier">Feedback1080125970</baseValue></multiple></setOutcomeValue></responseIf></responseCondition></responseProcessing><modalFeedback  identifier="Feedback1080125970" outcomeIdentifier="FEEDBACKMODAL" showHide="show"><p>Lösungsshinweis:</p><p>1.) Für eine Dichtefunktion f(x) muß gelten: \( \int_{-\infty}^{\infty}f(x) \ dx = 1\) Berechne mit Hilfe dieser Normierungsbedingung c.</p></modalFeedback></assessmentItem>
