<?xml version="1.0" encoding="UTF-8"?>
<assessmentItem xmlns="http://www.imsglobal.org/xsd/imsqti_v2p1" xmlns:xsi="http://www.w3.org/2001/XMLSchema-instance" xsi:schemaLocation="http://www.imsglobal.org/xsd/imsqti_v2p1 http://www.imsglobal.org/xsd/qti/qtiv2p1/imsqti_v2p1p1.xsd http://www.w3.org/1998/Math/MathML http://www.w3.org/Math/XMLSchema/mathml2/mathml2.xsd" identifier="id8e6a157b-b87c-4501-a7bb-05867eef6776" title="Komplexe Zahlenebene Quadranten" adaptive="false" timeDependent="false"><imsqti:responseDeclaration xmlns:imsqti="http://www.imsglobal.org/xsd/imsqti_v2p1" identifier="RESPONSE_1" cardinality="multiple" baseType="directedPair"><imsqti:correctResponse><imsqti:value>id5aa52f00-1718-4989-9262-20f5c041123c id0e506f69-00d4-4021-ab6a-f45adac503ea</imsqti:value><imsqti:value>id43751c2d-b534-4269-8e79-a3f50c092ee2 idc5b37d5d-e407-42a4-80d6-096a20ad56f9</imsqti:value><imsqti:value>id43751c2d-b534-4269-8e79-a3f50c092ee2 idc5b37d5d-e407-42a4-80d6-096a20ad56f9</imsqti:value><imsqti:value>id0078145a-6bd8-4f6a-b39d-c68f74613e0e id0e506f69-00d4-4021-ab6a-f45adac503ea</imsqti:value><imsqti:value>id0078145a-6bd8-4f6a-b39d-c68f74613e0e id0e506f69-00d4-4021-ab6a-f45adac503ea</imsqti:value><imsqti:value>id606af2a9-d8ae-4d70-85f5-b873115ab5ad idc5b37d5d-e407-42a4-80d6-096a20ad56f9</imsqti:value><imsqti:value>id606af2a9-d8ae-4d70-85f5-b873115ab5ad idc5b37d5d-e407-42a4-80d6-096a20ad56f9</imsqti:value><imsqti:value>idc609e53f-8bbe-422c-8302-d16cb800acf5 id898c5105-3153-49ab-97a9-c66629563dc1</imsqti:value><imsqti:value>idc609e53f-8bbe-422c-8302-d16cb800acf5 id898c5105-3153-49ab-97a9-c66629563dc1</imsqti:value><imsqti:value>id0fe236e5-15c7-4699-a405-2e3a99f500a8 id8952b2c2-52d0-489b-b173-180496f388b1</imsqti:value><imsqti:value>id0fe236e5-15c7-4699-a405-2e3a99f500a8 id8952b2c2-52d0-489b-b173-180496f388b1</imsqti:value><imsqti:value>ide517a024-72d7-42cb-ad08-ac929486cad3 id8952b2c2-52d0-489b-b173-180496f388b1</imsqti:value><imsqti:value>ide517a024-72d7-42cb-ad08-ac929486cad3 id8952b2c2-52d0-489b-b173-180496f388b1</imsqti:value></imsqti:correctResponse><imsqti:mapping defaultValue="0" lowerBound="0.0"><imsqti:mapEntry mapKey="id5aa52f00-1718-4989-9262-20f5c041123c id0e506f69-00d4-4021-ab6a-f45adac503ea" mappedValue="1" /><imsqti:mapEntry mapKey="id43751c2d-b534-4269-8e79-a3f50c092ee2 idc5b37d5d-e407-42a4-80d6-096a20ad56f9" mappedValue="1" /><imsqti:mapEntry mapKey="id0078145a-6bd8-4f6a-b39d-c68f74613e0e id0e506f69-00d4-4021-ab6a-f45adac503ea" mappedValue="1" /><imsqti:mapEntry mapKey="id606af2a9-d8ae-4d70-85f5-b873115ab5ad idc5b37d5d-e407-42a4-80d6-096a20ad56f9" mappedValue="1" /><imsqti:mapEntry mapKey="idc609e53f-8bbe-422c-8302-d16cb800acf5 id898c5105-3153-49ab-97a9-c66629563dc1" mappedValue="1" /><imsqti:mapEntry mapKey="id0fe236e5-15c7-4699-a405-2e3a99f500a8 id8952b2c2-52d0-489b-b173-180496f388b1" mappedValue="1" /><imsqti:mapEntry mapKey="ide517a024-72d7-42cb-ad08-ac929486cad3 id8952b2c2-52d0-489b-b173-180496f388b1" mappedValue="1" /><imsqti:mapEntry mapKey="id43751c2d-b534-4269-8e79-a3f50c092ee2 idc5b37d5d-e407-42a4-80d6-096a20ad56f9" mappedValue="1" /><imsqti:mapEntry mapKey="id0078145a-6bd8-4f6a-b39d-c68f74613e0e id0e506f69-00d4-4021-ab6a-f45adac503ea" mappedValue="1" /><imsqti:mapEntry mapKey="id606af2a9-d8ae-4d70-85f5-b873115ab5ad idc5b37d5d-e407-42a4-80d6-096a20ad56f9" mappedValue="1" /><imsqti:mapEntry mapKey="idc609e53f-8bbe-422c-8302-d16cb800acf5 id898c5105-3153-49ab-97a9-c66629563dc1" mappedValue="1" /><imsqti:mapEntry mapKey="id0fe236e5-15c7-4699-a405-2e3a99f500a8 id8952b2c2-52d0-489b-b173-180496f388b1" mappedValue="1" /><imsqti:mapEntry mapKey="ide517a024-72d7-42cb-ad08-ac929486cad3 id8952b2c2-52d0-489b-b173-180496f388b1" mappedValue="1" /><imsqti:mapEntry mapKey="id5aa52f00-1718-4989-9262-20f5c041123c id8952b2c2-52d0-489b-b173-180496f388b1" mappedValue="-1" /><imsqti:mapEntry mapKey="id0fe236e5-15c7-4699-a405-2e3a99f500a8 id0e506f69-00d4-4021-ab6a-f45adac503ea" mappedValue="-1" /><imsqti:mapEntry mapKey="id0fe236e5-15c7-4699-a405-2e3a99f500a8 id898c5105-3153-49ab-97a9-c66629563dc1" mappedValue="-1" /><imsqti:mapEntry mapKey="id5aa52f00-1718-4989-9262-20f5c041123c id898c5105-3153-49ab-97a9-c66629563dc1" mappedValue="-1" /><imsqti:mapEntry mapKey="id5aa52f00-1718-4989-9262-20f5c041123c idc5b37d5d-e407-42a4-80d6-096a20ad56f9" mappedValue="-1" /><imsqti:mapEntry mapKey="id0fe236e5-15c7-4699-a405-2e3a99f500a8 idc5b37d5d-e407-42a4-80d6-096a20ad56f9" mappedValue="-1" /><imsqti:mapEntry mapKey="ide517a024-72d7-42cb-ad08-ac929486cad3 id0e506f69-00d4-4021-ab6a-f45adac503ea" mappedValue="-1" /><imsqti:mapEntry mapKey="ide517a024-72d7-42cb-ad08-ac929486cad3 id898c5105-3153-49ab-97a9-c66629563dc1" mappedValue="-1" /><imsqti:mapEntry mapKey="ide517a024-72d7-42cb-ad08-ac929486cad3 idc5b37d5d-e407-42a4-80d6-096a20ad56f9" mappedValue="-1" /><imsqti:mapEntry mapKey="id606af2a9-d8ae-4d70-85f5-b873115ab5ad id8952b2c2-52d0-489b-b173-180496f388b1" mappedValue="-1" /><imsqti:mapEntry mapKey="id606af2a9-d8ae-4d70-85f5-b873115ab5ad id0e506f69-00d4-4021-ab6a-f45adac503ea" mappedValue="-1" /><imsqti:mapEntry mapKey="id606af2a9-d8ae-4d70-85f5-b873115ab5ad id898c5105-3153-49ab-97a9-c66629563dc1" mappedValue="-1" /><imsqti:mapEntry mapKey="idc609e53f-8bbe-422c-8302-d16cb800acf5 id8952b2c2-52d0-489b-b173-180496f388b1" mappedValue="-1" /><imsqti:mapEntry mapKey="idc609e53f-8bbe-422c-8302-d16cb800acf5 id0e506f69-00d4-4021-ab6a-f45adac503ea" mappedValue="-1" /><imsqti:mapEntry mapKey="idc609e53f-8bbe-422c-8302-d16cb800acf5 idc5b37d5d-e407-42a4-80d6-096a20ad56f9" mappedValue="-1" /><imsqti:mapEntry mapKey="id43751c2d-b534-4269-8e79-a3f50c092ee2 id8952b2c2-52d0-489b-b173-180496f388b1" mappedValue="-1" /><imsqti:mapEntry mapKey="id43751c2d-b534-4269-8e79-a3f50c092ee2 id0e506f69-00d4-4021-ab6a-f45adac503ea" mappedValue="-1" /><imsqti:mapEntry mapKey="id43751c2d-b534-4269-8e79-a3f50c092ee2 id898c5105-3153-49ab-97a9-c66629563dc1" mappedValue="-1" /><imsqti:mapEntry mapKey="id0078145a-6bd8-4f6a-b39d-c68f74613e0e id898c5105-3153-49ab-97a9-c66629563dc1" mappedValue="-1" /><imsqti:mapEntry mapKey="id0078145a-6bd8-4f6a-b39d-c68f74613e0e idc5b37d5d-e407-42a4-80d6-096a20ad56f9" mappedValue="-1" /><imsqti:mapEntry mapKey="id0078145a-6bd8-4f6a-b39d-c68f74613e0e id8952b2c2-52d0-489b-b173-180496f388b1" mappedValue="-1" /></imsqti:mapping></imsqti:responseDeclaration><imsqti:outcomeDeclaration xmlns:imsqti="http://www.imsglobal.org/xsd/imsqti_v2p1" identifier="SCORE" cardinality="single" baseType="float"><imsqti:defaultValue><imsqti:value>0</imsqti:value></imsqti:defaultValue></imsqti:outcomeDeclaration><imsqti:outcomeDeclaration xmlns:imsqti="http://www.imsglobal.org/xsd/imsqti_v2p1" identifier="MAXSCORE" cardinality="single" baseType="float"><imsqti:defaultValue><imsqti:value>7</imsqti:value></imsqti:defaultValue></imsqti:outcomeDeclaration><imsqti:outcomeDeclaration xmlns:imsqti="http://www.imsglobal.org/xsd/imsqti_v2p1" identifier="FEEDBACKBASIC" cardinality="single" baseType="identifier" view="testConstructor"><imsqti:defaultValue><imsqti:value>empty</imsqti:value></imsqti:defaultValue></imsqti:outcomeDeclaration><imsqti:templateDeclaration xmlns:imsqti="http://www.imsglobal.org/xsd/imsqti_v2p1" identifier="r1" cardinality="single" baseType="integer" /><imsqti:templateDeclaration xmlns:imsqti="http://www.imsglobal.org/xsd/imsqti_v2p1" identifier="r2" cardinality="single" baseType="integer" /><imsqti:templateDeclaration xmlns:imsqti="http://www.imsglobal.org/xsd/imsqti_v2p1" identifier="i1" cardinality="single" baseType="integer" /><imsqti:templateDeclaration xmlns:imsqti="http://www.imsglobal.org/xsd/imsqti_v2p1" identifier="i2" cardinality="single" baseType="integer" /><imsqti:templateDeclaration xmlns:imsqti="http://www.imsglobal.org/xsd/imsqti_v2p1" identifier="b1" cardinality="single" baseType="integer" /><imsqti:templateDeclaration xmlns:imsqti="http://www.imsglobal.org/xsd/imsqti_v2p1" identifier="b2" cardinality="single" baseType="integer" /><imsqti:templateDeclaration xmlns:imsqti="http://www.imsglobal.org/xsd/imsqti_v2p1" identifier="p1" cardinality="single" baseType="integer" /><imsqti:templateDeclaration xmlns:imsqti="http://www.imsglobal.org/xsd/imsqti_v2p1" identifier="p02" cardinality="single" baseType="integer" /><imsqti:templateDeclaration xmlns:imsqti="http://www.imsglobal.org/xsd/imsqti_v2p1" identifier="p2" cardinality="single" baseType="float" /><imsqti:templateDeclaration xmlns:imsqti="http://www.imsglobal.org/xsd/imsqti_v2p1" identifier="p03" cardinality="single" baseType="integer" /><imsqti:templateDeclaration xmlns:imsqti="http://www.imsglobal.org/xsd/imsqti_v2p1" identifier="p3" cardinality="single" baseType="float" /><imsqti:templateProcessing xmlns:imsqti="http://www.imsglobal.org/xsd/imsqti_v2p1"><imsqti:setTemplateValue identifier="r1"><imsqti:randomInteger min="1" max="10" /></imsqti:setTemplateValue><imsqti:setTemplateValue identifier="r2"><imsqti:randomInteger min="1" max="10" /></imsqti:setTemplateValue><imsqti:setTemplateValue identifier="i1"><imsqti:randomInteger min="1" max="10" /></imsqti:setTemplateValue><imsqti:setTemplateValue identifier="i2"><imsqti:randomInteger min="1" max="10" /></imsqti:setTemplateValue><imsqti:setTemplateValue identifier="b1"><imsqti:randomInteger min="1" max="10" /></imsqti:setTemplateValue><imsqti:setTemplateValue identifier="b2"><imsqti:randomInteger min="1" max="10" /></imsqti:setTemplateValue><imsqti:setTemplateValue identifier="p1"><imsqti:randomInteger min="1" max="7" /></imsqti:setTemplateValue><imsqti:setTemplateValue identifier="p02"><imsqti:randomInteger min="151" max="199" /></imsqti:setTemplateValue><imsqti:setTemplateValue identifier="p2"><imsqti:customOperator definition="MAXIMA" value="float($(1)/100);"><imsqti:variable identifier="p02" /></imsqti:customOperator></imsqti:setTemplateValue><imsqti:setTemplateValue identifier="p03"><imsqti:randomInteger min="51" max="99" /></imsqti:setTemplateValue><imsqti:setTemplateValue identifier="p3"><imsqti:customOperator definition="MAXIMA" value="float($(1)/100);"><imsqti:variable identifier="p03" /></imsqti:customOperator></imsqti:setTemplateValue></imsqti:templateProcessing><itemBody ><p>In welchen Quadranten liegen jeweils die folgenden komplexen Zahlen?</p><matchInteraction responseIdentifier="RESPONSE_1" shuffle="true" maxAssociations="0"><simpleMatchSet><simpleAssociableChoice identifier="id0fe236e5-15c7-4699-a405-2e3a99f500a8" fixed="false" matchMax="1"><p>$$<printedVariable identifier="r1" />+<printedVariable identifier="i1" />\textbf{j}$$</p></simpleAssociableChoice><simpleAssociableChoice identifier="id5aa52f00-1718-4989-9262-20f5c041123c" fixed="false" matchMax="1"><p>$$-<printedVariable identifier="r2" />+<printedVariable identifier="i2" />\textbf{j}$$</p></simpleAssociableChoice><simpleAssociableChoice identifier="ide517a024-72d7-42cb-ad08-ac929486cad3" fixed="false" matchMax="1"><p>$$\cos \left(\frac{<printedVariable identifier="p1" />}{16}\pi\right)+\textbf{j}\sin\left(\frac{<printedVariable identifier="p1" />}{16}\pi\right)$$</p></simpleAssociableChoice><simpleAssociableChoice identifier="id606af2a9-d8ae-4d70-85f5-b873115ab5ad" fixed="false" matchMax="1"><p>$$<printedVariable identifier="b1" />e^{<printedVariable identifier="p2" />\pi\textbf{j}}$$</p></simpleAssociableChoice><simpleAssociableChoice identifier="idc609e53f-8bbe-422c-8302-d16cb800acf5" fixed="false" matchMax="1"><p>$$-<printedVariable identifier="r1" />-<printedVariable identifier="i2" />\textbf{j}$$</p></simpleAssociableChoice><simpleAssociableChoice identifier="id43751c2d-b534-4269-8e79-a3f50c092ee2" fixed="false" matchMax="1"><p>$$<printedVariable identifier="r2" />-<printedVariable identifier="i1" />\textbf{j}$$</p></simpleAssociableChoice><simpleAssociableChoice identifier="id0078145a-6bd8-4f6a-b39d-c68f74613e0e" fixed="false" matchMax="1"><p>$$<printedVariable identifier="b2" />e^{<printedVariable identifier="p3" />\pi\textbf{j}}$$</p></simpleAssociableChoice></simpleMatchSet><simpleMatchSet><simpleAssociableChoice identifier="id8952b2c2-52d0-489b-b173-180496f388b1" fixed="false" matchMax="0"><p>1. Quadrant</p></simpleAssociableChoice><simpleAssociableChoice identifier="id0e506f69-00d4-4021-ab6a-f45adac503ea" fixed="false" matchMax="0"><p>2. Quadrant</p></simpleAssociableChoice><simpleAssociableChoice identifier="id898c5105-3153-49ab-97a9-c66629563dc1" fixed="false" matchMax="0"><p>3. Quadrant</p></simpleAssociableChoice><simpleAssociableChoice identifier="idc5b37d5d-e407-42a4-80d6-096a20ad56f9" fixed="false" matchMax="0"><p>4. Quadrant</p></simpleAssociableChoice></simpleMatchSet></matchInteraction></itemBody><imsqti:responseProcessing xmlns:imsqti="http://www.imsglobal.org/xsd/imsqti_v2p1"><imsqti:responseCondition><imsqti:responseIf><imsqti:not><imsqti:isNull><imsqti:variable identifier="RESPONSE_1" /></imsqti:isNull></imsqti:not><imsqti:setOutcomeValue identifier="SCORE"><imsqti:sum><imsqti:variable identifier="SCORE" /><imsqti:mapResponse identifier="RESPONSE_1" /></imsqti:sum></imsqti:setOutcomeValue><imsqti:setOutcomeValue identifier="FEEDBACKBASIC"><imsqti:baseValue baseType="identifier">incorrect</imsqti:baseValue></imsqti:setOutcomeValue></imsqti:responseIf></imsqti:responseCondition><imsqti:responseCondition><imsqti:responseIf><imsqti:and><imsqti:not><imsqti:match><imsqti:variable identifier="FEEDBACKBASIC" /><imsqti:baseValue baseType="identifier">empty</imsqti:baseValue></imsqti:match></imsqti:not><imsqti:equal toleranceMode="exact"><imsqti:variable identifier="SCORE" /><imsqti:variable identifier="MAXSCORE" /></imsqti:equal></imsqti:and><imsqti:setOutcomeValue identifier="FEEDBACKBASIC"><imsqti:baseValue baseType="identifier">correct</imsqti:baseValue></imsqti:setOutcomeValue></imsqti:responseIf></imsqti:responseCondition></imsqti:responseProcessing></assessmentItem>
