<?xml version="1.0" encoding="UTF-8"?>
<assessmentItem xmlns="http://www.imsglobal.org/xsd/imsqti_v2p1" xmlns:xsi="http://www.w3.org/2001/XMLSchema-instance" xsi:schemaLocation="http://www.imsglobal.org/xsd/imsqti_v2p1 http://www.imsglobal.org/xsd/qti/qtiv2p1/imsqti_v2p1p1.xsd http://www.w3.org/1998/Math/MathML http://www.w3.org/Math/XMLSchema/mathml2/mathml2.xsd" identifier="id6c328a74-512e-40e3-bc62-9a9dcfd87cdf" title="zuordnung_normalengleichungen_02" adaptive="false" timeDependent="false"><responseDeclaration identifier="RESPONSE_1" cardinality="multiple" baseType="directedPair"><correctResponse><value>id5d13376e-6541-4d81-833f-1a6855075290 idbd797c54-b633-47bf-9f7d-5f055a5f8bc0</value><value>idc27a6526-c8de-4b85-8323-a6d4bcbb0ab8 id089034f2-bb83-45ab-8955-cf752fceee7c</value></correctResponse></responseDeclaration><outcomeDeclaration identifier="SCORE" cardinality="single" baseType="float"><defaultValue><value>0</value></defaultValue></outcomeDeclaration><outcomeDeclaration identifier="MAXSCORE" cardinality="single" baseType="float"><defaultValue><value>1</value></defaultValue></outcomeDeclaration><outcomeDeclaration identifier="FEEDBACKBASIC" cardinality="single" baseType="identifier"><defaultValue><value>empty</value></defaultValue></outcomeDeclaration><itemBody ><p>Ordnen Sie richtig zu!</p><matchInteraction responseIdentifier="RESPONSE_1" shuffle="true" maxAssociations="0"><simpleMatchSet><simpleAssociableChoice identifier="idc27a6526-c8de-4b85-8323-a6d4bcbb0ab8" fixed="false" matchMax="1"><p>Kleinste-Quadrate-Lösung eines überbestimmten LGS</p></simpleAssociableChoice><simpleAssociableChoice identifier="id5d13376e-6541-4d81-833f-1a6855075290" fixed="false" matchMax="1"><p>Minimumnorm-Lösung eines unterbestimmten LGS</p></simpleAssociableChoice></simpleMatchSet><simpleMatchSet><simpleAssociableChoice identifier="id089034f2-bb83-45ab-8955-cf752fceee7c" fixed="false" matchMax="1"><p>Lösen der Normalengleichung 1. Art</p></simpleAssociableChoice><simpleAssociableChoice identifier="idbd797c54-b633-47bf-9f7d-5f055a5f8bc0" fixed="false" matchMax="1"><p>Lösen der Normalengleichung 2. Art</p></simpleAssociableChoice></simpleMatchSet></matchInteraction></itemBody><responseProcessing><responseCondition><responseIf><isNull><variable identifier="RESPONSE_1" /></isNull><setOutcomeValue identifier="FEEDBACKBASIC"><baseValue baseType="identifier">empty</baseValue></setOutcomeValue></responseIf><responseElseIf><match><variable identifier="RESPONSE_1" /><correct identifier="RESPONSE_1" /></match><setOutcomeValue identifier="SCORE"><sum><variable identifier="SCORE" /><variable identifier="MAXSCORE" /></sum></setOutcomeValue><setOutcomeValue identifier="FEEDBACKBASIC"><baseValue baseType="identifier">correct</baseValue></setOutcomeValue></responseElseIf><responseElse><setOutcomeValue identifier="FEEDBACKBASIC"><baseValue baseType="identifier">incorrect</baseValue></setOutcomeValue></responseElse></responseCondition></responseProcessing></assessmentItem>
