<?xml version="1.0" encoding="UTF-8"?>
<assessmentItem xmlns="http://www.imsglobal.org/xsd/imsqti_v2p1" xmlns:xsi="http://www.w3.org/2001/XMLSchema-instance" xsi:schemaLocation="http://www.imsglobal.org/xsd/imsqti_v2p1 http://www.imsglobal.org/xsd/qti/qtiv2p1/imsqti_v2p1p1.xsd http://www.w3.org/1998/Math/MathML http://www.w3.org/Math/XMLSchema/mathml2/mathml2.xsd" identifier="id6b2cbce4-e320-4844-bda7-29e68831d5c8" title="komplex_rechnen_01" adaptive="false" timeDependent="false"><responseDeclaration identifier="RESPONSE_1404763029649" cardinality="single" baseType="string" /><responseDeclaration identifier="RESPONSE_1404763150398" cardinality="single" baseType="string" /><responseDeclaration identifier="RESPONSE_1404763612553" cardinality="single" baseType="float"><correctResponse><value>0</value></correctResponse></responseDeclaration><outcomeDeclaration identifier="SCORE" cardinality="single" baseType="float"><defaultValue><value>0</value></defaultValue></outcomeDeclaration><outcomeDeclaration identifier="MAXSCORE" cardinality="single" baseType="float"><defaultValue><value>3</value></defaultValue></outcomeDeclaration><outcomeDeclaration identifier="FEEDBACKBASIC" cardinality="single" baseType="identifier" view="testConstructor"><defaultValue><value>empty</value></defaultValue></outcomeDeclaration><templateDeclaration identifier="a_absolut" cardinality="single" baseType="integer" /><templateDeclaration identifier="b_absolut" cardinality="single" baseType="integer" /><templateDeclaration identifier="c_absolut" cardinality="single" baseType="integer" /><templateDeclaration identifier="d_absolut" cardinality="single" baseType="integer" /><templateDeclaration identifier="a_vorzeichen" cardinality="single" baseType="integer" /><templateDeclaration identifier="b_vorzeichen" cardinality="single" baseType="integer" /><templateDeclaration identifier="c_vorzeichen" cardinality="single" baseType="integer" /><templateDeclaration identifier="d_vorzeichen" cardinality="single" baseType="integer" /><templateDeclaration identifier="a" cardinality="single" baseType="integer" /><templateDeclaration identifier="b" cardinality="single" baseType="integer" /><templateDeclaration identifier="c" cardinality="single" baseType="integer" /><templateDeclaration identifier="d" cardinality="single" baseType="integer" /><templateDeclaration identifier="a_vzString" cardinality="single" baseType="string" /><templateDeclaration identifier="b_vzString" cardinality="single" baseType="string" /><templateDeclaration identifier="c_vzString" cardinality="single" baseType="string" /><templateDeclaration identifier="d_vzString" cardinality="single" baseType="string" /><templateDeclaration identifier="solution3" cardinality="single" baseType="float" /><templateProcessing><setTemplateValue identifier="a_absolut"><randomInteger min="1" max="10" /></setTemplateValue><setTemplateValue identifier="b_absolut"><randomInteger min="1" max="10" /></setTemplateValue><setTemplateValue identifier="c_absolut"><randomInteger min="1" max="10" /></setTemplateValue><setTemplateValue identifier="d_absolut"><randomInteger min="1" max="10" /></setTemplateValue><setTemplateValue identifier="a_vorzeichen"><randomInteger min="-1" max="1" step="2" /></setTemplateValue><setTemplateValue identifier="b_vorzeichen"><randomInteger min="-1" max="1" step="2" /></setTemplateValue><setTemplateValue identifier="c_vorzeichen"><randomInteger min="-1" max="1" step="2" /></setTemplateValue><setTemplateValue identifier="d_vorzeichen"><randomInteger min="-1" max="1" step="2" /></setTemplateValue><setTemplateValue identifier="a"><customOperator definition="MAXIMA" value="float($(1)*$(2));"><variable identifier="a_absolut" /><variable identifier="a_vorzeichen" /></customOperator></setTemplateValue><setTemplateValue identifier="b"><customOperator definition="MAXIMA" value="float($(1)*$(2));"><variable identifier="b_absolut" /><variable identifier="b_vorzeichen" /></customOperator></setTemplateValue><setTemplateValue identifier="c"><customOperator definition="MAXIMA" value="float($(1)*$(2));"><variable identifier="c_absolut" /><variable identifier="c_vorzeichen" /></customOperator></setTemplateValue><setTemplateValue identifier="d"><customOperator definition="MAXIMA" value="float($(1)*$(2));"><variable identifier="d_absolut" /><variable identifier="d_vorzeichen" /></customOperator></setTemplateValue><setTemplateValue identifier="a_vzString"><random><multiple><baseValue baseType="string">+</baseValue></multiple></random></setTemplateValue><templateCondition><templateIf><lt><variable identifier="a_vorzeichen" /><baseValue baseType="integer">0</baseValue></lt><setTemplateValue identifier="a_vzString"><random><multiple><baseValue baseType="string">-</baseValue></multiple></random></setTemplateValue></templateIf></templateCondition><setTemplateValue identifier="b_vzString"><random><multiple><baseValue baseType="string">+</baseValue></multiple></random></setTemplateValue><templateCondition><templateIf><lt><variable identifier="b_vorzeichen" /><baseValue baseType="integer">0</baseValue></lt><setTemplateValue identifier="b_vzString"><random><multiple><baseValue baseType="string">-</baseValue></multiple></random></setTemplateValue></templateIf></templateCondition><setTemplateValue identifier="c_vzString"><random><multiple><baseValue baseType="string">+</baseValue></multiple></random></setTemplateValue><templateCondition><templateIf><lt><variable identifier="c_vorzeichen" /><baseValue baseType="integer">0</baseValue></lt><setTemplateValue identifier="c_vzString"><random><multiple><baseValue baseType="string">-</baseValue></multiple></random></setTemplateValue></templateIf></templateCondition><setTemplateValue identifier="d_vzString"><random><multiple><baseValue baseType="string">+</baseValue></multiple></random></setTemplateValue><templateCondition><templateIf><lt><variable identifier="d_vorzeichen" /><baseValue baseType="integer">0</baseValue></lt><setTemplateValue identifier="d_vzString"><random><multiple><baseValue baseType="string">-</baseValue></multiple></random></setTemplateValue></templateIf></templateCondition><setTemplateValue identifier="solution3"><customOperator definition="MAXIMA" value="float(cabs(($(1)+$(2)*%i)+conjugate($(3)+$(4)*%i)));"><variable identifier="a" /><variable identifier="b" /><variable identifier="c" /><variable identifier="d" /></customOperator></setTemplateValue><setCorrectResponse identifier="RESPONSE_1404763029649"><customOperator definition="VARIABLESTRING" value="$(1)+$(2)*%i+$(3)+$(4)*%i"><variable identifier="a" /><variable identifier="b" /><variable identifier="c" /><variable identifier="d" /></customOperator></setCorrectResponse><setCorrectResponse identifier="RESPONSE_1404763150398"><customOperator definition="VARIABLESTRING" value="($(1)+$(2)*%i)*($(3)+$(4)*%i)"><variable identifier="a" /><variable identifier="b" /><variable identifier="c" /><variable identifier="d" /></customOperator></setCorrectResponse><setCorrectResponse identifier="RESPONSE_1404763612553"><variable identifier="solution3" /></setCorrectResponse></templateProcessing><itemBody ><p><p>Berechnen Sie Folgendes:</p><p>Hinweise zur Formeleingabe:</p><ul><li>\(3x\) = 3*x, \(x\cdot y\) = x*y, \(2+3i\) = 2+3*%i</li><li>Verwenden Sie, falls notwendig, ganzzahlige Brüche.</li><li>Durch Klicken auf die ?-Schaltfläche können Sie Ihre Formel vor Speichern der Antwort zunächst überprüfen.</li></ul><p>$$(<printedVariable identifier="a" /><printedVariable identifier="b_vzString" /><printedVariable identifier="b_absolut" />i)+(<printedVariable identifier="c" /><printedVariable identifier="d_vzString" /><printedVariable identifier="d_absolut" />i) = $$<textEntryInteraction responseIdentifier="RESPONSE_1404763029649" class="maxima-formula show-latex show-syntax-error" /></p><p>$$(<printedVariable identifier="a" /><printedVariable identifier="b_vzString" /><printedVariable identifier="b_absolut" />i)\cdot(<printedVariable identifier="c" /><printedVariable identifier="d_vzString" /><printedVariable identifier="d_absolut" />i) = $$<textEntryInteraction responseIdentifier="RESPONSE_1404763150398" class="maxima-formula show-latex show-syntax-error" /></p><p>Für die folgende Aufgabe geben Sie die Lösung als Dezimalbruch mit mindestens zwei Nachkommastellen an.</p><p>$$|(<printedVariable identifier="a" /><printedVariable identifier="b_vzString" /><printedVariable identifier="b_absolut" />i)+\overline{(<printedVariable identifier="c" /><printedVariable identifier="d_vzString" /><printedVariable identifier="d_absolut" />i)}| = $$ <textEntryInteraction responseIdentifier="RESPONSE_1404763612553" /></p></p></itemBody><responseProcessing><responseCondition><responseIf><customOperator definition="MAXIMA" value="is(equal(ev($(1)),ev($(2))));"><variable identifier="RESPONSE_1404763029649" /><correct identifier="RESPONSE_1404763029649" /></customOperator><setOutcomeValue identifier="SCORE"><sum><variable identifier="SCORE" /><baseValue baseType="float">1</baseValue></sum></setOutcomeValue></responseIf></responseCondition><responseCondition><responseIf><not><isNull><variable identifier="RESPONSE_1404763029649" /></isNull></not><setOutcomeValue identifier="FEEDBACKBASIC"><baseValue baseType="identifier">incorrect</baseValue></setOutcomeValue></responseIf></responseCondition><responseCondition><responseIf><customOperator definition="MAXIMA" value="is(equal(ev($(1)),ev($(2))));"><variable identifier="RESPONSE_1404763150398" /><correct identifier="RESPONSE_1404763150398" /></customOperator><setOutcomeValue identifier="SCORE"><sum><variable identifier="SCORE" /><baseValue baseType="float">1</baseValue></sum></setOutcomeValue></responseIf></responseCondition><responseCondition><responseIf><not><isNull><variable identifier="RESPONSE_1404763150398" /></isNull></not><setOutcomeValue identifier="FEEDBACKBASIC"><baseValue baseType="identifier">incorrect</baseValue></setOutcomeValue></responseIf></responseCondition><responseCondition><responseIf><equal toleranceMode="relative" tolerance="10 10" includeLowerBound="true" includeUpperBound="true"><variable identifier="RESPONSE_1404763612553" /><correct identifier="RESPONSE_1404763612553" /></equal><setOutcomeValue identifier="SCORE"><sum><variable identifier="SCORE" /><baseValue baseType="float">1</baseValue></sum></setOutcomeValue></responseIf></responseCondition><responseCondition><responseIf><not><isNull><variable identifier="RESPONSE_1404763612553" /></isNull></not><setOutcomeValue identifier="FEEDBACKBASIC"><baseValue baseType="identifier">incorrect</baseValue></setOutcomeValue></responseIf></responseCondition><responseCondition><responseIf><and><not><match><variable identifier="FEEDBACKBASIC" /><baseValue baseType="identifier">empty</baseValue></match></not><equal toleranceMode="exact"><variable identifier="SCORE" /><variable identifier="MAXSCORE" /></equal></and><setOutcomeValue identifier="FEEDBACKBASIC"><baseValue baseType="identifier">correct</baseValue></setOutcomeValue></responseIf></responseCondition></responseProcessing></assessmentItem>
