<?xml version="1.0" encoding="UTF-8" standalone="no"?>
<autotoolnode>
<tasktype type_name="PCProblem-Quiz" type_scoring="i"/>
<taskconfiguration is_altered="true">
<auth_comment/>
<conf_text>Param&#13;
    { alpha = "01" , paare = 3 , breite = 2 , nah = 2 , fern = 5&#13;
    , viel = 1000&#13;
    }</conf_text>
<doc_text>&lt;?xml version='1.0' ?&gt; &lt;Link href="http://autolat.imn.htwk-leipzig.de/haddock/world/PCProblem-Param.html#t%3AParam"&gt;PCProblem.Param.Param&lt;/Link&gt;</doc_text>
<signature>f1fd6bc60e7e9331c83d60169af0f84713dbb6ae</signature>
<description>Die Lösungen sind als Liste der Indizes/Positionen im Problem einzugeben, z.B. [ 1 , 1 , 2 ]. Die Zählung der Indizes/Positionen beginnt dabei mit 1, der Wert 0 ist somit nicht zulässig.</description>
</taskconfiguration>
<configuration>
<scorepoints>20,15,10,7,6,5,4,3,2,1</scorepoints>
</configuration>
<server_conn name="Autotool Server HTWK Leipzig" version="0.2.0"/>
</autotoolnode>
