<OLATGroupExport>
  <AreaCollection/>
  <GroupCollection>
    <Group key="29720577" name="s13.inf.ber" waitingList="false" autoCloseRanks="false" showOwners="true" showParticipants="true" showWaitingList="true">
      <Description>&lt;p&gt;Vorlesungsteilnehmer &amp;quot;Berechenbarkeit&amp;quot;&lt;/p&gt;</Description>
      <CollabTools hasNews="false" hasContactForm="false" hasCalendar="false" hasFolder="false" hasForum="false" hasChat="false" hasWiki="false" hasPortfolio="false"/>
    </Group>
    <Group key="29720580" name="s13.inf.ber.Di13:15A" maxParticipants="20" waitingList="true" autoCloseRanks="false" showOwners="true" showParticipants="true" showWaitingList="true">
      <Description>&lt;p&gt;&amp;Uuml;bungsgruppe dienstags, 13:15, A-Woche&lt;/p&gt;</Description>
      <CollabTools hasNews="false" hasContactForm="false" hasCalendar="false" hasFolder="false" hasForum="false" hasChat="false" hasWiki="false" hasPortfolio="false"/>
    </Group>
    <Group key="29720578" name="s13.inf.ber.Mo11:15A" maxParticipants="20" waitingList="true" autoCloseRanks="false" showOwners="true" showParticipants="true" showWaitingList="true">
      <Description>&lt;p&gt;&amp;Uuml;bungsgruppe montags, 11:15, A-Woche&lt;/p&gt;</Description>
      <CollabTools hasNews="false" hasContactForm="false" hasCalendar="false" hasFolder="false" hasForum="false" hasChat="false" hasWiki="false" hasPortfolio="false"/>
    </Group>
    <Group key="29720579" name="s13.inf.ber.Mo11:15B" maxParticipants="20" waitingList="true" autoCloseRanks="false" showOwners="true" showParticipants="true" showWaitingList="true">
      <Description>&lt;p&gt;&amp;Uuml;bungsgruppe montags, 11:15, B-Woche&lt;/p&gt;</Description>
      <CollabTools hasNews="false" hasContactForm="false" hasCalendar="false" hasFolder="false" hasForum="false" hasChat="false" hasWiki="false" hasPortfolio="false"/>
    </Group>
  </GroupCollection>
</OLATGroupExport>