<RepositoryEntryProperties>
  <key>29982720</key>
  <Softkey>bisolat_1_87291863831038</Softkey>
  <ResourceName>olat-s10-isys-ber-2011-03-16.zip</ResourceName>
  <DisplayName>S13.Inf.Berechenbarkeit</DisplayName>
  <Description>&lt;p&gt;G. Brewka: Berechenbarkeit (Bachelor, 4. Sem.)&lt;/p&gt;
&lt;p&gt;Modulnummer: 10-201-2009&lt;/p&gt;</Description>
  <InitialAuthor>floebe</InitialAuthor>
  <outer-class>
    <propertiesLoaded>false</propertiesLoaded>
    <re>
      <key>29982720</key>
      <version>3175</version>
      <creationDate class="sql-timestamp">2013-03-22 15:00:04.0</creationDate>
      <lastModified class="sql-timestamp">2013-03-22 15:00:04.0</lastModified>
      <softkey>bisolat_1_87291863831038</softkey>
      <olatResource class="org.olat.resource.OLATResourceImpl">
        <key>29753345</key>
        <version>0</version>
        <creationDate class="sql-timestamp">2013-03-22 14:58:59.0</creationDate>
        <resName>CourseModule</resName>
        <resId>87291863830752</resId>
      </olatResource>
      <groups class="org.hibernate.collection.internal.PersistentSet">
        <initialized>false</initialized>
        <owner class="org.olat.repository.RepositoryEntry" reference="../.."/>
        <cachedSize>-1</cachedSize>
        <role>org.olat.repository.RepositoryEntry.groups</role>
        <key class="long">29982720</key>
        <dirty>false</dirty>
        <allowLoadOutsideTransaction>false</allowLoadOutsideTransaction>
      </groups>
      <resourcename>olat-s10-isys-ber-2011-03-16.zip</resourcename>
      <displayname>S13.Inf.Berechenbarkeit</displayname>
      <description>&lt;p&gt;G. Brewka: Berechenbarkeit (Bachelor, 4. Sem.)&lt;/p&gt;
&lt;p&gt;Modulnummer: 10-201-2009&lt;/p&gt;</description>
      <initialAuthor>floebe</initialAuthor>
      <statistics>
        <key>29982720</key>
        <creationDate class="sql-timestamp">2014-09-26 15:17:17.0</creationDate>
        <lastModified class="sql-timestamp">2014-09-26 15:17:17.0</lastModified>
        <numOfRatings>0</numOfRatings>
        <numOfComments>0</numOfComments>
        <launchCounter>3209</launchCounter>
        <downloadCounter>3</downloadCounter>
        <lastUsage class="sql-timestamp">2015-05-14 16:34:49.0</lastUsage>
      </statistics>
      <access>3</access>
      <canCopy>false</canCopy>
      <canReference>false</canReference>
      <canLaunch>true</canLaunch>
      <canDownload>false</canDownload>
      <membersOnly>false</membersOnly>
      <statusCode>0</statusCode>
    </re>
    <baseDirectory>/home/graebe/olat.informatik.uni-leipzig.de/base/temp/3c1364cc-d0ef-479c-a627-1df845617d32/export</baseDirectory>
  </outer-class>
</RepositoryEntryProperties>