<?xml version="1.0" encoding="UTF-8"?>
<assessmentItem xmlns="http://www.imsglobal.org/xsd/imsqti_v2p1" xmlns:xsi="http://www.w3.org/2001/XMLSchema-instance" xsi:schemaLocation="http://www.imsglobal.org/xsd/imsqti_v2p1 http://www.imsglobal.org/xsd/qti/qtiv2p1/imsqti_v2p1p1.xsd http://www.w3.org/1998/Math/MathML http://www.w3.org/Math/XMLSchema/mathml2/mathml2.xsd" identifier="id723ddf9f-690a-461d-b380-edc370a969c6" title="Differenzierbarkeit" adaptive="false" timeDependent="false"><responseDeclaration identifier="RESPONSE_1" cardinality="single" baseType="identifier"><correctResponse><value>id7b1a4136-5fad-44f1-be08-022001036555</value></correctResponse></responseDeclaration><outcomeDeclaration identifier="SCORE" cardinality="single" baseType="float"><defaultValue><value>0</value></defaultValue></outcomeDeclaration><outcomeDeclaration identifier="MAXSCORE" cardinality="single" baseType="float"><defaultValue><value>1</value></defaultValue></outcomeDeclaration><outcomeDeclaration identifier="FEEDBACKBASIC" cardinality="single" baseType="identifier"><defaultValue><value>empty</value></defaultValue></outcomeDeclaration><itemBody ><p>Eine Funktion $$f$$ heißt an der Stelle $$x_0$$ differenzierbar genau dann, wenn</p><choiceInteraction responseIdentifier="RESPONSE_1" shuffle="true" maxChoices="1"><simpleChoice identifier="id7b1a4136-5fad-44f1-be08-022001036555"><p>der Grenzwert $$\lim_{x\rightarrow x_0}\frac{f(x)-f(x_0)}{x-x_0}$$ existiert.</p></simpleChoice><simpleChoice identifier="idae223436-1af9-4377-b36c-e16cf7c8cb9e"><p>der Grenzwert $$\lim_{x\rightarrow x_0}\frac{f(x)-f(x_0)}{x-x_0}$$ existiert und gleich $$f(x_0)$$ ist.</p></simpleChoice><simpleChoice identifier="id8bd12266-d775-4810-907c-3949b1c34574"><p>$$f$$ an der Stelle $$x_0$$ keine Sprungstelle besitzt.</p></simpleChoice><simpleChoice identifier="id5530dc60-1660-4723-b461-28a32772f03c"><p>$$x_0$$ zum Definitionsbereich von $$f$$ gehört und $$\lim_{x\rightarrow x_0}f(x)=f(x_0)$$ gilt.</p></simpleChoice></choiceInteraction></itemBody><responseProcessing><responseCondition><responseIf><isNull><variable identifier="RESPONSE_1" /></isNull><setOutcomeValue identifier="FEEDBACKBASIC"><baseValue baseType="identifier">empty</baseValue></setOutcomeValue></responseIf><responseElseIf><match><variable identifier="RESPONSE_1" /><correct identifier="RESPONSE_1" /></match><setOutcomeValue identifier="SCORE"><sum><variable identifier="SCORE" /><variable identifier="MAXSCORE" /></sum></setOutcomeValue><setOutcomeValue identifier="FEEDBACKBASIC"><baseValue baseType="identifier">correct</baseValue></setOutcomeValue></responseElseIf><responseElse><setOutcomeValue identifier="FEEDBACKBASIC"><baseValue baseType="identifier">incorrect</baseValue></setOutcomeValue></responseElse></responseCondition></responseProcessing></assessmentItem>
