<?xml version="1.0" encoding="UTF-8"?>
<assessmentItem xmlns="http://www.imsglobal.org/xsd/imsqti_v2p1" xmlns:xsi="http://www.w3.org/2001/XMLSchema-instance" xsi:schemaLocation="http://www.imsglobal.org/xsd/imsqti_v2p1 http://www.imsglobal.org/xsd/qti/qtiv2p1/imsqti_v2p1p1.xsd http://www.w3.org/1998/Math/MathML http://www.w3.org/Math/XMLSchema/mathml2/mathml2.xsd" identifier="ide59d698c-38c4-4a9b-9b73-2ea3622ae37c" title="lin_system_homogen_2gleichungen" adaptive="false" timeDependent="false"><imsqti:responseDeclaration xmlns:imsqti="http://www.imsglobal.org/xsd/imsqti_v2p1" identifier="RESPONSE_1403599742800" cardinality="single" baseType="float"><imsqti:correctResponse><imsqti:value>0</imsqti:value></imsqti:correctResponse></imsqti:responseDeclaration><imsqti:responseDeclaration xmlns:imsqti="http://www.imsglobal.org/xsd/imsqti_v2p1" identifier="RESPONSE_1403599272737" cardinality="single" baseType="string" /><imsqti:responseDeclaration xmlns:imsqti="http://www.imsglobal.org/xsd/imsqti_v2p1" identifier="RESPONSE_1403599756138" cardinality="single" baseType="float"><imsqti:correctResponse><imsqti:value>0</imsqti:value></imsqti:correctResponse></imsqti:responseDeclaration><imsqti:responseDeclaration xmlns:imsqti="http://www.imsglobal.org/xsd/imsqti_v2p1" identifier="RESPONSE_1403599311379" cardinality="single" baseType="string" /><imsqti:outcomeDeclaration xmlns:imsqti="http://www.imsglobal.org/xsd/imsqti_v2p1" identifier="SCORE" cardinality="single" baseType="float"><imsqti:defaultValue><imsqti:value>0</imsqti:value></imsqti:defaultValue></imsqti:outcomeDeclaration><imsqti:outcomeDeclaration xmlns:imsqti="http://www.imsglobal.org/xsd/imsqti_v2p1" identifier="MAXSCORE" cardinality="single" baseType="float"><imsqti:defaultValue><imsqti:value>4</imsqti:value></imsqti:defaultValue></imsqti:outcomeDeclaration><imsqti:outcomeDeclaration xmlns:imsqti="http://www.imsglobal.org/xsd/imsqti_v2p1" identifier="FEEDBACKBASIC" cardinality="single" baseType="identifier" view="testConstructor"><imsqti:defaultValue><imsqti:value>empty</imsqti:value></imsqti:defaultValue></imsqti:outcomeDeclaration><imsqti:outcomeDeclaration xmlns:imsqti="http://www.imsglobal.org/xsd/imsqti_v2p1" identifier="FEEDBACKMODAL" cardinality="multiple" baseType="identifier" view="testConstructor" /><imsqti:templateDeclaration xmlns:imsqti="http://www.imsglobal.org/xsd/imsqti_v2p1" identifier="l1" cardinality="single" baseType="integer" /><imsqti:templateDeclaration xmlns:imsqti="http://www.imsglobal.org/xsd/imsqti_v2p1" identifier="l2" cardinality="single" baseType="integer" /><imsqti:templateDeclaration xmlns:imsqti="http://www.imsglobal.org/xsd/imsqti_v2p1" identifier="lambda1" cardinality="single" baseType="integer" /><imsqti:templateDeclaration xmlns:imsqti="http://www.imsglobal.org/xsd/imsqti_v2p1" identifier="lambda2" cardinality="single" baseType="integer" /><imsqti:templateDeclaration xmlns:imsqti="http://www.imsglobal.org/xsd/imsqti_v2p1" identifier="a" cardinality="single" baseType="integer" /><imsqti:templateDeclaration xmlns:imsqti="http://www.imsglobal.org/xsd/imsqti_v2p1" identifier="b" cardinality="single" baseType="integer" /><imsqti:templateDeclaration xmlns:imsqti="http://www.imsglobal.org/xsd/imsqti_v2p1" identifier="sum_quad" cardinality="single" baseType="integer" /><imsqti:templateDeclaration xmlns:imsqti="http://www.imsglobal.org/xsd/imsqti_v2p1" identifier="a1" cardinality="single" baseType="integer" /><imsqti:templateDeclaration xmlns:imsqti="http://www.imsglobal.org/xsd/imsqti_v2p1" identifier="a23" cardinality="single" baseType="integer" /><imsqti:templateDeclaration xmlns:imsqti="http://www.imsglobal.org/xsd/imsqti_v2p1" identifier="a4" cardinality="single" baseType="integer" /><imsqti:templateProcessing xmlns:imsqti="http://www.imsglobal.org/xsd/imsqti_v2p1"><imsqti:setTemplateValue identifier="l1"><imsqti:randomInteger min="-3" max="3" step="2" /></imsqti:setTemplateValue><imsqti:setTemplateValue identifier="l2"><imsqti:random><imsqti:multiple><imsqti:baseValue baseType="integer">-4</imsqti:baseValue><imsqti:baseValue baseType="integer">-2</imsqti:baseValue><imsqti:baseValue baseType="integer">2</imsqti:baseValue><imsqti:baseValue baseType="integer">4</imsqti:baseValue></imsqti:multiple></imsqti:random></imsqti:setTemplateValue><imsqti:setTemplateValue identifier="lambda1"><imsqti:customOperator definition="MAXIMA" value="float(min($(1),$(2)));"><imsqti:variable identifier="l1" /><imsqti:variable identifier="l2" /></imsqti:customOperator></imsqti:setTemplateValue><imsqti:setTemplateValue identifier="lambda2"><imsqti:customOperator definition="MAXIMA" value="float(max($(1),$(2)));"><imsqti:variable identifier="l1" /><imsqti:variable identifier="l2" /></imsqti:customOperator></imsqti:setTemplateValue><imsqti:setTemplateValue identifier="a"><imsqti:randomInteger min="1" max="3" /></imsqti:setTemplateValue><imsqti:setTemplateValue identifier="b"><imsqti:randomInteger min="2" max="3" /></imsqti:setTemplateValue><imsqti:setTemplateValue identifier="sum_quad"><imsqti:customOperator definition="MAXIMA" value="float($(1)^2+$(2)^2);"><imsqti:variable identifier="a" /><imsqti:variable identifier="b" /></imsqti:customOperator></imsqti:setTemplateValue><imsqti:setTemplateValue identifier="a1"><imsqti:customOperator definition="MAXIMA" value="float($(1)^2*$(2)+$(3)^2*$(4));"><imsqti:variable identifier="a" /><imsqti:variable identifier="lambda1" /><imsqti:variable identifier="b" /><imsqti:variable identifier="lambda2" /></imsqti:customOperator></imsqti:setTemplateValue><imsqti:setTemplateValue identifier="a23"><imsqti:customOperator definition="MAXIMA" value="float($(1)*$(2)*($(3)-$(4)));"><imsqti:variable identifier="a" /><imsqti:variable identifier="b" /><imsqti:variable identifier="lambda1" /><imsqti:variable identifier="lambda2" /></imsqti:customOperator></imsqti:setTemplateValue><imsqti:setTemplateValue identifier="a4"><imsqti:customOperator definition="MAXIMA" value="float($(1)^2*$(2)+$(3)^2*$(4));"><imsqti:variable identifier="b" /><imsqti:variable identifier="lambda1" /><imsqti:variable identifier="a" /><imsqti:variable identifier="lambda2" /></imsqti:customOperator></imsqti:setTemplateValue><imsqti:setCorrectResponse identifier="RESPONSE_1403599272737"><imsqti:customOperator definition="VARIABLESTRING" value="$(2)/$(1)"><imsqti:variable identifier="a" /><imsqti:variable identifier="b" /></imsqti:customOperator></imsqti:setCorrectResponse><imsqti:setCorrectResponse identifier="RESPONSE_1403599311379"><imsqti:customOperator definition="VARIABLESTRING" value="-$(1)/$(2)"><imsqti:variable identifier="a" /><imsqti:variable identifier="b" /></imsqti:customOperator></imsqti:setCorrectResponse><imsqti:setCorrectResponse identifier="RESPONSE_1403599742800"><imsqti:variable identifier="lambda1" /></imsqti:setCorrectResponse><imsqti:setCorrectResponse identifier="RESPONSE_1403599756138"><imsqti:variable identifier="lambda2" /></imsqti:setCorrectResponse></imsqti:templateProcessing><itemBody ><p><span style="font-size: 10pt;">Wir betrachten das lineare Differentialgleichungssystem</span></p><p><span style="font-size: 10pt;">\(\begin{pmatrix}y_1'(x)\\y_2'(x)\end{pmatrix}=A\cdot\begin{pmatrix}y_1(x)\\y_2(x)\end{pmatrix}\), wobei \(\displaystyle A=\frac{1}{<printedVariable identifier="sum_quad" />}\begin{pmatrix}<printedVariable identifier="a1" />&amp;<printedVariable identifier="a23" />\\<printedVariable identifier="a23" />&amp;<printedVariable identifier="a4" />\end{pmatrix}\).</span></p><p><span style="font-size: 10pt;">Die allgemeine Lösung kann in der Form</span></p><p><span style="font-size: 10pt;">\(\displaystyle\begin{pmatrix}y_1(x)\\y_2(x)\end{pmatrix}=c_1\begin{pmatrix}1\\v_1\end{pmatrix} \mathrm e^{\lambda_1 x} + c_2\begin{pmatrix}1\\v_2\end{pmatrix} \mathrm e^{\lambda_2 x}\)</span></p><p><span style="font-size: 10pt;">geschrieben werden. Geben Sie \(\lambda_1,\lambda_2,v_1\) sowie \(v_2\) an! </span></p><p><strong><span style="font-size: 10pt;">Nummerieren Sie \(\lambda_1\), \(\lambda_2\) nach aufsteigender Größe, d.h. es soll \(\lambda_1\leq\lambda_2\) sein!</span></strong></p><p><span style="font-size: 10pt;">\(\lambda_1\) = <textEntryInteraction responseIdentifier="RESPONSE_1403599742800" expectedLength="2" /> , \(v_1=\) <textEntryInteraction responseIdentifier="RESPONSE_1403599272737" expectedLength="4" class="maxima-formula" /> </span></p><p><span style="font-size: 10pt;">\(\lambda_2\) = <textEntryInteraction responseIdentifier="RESPONSE_1403599756138" expectedLength="2" /> , \(v_2=\) <textEntryInteraction responseIdentifier="RESPONSE_1403599311379" expectedLength="4" class="maxima-formula" /> </span></p><p><span style="font-size: 10pt;"><strong>Hinweis:</strong> Sie können Brüche wiefolgt eingeben: \(\frac ab=\) <strong>a/b</strong></span></p></itemBody><imsqti:responseProcessing xmlns:imsqti="http://www.imsglobal.org/xsd/imsqti_v2p1"><imsqti:responseCondition><imsqti:responseIf><imsqti:equal toleranceMode="exact"><imsqti:variable identifier="RESPONSE_1403599742800" /><imsqti:correct identifier="RESPONSE_1403599742800" /></imsqti:equal><imsqti:setOutcomeValue identifier="SCORE"><imsqti:sum><imsqti:variable identifier="SCORE" /><imsqti:baseValue baseType="float">1</imsqti:baseValue></imsqti:sum></imsqti:setOutcomeValue></imsqti:responseIf></imsqti:responseCondition><imsqti:responseCondition><imsqti:responseIf><imsqti:not><imsqti:isNull><imsqti:variable identifier="RESPONSE_1403599742800" /></imsqti:isNull></imsqti:not><imsqti:setOutcomeValue identifier="FEEDBACKBASIC"><imsqti:baseValue baseType="identifier">incorrect</imsqti:baseValue></imsqti:setOutcomeValue></imsqti:responseIf></imsqti:responseCondition><imsqti:responseCondition><imsqti:responseIf><imsqti:customOperator definition="MAXIMA" value="is(equal(ev($(1)),ev($(2))));" caseSensitive="false"><imsqti:variable identifier="RESPONSE_1403599272737" /><imsqti:correct identifier="RESPONSE_1403599272737" /></imsqti:customOperator><imsqti:setOutcomeValue identifier="SCORE"><imsqti:sum><imsqti:variable identifier="SCORE" /><imsqti:baseValue baseType="float">1</imsqti:baseValue></imsqti:sum></imsqti:setOutcomeValue></imsqti:responseIf></imsqti:responseCondition><imsqti:responseCondition><imsqti:responseIf><imsqti:not><imsqti:isNull><imsqti:variable identifier="RESPONSE_1403599272737" /></imsqti:isNull></imsqti:not><imsqti:setOutcomeValue identifier="FEEDBACKBASIC"><imsqti:baseValue baseType="identifier">incorrect</imsqti:baseValue></imsqti:setOutcomeValue></imsqti:responseIf></imsqti:responseCondition><imsqti:responseCondition><imsqti:responseIf><imsqti:equal toleranceMode="exact"><imsqti:variable identifier="RESPONSE_1403599756138" /><imsqti:correct identifier="RESPONSE_1403599756138" /></imsqti:equal><imsqti:setOutcomeValue identifier="SCORE"><imsqti:sum><imsqti:variable identifier="SCORE" /><imsqti:baseValue baseType="float">1</imsqti:baseValue></imsqti:sum></imsqti:setOutcomeValue></imsqti:responseIf></imsqti:responseCondition><imsqti:responseCondition><imsqti:responseIf><imsqti:not><imsqti:isNull><imsqti:variable identifier="RESPONSE_1403599756138" /></imsqti:isNull></imsqti:not><imsqti:setOutcomeValue identifier="FEEDBACKBASIC"><imsqti:baseValue baseType="identifier">incorrect</imsqti:baseValue></imsqti:setOutcomeValue></imsqti:responseIf></imsqti:responseCondition><imsqti:responseCondition><imsqti:responseIf><imsqti:customOperator definition="MAXIMA" value="is(equal(ev($(1)),ev($(2))));" caseSensitive="false"><imsqti:variable identifier="RESPONSE_1403599311379" /><imsqti:correct identifier="RESPONSE_1403599311379" /></imsqti:customOperator><imsqti:setOutcomeValue identifier="SCORE"><imsqti:sum><imsqti:variable identifier="SCORE" /><imsqti:baseValue baseType="float">1</imsqti:baseValue></imsqti:sum></imsqti:setOutcomeValue></imsqti:responseIf></imsqti:responseCondition><imsqti:responseCondition><imsqti:responseIf><imsqti:not><imsqti:isNull><imsqti:variable identifier="RESPONSE_1403599311379" /></imsqti:isNull></imsqti:not><imsqti:setOutcomeValue identifier="FEEDBACKBASIC"><imsqti:baseValue baseType="identifier">incorrect</imsqti:baseValue></imsqti:setOutcomeValue></imsqti:responseIf></imsqti:responseCondition><imsqti:responseCondition><imsqti:responseIf><imsqti:and><imsqti:not><imsqti:match><imsqti:variable identifier="FEEDBACKBASIC" /><imsqti:baseValue baseType="identifier">empty</imsqti:baseValue></imsqti:match></imsqti:not><imsqti:equal toleranceMode="exact"><imsqti:variable identifier="SCORE" /><imsqti:variable identifier="MAXSCORE" /></imsqti:equal></imsqti:and><imsqti:setOutcomeValue identifier="FEEDBACKBASIC"><imsqti:baseValue baseType="identifier">correct</imsqti:baseValue></imsqti:setOutcomeValue></imsqti:responseIf></imsqti:responseCondition><imsqti:responseCondition><imsqti:responseIf><imsqti:and><imsqti:match><imsqti:baseValue baseType="identifier">incorrect</imsqti:baseValue><imsqti:variable identifier="FEEDBACKBASIC" /></imsqti:match></imsqti:and><imsqti:setOutcomeValue identifier="FEEDBACKMODAL"><imsqti:multiple><imsqti:variable identifier="FEEDBACKMODAL" /><imsqti:baseValue baseType="identifier">Feedback812412568</imsqti:baseValue></imsqti:multiple></imsqti:setOutcomeValue></imsqti:responseIf></imsqti:responseCondition></imsqti:responseProcessing><modalFeedback  identifier="Feedback812412568" outcomeIdentifier="FEEDBACKMODAL" showHide="show" title="Musterbeispiel"><p>Wir betrachten das obige Dgl.-System mit \(\displaystyle A=\frac1{13}\begin{pmatrix}1 &amp;-18\\-18&amp; -14\end{pmatrix}\).</p><p>\(\lambda_1\) und \(\lambda_2\) sind bekanntlich die Eigenwerte der Matrix \(A\).</p><p>Wir erhalten \(\lambda_1=-2\) und \(\lambda_2=1\). Wir müssen nun noch die zugehörigen Eigenvektoren bestimmen.</p><p>Für \(\lambda_1\) müssen wir das Gleichungssystem</p><p>\((A-\lambda_1 I)\cdot\vec x=\vec 0 \iff \begin{pmatrix}9&amp;-6\\-6&amp;4\end{pmatrix}\cdot\vec x=\vec 0\) lösen. Beispielsweise erfüllt \(\vec x=\begin{pmatrix}2\\3\end{pmatrix}\) diese Gleichung.</p><p>Jedes Vielfache von \(\vec x\) ist auch ein Eigenvektor, so zum Beipsiel \(\vec x=\begin{pmatrix}1\\3/2\end{pmatrix} =:\begin{pmatrix}1\\v_1\end{pmatrix} \).</p><p>Die Berechnung des Eigenvektors für \(\lambda_2\) erfolgt analog. Hier erhalten wir \(\vec x=\begin{pmatrix}1\\-2/3\end{pmatrix}=:\begin{pmatrix}1\\v_2\end{pmatrix} \).</p><p><strong>Endergebnis:</strong> \(\lambda_1=-2\), \(v_1=3/2\), \(\lambda_2=1\), \(v_2=-2/3\).</p></modalFeedback></assessmentItem>
