<?xml version="1.0" encoding="UTF-8"?>
<assessmentItem xmlns="http://www.imsglobal.org/xsd/imsqti_v2p1" xmlns:xsi="http://www.w3.org/2001/XMLSchema-instance" xsi:schemaLocation="http://www.imsglobal.org/xsd/imsqti_v2p1 http://www.imsglobal.org/xsd/qti/qtiv2p1/imsqti_v2p1p1.xsd http://www.w3.org/1998/Math/MathML http://www.w3.org/Math/XMLSchema/mathml2/mathml2.xsd" identifier="idb62dde60-6a65-4a1c-bdf9-aa43e2edfc56" title="Zahlenfolge Glieder Grenzwert" adaptive="false" timeDependent="false"><responseDeclaration identifier="RESPONSE" cardinality="single" baseType="string" /><responseDeclaration identifier="RESPONSE_1416553466761" cardinality="single" baseType="string" /><responseDeclaration identifier="RESPONSE_1416553518101" cardinality="single" baseType="string" /><responseDeclaration identifier="RESPONSE_1416553543053" cardinality="single" baseType="string" /><responseDeclaration identifier="RESPONSE_1416553564745" cardinality="single" baseType="string" /><outcomeDeclaration identifier="SCORE" cardinality="single" baseType="float"><defaultValue><value>0</value></defaultValue></outcomeDeclaration><outcomeDeclaration identifier="MAXSCORE" cardinality="single" baseType="float"><defaultValue><value>6</value></defaultValue></outcomeDeclaration><outcomeDeclaration identifier="FEEDBACKBASIC" cardinality="single" baseType="identifier" view="testConstructor"><defaultValue><value>empty</value></defaultValue></outcomeDeclaration><outcomeDeclaration identifier="FEEDBACKMODAL" cardinality="multiple" baseType="identifier" view="testConstructor" /><templateDeclaration identifier="var1" cardinality="single" baseType="integer" /><templateDeclaration identifier="var2" cardinality="single" baseType="integer" /><templateDeclaration identifier="var3" cardinality="single" baseType="integer" /><templateDeclaration identifier="var4" cardinality="single" baseType="integer" /><templateDeclaration identifier="var5" cardinality="single" baseType="integer" /><templateDeclaration identifier="var4quadrat" cardinality="single" baseType="integer" /><templateDeclaration identifier="a0zaehler" cardinality="single" baseType="integer" /><templateDeclaration identifier="a1zaehler" cardinality="single" baseType="integer" /><templateDeclaration identifier="a2zaehler" cardinality="single" baseType="integer" /><templateDeclaration identifier="a3zaehler" cardinality="single" baseType="integer" /><templateDeclaration identifier="a0nenner" cardinality="single" baseType="integer" /><templateDeclaration identifier="a1nenner" cardinality="single" baseType="integer" /><templateDeclaration identifier="a2nenner" cardinality="single" baseType="integer" /><templateDeclaration identifier="a3nenner" cardinality="single" baseType="integer" /><templateProcessing><setTemplateValue identifier="var1"><random><multiple><baseValue baseType="integer">2</baseValue><baseValue baseType="integer">3</baseValue><baseValue baseType="integer">4</baseValue><baseValue baseType="integer">5</baseValue><baseValue baseType="integer">6</baseValue><baseValue baseType="integer">7</baseValue><baseValue baseType="integer">8</baseValue><baseValue baseType="integer">9</baseValue><baseValue baseType="integer">-2</baseValue><baseValue baseType="integer">-3</baseValue><baseValue baseType="integer">-4</baseValue><baseValue baseType="integer">-5</baseValue><baseValue baseType="integer">-6</baseValue><baseValue baseType="integer">-7</baseValue><baseValue baseType="integer">-8</baseValue><baseValue baseType="integer">-9</baseValue></multiple></random></setTemplateValue><setTemplateValue identifier="var2"><randomInteger min="2" max="9" /></setTemplateValue><setTemplateValue identifier="var3"><randomInteger min="1" max="9" /></setTemplateValue><setTemplateValue identifier="var4"><random><multiple><baseValue baseType="integer">2</baseValue><baseValue baseType="integer">3</baseValue><baseValue baseType="integer">4</baseValue><baseValue baseType="integer">5</baseValue><baseValue baseType="integer">6</baseValue><baseValue baseType="integer">7</baseValue><baseValue baseType="integer">8</baseValue><baseValue baseType="integer">9</baseValue><baseValue baseType="integer">-2</baseValue><baseValue baseType="integer">-3</baseValue><baseValue baseType="integer">-4</baseValue><baseValue baseType="integer">-5</baseValue><baseValue baseType="integer">-6</baseValue><baseValue baseType="integer">-7</baseValue><baseValue baseType="integer">-8</baseValue><baseValue baseType="integer">-9</baseValue></multiple></random></setTemplateValue><setTemplateValue identifier="var5"><customOperator definition="MAXIMA" value="float(2*abs($(1))+1);"><variable identifier="var4" /></customOperator></setTemplateValue><setTemplateValue identifier="var4quadrat"><customOperator definition="MAXIMA" value="float((($(1))^2));"><variable identifier="var4" /></customOperator></setTemplateValue><setTemplateValue identifier="a0zaehler"><customOperator definition="MAXIMA" value="float(($(1))*0^2+ ($(2))*0 - ($(3)));"><variable identifier="var1" /><variable identifier="var2" /><variable identifier="var3" /></customOperator></setTemplateValue><setTemplateValue identifier="a1zaehler"><customOperator definition="MAXIMA" value="float(($(1))*1^2+ ($(2))*1 - ($(3)));"><variable identifier="var1" /><variable identifier="var2" /><variable identifier="var3" /></customOperator></setTemplateValue><setTemplateValue identifier="a2zaehler"><customOperator definition="MAXIMA" value="float(($(1))*2^2+ ($(2))*2 - ($(3)));"><variable identifier="var1" /><variable identifier="var2" /><variable identifier="var3" /></customOperator></setTemplateValue><setTemplateValue identifier="a3zaehler"><customOperator definition="MAXIMA" value="float(($(1))*3^2+ ($(2))*3 - ($(3)));"><variable identifier="var1" /><variable identifier="var2" /><variable identifier="var3" /></customOperator></setTemplateValue><setTemplateValue identifier="a0nenner"><customOperator definition="MAXIMA" value="float((($(1))*0+($(2)))^2);"><variable identifier="var4" /><variable identifier="var5" /></customOperator></setTemplateValue><setTemplateValue identifier="a1nenner"><customOperator definition="MAXIMA" value="float((($(1))*1+($(2)))^2);"><variable identifier="var4" /><variable identifier="var5" /></customOperator></setTemplateValue><setTemplateValue identifier="a2nenner"><customOperator definition="MAXIMA" value="float((($(1))*2+($(2)))^2);"><variable identifier="var4" /><variable identifier="var5" /></customOperator></setTemplateValue><setTemplateValue identifier="a3nenner"><customOperator definition="MAXIMA" value="float((($(1))*3+($(2)))^2);"><variable identifier="var4" /><variable identifier="var5" /></customOperator></setTemplateValue><setCorrectResponse identifier="RESPONSE"><customOperator definition="VARIABLESTRING" value="$(1)/$(2)"><variable identifier="a0zaehler" /><variable identifier="a0nenner" /></customOperator></setCorrectResponse><setCorrectResponse identifier="RESPONSE_1416553466761"><customOperator definition="VARIABLESTRING" value="$(1)/$(2)"><variable identifier="a1zaehler" /><variable identifier="a1nenner" /></customOperator></setCorrectResponse><setCorrectResponse identifier="RESPONSE_1416553518101"><customOperator definition="VARIABLESTRING" value="$(1)/$(2)"><variable identifier="a2zaehler" /><variable identifier="a2nenner" /></customOperator></setCorrectResponse><setCorrectResponse identifier="RESPONSE_1416553543053"><customOperator definition="VARIABLESTRING" value="$(1)/$(2)"><variable identifier="a3zaehler" /><variable identifier="a3nenner" /></customOperator></setCorrectResponse><setCorrectResponse identifier="RESPONSE_1416553564745"><customOperator definition="VARIABLESTRING" value="$(1)/$(2)"><variable identifier="var1" /><variable identifier="var4quadrat" /></customOperator></setCorrectResponse></templateProcessing><itemBody ><p>Geben Sie die ersten vier Glieder der Zahlenfolge</p><p>\[a_n = \frac{ <printedVariable identifier="var1" /> n^2+ <printedVariable identifier="var2" />n - <printedVariable identifier="var3" />}{(<printedVariable identifier="var4" />n+<printedVariable identifier="var5" />)^2} \quad n=0,1,2,\ldots \]</p><p>an und berechnen Sie den Grenzwert der Zahlenfolge für \(n\) geht gegen Unendlich.</p><p>\(a_0 =\) <textEntryInteraction responseIdentifier="RESPONSE" /></p><p>\(a_1 =\) <textEntryInteraction responseIdentifier="RESPONSE_1416553466761" /></p><p>\(a_2 =\) <textEntryInteraction responseIdentifier="RESPONSE_1416553518101" /></p><p>\(a_3 =\) <textEntryInteraction responseIdentifier="RESPONSE_1416553543053" /></p><p>\[\lim_{n\to\infty}a_n =\] <textEntryInteraction responseIdentifier="RESPONSE_1416553564745" /></p><p>Hinweis: Die Lösungen bitte als Brüche angeben. Zum Beispiel \[\frac23= 2/3\], nicht \(0.6666\) eingeben.</p></itemBody><responseProcessing><responseCondition><responseIf><customOperator definition="MAXIMA" value="is(equal(ev($(1)),ev($(2))));"><variable identifier="RESPONSE" /><correct identifier="RESPONSE" /></customOperator><setOutcomeValue identifier="SCORE"><sum><variable identifier="SCORE" /><baseValue baseType="float">1</baseValue></sum></setOutcomeValue></responseIf></responseCondition><responseCondition><responseIf><not><isNull><variable identifier="RESPONSE" /></isNull></not><setOutcomeValue identifier="FEEDBACKBASIC"><baseValue baseType="identifier">incorrect</baseValue></setOutcomeValue></responseIf></responseCondition><responseCondition><responseIf><customOperator definition="MAXIMA" value="is(equal(ev($(1)),ev($(2))));"><variable identifier="RESPONSE_1416553466761" /><correct identifier="RESPONSE_1416553466761" /></customOperator><setOutcomeValue identifier="SCORE"><sum><variable identifier="SCORE" /><baseValue baseType="float">1</baseValue></sum></setOutcomeValue></responseIf></responseCondition><responseCondition><responseIf><not><isNull><variable identifier="RESPONSE_1416553466761" /></isNull></not><setOutcomeValue identifier="FEEDBACKBASIC"><baseValue baseType="identifier">incorrect</baseValue></setOutcomeValue></responseIf></responseCondition><responseCondition><responseIf><customOperator definition="MAXIMA" value="is(equal(ev($(1)),ev($(2))));"><variable identifier="RESPONSE_1416553518101" /><correct identifier="RESPONSE_1416553518101" /></customOperator><setOutcomeValue identifier="SCORE"><sum><variable identifier="SCORE" /><baseValue baseType="float">1</baseValue></sum></setOutcomeValue></responseIf></responseCondition><responseCondition><responseIf><not><isNull><variable identifier="RESPONSE_1416553518101" /></isNull></not><setOutcomeValue identifier="FEEDBACKBASIC"><baseValue baseType="identifier">incorrect</baseValue></setOutcomeValue></responseIf></responseCondition><responseCondition><responseIf><customOperator definition="MAXIMA" value="is(equal(ev($(1)),ev($(2))));"><variable identifier="RESPONSE_1416553543053" /><correct identifier="RESPONSE_1416553543053" /></customOperator><setOutcomeValue identifier="SCORE"><sum><variable identifier="SCORE" /><baseValue baseType="float">1</baseValue></sum></setOutcomeValue></responseIf></responseCondition><responseCondition><responseIf><not><isNull><variable identifier="RESPONSE_1416553543053" /></isNull></not><setOutcomeValue identifier="FEEDBACKBASIC"><baseValue baseType="identifier">incorrect</baseValue></setOutcomeValue></responseIf></responseCondition><responseCondition><responseIf><customOperator definition="MAXIMA" value="is(equal(ev($(1)),ev($(2))));"><variable identifier="RESPONSE_1416553564745" /><correct identifier="RESPONSE_1416553564745" /></customOperator><setOutcomeValue identifier="SCORE"><sum><variable identifier="SCORE" /><baseValue baseType="float">2</baseValue></sum></setOutcomeValue></responseIf></responseCondition><responseCondition><responseIf><not><isNull><variable identifier="RESPONSE_1416553564745" /></isNull></not><setOutcomeValue identifier="FEEDBACKBASIC"><baseValue baseType="identifier">incorrect</baseValue></setOutcomeValue></responseIf></responseCondition><responseCondition><responseIf><and><not><match><variable identifier="FEEDBACKBASIC" /><baseValue baseType="identifier">empty</baseValue></match></not><equal toleranceMode="exact"><variable identifier="SCORE" /><variable identifier="MAXSCORE" /></equal></and><setOutcomeValue identifier="FEEDBACKBASIC"><baseValue baseType="identifier">correct</baseValue></setOutcomeValue></responseIf></responseCondition><responseCondition><responseIf><and><match><baseValue baseType="identifier">correct</baseValue><variable identifier="FEEDBACKBASIC" /></match></and><setOutcomeValue identifier="FEEDBACKMODAL"><multiple><variable identifier="FEEDBACKMODAL" /><baseValue baseType="identifier">Feedback1836656602</baseValue></multiple></setOutcomeValue></responseIf></responseCondition><responseCondition><responseIf><and><match><baseValue baseType="identifier">incorrect</baseValue><variable identifier="FEEDBACKBASIC" /></match></and><setOutcomeValue identifier="FEEDBACKMODAL"><multiple><variable identifier="FEEDBACKMODAL" /><baseValue baseType="identifier">Feedback296428499</baseValue></multiple></setOutcomeValue></responseIf></responseCondition></responseProcessing><modalFeedback  identifier="Feedback1836656602" outcomeIdentifier="FEEDBACKMODAL" showHide="show" title="Alles richtig!" /><modalFeedback  identifier="Feedback296428499" outcomeIdentifier="FEEDBACKMODAL" showHide="show" title="Ihre Antworten konnten nicht mit richtig bewertet werden"><p>Eine mögliche Fehlerquelle (trotz richtiger Rechnung) ist die Angabe von Dezimalzahlen anstelle von Brüchen: 0.25 ist das gleiche wie 1/4 und gibt die gewünschten Punkte, aber 0.33 ist nicht 1/3. Wegen der Rundungsdifferenz erkennt das System dies nicht als gleichwertig an. Also bitte die Lösungen als Brüche angeben.</p><p> </p><p>Sie haben auf die Glieder der Zahlenfolge nicht die volle Punktzahl erhalten? Die Aufgabe ist hier, für jedes \(a_n\) die Zahl \(n\) konkret einzusetzen. Zum Beispiel, wenn die Zahlenfolge definiert ist durch \[ a_n = \frac{n^3-3n^2+1}{-n^2+5n-2}\] und Sie müssen \(a_2\) angeben, dann setzen Sie die Zahl 2 überall in die Formel ein, wo das \(n\) steht. Also \[a_2=\frac{2^3-3\cdot 2^2+1}{-2^2+5\cdot2 -2}=\frac{8-12+1}{-4+10-2}=\frac{-3}{4}.\]</p><p> </p><p>Bleibt noch die Untersuchung des Grenzwertes. Hier bietet es sich an, die Grenzwertregel für Brüche zu nutzen: \[\lim_{n\to\infty} \frac{b_n}{c_n}= \frac{\lim_{n\to\infty} b_n}{\lim_{n\to\infty} c_n}\]. Allerdings ergibt das obige Beispiel</p><p>\[\lim_{n\to\infty} \frac{n^3-3n^2+1}{-n^2+5n-2}= \frac{\lim_{n\to\infty} n^3-3n^2+1}{\lim_{n\to\infty} -n^2+5n-2} = \left[\frac{\infty}{-\infty}\right]\]</p><p>, so dass keine sofortige Aussage über den Grenzwert möglich ist. Klammert man aber zuerst die höchste Potenz von \(n\) in Zähler und Nenner aus und vereinfacht durch Kürzen, dann läßt sich der gesuchte Grenzwert berechnen.</p><p>\[ \lim_{n\to\infty} \frac{n^3-3n^2+1}{-n^2+5n-2}= \lim_{n\to\infty} \frac{n^3(1-\frac{3}{n}+\frac{1}{n^2})}{n^2(-1+\frac{5}{n}-\frac{2}{n^2})}= \frac{\lim_{n\to\infty}n(1-\frac{3}{n}+\frac{1}{n^2})}{\lim_{n\to\infty}(-1+\frac{5}{n}-\frac{2}{n^2})} = \frac{\infty\cdot 1}{-1}= - \infty\]</p></modalFeedback></assessmentItem>
