<?xml version="1.0" encoding="UTF-8"?>
<assessmentItem xmlns="http://www.imsglobal.org/xsd/imsqti_v2p1" xmlns:xsi="http://www.w3.org/2001/XMLSchema-instance" xsi:schemaLocation="http://www.imsglobal.org/xsd/imsqti_v2p1 http://www.imsglobal.org/xsd/qti/qtiv2p1/imsqti_v2p1p1.xsd http://www.w3.org/1998/Math/MathML http://www.w3.org/Math/XMLSchema/mathml2/mathml2.xsd" identifier="idf52e8cd1-1280-4666-971a-713d8d104a46" title="WindungszahlArchimedischeSpirale" adaptive="false" timeDependent="false"><responseDeclaration identifier="RESPONSE_1415915512256" cardinality="single" baseType="float"><correctResponse><value>0</value></correctResponse></responseDeclaration><outcomeDeclaration identifier="SCORE" cardinality="single" baseType="float"><defaultValue><value>0</value></defaultValue></outcomeDeclaration><outcomeDeclaration identifier="MAXSCORE" cardinality="single" baseType="float"><defaultValue><value>2</value></defaultValue></outcomeDeclaration><outcomeDeclaration identifier="FEEDBACKBASIC" cardinality="single" baseType="identifier" view="testConstructor"><defaultValue><value>empty</value></defaultValue></outcomeDeclaration><outcomeDeclaration identifier="FEEDBACKMODAL" cardinality="multiple" baseType="identifier" view="testConstructor" /><templateDeclaration identifier="a" cardinality="single" baseType="integer" /><templateDeclaration identifier="windnumber" cardinality="single" baseType="integer" /><templateProcessing><setTemplateValue identifier="a"><randomInteger min="1" max="7" /></setTemplateValue><setTemplateValue identifier="windnumber"><customOperator definition="MAXIMA" value="float(7-$(1));"><variable identifier="a" /></customOperator></setTemplateValue><templateCondition><templateIf><lte><variable identifier="a" /><baseValue baseType="integer">3</baseValue></lte><setTemplateValue identifier="windnumber"><customOperator definition="MAXIMA" value="float($(1));"><variable identifier="a" /></customOperator></setTemplateValue></templateIf></templateCondition><setCorrectResponse identifier="RESPONSE_1415915512256"><variable identifier="windnumber" /></setCorrectResponse></templateProcessing><itemBody ><p><p>Betrachte die rote<strong> geschlossene</strong> Kurve \( \gamma: [0, 12\pi ] \rightarrow \mathbb C\) definiert durch</p><p> $$\gamma(t) = t \cdot e^{\mathbb i \cdot t} $$   für  \( 0 \le t \le 6 \pi\)  und </p><p>$$ \gamma(t) = 12\pi - t $$   für   \( 6\pi  \le t \le 12 \pi\).</p><p> <img src="media%2Fmedium1149099717354178676ArchimedeanSpiralWindingNumbers4_png" alt="" width="700" height="500" /></p><p>Bestimme für den Punkt \(C<printedVariable identifier="a" />\)  die Windungszahl:</p><p>\( w( \gamma, C<printedVariable identifier="a" />) \) = <textEntryInteraction responseIdentifier="RESPONSE_1415915512256" expectedLength="3" />.  Als Hife sieht man zusätzlich zu \( \gamma \) eine gepunktete Linie b in dem Diagramm.</p><p> </p></p></itemBody><responseProcessing><responseCondition><responseIf><equal toleranceMode="exact"><variable identifier="RESPONSE_1415915512256" /><correct identifier="RESPONSE_1415915512256" /></equal><setOutcomeValue identifier="SCORE"><sum><variable identifier="SCORE" /><baseValue baseType="float">2</baseValue></sum></setOutcomeValue></responseIf></responseCondition><responseCondition><responseIf><not><isNull><variable identifier="RESPONSE_1415915512256" /></isNull></not><setOutcomeValue identifier="FEEDBACKBASIC"><baseValue baseType="identifier">incorrect</baseValue></setOutcomeValue></responseIf></responseCondition><responseCondition><responseIf><and><not><match><variable identifier="FEEDBACKBASIC" /><baseValue baseType="identifier">empty</baseValue></match></not><equal toleranceMode="exact"><variable identifier="SCORE" /><variable identifier="MAXSCORE" /></equal></and><setOutcomeValue identifier="FEEDBACKBASIC"><baseValue baseType="identifier">correct</baseValue></setOutcomeValue></responseIf></responseCondition><responseCondition><responseIf><and><match><baseValue baseType="identifier">incorrect</baseValue><variable identifier="FEEDBACKBASIC" /></match></and><setOutcomeValue identifier="FEEDBACKMODAL"><multiple><variable identifier="FEEDBACKMODAL" /><baseValue baseType="identifier">Feedback79851547</baseValue></multiple></setOutcomeValue></responseIf></responseCondition></responseProcessing><modalFeedback  identifier="Feedback79851547" outcomeIdentifier="FEEDBACKMODAL" showHide="show"><p>Organisiere die ganze Kurve um die gepunktete Hilfslinie.</p></modalFeedback></assessmentItem>
