<?xml version="1.0" encoding="UTF-8"?>
<assessmentItem xmlns="http://www.imsglobal.org/xsd/imsqti_v2p1" xmlns:xsi="http://www.w3.org/2001/XMLSchema-instance" xsi:schemaLocation="http://www.imsglobal.org/xsd/imsqti_v2p1 http://www.imsglobal.org/xsd/qti/qtiv2p1/imsqti_v2p1p1.xsd http://www.w3.org/1998/Math/MathML http://www.w3.org/Math/XMLSchema/mathml2/mathml2.xsd" identifier="id2eab9260-1aed-42db-92ee-a47c541f293c" title="integral_polynomdivision_02" adaptive="false" timeDependent="false"><responseDeclaration identifier="RESPONSE_1386598816158" cardinality="single" baseType="float"><correctResponse><value>0</value></correctResponse></responseDeclaration><outcomeDeclaration identifier="SCORE" cardinality="single" baseType="float"><defaultValue><value>0</value></defaultValue></outcomeDeclaration><outcomeDeclaration identifier="MAXSCORE" cardinality="single" baseType="float"><defaultValue><value>2</value></defaultValue></outcomeDeclaration><outcomeDeclaration identifier="FEEDBACKBASIC" cardinality="single" baseType="identifier" view="testConstructor"><defaultValue><value>empty</value></defaultValue></outcomeDeclaration><templateDeclaration identifier="a" cardinality="single" baseType="integer" /><templateDeclaration identifier="b" cardinality="single" baseType="integer" /><templateDeclaration identifier="c" cardinality="single" baseType="integer" /><templateDeclaration identifier="d" cardinality="single" baseType="integer" /><templateDeclaration identifier="m2" cardinality="single" baseType="float" /><templateDeclaration identifier="m3" cardinality="single" baseType="float" /><templateDeclaration identifier="m4" cardinality="single" baseType="float" /><templateDeclaration identifier="ergebnis" cardinality="single" baseType="float" /><templateProcessing><setTemplateValue identifier="a"><randomInteger min="2" max="4" /></setTemplateValue><setTemplateValue identifier="b"><randomInteger min="1" max="6" /></setTemplateValue><setTemplateValue identifier="c"><randomInteger min="1" max="4" /></setTemplateValue><setTemplateValue identifier="d"><randomInteger min="1" max="3" /></setTemplateValue><setTemplateValue identifier="m2"><customOperator definition="MAXIMA" value="float($(1)+$(2)*$(3));"><variable identifier="b" /><variable identifier="a" /><variable identifier="d" /></customOperator></setTemplateValue><setTemplateValue identifier="m3"><customOperator definition="MAXIMA" value="float($(1)+$(2)*$(3));"><variable identifier="c" /><variable identifier="b" /><variable identifier="d" /></customOperator></setTemplateValue><setTemplateValue identifier="m4"><customOperator definition="MAXIMA" value="float($(1)*$(2));"><variable identifier="c" /><variable identifier="d" /></customOperator></setTemplateValue><setTemplateValue identifier="ergebnis"><customOperator definition="MAXIMA" value="float(-2*$(1)/3-2*$(2));"><variable identifier="a" /><variable identifier="c" /></customOperator></setTemplateValue><setCorrectResponse identifier="RESPONSE_1386598816158"><variable identifier="ergebnis" /></setCorrectResponse></templateProcessing><itemBody ><p>Let \(C\) be the semi circle from point \(1\) through \(0+1\mathrm i\) to \(-1\).</p><p>Compute the following integral! Round the result to two digits!</p><p>\(\displaystyle\int_C\frac{<printedVariable identifier="a" />z^3+<printedVariable identifier="m2" />z^2+<printedVariable identifier="m3" />z+<printedVariable identifier="m4" />}{z+<printedVariable identifier="d" />}\mathrm dz\) = <textEntryInteraction responseIdentifier="RESPONSE_1386598816158" expectedLength="5" /></p></itemBody><responseProcessing><responseCondition><responseIf><equal toleranceMode="absolute" tolerance="0.01 0.01" includeLowerBound="true" includeUpperBound="true"><variable identifier="RESPONSE_1386598816158" /><correct identifier="RESPONSE_1386598816158" /></equal><setOutcomeValue identifier="SCORE"><sum><variable identifier="SCORE" /><baseValue baseType="float">2</baseValue></sum></setOutcomeValue></responseIf></responseCondition><responseCondition><responseIf><not><isNull><variable identifier="RESPONSE_1386598816158" /></isNull></not><setOutcomeValue identifier="FEEDBACKBASIC"><baseValue baseType="identifier">incorrect</baseValue></setOutcomeValue></responseIf></responseCondition><responseCondition><responseIf><and><not><match><variable identifier="FEEDBACKBASIC" /><baseValue baseType="identifier">empty</baseValue></match></not><equal toleranceMode="exact"><variable identifier="SCORE" /><variable identifier="MAXSCORE" /></equal></and><setOutcomeValue identifier="FEEDBACKBASIC"><baseValue baseType="identifier">correct</baseValue></setOutcomeValue></responseIf></responseCondition></responseProcessing></assessmentItem>
