<?xml version="1.0" encoding="UTF-8"?>
<assessmentItem xmlns="http://www.imsglobal.org/xsd/imsqti_v2p1" xmlns:xsi="http://www.w3.org/2001/XMLSchema-instance" xsi:schemaLocation="http://www.imsglobal.org/xsd/imsqti_v2p1 imsqti_v2p1.xsd" identifier="id771c2bcb-bba8-463c-bf1b-d40702b80671" title="6. Grundlagen Projektmanagement" adaptive="false" timeDependent="false"><responseDeclaration identifier="RESPONSE_1" cardinality="multiple" baseType="identifier"><correctResponse><value>idf307a6c2-e693-4c88-9dc4-8444435b10ef</value><value>id0a149039-93b5-4ab8-9fee-739d5666ce2d</value><value>id142779bc-046a-4dff-85a1-f492d7520442</value><value>id635b6413-8515-4174-b553-2f05d288b717</value></correctResponse><mapping defaultValue="0" lowerBound="0.0"><mapEntry mapKey="idf307a6c2-e693-4c88-9dc4-8444435b10ef" mappedValue="1.0" /><mapEntry mapKey="id0c842cef-1175-4db9-b126-3e132205faf7" mappedValue="-2.0" /><mapEntry mapKey="id0a149039-93b5-4ab8-9fee-739d5666ce2d" mappedValue="1.0" /><mapEntry mapKey="id142779bc-046a-4dff-85a1-f492d7520442" mappedValue="1.0" /><mapEntry mapKey="id635b6413-8515-4174-b553-2f05d288b717" mappedValue="1.0" /></mapping></responseDeclaration><outcomeDeclaration identifier="SCORE" cardinality="single" baseType="float"><defaultValue><value>0</value></defaultValue></outcomeDeclaration><outcomeDeclaration identifier="MAXSCORE" cardinality="single" baseType="float"><defaultValue><value>4</value></defaultValue></outcomeDeclaration><outcomeDeclaration identifier="FEEDBACKBASIC" cardinality="single" baseType="identifier" view="testConstructor"><defaultValue><value>empty</value></defaultValue></outcomeDeclaration><itemBody><p xmlns=""><strong>Welche </strong>quantitativen <strong>Zielgrößen für Projekte sind bekannt? </strong></p><p xmlns="">(Klicken Sie die richtige(n) Antwort(en) an)</p><p xmlns=""> </p><p xmlns=""><strong>Antwort:</strong></p><choiceInteraction responseIdentifier="RESPONSE_1" shuffle="false" maxChoices="0"><simpleChoice identifier="idf307a6c2-e693-4c88-9dc4-8444435b10ef"><p xmlns=""><strong>Leistungs-/ Ergebnisziele</strong></p></simpleChoice><simpleChoice identifier="id0c842cef-1175-4db9-b126-3e132205faf7"><p xmlns=""><strong>Persönliche Karriereziele der Projektmitarbeiter<br /></strong></p></simpleChoice><simpleChoice identifier="id0a149039-93b5-4ab8-9fee-739d5666ce2d"><p xmlns=""><strong>Terminziele</strong></p></simpleChoice><simpleChoice identifier="id142779bc-046a-4dff-85a1-f492d7520442"><p xmlns=""><strong>Kosten-/ Aufwandsziele</strong></p></simpleChoice><simpleChoice identifier="id635b6413-8515-4174-b553-2f05d288b717"><p xmlns=""><strong>Kundenzufriedenheit</strong></p></simpleChoice></choiceInteraction></itemBody><responseProcessing><responseCondition><responseIf><not><isNull><variable identifier="RESPONSE_1" /></isNull></not><setOutcomeValue identifier="SCORE"><sum><variable identifier="SCORE" /><mapResponse identifier="RESPONSE_1" /></sum></setOutcomeValue><setOutcomeValue identifier="FEEDBACKBASIC"><baseValue baseType="identifier">incorrect</baseValue></setOutcomeValue></responseIf></responseCondition><responseCondition><responseIf><and><not><match><variable identifier="FEEDBACKBASIC" /><baseValue baseType="identifier">empty</baseValue></match></not><equal toleranceMode="exact"><variable identifier="SCORE" /><variable identifier="MAXSCORE" /></equal></and><setOutcomeValue identifier="FEEDBACKBASIC"><baseValue baseType="identifier">correct</baseValue></setOutcomeValue></responseIf></responseCondition></responseProcessing></assessmentItem>
