<?xml version="1.0" encoding="UTF-8"?>
<assessmentItem xmlns="http://www.imsglobal.org/xsd/imsqti_v2p1" xmlns:xsi="http://www.w3.org/2001/XMLSchema-instance" xsi:schemaLocation="http://www.imsglobal.org/xsd/imsqti_v2p1 http://www.imsglobal.org/xsd/qti/qtiv2p1/imsqti_v2p1p1.xsd http://www.w3.org/1998/Math/MathML http://www.w3.org/Math/XMLSchema/mathml2/mathml2.xsd" identifier="id8bcad885-730a-4aa9-a512-7aed8ea1b6a1" title="tangente_parallel_01" adaptive="false" timeDependent="false"><responseDeclaration identifier="RESPONSE_1410353866085" cardinality="single" baseType="string" /><responseDeclaration identifier="RESPONSE_1410353886175" cardinality="single" baseType="string" /><responseDeclaration identifier="RESPONSE_1410353945217" cardinality="single" baseType="float"><correctResponse><value>0</value></correctResponse></responseDeclaration><responseDeclaration identifier="RESPONSE_1410353986593" cardinality="single" baseType="string" /><outcomeDeclaration identifier="SCORE" cardinality="single" baseType="float"><defaultValue><value>0</value></defaultValue></outcomeDeclaration><outcomeDeclaration identifier="MAXSCORE" cardinality="single" baseType="float"><defaultValue><value>4</value></defaultValue></outcomeDeclaration><outcomeDeclaration identifier="FEEDBACKBASIC" cardinality="single" baseType="identifier" view="testConstructor"><defaultValue><value>empty</value></defaultValue></outcomeDeclaration><outcomeDeclaration identifier="FEEDBACKMODAL" cardinality="multiple" baseType="identifier" view="testConstructor" /><templateDeclaration identifier="a" cardinality="single" baseType="integer" /><templateDeclaration identifier="m" cardinality="single" baseType="integer" /><templateDeclaration identifier="b" cardinality="single" baseType="integer" /><templateDeclaration identifier="2b" cardinality="single" baseType="integer" /><templateDeclaration identifier="m^2" cardinality="single" baseType="integer" /><templateProcessing><setTemplateValue identifier="a"><randomInteger min="1" max="10" /></setTemplateValue><setTemplateValue identifier="m"><randomInteger min="2" max="8" step="2" /></setTemplateValue><setTemplateValue identifier="b"><randomInteger min="2" max="8" step="2" /></setTemplateValue><setTemplateValue identifier="2b"><customOperator definition="MAXIMA" value="float(2*$(1));"><variable identifier="b" /></customOperator></setTemplateValue><setTemplateValue identifier="m^2"><customOperator definition="MAXIMA" value="float($(1)*$(2));"><variable identifier="m" /><variable identifier="m" /></customOperator></setTemplateValue><setCorrectResponse identifier="RESPONSE_1410353866085"><customOperator definition="VARIABLESTRING" value="$(1)/$(2)"><variable identifier="m" /><variable identifier="2b" /></customOperator></setCorrectResponse><setCorrectResponse identifier="RESPONSE_1410353886175"><customOperator definition="VARIABLESTRING" value="$(2)/4/$(1)"><variable identifier="b" /><variable identifier="m^2" /></customOperator></setCorrectResponse><setCorrectResponse identifier="RESPONSE_1410353986593"><customOperator definition="VARIABLESTRING" value="-$(2)/4/$(1)"><variable identifier="b" /><variable identifier="m^2" /></customOperator></setCorrectResponse><setCorrectResponse identifier="RESPONSE_1410353945217"><variable identifier="m" /></setCorrectResponse></templateProcessing><itemBody ><p><p>Bestimmen Sie die Gleichung der Tangente an den Graphen der Funktion \(f(x) =<printedVariable identifier="b" />x^2\), die parallel ist zur Geraden  \(g: <printedVariable identifier="m" />x + <printedVariable identifier="a" /> – y = 0\).</p><p>Geben Sie dazu zunächst den Berührungspunkt \(P(x_0,f(x_0))\) an!</p><p>\(\qquad\qquad x_0 = \) <textEntryInteraction responseIdentifier="RESPONSE_1410353866085" expectedLength="5" />\(\qquad\qquad f(x_0) = \)<textEntryInteraction responseIdentifier="RESPONSE_1410353886175" expectedLength="5" /></p><p>Damit lautet die Gleichung der gesuchten Tangente: \(t(x) = \)<textEntryInteraction responseIdentifier="RESPONSE_1410353945217" expectedLength="5" />\(x +\) <textEntryInteraction responseIdentifier="RESPONSE_1410353986593" expectedLength="5" /></p><p> </p><p><strong>Hinweis:  </strong>Geben Sie Brüche bitte wie folgt ein: \[\frac xy =\] x/y</p><p>                 z.B. \[\frac14 = \] 1/4 = 0.25, aber \[\frac13 =\] 1/3 und nicht 0.3333...!</p></p></itemBody><responseProcessing><responseCondition><responseIf><customOperator definition="MAXIMA" value="is(equal(ev($(1)),ev($(2))));"><variable identifier="RESPONSE_1410353866085" /><correct identifier="RESPONSE_1410353866085" /></customOperator><setOutcomeValue identifier="SCORE"><sum><variable identifier="SCORE" /><baseValue baseType="float">1</baseValue></sum></setOutcomeValue></responseIf></responseCondition><responseCondition><responseIf><not><isNull><variable identifier="RESPONSE_1410353866085" /></isNull></not><setOutcomeValue identifier="FEEDBACKBASIC"><baseValue baseType="identifier">incorrect</baseValue></setOutcomeValue></responseIf></responseCondition><responseCondition><responseIf><customOperator definition="MAXIMA" value="is(equal(ev($(1)),ev($(2))));"><variable identifier="RESPONSE_1410353886175" /><correct identifier="RESPONSE_1410353886175" /></customOperator><setOutcomeValue identifier="SCORE"><sum><variable identifier="SCORE" /><baseValue baseType="float">1</baseValue></sum></setOutcomeValue></responseIf></responseCondition><responseCondition><responseIf><not><isNull><variable identifier="RESPONSE_1410353886175" /></isNull></not><setOutcomeValue identifier="FEEDBACKBASIC"><baseValue baseType="identifier">incorrect</baseValue></setOutcomeValue></responseIf></responseCondition><responseCondition><responseIf><equal toleranceMode="exact"><variable identifier="RESPONSE_1410353945217" /><correct identifier="RESPONSE_1410353945217" /></equal><setOutcomeValue identifier="SCORE"><sum><variable identifier="SCORE" /><baseValue baseType="float">1</baseValue></sum></setOutcomeValue></responseIf></responseCondition><responseCondition><responseIf><not><isNull><variable identifier="RESPONSE_1410353945217" /></isNull></not><setOutcomeValue identifier="FEEDBACKBASIC"><baseValue baseType="identifier">incorrect</baseValue></setOutcomeValue></responseIf></responseCondition><responseCondition><responseIf><customOperator definition="MAXIMA" value="is(equal(ev($(1)),ev($(2))));"><variable identifier="RESPONSE_1410353986593" /><correct identifier="RESPONSE_1410353986593" /></customOperator><setOutcomeValue identifier="SCORE"><sum><variable identifier="SCORE" /><baseValue baseType="float">1</baseValue></sum></setOutcomeValue></responseIf></responseCondition><responseCondition><responseIf><not><isNull><variable identifier="RESPONSE_1410353986593" /></isNull></not><setOutcomeValue identifier="FEEDBACKBASIC"><baseValue baseType="identifier">incorrect</baseValue></setOutcomeValue></responseIf></responseCondition><responseCondition><responseIf><and><not><match><variable identifier="FEEDBACKBASIC" /><baseValue baseType="identifier">empty</baseValue></match></not><equal toleranceMode="exact"><variable identifier="SCORE" /><variable identifier="MAXSCORE" /></equal></and><setOutcomeValue identifier="FEEDBACKBASIC"><baseValue baseType="identifier">correct</baseValue></setOutcomeValue></responseIf></responseCondition><responseCondition><responseIf><and><match><baseValue baseType="identifier">correct</baseValue><variable identifier="FEEDBACKBASIC" /></match></and><setOutcomeValue identifier="FEEDBACKMODAL"><multiple><variable identifier="FEEDBACKMODAL" /><baseValue baseType="identifier">Feedback1598355188</baseValue></multiple></setOutcomeValue></responseIf></responseCondition><responseCondition><responseIf><and><match><baseValue baseType="identifier">incorrect</baseValue><variable identifier="FEEDBACKBASIC" /></match></and><setOutcomeValue identifier="FEEDBACKMODAL"><multiple><variable identifier="FEEDBACKMODAL" /><baseValue baseType="identifier">Feedback682704393</baseValue></multiple></setOutcomeValue></responseIf></responseCondition></responseProcessing><modalFeedback  identifier="Feedback1598355188" outcomeIdentifier="FEEDBACKMODAL" showHide="show" title="Richtig!" /><modalFeedback  identifier="Feedback682704393" outcomeIdentifier="FEEDBACKMODAL" showHide="show" title="Leider falsch!"><p>Damit unsere Tangente parallel zur gegebenen Gerade verläuft, muss sie den gleichen Anstieg wie diese haben.</p><p>Der Anstieg der Geraden lässt sich leicht ablesen, also \(m = <printedVariable identifier="m" />\).</p><p> </p><p>Bekanntlich gibt die Ableitung einer Funktion in einem Punkt den Anstieg in diesem Punkt an.</p><p>Da eine Tangente mit gleichem Anstieg wie die Gerade gesucht ist, muss also die Ableitung mit \(m\) gleichgesetzt werden und so erhält man den Punkt \(P\).</p><p> </p><p>Nun ist nur noch \(n\) zu berechnen, indem man die erhaltenen Werte in die Gleichung \(y=mx+n\) einsetzt.</p></modalFeedback></assessmentItem>
