<?xml version="1.0" encoding="UTF-8"?>
<assessmentItem xmlns="http://www.imsglobal.org/xsd/imsqti_v2p1" xmlns:xsi="http://www.w3.org/2001/XMLSchema-instance" xsi:schemaLocation="http://www.imsglobal.org/xsd/imsqti_v2p1 http://www.imsglobal.org/xsd/qti/qtiv2p1/imsqti_v2p1p1.xsd http://www.w3.org/1998/Math/MathML http://www.w3.org/Math/XMLSchema/mathml2/mathml2.xsd" identifier="idbb9f3f59-243f-48df-9c0d-5f63526fcf94" title="komposition_sinus_01" adaptive="false" timeDependent="false"><responseDeclaration identifier="RESPONSE_1" cardinality="multiple" baseType="directedPair"><correctResponse><value>id041d920b-d960-4ce6-b5ef-f57648dcb1fc idab86d3a8-4663-452c-ac63-b608b9c156e0</value><value>idb98bde31-6585-4f40-887a-dde969831522 id6cb66fce-46ad-4486-8f10-4a69ce365369</value><value>idb98bde31-6585-4f40-887a-dde969831522 id6cb66fce-46ad-4486-8f10-4a69ce365369</value><value>idb98bde31-6585-4f40-887a-dde969831522 id6cb66fce-46ad-4486-8f10-4a69ce365369</value><value>idb98bde31-6585-4f40-887a-dde969831522 id6cb66fce-46ad-4486-8f10-4a69ce365369</value><value>idd1ca9c4b-5522-4540-b6a2-71d2ee63f379 idfcae49b9-f616-441c-ad57-409f247a1034</value><value>idd1ca9c4b-5522-4540-b6a2-71d2ee63f379 idfcae49b9-f616-441c-ad57-409f247a1034</value><value>idd1ca9c4b-5522-4540-b6a2-71d2ee63f379 idfcae49b9-f616-441c-ad57-409f247a1034</value><value>idd1ca9c4b-5522-4540-b6a2-71d2ee63f379 idfcae49b9-f616-441c-ad57-409f247a1034</value><value>id4d558251-a7f4-4fb0-b162-4027624307dc ida140a2bb-ed7c-437b-bf0b-759e07406e64</value><value>id4d558251-a7f4-4fb0-b162-4027624307dc ida140a2bb-ed7c-437b-bf0b-759e07406e64</value><value>id4d558251-a7f4-4fb0-b162-4027624307dc ida140a2bb-ed7c-437b-bf0b-759e07406e64</value><value>id4d558251-a7f4-4fb0-b162-4027624307dc ida140a2bb-ed7c-437b-bf0b-759e07406e64</value><value>id70cb1c1c-fd30-44d2-81d9-cf0f2684a96f iddcf9626d-405d-4c46-a82b-7976b90af1a4</value><value>id70cb1c1c-fd30-44d2-81d9-cf0f2684a96f iddcf9626d-405d-4c46-a82b-7976b90af1a4</value><value>id70cb1c1c-fd30-44d2-81d9-cf0f2684a96f iddcf9626d-405d-4c46-a82b-7976b90af1a4</value><value>id70cb1c1c-fd30-44d2-81d9-cf0f2684a96f iddcf9626d-405d-4c46-a82b-7976b90af1a4</value></correctResponse><mapping defaultValue="0" lowerBound="0.0"><mapEntry mapKey="id041d920b-d960-4ce6-b5ef-f57648dcb1fc idab86d3a8-4663-452c-ac63-b608b9c156e0" mappedValue="0.5" /><mapEntry mapKey="idb98bde31-6585-4f40-887a-dde969831522 id6cb66fce-46ad-4486-8f10-4a69ce365369" mappedValue="0.5" /><mapEntry mapKey="idd1ca9c4b-5522-4540-b6a2-71d2ee63f379 idfcae49b9-f616-441c-ad57-409f247a1034" mappedValue="0.5" /><mapEntry mapKey="id4d558251-a7f4-4fb0-b162-4027624307dc ida140a2bb-ed7c-437b-bf0b-759e07406e64" mappedValue="0.5" /><mapEntry mapKey="id70cb1c1c-fd30-44d2-81d9-cf0f2684a96f iddcf9626d-405d-4c46-a82b-7976b90af1a4" mappedValue="0.5" /><mapEntry mapKey="idd1ca9c4b-5522-4540-b6a2-71d2ee63f379 idfcae49b9-f616-441c-ad57-409f247a1034" mappedValue="0.5" /><mapEntry mapKey="id70cb1c1c-fd30-44d2-81d9-cf0f2684a96f iddcf9626d-405d-4c46-a82b-7976b90af1a4" mappedValue="0.5" /><mapEntry mapKey="id4d558251-a7f4-4fb0-b162-4027624307dc ida140a2bb-ed7c-437b-bf0b-759e07406e64" mappedValue="0.5" /><mapEntry mapKey="idb98bde31-6585-4f40-887a-dde969831522 id6cb66fce-46ad-4486-8f10-4a69ce365369" mappedValue="0.5" /></mapping></responseDeclaration><outcomeDeclaration identifier="SCORE" cardinality="single" baseType="float"><defaultValue><value>0</value></defaultValue></outcomeDeclaration><outcomeDeclaration identifier="MAXSCORE" cardinality="single" baseType="float"><defaultValue><value>2.5</value></defaultValue></outcomeDeclaration><outcomeDeclaration identifier="FEEDBACKBASIC" cardinality="single" baseType="identifier" view="testConstructor"><defaultValue><value>empty</value></defaultValue></outcomeDeclaration><itemBody ><p>Gegeben seien die Funktionen \(f(x)=x^2\), \(g(x)=2x\) sowie \(h(x)=\sin(x)\).</p><p>In der folgenden Skizze sind Kompositionen dieser 3 Funktionen dargestellt. Ordnen Sie diese zu!</p><p><img src="media%2Fmedium5578411838683639126komposition_sinus_08.png" alt="" width="834" height="400" /></p><matchInteraction responseIdentifier="RESPONSE_1" shuffle="true" maxAssociations="0"><simpleMatchSet><simpleAssociableChoice identifier="id70cb1c1c-fd30-44d2-81d9-cf0f2684a96f" fixed="false" matchMax="1"><p>\((f\circ g\circ h)(x)\)</p></simpleAssociableChoice><simpleAssociableChoice identifier="idb98bde31-6585-4f40-887a-dde969831522" fixed="false" matchMax="1"><p>\((f\circ h\circ g)(x)\)</p></simpleAssociableChoice><simpleAssociableChoice identifier="id4d558251-a7f4-4fb0-b162-4027624307dc" fixed="false" matchMax="1"><p>\((g\circ f\circ h)(x)\)</p></simpleAssociableChoice><simpleAssociableChoice identifier="idd1ca9c4b-5522-4540-b6a2-71d2ee63f379" fixed="false" matchMax="1"><p>\((g\circ h\circ f)(x)\)</p></simpleAssociableChoice><simpleAssociableChoice identifier="id041d920b-d960-4ce6-b5ef-f57648dcb1fc" fixed="false" matchMax="1"><p>\((h\circ g\circ f)(x)\)</p></simpleAssociableChoice></simpleMatchSet><simpleMatchSet><simpleAssociableChoice identifier="iddcf9626d-405d-4c46-a82b-7976b90af1a4" fixed="false" matchMax="0"><p>Funktion A</p></simpleAssociableChoice><simpleAssociableChoice identifier="id6cb66fce-46ad-4486-8f10-4a69ce365369" fixed="false" matchMax="0"><p>Funktion B</p></simpleAssociableChoice><simpleAssociableChoice identifier="idfcae49b9-f616-441c-ad57-409f247a1034" fixed="false" matchMax="0"><p>Funktion C</p></simpleAssociableChoice><simpleAssociableChoice identifier="ida140a2bb-ed7c-437b-bf0b-759e07406e64" fixed="false" matchMax="0"><p>Funktion D</p></simpleAssociableChoice><simpleAssociableChoice identifier="idab86d3a8-4663-452c-ac63-b608b9c156e0" fixed="false" matchMax="0"><p>Funktion E</p></simpleAssociableChoice></simpleMatchSet></matchInteraction></itemBody><responseProcessing><responseCondition><responseIf><not><isNull><variable identifier="RESPONSE_1" /></isNull></not><setOutcomeValue identifier="SCORE"><sum><variable identifier="SCORE" /><mapResponse identifier="RESPONSE_1" /></sum></setOutcomeValue><setOutcomeValue identifier="FEEDBACKBASIC"><baseValue baseType="identifier">incorrect</baseValue></setOutcomeValue></responseIf></responseCondition><responseCondition><responseIf><and><not><match><variable identifier="FEEDBACKBASIC" /><baseValue baseType="identifier">empty</baseValue></match></not><equal toleranceMode="exact"><variable identifier="SCORE" /><variable identifier="MAXSCORE" /></equal></and><setOutcomeValue identifier="FEEDBACKBASIC"><baseValue baseType="identifier">correct</baseValue></setOutcomeValue></responseIf></responseCondition></responseProcessing></assessmentItem>
