<?xml version="1.0" encoding="UTF-8"?>
<assessmentItem xmlns="http://www.imsglobal.org/xsd/imsqti_v2p1" xmlns:xsi="http://www.w3.org/2001/XMLSchema-instance" xsi:schemaLocation="http://www.imsglobal.org/xsd/imsqti_v2p1 http://www.imsglobal.org/xsd/qti/qtiv2p1/imsqti_v2p1p1.xsd http://www.w3.org/1998/Math/MathML http://www.w3.org/Math/XMLSchema/mathml2/mathml2.xsd" identifier="id63325497-0b03-4d61-bbcf-692ef21c22da" title="Asymptoten" adaptive="false" timeDependent="false"><responseDeclaration identifier="RESPONSE_1" cardinality="single" baseType="identifier"><correctResponse><value>idb1839873-2191-402a-958b-5213f7a5a20a</value></correctResponse></responseDeclaration><outcomeDeclaration identifier="SCORE" cardinality="single" baseType="float"><defaultValue><value>0</value></defaultValue></outcomeDeclaration><outcomeDeclaration identifier="MAXSCORE" cardinality="single" baseType="float"><defaultValue><value>1</value></defaultValue></outcomeDeclaration><outcomeDeclaration identifier="FEEDBACKBASIC" cardinality="single" baseType="identifier"><defaultValue><value>empty</value></defaultValue></outcomeDeclaration><itemBody ><p>Bestimmen Sie, ob die Funktion $$f(x)=\frac{x(x-1)}{x+1}$$ vertikale bzw. lineare Asymptoten besitzt.</p><p> </p><p>Zur Erinnerung: $$f$$ hat bei $$x_0$$ eine vertikale Asymptote, falls sowohl $$\lim_{x\rightarrow x_0+}f(x)\in\{-\infty,+\infty\}$$ als auch $$\lim_{x\rightarrow x_0-}f(x)\in\{-\infty,+\infty\}$$, $$f$$ hat an $$+\infty$$ die lineare Asymptote $$qx+p$$, falls $$\lim_{x\rightarrow\infty}f(x)-(qx+p)=0$$ und $$f$$ hat die lineare Asymptote $$rx+s$$ an $$-\infty$$, falls $$\lim_{x\rightarrow -\infty}f(x)-(rx+s)=0$$.</p><choiceInteraction responseIdentifier="RESPONSE_1" shuffle="true" maxChoices="1"><simpleChoice identifier="idb1839873-2191-402a-958b-5213f7a5a20a"><p>$$f$$ besitzt eine vertikale Asymptote bei $$x_0=-1$$ und lineare Asymptoten sowohl an $$+\infty$$ als auch an $$-\infty$$.</p></simpleChoice><simpleChoice identifier="id20194dee-1cbc-498d-95a7-0cbf4b5ebe78"><p>$$f$$ hat keine Asymptoten der genannten Art.</p></simpleChoice><simpleChoice identifier="id395dee43-3822-43f7-ade1-b0c3f90a4209"><p>$$f$$ besitzt von den genannten Asymptoten nur eine vertikale Asymptote bei $$x_0=-1$$.</p></simpleChoice><simpleChoice identifier="id24b8a7db-029d-443b-8cfb-587b30e3d743"><p>$$f$$ besitzt von den genannten Asymptoten nur eine vertikale Asymptote bei $$x_0=-1$$ und eine lineare Asymptote an $$+\infty$$.</p></simpleChoice></choiceInteraction></itemBody><responseProcessing><responseCondition><responseIf><isNull><variable identifier="RESPONSE_1" /></isNull><setOutcomeValue identifier="FEEDBACKBASIC"><baseValue baseType="identifier">empty</baseValue></setOutcomeValue></responseIf><responseElseIf><match><variable identifier="RESPONSE_1" /><correct identifier="RESPONSE_1" /></match><setOutcomeValue identifier="SCORE"><sum><variable identifier="SCORE" /><variable identifier="MAXSCORE" /></sum></setOutcomeValue><setOutcomeValue identifier="FEEDBACKBASIC"><baseValue baseType="identifier">correct</baseValue></setOutcomeValue></responseElseIf><responseElse><setOutcomeValue identifier="FEEDBACKBASIC"><baseValue baseType="identifier">incorrect</baseValue></setOutcomeValue></responseElse></responseCondition></responseProcessing></assessmentItem>
