<?xml version="1.0" encoding="UTF-8"?>
<assessmentItem xmlns="http://www.imsglobal.org/xsd/imsqti_v2p1" xmlns:xsi="http://www.w3.org/2001/XMLSchema-instance" xsi:schemaLocation="http://www.imsglobal.org/xsd/imsqti_v2p1 http://www.imsglobal.org/xsd/qti/qtiv2p1/imsqti_v2p1p1.xsd http://www.w3.org/1998/Math/MathML http://www.w3.org/Math/XMLSchema/mathml2/mathml2.xsd" identifier="id68f6ad40-b344-44ed-a415-8b02b3007d8d" title="Bogenlänge" adaptive="false" timeDependent="false"><responseDeclaration identifier="RESPONSE_1398855681511" cardinality="single" baseType="float"><correctResponse><value>0</value></correctResponse></responseDeclaration><responseDeclaration identifier="RESPONSE_1398855709808" cardinality="single" baseType="float"><correctResponse><value>0</value></correctResponse></responseDeclaration><responseDeclaration identifier="RESPONSE_1398854558014" cardinality="single" baseType="string" /><responseDeclaration identifier="RESPONSE_1394189096384" cardinality="single" baseType="float"><correctResponse><value>0</value></correctResponse></responseDeclaration><outcomeDeclaration identifier="SCORE" cardinality="single" baseType="float"><defaultValue><value>0</value></defaultValue></outcomeDeclaration><outcomeDeclaration identifier="MAXSCORE" cardinality="single" baseType="float"><defaultValue><value>7</value></defaultValue></outcomeDeclaration><outcomeDeclaration identifier="FEEDBACKBASIC" cardinality="single" baseType="identifier" view="testConstructor"><defaultValue><value>empty</value></defaultValue></outcomeDeclaration><outcomeDeclaration identifier="FEEDBACKMODAL" cardinality="multiple" baseType="identifier" view="testConstructor" /><templateDeclaration identifier="a" cardinality="single" baseType="integer" /><templateDeclaration identifier="b" cardinality="single" baseType="integer" /><templateDeclaration identifier="b1" cardinality="single" baseType="integer" /><templateDeclaration identifier="3a" cardinality="single" baseType="integer" /><templateDeclaration identifier="c" cardinality="single" baseType="integer" /><templateDeclaration identifier="x1" cardinality="single" baseType="integer" /><templateDeclaration identifier="x2" cardinality="single" baseType="integer" /><templateDeclaration identifier="L" cardinality="single" baseType="float" /><templateProcessing><setTemplateValue identifier="a"><randomInteger min="1" max="7" /></setTemplateValue><setTemplateValue identifier="b"><randomInteger min="1" max="7" /></setTemplateValue><setTemplateValue identifier="b1"><customOperator definition="MAXIMA" value="float($(1)-1);"><variable identifier="b" /></customOperator></setTemplateValue><setTemplateValue identifier="3a"><customOperator definition="MAXIMA" value="float(3*$(1));"><variable identifier="a" /></customOperator></setTemplateValue><setTemplateValue identifier="c"><randomInteger min="1" max="8" /></setTemplateValue><setTemplateValue identifier="x1"><randomInteger min="1" max="5" /></setTemplateValue><setTemplateValue identifier="x2"><customOperator definition="MAXIMA" value="float($(1)+2);"><variable identifier="x1" /></customOperator></setTemplateValue><setTemplateValue identifier="L"><customOperator definition="MAXIMA" value="float(integrate(sqrt($(1)*x+$(2)),x,$(3),$(4)))"><variable identifier="a" /><variable identifier="b" /><variable identifier="x1" /><variable identifier="x2" /></customOperator></setTemplateValue><setCorrectResponse identifier="RESPONSE_1398854558014"><customOperator definition="VARIABLESTRING" value="($(2)+$(1)*x)^(1/2)"><variable identifier="a" /><variable identifier="b" /></customOperator></setCorrectResponse><setCorrectResponse identifier="RESPONSE_1398855681511"><variable identifier="x1" /></setCorrectResponse><setCorrectResponse identifier="RESPONSE_1398855709808"><variable identifier="x2" /></setCorrectResponse><setCorrectResponse identifier="RESPONSE_1394189096384"><variable identifier="L" /></setCorrectResponse></templateProcessing><itemBody ><p>Berechnen Sie die <strong>Bogenlänge L</strong> der Kurve \( f(x) = \frac{2}{<printedVariable identifier="3a" />}\cdot \sqrt{(<printedVariable identifier="a" />x+<printedVariable identifier="b1" />)^3} +<printedVariable identifier="c" /> \) über dem Intervall \( I = [<printedVariable identifier="x1" />, <printedVariable identifier="x2" /> ] \)</p><p>Rechnungen: Die Anwendung der Kurvenformel zur Berechnung von L führt auf folgendes Integral:</p><p>\( L = \int_a^b g(x) \ dx \) mit einer Funktion g(x) und reellen Zahlen a,b. <strong>Geben Sie a, b und g(x) ohne gerundet zu haben</strong> <strong>in Maxima-Schreibweise ein</strong>:</p><p>--------Erläuterungen zur Maxima Schreibweise: --------------</p><p>Beispiel:  Für die Funktion \( (\frac{1}{2}-\frac{3}{10} \cdot x^3)^{\frac{5}{2}}\) sind korrekte Maxima Eingaben:</p><p>(1/2-3/10*x^3)^(5/2)    oder</p><p>(0.5-0.3*x^3)^2.5         oder auch</p><p>sqrt((1/2-0.3*x^3)^5) </p><p>Alle diese Schreibweisen definieren dieselbe Funktion und werden von Maxima erkannt.</p><p>Beachte, dass der * für eine Multiplikation gesetzt werden muss.</p><p>---------  Ende Erläuterungen Maxima Schreibeweise ---------------</p><p>a = <textEntryInteraction responseIdentifier="RESPONSE_1398855681511" />, b = <textEntryInteraction responseIdentifier="RESPONSE_1398855709808" /></p><p>g(x) = <textEntryInteraction responseIdentifier="RESPONSE_1398854558014" expectedLength="17" class="maxima-formula show-latex show-syntax-error" />   (Durch anklicken des <em>? </em> kann geprüft werden, ob die eingegebene Syntax korrekt ist.)</p><p>Berechne jetzt L und runde auf 2 Stellen nach dem Komma:</p><p>L = <textEntryInteraction responseIdentifier="RESPONSE_1394189096384" /></p><p> </p></itemBody><responseProcessing><responseCondition><responseIf><equal toleranceMode="exact"><variable identifier="RESPONSE_1398855681511" /><correct identifier="RESPONSE_1398855681511" /></equal><setOutcomeValue identifier="SCORE"><sum><variable identifier="SCORE" /><baseValue baseType="float">1</baseValue></sum></setOutcomeValue></responseIf></responseCondition><responseCondition><responseIf><not><isNull><variable identifier="RESPONSE_1398855681511" /></isNull></not><setOutcomeValue identifier="FEEDBACKBASIC"><baseValue baseType="identifier">incorrect</baseValue></setOutcomeValue></responseIf></responseCondition><responseCondition><responseIf><equal toleranceMode="exact"><variable identifier="RESPONSE_1398855709808" /><correct identifier="RESPONSE_1398855709808" /></equal><setOutcomeValue identifier="SCORE"><sum><variable identifier="SCORE" /><baseValue baseType="float">1</baseValue></sum></setOutcomeValue></responseIf></responseCondition><responseCondition><responseIf><not><isNull><variable identifier="RESPONSE_1398855709808" /></isNull></not><setOutcomeValue identifier="FEEDBACKBASIC"><baseValue baseType="identifier">incorrect</baseValue></setOutcomeValue></responseIf></responseCondition><responseCondition><responseIf><customOperator definition="MAXIMA" value="is(equal(ev($(1)),ev($(2))));"><variable identifier="RESPONSE_1398854558014" /><correct identifier="RESPONSE_1398854558014" /></customOperator><setOutcomeValue identifier="SCORE"><sum><variable identifier="SCORE" /><baseValue baseType="float">2</baseValue></sum></setOutcomeValue></responseIf></responseCondition><responseCondition><responseIf><not><isNull><variable identifier="RESPONSE_1398854558014" /></isNull></not><setOutcomeValue identifier="FEEDBACKBASIC"><baseValue baseType="identifier">incorrect</baseValue></setOutcomeValue></responseIf></responseCondition><responseCondition><responseIf><equal toleranceMode="absolute" tolerance="0.1 0.1" includeLowerBound="true" includeUpperBound="true"><variable identifier="RESPONSE_1394189096384" /><correct identifier="RESPONSE_1394189096384" /></equal><setOutcomeValue identifier="SCORE"><sum><variable identifier="SCORE" /><baseValue baseType="float">3</baseValue></sum></setOutcomeValue></responseIf></responseCondition><responseCondition><responseIf><not><isNull><variable identifier="RESPONSE_1394189096384" /></isNull></not><setOutcomeValue identifier="FEEDBACKBASIC"><baseValue baseType="identifier">incorrect</baseValue></setOutcomeValue></responseIf></responseCondition><responseCondition><responseIf><and><not><match><variable identifier="FEEDBACKBASIC" /><baseValue baseType="identifier">empty</baseValue></match></not><equal toleranceMode="exact"><variable identifier="SCORE" /><variable identifier="MAXSCORE" /></equal></and><setOutcomeValue identifier="FEEDBACKBASIC"><baseValue baseType="identifier">correct</baseValue></setOutcomeValue></responseIf></responseCondition><responseCondition><responseIf><and><match><baseValue baseType="identifier">correct</baseValue><variable identifier="FEEDBACKBASIC" /></match></and><setOutcomeValue identifier="FEEDBACKMODAL"><multiple><variable identifier="FEEDBACKMODAL" /><baseValue baseType="identifier">Feedback1824827537</baseValue></multiple></setOutcomeValue></responseIf></responseCondition><responseCondition><responseIf><and><match><baseValue baseType="identifier">incorrect</baseValue><variable identifier="FEEDBACKBASIC" /></match></and><setOutcomeValue identifier="FEEDBACKMODAL"><multiple><variable identifier="FEEDBACKMODAL" /><baseValue baseType="identifier">Feedback1376844135</baseValue></multiple></setOutcomeValue></responseIf></responseCondition><responseCondition><responseIf><and><equal toleranceMode="exact"><variable identifier="SCORE" /><baseValue baseType="float">1</baseValue></equal><equal toleranceMode="exact"><variable identifier="SCORE" /><baseValue baseType="float">0</baseValue></equal></and><setOutcomeValue identifier="FEEDBACKMODAL"><multiple><variable identifier="FEEDBACKMODAL" /><baseValue baseType="identifier">Feedback324479988</baseValue></multiple></setOutcomeValue></responseIf></responseCondition></responseProcessing><modalFeedback  identifier="Feedback1824827537" outcomeIdentifier="FEEDBACKMODAL" showHide="show"><p><strong> </strong></p></modalFeedback><modalFeedback  identifier="Feedback1376844135" outcomeIdentifier="FEEDBACKMODAL" showHide="show"><p><strong>Beispiel: Ansatz für die Funktion \( f(x) = \sqrt{x^3}+2\) auf dem Intervall I = [1,4]:</strong></p><p><strong>\( L = \int_1^4 \sqrt{1+f'(x)^2}\ dx = \int_1^4 \sqrt{1+ \frac{9x}{4}}\ dx \)</strong></p></modalFeedback><modalFeedback  identifier="Feedback324479988" outcomeIdentifier="FEEDBACKMODAL" showHide="show" /></assessmentItem>
