<?xml version="1.0" encoding="UTF-8"?>
<assessmentItem xmlns="http://www.imsglobal.org/xsd/imsqti_v2p1" xmlns:xsi="http://www.w3.org/2001/XMLSchema-instance" xsi:schemaLocation="http://www.imsglobal.org/xsd/imsqti_v2p1 http://www.imsglobal.org/xsd/qti/qtiv2p1/imsqti_v2p1p1.xsd http://www.w3.org/1998/Math/MathML http://www.w3.org/Math/XMLSchema/mathml2/mathml2.xsd" identifier="ide39338bb-53f1-430e-8968-5851b517523d" title="ungleichung_02" adaptive="false" timeDependent="false"><responseDeclaration identifier="RESPONSE_1409232758135" cardinality="single" baseType="float"><correctResponse><value>0</value></correctResponse></responseDeclaration><responseDeclaration identifier="RESPONSE_1409232751240" cardinality="single" baseType="string" /><outcomeDeclaration identifier="SCORE" cardinality="single" baseType="float"><defaultValue><value>0</value></defaultValue></outcomeDeclaration><outcomeDeclaration identifier="MAXSCORE" cardinality="single" baseType="float"><defaultValue><value>2</value></defaultValue></outcomeDeclaration><outcomeDeclaration identifier="FEEDBACKBASIC" cardinality="single" baseType="identifier" view="testConstructor"><defaultValue><value>empty</value></defaultValue></outcomeDeclaration><outcomeDeclaration identifier="FEEDBACKMODAL" cardinality="multiple" baseType="identifier" view="testConstructor" /><templateDeclaration identifier="form" cardinality="single" baseType="integer" /><templateDeclaration identifier="relation" cardinality="single" baseType="string" /><templateDeclaration identifier="a" cardinality="single" baseType="integer" /><templateDeclaration identifier="b" cardinality="single" baseType="integer" /><templateDeclaration identifier="sgn_b" cardinality="single" baseType="string" /><templateDeclaration identifier="c" cardinality="single" baseType="integer" /><templateDeclaration identifier="ab" cardinality="single" baseType="integer" /><templateDeclaration identifier="h" cardinality="single" baseType="integer" /><templateDeclaration identifier="tex1" cardinality="single" baseType="string" /><templateDeclaration identifier="tex2" cardinality="single" baseType="string" /><templateDeclaration identifier="z" cardinality="single" baseType="string" /><templateProcessing><setTemplateValue identifier="form"><random><multiple><baseValue baseType="integer">1</baseValue><baseValue baseType="integer">2</baseValue></multiple></random></setTemplateValue><setTemplateValue identifier="relation"><random><multiple><baseValue baseType="string">\leq</baseValue><baseValue baseType="string">\geq</baseValue></multiple></random></setTemplateValue><templateCondition><templateIf><match><variable identifier="form" /><baseValue baseType="integer">1</baseValue></match><setTemplateValue identifier="relation"><random><multiple><baseValue baseType="string">\geq</baseValue></multiple></random></setTemplateValue></templateIf><templateElse><setTemplateValue identifier="relation"><random><multiple><baseValue baseType="string">\leq</baseValue></multiple></random></setTemplateValue></templateElse></templateCondition><setTemplateValue identifier="a"><randomInteger min="-6" max="-2" /></setTemplateValue><setTemplateValue identifier="b"><randomInteger min="1" max="5" /></setTemplateValue><setTemplateValue identifier="sgn_b"><random><multiple><baseValue baseType="string">+</baseValue><baseValue baseType="string">-</baseValue></multiple></random></setTemplateValue><setTemplateValue identifier="c"><random><multiple><baseValue baseType="integer">-3</baseValue><baseValue baseType="integer">-2</baseValue><baseValue baseType="integer">-1</baseValue><baseValue baseType="integer">1</baseValue><baseValue baseType="integer">2</baseValue><baseValue baseType="integer">3</baseValue><baseValue baseType="integer">4</baseValue><baseValue baseType="integer">5</baseValue></multiple></random></setTemplateValue><setTemplateValue identifier="ab"><customOperator definition="MAXIMA" value="float($(1)*$(2)$(3));"><variable identifier="a" /><variable identifier="sgn_b" /><variable identifier="b" /></customOperator></setTemplateValue><setTemplateValue identifier="h"><customOperator definition="MAXIMA" value="float($(1)-$(2));"><variable identifier="c" /><variable identifier="ab" /></customOperator></setTemplateValue><setTemplateValue identifier="tex1"><customOperator definition="MAXIMA" value="tex1($(1) -$(2)$(3)*$(4))"><variable identifier="c" /><variable identifier="sgn_b" /><variable identifier="a" /><variable identifier="b" /></customOperator></setTemplateValue><setTemplateValue identifier="tex2"><customOperator definition="MAXIMA" value="tex1($(1)/$(2))"><variable identifier="h" /><variable identifier="a" /></customOperator></setTemplateValue><setTemplateValue identifier="z"><random><multiple><baseValue baseType="string">\leq</baseValue><baseValue baseType="string">\geq</baseValue></multiple></random></setTemplateValue><templateCondition><templateIf><match><variable identifier="form" /><baseValue baseType="integer">1</baseValue></match><setTemplateValue identifier="z"><random><multiple><baseValue baseType="string">\leq</baseValue></multiple></random></setTemplateValue></templateIf><templateElse><setTemplateValue identifier="z"><random><multiple><baseValue baseType="string">\geq</baseValue></multiple></random></setTemplateValue></templateElse></templateCondition><setCorrectResponse identifier="RESPONSE_1409232751240"><customOperator definition="VARIABLESTRING" value="$(2)/$(1)"><variable identifier="a" /><variable identifier="h" /></customOperator></setCorrectResponse><setCorrectResponse identifier="RESPONSE_1409232758135"><variable identifier="form" /></setCorrectResponse></templateProcessing><itemBody ><p>Wir betrachten die Ungleichung $$<printedVariable identifier="a" /> (x <printedVariable identifier="sgn_b" /><printedVariable identifier="b" />) <printedVariable identifier="relation" /> <printedVariable identifier="c" />$$.</p><p>Welche Form hat die Lösungsmenge?</p><p><strong>Form 1:</strong> \( \mathcal L = (-\infty, a]\) oder</p><p><strong>Form 2:</strong> \( \mathcal L = [a, \infty)\)</p><p><strong>Lösung:</strong> Die Lösungsmenge ist von der Form<textEntryInteraction responseIdentifier="RESPONSE_1409232758135" expectedLength="3" /> (bitte geben Sie 1 oder 2 ein!). Dabei ist \(a =\)<textEntryInteraction responseIdentifier="RESPONSE_1409232751240" expectedLength="3" />.</p><p><strong>Hinweis:  </strong>Geben Sie Brüche bitte wie folgt ein: \[\frac xy =\] <strong>x/y. </strong>Geben Sie bitte <strong>keine Kommazahlen</strong> ein!</p><p>                z.B. \[\tfrac13 =\] <strong>1/3</strong> und <span style="text-decoration: underline;">nicht</span> <strong>0.3333</strong>...!</p></itemBody><responseProcessing><responseCondition><responseIf><equal toleranceMode="exact"><variable identifier="RESPONSE_1409232758135" /><correct identifier="RESPONSE_1409232758135" /></equal><setOutcomeValue identifier="SCORE"><sum><variable identifier="SCORE" /><baseValue baseType="float">1</baseValue></sum></setOutcomeValue></responseIf></responseCondition><responseCondition><responseIf><not><isNull><variable identifier="RESPONSE_1409232758135" /></isNull></not><setOutcomeValue identifier="FEEDBACKBASIC"><baseValue baseType="identifier">incorrect</baseValue></setOutcomeValue></responseIf></responseCondition><responseCondition><responseIf><customOperator definition="MAXIMA" value="is(equal(ev($(1)),ev($(2))));"><variable identifier="RESPONSE_1409232751240" /><correct identifier="RESPONSE_1409232751240" /></customOperator><setOutcomeValue identifier="SCORE"><sum><variable identifier="SCORE" /><baseValue baseType="float">1</baseValue></sum></setOutcomeValue></responseIf></responseCondition><responseCondition><responseIf><not><isNull><variable identifier="RESPONSE_1409232751240" /></isNull></not><setOutcomeValue identifier="FEEDBACKBASIC"><baseValue baseType="identifier">incorrect</baseValue></setOutcomeValue></responseIf></responseCondition><responseCondition><responseIf><and><not><match><variable identifier="FEEDBACKBASIC" /><baseValue baseType="identifier">empty</baseValue></match></not><equal toleranceMode="exact"><variable identifier="SCORE" /><variable identifier="MAXSCORE" /></equal></and><setOutcomeValue identifier="FEEDBACKBASIC"><baseValue baseType="identifier">correct</baseValue></setOutcomeValue></responseIf></responseCondition><responseCondition><responseIf><and><match><baseValue baseType="identifier">correct</baseValue><variable identifier="FEEDBACKBASIC" /></match></and><setOutcomeValue identifier="FEEDBACKMODAL"><multiple><variable identifier="FEEDBACKMODAL" /><baseValue baseType="identifier">Feedback2066186066</baseValue></multiple></setOutcomeValue></responseIf></responseCondition><responseCondition><responseIf><and><match><baseValue baseType="identifier">incorrect</baseValue><variable identifier="FEEDBACKBASIC" /></match></and><setOutcomeValue identifier="FEEDBACKMODAL"><multiple><variable identifier="FEEDBACKMODAL" /><baseValue baseType="identifier">Feedback1232594866</baseValue></multiple></setOutcomeValue></responseIf></responseCondition></responseProcessing><modalFeedback  identifier="Feedback2066186066" outcomeIdentifier="FEEDBACKMODAL" showHide="show" title="Richtig!"><p>Lösung:</p><p>$$<printedVariable identifier="a" /> (x <printedVariable identifier="sgn_b" /><printedVariable identifier="b" />) <printedVariable identifier="relation" /> <printedVariable identifier="c" /> \iff <printedVariable identifier="a" />x <printedVariable identifier="relation" /> <printedVariable identifier="tex1" /> \iff x <printedVariable identifier="z" /> <printedVariable identifier="tex2" />$$</p><p>d.h. die Lösungsmenge ist von der Form <strong><printedVariable identifier="form" /> </strong>mit \(a= <printedVariable identifier="tex2" />\).</p></modalFeedback><modalFeedback  identifier="Feedback1232594866" outcomeIdentifier="FEEDBACKMODAL" showHide="show" title="Leider falsch!"><p>Lösung:</p><p>$$<printedVariable identifier="a" /> (x <printedVariable identifier="sgn_b" /><printedVariable identifier="b" />) <printedVariable identifier="relation" /> <printedVariable identifier="c" /> \iff <printedVariable identifier="a" />x <printedVariable identifier="relation" /> <printedVariable identifier="tex1" /> \iff x <printedVariable identifier="z" /> <printedVariable identifier="tex2" />$$</p><p>d.h. die Lösungsmenge ist von der Form <strong><printedVariable identifier="form" /> </strong>mit \(a= <printedVariable identifier="tex2" />\).</p></modalFeedback></assessmentItem>
