<?xml version="1.0" encoding="UTF-8"?>
<assessmentItem xmlns="http://www.imsglobal.org/xsd/imsqti_v2p1" xmlns:xsi="http://www.w3.org/2001/XMLSchema-instance" xsi:schemaLocation="http://www.imsglobal.org/xsd/imsqti_v2p1 http://www.imsglobal.org/xsd/qti/qtiv2p1/imsqti_v2p1p1.xsd http://www.w3.org/1998/Math/MathML http://www.w3.org/Math/XMLSchema/mathml2/mathml2.xsd" identifier="id6b95e930-f400-4c9e-bba7-27383e7adf96" title="quotientenregel_05" adaptive="false" timeDependent="false"><responseDeclaration identifier="RESPONSE_1408712311636" cardinality="single" baseType="string" /><outcomeDeclaration identifier="SCORE" cardinality="single" baseType="float"><defaultValue><value>0</value></defaultValue></outcomeDeclaration><outcomeDeclaration identifier="MAXSCORE" cardinality="single" baseType="float"><defaultValue><value>1</value></defaultValue></outcomeDeclaration><outcomeDeclaration identifier="FEEDBACKBASIC" cardinality="single" baseType="identifier" view="testConstructor"><defaultValue><value>empty</value></defaultValue></outcomeDeclaration><outcomeDeclaration identifier="FEEDBACKMODAL" cardinality="multiple" baseType="identifier" view="testConstructor" /><templateProcessing><setCorrectResponse identifier="RESPONSE_1408712311636"><customOperator definition="VARIABLESTRING" value="" /></setCorrectResponse></templateProcessing><itemBody ><p>Geben Sie die Ableitung der Funktion $$f(x) = \frac{\sin x + \cos x}{\sin x - \cos x}$$ an! Bitte vereinfachen Sie Ihre Lösung soweit wie möglich.</p><p><strong>Ergebnis:</strong> $$f'(x) = $$<textEntryInteraction responseIdentifier="RESPONSE_1408712311636" expectedLength="25" class="maxima-formula show-latex" /></p><p> </p><p>Hinweise zur Formeleingabe:</p><ul><li>\(\frac{x}{y}\) = x/y, \(x^y\) = x^y, \(\sin x\) = sin(x), \(\cos x\) = cos(x)</li><li>\(x\cdot y\) = x*y, z.B. \(3x\) = 3*x  \(\Rightarrow\)  Bitte keine * vergessen!</li><li>Durch Klicken auf die ?-Schaltfläche können Sie Ihre Formel vor Speichern der Antwort zunächst überprüfen.</li></ul></itemBody><responseProcessing><responseCondition><responseIf><customOperator definition="MAXIMA" value="is(equal(trigsimp($(1)),trigsimp(-2/((sin(x)-cos(x))^2)))) or is(equal(trigsimp($(1)),trigsimp(-2/((sinx-cosx)^2))));"><variable identifier="RESPONSE_1408712311636" /><correct identifier="RESPONSE_1408712311636" /></customOperator><setOutcomeValue identifier="SCORE"><sum><variable identifier="SCORE" /><baseValue baseType="float">1</baseValue></sum></setOutcomeValue></responseIf></responseCondition><responseCondition><responseIf><not><isNull><variable identifier="RESPONSE_1408712311636" /></isNull></not><setOutcomeValue identifier="FEEDBACKBASIC"><baseValue baseType="identifier">incorrect</baseValue></setOutcomeValue></responseIf></responseCondition><responseCondition><responseIf><and><not><match><variable identifier="FEEDBACKBASIC" /><baseValue baseType="identifier">empty</baseValue></match></not><equal toleranceMode="exact"><variable identifier="SCORE" /><variable identifier="MAXSCORE" /></equal></and><setOutcomeValue identifier="FEEDBACKBASIC"><baseValue baseType="identifier">correct</baseValue></setOutcomeValue></responseIf></responseCondition><responseCondition><responseIf><and><match><baseValue baseType="identifier">correct</baseValue><variable identifier="FEEDBACKBASIC" /></match></and><setOutcomeValue identifier="FEEDBACKMODAL"><multiple><variable identifier="FEEDBACKMODAL" /><baseValue baseType="identifier">Feedback962054363</baseValue></multiple></setOutcomeValue></responseIf></responseCondition><responseCondition><responseIf><and><match><baseValue baseType="identifier">incorrect</baseValue><variable identifier="FEEDBACKBASIC" /></match></and><setOutcomeValue identifier="FEEDBACKMODAL"><multiple><variable identifier="FEEDBACKMODAL" /><baseValue baseType="identifier">Feedback463500475</baseValue></multiple></setOutcomeValue></responseIf></responseCondition></responseProcessing><modalFeedback  identifier="Feedback962054363" outcomeIdentifier="FEEDBACKMODAL" showHide="show" title="Richtig!" /><modalFeedback  identifier="Feedback463500475" outcomeIdentifier="FEEDBACKMODAL" showHide="show" title="Lösung:"><p>$$\qquad\qquad f'(x) = \frac{(\cos x - \sin x)(\sin x - \cos x)-(\sin x + \cos x)(\cos x + \sin x)}{(\sin x - \cos x)^2} =$$</p><p>$$\qquad\qquad\qquad\;\; = \frac{-\cos ^2x +2\cos x\sin x -\sin^2x-(\sin^2x +2\sin x\cos x + \cos^2x)}{(\sin x - \cos x)^2} = \frac{-2(\sin^2x + \cos^2x)}{(\sin x - \cos x)^2} = -\frac{2}{(\sin x - \cos x)^2}$$</p></modalFeedback></assessmentItem>
