<?xml version="1.0" encoding="UTF-8"?>
<assessmentItem xmlns="http://www.imsglobal.org/xsd/imsqti_v2p1" xmlns:xsi="http://www.w3.org/2001/XMLSchema-instance" xsi:schemaLocation="http://www.imsglobal.org/xsd/imsqti_v2p1 http://www.imsglobal.org/xsd/qti/qtiv2p1/imsqti_v2p1p1.xsd http://www.w3.org/1998/Math/MathML http://www.w3.org/Math/XMLSchema/mathml2/mathml2.xsd" identifier="idcbdccab2-5c9c-4c50-a0b4-6be386a16333" title="ExactOrNot" adaptive="false" timeDependent="false"><responseDeclaration identifier="RESPONSE_1" cardinality="multiple" baseType="identifier"><correctResponse><value>idfbb4cfdd-cdb2-45a6-8f5d-93889f536b53</value><value>id3e3c39ca-2cfa-43b9-87f3-8f96c877bc5d</value><value>id6d6d9851-1fef-4e92-bc7e-63bdaf84a62f</value></correctResponse><mapping defaultValue="0" lowerBound="0.0"><mapEntry mapKey="idfbb4cfdd-cdb2-45a6-8f5d-93889f536b53" mappedValue="0.5" /><mapEntry mapKey="id2854ef86-24b1-4201-8523-4f6a6c6d7a7d" mappedValue="-1.0" /><mapEntry mapKey="id3e3c39ca-2cfa-43b9-87f3-8f96c877bc5d" mappedValue="0.5" /><mapEntry mapKey="id6d6d9851-1fef-4e92-bc7e-63bdaf84a62f" mappedValue="0.5" /></mapping></responseDeclaration><outcomeDeclaration identifier="SCORE" cardinality="single" baseType="float"><defaultValue><value>0</value></defaultValue></outcomeDeclaration><outcomeDeclaration identifier="MAXSCORE" cardinality="single" baseType="float"><defaultValue><value>1.5</value></defaultValue></outcomeDeclaration><outcomeDeclaration identifier="FEEDBACKBASIC" cardinality="single" baseType="identifier" view="testConstructor"><defaultValue><value>empty</value></defaultValue></outcomeDeclaration><templateDeclaration identifier="alpha" cardinality="single" baseType="integer" /><templateDeclaration identifier="beta" cardinality="single" baseType="integer" /><templateDeclaration identifier="gamma" cardinality="single" baseType="integer" /><templateProcessing><setTemplateValue identifier="alpha"><randomInteger min="2" max="4" /></setTemplateValue><setTemplateValue identifier="beta"><randomInteger min="1" max="4" /></setTemplateValue><setTemplateValue identifier="gamma"><randomInteger min="1" max="4" /></setTemplateValue></templateProcessing><itemBody ><p>Welche der folgenden Differenzialgleichungen sind exakt?</p><choiceInteraction responseIdentifier="RESPONSE_1" shuffle="true" maxChoices="0" orientation="horizontal"><simpleChoice identifier="idfbb4cfdd-cdb2-45a6-8f5d-93889f536b53"><p>$$x(x^<printedVariable identifier="alpha" />-2 y y') = x^2 + y^2$$</p></simpleChoice><simpleChoice identifier="id2854ef86-24b1-4201-8523-4f6a6c6d7a7d"><p>$$\frac{x(x^<printedVariable identifier="beta" />-2 y y')}{x^2 + y^2} = 1$$</p></simpleChoice><simpleChoice identifier="id3e3c39ca-2cfa-43b9-87f3-8f96c877bc5d"><p>$$\frac{\ln(x^<printedVariable identifier="gamma" />)y^{<printedVariable identifier="gamma" />}y'}{y} = \frac{\ln(x^<printedVariable identifier="gamma" />) - y^<printedVariable identifier="gamma" />}{x}$$</p></simpleChoice><simpleChoice identifier="id6d6d9851-1fef-4e92-bc7e-63bdaf84a62f"><p>$$\sqrt{x^2+y^2}y'=\sqrt{x^2+y^2}$$</p></simpleChoice></choiceInteraction></itemBody><responseProcessing><responseCondition><responseIf><not><isNull><variable identifier="RESPONSE_1" /></isNull></not><setOutcomeValue identifier="SCORE"><sum><variable identifier="SCORE" /><mapResponse identifier="RESPONSE_1" /></sum></setOutcomeValue><setOutcomeValue identifier="FEEDBACKBASIC"><baseValue baseType="identifier">incorrect</baseValue></setOutcomeValue></responseIf></responseCondition><responseCondition><responseIf><and><not><match><variable identifier="FEEDBACKBASIC" /><baseValue baseType="identifier">empty</baseValue></match></not><equal toleranceMode="exact"><variable identifier="SCORE" /><variable identifier="MAXSCORE" /></equal></and><setOutcomeValue identifier="FEEDBACKBASIC"><baseValue baseType="identifier">correct</baseValue></setOutcomeValue></responseIf></responseCondition></responseProcessing></assessmentItem>
