<?xml version="1.0" encoding="UTF-8"?>
<assessmentItem xmlns="http://www.imsglobal.org/xsd/imsqti_v2p1" xmlns:xsi="http://www.w3.org/2001/XMLSchema-instance" xsi:schemaLocation="http://www.imsglobal.org/xsd/imsqti_v2p1 imsqti_v2p1.xsd" identifier="id06024ce4-3ad1-4652-bfef-ee37856f074f" title="16. Grundlagen Projektmanagement" adaptive="false" timeDependent="false"><responseDeclaration identifier="RESPONSE_1" cardinality="multiple" baseType="identifier"><correctResponse><value>id1ecaae4f-132c-4068-804d-1d148f27a8a6</value><value>idea328c47-ed43-4bc0-842b-b1371bc4e586</value><value>id8684591e-0812-4c19-8a51-ced53129d4c8</value></correctResponse><mapping defaultValue="0" lowerBound="0.0"><mapEntry mapKey="id1ecaae4f-132c-4068-804d-1d148f27a8a6" mappedValue="1.0" /><mapEntry mapKey="id05463779-d85c-4cde-a24b-c82501e6e90c" mappedValue="-2.0" /><mapEntry mapKey="idea328c47-ed43-4bc0-842b-b1371bc4e586" mappedValue="1.0" /><mapEntry mapKey="id54b3bb6b-8ab2-4bff-93f4-d0c4b91bb28c" mappedValue="-2.0" /><mapEntry mapKey="id8684591e-0812-4c19-8a51-ced53129d4c8" mappedValue="1.0" /></mapping></responseDeclaration><outcomeDeclaration identifier="SCORE" cardinality="single" baseType="float"><defaultValue><value>0</value></defaultValue></outcomeDeclaration><outcomeDeclaration identifier="MAXSCORE" cardinality="single" baseType="float"><defaultValue><value>3</value></defaultValue></outcomeDeclaration><outcomeDeclaration identifier="FEEDBACKBASIC" cardinality="single" baseType="identifier" view="testConstructor"><defaultValue><value>empty</value></defaultValue></outcomeDeclaration><itemBody><p xmlns=""><strong>Welche der folgenden Aussagen trifft (treffen) auf den Projektstrukturplan (PSP) NICHT zu?</strong></p><p xmlns="">(Klicken Sie die richtige(n) Antwort(en) ein)</p><p xmlns=""> </p><p xmlns=""><strong>Antwort:</strong></p><choiceInteraction responseIdentifier="RESPONSE_1" shuffle="true" maxChoices="0"><simpleChoice identifier="id1ecaae4f-132c-4068-804d-1d148f27a8a6"><p xmlns="">Der PSP wird stets von Projektmanager alleine erstellt</p></simpleChoice><simpleChoice identifier="id05463779-d85c-4cde-a24b-c82501e6e90c"><p xmlns="">Der PSP ist ein Hilfsmittel für die Kommunikation im Projekt</p></simpleChoice><simpleChoice identifier="idea328c47-ed43-4bc0-842b-b1371bc4e586"><p xmlns="">Im PSP müssen alle Aufgaben in Form einer „To-Do“Liste enthalten sein</p></simpleChoice><simpleChoice identifier="id54b3bb6b-8ab2-4bff-93f4-d0c4b91bb28c"><p xmlns="">Ein prozessorientierter PSP ist eine Möglichkeit der PSP-Gestaltung</p></simpleChoice><simpleChoice identifier="id8684591e-0812-4c19-8a51-ced53129d4c8"><p xmlns="">Ohne PSP kann das Projekt nicht durchgeführt werden</p></simpleChoice></choiceInteraction></itemBody><responseProcessing><responseCondition><responseIf><not><isNull><variable identifier="RESPONSE_1" /></isNull></not><setOutcomeValue identifier="SCORE"><sum><variable identifier="SCORE" /><mapResponse identifier="RESPONSE_1" /></sum></setOutcomeValue><setOutcomeValue identifier="FEEDBACKBASIC"><baseValue baseType="identifier">incorrect</baseValue></setOutcomeValue></responseIf></responseCondition><responseCondition><responseIf><and><not><match><variable identifier="FEEDBACKBASIC" /><baseValue baseType="identifier">empty</baseValue></match></not><equal toleranceMode="exact"><variable identifier="SCORE" /><variable identifier="MAXSCORE" /></equal></and><setOutcomeValue identifier="FEEDBACKBASIC"><baseValue baseType="identifier">correct</baseValue></setOutcomeValue></responseIf></responseCondition></responseProcessing></assessmentItem>
