<?xml version="1.0" encoding="UTF-8"?>
<org.olat.course.tree.CourseEditorTreeModel>
  <rootNode class="org.olat.course.tree.CourseEditorTreeNode">
    <ident>91381614906422</ident>
    <children>
      <org.olat.course.tree.CourseEditorTreeNode>
        <ident>91381614906466</ident>
        <parent class="org.olat.course.tree.CourseEditorTreeNode" reference="../../.."/>
        <accessible>true</accessible>
        <selected>false</selected>
        <cn class="org.olat.course.nodes.SPCourseNode">
          <ident>91381614906466</ident>
          <type>sp</type>
          <shortTitle>Informationsseite</shortTitle>
          <longTitle>Hier finden Sie Informationen zum Kurs.</longTitle>
          <moduleConfiguration>
            <config>
              <entry>
                <string>startpage</string>
                <string>false</string>
              </entry>
              <entry>
                <string>file</string>
                <string>/informationsseite/informationsseite.html</string>
              </entry>
              <entry>
                <string>allowRelativeLinks</string>
                <string>false</string>
              </entry>
              <entry>
                <string>deliveryOptions</string>
                <org.olat.core.gui.control.generic.iframe.DeliveryOptions>
                  <inherit>false</inherit>
                  <standardMode>true</standardMode>
                  <jQueryEnabled>false</jQueryEnabled>
                  <prototypeEnabled>false</prototypeEnabled>
                  <glossaryEnabled>false</glossaryEnabled>
                  <openolatCss>false</openolatCss>
                  <height>600</height>
                </org.olat.core.gui.control.generic.iframe.DeliveryOptions>
              </entry>
              <entry>
                <string>configversion</string>
                <int>4</int>
              </entry>
            </config>
          </moduleConfiguration>
          <preConditionVisibility>
            <expertMode>false</expertMode>
            <easyModeCoachesAndAdmins>false</easyModeCoachesAndAdmins>
            <easyModeAlwaysAllowCoachesAndAdmins>false</easyModeAlwaysAllowCoachesAndAdmins>
          </preConditionVisibility>
          <additionalConditions/>
          <preConditionAccess>
            <expertMode>false</expertMode>
            <easyModeCoachesAndAdmins>false</easyModeCoachesAndAdmins>
            <easyModeAlwaysAllowCoachesAndAdmins>false</easyModeAlwaysAllowCoachesAndAdmins>
          </preConditionAccess>
        </cn>
        <dirty>false</dirty>
        <deleted>false</deleted>
        <newnode>false</newnode>
      </org.olat.course.tree.CourseEditorTreeNode>
      <org.olat.course.tree.CourseEditorTreeNode>
        <ident>91381614906468</ident>
        <parent class="org.olat.course.tree.CourseEditorTreeNode" reference="../../.."/>
        <accessible>true</accessible>
        <selected>false</selected>
        <cn class="org.olat.course.nodes.ENCourseNode">
          <ident>91381614906468</ident>
          <type>en</type>
          <shortTitle>Einschreibung</shortTitle>
          <longTitle>Schreiben Sie sich hier in den Kurs ein.</longTitle>
          <moduleConfiguration>
            <config>
              <entry>
                <string>areaname</string>
                <string></string>
              </entry>
              <entry>
                <string>groupkeys</string>
                <list>
                  <long>66453506</long>
                </list>
              </entry>
              <entry>
                <string>areakeys</string>
                <empty-list/>
              </entry>
              <entry>
                <string>cancel_enroll_enabled</string>
                <boolean>true</boolean>
              </entry>
              <entry>
                <string>groupname</string>
                <string>s15.cp.tn</string>
              </entry>
              <entry>
                <string>configversion</string>
                <int>2</int>
              </entry>
            </config>
          </moduleConfiguration>
          <preConditionVisibility>
            <expertMode>false</expertMode>
            <easyModeCoachesAndAdmins>false</easyModeCoachesAndAdmins>
            <easyModeAlwaysAllowCoachesAndAdmins>false</easyModeAlwaysAllowCoachesAndAdmins>
          </preConditionVisibility>
          <additionalConditions/>
          <preConditionAccess>
            <expertMode>false</expertMode>
            <easyModeCoachesAndAdmins>false</easyModeCoachesAndAdmins>
            <easyModeAlwaysAllowCoachesAndAdmins>true</easyModeAlwaysAllowCoachesAndAdmins>
          </preConditionAccess>
        </cn>
        <dirty>false</dirty>
        <deleted>false</deleted>
        <newnode>false</newnode>
      </org.olat.course.tree.CourseEditorTreeNode>
      <org.olat.course.tree.CourseEditorTreeNode>
        <ident>91381614906470</ident>
        <parent class="org.olat.course.tree.CourseEditorTreeNode" reference="../../.."/>
        <accessible>true</accessible>
        <selected>false</selected>
        <cn class="org.olat.course.nodes.FOCourseNode">
          <ident>91381614906470</ident>
          <type>fo</type>
          <shortTitle>Forum</shortTitle>
          <longTitle>Tauschen Sie sich hier mit anderen Kursteilnehmern aus.</longTitle>
          <moduleConfiguration>
            <config>
              <entry>
                <string>startpage</string>
                <string>false</string>
              </entry>
              <entry>
                <string>configversion</string>
                <int>2</int>
              </entry>
            </config>
          </moduleConfiguration>
          <noAccessExplanation>&lt;p&gt;Auf das Forum k&amp;ouml;nnen nur eingeschriebene Nutzer zugreifen.&lt;/p&gt;</noAccessExplanation>
          <preConditionVisibility>
            <expertMode>false</expertMode>
            <easyModeCoachesAndAdmins>false</easyModeCoachesAndAdmins>
            <easyModeAlwaysAllowCoachesAndAdmins>false</easyModeAlwaysAllowCoachesAndAdmins>
          </preConditionVisibility>
          <additionalConditions/>
          <preConditionAccess>
            <expertMode>false</expertMode>
            <easyModeCoachesAndAdmins>false</easyModeCoachesAndAdmins>
            <easyModeAlwaysAllowCoachesAndAdmins>false</easyModeAlwaysAllowCoachesAndAdmins>
          </preConditionAccess>
          <preConditionReader>
            <expertMode>false</expertMode>
            <easyModeCoachesAndAdmins>false</easyModeCoachesAndAdmins>
            <easyModeAlwaysAllowCoachesAndAdmins>false</easyModeAlwaysAllowCoachesAndAdmins>
          </preConditionReader>
          <preConditionPoster>
            <condition>( inLearningGroup(&quot;66453506&quot;) ) |  ( isCourseCoach(0) | isCourseAdministrator(0) )</condition>
            <expertMode>false</expertMode>
            <easyModeGroupAccessIds>66453506</easyModeGroupAccessIds>
            <easyModeCoachesAndAdmins>false</easyModeCoachesAndAdmins>
            <easyModeAlwaysAllowCoachesAndAdmins>true</easyModeAlwaysAllowCoachesAndAdmins>
          </preConditionPoster>
          <preConditionModerator>
            <expertMode>false</expertMode>
            <easyModeCoachesAndAdmins>false</easyModeCoachesAndAdmins>
            <easyModeAlwaysAllowCoachesAndAdmins>true</easyModeAlwaysAllowCoachesAndAdmins>
          </preConditionModerator>
        </cn>
        <dirty>false</dirty>
        <deleted>false</deleted>
        <newnode>false</newnode>
      </org.olat.course.tree.CourseEditorTreeNode>
      <org.olat.course.tree.CourseEditorTreeNode>
        <ident>91381614961951</ident>
        <parent class="org.olat.course.tree.CourseEditorTreeNode" reference="../../.."/>
        <children>
          <org.olat.course.tree.CourseEditorTreeNode>
            <ident>91381614908604</ident>
            <parent class="org.olat.course.tree.CourseEditorTreeNode" reference="../../.."/>
            <accessible>true</accessible>
            <selected>false</selected>
            <cn class="de.htwk.autolat.BBautOLAT.BBautOLATCourseNode">
              <ident>91381614908604</ident>
              <type>autOLAT</type>
              <shortTitle>A1.1</shortTitle>
              <longTitle>A1.1</longTitle>
              <learningObjectives></learningObjectives>
              <displayOption>title+desc+content</displayOption>
              <moduleConfiguration>
                <config>
                  <entry>
                    <string>TaskTypeValid</string>
                    <string>true</string>
                  </entry>
                  <entry>
                    <string>startpage</string>
                    <string>false</string>
                  </entry>
                  <entry>
                    <string>ServerConnectionSet</string>
                    <string>true</string>
                  </entry>
                  <entry>
                    <string>GradingTimeSet</string>
                    <string>true</string>
                  </entry>
                  <entry>
                    <string>ConfigurationCreated</string>
                    <string>true</string>
                  </entry>
                  <entry>
                    <string>configversion</string>
                    <int>1</int>
                  </entry>
                </config>
              </moduleConfiguration>
              <noAccessExplanation>Dieses Kurselement ist nicht zugänglich.</noAccessExplanation>
              <preConditionVisibility>
                <expertMode>false</expertMode>
                <easyModeCoachesAndAdmins>false</easyModeCoachesAndAdmins>
                <easyModeAlwaysAllowCoachesAndAdmins>false</easyModeAlwaysAllowCoachesAndAdmins>
              </preConditionVisibility>
              <additionalConditions/>
              <preConditionAccess>
                <expertMode>false</expertMode>
                <easyModeCoachesAndAdmins>false</easyModeCoachesAndAdmins>
                <easyModeAlwaysAllowCoachesAndAdmins>false</easyModeAlwaysAllowCoachesAndAdmins>
              </preConditionAccess>
            </cn>
            <dirty>false</dirty>
            <deleted>false</deleted>
            <newnode>false</newnode>
          </org.olat.course.tree.CourseEditorTreeNode>
          <org.olat.course.tree.CourseEditorTreeNode>
            <ident>91381614965118</ident>
            <parent class="org.olat.course.tree.CourseEditorTreeNode" reference="../../.."/>
            <accessible>true</accessible>
            <selected>false</selected>
            <cn class="de.htwk.autolat.BBautOLAT.BBautOLATCourseNode">
              <ident>91381614965118</ident>
              <type>autOLAT</type>
              <shortTitle>A1.2</shortTitle>
              <longTitle>A1.2</longTitle>
              <learningObjectives></learningObjectives>
              <displayOption>title+desc+content</displayOption>
              <moduleConfiguration>
                <config>
                  <entry>
                    <string>TaskTypeValid</string>
                    <string>true</string>
                  </entry>
                  <entry>
                    <string>startpage</string>
                    <string>false</string>
                  </entry>
                  <entry>
                    <string>ServerConnectionSet</string>
                    <string>true</string>
                  </entry>
                  <entry>
                    <string>GradingTimeSet</string>
                    <string>true</string>
                  </entry>
                  <entry>
                    <string>ConfigurationCreated</string>
                    <string>true</string>
                  </entry>
                  <entry>
                    <string>configversion</string>
                    <int>1</int>
                  </entry>
                </config>
              </moduleConfiguration>
              <noAccessExplanation>Dieses Kurselement ist nicht zugänglich.</noAccessExplanation>
              <preConditionVisibility>
                <expertMode>false</expertMode>
                <easyModeCoachesAndAdmins>false</easyModeCoachesAndAdmins>
                <easyModeAlwaysAllowCoachesAndAdmins>false</easyModeAlwaysAllowCoachesAndAdmins>
              </preConditionVisibility>
              <additionalConditions/>
              <preConditionAccess>
                <expertMode>false</expertMode>
                <easyModeCoachesAndAdmins>false</easyModeCoachesAndAdmins>
                <easyModeAlwaysAllowCoachesAndAdmins>false</easyModeAlwaysAllowCoachesAndAdmins>
              </preConditionAccess>
            </cn>
            <dirty>false</dirty>
            <deleted>false</deleted>
            <newnode>false</newnode>
          </org.olat.course.tree.CourseEditorTreeNode>
          <org.olat.course.tree.CourseEditorTreeNode>
            <ident>91381615022476</ident>
            <parent class="org.olat.course.tree.CourseEditorTreeNode" reference="../../.."/>
            <accessible>true</accessible>
            <selected>false</selected>
            <cn class="de.htwk.autolat.BBautOLAT.BBautOLATCourseNode">
              <ident>91381615022476</ident>
              <type>autOLAT</type>
              <shortTitle>A1.3.1</shortTitle>
              <longTitle>A1.3.1</longTitle>
              <learningObjectives>&lt;p&gt;reparierte Version von A1.3&lt;/p&gt;</learningObjectives>
              <displayOption>title+desc+content</displayOption>
              <moduleConfiguration>
                <config>
                  <entry>
                    <string>TaskTypeValid</string>
                    <string>true</string>
                  </entry>
                  <entry>
                    <string>startpage</string>
                    <string>false</string>
                  </entry>
                  <entry>
                    <string>ServerConnectionSet</string>
                    <string>true</string>
                  </entry>
                  <entry>
                    <string>GradingTimeSet</string>
                    <string>true</string>
                  </entry>
                  <entry>
                    <string>ConfigurationCreated</string>
                    <string>true</string>
                  </entry>
                  <entry>
                    <string>configversion</string>
                    <int>1</int>
                  </entry>
                </config>
              </moduleConfiguration>
              <noAccessExplanation>Dieses Kurselement ist nicht zugänglich.</noAccessExplanation>
              <preConditionVisibility>
                <expertMode>false</expertMode>
                <easyModeCoachesAndAdmins>false</easyModeCoachesAndAdmins>
                <easyModeAlwaysAllowCoachesAndAdmins>false</easyModeAlwaysAllowCoachesAndAdmins>
              </preConditionVisibility>
              <additionalConditions/>
              <preConditionAccess>
                <expertMode>false</expertMode>
                <easyModeCoachesAndAdmins>false</easyModeCoachesAndAdmins>
                <easyModeAlwaysAllowCoachesAndAdmins>false</easyModeAlwaysAllowCoachesAndAdmins>
              </preConditionAccess>
            </cn>
            <dirty>false</dirty>
            <deleted>false</deleted>
            <newnode>false</newnode>
          </org.olat.course.tree.CourseEditorTreeNode>
          <org.olat.course.tree.CourseEditorTreeNode>
            <ident>91519133641234</ident>
            <parent class="org.olat.course.tree.CourseEditorTreeNode" reference="../../.."/>
            <accessible>true</accessible>
            <selected>false</selected>
            <cn class="de.htwk.autolat.BBautOLAT.BBautOLATCourseNode">
              <ident>91519133641234</ident>
              <type>autOLAT</type>
              <shortTitle>A2.1</shortTitle>
              <longTitle>A2.1</longTitle>
              <learningObjectives></learningObjectives>
              <displayOption>title+desc+content</displayOption>
              <moduleConfiguration>
                <config>
                  <entry>
                    <string>TaskTypeValid</string>
                    <string>true</string>
                  </entry>
                  <entry>
                    <string>startpage</string>
                    <string>false</string>
                  </entry>
                  <entry>
                    <string>ServerConnectionSet</string>
                    <string>true</string>
                  </entry>
                  <entry>
                    <string>GradingTimeSet</string>
                    <string>true</string>
                  </entry>
                  <entry>
                    <string>ConfigurationCreated</string>
                    <string>true</string>
                  </entry>
                  <entry>
                    <string>configversion</string>
                    <int>1</int>
                  </entry>
                </config>
              </moduleConfiguration>
              <noAccessExplanation>Dieses Kurselement ist nicht zugänglich.</noAccessExplanation>
              <preConditionVisibility>
                <expertMode>false</expertMode>
                <easyModeCoachesAndAdmins>false</easyModeCoachesAndAdmins>
                <easyModeAlwaysAllowCoachesAndAdmins>false</easyModeAlwaysAllowCoachesAndAdmins>
              </preConditionVisibility>
              <additionalConditions/>
              <preConditionAccess>
                <expertMode>false</expertMode>
                <easyModeCoachesAndAdmins>false</easyModeCoachesAndAdmins>
                <easyModeAlwaysAllowCoachesAndAdmins>false</easyModeAlwaysAllowCoachesAndAdmins>
              </preConditionAccess>
            </cn>
            <dirty>false</dirty>
            <deleted>false</deleted>
            <newnode>false</newnode>
          </org.olat.course.tree.CourseEditorTreeNode>
          <org.olat.course.tree.CourseEditorTreeNode>
            <ident>91519133641608</ident>
            <parent class="org.olat.course.tree.CourseEditorTreeNode" reference="../../.."/>
            <accessible>true</accessible>
            <selected>false</selected>
            <cn class="de.htwk.autolat.BBautOLAT.BBautOLATCourseNode">
              <ident>91519133641608</ident>
              <type>autOLAT</type>
              <shortTitle>A2.2</shortTitle>
              <longTitle>A2.2</longTitle>
              <learningObjectives></learningObjectives>
              <displayOption>title+desc+content</displayOption>
              <moduleConfiguration>
                <config>
                  <entry>
                    <string>TaskTypeValid</string>
                    <string>true</string>
                  </entry>
                  <entry>
                    <string>startpage</string>
                    <string>false</string>
                  </entry>
                  <entry>
                    <string>ServerConnectionSet</string>
                    <string>true</string>
                  </entry>
                  <entry>
                    <string>GradingTimeSet</string>
                    <string>true</string>
                  </entry>
                  <entry>
                    <string>ConfigurationCreated</string>
                    <string>true</string>
                  </entry>
                  <entry>
                    <string>configversion</string>
                    <int>1</int>
                  </entry>
                </config>
              </moduleConfiguration>
              <noAccessExplanation>Dieses Kurselement ist nicht zugänglich.</noAccessExplanation>
              <preConditionVisibility>
                <expertMode>false</expertMode>
                <easyModeCoachesAndAdmins>false</easyModeCoachesAndAdmins>
                <easyModeAlwaysAllowCoachesAndAdmins>false</easyModeAlwaysAllowCoachesAndAdmins>
              </preConditionVisibility>
              <additionalConditions/>
              <preConditionAccess>
                <expertMode>false</expertMode>
                <easyModeCoachesAndAdmins>false</easyModeCoachesAndAdmins>
                <easyModeAlwaysAllowCoachesAndAdmins>false</easyModeAlwaysAllowCoachesAndAdmins>
              </preConditionAccess>
            </cn>
            <dirty>false</dirty>
            <deleted>false</deleted>
            <newnode>false</newnode>
          </org.olat.course.tree.CourseEditorTreeNode>
          <org.olat.course.tree.CourseEditorTreeNode>
            <ident>91519133705149</ident>
            <parent class="org.olat.course.tree.CourseEditorTreeNode" reference="../../.."/>
            <accessible>true</accessible>
            <selected>false</selected>
            <cn class="de.htwk.autolat.BBautOLAT.BBautOLATCourseNode">
              <ident>91519133705149</ident>
              <type>autOLAT</type>
              <shortTitle>A3.1</shortTitle>
              <longTitle>A3.1</longTitle>
              <learningObjectives></learningObjectives>
              <displayOption>title+desc+content</displayOption>
              <moduleConfiguration>
                <config>
                  <entry>
                    <string>TaskTypeValid</string>
                    <string>true</string>
                  </entry>
                  <entry>
                    <string>startpage</string>
                    <string>false</string>
                  </entry>
                  <entry>
                    <string>ServerConnectionSet</string>
                    <string>true</string>
                  </entry>
                  <entry>
                    <string>GradingTimeSet</string>
                    <string>true</string>
                  </entry>
                  <entry>
                    <string>ConfigurationCreated</string>
                    <string>true</string>
                  </entry>
                  <entry>
                    <string>configversion</string>
                    <int>1</int>
                  </entry>
                </config>
              </moduleConfiguration>
              <noAccessExplanation>Dieses Kurselement ist nicht zugänglich.</noAccessExplanation>
              <preConditionVisibility>
                <expertMode>false</expertMode>
                <easyModeCoachesAndAdmins>false</easyModeCoachesAndAdmins>
                <easyModeAlwaysAllowCoachesAndAdmins>false</easyModeAlwaysAllowCoachesAndAdmins>
              </preConditionVisibility>
              <additionalConditions/>
              <preConditionAccess>
                <expertMode>false</expertMode>
                <easyModeCoachesAndAdmins>false</easyModeCoachesAndAdmins>
                <easyModeAlwaysAllowCoachesAndAdmins>false</easyModeAlwaysAllowCoachesAndAdmins>
              </preConditionAccess>
            </cn>
            <dirty>false</dirty>
            <deleted>false</deleted>
            <newnode>false</newnode>
          </org.olat.course.tree.CourseEditorTreeNode>
          <org.olat.course.tree.CourseEditorTreeNode>
            <ident>91519133732498</ident>
            <parent class="org.olat.course.tree.CourseEditorTreeNode" reference="../../.."/>
            <accessible>true</accessible>
            <selected>false</selected>
            <cn class="de.htwk.autolat.BBautOLAT.BBautOLATCourseNode">
              <ident>91519133732498</ident>
              <type>autOLAT</type>
              <shortTitle>A4.1</shortTitle>
              <longTitle>A4.1</longTitle>
              <learningObjectives></learningObjectives>
              <displayOption>title+desc+content</displayOption>
              <moduleConfiguration>
                <config>
                  <entry>
                    <string>TaskTypeValid</string>
                    <string>true</string>
                  </entry>
                  <entry>
                    <string>startpage</string>
                    <string>false</string>
                  </entry>
                  <entry>
                    <string>ServerConnectionSet</string>
                    <string>true</string>
                  </entry>
                  <entry>
                    <string>GradingTimeSet</string>
                    <string>true</string>
                  </entry>
                  <entry>
                    <string>ConfigurationCreated</string>
                    <string>true</string>
                  </entry>
                  <entry>
                    <string>configversion</string>
                    <int>1</int>
                  </entry>
                </config>
              </moduleConfiguration>
              <noAccessExplanation>Dieses Kurselement ist nicht zugänglich.</noAccessExplanation>
              <preConditionVisibility>
                <expertMode>false</expertMode>
                <easyModeCoachesAndAdmins>false</easyModeCoachesAndAdmins>
                <easyModeAlwaysAllowCoachesAndAdmins>false</easyModeAlwaysAllowCoachesAndAdmins>
              </preConditionVisibility>
              <additionalConditions/>
              <preConditionAccess>
                <expertMode>false</expertMode>
                <easyModeCoachesAndAdmins>false</easyModeCoachesAndAdmins>
                <easyModeAlwaysAllowCoachesAndAdmins>false</easyModeAlwaysAllowCoachesAndAdmins>
              </preConditionAccess>
            </cn>
            <dirty>false</dirty>
            <deleted>false</deleted>
            <newnode>false</newnode>
          </org.olat.course.tree.CourseEditorTreeNode>
          <org.olat.course.tree.CourseEditorTreeNode>
            <ident>91519133863389</ident>
            <parent class="org.olat.course.tree.CourseEditorTreeNode" reference="../../.."/>
            <accessible>true</accessible>
            <selected>false</selected>
            <cn class="de.htwk.autolat.BBautOLAT.BBautOLATCourseNode">
              <ident>91519133863389</ident>
              <type>autOLAT</type>
              <shortTitle>A5.1</shortTitle>
              <longTitle>A5.1</longTitle>
              <learningObjectives></learningObjectives>
              <displayOption>title+desc+content</displayOption>
              <moduleConfiguration>
                <config>
                  <entry>
                    <string>TaskTypeValid</string>
                    <string>true</string>
                  </entry>
                  <entry>
                    <string>startpage</string>
                    <string>false</string>
                  </entry>
                  <entry>
                    <string>ServerConnectionSet</string>
                    <string>true</string>
                  </entry>
                  <entry>
                    <string>GradingTimeSet</string>
                    <string>true</string>
                  </entry>
                  <entry>
                    <string>ConfigurationCreated</string>
                    <string>true</string>
                  </entry>
                  <entry>
                    <string>configversion</string>
                    <int>1</int>
                  </entry>
                </config>
              </moduleConfiguration>
              <noAccessExplanation>Dieses Kurselement ist nicht zugänglich.</noAccessExplanation>
              <preConditionVisibility>
                <expertMode>false</expertMode>
                <easyModeCoachesAndAdmins>false</easyModeCoachesAndAdmins>
                <easyModeAlwaysAllowCoachesAndAdmins>false</easyModeAlwaysAllowCoachesAndAdmins>
              </preConditionVisibility>
              <additionalConditions/>
              <preConditionAccess>
                <expertMode>false</expertMode>
                <easyModeCoachesAndAdmins>false</easyModeCoachesAndAdmins>
                <easyModeAlwaysAllowCoachesAndAdmins>false</easyModeAlwaysAllowCoachesAndAdmins>
              </preConditionAccess>
            </cn>
            <dirty>false</dirty>
            <deleted>false</deleted>
            <newnode>false</newnode>
          </org.olat.course.tree.CourseEditorTreeNode>
          <org.olat.course.tree.CourseEditorTreeNode>
            <ident>91519133942079</ident>
            <parent class="org.olat.course.tree.CourseEditorTreeNode" reference="../../.."/>
            <accessible>true</accessible>
            <selected>false</selected>
            <cn class="de.htwk.autolat.BBautOLAT.BBautOLATCourseNode">
              <ident>91519133942079</ident>
              <type>autOLAT</type>
              <shortTitle>A6.1</shortTitle>
              <longTitle>A6.1</longTitle>
              <learningObjectives></learningObjectives>
              <displayOption>title+desc+content</displayOption>
              <moduleConfiguration>
                <config>
                  <entry>
                    <string>TaskTypeValid</string>
                    <string>true</string>
                  </entry>
                  <entry>
                    <string>startpage</string>
                    <string>false</string>
                  </entry>
                  <entry>
                    <string>ServerConnectionSet</string>
                    <string>true</string>
                  </entry>
                  <entry>
                    <string>GradingTimeSet</string>
                    <string>true</string>
                  </entry>
                  <entry>
                    <string>ConfigurationCreated</string>
                    <string>true</string>
                  </entry>
                  <entry>
                    <string>configversion</string>
                    <int>1</int>
                  </entry>
                </config>
              </moduleConfiguration>
              <noAccessExplanation>Dieses Kurselement ist nicht zugänglich.</noAccessExplanation>
              <preConditionVisibility>
                <expertMode>false</expertMode>
                <easyModeCoachesAndAdmins>false</easyModeCoachesAndAdmins>
                <easyModeAlwaysAllowCoachesAndAdmins>false</easyModeAlwaysAllowCoachesAndAdmins>
              </preConditionVisibility>
              <additionalConditions/>
              <preConditionAccess>
                <expertMode>false</expertMode>
                <easyModeCoachesAndAdmins>false</easyModeCoachesAndAdmins>
                <easyModeAlwaysAllowCoachesAndAdmins>false</easyModeAlwaysAllowCoachesAndAdmins>
              </preConditionAccess>
            </cn>
            <dirty>false</dirty>
            <deleted>false</deleted>
            <newnode>false</newnode>
          </org.olat.course.tree.CourseEditorTreeNode>
        </children>
        <accessible>true</accessible>
        <selected>false</selected>
        <cn class="de.htwk.autolat.BBautOLAT.structure.BBautOLATStructureNode">
          <ident>91381614961951</ident>
          <type>autolatst</type>
          <shortTitle>AutoTool-Struktur</shortTitle>
          <longTitle>Kursbaustein vom Typ AutoTool-Struktur</longTitle>
          <moduleConfiguration>
            <config>
              <entry>
                <string>allowRelativeLinks</string>
                <string>false</string>
              </entry>
              <entry>
                <string>configversion</string>
                <int>2</int>
              </entry>
            </config>
          </moduleConfiguration>
          <noAccessExplanation>&lt;p&gt;Dieses Kurselement ist nicht zug&amp;auml;nglich. Um auf dieses Element zugreifen zu k&amp;ouml;nnen, schreiben Sie sich bitte in den Kurs ein.&lt;/p&gt;</noAccessExplanation>
          <preConditionVisibility>
            <expertMode>false</expertMode>
            <easyModeCoachesAndAdmins>false</easyModeCoachesAndAdmins>
            <easyModeAlwaysAllowCoachesAndAdmins>false</easyModeAlwaysAllowCoachesAndAdmins>
          </preConditionVisibility>
          <additionalConditions/>
          <preConditionAccess>
            <condition>( inLearningGroup(&quot;66453506&quot;) ) |  ( isCourseCoach(0) | isCourseAdministrator(0) )</condition>
            <expertMode>false</expertMode>
            <easyModeGroupAccessIds>66453506</easyModeGroupAccessIds>
            <easyModeCoachesAndAdmins>false</easyModeCoachesAndAdmins>
            <easyModeAlwaysAllowCoachesAndAdmins>true</easyModeAlwaysAllowCoachesAndAdmins>
          </preConditionAccess>
          <scoreCalculator>
            <scoreExpression>(getScore(&quot;91381614908604&quot;) + getScore(&quot;91381614988578&quot;) + getScore(&quot;91381614965118&quot;))</scoreExpression>
            <expertMode>false</expertMode>
            <sumOfScoreNodes>
              <string>91381614908604</string>
              <string>91381614988578</string>
              <string>91381614965118</string>
            </sumOfScoreNodes>
            <passedType>no</passedType>
            <passedCutValue>0</passedCutValue>
          </scoreCalculator>
        </cn>
        <dirty>false</dirty>
        <deleted>false</deleted>
        <newnode>false</newnode>
      </org.olat.course.tree.CourseEditorTreeNode>
    </children>
    <accessible>true</accessible>
    <selected>false</selected>
    <cn class="org.olat.course.nodes.STCourseNode">
      <ident>91381614906422</ident>
      <type>st</type>
      <shortTitle>S15.CP.Waldmann</shortTitle>
      <longTitle>S15.CP.Waldmann</longTitle>
      <learningObjectives></learningObjectives>
      <displayOption>title+desc+content</displayOption>
      <moduleConfiguration>
        <config>
          <entry>
            <string>columns</string>
            <int>2</int>
          </entry>
          <entry>
            <string>display</string>
            <string>peekview</string>
          </entry>
          <entry>
            <string>allowRelativeLinks</string>
            <string>false</string>
          </entry>
          <entry>
            <string>deliveryOptions</string>
            <org.olat.core.gui.control.generic.iframe.DeliveryOptions>
              <standardMode>false</standardMode>
              <jQueryEnabled>true</jQueryEnabled>
              <glossaryEnabled>true</glossaryEnabled>
              <openolatCss>true</openolatCss>
            </org.olat.core.gui.control.generic.iframe.DeliveryOptions>
          </entry>
          <entry>
            <string>configversion</string>
            <int>4</int>
          </entry>
        </config>
      </moduleConfiguration>
      <preConditionVisibility>
        <expertMode>false</expertMode>
        <easyModeCoachesAndAdmins>false</easyModeCoachesAndAdmins>
        <easyModeAlwaysAllowCoachesAndAdmins>false</easyModeAlwaysAllowCoachesAndAdmins>
      </preConditionVisibility>
      <additionalConditions/>
      <preConditionAccess>
        <expertMode>false</expertMode>
        <easyModeCoachesAndAdmins>false</easyModeCoachesAndAdmins>
        <easyModeAlwaysAllowCoachesAndAdmins>false</easyModeAlwaysAllowCoachesAndAdmins>
      </preConditionAccess>
      <scoreCalculator>
        <expertMode>false</expertMode>
        <passedCutValue>0</passedCutValue>
      </scoreCalculator>
    </cn>
    <dirty>false</dirty>
    <deleted>false</deleted>
    <newnode>false</newnode>
  </rootNode>
  <latestPublishTimestamp>1435950305574</latestPublishTimestamp>
  <highestNodeId>9223372036853775807</highestNodeId>
  <version>3</version>
</org.olat.course.tree.CourseEditorTreeModel>