<?xml version="1.0" encoding="UTF-8"?>
<assessmentItem xmlns="http://www.imsglobal.org/xsd/imsqti_v2p1" xmlns:xsi="http://www.w3.org/2001/XMLSchema-instance" xsi:schemaLocation="http://www.imsglobal.org/xsd/imsqti_v2p1 http://www.imsglobal.org/xsd/qti/qtiv2p1/imsqti_v2p1p1.xsd http://www.w3.org/1998/Math/MathML http://www.w3.org/Math/XMLSchema/mathml2/mathml2.xsd" identifier="id107cf00d-cf92-4940-b178-0a1cacba54db" title="gebiete_einfach_zush" adaptive="false" timeDependent="false"><responseDeclaration identifier="RESPONSE_1403108862874" cardinality="single" baseType="string"><correctResponse><value>offen</value></correctResponse><mapping defaultValue="0"><mapEntry mapKey="offen" mappedValue="1" caseSensitive="false" /></mapping></responseDeclaration><responseDeclaration identifier="RESPONSE_1403108874970" cardinality="single" baseType="string"><correctResponse><value>einfach</value></correctResponse><mapping defaultValue="0"><mapEntry mapKey="einfach" mappedValue="1" caseSensitive="false" /></mapping></responseDeclaration><outcomeDeclaration identifier="SCORE" cardinality="single" baseType="float"><defaultValue><value>0</value></defaultValue></outcomeDeclaration><outcomeDeclaration identifier="MAXSCORE" cardinality="single" baseType="float"><defaultValue><value>2</value></defaultValue></outcomeDeclaration><outcomeDeclaration identifier="FEEDBACKBASIC" cardinality="single" baseType="identifier" view="testConstructor"><defaultValue><value>empty</value></defaultValue></outcomeDeclaration><itemBody ><p>Ein Gebiet ist laut Definition stets <textEntryInteraction responseIdentifier="RESPONSE_1403108862874" /> und zusammenhängend.</p><p>Lässt sich jeder im Gebiet \(G\) verlaufende geschlossene Polygonzug stetig auf einen Punkt innerhalb des Gebietes zusammenziehen, so nennt man das Gebiet auch <textEntryInteraction responseIdentifier="RESPONSE_1403108874970" /> zusammenhängend.</p></itemBody><responseProcessing><responseCondition><responseIf><not><isNull><variable identifier="RESPONSE_1403108862874" /></isNull></not><setOutcomeValue identifier="SCORE"><sum><variable identifier="SCORE" /><mapResponse identifier="RESPONSE_1403108862874" /></sum></setOutcomeValue><setOutcomeValue identifier="FEEDBACKBASIC"><baseValue baseType="identifier">incorrect</baseValue></setOutcomeValue></responseIf></responseCondition><responseCondition><responseIf><not><isNull><variable identifier="RESPONSE_1403108874970" /></isNull></not><setOutcomeValue identifier="SCORE"><sum><variable identifier="SCORE" /><mapResponse identifier="RESPONSE_1403108874970" /></sum></setOutcomeValue><setOutcomeValue identifier="FEEDBACKBASIC"><baseValue baseType="identifier">incorrect</baseValue></setOutcomeValue></responseIf></responseCondition><responseCondition><responseIf><and><not><match><variable identifier="FEEDBACKBASIC" /><baseValue baseType="identifier">empty</baseValue></match></not><equal toleranceMode="exact"><variable identifier="SCORE" /><variable identifier="MAXSCORE" /></equal></and><setOutcomeValue identifier="FEEDBACKBASIC"><baseValue baseType="identifier">correct</baseValue></setOutcomeValue></responseIf></responseCondition></responseProcessing></assessmentItem>
