<?xml version="1.0" encoding="UTF-8"?>
<assessmentItem xmlns="http://www.imsglobal.org/xsd/imsqti_v2p1" xmlns:xsi="http://www.w3.org/2001/XMLSchema-instance" xsi:schemaLocation="http://www.imsglobal.org/xsd/imsqti_v2p1 http://www.imsglobal.org/xsd/qti/qtiv2p1/imsqti_v2p1p1.xsd http://www.w3.org/1998/Math/MathML http://www.w3.org/Math/XMLSchema/mathml2/mathml2.xsd" identifier="id2c398a11-a5ad-4587-9c9c-f60f58c38ca7" title="textaufgabe_mordfall_02" adaptive="false" timeDependent="false"><responseDeclaration identifier="RESPONSE_1" cardinality="multiple" baseType="identifier"><correctResponse><value>id47d57181-9369-46ae-a2fb-b1bb538f3410</value><value>idf5d265f8-0b71-4d55-a917-e7172b8560c7</value></correctResponse></responseDeclaration><outcomeDeclaration identifier="SCORE" cardinality="single" baseType="float"><defaultValue><value>0</value></defaultValue></outcomeDeclaration><outcomeDeclaration identifier="MAXSCORE" cardinality="single" baseType="float"><defaultValue><value>1</value></defaultValue></outcomeDeclaration><outcomeDeclaration identifier="FEEDBACKBASIC" cardinality="single" baseType="identifier"><defaultValue><value>empty</value></defaultValue></outcomeDeclaration><outcomeDeclaration identifier="FEEDBACKMODAL" cardinality="multiple" baseType="identifier" view="testConstructor" /><itemBody ><p>Nach einem Mordfall gibt es 3 Verdächtige A, B und C, von denen zumindest einer der Täter sein muss.</p><p>Nachdem alle Zeugen getrennt vernommen wurden, kennen die Ermittler folgende Fakten:</p><ol><li>Wenn B Täter ist, dann müssen A oder C ebenfalls Täter sein.</li><li>Wenn C Täter ist, dann ist B unschuldig.</li><li>A und C sind entweder beide schuldig oder unschuldig.</li></ol><p>Wer ist hier schuldig?</p><choiceInteraction responseIdentifier="RESPONSE_1" shuffle="false" maxChoices="0" orientation="vertical"><simpleChoice identifier="id47d57181-9369-46ae-a2fb-b1bb538f3410"><p>A</p></simpleChoice><simpleChoice identifier="id05abcf6e-773d-4411-b8d7-3268cd73674c"><p>B</p></simpleChoice><simpleChoice identifier="idf5d265f8-0b71-4d55-a917-e7172b8560c7"><p>C</p></simpleChoice></choiceInteraction></itemBody><responseProcessing><responseCondition><responseIf><isNull><variable identifier="RESPONSE_1" /></isNull><setOutcomeValue identifier="FEEDBACKBASIC"><baseValue baseType="identifier">empty</baseValue></setOutcomeValue></responseIf><responseElseIf><match><variable identifier="RESPONSE_1" /><correct identifier="RESPONSE_1" /></match><setOutcomeValue identifier="SCORE"><sum><variable identifier="SCORE" /><variable identifier="MAXSCORE" /></sum></setOutcomeValue><setOutcomeValue identifier="FEEDBACKBASIC"><baseValue baseType="identifier">correct</baseValue></setOutcomeValue></responseElseIf><responseElse><setOutcomeValue identifier="FEEDBACKBASIC"><baseValue baseType="identifier">incorrect</baseValue></setOutcomeValue></responseElse></responseCondition><responseCondition><responseIf><and><match><baseValue baseType="identifier">correct</baseValue><variable identifier="FEEDBACKBASIC" /></match></and><setOutcomeValue identifier="FEEDBACKMODAL"><multiple><variable identifier="FEEDBACKMODAL" /><baseValue baseType="identifier">Feedback1672605880</baseValue></multiple></setOutcomeValue></responseIf></responseCondition><responseCondition><responseIf><and><match><baseValue baseType="identifier">incorrect</baseValue><variable identifier="FEEDBACKBASIC" /></match></and><setOutcomeValue identifier="FEEDBACKMODAL"><multiple><variable identifier="FEEDBACKMODAL" /><baseValue baseType="identifier">Feedback2076509789</baseValue></multiple></setOutcomeValue></responseIf></responseCondition></responseProcessing><modalFeedback  identifier="Feedback1672605880" outcomeIdentifier="FEEDBACKMODAL" showHide="show" title="Richtig!" /><modalFeedback  identifier="Feedback2076509789" outcomeIdentifier="FEEDBACKMODAL" showHide="show" title="Leider falsch!"><p><span style="font-size: 13.3333339691162px;"> </span></p><p>Betrachten wir zuerst den Fall, dass B Täter ist (B = 1).</p><p>Daraus würde folgen, dass A und C auch Täter sind.<br />(Bedingung 1: B \(\Rightarrow\)(A \(\vee\) C), Bedingung 3: A \(\iff\) C.)<br />Dies gibt einen Widerspruch zu Bedingung 2: C \(\Rightarrow\neg\) B.</p><p>Also kann B nicht Täter sein.</p><p> </p><p>Nun bleiben noch A und C. Von ihnen wissen wir, dass es entweder beide waren oder keiner. (A \(\iff\) C)</p><p>Da mindestens einer schuldig ist, sind A und C gemeinsam Täter.</p></modalFeedback></assessmentItem>
