<?xml version="1.0" encoding="UTF-8"?>
<assessmentItem xmlns="http://www.imsglobal.org/xsd/imsqti_v2p1" xmlns:xsi="http://www.w3.org/2001/XMLSchema-instance" xsi:schemaLocation="http://www.imsglobal.org/xsd/imsqti_v2p1 http://www.imsglobal.org/xsd/qti/qtiv2p1/imsqti_v2p1p1.xsd http://www.w3.org/1998/Math/MathML http://www.w3.org/Math/XMLSchema/mathml2/mathml2.xsd" identifier="id911d9657-a262-4e19-ac6f-de628631840b" title="gleichung_03" adaptive="false" timeDependent="false"><responseDeclaration identifier="RESPONSE_1409140292806" cardinality="single" baseType="string" /><outcomeDeclaration identifier="SCORE" cardinality="single" baseType="float"><defaultValue><value>0</value></defaultValue></outcomeDeclaration><outcomeDeclaration identifier="MAXSCORE" cardinality="single" baseType="float"><defaultValue><value>1</value></defaultValue></outcomeDeclaration><outcomeDeclaration identifier="FEEDBACKBASIC" cardinality="single" baseType="identifier" view="testConstructor"><defaultValue><value>empty</value></defaultValue></outcomeDeclaration><outcomeDeclaration identifier="FEEDBACKMODAL" cardinality="multiple" baseType="identifier" view="testConstructor" /><templateDeclaration identifier="a" cardinality="single" baseType="integer" /><templateDeclaration identifier="b" cardinality="single" baseType="integer" /><templateDeclaration identifier="sgn_b" cardinality="single" baseType="string" /><templateDeclaration identifier="c" cardinality="single" baseType="integer" /><templateDeclaration identifier="d" cardinality="single" baseType="integer" /><templateDeclaration identifier="sgn_d" cardinality="single" baseType="string" /><templateDeclaration identifier="nenner" cardinality="single" baseType="integer" /><templateDeclaration identifier="z" cardinality="single" baseType="integer" /><templateDeclaration identifier="ab" cardinality="single" baseType="integer" /><templateDeclaration identifier="abs_ab" cardinality="single" baseType="integer" /><templateDeclaration identifier="h1" cardinality="single" baseType="string" /><templateDeclaration identifier="h2" cardinality="single" baseType="string" /><templateDeclaration identifier="h3" cardinality="single" baseType="string" /><templateDeclaration identifier="abs_c" cardinality="single" baseType="integer" /><templateDeclaration identifier="l_tex" cardinality="single" baseType="string" /><templateProcessing><setTemplateValue identifier="a"><random><multiple><baseValue baseType="integer">-4</baseValue><baseValue baseType="integer">-3</baseValue><baseValue baseType="integer">2</baseValue><baseValue baseType="integer">5</baseValue></multiple></random></setTemplateValue><setTemplateValue identifier="b"><randomInteger min="1" max="6" /></setTemplateValue><setTemplateValue identifier="sgn_b"><random><multiple><baseValue baseType="string">+</baseValue><baseValue baseType="string">-</baseValue></multiple></random></setTemplateValue><setTemplateValue identifier="c"><random><multiple><baseValue baseType="integer">-2</baseValue><baseValue baseType="integer">3</baseValue><baseValue baseType="integer">4</baseValue><baseValue baseType="integer">-5</baseValue><baseValue baseType="integer">6</baseValue><baseValue baseType="integer">7</baseValue></multiple></random></setTemplateValue><setTemplateValue identifier="d"><randomInteger min="1" max="4" /></setTemplateValue><setTemplateValue identifier="sgn_d"><random><multiple><baseValue baseType="string">-</baseValue></multiple></random></setTemplateValue><setTemplateValue identifier="nenner"><customOperator definition="MAXIMA" value="float($(1)-$(2));"><variable identifier="a" /><variable identifier="c" /></customOperator></setTemplateValue><setTemplateValue identifier="z"><customOperator definition="MAXIMA" value="float(-$(1)*$(2)$(3)$(4)$(5));"><variable identifier="a" /><variable identifier="sgn_b" /><variable identifier="b" /><variable identifier="sgn_d" /><variable identifier="d" /></customOperator></setTemplateValue><setTemplateValue identifier="ab"><customOperator definition="MAXIMA" value="float($(1)*$(2)$(3));"><variable identifier="a" /><variable identifier="sgn_b" /><variable identifier="b" /></customOperator></setTemplateValue><setTemplateValue identifier="abs_ab"><customOperator definition="MAXIMA" value="float(abs($(1)));"><variable identifier="ab" /></customOperator></setTemplateValue><setTemplateValue identifier="h1"><random><multiple><baseValue baseType="string">+</baseValue><baseValue baseType="string">-</baseValue></multiple></random></setTemplateValue><templateCondition><templateIf><lt><variable identifier="ab" /><baseValue baseType="integer">0</baseValue></lt><setTemplateValue identifier="h1"><random><multiple><baseValue baseType="string">-</baseValue></multiple></random></setTemplateValue></templateIf><templateElse><setTemplateValue identifier="h1"><random><multiple><baseValue baseType="string">+</baseValue></multiple></random></setTemplateValue></templateElse></templateCondition><setTemplateValue identifier="h2"><random><multiple><baseValue baseType="string">+</baseValue><baseValue baseType="string">-</baseValue></multiple></random></setTemplateValue><templateCondition><templateIf><lt><variable identifier="ab" /><baseValue baseType="integer">0</baseValue></lt><setTemplateValue identifier="h2"><random><multiple><baseValue baseType="string">+</baseValue></multiple></random></setTemplateValue></templateIf><templateElse><setTemplateValue identifier="h2"><random><multiple><baseValue baseType="string">-</baseValue></multiple></random></setTemplateValue></templateElse></templateCondition><setTemplateValue identifier="h3"><random><multiple><baseValue baseType="string">-</baseValue></multiple></random></setTemplateValue><templateCondition><templateIf><lte><variable identifier="c" /><baseValue baseType="integer">0</baseValue></lte><setTemplateValue identifier="h3"><random><multiple><baseValue baseType="string">+</baseValue></multiple></random></setTemplateValue></templateIf><templateElse><setTemplateValue identifier="h3"><random><multiple /></random></setTemplateValue></templateElse></templateCondition><setTemplateValue identifier="abs_c"><customOperator definition="MAXIMA" value="float(abs($(1)));"><variable identifier="c" /></customOperator></setTemplateValue><setTemplateValue identifier="l_tex"><customOperator definition="MAXIMA" value="tex1($(1)/$(2))"><variable identifier="z" /><variable identifier="nenner" /></customOperator></setTemplateValue><setCorrectResponse identifier="RESPONSE_1409140292806"><customOperator definition="VARIABLESTRING" value="$(2)/$(1)"><variable identifier="nenner" /><variable identifier="z" /></customOperator></setCorrectResponse></templateProcessing><itemBody ><p>Bestimmen Sie die Lösung der Gleichung $$<printedVariable identifier="a" />(x <printedVariable identifier="sgn_b" /><printedVariable identifier="b" />) = <printedVariable identifier="c" />x <printedVariable identifier="sgn_d" /><printedVariable identifier="d" />$$.</p><p>\( x = \) <textEntryInteraction responseIdentifier="RESPONSE_1409140292806" expectedLength="5" /></p><p><strong>Hinweis:  </strong>Geben Sie Brüche bitte wie folgt ein: \[\frac xy =\] <strong>x/y. </strong>Geben Sie bitte <strong>keine Kommazahlen</strong> ein!</p><p>                z.B. \[\tfrac13 =\] <strong>1/3</strong> und <span style="text-decoration: underline;">nicht</span> <strong>0.3333</strong>...!</p><p> </p></itemBody><responseProcessing><responseCondition><responseIf><customOperator definition="MAXIMA" value="is(equal(ev($(1)),ev($(2))));"><variable identifier="RESPONSE_1409140292806" /><correct identifier="RESPONSE_1409140292806" /></customOperator><setOutcomeValue identifier="SCORE"><sum><variable identifier="SCORE" /><baseValue baseType="float">1</baseValue></sum></setOutcomeValue></responseIf></responseCondition><responseCondition><responseIf><not><isNull><variable identifier="RESPONSE_1409140292806" /></isNull></not><setOutcomeValue identifier="FEEDBACKBASIC"><baseValue baseType="identifier">incorrect</baseValue></setOutcomeValue></responseIf></responseCondition><responseCondition><responseIf><and><not><match><variable identifier="FEEDBACKBASIC" /><baseValue baseType="identifier">empty</baseValue></match></not><equal toleranceMode="exact"><variable identifier="SCORE" /><variable identifier="MAXSCORE" /></equal></and><setOutcomeValue identifier="FEEDBACKBASIC"><baseValue baseType="identifier">correct</baseValue></setOutcomeValue></responseIf></responseCondition><responseCondition><responseIf><and><match><baseValue baseType="identifier">correct</baseValue><variable identifier="FEEDBACKBASIC" /></match></and><setOutcomeValue identifier="FEEDBACKMODAL"><multiple><variable identifier="FEEDBACKMODAL" /><baseValue baseType="identifier">Feedback1356376254</baseValue></multiple></setOutcomeValue></responseIf></responseCondition><responseCondition><responseIf><and><match><baseValue baseType="identifier">incorrect</baseValue><variable identifier="FEEDBACKBASIC" /></match></and><setOutcomeValue identifier="FEEDBACKMODAL"><multiple><variable identifier="FEEDBACKMODAL" /><baseValue baseType="identifier">Feedback1753997615</baseValue></multiple></setOutcomeValue></responseIf></responseCondition></responseProcessing><modalFeedback  identifier="Feedback1356376254" outcomeIdentifier="FEEDBACKMODAL" showHide="show" title="Richtig!"><p>Lösung:</p><p>$$<printedVariable identifier="a" />(x <printedVariable identifier="sgn_b" /><printedVariable identifier="b" />) = <printedVariable identifier="c" />x <printedVariable identifier="sgn_d" /><printedVariable identifier="d" /> \iff <printedVariable identifier="a" />x <printedVariable identifier="h1" /><printedVariable identifier="abs_ab" /> = <printedVariable identifier="c" />x <printedVariable identifier="sgn_d" /><printedVariable identifier="d" /> \iff  <printedVariable identifier="a" />x<printedVariable identifier="h3" /><printedVariable identifier="abs_c" />x = <printedVariable identifier="sgn_d" /><printedVariable identifier="d" /> <printedVariable identifier="h2" /><printedVariable identifier="abs_ab" /> \iff x = <printedVariable identifier="l_tex" />$$</p></modalFeedback><modalFeedback  identifier="Feedback1753997615" outcomeIdentifier="FEEDBACKMODAL" showHide="show" title="Leider falsch!"><p>Lösung:</p><p>$$<printedVariable identifier="a" />(x <printedVariable identifier="sgn_b" /><printedVariable identifier="b" />) = <printedVariable identifier="c" />x <printedVariable identifier="sgn_d" /><printedVariable identifier="d" /> \iff <printedVariable identifier="a" />x <printedVariable identifier="h1" /><printedVariable identifier="abs_ab" /> = <printedVariable identifier="c" />x <printedVariable identifier="sgn_d" /><printedVariable identifier="d" /> \iff  <printedVariable identifier="a" />x<printedVariable identifier="h3" /><printedVariable identifier="abs_c" />x = <printedVariable identifier="sgn_d" /><printedVariable identifier="d" /> <printedVariable identifier="h2" /><printedVariable identifier="abs_ab" /> \iff x = <printedVariable identifier="l_tex" />$$</p></modalFeedback></assessmentItem>
