<?xml version="1.0" encoding="UTF-8"?>
<assessmentItem xmlns="http://www.imsglobal.org/xsd/imsqti_v2p1" xmlns:xsi="http://www.w3.org/2001/XMLSchema-instance" xsi:schemaLocation="http://www.imsglobal.org/xsd/imsqti_v2p1 http://www.imsglobal.org/xsd/qti/qtiv2p1/imsqti_v2p1p1.xsd http://www.w3.org/1998/Math/MathML http://www.w3.org/Math/XMLSchema/mathml2/mathml2.xsd" identifier="idf6df58ca-cb13-4bff-9932-ba3048f30a61" title="Teilaufgabe lineare Optimierung 2" adaptive="false" timeDependent="false"><responseDeclaration identifier="RESPONSE_1" cardinality="single" baseType="identifier"><correctResponse><value>id072748f5-0017-47e6-94a0-ca1e533352be</value></correctResponse></responseDeclaration><outcomeDeclaration identifier="SCORE" cardinality="single" baseType="float"><defaultValue><value>0</value></defaultValue></outcomeDeclaration><outcomeDeclaration identifier="MAXSCORE" cardinality="single" baseType="float"><defaultValue><value>1</value></defaultValue></outcomeDeclaration><outcomeDeclaration identifier="FEEDBACKBASIC" cardinality="single" baseType="identifier"><defaultValue><value>empty</value></defaultValue></outcomeDeclaration><itemBody ><p>Wie lautet das zugehörige duale Problem?</p><choiceInteraction responseIdentifier="RESPONSE_1" shuffle="true" maxChoices="1"><simpleChoice identifier="id072748f5-0017-47e6-94a0-ca1e533352be"><p>$$\begin{matrix}4x_1&amp;+&amp;2,5x_2&amp;\rightarrow&amp;\min\\2x_1&amp;+&amp;0,5x_2&amp;\geq &amp; 1\\ x_1&amp;+&amp;x_2&amp;\geq &amp;1\\ x_1,x_2&amp;\geq &amp;0\end{matrix}$$</p></simpleChoice><simpleChoice identifier="id4512ae08-055a-4eb0-bb6d-6bccfb22df73"><p>$$\begin{matrix}x_1&amp;+&amp;x_2&amp;\rightarrow&amp;\min\\2x_1&amp;+&amp;x_2&amp;\leq &amp; 4\\ 0,5x_1&amp;+&amp;x_2&amp;\leq &amp;2,5\\ x_1,x_2&amp;\leq &amp;0\end{matrix}$$</p></simpleChoice><simpleChoice identifier="id227d79ba-0e8b-4ec4-9513-eacfd84b41b5"><p>$$\begin{matrix}x_1&amp;+&amp;x_2&amp;\rightarrow&amp;\max\\2x_1&amp;+&amp;x_2&amp;\geq &amp; 4\\ 0,5x_1&amp;+&amp;x_2&amp;\geq &amp;2,5\\ x_1,x_2&amp;\leq &amp;0\end{matrix}$$</p></simpleChoice><simpleChoice identifier="idcf2003b1-cd2d-47b5-94fd-c25f40c6bbd5"><p>$$\begin{matrix}x_1&amp;+&amp;x_2&amp;\rightarrow&amp;\min\\2x_1&amp;+&amp;x_2&amp;\leq &amp; 4\\ 0,5x_1&amp;+&amp;x_2&amp;\leq &amp;2,5\\ x_1,x_2&amp;\leq &amp;0\end{matrix}$$</p></simpleChoice></choiceInteraction></itemBody><responseProcessing><responseCondition><responseIf><isNull><variable identifier="RESPONSE_1" /></isNull><setOutcomeValue identifier="FEEDBACKBASIC"><baseValue baseType="identifier">empty</baseValue></setOutcomeValue></responseIf><responseElseIf><match><variable identifier="RESPONSE_1" /><correct identifier="RESPONSE_1" /></match><setOutcomeValue identifier="SCORE"><sum><variable identifier="SCORE" /><variable identifier="MAXSCORE" /></sum></setOutcomeValue><setOutcomeValue identifier="FEEDBACKBASIC"><baseValue baseType="identifier">correct</baseValue></setOutcomeValue></responseElseIf><responseElse><setOutcomeValue identifier="FEEDBACKBASIC"><baseValue baseType="identifier">incorrect</baseValue></setOutcomeValue></responseElse></responseCondition></responseProcessing></assessmentItem>
