<?xml version="1.0" encoding="UTF-8"?>
<manifest
	xmlns="http://www.imsglobal.org/xsd/imscp_v1p1"
	xmlns:xsi="http://www.w3.org/2001/XMLSchema-instance" 
	xsi:schemaLocation="http://www.imsglobal.org/xsd/imscp_v1p1 http://www.imsglobal.org/xsd/qti/qtiv2p1/qtiv2p1_imscpv1p2_v1p0.xsd 
											http://www.imsglobal.org/xsd/imsqti_v2p1 http://www.imsglobal.org/xsd/qti/qtiv2p1/imsqti_v2p1p1.xsd 
											http://www.imsglobal.org/xsd/imsqti_metadata_v2p1 http://www.imsglobal.org/xsd/qti/qtiv2p1/imsqti_metadata_v2p1p1.xsd
											http://ltsc.ieee.org/xsd/LOM http://www.imsglobal.org/xsd/imsmd_loose_v1p3p2.xsd"
	identifier="manifestID">
	<metadata>
		<schema>QTIv2.1 Package</schema>
    <schemaversion>1.0.0</schemaversion>
  </metadata>
	<organizations />
	<resources>
		<resource identifier="idf6df58ca_cb13_4bff_9932_ba3048f30a61" type="imsqti_item_xmlv2p1" href="idf6df58ca-cb13-4bff-9932-ba3048f30a61.xml"><metadata><lom xmlns="http://ltsc.ieee.org/xsd/LOM"><general ><identifier><entry>idf6df58ca-cb13-4bff-9932-ba3048f30a61</entry></identifier><title><string language="de">Teilaufgabe lineare Optimierung 2</string></title><description><string language="de">Teilaufgabe zur Aufgabe: Betrachten Sie die lineare Optimierungsaufgabe $$x_1+x_2\rightarrow\max$$ unter den Nebenbedingungen&#xD;
&#xD;
$$\begin{matrix}2x_1&amp;+&amp;x_2&amp;\leq &amp; 4\\ 0,5x_1&amp;+&amp;x_2&amp;\leq &amp;2,5\\ x_1,x_2&amp;\geq &amp;0\end{matrix}$$</string></description></general><lifeCycle ><contribute><date><dateTime>2015-01-15T14:38:43</dateTime></date><role><source>LOMv1.0</source><value>author</value></role><entity>BEGIN:VCARD&#xD;
VERSION:4.0&#xD;
N;LANGUAGE=de:Kalmes;Thomas;;;&#xD;
FN:Thomas Kalmes&#xD;
EMAIL:thomas.kalmes@mathematik.tu-chemnitz.de&#xD;
PRODID:ONYX Editor 5.9.12&#xD;
END:VCARD&#xD;
</entity></contribute></lifeCycle><educational ><learningResourceType><source>QTIv2.1</source><value>AssessmentItem</value></learningResourceType></educational><qtiMetadata xmlns="http://www.imsglobal.org/xsd/imsqti_metadata_v2p1"><interactionType >choiceInteraction</interactionType><toolName >ONYX Editor</toolName><toolVersion >5.9.12</toolVersion><toolVendor >BPS Bildungsportal Sachsen GmbH</toolVendor></qtiMetadata></lom></metadata><file href="idf6df58ca-cb13-4bff-9932-ba3048f30a61.xml" /></resource>
	</resources>
</manifest>
