<?xml version="1.0" encoding="UTF-8"?>
<assessmentItem xmlns="http://www.imsglobal.org/xsd/imsqti_v2p1" xmlns:xsi="http://www.w3.org/2001/XMLSchema-instance" xsi:schemaLocation="http://www.imsglobal.org/xsd/imsqti_v2p1 http://www.imsglobal.org/xsd/qti/qtiv2p1/imsqti_v2p1p1.xsd http://www.w3.org/1998/Math/MathML http://www.w3.org/Math/XMLSchema/mathml2/mathml2.xsd" identifier="id221274a4-af27-475e-9efd-8e3611295f6b" title="kettenregel_sinus_01" adaptive="false" timeDependent="false"><responseDeclaration identifier="RESPONSE_1" cardinality="single" baseType="identifier"><correctResponse><value>idcedb8e78-3535-42cb-9306-fc2ed8ada9a0</value></correctResponse></responseDeclaration><outcomeDeclaration identifier="SCORE" cardinality="single" baseType="float"><defaultValue><value>0</value></defaultValue></outcomeDeclaration><outcomeDeclaration identifier="MAXSCORE" cardinality="single" baseType="float"><defaultValue><value>1</value></defaultValue></outcomeDeclaration><outcomeDeclaration identifier="FEEDBACKBASIC" cardinality="single" baseType="identifier"><defaultValue><value>empty</value></defaultValue></outcomeDeclaration><templateDeclaration identifier="a_abs" cardinality="single" baseType="integer" /><templateDeclaration identifier="a_sign" cardinality="single" baseType="integer" /><templateDeclaration identifier="a" cardinality="single" baseType="float" /><templateDeclaration identifier="b" cardinality="single" baseType="integer" /><templateDeclaration identifier="b_vz" cardinality="single" baseType="string" /><templateDeclaration identifier="c" cardinality="single" baseType="integer" /><templateDeclaration identifier="c_vz" cardinality="single" baseType="string" /><templateDeclaration identifier="a2" cardinality="single" baseType="float" /><templateProcessing><setTemplateValue identifier="a_abs"><randomInteger min="2" max="10" /></setTemplateValue><setTemplateValue identifier="a_sign"><randomInteger min="-1" max="1" step="2" /></setTemplateValue><setTemplateValue identifier="a"><customOperator definition="MAXIMA" value="float($(1)*$(2));"><variable identifier="a_sign" /><variable identifier="a_abs" /></customOperator></setTemplateValue><setTemplateValue identifier="b"><randomInteger min="1" max="10" /></setTemplateValue><setTemplateValue identifier="b_vz"><random><multiple><baseValue baseType="string">-</baseValue><baseValue baseType="string">+</baseValue></multiple></random></setTemplateValue><setTemplateValue identifier="c"><randomInteger min="1" max="10" /></setTemplateValue><setTemplateValue identifier="c_vz"><random><multiple><baseValue baseType="string">-</baseValue><baseValue baseType="string">+</baseValue></multiple></random></setTemplateValue><setTemplateValue identifier="a2"><customOperator definition="MAXIMA" value="float(2*$(1));"><variable identifier="a" /></customOperator></setTemplateValue></templateProcessing><itemBody ><p>Gegeben sei die Funktion \(f(x)=\sin(<printedVariable identifier="a" />x^2<printedVariable identifier="b_vz" /><printedVariable identifier="b" />x<printedVariable identifier="c_vz" /><printedVariable identifier="c" />)\).</p><p>Durch welchen der folgenden Ausdrücke ist die Ableitung der Funktion \(f\) gegeben?</p><choiceInteraction responseIdentifier="RESPONSE_1" shuffle="true" maxChoices="1"><simpleChoice identifier="idcedb8e78-3535-42cb-9306-fc2ed8ada9a0"><p>\(f'(x)=(<printedVariable identifier="a2" />x<printedVariable identifier="b_vz" /><printedVariable identifier="b" />)\cos(<printedVariable identifier="a" />x^2<printedVariable identifier="b_vz" /><printedVariable identifier="b" />x<printedVariable identifier="c_vz" /><printedVariable identifier="c" />)\)</p></simpleChoice><simpleChoice identifier="id16ecd442-621d-4107-ac5f-43b8fb408880"><p>\(f'(x)=(<printedVariable identifier="a2" />x<printedVariable identifier="b_vz" /><printedVariable identifier="b" />)\cos(<printedVariable identifier="a2" />x<printedVariable identifier="b_vz" /><printedVariable identifier="b" />)\)</p></simpleChoice><simpleChoice identifier="id322b7db4-5f73-4457-8744-536483692800"><p>\(f'(x)=\cos(<printedVariable identifier="a2" />x<printedVariable identifier="b_vz" /><printedVariable identifier="b" />)\)</p></simpleChoice><simpleChoice identifier="id99ad0572-0637-4350-8069-d1f9ce9444be"><p>\(f'(x)=\sin(<printedVariable identifier="a2" />x<printedVariable identifier="b_vz" /><printedVariable identifier="b" />)\)</p></simpleChoice><simpleChoice identifier="ideb411f8b-46b0-4b67-9056-ae361f421306"><p>\(f'(x)=\cos(<printedVariable identifier="a" />x^2<printedVariable identifier="b_vz" /><printedVariable identifier="b" />x<printedVariable identifier="c_vz" /><printedVariable identifier="c" />)\)</p></simpleChoice><simpleChoice identifier="iddffbf149-9311-47fa-bd7a-56ddc3afecfd"><p>\(f'(x)=(<printedVariable identifier="a2" />x<printedVariable identifier="b_vz" /><printedVariable identifier="b" />)\sin(<printedVariable identifier="a" />x^2<printedVariable identifier="b_vz" /><printedVariable identifier="b" />x<printedVariable identifier="c_vz" /><printedVariable identifier="c" />)\)</p></simpleChoice><simpleChoice identifier="id030ae6cb-f8d5-4701-958b-7688f60e3c02"><p>\(f'(x)=(<printedVariable identifier="a2" />x<printedVariable identifier="b_vz" /><printedVariable identifier="b" />)\sin(<printedVariable identifier="a2" />x<printedVariable identifier="b_vz" /><printedVariable identifier="b" />)\)</p></simpleChoice></choiceInteraction></itemBody><responseProcessing><responseCondition><responseIf><isNull><variable identifier="RESPONSE_1" /></isNull><setOutcomeValue identifier="FEEDBACKBASIC"><baseValue baseType="identifier">empty</baseValue></setOutcomeValue></responseIf><responseElseIf><match><variable identifier="RESPONSE_1" /><correct identifier="RESPONSE_1" /></match><setOutcomeValue identifier="SCORE"><sum><variable identifier="SCORE" /><variable identifier="MAXSCORE" /></sum></setOutcomeValue><setOutcomeValue identifier="FEEDBACKBASIC"><baseValue baseType="identifier">correct</baseValue></setOutcomeValue></responseElseIf><responseElse><setOutcomeValue identifier="FEEDBACKBASIC"><baseValue baseType="identifier">incorrect</baseValue></setOutcomeValue></responseElse></responseCondition></responseProcessing></assessmentItem>
