<?xml version="1.0" encoding="UTF-8"?>
<assessmentItem xmlns="http://www.imsglobal.org/xsd/imsqti_v2p1" xmlns:xsi="http://www.w3.org/2001/XMLSchema-instance" xsi:schemaLocation="http://www.imsglobal.org/xsd/imsqti_v2p1 http://www.imsglobal.org/xsd/qti/qtiv2p1/imsqti_v2p1p1.xsd http://www.w3.org/1998/Math/MathML http://www.w3.org/Math/XMLSchema/mathml2/mathml2.xsd" identifier="id83da76d9-0a35-4780-8949-5b49ea262d7a" title="Nutzenfunktion" adaptive="false" timeDependent="false"><responseDeclaration identifier="RESPONSE_1" cardinality="single" baseType="identifier"><correctResponse><value>id5ed5520c-56e8-4a07-a5ee-2d7c868674ba</value></correctResponse></responseDeclaration><outcomeDeclaration identifier="SCORE" cardinality="single" baseType="float"><defaultValue><value>0</value></defaultValue></outcomeDeclaration><outcomeDeclaration identifier="MAXSCORE" cardinality="single" baseType="float"><defaultValue><value>1</value></defaultValue></outcomeDeclaration><outcomeDeclaration identifier="FEEDBACKBASIC" cardinality="single" baseType="identifier"><defaultValue><value>empty</value></defaultValue></outcomeDeclaration><itemBody ><p>Die Nutzenfunktion eines ökonomischen Individuums in Abhängigkeit der konsumierten Gütermengen $$x_1, x_2$$ der Güter $$G_1, G_2$$ sei gegeben durch $$N(x_1,x_2)=\exp(\alpha\ln(x_1)+(1-\alpha)\ln(x_2))$$, wobei $$0&lt;\alpha&lt;1$$ ein Gleichgewichtsparameter ist. Wie lautet der Gradient von $$N$$?</p><choiceInteraction responseIdentifier="RESPONSE_1" shuffle="true" maxChoices="1"><simpleChoice identifier="idbf251b90-25b8-4cd0-9cf0-7755893b9d64"><p>$$\nabla N(x_1,x_2)=(\alpha x_1^{\alpha-1}, (1-\alpha)x_2^{-\alpha})$$</p></simpleChoice><simpleChoice identifier="id5ed5520c-56e8-4a07-a5ee-2d7c868674ba"><p>$$\nabla N(x_1,x_2)=(\alpha\frac{x_2^{1-\alpha}}{x_1^{1-\alpha}}, (1-\alpha)\frac{x_1^\alpha}{x_2^\alpha})$$</p></simpleChoice><simpleChoice identifier="id9b49f19e-d170-4360-b322-47bbc9cd1fba"><p>$$\nabla N(x_1,x_2)=(\alpha\frac{x_1^{1-\alpha}}{x_2^{1-\alpha}},(1-\alpha)\frac{x_2^\alpha}{x_1^\alpha})$$</p></simpleChoice><simpleChoice identifier="ide59588ad-5670-4076-8d82-fe62b8540fd6"><p>$$\nabla N(x_1,x_2)=(\exp(\alpha\frac{1}{x_1}),\exp((1-\alpha)\frac{1}{x_2})$$</p></simpleChoice></choiceInteraction></itemBody><responseProcessing><responseCondition><responseIf><isNull><variable identifier="RESPONSE_1" /></isNull><setOutcomeValue identifier="FEEDBACKBASIC"><baseValue baseType="identifier">empty</baseValue></setOutcomeValue></responseIf><responseElseIf><match><variable identifier="RESPONSE_1" /><correct identifier="RESPONSE_1" /></match><setOutcomeValue identifier="SCORE"><sum><variable identifier="SCORE" /><variable identifier="MAXSCORE" /></sum></setOutcomeValue><setOutcomeValue identifier="FEEDBACKBASIC"><baseValue baseType="identifier">correct</baseValue></setOutcomeValue></responseElseIf><responseElse><setOutcomeValue identifier="FEEDBACKBASIC"><baseValue baseType="identifier">incorrect</baseValue></setOutcomeValue></responseElse></responseCondition></responseProcessing></assessmentItem>
