<?xml version="1.0" encoding="UTF-8"?>
<assessmentItem xmlns="http://www.imsglobal.org/xsd/imsqti_v2p1" xmlns:xsi="http://www.w3.org/2001/XMLSchema-instance" xsi:schemaLocation="http://www.imsglobal.org/xsd/imsqti_v2p1 http://www.imsglobal.org/xsd/qti/qtiv2p1/imsqti_v2p1p1.xsd http://www.w3.org/1998/Math/MathML http://www.w3.org/Math/XMLSchema/mathml2/mathml2.xsd" identifier="idb118a22a-fe8f-4fc8-be1d-109db6eeb50f" title="winkelfunktion_graphisch_01" adaptive="false" timeDependent="false"><responseDeclaration identifier="RESPONSE_1" cardinality="multiple" baseType="identifier"><correctResponse><value>id8dcfe50a-1939-4ca9-9618-edc6b7fcd69a</value><value>id67a30b2c-150c-4d2a-9acb-edb53b55c614</value></correctResponse><mapping defaultValue="0" lowerBound="0.0"><mapEntry mapKey="id5acea3a0-7182-4723-af35-18df1a09bf4f" mappedValue="-0.5" /><mapEntry mapKey="id8dcfe50a-1939-4ca9-9618-edc6b7fcd69a" mappedValue="0.5" /><mapEntry mapKey="id6c621080-22e2-4104-b356-a42919f723a1" mappedValue="-0.5" /><mapEntry mapKey="id67a30b2c-150c-4d2a-9acb-edb53b55c614" mappedValue="0.5" /></mapping></responseDeclaration><outcomeDeclaration identifier="SCORE" cardinality="single" baseType="float"><defaultValue><value>0</value></defaultValue></outcomeDeclaration><outcomeDeclaration identifier="MAXSCORE" cardinality="single" baseType="float"><defaultValue><value>1</value></defaultValue></outcomeDeclaration><outcomeDeclaration identifier="FEEDBACKBASIC" cardinality="single" baseType="identifier" view="testConstructor"><defaultValue><value>empty</value></defaultValue></outcomeDeclaration><itemBody ><div>Der Graph welcher Funktion ist auf folgendem Bild zu sehen? (mehrere Antworten möglich)</div><p><img src="media%2Fmedium430500448562096540cos_x.png" alt="" width="500" height="109" /></p><choiceInteraction responseIdentifier="RESPONSE_1" shuffle="true" maxChoices="0"><simpleChoice identifier="id5acea3a0-7182-4723-af35-18df1a09bf4f"><p>\(\sin(x-\tfrac \pi2)\)</p></simpleChoice><simpleChoice identifier="id8dcfe50a-1939-4ca9-9618-edc6b7fcd69a"><p>\(\cos(x)\)</p></simpleChoice><simpleChoice identifier="id6c621080-22e2-4104-b356-a42919f723a1"><p>\(\cos(x+\tfrac \pi 2)\)</p></simpleChoice><simpleChoice identifier="id67a30b2c-150c-4d2a-9acb-edb53b55c614"><p>\(\sin(x+\tfrac \pi 2)\)</p></simpleChoice></choiceInteraction></itemBody><responseProcessing><responseCondition><responseIf><not><isNull><variable identifier="RESPONSE_1" /></isNull></not><setOutcomeValue identifier="SCORE"><sum><variable identifier="SCORE" /><mapResponse identifier="RESPONSE_1" /></sum></setOutcomeValue><setOutcomeValue identifier="FEEDBACKBASIC"><baseValue baseType="identifier">incorrect</baseValue></setOutcomeValue></responseIf></responseCondition><responseCondition><responseIf><and><not><match><variable identifier="FEEDBACKBASIC" /><baseValue baseType="identifier">empty</baseValue></match></not><equal toleranceMode="exact"><variable identifier="SCORE" /><variable identifier="MAXSCORE" /></equal></and><setOutcomeValue identifier="FEEDBACKBASIC"><baseValue baseType="identifier">correct</baseValue></setOutcomeValue></responseIf></responseCondition></responseProcessing></assessmentItem>
