<?xml version="1.0" encoding="UTF-8"?>
<assessmentItem xmlns="http://www.imsglobal.org/xsd/imsqti_v2p1" xmlns:xsi="http://www.w3.org/2001/XMLSchema-instance" xsi:schemaLocation="http://www.imsglobal.org/xsd/imsqti_v2p1 http://www.imsglobal.org/xsd/qti/qtiv2p1/imsqti_v2p1p1.xsd http://www.w3.org/1998/Math/MathML http://www.w3.org/Math/XMLSchema/mathml2/mathml2.xsd" identifier="id4a226534-c83d-4f76-8823-d31e53b57114" title="Kurvenintegral1" adaptive="false" timeDependent="false"><responseDeclaration identifier="RESPONSE_1415634220873" cardinality="single" baseType="string" /><outcomeDeclaration identifier="SCORE" cardinality="single" baseType="float"><defaultValue><value>0</value></defaultValue></outcomeDeclaration><outcomeDeclaration identifier="MAXSCORE" cardinality="single" baseType="float"><defaultValue><value>2</value></defaultValue></outcomeDeclaration><outcomeDeclaration identifier="FEEDBACKBASIC" cardinality="single" baseType="identifier" view="testConstructor"><defaultValue><value>empty</value></defaultValue></outcomeDeclaration><outcomeDeclaration identifier="FEEDBACKMODAL" cardinality="multiple" baseType="identifier" view="testConstructor" /><templateDeclaration identifier="a" cardinality="single" baseType="integer" /><templateDeclaration identifier="b" cardinality="single" baseType="integer" /><templateDeclaration identifier="c" cardinality="single" baseType="integer" /><templateDeclaration identifier="d" cardinality="single" baseType="integer" /><templateDeclaration identifier="re" cardinality="single" baseType="integer" /><templateDeclaration identifier="im" cardinality="single" baseType="integer" /><templateProcessing><setTemplateValue identifier="a"><randomInteger min="1" max="5" /></setTemplateValue><setTemplateValue identifier="b"><randomInteger min="1" max="5" /></setTemplateValue><setTemplateValue identifier="c"><randomInteger min="1" max="5" /></setTemplateValue><setTemplateValue identifier="d"><randomInteger min="1" max="5" /></setTemplateValue><setTemplateValue identifier="re"><customOperator definition="MAXIMA" value="float(1/2*( $(1)*($(2))^2+$(3)*($(4))^2 ));"><variable identifier="a" /><variable identifier="c" /><variable identifier="b" /><variable identifier="d" /></customOperator></setTemplateValue><setTemplateValue identifier="im"><customOperator definition="MAXIMA" value="float(1/2*($(1)*$(2)*$(3)-$(4)*$(5)*$(6)));"><variable identifier="d" /><variable identifier="a" /><variable identifier="c" /><variable identifier="c" /><variable identifier="b" /><variable identifier="d" /></customOperator></setTemplateValue><setCorrectResponse identifier="RESPONSE_1415634220873"><customOperator definition="VARIABLESTRING" value="$(1)+$(2)*%i"><variable identifier="re" /><variable identifier="im" /></customOperator></setCorrectResponse></templateProcessing><itemBody ><p><p>Sei  \(f\) die Funktion \(f(z) =f(x+ y \cdot \mathrm i):= <printedVariable identifier="a" />x - <printedVariable identifier="b" />y \cdot \mathrm i\).</p><p>Sei \( \gamma : [0, 1] \rightarrow \mathbb C,  \gamma (t) := t \cdot <printedVariable identifier="c" /> + t \cdot <printedVariable identifier="d" /> \cdot \mathrm i \) für \( 0 \le t \le 1 \) eine Kurve.</p><p>Berechne  $$ \int_{\gamma} f $$ = <textEntryInteraction responseIdentifier="RESPONSE_1415634220873" expectedLength="5" class="maxima-formula show-latex show-syntax-error" /></p><p>Gebe das Ergebnis in der Form \(a + b \mathrm i\)  ein.</p><p>Benutze %i für i und * für jede Multiplication. Beispiel: Für die Zahl  2- 3i gebe ein 2 - 3*%i</p><p> </p></p></itemBody><responseProcessing><responseCondition><responseIf><customOperator definition="MAXIMA" value="is(equal(ev($(1)),ev($(2))));"><variable identifier="RESPONSE_1415634220873" /><correct identifier="RESPONSE_1415634220873" /></customOperator><setOutcomeValue identifier="SCORE"><sum><variable identifier="SCORE" /><baseValue baseType="float">2</baseValue></sum></setOutcomeValue></responseIf></responseCondition><responseCondition><responseIf><not><isNull><variable identifier="RESPONSE_1415634220873" /></isNull></not><setOutcomeValue identifier="FEEDBACKBASIC"><baseValue baseType="identifier">incorrect</baseValue></setOutcomeValue></responseIf></responseCondition><responseCondition><responseIf><and><not><match><variable identifier="FEEDBACKBASIC" /><baseValue baseType="identifier">empty</baseValue></match></not><equal toleranceMode="exact"><variable identifier="SCORE" /><variable identifier="MAXSCORE" /></equal></and><setOutcomeValue identifier="FEEDBACKBASIC"><baseValue baseType="identifier">correct</baseValue></setOutcomeValue></responseIf></responseCondition><responseCondition><responseIf><and><match><baseValue baseType="identifier">incorrect</baseValue><variable identifier="FEEDBACKBASIC" /></match></and><setOutcomeValue identifier="FEEDBACKMODAL"><multiple><variable identifier="FEEDBACKMODAL" /><baseValue baseType="identifier">Feedback1944416314</baseValue></multiple></setOutcomeValue></responseIf></responseCondition></responseProcessing><modalFeedback  identifier="Feedback1944416314" outcomeIdentifier="FEEDBACKMODAL" showHide="show" /></assessmentItem>
