<?xml version="1.0" encoding="UTF-8"?>
<assessmentItem xmlns="http://www.imsglobal.org/xsd/imsqti_v2p1" xmlns:xsi="http://www.w3.org/2001/XMLSchema-instance" xsi:schemaLocation="http://www.imsglobal.org/xsd/imsqti_v2p1 http://www.imsglobal.org/xsd/qti/qtiv2p1/imsqti_v2p1p1.xsd http://www.w3.org/1998/Math/MathML http://www.w3.org/Math/XMLSchema/mathml2/mathml2.xsd" identifier="id655d095b-60c1-402a-afc5-7697a66dfa19" title="fehler_linGS_01" adaptive="false" timeDependent="false"><responseDeclaration identifier="RESPONSE_1" cardinality="multiple" baseType="identifier"><correctResponse><value>id46aefb17-319b-4d82-9094-08b1bbdffd70</value><value>id77fa0c8d-7473-42fe-ac7c-0bc4f791eef0</value></correctResponse><mapping defaultValue="0" lowerBound="0.0"><mapEntry mapKey="id46aefb17-319b-4d82-9094-08b1bbdffd70" mappedValue="1.0" /><mapEntry mapKey="id77fa0c8d-7473-42fe-ac7c-0bc4f791eef0" mappedValue="1.0" /><mapEntry mapKey="id3d75109c-74b0-49d6-ae03-c1d53b72d885" mappedValue="-0.5" /><mapEntry mapKey="id1ce94771-f65e-4caa-bcc8-603596e388fa" mappedValue="-0.5" /><mapEntry mapKey="id6d688c03-99ea-4ba4-8ac3-540d05e1493c" mappedValue="-0.5" /><mapEntry mapKey="id36287b8e-ea79-4c72-91a2-589c145f4eec" mappedValue="-0.5" /></mapping></responseDeclaration><outcomeDeclaration identifier="SCORE" cardinality="single" baseType="float"><defaultValue><value>0</value></defaultValue></outcomeDeclaration><outcomeDeclaration identifier="MAXSCORE" cardinality="single" baseType="float"><defaultValue><value>2</value></defaultValue></outcomeDeclaration><outcomeDeclaration identifier="FEEDBACKBASIC" cardinality="single" baseType="identifier" view="testConstructor"><defaultValue><value>empty</value></defaultValue></outcomeDeclaration><itemBody ><p>Es sei \(Ax=b\)  und \(A(x+\Delta x)=b+\Delta b\)  für eine invertierbare Matrix \(A\) . Welche der folgenden Aussagen sind richtig?</p><choiceInteraction responseIdentifier="RESPONSE_1" shuffle="true" maxChoices="0" orientation="vertical"><simpleChoice identifier="id46aefb17-319b-4d82-9094-08b1bbdffd70"><p>\[\displaystyle\frac{\|\Delta x\|_2}{\|x\|_2}\leq\kappa(A)\frac{\|\Delta b\|_2}{\|b\|_2}\]</p></simpleChoice><simpleChoice identifier="id77fa0c8d-7473-42fe-ac7c-0bc4f791eef0"><p>\[\|\Delta x\|_2\leq\|A^{-1}\|_2\|\Delta b\|_2\]</p></simpleChoice><simpleChoice identifier="id3d75109c-74b0-49d6-ae03-c1d53b72d885"><p>\[\displaystyle\frac{\|\Delta b\|_2}{\|b\|_2}\leq\kappa(A)\frac{\|\Delta x\|_2}{\|x\|_2}\]</p></simpleChoice><simpleChoice identifier="id1ce94771-f65e-4caa-bcc8-603596e388fa"><p>\[\displaystyle\frac{\|\Delta x\|_2}{\|x\|_2}\leq\|A\|_2\frac{\|\Delta b\|_2}{\|b\|_2}\]</p></simpleChoice><simpleChoice identifier="id6d688c03-99ea-4ba4-8ac3-540d05e1493c"><p>\[\|\Delta x\|_2\leq\|A\|_2\|\Delta b\|_2\]</p></simpleChoice><simpleChoice identifier="id36287b8e-ea79-4c72-91a2-589c145f4eec"><p>\[\|\Delta x\|_2\leq\kappa(A)\|\Delta b\|_2\]</p></simpleChoice></choiceInteraction></itemBody><responseProcessing><responseCondition><responseIf><not><isNull><variable identifier="RESPONSE_1" /></isNull></not><setOutcomeValue identifier="SCORE"><sum><variable identifier="SCORE" /><mapResponse identifier="RESPONSE_1" /></sum></setOutcomeValue><setOutcomeValue identifier="FEEDBACKBASIC"><baseValue baseType="identifier">incorrect</baseValue></setOutcomeValue></responseIf></responseCondition><responseCondition><responseIf><and><not><match><variable identifier="FEEDBACKBASIC" /><baseValue baseType="identifier">empty</baseValue></match></not><equal toleranceMode="exact"><variable identifier="SCORE" /><variable identifier="MAXSCORE" /></equal></and><setOutcomeValue identifier="FEEDBACKBASIC"><baseValue baseType="identifier">correct</baseValue></setOutcomeValue></responseIf></responseCondition></responseProcessing></assessmentItem>
