<?xml version="1.0" encoding="UTF-8"?>
<assessmentItem xmlns="http://www.imsglobal.org/xsd/imsqti_v2p1" xmlns:xsi="http://www.w3.org/2001/XMLSchema-instance" xsi:schemaLocation="http://www.imsglobal.org/xsd/imsqti_v2p1 http://www.imsglobal.org/xsd/qti/qtiv2p1/imsqti_v2p1p1.xsd http://www.w3.org/1998/Math/MathML http://www.w3.org/Math/XMLSchema/mathml2/mathml2.xsd" identifier="id2757f7e9-2124-428b-ac6b-5ec0d76761a7" title="ableitung_gauss_graphisch_01" adaptive="false" timeDependent="false"><responseDeclaration identifier="RESPONSE_1" cardinality="single" baseType="identifier"><correctResponse><value>id7b1b88fc-4611-41ee-8054-9a9d5da498a1</value></correctResponse></responseDeclaration><outcomeDeclaration identifier="SCORE" cardinality="single" baseType="float"><defaultValue><value>0</value></defaultValue></outcomeDeclaration><outcomeDeclaration identifier="MAXSCORE" cardinality="single" baseType="float"><defaultValue><value>1</value></defaultValue></outcomeDeclaration><outcomeDeclaration identifier="FEEDBACKBASIC" cardinality="single" baseType="identifier"><defaultValue><value>empty</value></defaultValue></outcomeDeclaration><outcomeDeclaration identifier="FEEDBACKMODAL" cardinality="multiple" baseType="identifier" view="testConstructor" /><itemBody ><p>Eine der in rot skizzierten Funktionen ist die Ableitung der in blau dargestellten Funktion! Welche ist es?</p><choiceInteraction responseIdentifier="RESPONSE_1" shuffle="true" maxChoices="1" orientation="horizontal"><simpleChoice identifier="id7b1b88fc-4611-41ee-8054-9a9d5da498a1"><p><img src="media%2Fmedium1380006972967133910ableitung_gauss_01.png" alt="" height="300" /></p></simpleChoice><simpleChoice identifier="id00d8e4ce-8345-4d22-99ae-e5aa41f52f6b"><p><img src="media%2Fmedium8974260403883301093ableitung_gauss_02.png" alt="" height="300" /></p></simpleChoice><simpleChoice identifier="id59b850ae-cd82-4914-8212-ae1031df5afb"><p><img src="media%2Fmedium8526483096938238349ableitung_gauss_03.png" alt="" height="300" /></p></simpleChoice><simpleChoice identifier="id9ec6366d-be5c-45f8-9bee-48ccd1244100"><p><img src="media%2Fmedium2831443124186879016ableitung_gauss_04.png" alt="" height="300" /></p></simpleChoice></choiceInteraction></itemBody><responseProcessing><responseCondition><responseIf><isNull><variable identifier="RESPONSE_1" /></isNull><setOutcomeValue identifier="FEEDBACKBASIC"><baseValue baseType="identifier">empty</baseValue></setOutcomeValue></responseIf><responseElseIf><match><variable identifier="RESPONSE_1" /><correct identifier="RESPONSE_1" /></match><setOutcomeValue identifier="SCORE"><sum><variable identifier="SCORE" /><variable identifier="MAXSCORE" /></sum></setOutcomeValue><setOutcomeValue identifier="FEEDBACKBASIC"><baseValue baseType="identifier">correct</baseValue></setOutcomeValue></responseElseIf><responseElse><setOutcomeValue identifier="FEEDBACKBASIC"><baseValue baseType="identifier">incorrect</baseValue></setOutcomeValue></responseElse></responseCondition><responseCondition><responseIf><and><match><baseValue baseType="identifier">correct</baseValue><variable identifier="FEEDBACKBASIC" /></match></and><setOutcomeValue identifier="FEEDBACKMODAL"><multiple><variable identifier="FEEDBACKMODAL" /><baseValue baseType="identifier">Feedback488670371</baseValue></multiple></setOutcomeValue></responseIf></responseCondition><responseCondition><responseIf><and><match><baseValue baseType="identifier">incorrect</baseValue><variable identifier="FEEDBACKBASIC" /></match></and><setOutcomeValue identifier="FEEDBACKMODAL"><multiple><variable identifier="FEEDBACKMODAL" /><baseValue baseType="identifier">Feedback1754077610</baseValue></multiple></setOutcomeValue></responseIf></responseCondition></responseProcessing><modalFeedback  identifier="Feedback488670371" outcomeIdentifier="FEEDBACKMODAL" showHide="show" title="Richtig!"><p>Die abgebildete Funktion hat ein <strong>Maximum</strong> in \(x=0\). Also muss die erste Ableitung dort eine <strong>Nullstelle</strong> haben.</p><p>Die Funktion ist für negative \(x\) <strong>monoton wachsend</strong>, die Ableitung muss dort also <strong>größer als Null</strong> sein.</p><p>Die Funktion ist für positive \(x\) <strong>monoton fallend</strong>, die Ableitung muss dort also <strong>kleiner als Null</strong> sein.</p><p>Je weiter man sich von \(x=0\) enfernt, desto mehr nähert sich der Anstieg der Funktion dem Wert Null, d.h. die Ableitung muss also dort Werte <strong>nahe Null</strong> annehmen.</p></modalFeedback><modalFeedback  identifier="Feedback1754077610" outcomeIdentifier="FEEDBACKMODAL" showHide="show" title="Leider falsch!"><p>Die abgebildete Funktion hat ein <strong>Maximum</strong> in \(x=0\). Also muss die erste Ableitung dort eine <strong>Nullstelle</strong> haben.</p><p>Die Funktion ist für negative \(x\) <strong>monoton wachsend</strong>, die Ableitung muss dort also <strong>größer als Null</strong> sein.</p><p>Die Funktion ist für positive \(x\) <strong>monoton fallend</strong>, die Ableitung muss dort also <strong>kleiner als Null</strong> sein.</p><p>Je weiter man sich von \(x=0\) enfernt, desto mehr nähert sich der Anstieg der Funktion dem Wert Null, d.h. die Ableitung muss also dort Werte <strong>nahe Null</strong> annehmen.</p><p>Nur eine der in rot dargestellten Funktionen erfüllt alle diese Bedingungen!</p></modalFeedback></assessmentItem>
