<?xml version="1.0" encoding="UTF-8"?>
<assessmentItem xmlns="http://www.imsglobal.org/xsd/imsqti_v2p1" xmlns:xsi="http://www.w3.org/2001/XMLSchema-instance" xsi:schemaLocation="http://www.imsglobal.org/xsd/imsqti_v2p1 http://www.imsglobal.org/xsd/qti/qtiv2p1/imsqti_v2p1p1.xsd http://www.w3.org/1998/Math/MathML http://www.w3.org/Math/XMLSchema/mathml2/mathml2.xsd" identifier="id4005b257-b1cb-4fa4-a931-4399e3bc86dd" title="textaufgabe_2variablen_02" adaptive="false" timeDependent="false"><responseDeclaration identifier="RESPONSE_1418298541016" cardinality="single" baseType="float"><correctResponse><value>0</value></correctResponse></responseDeclaration><responseDeclaration identifier="RESPONSE_1418298554679" cardinality="single" baseType="float"><correctResponse><value>0</value></correctResponse></responseDeclaration><outcomeDeclaration identifier="SCORE" cardinality="single" baseType="float"><defaultValue><value>0</value></defaultValue></outcomeDeclaration><outcomeDeclaration identifier="MAXSCORE" cardinality="single" baseType="float"><defaultValue><value>1</value></defaultValue></outcomeDeclaration><outcomeDeclaration identifier="FEEDBACKBASIC" cardinality="single" baseType="identifier" view="testConstructor"><defaultValue><value>empty</value></defaultValue></outcomeDeclaration><outcomeDeclaration identifier="FEEDBACKMODAL" cardinality="multiple" baseType="identifier" view="testConstructor" /><templateDeclaration identifier="hasen" cardinality="single" baseType="integer" /><templateDeclaration identifier="fasane" cardinality="single" baseType="integer" /><templateDeclaration identifier="a" cardinality="single" baseType="integer" /><templateDeclaration identifier="b" cardinality="single" baseType="integer" /><templateProcessing><setTemplateValue identifier="hasen"><randomInteger min="25" max="50" /></setTemplateValue><setTemplateValue identifier="fasane"><randomInteger min="6" max="25" /></setTemplateValue><setTemplateValue identifier="a"><customOperator definition="MAXIMA" value="float($(1) + $(2));"><variable identifier="hasen" /><variable identifier="fasane" /></customOperator></setTemplateValue><setTemplateValue identifier="b"><customOperator definition="MAXIMA" value="float(4*$(1)+2*$(2));"><variable identifier="hasen" /><variable identifier="fasane" /></customOperator></setTemplateValue><setCorrectResponse identifier="RESPONSE_1418298541016"><variable identifier="hasen" /></setCorrectResponse><setCorrectResponse identifier="RESPONSE_1418298554679"><variable identifier="fasane" /></setCorrectResponse></templateProcessing><itemBody ><p><strong>Lösen Sie mithilfe eines Gleichungssystems!</strong></p><p>In einem Käfig sind Hasen und Fasane. Sie haben zusammen <printedVariable identifier="a" /> Köpfe und <printedVariable identifier="b" /> Füße.</p><p>Wieviele Hasen und Fasane sind im Käfig?</p><p><textEntryInteraction responseIdentifier="RESPONSE_1418298541016" expectedLength="3" /> Hasen und <textEntryInteraction responseIdentifier="RESPONSE_1418298554679" expectedLength="3" /> Fasane.</p></itemBody><responseProcessing><responseCondition><responseIf><equal toleranceMode="exact"><variable identifier="RESPONSE_1418298541016" /><correct identifier="RESPONSE_1418298541016" /></equal><setOutcomeValue identifier="SCORE"><sum><variable identifier="SCORE" /><baseValue baseType="float">0.5</baseValue></sum></setOutcomeValue></responseIf></responseCondition><responseCondition><responseIf><not><isNull><variable identifier="RESPONSE_1418298541016" /></isNull></not><setOutcomeValue identifier="FEEDBACKBASIC"><baseValue baseType="identifier">incorrect</baseValue></setOutcomeValue></responseIf></responseCondition><responseCondition><responseIf><equal toleranceMode="exact"><variable identifier="RESPONSE_1418298554679" /><correct identifier="RESPONSE_1418298554679" /></equal><setOutcomeValue identifier="SCORE"><sum><variable identifier="SCORE" /><baseValue baseType="float">0.5</baseValue></sum></setOutcomeValue></responseIf></responseCondition><responseCondition><responseIf><not><isNull><variable identifier="RESPONSE_1418298554679" /></isNull></not><setOutcomeValue identifier="FEEDBACKBASIC"><baseValue baseType="identifier">incorrect</baseValue></setOutcomeValue></responseIf></responseCondition><responseCondition><responseIf><and><not><match><variable identifier="FEEDBACKBASIC" /><baseValue baseType="identifier">empty</baseValue></match></not><equal toleranceMode="exact"><variable identifier="SCORE" /><variable identifier="MAXSCORE" /></equal></and><setOutcomeValue identifier="FEEDBACKBASIC"><baseValue baseType="identifier">correct</baseValue></setOutcomeValue></responseIf></responseCondition><responseCondition><responseIf><and><match><baseValue baseType="identifier">correct</baseValue><variable identifier="FEEDBACKBASIC" /></match></and><setOutcomeValue identifier="FEEDBACKMODAL"><multiple><variable identifier="FEEDBACKMODAL" /><baseValue baseType="identifier">Feedback1450719074</baseValue></multiple></setOutcomeValue></responseIf></responseCondition><responseCondition><responseIf><and><match><baseValue baseType="identifier">incorrect</baseValue><variable identifier="FEEDBACKBASIC" /></match></and><setOutcomeValue identifier="FEEDBACKMODAL"><multiple><variable identifier="FEEDBACKMODAL" /><baseValue baseType="identifier">Feedback72328732</baseValue></multiple></setOutcomeValue></responseIf></responseCondition></responseProcessing><modalFeedback  identifier="Feedback1450719074" outcomeIdentifier="FEEDBACKMODAL" showHide="show" title="Richtig!" /><modalFeedback  identifier="Feedback72328732" outcomeIdentifier="FEEDBACKMODAL" showHide="show" title="Leider falsch!"><p>Lösung:</p><p>\(x_1 - \) Anzahl der Hasen \(\qquad\qquad x_2 - \) Anzahl Fasane</p><p> </p><p>\( \begin{matrix} x_1 &amp; + &amp; x_2 &amp; = &amp; <printedVariable identifier="a" /> \\ 4x_1 &amp; + &amp; 2x_2 &amp; = &amp; <printedVariable identifier="b" /> \end{matrix}\) \(\Big\} \qquad\Rightarrow x_1 = <printedVariable identifier="hasen" /> , x_2 = <printedVariable identifier="fasane" />\)</p></modalFeedback></assessmentItem>
