<?xml version="1.0" encoding="UTF-8"?>
<assessmentItem xmlns="http://www.imsglobal.org/xsd/imsqti_v2p1" xmlns:xsi="http://www.w3.org/2001/XMLSchema-instance" xsi:schemaLocation="http://www.imsglobal.org/xsd/imsqti_v2p1 http://www.imsglobal.org/xsd/qti/qtiv2p1/imsqti_v2p1p1.xsd http://www.w3.org/1998/Math/MathML http://www.w3.org/Math/XMLSchema/mathml2/mathml2.xsd" identifier="id95df2274-f678-42ee-8ef4-f6e7f1051347" title="Partielle Ableitungen" adaptive="false" timeDependent="false"><responseDeclaration identifier="RESPONSE_1420400948718" cardinality="single" baseType="string" /><responseDeclaration identifier="RESPONSE_1420401923060" cardinality="single" baseType="string" /><outcomeDeclaration identifier="SCORE" cardinality="single" baseType="float"><defaultValue><value>0</value></defaultValue></outcomeDeclaration><outcomeDeclaration identifier="MAXSCORE" cardinality="single" baseType="float"><defaultValue><value>2</value></defaultValue></outcomeDeclaration><outcomeDeclaration identifier="FEEDBACKBASIC" cardinality="single" baseType="identifier" view="testConstructor"><defaultValue><value>empty</value></defaultValue></outcomeDeclaration><templateDeclaration identifier="a" cardinality="single" baseType="integer" /><templateDeclaration identifier="b" cardinality="single" baseType="integer" /><templateDeclaration identifier="c" cardinality="single" baseType="integer" /><templateDeclaration identifier="d" cardinality="single" baseType="integer" /><templateDeclaration identifier="e" cardinality="single" baseType="integer" /><templateDeclaration identifier="solution1" cardinality="single" baseType="string" /><templateDeclaration identifier="solution2" cardinality="single" baseType="string" /><templateProcessing><setTemplateValue identifier="a"><randomInteger min="1" max="9" /></setTemplateValue><setTemplateValue identifier="b"><randomInteger min="1" max="9" /></setTemplateValue><setTemplateValue identifier="c"><randomInteger min="1" max="9" /></setTemplateValue><setTemplateValue identifier="d"><randomInteger min="1" max="9" /></setTemplateValue><setTemplateValue identifier="e"><randomInteger min="2" max="9" /></setTemplateValue><setTemplateValue identifier="solution1"><customOperator definition="MAXIMA" value="string(diff(sin(x^($(1))*y^($(2)))-(($(3))*y+($(4))*z)^($(5)),x))"><variable identifier="a" /><variable identifier="b" /><variable identifier="c" /><variable identifier="d" /><variable identifier="e" /></customOperator></setTemplateValue><setTemplateValue identifier="solution2"><customOperator definition="MAXIMA" value="string(diff(sin(x^($(1))*y^($(2)))-(($(3))*y+($(4))*z)^($(5)),z))"><variable identifier="a" /><variable identifier="b" /><variable identifier="c" /><variable identifier="d" /><variable identifier="e" /></customOperator></setTemplateValue><setCorrectResponse identifier="RESPONSE_1420400948718"><customOperator definition="VARIABLESTRING" value="$(1)"><variable identifier="solution1" /></customOperator></setCorrectResponse><setCorrectResponse identifier="RESPONSE_1420401923060"><customOperator definition="VARIABLESTRING" value="$(1)"><variable identifier="solution2" /></customOperator></setCorrectResponse></templateProcessing><itemBody ><p>Berechnen Sie die folgenden partiellen Ableitungen der Funktion</p><p>$$f(x,y,z)=\sin(x^{<printedVariable identifier="a" />}y^{<printedVariable identifier="b" />})-(<printedVariable identifier="c" />y+<printedVariable identifier="d" />z)^{<printedVariable identifier="e" />}$$</p><p> </p><p>$$\frac{\partial f}{\partial x}(x,y,z)=$$<textEntryInteraction responseIdentifier="RESPONSE_1420400948718" expectedLength="30" class="maxima-formula show-latex show-syntax-error" /></p><p>$$\frac{\partial f}{\partial z}(x,y,z)=$$<textEntryInteraction responseIdentifier="RESPONSE_1420401923060" expectedLength="30" class="maxima-formula show-latex show-syntax-error" /></p><p> </p><p><em>Hinweis: Die korrekte Eingabe für</em> $$z\sin(x^3y)$$ <em>wäre z.B.</em><strong> z*sin(x^3*y).</strong> <em>Achtung: Klammern und  </em><strong>*</strong><em> nicht vergessen!</em></p><p><em>Klick auf's ? ermöglicht Syntaxprüfung.</em></p><p> </p></itemBody><responseProcessing><responseCondition><responseIf><customOperator definition="MAXIMA" value="is(equal(ev($(1),noeval),ev($(2))));"><variable identifier="RESPONSE_1420400948718" /><correct identifier="RESPONSE_1420400948718" /></customOperator><setOutcomeValue identifier="SCORE"><sum><variable identifier="SCORE" /><baseValue baseType="float">1</baseValue></sum></setOutcomeValue></responseIf></responseCondition><responseCondition><responseIf><not><isNull><variable identifier="RESPONSE_1420400948718" /></isNull></not><setOutcomeValue identifier="FEEDBACKBASIC"><baseValue baseType="identifier">incorrect</baseValue></setOutcomeValue></responseIf></responseCondition><responseCondition><responseIf><customOperator definition="MAXIMA" value="is(equal(ev($(1),noeval),ev($(2))));"><variable identifier="RESPONSE_1420401923060" /><correct identifier="RESPONSE_1420401923060" /></customOperator><setOutcomeValue identifier="SCORE"><sum><variable identifier="SCORE" /><baseValue baseType="float">1</baseValue></sum></setOutcomeValue></responseIf></responseCondition><responseCondition><responseIf><not><isNull><variable identifier="RESPONSE_1420401923060" /></isNull></not><setOutcomeValue identifier="FEEDBACKBASIC"><baseValue baseType="identifier">incorrect</baseValue></setOutcomeValue></responseIf></responseCondition><responseCondition><responseIf><and><not><match><variable identifier="FEEDBACKBASIC" /><baseValue baseType="identifier">empty</baseValue></match></not><equal toleranceMode="exact"><variable identifier="SCORE" /><variable identifier="MAXSCORE" /></equal></and><setOutcomeValue identifier="FEEDBACKBASIC"><baseValue baseType="identifier">correct</baseValue></setOutcomeValue></responseIf></responseCondition></responseProcessing></assessmentItem>
