<?xml version="1.0" encoding="UTF-8"?>
<assessmentItem xmlns="http://www.imsglobal.org/xsd/imsqti_v2p1" xmlns:xsi="http://www.w3.org/2001/XMLSchema-instance" xsi:schemaLocation="http://www.imsglobal.org/xsd/imsqti_v2p1 imsqti_v2p1.xsd" identifier="id73d36c68-3bea-4a61-bd95-fc079bc3951c" title="8. Grundlagen Projektmanagement" adaptive="false" timeDependent="false"><responseDeclaration identifier="RESPONSE_1" cardinality="multiple" baseType="directedPair"><correctResponse><value>id5d9f1c7f-70d0-4390-9689-436aecbf52b4 id50e6d28b-cc92-4ab8-9d37-789879dd0e4f</value><value>idea8223ed-de8e-4e0f-8db1-c253ae05b869 id50e6d28b-cc92-4ab8-9d37-789879dd0e4f</value><value>id6eb23ffc-1a84-42cc-81be-c4045cc55508 id50e6d28b-cc92-4ab8-9d37-789879dd0e4f</value><value>id3efc7fbc-539c-4f57-8681-6f27c5f8e2d6 idbead8610-a9af-48ef-a39f-144e841b12bc</value><value>id133b6624-cb0b-4be1-a7ef-0051932f8e9d idbead8610-a9af-48ef-a39f-144e841b12bc</value><value>id5e866087-cfd5-499d-bab3-e470152108b5 id50e6d28b-cc92-4ab8-9d37-789879dd0e4f</value><value>id43970922-da60-4019-98d9-864295fb383c id50e6d28b-cc92-4ab8-9d37-789879dd0e4f</value><value>id7bfdc36a-2d19-4ada-a38e-225474737253 id50e6d28b-cc92-4ab8-9d37-789879dd0e4f</value><value>id7bfdc36a-2d19-4ada-a38e-225474737253 idbead8610-a9af-48ef-a39f-144e841b12bc</value><value>id0bf94f1f-b24c-4335-b8f7-14b56b219053 idbead8610-a9af-48ef-a39f-144e841b12bc</value><value>id240dff4d-0921-48c4-8f6f-6841fb6ea87b id50e6d28b-cc92-4ab8-9d37-789879dd0e4f</value></correctResponse><mapping defaultValue="0" lowerBound="0.0"><mapEntry mapKey="id5d9f1c7f-70d0-4390-9689-436aecbf52b4 id50e6d28b-cc92-4ab8-9d37-789879dd0e4f" mappedValue="1" /><mapEntry mapKey="idea8223ed-de8e-4e0f-8db1-c253ae05b869 id50e6d28b-cc92-4ab8-9d37-789879dd0e4f" mappedValue="1" /><mapEntry mapKey="id6eb23ffc-1a84-42cc-81be-c4045cc55508 id50e6d28b-cc92-4ab8-9d37-789879dd0e4f" mappedValue="1" /><mapEntry mapKey="id3efc7fbc-539c-4f57-8681-6f27c5f8e2d6 idbead8610-a9af-48ef-a39f-144e841b12bc" mappedValue="1" /><mapEntry mapKey="id133b6624-cb0b-4be1-a7ef-0051932f8e9d idbead8610-a9af-48ef-a39f-144e841b12bc" mappedValue="1" /><mapEntry mapKey="id5e866087-cfd5-499d-bab3-e470152108b5 id50e6d28b-cc92-4ab8-9d37-789879dd0e4f" mappedValue="1" /><mapEntry mapKey="id43970922-da60-4019-98d9-864295fb383c id50e6d28b-cc92-4ab8-9d37-789879dd0e4f" mappedValue="1" /><mapEntry mapKey="id7bfdc36a-2d19-4ada-a38e-225474737253 id50e6d28b-cc92-4ab8-9d37-789879dd0e4f" mappedValue="1" /><mapEntry mapKey="id7bfdc36a-2d19-4ada-a38e-225474737253 idbead8610-a9af-48ef-a39f-144e841b12bc" mappedValue="1" /><mapEntry mapKey="id0bf94f1f-b24c-4335-b8f7-14b56b219053 idbead8610-a9af-48ef-a39f-144e841b12bc" mappedValue="1" /><mapEntry mapKey="id240dff4d-0921-48c4-8f6f-6841fb6ea87b id50e6d28b-cc92-4ab8-9d37-789879dd0e4f" mappedValue="1" /><mapEntry mapKey="id133b6624-cb0b-4be1-a7ef-0051932f8e9d id50e6d28b-cc92-4ab8-9d37-789879dd0e4f" mappedValue="-1" /><mapEntry mapKey="id5e866087-cfd5-499d-bab3-e470152108b5 idbead8610-a9af-48ef-a39f-144e841b12bc" mappedValue="-1" /><mapEntry mapKey="id0bf94f1f-b24c-4335-b8f7-14b56b219053 id50e6d28b-cc92-4ab8-9d37-789879dd0e4f" mappedValue="-1" /><mapEntry mapKey="id240dff4d-0921-48c4-8f6f-6841fb6ea87b idbead8610-a9af-48ef-a39f-144e841b12bc" mappedValue="-1" /><mapEntry mapKey="id43970922-da60-4019-98d9-864295fb383c idbead8610-a9af-48ef-a39f-144e841b12bc" mappedValue="-1" /><mapEntry mapKey="id6eb23ffc-1a84-42cc-81be-c4045cc55508 idbead8610-a9af-48ef-a39f-144e841b12bc" mappedValue="-1" /><mapEntry mapKey="idea8223ed-de8e-4e0f-8db1-c253ae05b869 idbead8610-a9af-48ef-a39f-144e841b12bc" mappedValue="-1" /><mapEntry mapKey="id5d9f1c7f-70d0-4390-9689-436aecbf52b4 idbead8610-a9af-48ef-a39f-144e841b12bc" mappedValue="-1" /><mapEntry mapKey="id3efc7fbc-539c-4f57-8681-6f27c5f8e2d6 id50e6d28b-cc92-4ab8-9d37-789879dd0e4f" mappedValue="-1" /></mapping></responseDeclaration><outcomeDeclaration identifier="SCORE" cardinality="single" baseType="float"><defaultValue><value>0</value></defaultValue></outcomeDeclaration><outcomeDeclaration identifier="MAXSCORE" cardinality="single" baseType="float"><defaultValue><value>11</value></defaultValue></outcomeDeclaration><outcomeDeclaration identifier="FEEDBACKBASIC" cardinality="single" baseType="identifier" view="testConstructor"><defaultValue><value>empty</value></defaultValue></outcomeDeclaration><itemBody><p xmlns=""><strong>Welche Aufgaben und Verantwortlichkeiten haben der Projektleiter und das Projektteam? </strong></p><p xmlns="">(Ordnen Sie die Aktivitäten - durch ankreuzen - den beiden Parteien zu)</p><matchInteraction responseIdentifier="RESPONSE_1" shuffle="false" maxAssociations="0"><simpleMatchSet><simpleAssociableChoice identifier="id5d9f1c7f-70d0-4390-9689-436aecbf52b4" fixed="false" matchMax="0"><p xmlns="">Abstimmung des Projektauftrags</p></simpleAssociableChoice><simpleAssociableChoice identifier="id43970922-da60-4019-98d9-864295fb383c" fixed="false" matchMax="0"><p xmlns="">Beschaffung geeigneter Ressourcen</p></simpleAssociableChoice><simpleAssociableChoice identifier="id240dff4d-0921-48c4-8f6f-6841fb6ea87b" fixed="false" matchMax="0"><p xmlns="">Koordination, Führung und Motivation</p></simpleAssociableChoice><simpleAssociableChoice identifier="id5e866087-cfd5-499d-bab3-e470152108b5" fixed="false" matchMax="0"><p xmlns="">Planung, Steuerung und Überwachung der Termine, Kosten, Qualität und Zielerreichung</p></simpleAssociableChoice><simpleAssociableChoice identifier="idea8223ed-de8e-4e0f-8db1-c253ae05b869" fixed="false" matchMax="0"><p xmlns="">Repräsentation des Projekts nach außen</p></simpleAssociableChoice><simpleAssociableChoice identifier="id6eb23ffc-1a84-42cc-81be-c4045cc55508" fixed="false" matchMax="0"><p xmlns="">Durchführung des Projektabschlusses</p></simpleAssociableChoice><simpleAssociableChoice identifier="id133b6624-cb0b-4be1-a7ef-0051932f8e9d" fixed="false" matchMax="0"><p xmlns="">Durchführung der an sie/ihn delegierten Aufgaben</p></simpleAssociableChoice><simpleAssociableChoice identifier="id0bf94f1f-b24c-4335-b8f7-14b56b219053" fixed="false" matchMax="0"><p xmlns="">Dokumentation der von ihnen/seinen erbrachten Arbeitsleistungen</p></simpleAssociableChoice><simpleAssociableChoice identifier="id7bfdc36a-2d19-4ada-a38e-225474737253" fixed="false" matchMax="0"><p xmlns="">Kontrolle des Fortschritts der eigenen Aufgaben</p></simpleAssociableChoice><simpleAssociableChoice identifier="id3efc7fbc-539c-4f57-8681-6f27c5f8e2d6" fixed="false" matchMax="0"><p xmlns="">Rückmeldung der Arbeitsergebnisse und des damit verbundenen Aufwands</p></simpleAssociableChoice></simpleMatchSet><simpleMatchSet><simpleAssociableChoice identifier="id50e6d28b-cc92-4ab8-9d37-789879dd0e4f" fixed="false" matchMax="0"><p xmlns="">Projektleiter</p></simpleAssociableChoice><simpleAssociableChoice identifier="idbead8610-a9af-48ef-a39f-144e841b12bc" fixed="false" matchMax="0"><p xmlns="">Projektteam</p></simpleAssociableChoice></simpleMatchSet></matchInteraction></itemBody><responseProcessing><responseCondition><responseIf><not><isNull><variable identifier="RESPONSE_1" /></isNull></not><setOutcomeValue identifier="SCORE"><sum><variable identifier="SCORE" /><mapResponse identifier="RESPONSE_1" /></sum></setOutcomeValue><setOutcomeValue identifier="FEEDBACKBASIC"><baseValue baseType="identifier">incorrect</baseValue></setOutcomeValue></responseIf></responseCondition><responseCondition><responseIf><and><not><match><variable identifier="FEEDBACKBASIC" /><baseValue baseType="identifier">empty</baseValue></match></not><equal toleranceMode="exact"><variable identifier="SCORE" /><variable identifier="MAXSCORE" /></equal></and><setOutcomeValue identifier="FEEDBACKBASIC"><baseValue baseType="identifier">correct</baseValue></setOutcomeValue></responseIf></responseCondition></responseProcessing></assessmentItem>
