<?xml version="1.0" encoding="UTF-8"?>
<assessmentItem xmlns="http://www.imsglobal.org/xsd/imsqti_v2p1" xmlns:xsi="http://www.w3.org/2001/XMLSchema-instance" xsi:schemaLocation="http://www.imsglobal.org/xsd/imsqti_v2p1 http://www.imsglobal.org/xsd/qti/qtiv2p1/imsqti_v2p1p1.xsd http://www.w3.org/1998/Math/MathML http://www.w3.org/Math/XMLSchema/mathml2/mathml2.xsd" identifier="id63b88a33-b63c-4519-9782-cfa096b0c0e3" title="vereinfachung_brüche_06" adaptive="false" timeDependent="false"><responseDeclaration identifier="RESPONSE_1409830032981" cardinality="single" baseType="string" /><responseDeclaration identifier="RESPONSE_1409830023702" cardinality="single" baseType="string" /><outcomeDeclaration identifier="SCORE" cardinality="single" baseType="float"><defaultValue><value>0</value></defaultValue></outcomeDeclaration><outcomeDeclaration identifier="MAXSCORE" cardinality="single" baseType="float"><defaultValue><value>1</value></defaultValue></outcomeDeclaration><outcomeDeclaration identifier="FEEDBACKBASIC" cardinality="single" baseType="identifier" view="testConstructor"><defaultValue><value>empty</value></defaultValue></outcomeDeclaration><outcomeDeclaration identifier="FEEDBACKMODAL" cardinality="multiple" baseType="identifier" view="testConstructor" /><templateDeclaration identifier="a" cardinality="single" baseType="integer" /><templateDeclaration identifier="b" cardinality="single" baseType="integer" /><templateDeclaration identifier="c" cardinality="single" baseType="integer" /><templateDeclaration identifier="cb" cardinality="single" baseType="integer" /><templateDeclaration identifier="b^2" cardinality="single" baseType="integer" /><templateProcessing><setTemplateValue identifier="a"><randomInteger min="3" max="9" /></setTemplateValue><setTemplateValue identifier="b"><randomInteger min="2" max="9" /></setTemplateValue><templateCondition><templateIf><match><variable identifier="a" /><baseValue baseType="integer">3</baseValue></match><setTemplateValue identifier="b"><random><multiple><baseValue baseType="integer">2</baseValue><baseValue baseType="integer">4</baseValue><baseValue baseType="integer">5</baseValue><baseValue baseType="integer">7</baseValue><baseValue baseType="integer">8</baseValue></multiple></random></setTemplateValue></templateIf><templateElseIf><match><variable identifier="a" /><baseValue baseType="integer">4</baseValue></match><setTemplateValue identifier="b"><random><multiple><baseValue baseType="integer">3</baseValue><baseValue baseType="integer">5</baseValue><baseValue baseType="integer">7</baseValue><baseValue baseType="integer">9</baseValue></multiple></random></setTemplateValue></templateElseIf><templateElseIf><match><variable identifier="a" /><baseValue baseType="integer">5</baseValue></match><setTemplateValue identifier="b"><random><multiple><baseValue baseType="integer">3</baseValue><baseValue baseType="integer">4</baseValue><baseValue baseType="integer">6</baseValue><baseValue baseType="integer">7</baseValue><baseValue baseType="integer">8</baseValue><baseValue baseType="integer">9</baseValue></multiple></random></setTemplateValue></templateElseIf><templateElseIf><match><variable identifier="a" /><baseValue baseType="integer">6</baseValue></match><setTemplateValue identifier="b"><random><multiple><baseValue baseType="integer">4</baseValue><baseValue baseType="integer">5</baseValue><baseValue baseType="integer">7</baseValue></multiple></random></setTemplateValue></templateElseIf><templateElseIf><match><variable identifier="a" /><baseValue baseType="integer">7</baseValue></match><setTemplateValue identifier="b"><random><multiple><baseValue baseType="integer">3</baseValue><baseValue baseType="integer">4</baseValue><baseValue baseType="integer">5</baseValue><baseValue baseType="integer">6</baseValue><baseValue baseType="integer">8</baseValue><baseValue baseType="integer">9</baseValue></multiple></random></setTemplateValue></templateElseIf><templateElseIf><match><variable identifier="a" /><baseValue baseType="integer">8</baseValue></match><setTemplateValue identifier="b"><random><multiple><baseValue baseType="integer">3</baseValue><baseValue baseType="integer">5</baseValue><baseValue baseType="integer">7</baseValue><baseValue baseType="integer">9</baseValue></multiple></random></setTemplateValue></templateElseIf><templateElseIf><match><variable identifier="a" /><baseValue baseType="integer">9</baseValue></match><setTemplateValue identifier="b"><random><multiple><baseValue baseType="integer">4</baseValue><baseValue baseType="integer">5</baseValue><baseValue baseType="integer">7</baseValue><baseValue baseType="integer">8</baseValue></multiple></random></setTemplateValue></templateElseIf></templateCondition><setTemplateValue identifier="c"><customOperator definition="MAXIMA" value="float($(1)+2);"><variable identifier="b" /></customOperator></setTemplateValue><setTemplateValue identifier="cb"><customOperator definition="MAXIMA" value="float($(1)*$(2));"><variable identifier="c" /><variable identifier="b" /></customOperator></setTemplateValue><setTemplateValue identifier="b^2"><customOperator definition="MAXIMA" value="float($(1)*$(2));"><variable identifier="b" /><variable identifier="b" /></customOperator></setTemplateValue><setCorrectResponse identifier="RESPONSE_1409830032981"><customOperator definition="VARIABLESTRING" value="$(1)*a^2"><variable identifier="a" /></customOperator></setCorrectResponse><setCorrectResponse identifier="RESPONSE_1409830023702"><customOperator definition="VARIABLESTRING" value="$(1)*x^2"><variable identifier="b^2" /></customOperator></setCorrectResponse></templateProcessing><itemBody ><p>Vereinfachen Sie den folgenden Ausdruck soweit wie möglich.</p><p>$$\qquad\frac{<printedVariable identifier="c" />ab}{<printedVariable identifier="b" />cx} : \frac{<printedVariable identifier="cb" />bx}{<printedVariable identifier="a" />ac} = \ldots = \frac{u}{v}$$</p><p> </p><p>Bitte ergänzen Sie die Lösung so, dass sowohl im Zähler als auch im Nenner <strong>keine Brüche</strong> und <strong>keine negativen Exponenten</strong> auftauchen!</p><p><strong>Lösung:</strong> \(\qquad u = \) <textEntryInteraction responseIdentifier="RESPONSE_1409830032981" expectedLength="5" class="maxima-formula show-latex" />, \(v = \) <textEntryInteraction responseIdentifier="RESPONSE_1409830023702" expectedLength="5" class="maxima-formula show-latex" /></p><p> </p><p>Hinweise zur Formeleingabe:</p><ul><li>\(x^y=\) x^y, \(x\cdot y\) = x*y, z.B. \(3x\) = 3*x \(\Rightarrow\) Bitte keine * vergessen!</li><li>Durch Klicken auf die ?-Schaltfläche können Sie Ihre Formel vor Speichern der Antwort zunächst überprüfen.</li><li>z.B. Lösung: \(\displaystyle\frac{9}{7z^3}\); Eingabe: \(u=\)9, \(v=\)7*z^3; <span style="text-decoration: underline;">nicht:</span> \(u=\) 9/7*z^-3, \(v=\) 1</li></ul></itemBody><responseProcessing><responseCondition><responseIf><customOperator definition="MAXIMA" value="is(equal(ev($(1)),ev($(2))));"><variable identifier="RESPONSE_1409830032981" /><correct identifier="RESPONSE_1409830032981" /></customOperator><setOutcomeValue identifier="SCORE"><sum><variable identifier="SCORE" /><baseValue baseType="float">0.5</baseValue></sum></setOutcomeValue></responseIf></responseCondition><responseCondition><responseIf><not><isNull><variable identifier="RESPONSE_1409830032981" /></isNull></not><setOutcomeValue identifier="FEEDBACKBASIC"><baseValue baseType="identifier">incorrect</baseValue></setOutcomeValue></responseIf></responseCondition><responseCondition><responseIf><customOperator definition="MAXIMA" value="is(equal(ev($(1)),ev($(2))));"><variable identifier="RESPONSE_1409830023702" /><correct identifier="RESPONSE_1409830023702" /></customOperator><setOutcomeValue identifier="SCORE"><sum><variable identifier="SCORE" /><baseValue baseType="float">0.5</baseValue></sum></setOutcomeValue></responseIf></responseCondition><responseCondition><responseIf><not><isNull><variable identifier="RESPONSE_1409830023702" /></isNull></not><setOutcomeValue identifier="FEEDBACKBASIC"><baseValue baseType="identifier">incorrect</baseValue></setOutcomeValue></responseIf></responseCondition><responseCondition><responseIf><and><not><match><variable identifier="FEEDBACKBASIC" /><baseValue baseType="identifier">empty</baseValue></match></not><equal toleranceMode="exact"><variable identifier="SCORE" /><variable identifier="MAXSCORE" /></equal></and><setOutcomeValue identifier="FEEDBACKBASIC"><baseValue baseType="identifier">correct</baseValue></setOutcomeValue></responseIf></responseCondition><responseCondition><responseIf><and><match><baseValue baseType="identifier">correct</baseValue><variable identifier="FEEDBACKBASIC" /></match></and><setOutcomeValue identifier="FEEDBACKMODAL"><multiple><variable identifier="FEEDBACKMODAL" /><baseValue baseType="identifier">Feedback758737280</baseValue></multiple></setOutcomeValue></responseIf></responseCondition><responseCondition><responseIf><and><match><baseValue baseType="identifier">incorrect</baseValue><variable identifier="FEEDBACKBASIC" /></match></and><setOutcomeValue identifier="FEEDBACKMODAL"><multiple><variable identifier="FEEDBACKMODAL" /><baseValue baseType="identifier">Feedback999843601</baseValue></multiple></setOutcomeValue></responseIf></responseCondition></responseProcessing><modalFeedback  identifier="Feedback758737280" outcomeIdentifier="FEEDBACKMODAL" showHide="show" title="Richtig!"><p>Lösung:</p><p>$$\qquad\qquad\frac{<printedVariable identifier="c" />ab}{<printedVariable identifier="b" />cx} : \frac{<printedVariable identifier="cb" />bx}{<printedVariable identifier="a" />ac} = \frac{<printedVariable identifier="c" />ab}{<printedVariable identifier="b" />cx} \cdot \frac{<printedVariable identifier="a" />ac}{<printedVariable identifier="cb" />bx} = \frac{<printedVariable identifier="c" />\cdot<printedVariable identifier="a" />a^2\ \not b\ \not c}{<printedVariable identifier="b" />\cdot<printedVariable identifier="cb" />\ \not b\ \not cx^2} = ^{:<printedVariable identifier="c" />} \frac{1\cdot <printedVariable identifier="a" />a^2}{<printedVariable identifier="b" />\cdot <printedVariable identifier="b" />x^2} = \frac{<printedVariable identifier="a" />a^2}{<printedVariable identifier="b^2" />x^2}$$</p></modalFeedback><modalFeedback  identifier="Feedback999843601" outcomeIdentifier="FEEDBACKMODAL" showHide="show" title="Leider falsch!"><p>Lösung:</p><p>$$\qquad\qquad\frac{<printedVariable identifier="c" />ab}{<printedVariable identifier="b" />cx} : \frac{<printedVariable identifier="cb" />bx}{<printedVariable identifier="a" />ac} = \frac{<printedVariable identifier="c" />ab}{<printedVariable identifier="b" />cx} \cdot \frac{<printedVariable identifier="a" />ac}{<printedVariable identifier="cb" />bx} = \frac{<printedVariable identifier="c" />\cdot<printedVariable identifier="a" />a^2\ \not b\ \not c}{<printedVariable identifier="b" />\cdot<printedVariable identifier="cb" />\ \not b\ \not cx^2} = ^{:<printedVariable identifier="c" />} \frac{1\cdot <printedVariable identifier="a" />a^2}{<printedVariable identifier="b" />\cdot <printedVariable identifier="b" />x^2} = \frac{<printedVariable identifier="a" />a^2}{<printedVariable identifier="b^2" />x^2}$$</p></modalFeedback></assessmentItem>
