<?xml version="1.0" encoding="UTF-8"?>
<assessmentItem xmlns="http://www.imsglobal.org/xsd/imsqti_v2p1" xmlns:xsi="http://www.w3.org/2001/XMLSchema-instance" xsi:schemaLocation="http://www.imsglobal.org/xsd/imsqti_v2p1 http://www.imsglobal.org/xsd/qti/qtiv2p1/imsqti_v2p1p1.xsd http://www.w3.org/1998/Math/MathML http://www.w3.org/Math/XMLSchema/mathml2/mathml2.xsd" identifier="ida65d4424-d3c7-443a-be37-d186707c2b91" title="mantisse4_exp2_darstellbare_zahlen_02" adaptive="false" timeDependent="false"><responseDeclaration identifier="RESPONSE_1" cardinality="multiple" baseType="identifier"><correctResponse><value>id4f4dba88-0782-4bc2-965a-ffd7ea5f8dcd</value><value>idd6b98dbc-f91c-473f-b43c-dbf32d0a1dc9</value><value>id51fd2fb4-df7d-498b-a0d9-5dbe3f65e006</value></correctResponse><mapping defaultValue="0" lowerBound="0.0"><mapEntry mapKey="id4f4dba88-0782-4bc2-965a-ffd7ea5f8dcd" mappedValue="0.5" /><mapEntry mapKey="idd6b98dbc-f91c-473f-b43c-dbf32d0a1dc9" mappedValue="0.5" /><mapEntry mapKey="id51fd2fb4-df7d-498b-a0d9-5dbe3f65e006" mappedValue="0.5" /><mapEntry mapKey="id01baa167-503e-4dc3-9185-6c3b1c1aeaa5" mappedValue="-0.5" /><mapEntry mapKey="idd6dc9a96-4aee-43a7-92b0-fbfdbb82410e" mappedValue="-0.5" /><mapEntry mapKey="idedd04d70-ce19-47bd-a5ef-3e4895d1189d" mappedValue="-0.5" /></mapping></responseDeclaration><outcomeDeclaration identifier="SCORE" cardinality="single" baseType="float"><defaultValue><value>0</value></defaultValue></outcomeDeclaration><outcomeDeclaration identifier="MAXSCORE" cardinality="single" baseType="float"><defaultValue><value>1.5</value></defaultValue></outcomeDeclaration><outcomeDeclaration identifier="FEEDBACKBASIC" cardinality="single" baseType="identifier" view="testConstructor"><defaultValue><value>empty</value></defaultValue></outcomeDeclaration><itemBody ><p>Wir betrachten die Menge der Gleitpunktzahlen mit Mantissenlänge 4 und Exponentenlänge 2:</p><p>\(\normalsize x=[x_3 .x_2 x_1 x_0 | e_1 e_0]_2 = (-x_3 2^0 +x_2 2^{-1} +x_1 2^{-2}+x_0 2^{-3}) \cdot 2^{e_1 2^1+ e_0 2^0}\)</p><p>Welche der folgenden Zahlen lassen sich in diesem Format <strong>eindeutig</strong> darstellen?</p><choiceInteraction responseIdentifier="RESPONSE_1" shuffle="true" maxChoices="0"><simpleChoice identifier="id4f4dba88-0782-4bc2-965a-ffd7ea5f8dcd"><p>\(4\)</p></simpleChoice><simpleChoice identifier="idd6b98dbc-f91c-473f-b43c-dbf32d0a1dc9"><p>\(\normalsize-\frac74\)</p></simpleChoice><simpleChoice identifier="id51fd2fb4-df7d-498b-a0d9-5dbe3f65e006"><p>\(\normalsize\frac18\)</p></simpleChoice><simpleChoice identifier="id01baa167-503e-4dc3-9185-6c3b1c1aeaa5"><p>\(\normalsize\frac32\)</p></simpleChoice><simpleChoice identifier="idd6dc9a96-4aee-43a7-92b0-fbfdbb82410e"><p>\(\normalsize-\frac14\)</p></simpleChoice><simpleChoice identifier="idedd04d70-ce19-47bd-a5ef-3e4895d1189d"><p>\(-4\)</p></simpleChoice></choiceInteraction></itemBody><responseProcessing><responseCondition><responseIf><not><isNull><variable identifier="RESPONSE_1" /></isNull></not><setOutcomeValue identifier="SCORE"><sum><variable identifier="SCORE" /><mapResponse identifier="RESPONSE_1" /></sum></setOutcomeValue><setOutcomeValue identifier="FEEDBACKBASIC"><baseValue baseType="identifier">incorrect</baseValue></setOutcomeValue></responseIf></responseCondition><responseCondition><responseIf><and><not><match><variable identifier="FEEDBACKBASIC" /><baseValue baseType="identifier">empty</baseValue></match></not><equal toleranceMode="exact"><variable identifier="SCORE" /><variable identifier="MAXSCORE" /></equal></and><setOutcomeValue identifier="FEEDBACKBASIC"><baseValue baseType="identifier">correct</baseValue></setOutcomeValue></responseIf></responseCondition></responseProcessing></assessmentItem>
