<?xml version="1.0" encoding="UTF-8"?>
<assessmentItem xmlns="http://www.imsglobal.org/xsd/imsqti_v2p1" xmlns:xsi="http://www.w3.org/2001/XMLSchema-instance" xsi:schemaLocation="http://www.imsglobal.org/xsd/imsqti_v2p1 http://www.imsglobal.org/xsd/qti/qtiv2p1/imsqti_v2p1p1.xsd http://www.w3.org/1998/Math/MathML http://www.w3.org/Math/XMLSchema/mathml2/mathml2.xsd" identifier="id2310d48d-51b6-4ce3-a64e-87d7a5379c77" title="gleichungssysteme_interpolation_01" adaptive="false" timeDependent="false"><responseDeclaration identifier="RESPONSE_1" cardinality="multiple" baseType="directedPair"><correctResponse><value>id64dd655a-5c87-41ce-b350-5af4d374f713 idf41312ed-21cf-4660-a2d3-b0a0e15eaa5d</value><value>id4912ab80-d15e-4c2e-8235-e0bd3bf3e55a idac6b6a73-2e8d-4442-814a-83e4e4fea9e1</value><value>id49d0038e-c536-4fef-851f-df12e632d64d id79588e67-432b-4f3e-88db-7b67e3f61aed</value><value>id5e1162a3-2ea0-4470-ad39-47e79878d76c id7cd3d105-fc35-40ed-adcb-79622afde129</value></correctResponse><mapping defaultValue="0" lowerBound="0.0"><mapEntry mapKey="id64dd655a-5c87-41ce-b350-5af4d374f713 idf41312ed-21cf-4660-a2d3-b0a0e15eaa5d" mappedValue="0.5" /><mapEntry mapKey="id5e1162a3-2ea0-4470-ad39-47e79878d76c id7cd3d105-fc35-40ed-adcb-79622afde129" mappedValue="0.5" /><mapEntry mapKey="id49d0038e-c536-4fef-851f-df12e632d64d id79588e67-432b-4f3e-88db-7b67e3f61aed" mappedValue="0.5" /><mapEntry mapKey="id4912ab80-d15e-4c2e-8235-e0bd3bf3e55a idac6b6a73-2e8d-4442-814a-83e4e4fea9e1" mappedValue="0.5" /></mapping></responseDeclaration><outcomeDeclaration identifier="SCORE" cardinality="single" baseType="float"><defaultValue><value>0</value></defaultValue></outcomeDeclaration><outcomeDeclaration identifier="MAXSCORE" cardinality="single" baseType="float"><defaultValue><value>2</value></defaultValue></outcomeDeclaration><outcomeDeclaration identifier="FEEDBACKBASIC" cardinality="single" baseType="identifier" view="testConstructor"><defaultValue><value>empty</value></defaultValue></outcomeDeclaration><itemBody ><p>Wir wollen \(N\) gegebene Funktionswerte an \(N\) verschiedenen Stützwerten interpolieren. Dabei können wir verschiedene Ansatzfunktionen wählen. <br />Welche Form nimmt die Matrix des dann zu lösenden Gleichungssystems für die verschiedenen Ansätze an?</p><matchInteraction responseIdentifier="RESPONSE_1" shuffle="false" maxAssociations="0"><simpleMatchSet><simpleAssociableChoice identifier="id64dd655a-5c87-41ce-b350-5af4d374f713" fixed="false" matchMax="1"><p>Lagrange-Polynome</p></simpleAssociableChoice><simpleAssociableChoice identifier="id5e1162a3-2ea0-4470-ad39-47e79878d76c" fixed="false" matchMax="1"><p>Newtonsche Basispolynome</p></simpleAssociableChoice><simpleAssociableChoice identifier="id49d0038e-c536-4fef-851f-df12e632d64d" fixed="false" matchMax="1"><p>kubische Splines</p></simpleAssociableChoice><simpleAssociableChoice identifier="id4912ab80-d15e-4c2e-8235-e0bd3bf3e55a" fixed="false" matchMax="1"><p>komplexer Fourier-Ansatz</p></simpleAssociableChoice></simpleMatchSet><simpleMatchSet><simpleAssociableChoice identifier="idf41312ed-21cf-4660-a2d3-b0a0e15eaa5d" fixed="false" matchMax="1"><p>Einheitsmatrix</p></simpleAssociableChoice><simpleAssociableChoice identifier="id7cd3d105-fc35-40ed-adcb-79622afde129" fixed="false" matchMax="1"><p>Dreiecksmatrix</p></simpleAssociableChoice><simpleAssociableChoice identifier="id79588e67-432b-4f3e-88db-7b67e3f61aed" fixed="false" matchMax="1"><p>Tridiagonalmatrix</p></simpleAssociableChoice><simpleAssociableChoice identifier="idac6b6a73-2e8d-4442-814a-83e4e4fea9e1" fixed="false" matchMax="1"><p>unitäre Matrix</p></simpleAssociableChoice></simpleMatchSet></matchInteraction></itemBody><responseProcessing><responseCondition><responseIf><not><isNull><variable identifier="RESPONSE_1" /></isNull></not><setOutcomeValue identifier="SCORE"><sum><variable identifier="SCORE" /><mapResponse identifier="RESPONSE_1" /></sum></setOutcomeValue><setOutcomeValue identifier="FEEDBACKBASIC"><baseValue baseType="identifier">incorrect</baseValue></setOutcomeValue></responseIf></responseCondition><responseCondition><responseIf><and><not><match><variable identifier="FEEDBACKBASIC" /><baseValue baseType="identifier">empty</baseValue></match></not><equal toleranceMode="exact"><variable identifier="SCORE" /><variable identifier="MAXSCORE" /></equal></and><setOutcomeValue identifier="FEEDBACKBASIC"><baseValue baseType="identifier">correct</baseValue></setOutcomeValue></responseIf></responseCondition></responseProcessing></assessmentItem>
