<?xml version="1.0" encoding="UTF-8"?>
<assessmentItem xmlns="http://www.imsglobal.org/xsd/imsqti_v2p1" xmlns:xsi="http://www.w3.org/2001/XMLSchema-instance" xsi:schemaLocation="http://www.imsglobal.org/xsd/imsqti_v2p1 http://www.imsglobal.org/xsd/qti/qtiv2p1/imsqti_v2p1p1.xsd http://www.w3.org/1998/Math/MathML http://www.w3.org/Math/XMLSchema/mathml2/mathml2.xsd" identifier="id81b54316-68d9-494a-bf21-9e4f13729c2a" title="Multiplication" adaptive="false" timeDependent="false"><responseDeclaration identifier="RESPONSE_1386339253420" cardinality="single" baseType="float"><correctResponse><value>0</value></correctResponse></responseDeclaration><responseDeclaration identifier="RESPONSE_1386339261557" cardinality="single" baseType="float"><correctResponse><value>0</value></correctResponse></responseDeclaration><outcomeDeclaration identifier="SCORE" cardinality="single" baseType="float"><defaultValue><value>0</value></defaultValue></outcomeDeclaration><outcomeDeclaration identifier="MAXSCORE" cardinality="single" baseType="float"><defaultValue><value>1</value></defaultValue></outcomeDeclaration><outcomeDeclaration identifier="FEEDBACKBASIC" cardinality="single" baseType="identifier" view="testConstructor"><defaultValue><value>empty</value></defaultValue></outcomeDeclaration><templateDeclaration identifier="a_abs" cardinality="single" baseType="integer" /><templateDeclaration identifier="a_sign" cardinality="single" baseType="integer" /><templateDeclaration identifier="a" cardinality="single" baseType="float" /><templateDeclaration identifier="b_abs" cardinality="single" baseType="integer" /><templateDeclaration identifier="b_sign" cardinality="single" baseType="integer" /><templateDeclaration identifier="b_vz" cardinality="single" baseType="string" /><templateDeclaration identifier="c_abs" cardinality="single" baseType="integer" /><templateDeclaration identifier="c_sign" cardinality="single" baseType="integer" /><templateDeclaration identifier="c" cardinality="single" baseType="float" /><templateDeclaration identifier="d_abs" cardinality="single" baseType="integer" /><templateDeclaration identifier="d_sign" cardinality="single" baseType="integer" /><templateDeclaration identifier="d_vz" cardinality="single" baseType="string" /><templateDeclaration identifier="real" cardinality="single" baseType="float" /><templateDeclaration identifier="imag" cardinality="single" baseType="float" /><templateProcessing><setTemplateValue identifier="a_abs"><randomInteger min="1" max="5" /></setTemplateValue><setTemplateValue identifier="a_sign"><randomInteger min="-1" max="1" step="2" /></setTemplateValue><setTemplateValue identifier="a"><customOperator definition="MAXIMA" value="float($(1)*$(2));"><variable identifier="a_sign" /><variable identifier="a_abs" /></customOperator></setTemplateValue><setTemplateValue identifier="b_abs"><randomInteger min="1" max="5" /></setTemplateValue><setTemplateValue identifier="b_sign"><randomInteger min="-1" max="1" step="2" /></setTemplateValue><setTemplateValue identifier="b_vz"><random><multiple><baseValue baseType="string">-</baseValue><baseValue baseType="string">+</baseValue></multiple></random></setTemplateValue><templateCondition><templateIf><match><variable identifier="b_sign" /><baseValue baseType="integer">-1</baseValue></match><setTemplateValue identifier="b_vz"><random><multiple><baseValue baseType="string">-</baseValue></multiple></random></setTemplateValue></templateIf><templateElse><setTemplateValue identifier="b_vz"><random><multiple><baseValue baseType="string">+</baseValue></multiple></random></setTemplateValue></templateElse></templateCondition><setTemplateValue identifier="c_abs"><randomInteger min="1" max="5" /></setTemplateValue><setTemplateValue identifier="c_sign"><randomInteger min="-1" max="1" step="2" /></setTemplateValue><setTemplateValue identifier="c"><customOperator definition="MAXIMA" value="float($(1)*$(2));"><variable identifier="c_sign" /><variable identifier="c_abs" /></customOperator></setTemplateValue><setTemplateValue identifier="d_abs"><randomInteger min="1" max="5" /></setTemplateValue><setTemplateValue identifier="d_sign"><randomInteger min="-1" max="1" step="2" /></setTemplateValue><setTemplateValue identifier="d_vz"><random><multiple><baseValue baseType="string">-</baseValue><baseValue baseType="string">+</baseValue></multiple></random></setTemplateValue><templateCondition><templateIf><match><variable identifier="d_sign" /><baseValue baseType="integer">-1</baseValue></match><setTemplateValue identifier="d_vz"><random><multiple><baseValue baseType="string">-</baseValue></multiple></random></setTemplateValue></templateIf><templateElse><setTemplateValue identifier="d_vz"><random><multiple><baseValue baseType="string">+</baseValue></multiple></random></setTemplateValue></templateElse></templateCondition><setTemplateValue identifier="real"><customOperator definition="MAXIMA" value="float($(1)*$(2)-$(3)*$(4)*$(5)*$(6));"><variable identifier="a" /><variable identifier="c" /><variable identifier="b_sign" /><variable identifier="b_abs" /><variable identifier="d_sign" /><variable identifier="d_abs" /></customOperator></setTemplateValue><setTemplateValue identifier="imag"><customOperator definition="MAXIMA" value="float($(1)*$(2)*$(3)+$(4)*$(5)*$(6));"><variable identifier="a" /><variable identifier="d_sign" /><variable identifier="d_abs" /><variable identifier="b_sign" /><variable identifier="b_abs" /><variable identifier="c" /></customOperator></setTemplateValue><setCorrectResponse identifier="RESPONSE_1386339253420"><variable identifier="real" /></setCorrectResponse><setCorrectResponse identifier="RESPONSE_1386339261557"><variable identifier="imag" /></setCorrectResponse></templateProcessing><itemBody ><p><p>Compute the product</p><p>\((<printedVariable identifier="a" /><printedVariable identifier="b_vz" /><printedVariable identifier="b_abs" />\mathrm i)\cdot(<printedVariable identifier="c" /><printedVariable identifier="d_vz" /><printedVariable identifier="d_abs" />\mathrm i)=\) <textEntryInteraction responseIdentifier="RESPONSE_1386339253420" /> + <textEntryInteraction responseIdentifier="RESPONSE_1386339261557" />\(\mathrm i\)</p></p></itemBody><responseProcessing><responseCondition><responseIf><equal toleranceMode="exact"><variable identifier="RESPONSE_1386339253420" /><correct identifier="RESPONSE_1386339253420" /></equal><setOutcomeValue identifier="SCORE"><sum><variable identifier="SCORE" /><baseValue baseType="float">0.5</baseValue></sum></setOutcomeValue></responseIf></responseCondition><responseCondition><responseIf><not><isNull><variable identifier="RESPONSE_1386339253420" /></isNull></not><setOutcomeValue identifier="FEEDBACKBASIC"><baseValue baseType="identifier">incorrect</baseValue></setOutcomeValue></responseIf></responseCondition><responseCondition><responseIf><equal toleranceMode="exact"><variable identifier="RESPONSE_1386339261557" /><correct identifier="RESPONSE_1386339261557" /></equal><setOutcomeValue identifier="SCORE"><sum><variable identifier="SCORE" /><baseValue baseType="float">0.5</baseValue></sum></setOutcomeValue></responseIf></responseCondition><responseCondition><responseIf><not><isNull><variable identifier="RESPONSE_1386339261557" /></isNull></not><setOutcomeValue identifier="FEEDBACKBASIC"><baseValue baseType="identifier">incorrect</baseValue></setOutcomeValue></responseIf></responseCondition><responseCondition><responseIf><and><not><match><variable identifier="FEEDBACKBASIC" /><baseValue baseType="identifier">empty</baseValue></match></not><equal toleranceMode="exact"><variable identifier="SCORE" /><variable identifier="MAXSCORE" /></equal></and><setOutcomeValue identifier="FEEDBACKBASIC"><baseValue baseType="identifier">correct</baseValue></setOutcomeValue></responseIf></responseCondition></responseProcessing></assessmentItem>
