<?xml version="1.0" encoding="UTF-8"?>
<assessmentItem xmlns="http://www.imsglobal.org/xsd/imsqti_v2p1" xmlns:xsi="http://www.w3.org/2001/XMLSchema-instance" xsi:schemaLocation="http://www.imsglobal.org/xsd/imsqti_v2p1 http://www.imsglobal.org/xsd/qti/qtiv2p1/imsqti_v2p1p1.xsd http://www.w3.org/1998/Math/MathML http://www.w3.org/Math/XMLSchema/mathml2/mathml2.xsd" identifier="id93b5da4b-edaf-4ad8-ab38-8f4e8e4d04fc" title="HornerSchemaGrad5" adaptive="false" timeDependent="false"><responseDeclaration identifier="RESPONSE_1408956828611" cardinality="single" baseType="float"><correctResponse><value>0</value></correctResponse></responseDeclaration><responseDeclaration identifier="RESPONSE_1408956970093" cardinality="single" baseType="float"><correctResponse><value>0</value></correctResponse></responseDeclaration><responseDeclaration identifier="RESPONSE_1408957266829" cardinality="single" baseType="float"><correctResponse><value>0</value></correctResponse></responseDeclaration><responseDeclaration identifier="RESPONSE_1408957005658" cardinality="single" baseType="float"><correctResponse><value>0</value></correctResponse></responseDeclaration><responseDeclaration identifier="RESPONSE_1408957015233" cardinality="single" baseType="float"><correctResponse><value>0</value></correctResponse></responseDeclaration><responseDeclaration identifier="RESPONSE_1408962149666" cardinality="single" baseType="float"><correctResponse><value>0</value></correctResponse></responseDeclaration><responseDeclaration identifier="RESPONSE_1408962179284" cardinality="single" baseType="float"><correctResponse><value>0</value></correctResponse></responseDeclaration><responseDeclaration identifier="RESPONSE_1408962230340" cardinality="single" baseType="float"><correctResponse><value>0</value></correctResponse></responseDeclaration><responseDeclaration identifier="RESPONSE_1408962250676" cardinality="single" baseType="float"><correctResponse><value>0</value></correctResponse></responseDeclaration><responseDeclaration identifier="RESPONSE_1408962075880" cardinality="single" baseType="float"><correctResponse><value>0</value></correctResponse></responseDeclaration><responseDeclaration identifier="RESPONSE_1408962129489" cardinality="single" baseType="float"><correctResponse><value>0</value></correctResponse></responseDeclaration><responseDeclaration identifier="RESPONSE_1408962162584" cardinality="single" baseType="float"><correctResponse><value>0</value></correctResponse></responseDeclaration><responseDeclaration identifier="RESPONSE_1408962193858" cardinality="single" baseType="float"><correctResponse><value>0</value></correctResponse></responseDeclaration><responseDeclaration identifier="RESPONSE_1408957490414" cardinality="single" baseType="float"><correctResponse><value>0</value></correctResponse></responseDeclaration><outcomeDeclaration identifier="SCORE" cardinality="single" baseType="float"><defaultValue><value>0</value></defaultValue></outcomeDeclaration><outcomeDeclaration identifier="MAXSCORE" cardinality="single" baseType="float"><defaultValue><value>6</value></defaultValue></outcomeDeclaration><outcomeDeclaration identifier="FEEDBACKBASIC" cardinality="single" baseType="identifier" view="testConstructor"><defaultValue><value>empty</value></defaultValue></outcomeDeclaration><templateDeclaration identifier="a5" cardinality="single" baseType="integer" /><templateDeclaration identifier="a4" cardinality="single" baseType="integer" /><templateDeclaration identifier="a3" cardinality="single" baseType="integer" /><templateDeclaration identifier="a2" cardinality="single" baseType="integer" /><templateDeclaration identifier="a1" cardinality="single" baseType="integer" /><templateDeclaration identifier="a0" cardinality="single" baseType="integer" /><templateDeclaration identifier="x0" cardinality="single" baseType="integer" /><templateDeclaration identifier="b4" cardinality="single" baseType="integer" /><templateDeclaration identifier="c4" cardinality="single" baseType="integer" /><templateDeclaration identifier="b3" cardinality="single" baseType="integer" /><templateDeclaration identifier="c3" cardinality="single" baseType="integer" /><templateDeclaration identifier="b2" cardinality="single" baseType="integer" /><templateDeclaration identifier="c2" cardinality="single" baseType="integer" /><templateDeclaration identifier="b1" cardinality="single" baseType="integer" /><templateDeclaration identifier="c1" cardinality="single" baseType="integer" /><templateDeclaration identifier="b0" cardinality="single" baseType="integer" /><templateDeclaration identifier="c0" cardinality="single" baseType="integer" /><templateDeclaration identifier="fx0" cardinality="single" baseType="integer" /><templateProcessing><setTemplateValue identifier="a5"><randomInteger min="-4" max="5" /></setTemplateValue><setTemplateValue identifier="a4"><randomInteger min="-3" max="4" /></setTemplateValue><setTemplateValue identifier="a3"><randomInteger min="-4" max="4" /></setTemplateValue><setTemplateValue identifier="a2"><randomInteger min="-3" max="4" /></setTemplateValue><setTemplateValue identifier="a1"><randomInteger min="-4" max="5" /></setTemplateValue><setTemplateValue identifier="a0"><randomInteger min="-10" max="10" /></setTemplateValue><templateCondition><templateIf><match><variable identifier="a5" /><baseValue baseType="integer">0</baseValue></match><setTemplateValue identifier="a5"><randomInteger min="1" max="3" /></setTemplateValue></templateIf></templateCondition><templateCondition><templateIf><match><variable identifier="a0" /><baseValue baseType="integer">0</baseValue></match><setTemplateValue identifier="a0"><randomInteger min="1" max="4" /></setTemplateValue></templateIf></templateCondition><setTemplateValue identifier="x0"><randomInteger min="-7" max="7" /></setTemplateValue><templateCondition><templateIf><match><variable identifier="x0" /><baseValue baseType="integer">0</baseValue></match><setTemplateValue identifier="x0"><randomInteger min="3" max="5" /></setTemplateValue></templateIf></templateCondition><templateCondition><templateIf><match><variable identifier="x0" /><baseValue baseType="integer">1</baseValue></match><setTemplateValue identifier="x0"><randomInteger min="2" max="2" step="0" /></setTemplateValue></templateIf></templateCondition><setTemplateValue identifier="b4"><customOperator definition="MAXIMA" value="float($(1));"><variable identifier="a5" /></customOperator></setTemplateValue><setTemplateValue identifier="c4"><customOperator definition="MAXIMA" value="float($(1)*$(2));"><variable identifier="x0" /><variable identifier="b4" /></customOperator></setTemplateValue><setTemplateValue identifier="b3"><customOperator definition="MAXIMA" value="float($(1)+$(2));"><variable identifier="c4" /><variable identifier="a4" /></customOperator></setTemplateValue><setTemplateValue identifier="c3"><customOperator definition="MAXIMA" value="float($(1)*$(2));"><variable identifier="x0" /><variable identifier="b3" /></customOperator></setTemplateValue><setTemplateValue identifier="b2"><customOperator definition="MAXIMA" value="float($(1)+$(2));"><variable identifier="c3" /><variable identifier="a3" /></customOperator></setTemplateValue><setTemplateValue identifier="c2"><customOperator definition="MAXIMA" value="float($(1)*$(2));"><variable identifier="b2" /><variable identifier="x0" /></customOperator></setTemplateValue><setTemplateValue identifier="b1"><customOperator definition="MAXIMA" value="float($(1)+$(2));"><variable identifier="c2" /><variable identifier="a2" /></customOperator></setTemplateValue><setTemplateValue identifier="c1"><customOperator definition="MAXIMA" value="float($(1)*$(2));"><variable identifier="b1" /><variable identifier="x0" /></customOperator></setTemplateValue><setTemplateValue identifier="b0"><customOperator definition="MAXIMA" value="float($(1)+$(2));"><variable identifier="c1" /><variable identifier="a1" /></customOperator></setTemplateValue><setTemplateValue identifier="c0"><customOperator definition="MAXIMA" value="float($(1)*$(2));"><variable identifier="b0" /><variable identifier="x0" /></customOperator></setTemplateValue><setTemplateValue identifier="fx0"><customOperator definition="MAXIMA" value="float($(1)+$(2));"><variable identifier="c0" /><variable identifier="a0" /></customOperator></setTemplateValue><setCorrectResponse identifier="RESPONSE_1408956828611"><variable identifier="a4" /></setCorrectResponse><setCorrectResponse identifier="RESPONSE_1408956970093"><variable identifier="a3" /></setCorrectResponse><setCorrectResponse identifier="RESPONSE_1408957266829"><variable identifier="a2" /></setCorrectResponse><setCorrectResponse identifier="RESPONSE_1408957005658"><variable identifier="a1" /></setCorrectResponse><setCorrectResponse identifier="RESPONSE_1408957015233"><variable identifier="a0" /></setCorrectResponse><setCorrectResponse identifier="RESPONSE_1408962149666"><variable identifier="c3" /></setCorrectResponse><setCorrectResponse identifier="RESPONSE_1408962179284"><variable identifier="c2" /></setCorrectResponse><setCorrectResponse identifier="RESPONSE_1408962230340"><variable identifier="c1" /></setCorrectResponse><setCorrectResponse identifier="RESPONSE_1408962250676"><variable identifier="c0" /></setCorrectResponse><setCorrectResponse identifier="RESPONSE_1408962075880"><variable identifier="b3" /></setCorrectResponse><setCorrectResponse identifier="RESPONSE_1408962129489"><variable identifier="b2" /></setCorrectResponse><setCorrectResponse identifier="RESPONSE_1408962162584"><variable identifier="b1" /></setCorrectResponse><setCorrectResponse identifier="RESPONSE_1408962193858"><variable identifier="b0" /></setCorrectResponse><setCorrectResponse identifier="RESPONSE_1408957490414"><variable identifier="fx0" /></setCorrectResponse></templateProcessing><itemBody ><p>Gegeben sei folgendes Polynom vom Grad 5:</p><p>\[ p(x) = <printedVariable identifier="a5" />x^5 + <printedVariable identifier="a4" />x^4 + <printedVariable identifier="a3" />x^3 +<printedVariable identifier="a2" /> x^2 +<printedVariable identifier="a1" />x+ <printedVariable identifier="a0" /> \].</p><p>Berechnen Sie für \( x_0 := <printedVariable identifier="x0" />\) den Funktionswert \( p(x_0) = p(<printedVariable identifier="x0" />)\)  in dem Sie das untenstehende Horner Schema (siehe Papula Bd1, S. 192 ) ergänzen: </p><table border="1"><tbody><tr><td> </td><td>\(a_5= <printedVariable identifier="a5" />\)</td><td>\(a_4\) = <textEntryInteraction responseIdentifier="RESPONSE_1408956828611" expectedLength="1" /></td><td>\(a_3\) =<textEntryInteraction responseIdentifier="RESPONSE_1408956970093" expectedLength="1" /></td><td>\(a_2\)=<textEntryInteraction responseIdentifier="RESPONSE_1408957266829" expectedLength="1" /></td><td>\(a_1\) =<textEntryInteraction responseIdentifier="RESPONSE_1408957005658" expectedLength="1" /></td><td>\(a_0\)=<textEntryInteraction responseIdentifier="RESPONSE_1408957015233" expectedLength="1" /></td></tr><tr><td>\( x_0 = <printedVariable identifier="x0" />\)</td><td> </td><td><printedVariable identifier="c4" /></td><td><textEntryInteraction responseIdentifier="RESPONSE_1408962149666" expectedLength="3" /></td><td><textEntryInteraction responseIdentifier="RESPONSE_1408962179284" expectedLength="4" /></td><td><textEntryInteraction responseIdentifier="RESPONSE_1408962230340" expectedLength="5" /></td><td><textEntryInteraction responseIdentifier="RESPONSE_1408962250676" expectedLength="6" /></td></tr><tr><td> </td><td>\(b_4 = <printedVariable identifier="a5" />\)</td><td>\(b_3\) =<textEntryInteraction responseIdentifier="RESPONSE_1408962075880" expectedLength="1" /></td><td>\(b_2\) =<textEntryInteraction responseIdentifier="RESPONSE_1408962129489" expectedLength="3" /></td><td>\(b_1\) =<textEntryInteraction responseIdentifier="RESPONSE_1408962162584" expectedLength="4" /></td><td>\(b_0\)=<textEntryInteraction responseIdentifier="RESPONSE_1408962193858" expectedLength="5" /></td><td>\(p(<printedVariable identifier="x0" />)\)= <textEntryInteraction responseIdentifier="RESPONSE_1408957490414" expectedLength="6" /></td></tr></tbody></table><p> </p><p>Hierbei sind die \( a_i \) die Koeffizienten des Polynoms p und die \( b_i\) sind die Koeffizienten des Polynoms q mit \( P(x) = q(x) (x-x_0) + r(x)\) also des Polynoms welches durch Abspaltung des linearfaktors \(x-x_0\) entsteht. (Vergl. Papula Bd1. S192.)</p><p> </p></itemBody><responseProcessing><responseCondition><responseIf><equal toleranceMode="exact"><variable identifier="RESPONSE_1408956828611" /><correct identifier="RESPONSE_1408956828611" /></equal><setOutcomeValue identifier="SCORE"><sum><variable identifier="SCORE" /><baseValue baseType="float">0</baseValue></sum></setOutcomeValue></responseIf></responseCondition><responseCondition><responseIf><not><isNull><variable identifier="RESPONSE_1408956828611" /></isNull></not><setOutcomeValue identifier="FEEDBACKBASIC"><baseValue baseType="identifier">incorrect</baseValue></setOutcomeValue></responseIf></responseCondition><responseCondition><responseIf><equal toleranceMode="exact"><variable identifier="RESPONSE_1408956970093" /><correct identifier="RESPONSE_1408956970093" /></equal><setOutcomeValue identifier="SCORE"><sum><variable identifier="SCORE" /><baseValue baseType="float">1</baseValue></sum></setOutcomeValue></responseIf></responseCondition><responseCondition><responseIf><not><isNull><variable identifier="RESPONSE_1408956970093" /></isNull></not><setOutcomeValue identifier="FEEDBACKBASIC"><baseValue baseType="identifier">incorrect</baseValue></setOutcomeValue></responseIf></responseCondition><responseCondition><responseIf><equal toleranceMode="exact"><variable identifier="RESPONSE_1408957266829" /><correct identifier="RESPONSE_1408957266829" /></equal><setOutcomeValue identifier="SCORE"><sum><variable identifier="SCORE" /><baseValue baseType="float">0</baseValue></sum></setOutcomeValue></responseIf></responseCondition><responseCondition><responseIf><not><isNull><variable identifier="RESPONSE_1408957266829" /></isNull></not><setOutcomeValue identifier="FEEDBACKBASIC"><baseValue baseType="identifier">incorrect</baseValue></setOutcomeValue></responseIf></responseCondition><responseCondition><responseIf><equal toleranceMode="exact"><variable identifier="RESPONSE_1408957005658" /><correct identifier="RESPONSE_1408957005658" /></equal><setOutcomeValue identifier="SCORE"><sum><variable identifier="SCORE" /><baseValue baseType="float">0</baseValue></sum></setOutcomeValue></responseIf></responseCondition><responseCondition><responseIf><not><isNull><variable identifier="RESPONSE_1408957005658" /></isNull></not><setOutcomeValue identifier="FEEDBACKBASIC"><baseValue baseType="identifier">incorrect</baseValue></setOutcomeValue></responseIf></responseCondition><responseCondition><responseIf><equal toleranceMode="exact"><variable identifier="RESPONSE_1408957015233" /><correct identifier="RESPONSE_1408957015233" /></equal><setOutcomeValue identifier="SCORE"><sum><variable identifier="SCORE" /><baseValue baseType="float">0</baseValue></sum></setOutcomeValue></responseIf></responseCondition><responseCondition><responseIf><not><isNull><variable identifier="RESPONSE_1408957015233" /></isNull></not><setOutcomeValue identifier="FEEDBACKBASIC"><baseValue baseType="identifier">incorrect</baseValue></setOutcomeValue></responseIf></responseCondition><responseCondition><responseIf><equal toleranceMode="exact"><variable identifier="RESPONSE_1408962149666" /><correct identifier="RESPONSE_1408962149666" /></equal><setOutcomeValue identifier="SCORE"><sum><variable identifier="SCORE" /><baseValue baseType="float">0</baseValue></sum></setOutcomeValue></responseIf></responseCondition><responseCondition><responseIf><not><isNull><variable identifier="RESPONSE_1408962149666" /></isNull></not><setOutcomeValue identifier="FEEDBACKBASIC"><baseValue baseType="identifier">incorrect</baseValue></setOutcomeValue></responseIf></responseCondition><responseCondition><responseIf><equal toleranceMode="exact"><variable identifier="RESPONSE_1408962179284" /><correct identifier="RESPONSE_1408962179284" /></equal><setOutcomeValue identifier="SCORE"><sum><variable identifier="SCORE" /><baseValue baseType="float">1</baseValue></sum></setOutcomeValue></responseIf></responseCondition><responseCondition><responseIf><not><isNull><variable identifier="RESPONSE_1408962179284" /></isNull></not><setOutcomeValue identifier="FEEDBACKBASIC"><baseValue baseType="identifier">incorrect</baseValue></setOutcomeValue></responseIf></responseCondition><responseCondition><responseIf><equal toleranceMode="exact"><variable identifier="RESPONSE_1408962230340" /><correct identifier="RESPONSE_1408962230340" /></equal><setOutcomeValue identifier="SCORE"><sum><variable identifier="SCORE" /><baseValue baseType="float">0</baseValue></sum></setOutcomeValue></responseIf></responseCondition><responseCondition><responseIf><not><isNull><variable identifier="RESPONSE_1408962230340" /></isNull></not><setOutcomeValue identifier="FEEDBACKBASIC"><baseValue baseType="identifier">incorrect</baseValue></setOutcomeValue></responseIf></responseCondition><responseCondition><responseIf><equal toleranceMode="exact"><variable identifier="RESPONSE_1408962250676" /><correct identifier="RESPONSE_1408962250676" /></equal><setOutcomeValue identifier="SCORE"><sum><variable identifier="SCORE" /><baseValue baseType="float">1</baseValue></sum></setOutcomeValue></responseIf></responseCondition><responseCondition><responseIf><not><isNull><variable identifier="RESPONSE_1408962250676" /></isNull></not><setOutcomeValue identifier="FEEDBACKBASIC"><baseValue baseType="identifier">incorrect</baseValue></setOutcomeValue></responseIf></responseCondition><responseCondition><responseIf><equal toleranceMode="exact"><variable identifier="RESPONSE_1408962075880" /><correct identifier="RESPONSE_1408962075880" /></equal><setOutcomeValue identifier="SCORE"><sum><variable identifier="SCORE" /><baseValue baseType="float">1</baseValue></sum></setOutcomeValue></responseIf></responseCondition><responseCondition><responseIf><not><isNull><variable identifier="RESPONSE_1408962075880" /></isNull></not><setOutcomeValue identifier="FEEDBACKBASIC"><baseValue baseType="identifier">incorrect</baseValue></setOutcomeValue></responseIf></responseCondition><responseCondition><responseIf><equal toleranceMode="exact"><variable identifier="RESPONSE_1408962129489" /><correct identifier="RESPONSE_1408962129489" /></equal><setOutcomeValue identifier="SCORE"><sum><variable identifier="SCORE" /><baseValue baseType="float">0</baseValue></sum></setOutcomeValue></responseIf></responseCondition><responseCondition><responseIf><not><isNull><variable identifier="RESPONSE_1408962129489" /></isNull></not><setOutcomeValue identifier="FEEDBACKBASIC"><baseValue baseType="identifier">incorrect</baseValue></setOutcomeValue></responseIf></responseCondition><responseCondition><responseIf><equal toleranceMode="exact"><variable identifier="RESPONSE_1408962162584" /><correct identifier="RESPONSE_1408962162584" /></equal><setOutcomeValue identifier="SCORE"><sum><variable identifier="SCORE" /><baseValue baseType="float">1</baseValue></sum></setOutcomeValue></responseIf></responseCondition><responseCondition><responseIf><not><isNull><variable identifier="RESPONSE_1408962162584" /></isNull></not><setOutcomeValue identifier="FEEDBACKBASIC"><baseValue baseType="identifier">incorrect</baseValue></setOutcomeValue></responseIf></responseCondition><responseCondition><responseIf><equal toleranceMode="exact"><variable identifier="RESPONSE_1408962193858" /><correct identifier="RESPONSE_1408962193858" /></equal><setOutcomeValue identifier="SCORE"><sum><variable identifier="SCORE" /><baseValue baseType="float">0</baseValue></sum></setOutcomeValue></responseIf></responseCondition><responseCondition><responseIf><not><isNull><variable identifier="RESPONSE_1408962193858" /></isNull></not><setOutcomeValue identifier="FEEDBACKBASIC"><baseValue baseType="identifier">incorrect</baseValue></setOutcomeValue></responseIf></responseCondition><responseCondition><responseIf><equal toleranceMode="exact"><variable identifier="RESPONSE_1408957490414" /><correct identifier="RESPONSE_1408957490414" /></equal><setOutcomeValue identifier="SCORE"><sum><variable identifier="SCORE" /><baseValue baseType="float">1</baseValue></sum></setOutcomeValue></responseIf></responseCondition><responseCondition><responseIf><not><isNull><variable identifier="RESPONSE_1408957490414" /></isNull></not><setOutcomeValue identifier="FEEDBACKBASIC"><baseValue baseType="identifier">incorrect</baseValue></setOutcomeValue></responseIf></responseCondition><responseCondition><responseIf><and><not><match><variable identifier="FEEDBACKBASIC" /><baseValue baseType="identifier">empty</baseValue></match></not><equal toleranceMode="exact"><variable identifier="SCORE" /><variable identifier="MAXSCORE" /></equal></and><setOutcomeValue identifier="FEEDBACKBASIC"><baseValue baseType="identifier">correct</baseValue></setOutcomeValue></responseIf></responseCondition></responseProcessing></assessmentItem>
