<?xml version="1.0" encoding="UTF-8"?>
<assessmentItem xmlns="http://www.imsglobal.org/xsd/imsqti_v2p1" xmlns:xsi="http://www.w3.org/2001/XMLSchema-instance" xsi:schemaLocation="http://www.imsglobal.org/xsd/imsqti_v2p1 http://www.imsglobal.org/xsd/qti/qtiv2p1/imsqti_v2p1p1.xsd http://www.w3.org/1998/Math/MathML http://www.w3.org/Math/XMLSchema/mathml2/mathml2.xsd" identifier="id12b50e3e-0a08-43e4-a57b-eeb52be625cd" title="Tangenten" adaptive="false" timeDependent="false"><responseDeclaration identifier="RESPONSE_1" cardinality="multiple" baseType="directedPair"><correctResponse><value>idd8c83840-154f-4ef6-b4f7-dfcfc0b1d5a3 idb6632466-cdb5-4b11-8999-d56c6704f26a</value><value>idc9fd5034-5322-484f-a0f5-28a754757ad7 id3b72a310-06fc-401a-9b36-72068d151204</value><value>idc9fd5034-5322-484f-a0f5-28a754757ad7 id3b72a310-06fc-401a-9b36-72068d151204</value><value>idb079407a-851c-48b0-b69a-b3642d7521a6 id4a71deaf-3d57-447a-a7f1-a28277c04062</value><value>idb079407a-851c-48b0-b69a-b3642d7521a6 id4a71deaf-3d57-447a-a7f1-a28277c04062</value><value>id54043869-bfca-4152-a3a3-e87a263edf41 idf178c2ee-a855-459a-8a68-df97485a37bb</value><value>id54043869-bfca-4152-a3a3-e87a263edf41 idf178c2ee-a855-459a-8a68-df97485a37bb</value></correctResponse><mapping defaultValue="0" lowerBound="0.0"><mapEntry mapKey="idd8c83840-154f-4ef6-b4f7-dfcfc0b1d5a3 idb6632466-cdb5-4b11-8999-d56c6704f26a" mappedValue="1" /><mapEntry mapKey="idc9fd5034-5322-484f-a0f5-28a754757ad7 id3b72a310-06fc-401a-9b36-72068d151204" mappedValue="1" /><mapEntry mapKey="idb079407a-851c-48b0-b69a-b3642d7521a6 id4a71deaf-3d57-447a-a7f1-a28277c04062" mappedValue="1" /><mapEntry mapKey="id54043869-bfca-4152-a3a3-e87a263edf41 idf178c2ee-a855-459a-8a68-df97485a37bb" mappedValue="1" /><mapEntry mapKey="idb079407a-851c-48b0-b69a-b3642d7521a6 id4a71deaf-3d57-447a-a7f1-a28277c04062" mappedValue="1" /><mapEntry mapKey="idc9fd5034-5322-484f-a0f5-28a754757ad7 id3b72a310-06fc-401a-9b36-72068d151204" mappedValue="1" /><mapEntry mapKey="id54043869-bfca-4152-a3a3-e87a263edf41 idf178c2ee-a855-459a-8a68-df97485a37bb" mappedValue="1" /><mapEntry mapKey="idc9fd5034-5322-484f-a0f5-28a754757ad7 idf178c2ee-a855-459a-8a68-df97485a37bb" mappedValue="-1" /><mapEntry mapKey="idc9fd5034-5322-484f-a0f5-28a754757ad7 idb6632466-cdb5-4b11-8999-d56c6704f26a" mappedValue="-1" /><mapEntry mapKey="idc9fd5034-5322-484f-a0f5-28a754757ad7 id4a71deaf-3d57-447a-a7f1-a28277c04062" mappedValue="-1" /><mapEntry mapKey="idb079407a-851c-48b0-b69a-b3642d7521a6 idf178c2ee-a855-459a-8a68-df97485a37bb" mappedValue="-1" /><mapEntry mapKey="idb079407a-851c-48b0-b69a-b3642d7521a6 idb6632466-cdb5-4b11-8999-d56c6704f26a" mappedValue="-1" /><mapEntry mapKey="idb079407a-851c-48b0-b69a-b3642d7521a6 id3b72a310-06fc-401a-9b36-72068d151204" mappedValue="-1" /><mapEntry mapKey="id54043869-bfca-4152-a3a3-e87a263edf41 idb6632466-cdb5-4b11-8999-d56c6704f26a" mappedValue="-1" /><mapEntry mapKey="id54043869-bfca-4152-a3a3-e87a263edf41 id3b72a310-06fc-401a-9b36-72068d151204" mappedValue="-1" /><mapEntry mapKey="id54043869-bfca-4152-a3a3-e87a263edf41 id4a71deaf-3d57-447a-a7f1-a28277c04062" mappedValue="-1" /><mapEntry mapKey="idd8c83840-154f-4ef6-b4f7-dfcfc0b1d5a3 idf178c2ee-a855-459a-8a68-df97485a37bb" mappedValue="-1" /><mapEntry mapKey="idd8c83840-154f-4ef6-b4f7-dfcfc0b1d5a3 id3b72a310-06fc-401a-9b36-72068d151204" mappedValue="-1" /><mapEntry mapKey="idd8c83840-154f-4ef6-b4f7-dfcfc0b1d5a3 id4a71deaf-3d57-447a-a7f1-a28277c04062" mappedValue="-1" /></mapping></responseDeclaration><outcomeDeclaration identifier="SCORE" cardinality="single" baseType="float"><defaultValue><value>0</value></defaultValue></outcomeDeclaration><outcomeDeclaration identifier="MAXSCORE" cardinality="single" baseType="float"><defaultValue><value>4</value></defaultValue></outcomeDeclaration><outcomeDeclaration identifier="FEEDBACKBASIC" cardinality="single" baseType="identifier" view="testConstructor"><defaultValue><value>empty</value></defaultValue></outcomeDeclaration><templateDeclaration identifier="b" cardinality="single" baseType="integer" /><templateDeclaration identifier="a" cardinality="single" baseType="integer" /><templateDeclaration identifier="m" cardinality="single" baseType="integer" /><templateDeclaration identifier="n" cardinality="single" baseType="integer" /><templateDeclaration identifier="c" cardinality="single" baseType="integer" /><templateDeclaration identifier="d" cardinality="single" baseType="integer" /><templateDeclaration identifier="2c" cardinality="single" baseType="integer" /><templateProcessing><setTemplateValue identifier="b"><randomInteger min="1" max="9" /></setTemplateValue><setTemplateValue identifier="a"><randomInteger min="2" max="9" /></setTemplateValue><setTemplateValue identifier="m"><customOperator definition="MAXIMA" value="float(2*(1+$(1)));"><variable identifier="b" /></customOperator></setTemplateValue><setTemplateValue identifier="n"><customOperator definition="MAXIMA" value="float(($(1)+1)^2+1-($(2)));"><variable identifier="b" /><variable identifier="m" /></customOperator></setTemplateValue><setTemplateValue identifier="c"><randomInteger min="1" max="9" /></setTemplateValue><setTemplateValue identifier="d"><randomInteger min="1" max="9" /></setTemplateValue><setTemplateValue identifier="2c"><customOperator definition="MAXIMA" value="float(2*$(1));"><variable identifier="c" /></customOperator></setTemplateValue></templateProcessing><itemBody ><p>Welche der Geraden ist jeweils die Tangente an die Funktion $$f$$ im Punkt $$x_0=1$$?</p><matchInteraction responseIdentifier="RESPONSE_1" shuffle="true" maxAssociations="0"><simpleMatchSet><simpleAssociableChoice identifier="id54043869-bfca-4152-a3a3-e87a263edf41" fixed="false" matchMax="1"><p>$$\;y=f(x)=(x-1)^{<printedVariable identifier="a" />}\;$$</p></simpleAssociableChoice><simpleAssociableChoice identifier="idd8c83840-154f-4ef6-b4f7-dfcfc0b1d5a3" fixed="false" matchMax="1"><p>$$\;y=f(x)=(x+<printedVariable identifier="b" />)^2+{1}\;$$</p></simpleAssociableChoice><simpleAssociableChoice identifier="idc9fd5034-5322-484f-a0f5-28a754757ad7" fixed="false" matchMax="1"><p>$$\;y=f(x)=<printedVariable identifier="c" />e^{1-x}-<printedVariable identifier="c" />x\;$$</p></simpleAssociableChoice><simpleAssociableChoice identifier="idb079407a-851c-48b0-b69a-b3642d7521a6" fixed="false" matchMax="1"><p>$$\;y=f(x)=\sin(2\pi x)+<printedVariable identifier="d" />\;$$</p></simpleAssociableChoice></simpleMatchSet><simpleMatchSet><simpleAssociableChoice identifier="idf178c2ee-a855-459a-8a68-df97485a37bb" fixed="false" matchMax="0"><p>$$y=0\;$$</p></simpleAssociableChoice><simpleAssociableChoice identifier="idb6632466-cdb5-4b11-8999-d56c6704f26a" fixed="false" matchMax="0"><p>$$y=<printedVariable identifier="m" />x+<printedVariable identifier="n" />\;$$</p></simpleAssociableChoice><simpleAssociableChoice identifier="id3b72a310-06fc-401a-9b36-72068d151204" fixed="false" matchMax="0"><p>$$y=<printedVariable identifier="2c" />-<printedVariable identifier="2c" />x\;$$</p></simpleAssociableChoice><simpleAssociableChoice identifier="id4a71deaf-3d57-447a-a7f1-a28277c04062" fixed="false" matchMax="0"><p>$$y=2\pi (x-1)+<printedVariable identifier="d" />\;$$</p></simpleAssociableChoice></simpleMatchSet></matchInteraction></itemBody><responseProcessing><responseCondition><responseIf><not><isNull><variable identifier="RESPONSE_1" /></isNull></not><setOutcomeValue identifier="SCORE"><sum><variable identifier="SCORE" /><mapResponse identifier="RESPONSE_1" /></sum></setOutcomeValue><setOutcomeValue identifier="FEEDBACKBASIC"><baseValue baseType="identifier">incorrect</baseValue></setOutcomeValue></responseIf></responseCondition><responseCondition><responseIf><and><not><match><variable identifier="FEEDBACKBASIC" /><baseValue baseType="identifier">empty</baseValue></match></not><equal toleranceMode="exact"><variable identifier="SCORE" /><variable identifier="MAXSCORE" /></equal></and><setOutcomeValue identifier="FEEDBACKBASIC"><baseValue baseType="identifier">correct</baseValue></setOutcomeValue></responseIf></responseCondition></responseProcessing></assessmentItem>
