<?xml version="1.0" encoding="UTF-8"?>
<assessmentItem xmlns="http://www.imsglobal.org/xsd/imsqti_v2p1" xmlns:xsi="http://www.w3.org/2001/XMLSchema-instance" xsi:schemaLocation="http://www.imsglobal.org/xsd/imsqti_v2p1 http://www.imsglobal.org/xsd/qti/qtiv2p1/imsqti_v2p1p1.xsd http://www.w3.org/1998/Math/MathML http://www.w3.org/Math/XMLSchema/mathml2/mathml2.xsd" identifier="id0102ff24-70cd-479d-af55-f4705f0b7148" title="WertPotenzreihe2" adaptive="false" timeDependent="false"><responseDeclaration identifier="RESPONSE_1414594724712" cardinality="single" baseType="string" /><outcomeDeclaration identifier="SCORE" cardinality="single" baseType="float"><defaultValue><value>0</value></defaultValue></outcomeDeclaration><outcomeDeclaration identifier="MAXSCORE" cardinality="single" baseType="float"><defaultValue><value>4</value></defaultValue></outcomeDeclaration><outcomeDeclaration identifier="FEEDBACKBASIC" cardinality="single" baseType="identifier" view="testConstructor"><defaultValue><value>empty</value></defaultValue></outcomeDeclaration><outcomeDeclaration identifier="FEEDBACKMODAL" cardinality="multiple" baseType="identifier" view="testConstructor" /><templateDeclaration identifier="a" cardinality="single" baseType="integer" /><templateDeclaration identifier="b" cardinality="single" baseType="integer" /><templateProcessing><setTemplateValue identifier="a"><randomInteger min="2" max="7" /></setTemplateValue><setTemplateValue identifier="b"><randomInteger min="1" max="9" /></setTemplateValue><setCorrectResponse identifier="RESPONSE_1414594724712"><customOperator definition="VARIABLESTRING" value="$(2)/($(2)-$(1)*%i*z^2)"><variable identifier="a" /><variable identifier="b" /></customOperator></setCorrectResponse></templateProcessing><itemBody ><p><p>Bestimme den exakten Wert \(P(z)\) der Potenzreihe $$ \sum_{k = 0}^{ \infty} (\frac{<printedVariable identifier="a" />\cdot \bf{i}}{<printedVariable identifier="b" />})^k z^{2k} $$ für jedes \(z\) innerhalb des Konvergenzkreises.</p><p>Gebe \(P(z)\) als eine von \(z\) abhängige Funktion ein. Benutze hierbei %i for die imaginäre Einheit.</p><p>Beispiel:: Für \( P(z) = \frac{3\dot i}{ z^3-5\cdot i}\) gebe ein 3*%i/(z^3-5*%i)</p><p>\(P(z)\) = <textEntryInteraction responseIdentifier="RESPONSE_1414594724712" expectedLength="15" class="maxima-formula show-latex show-syntax-error" /></p><p> </p></p></itemBody><responseProcessing><responseCondition><responseIf><customOperator definition="MAXIMA" value="is(equal(ev($(1)),ev($(2))));"><variable identifier="RESPONSE_1414594724712" /><correct identifier="RESPONSE_1414594724712" /></customOperator><setOutcomeValue identifier="SCORE"><sum><variable identifier="SCORE" /><baseValue baseType="float">4</baseValue></sum></setOutcomeValue></responseIf></responseCondition><responseCondition><responseIf><not><isNull><variable identifier="RESPONSE_1414594724712" /></isNull></not><setOutcomeValue identifier="FEEDBACKBASIC"><baseValue baseType="identifier">incorrect</baseValue></setOutcomeValue></responseIf></responseCondition><responseCondition><responseIf><and><not><match><variable identifier="FEEDBACKBASIC" /><baseValue baseType="identifier">empty</baseValue></match></not><equal toleranceMode="exact"><variable identifier="SCORE" /><variable identifier="MAXSCORE" /></equal></and><setOutcomeValue identifier="FEEDBACKBASIC"><baseValue baseType="identifier">correct</baseValue></setOutcomeValue></responseIf></responseCondition><responseCondition><responseIf><and><match><baseValue baseType="identifier">incorrect</baseValue><variable identifier="FEEDBACKBASIC" /></match></and><setOutcomeValue identifier="FEEDBACKMODAL"><multiple><variable identifier="FEEDBACKMODAL" /><baseValue baseType="identifier">Feedback1323604184</baseValue></multiple></setOutcomeValue></responseIf></responseCondition></responseProcessing><modalFeedback  identifier="Feedback1323604184" outcomeIdentifier="FEEDBACKMODAL" showHide="show"><p>Nach der Substituation \( w = z^2\) erkenne eine geometrische Reihe.</p></modalFeedback></assessmentItem>
