<?xml version="1.0" encoding="UTF-8"?>
<assessmentItem xmlns="http://www.imsglobal.org/xsd/imsqti_v2p1" xmlns:xsi="http://www.w3.org/2001/XMLSchema-instance" xsi:schemaLocation="http://www.imsglobal.org/xsd/imsqti_v2p1 http://www.imsglobal.org/xsd/qti/qtiv2p1/imsqti_v2p1p1.xsd http://www.w3.org/1998/Math/MathML http://www.w3.org/Math/XMLSchema/mathml2/mathml2.xsd" identifier="idefece96d-9613-47ef-8672-b7f2b62261b9" title="konvergenzradius_wurzel" adaptive="false" timeDependent="false"><responseDeclaration identifier="RESPONSE_1403110259299" cardinality="single" baseType="string" /><outcomeDeclaration identifier="SCORE" cardinality="single" baseType="float"><defaultValue><value>0</value></defaultValue></outcomeDeclaration><outcomeDeclaration identifier="MAXSCORE" cardinality="single" baseType="float"><defaultValue><value>1</value></defaultValue></outcomeDeclaration><outcomeDeclaration identifier="FEEDBACKBASIC" cardinality="single" baseType="identifier" view="testConstructor"><defaultValue><value>empty</value></defaultValue></outcomeDeclaration><templateProcessing><setCorrectResponse identifier="RESPONSE_1403110259299"><customOperator definition="VARIABLESTRING" value="sqrt(r)" /></setCorrectResponse></templateProcessing><itemBody ><p><p>Die Potenzreihe \(\displaystyle f(z)=\sum_{k=1}^\infty a_kz^k\) habe den Konvergenzadius \(r\).</p><p>Desweiteren sei \(\displaystyle \tilde f(z)=\sum_{k=1}^\infty a_kz^{2k}\).</p><p>Wie groß ist der Konvergenzradius \(\tilde r\) dieser Reihe?</p><p>\(\tilde r\) = <textEntryInteraction responseIdentifier="RESPONSE_1403110259299" expectedLength="8" class="maxima-formula show-latex" /></p><p><span style="font-size: 10pt;"><strong>Hinweise zur Formeleingabe:</strong> \(x\cdot y\) = <strong>x*y</strong>, \(\frac xy\) = <strong>x/y</strong>, \(x^y\) = <strong>x^y</strong>, \(\sqrt[y]{x}\) = <strong>x^(1/y)</strong></span></p></p></itemBody><responseProcessing><responseCondition><responseIf><customOperator definition="MAXIMA" value="is(equal(ev($(1)),ev($(2))));" caseSensitive="false"><variable identifier="RESPONSE_1403110259299" /><correct identifier="RESPONSE_1403110259299" /></customOperator><setOutcomeValue identifier="SCORE"><sum><variable identifier="SCORE" /><baseValue baseType="float">1</baseValue></sum></setOutcomeValue></responseIf></responseCondition><responseCondition><responseIf><not><isNull><variable identifier="RESPONSE_1403110259299" /></isNull></not><setOutcomeValue identifier="FEEDBACKBASIC"><baseValue baseType="identifier">incorrect</baseValue></setOutcomeValue></responseIf></responseCondition><responseCondition><responseIf><and><not><match><variable identifier="FEEDBACKBASIC" /><baseValue baseType="identifier">empty</baseValue></match></not><equal toleranceMode="exact"><variable identifier="SCORE" /><variable identifier="MAXSCORE" /></equal></and><setOutcomeValue identifier="FEEDBACKBASIC"><baseValue baseType="identifier">correct</baseValue></setOutcomeValue></responseIf></responseCondition></responseProcessing></assessmentItem>
