<?xml version="1.0" encoding="UTF-8"?>
<manifest
	xmlns="http://www.imsglobal.org/xsd/imscp_v1p1"
	xmlns:xsi="http://www.w3.org/2001/XMLSchema-instance" 
	xsi:schemaLocation="http://www.imsglobal.org/xsd/imscp_v1p1 http://www.imsglobal.org/xsd/qti/qtiv2p1/qtiv2p1_imscpv1p2_v1p0.xsd 
											http://www.imsglobal.org/xsd/imsqti_v2p1 http://www.imsglobal.org/xsd/qti/qtiv2p1/imsqti_v2p1p1.xsd 
											http://www.imsglobal.org/xsd/imsqti_metadata_v2p1 http://www.imsglobal.org/xsd/qti/qtiv2p1/imsqti_metadata_v2p1p1.xsd
											http://ltsc.ieee.org/xsd/LOM http://www.imsglobal.org/xsd/imsmd_loose_v1p3p2.xsd"
	identifier="manifestID">
	<metadata>
		<schema>QTIv2.1 Package</schema>
    <schemaversion>1.0.0</schemaversion>
  </metadata>
	<organizations />
	<resources>
		<resource identifier="id2618de50_39b6_480a_b7e9_a50e90787863" type="imsqti_item_xmlv2p1" href="id2618de50-39b6-480a-b7e9-a50e90787863.xml"><metadata><lom xmlns="http://ltsc.ieee.org/xsd/LOM"><general ><identifier><entry>id2618de50-39b6-480a-b7e9-a50e90787863</entry></identifier><title><string language="en_US">linear_ja/nein_01</string></title></general><lifeCycle ><contribute><role><source>LOMv1.0</source><value>author</value></role><entity>nesfr@tu-chemnitz.de</entity><date><dateTime>2014-04-17T09:02:08</dateTime></date></contribute></lifeCycle><educational ><learningResourceType><source>QTIv2.1</source><value>AssessmentItem</value></learningResourceType></educational><classification ><purpose><source>LOMv1.0</source><value>educational objective</value></purpose><taxonPath><source><string language="en_US">Bloom's taxonomy</string></source><taxon><entry><string language="en_US">unknown</string></entry></taxon></taxonPath></classification><qtiMetadata xmlns="http://www.imsglobal.org/xsd/imsqti_metadata_v2p1"><interactionType >SINGLE_CHOICE</interactionType><toolName >ONYX Editor</toolName><toolVersion >5.3.2</toolVersion><toolVendor >BPS Bildungsportal Sachsen GmbH</toolVendor></qtiMetadata></lom></metadata><file href="id2618de50-39b6-480a-b7e9-a50e90787863.xml" /></resource>
	</resources>
</manifest>
