<?xml version="1.0" encoding="UTF-8"?>
<assessmentItem xmlns="http://www.imsglobal.org/xsd/imsqti_v2p1" xmlns:xsi="http://www.w3.org/2001/XMLSchema-instance" xsi:schemaLocation="http://www.imsglobal.org/xsd/imsqti_v2p1 http://www.imsglobal.org/xsd/qti/qtiv2p1/imsqti_v2p1p1.xsd http://www.w3.org/1998/Math/MathML http://www.w3.org/Math/XMLSchema/mathml2/mathml2.xsd" identifier="id9eee164b-2eab-41d3-8d24-c61967c3ec9b" title="log_exp_beispiele_zuordnen" adaptive="false" timeDependent="false"><responseDeclaration identifier="RESPONSE_1" cardinality="multiple" baseType="directedPair"><correctResponse><value>id3c55901d-6fb3-46c3-9b4c-24fe1a81fe6d id9ce7e9c2-50a4-4336-9087-7e0adc08562e</value><value>id3efe0305-bd72-4739-922a-929d4a6774b9 id6481a35d-38fc-4a53-9520-650f8556f711</value><value>id99d6d84a-6132-42da-81e9-a05f0a965fd2 idfc5e18c1-1701-42ab-8c74-74a1ee705d57</value><value>idedd83e05-365a-4799-ae49-69e0ba184460 id2731ca4e-eefd-4598-a5bd-12d125940544</value><value>idde285576-b296-4223-b188-9b12528f01b8 idc9d0b228-002a-4b5b-8cf7-de5f85e71d03</value></correctResponse><mapping defaultValue="0" lowerBound="0.0"><mapEntry mapKey="id3c55901d-6fb3-46c3-9b4c-24fe1a81fe6d id9ce7e9c2-50a4-4336-9087-7e0adc08562e" mappedValue="0.5" /><mapEntry mapKey="idde285576-b296-4223-b188-9b12528f01b8 idc9d0b228-002a-4b5b-8cf7-de5f85e71d03" mappedValue="0.5" /><mapEntry mapKey="idedd83e05-365a-4799-ae49-69e0ba184460 id2731ca4e-eefd-4598-a5bd-12d125940544" mappedValue="0.5" /><mapEntry mapKey="id3efe0305-bd72-4739-922a-929d4a6774b9 id6481a35d-38fc-4a53-9520-650f8556f711" mappedValue="0.5" /><mapEntry mapKey="id99d6d84a-6132-42da-81e9-a05f0a965fd2 idfc5e18c1-1701-42ab-8c74-74a1ee705d57" mappedValue="0.5" /></mapping></responseDeclaration><outcomeDeclaration identifier="SCORE" cardinality="single" baseType="float"><defaultValue><value>0</value></defaultValue></outcomeDeclaration><outcomeDeclaration identifier="MAXSCORE" cardinality="single" baseType="float"><defaultValue><value>2.5</value></defaultValue></outcomeDeclaration><outcomeDeclaration identifier="FEEDBACKBASIC" cardinality="single" baseType="identifier" view="testConstructor"><defaultValue><value>empty</value></defaultValue></outcomeDeclaration><itemBody ><p>Ordnen Sie die Paare einandern zu!</p><matchInteraction responseIdentifier="RESPONSE_1" shuffle="true" maxAssociations="0"><simpleMatchSet><simpleAssociableChoice identifier="id3c55901d-6fb3-46c3-9b4c-24fe1a81fe6d" fixed="false" matchMax="1"><p>\(\large\log(1+\mathrm i)=\)</p></simpleAssociableChoice><simpleAssociableChoice identifier="idde285576-b296-4223-b188-9b12528f01b8" fixed="false" matchMax="1"><p>\(\large\log\left(\mathrm e^{\sqrt 2}\mathrm i\right)\)</p></simpleAssociableChoice><simpleAssociableChoice identifier="idedd83e05-365a-4799-ae49-69e0ba184460" fixed="false" matchMax="1"><p>\(\large\log\left(\mathrm e^{\sqrt2-\frac74\pi\mathrm i}\right)\)</p></simpleAssociableChoice><simpleAssociableChoice identifier="id3efe0305-bd72-4739-922a-929d4a6774b9" fixed="false" matchMax="1"><p>\(\large\mathrm e^{\log\left(\sqrt2-\frac74\pi\mathrm i\right)}\)</p></simpleAssociableChoice><simpleAssociableChoice identifier="id99d6d84a-6132-42da-81e9-a05f0a965fd2" fixed="false" matchMax="1"><p>\(\large\log(-\sqrt2\mathrm i)=\)</p></simpleAssociableChoice></simpleMatchSet><simpleMatchSet><simpleAssociableChoice identifier="id9ce7e9c2-50a4-4336-9087-7e0adc08562e" fixed="false" matchMax="1"><p>\(\large\log\sqrt2 +\frac\pi4\mathrm i\)</p></simpleAssociableChoice><simpleAssociableChoice identifier="idc9d0b228-002a-4b5b-8cf7-de5f85e71d03" fixed="false" matchMax="1"><p>\(\large\sqrt2 +\frac\pi2\mathrm i\)</p></simpleAssociableChoice><simpleAssociableChoice identifier="id2731ca4e-eefd-4598-a5bd-12d125940544" fixed="false" matchMax="1"><p>\(\large\sqrt2 +\frac\pi4\mathrm i\)</p></simpleAssociableChoice><simpleAssociableChoice identifier="id6481a35d-38fc-4a53-9520-650f8556f711" fixed="false" matchMax="1"><p>\(\large\sqrt2 -\frac74\pi\mathrm i\)</p></simpleAssociableChoice><simpleAssociableChoice identifier="idfc5e18c1-1701-42ab-8c74-74a1ee705d57" fixed="false" matchMax="1"><p>\(\large\log\sqrt2 -\frac\pi2\mathrm i\)</p></simpleAssociableChoice></simpleMatchSet></matchInteraction></itemBody><responseProcessing><responseCondition><responseIf><not><isNull><variable identifier="RESPONSE_1" /></isNull></not><setOutcomeValue identifier="SCORE"><sum><variable identifier="SCORE" /><mapResponse identifier="RESPONSE_1" /></sum></setOutcomeValue><setOutcomeValue identifier="FEEDBACKBASIC"><baseValue baseType="identifier">incorrect</baseValue></setOutcomeValue></responseIf></responseCondition><responseCondition><responseIf><and><not><match><variable identifier="FEEDBACKBASIC" /><baseValue baseType="identifier">empty</baseValue></match></not><equal toleranceMode="exact"><variable identifier="SCORE" /><variable identifier="MAXSCORE" /></equal></and><setOutcomeValue identifier="FEEDBACKBASIC"><baseValue baseType="identifier">correct</baseValue></setOutcomeValue></responseIf></responseCondition></responseProcessing></assessmentItem>
