<?xml version="1.0" encoding="UTF-8"?>
<assessmentItem xmlns="http://www.imsglobal.org/xsd/imsqti_v2p1" xmlns:xsi="http://www.w3.org/2001/XMLSchema-instance" xsi:schemaLocation="http://www.imsglobal.org/xsd/imsqti_v2p1 http://www.imsglobal.org/xsd/qti/qtiv2p1/imsqti_v2p1p1.xsd http://www.w3.org/1998/Math/MathML http://www.w3.org/Math/XMLSchema/mathml2/mathml2.xsd" identifier="id35a4f5bd-0a86-4f3c-9ca6-85de40b5d710" title="zahlenbereiche_zuordnung" adaptive="false" timeDependent="false"><responseDeclaration identifier="RESPONSE_1" cardinality="multiple" baseType="directedPair"><correctResponse><value>id0d2c85ca-73e9-443c-b594-da1a567f5cc3 idf4882ac1-821e-4f5b-9075-551e384647e8</value><value>id8b4fdc04-d4ef-4c09-a871-906e32d593e9 id0ff21607-0d81-4f55-8aed-8c083840f055</value><value>id850ae06d-13c1-4d2c-9b63-87a37cf9f825 idb4dc0d2b-cb52-47d9-971e-8685498296d4</value><value>idce569e8c-9eba-4c25-b279-eb2c9eef00a9 iddc1e8d21-e02e-450b-95f6-6d3dc3bf9c35</value></correctResponse><mapping defaultValue="0" lowerBound="0.0"><mapEntry mapKey="id8b4fdc04-d4ef-4c09-a871-906e32d593e9 id0ff21607-0d81-4f55-8aed-8c083840f055" mappedValue="0.5" /><mapEntry mapKey="id0d2c85ca-73e9-443c-b594-da1a567f5cc3 idf4882ac1-821e-4f5b-9075-551e384647e8" mappedValue="0.5" /><mapEntry mapKey="idce569e8c-9eba-4c25-b279-eb2c9eef00a9 iddc1e8d21-e02e-450b-95f6-6d3dc3bf9c35" mappedValue="0.5" /><mapEntry mapKey="id850ae06d-13c1-4d2c-9b63-87a37cf9f825 idb4dc0d2b-cb52-47d9-971e-8685498296d4" mappedValue="0.5" /></mapping></responseDeclaration><outcomeDeclaration identifier="SCORE" cardinality="single" baseType="float"><defaultValue><value>0</value></defaultValue></outcomeDeclaration><outcomeDeclaration identifier="MAXSCORE" cardinality="single" baseType="float"><defaultValue><value>2</value></defaultValue></outcomeDeclaration><outcomeDeclaration identifier="FEEDBACKBASIC" cardinality="single" baseType="identifier" view="testConstructor"><defaultValue><value>empty</value></defaultValue></outcomeDeclaration><outcomeDeclaration identifier="FEEDBACKMODAL" cardinality="multiple" baseType="identifier" view="testConstructor" /><itemBody ><p>Ordnen Sie passend jedes Element auf der linken Seite einem Element der rechten Seite zu!</p><matchInteraction responseIdentifier="RESPONSE_1" shuffle="false" maxAssociations="0"><simpleMatchSet><simpleAssociableChoice identifier="id850ae06d-13c1-4d2c-9b63-87a37cf9f825" fixed="false" matchMax="1"><p>\(1,-4.33,\pi,\sqrt{2},\frac{1}{4}\)</p></simpleAssociableChoice><simpleAssociableChoice identifier="idce569e8c-9eba-4c25-b279-eb2c9eef00a9" fixed="false" matchMax="1"><p>\(1,1.849,\frac{1}{2},-7.5,\frac{15}{4}\)</p></simpleAssociableChoice><simpleAssociableChoice identifier="id0d2c85ca-73e9-443c-b594-da1a567f5cc3" fixed="false" matchMax="1"><p>\(\dots -3,-2,-1,0,1,2,3,\dots\)</p></simpleAssociableChoice><simpleAssociableChoice identifier="id8b4fdc04-d4ef-4c09-a871-906e32d593e9" fixed="false" matchMax="1"><p>\(1,2,3,4,5,6,\dots\)</p></simpleAssociableChoice></simpleMatchSet><simpleMatchSet><simpleAssociableChoice identifier="id0ff21607-0d81-4f55-8aed-8c083840f055" fixed="false" matchMax="1"><p>Es handelt sich ausschließlich um <strong>natürliche</strong> Zahlen.</p></simpleAssociableChoice><simpleAssociableChoice identifier="idf4882ac1-821e-4f5b-9075-551e384647e8" fixed="false" matchMax="1"><p>Es handelt sich ausschließlich um <strong>ganze</strong> Zahlen.</p></simpleAssociableChoice><simpleAssociableChoice identifier="iddc1e8d21-e02e-450b-95f6-6d3dc3bf9c35" fixed="false" matchMax="1"><p>Es handelt sich ausschließlich um <strong>rationale</strong> Zahlen.</p></simpleAssociableChoice><simpleAssociableChoice identifier="idb4dc0d2b-cb52-47d9-971e-8685498296d4" fixed="false" matchMax="1"><p>Es handelt sich ausschließlich um <strong>reelle</strong> Zahlen.</p></simpleAssociableChoice></simpleMatchSet></matchInteraction></itemBody><responseProcessing><responseCondition><responseIf><not><isNull><variable identifier="RESPONSE_1" /></isNull></not><setOutcomeValue identifier="SCORE"><sum><variable identifier="SCORE" /><mapResponse identifier="RESPONSE_1" /></sum></setOutcomeValue><setOutcomeValue identifier="FEEDBACKBASIC"><baseValue baseType="identifier">incorrect</baseValue></setOutcomeValue></responseIf></responseCondition><responseCondition><responseIf><and><not><match><variable identifier="FEEDBACKBASIC" /><baseValue baseType="identifier">empty</baseValue></match></not><equal toleranceMode="exact"><variable identifier="SCORE" /><variable identifier="MAXSCORE" /></equal></and><setOutcomeValue identifier="FEEDBACKBASIC"><baseValue baseType="identifier">correct</baseValue></setOutcomeValue></responseIf></responseCondition><responseCondition><responseIf><and><match><baseValue baseType="identifier">correct</baseValue><variable identifier="FEEDBACKBASIC" /></match></and><setOutcomeValue identifier="FEEDBACKMODAL"><multiple><variable identifier="FEEDBACKMODAL" /><baseValue baseType="identifier">Feedback1344336998</baseValue></multiple></setOutcomeValue></responseIf></responseCondition><responseCondition><responseIf><and><match><baseValue baseType="identifier">incorrect</baseValue><variable identifier="FEEDBACKBASIC" /></match></and><setOutcomeValue identifier="FEEDBACKMODAL"><multiple><variable identifier="FEEDBACKMODAL" /><baseValue baseType="identifier">Feedback1989757380</baseValue></multiple></setOutcomeValue></responseIf></responseCondition></responseProcessing><modalFeedback  identifier="Feedback1344336998" outcomeIdentifier="FEEDBACKMODAL" showHide="show" title="Richtig!" /><modalFeedback  identifier="Feedback1989757380" outcomeIdentifier="FEEDBACKMODAL" showHide="show" title="Leider (nicht vollständig) richtig!"><p>Die Zahlenbereiche sind wiefolgt definiert:</p><ul><li>natürliche Zahlen: $$1,2,3,4,5\dots$$,</li><li>ganze Zahlen: $$0,\pm1,\pm2,\pm3,\pm4\dots$$,</li><li>rationale Zahlen: alle Zahlen, welche sich als Bruch schreiben lassen,</li><li>reele Zahlen: alle rationalen und auch irrationalen Zahlen.</li></ul></modalFeedback></assessmentItem>
