<?xml version="1.0" encoding="UTF-8"?>
<assessmentItem xmlns="http://www.imsglobal.org/xsd/imsqti_v2p1" xmlns:xsi="http://www.w3.org/2001/XMLSchema-instance" xsi:schemaLocation="http://www.imsglobal.org/xsd/imsqti_v2p1 http://www.imsglobal.org/xsd/qti/qtiv2p1/imsqti_v2p1p1.xsd http://www.w3.org/1998/Math/MathML http://www.w3.org/Math/XMLSchema/mathml2/mathml2.xsd" identifier="id44aa5200-1f19-46dd-b5d1-2e1e9b1fd03e" title="4x4Determinantengleichung" adaptive="false" timeDependent="false"><responseDeclaration identifier="RESPONSE_1409643255547" cardinality="single" baseType="string" /><responseDeclaration identifier="RESPONSE_1409643833009" cardinality="single" baseType="string" /><outcomeDeclaration identifier="SCORE" cardinality="single" baseType="float"><defaultValue><value>0</value></defaultValue></outcomeDeclaration><outcomeDeclaration identifier="MAXSCORE" cardinality="single" baseType="float"><defaultValue><value>8</value></defaultValue></outcomeDeclaration><outcomeDeclaration identifier="FEEDBACKBASIC" cardinality="single" baseType="identifier" view="testConstructor"><defaultValue><value>empty</value></defaultValue></outcomeDeclaration><outcomeDeclaration identifier="FEEDBACKMODAL" cardinality="multiple" baseType="identifier" view="testConstructor" /><templateDeclaration identifier="var1" cardinality="single" baseType="integer" /><templateDeclaration identifier="var2" cardinality="single" baseType="integer" /><templateDeclaration identifier="solution" cardinality="single" baseType="integer" /><templateDeclaration identifier="a" cardinality="single" baseType="integer" /><templateDeclaration identifier="b" cardinality="single" baseType="integer" /><templateDeclaration identifier="c" cardinality="single" baseType="integer" /><templateDeclaration identifier="d" cardinality="single" baseType="integer" /><templateDeclaration identifier="r" cardinality="single" baseType="integer" /><templateDeclaration identifier="ab" cardinality="single" baseType="integer" /><templateProcessing><setTemplateValue identifier="var1"><randomInteger min="1" max="10" /></setTemplateValue><setTemplateValue identifier="var2"><randomInteger min="1" max="10" /></setTemplateValue><setTemplateValue identifier="solution"><customOperator definition="MAXIMA" value="float($(1)+$(2));"><variable identifier="var1" /><variable identifier="var2" /></customOperator></setTemplateValue><setTemplateValue identifier="a"><randomInteger min="1" max="5" /></setTemplateValue><setTemplateValue identifier="b"><randomInteger min="1" max="6" /></setTemplateValue><setTemplateValue identifier="c"><randomInteger min="1" max="6" /></setTemplateValue><setTemplateValue identifier="d"><randomInteger min="1" max="6" /></setTemplateValue><setTemplateValue identifier="r"><customOperator definition="MAXIMA" value="float(($(1))^2*($(2))^2);"><variable identifier="a" /><variable identifier="b" /></customOperator></setTemplateValue><setTemplateValue identifier="ab"><customOperator definition="MAXIMA" value="float($(1)*$(2));"><variable identifier="a" /><variable identifier="b" /></customOperator></setTemplateValue><setCorrectResponse identifier="RESPONSE_1409643255547"><customOperator definition="VARIABLESTRING" value="x^4-2*$(1)*x^2+$(1)^2"><variable identifier="ab" /></customOperator></setCorrectResponse><setCorrectResponse identifier="RESPONSE_1409643833009"><customOperator definition="VARIABLESTRING" value="{ -sqrt(2)*sqrt($(1)), sqrt(2)*sqrt($(1)), 0 }"><variable identifier="ab" /></customOperator></setCorrectResponse></templateProcessing><itemBody ><p><p>Es sei folgende Matrix A gegeben die noch von dem Parameter x abhängt:</p><p>\[ A = \left(\begin{array}{cccc} <printedVariable identifier="c" />&amp; <printedVariable identifier="a" /> &amp; 0 &amp; x\\ -<printedVariable identifier="a" />&amp; 0 &amp; -x&amp; 0\\ 0 &amp;x&amp;<printedVariable identifier="c" />&amp;<printedVariable identifier="b" /> \\ -x&amp;0&amp;-<printedVariable identifier="b" />&amp;0\\ \end{array}\right) \]</p><p>Berechnen Sie die Determinante von A (in Abhängigkeit von x) und geben Sie diese in Maxima Schreibweise ein:</p><p>Det(A) = <textEntryInteraction responseIdentifier="RESPONSE_1409643255547" expectedLength="13" class="maxima-formula show-latex show-syntax-error" /></p><p>Berechnen Sie nun die Lösungsmenge L der Gleichung</p><p>$$ Det(A) = <printedVariable identifier="r" /> $$</p><p>und geben Sie diese in Maxima Schreibweise ein: <em>Bsp: Maxima Schreibweise  <em>für die Menge \( \{1, \sqrt{3}, -3\}\)  ist </em>{1, sqrt(3) ,-3 } <br /></em></p><p>L = <textEntryInteraction responseIdentifier="RESPONSE_1409643833009" expectedLength="8" class="maxima-formula show-latex show-syntax-error" /></p></p></itemBody><responseProcessing><responseCondition><responseIf><customOperator definition="MAXIMA" value="is(equal(ev($(1)),ev($(2))));"><variable identifier="RESPONSE_1409643255547" /><correct identifier="RESPONSE_1409643255547" /></customOperator><setOutcomeValue identifier="SCORE"><sum><variable identifier="SCORE" /><baseValue baseType="float">4</baseValue></sum></setOutcomeValue></responseIf></responseCondition><responseCondition><responseIf><not><isNull><variable identifier="RESPONSE_1409643255547" /></isNull></not><setOutcomeValue identifier="FEEDBACKBASIC"><baseValue baseType="identifier">incorrect</baseValue></setOutcomeValue></responseIf></responseCondition><responseCondition><responseIf><customOperator definition="MAXIMA" value="is(equal(ev($(1)),ev($(2))));"><variable identifier="RESPONSE_1409643833009" /><correct identifier="RESPONSE_1409643833009" /></customOperator><setOutcomeValue identifier="SCORE"><sum><variable identifier="SCORE" /><baseValue baseType="float">4</baseValue></sum></setOutcomeValue></responseIf></responseCondition><responseCondition><responseIf><not><isNull><variable identifier="RESPONSE_1409643833009" /></isNull></not><setOutcomeValue identifier="FEEDBACKBASIC"><baseValue baseType="identifier">incorrect</baseValue></setOutcomeValue></responseIf></responseCondition><responseCondition><responseIf><and><not><match><variable identifier="FEEDBACKBASIC" /><baseValue baseType="identifier">empty</baseValue></match></not><equal toleranceMode="exact"><variable identifier="SCORE" /><variable identifier="MAXSCORE" /></equal></and><setOutcomeValue identifier="FEEDBACKBASIC"><baseValue baseType="identifier">correct</baseValue></setOutcomeValue></responseIf></responseCondition><responseCondition><responseIf><and><match><baseValue baseType="identifier">incorrect</baseValue><variable identifier="FEEDBACKBASIC" /></match></and><setOutcomeValue identifier="FEEDBACKMODAL"><multiple><variable identifier="FEEDBACKMODAL" /><baseValue baseType="identifier">Feedback1121357122</baseValue></multiple></setOutcomeValue></responseIf></responseCondition></responseProcessing><modalFeedback  identifier="Feedback1121357122" outcomeIdentifier="FEEDBACKMODAL" showHide="show"><p>Vorschlag zur Berechnung von Det(A): Multipliziere die zweite Zeile mit <printedVariable identifier="b" />(Dividiere später wieder durch <printedVariable identifier="b" /> um die Veränderung der Determinante wieder auszugleichen !). Ziehe jetzt das x -fache der vierten Zeile von der zweiten Zeile ab. Hierdurch hat die zweite Zeile drei Nullen. Entwickle jetzt nach der zweiten Zeile und verwende die Regel von Sarrus für die verbleibende Restdeterminante. man erhält ein Polynom 4'ten Grades.</p><p>Zur Berechnung der Lösungen von \(Det(A) = <printedVariable identifier="ab" />^2\) notiere, dass 0 eine Lösung ist. Teile jetzt durch \(x^2\) und löse die verbleibende Gleichung nach x auf.</p></modalFeedback></assessmentItem>
