<?xml version="1.0" encoding="UTF-8"?>
<assessmentItem xmlns="http://www.imsglobal.org/xsd/imsqti_v2p1" xmlns:xsi="http://www.w3.org/2001/XMLSchema-instance" xsi:schemaLocation="http://www.imsglobal.org/xsd/imsqti_v2p1 imsqti_v2p1.xsd" identifier="ida09aaf08-1b5d-4d84-b393-21582139d6b5" title="23. Grundlagen Projektmanagement" adaptive="false" timeDependent="false"><responseDeclaration identifier="RESPONSE_1" cardinality="multiple" baseType="identifier"><correctResponse><value>idab989044-d631-41a1-942a-93b75ae2be45</value></correctResponse><mapping defaultValue="0" lowerBound="0.0"><mapEntry mapKey="id37d410d1-7c51-4516-8720-d5254d682851" mappedValue="-1.0" /><mapEntry mapKey="ida4e64725-d4b4-4110-9408-24ca4344dc13" mappedValue="-1.0" /><mapEntry mapKey="idab989044-d631-41a1-942a-93b75ae2be45" mappedValue="1.0" /><mapEntry mapKey="ide0637d6b-61ff-495e-b19d-43069c943c5a" mappedValue="-1.0" /></mapping></responseDeclaration><outcomeDeclaration identifier="SCORE" cardinality="single" baseType="float"><defaultValue><value>0</value></defaultValue></outcomeDeclaration><outcomeDeclaration identifier="MAXSCORE" cardinality="single" baseType="float"><defaultValue><value>1</value></defaultValue></outcomeDeclaration><outcomeDeclaration identifier="FEEDBACKBASIC" cardinality="single" baseType="identifier" view="testConstructor"><defaultValue><value>empty</value></defaultValue></outcomeDeclaration><itemBody><p xmlns=""><strong>Was versteht man unter dem magischen Dreieck im Projektmanagement?</strong></p><p xmlns="">(Klicken Sie die richtige(n) Antwort(en) an)</p><p xmlns=""> </p><p xmlns=""><strong>Antwort:</strong></p><choiceInteraction responseIdentifier="RESPONSE_1" shuffle="true" maxChoices="0"><simpleChoice identifier="id37d410d1-7c51-4516-8720-d5254d682851"><p xmlns="">Die Wechselwirkung zwischen Zeit, Geld und Quantität</p></simpleChoice><simpleChoice identifier="ida4e64725-d4b4-4110-9408-24ca4344dc13"><p xmlns="">Die Wechselwirkung zwischen Quantität, Geld und Qualität</p></simpleChoice><simpleChoice identifier="idab989044-d631-41a1-942a-93b75ae2be45"><p xmlns="">Die Wechselwirkung zwischen Zeit, Geld und Qualität</p></simpleChoice><simpleChoice identifier="ide0637d6b-61ff-495e-b19d-43069c943c5a"><p xmlns="">Die Wechselwirkung zwischen Zeit, Risiken und Qualität</p></simpleChoice></choiceInteraction></itemBody><responseProcessing><responseCondition><responseIf><not><isNull><variable identifier="RESPONSE_1" /></isNull></not><setOutcomeValue identifier="SCORE"><sum><variable identifier="SCORE" /><mapResponse identifier="RESPONSE_1" /></sum></setOutcomeValue><setOutcomeValue identifier="FEEDBACKBASIC"><baseValue baseType="identifier">incorrect</baseValue></setOutcomeValue></responseIf></responseCondition><responseCondition><responseIf><and><not><match><variable identifier="FEEDBACKBASIC" /><baseValue baseType="identifier">empty</baseValue></match></not><equal toleranceMode="exact"><variable identifier="SCORE" /><variable identifier="MAXSCORE" /></equal></and><setOutcomeValue identifier="FEEDBACKBASIC"><baseValue baseType="identifier">correct</baseValue></setOutcomeValue></responseIf></responseCondition></responseProcessing></assessmentItem>
