<?xml version="1.0" encoding="UTF-8"?>
<assessmentItem xmlns="http://www.imsglobal.org/xsd/imsqti_v2p1" xmlns:xsi="http://www.w3.org/2001/XMLSchema-instance" xsi:schemaLocation="http://www.imsglobal.org/xsd/imsqti_v2p1 http://www.imsglobal.org/xsd/qti/qtiv2p1/imsqti_v2p1p1.xsd http://www.w3.org/1998/Math/MathML http://www.w3.org/Math/XMLSchema/mathml2/mathml2.xsd" identifier="idcff3661e-3d70-4900-9d80-a3ea343b903b" title="VolumenRotKörperY-Achse" adaptive="false" timeDependent="false"><responseDeclaration identifier="RESPONSE_1399040131738" cardinality="single" baseType="float"><correctResponse><value>0</value></correctResponse></responseDeclaration><responseDeclaration identifier="RESPONSE_1399040151733" cardinality="single" baseType="float"><correctResponse><value>0</value></correctResponse></responseDeclaration><responseDeclaration identifier="RESPONSE_1399037530750" cardinality="single" baseType="float"><correctResponse><value>0</value></correctResponse></responseDeclaration><outcomeDeclaration identifier="SCORE" cardinality="single" baseType="float"><defaultValue><value>0</value></defaultValue></outcomeDeclaration><outcomeDeclaration identifier="MAXSCORE" cardinality="single" baseType="float"><defaultValue><value>6</value></defaultValue></outcomeDeclaration><outcomeDeclaration identifier="FEEDBACKBASIC" cardinality="single" baseType="identifier" view="testConstructor"><defaultValue><value>empty</value></defaultValue></outcomeDeclaration><outcomeDeclaration identifier="FEEDBACKMODAL" cardinality="multiple" baseType="identifier" view="testConstructor" /><templateDeclaration identifier="a" cardinality="single" baseType="integer" /><templateDeclaration identifier="b" cardinality="single" baseType="integer" /><templateDeclaration identifier="c" cardinality="single" baseType="integer" /><templateDeclaration identifier="d" cardinality="single" baseType="integer" /><templateDeclaration identifier="V" cardinality="single" baseType="float" /><templateProcessing><setTemplateValue identifier="a"><randomInteger min="0" max="5" /></setTemplateValue><setTemplateValue identifier="b"><randomInteger min="-5" max="6" /></setTemplateValue><setTemplateValue identifier="c"><customOperator definition="MAXIMA" value="float($(1)+4);"><variable identifier="a" /></customOperator></setTemplateValue><setTemplateValue identifier="d"><customOperator definition="MAXIMA" value="float($(1)+2);"><variable identifier="b" /></customOperator></setTemplateValue><setTemplateValue identifier="V"><customOperator definition="MAXIMA" value="float(integrate((x-$(1))^4+2*$(2)*(x-$(3))^2+($(4))^2,x,$(5),$(6))*%pi)"><variable identifier="b" /><variable identifier="a" /><variable identifier="b" /><variable identifier="a" /><variable identifier="b" /><variable identifier="d" /></customOperator></setTemplateValue><setCorrectResponse identifier="RESPONSE_1399040131738"><variable identifier="b" /></setCorrectResponse><setCorrectResponse identifier="RESPONSE_1399040151733"><variable identifier="d" /></setCorrectResponse><setCorrectResponse identifier="RESPONSE_1399037530750"><variable identifier="V" /></setCorrectResponse></templateProcessing><itemBody ><p><p>Eine Fläche sei begrenzt durch</p><p>\(f(x) = \sqrt{x-<printedVariable identifier="a" />} + <printedVariable identifier="b" />, \ <printedVariable identifier="a" />\le x \le <printedVariable identifier="c" />\) sowie die Geraden y = f(<printedVariable identifier="a" />), y = f(<printedVariable identifier="c" />) und die y- Achse.</p><p>Berechnen Sie das <strong>Volumen V des Rotationskörpers</strong> der entsteht, wenn diese Fläche um die <strong>y-Achse</strong> rotiert.</p><p>Anleitung: Die Volumensformel aus der Vorlesung gilt für Rotationen von Funktionen f(x) um die x-Achse. Finden Sie daher zunächst eine geeignete Funktion g(x) zusammen mit Grenzen \( 0 \le a\le b\),  so dass der Rotationskörper dargestellt werden kann durch Rotation von g(x) um die x-Achse mit \(a \le x \le b\).</p><p>Hinweis: \(g = f^{-1} \)</p><p>a = <textEntryInteraction responseIdentifier="RESPONSE_1399040131738" /> , b = <textEntryInteraction responseIdentifier="RESPONSE_1399040151733" expectedLength="1" /> </p><p>Berechnen Sie dann das Volumen V mit Hilfe der Rotationsformel x-Achse und runden Sie auf zwei Stellen nach dem Komma:</p><p>V = <textEntryInteraction responseIdentifier="RESPONSE_1399037530750" expectedLength="13" /></p></p></itemBody><responseProcessing><responseCondition><responseIf><equal toleranceMode="exact"><variable identifier="RESPONSE_1399040131738" /><correct identifier="RESPONSE_1399040131738" /></equal><setOutcomeValue identifier="SCORE"><sum><variable identifier="SCORE" /><baseValue baseType="float">1</baseValue></sum></setOutcomeValue></responseIf></responseCondition><responseCondition><responseIf><not><isNull><variable identifier="RESPONSE_1399040131738" /></isNull></not><setOutcomeValue identifier="FEEDBACKBASIC"><baseValue baseType="identifier">incorrect</baseValue></setOutcomeValue></responseIf></responseCondition><responseCondition><responseIf><equal toleranceMode="exact"><variable identifier="RESPONSE_1399040151733" /><correct identifier="RESPONSE_1399040151733" /></equal><setOutcomeValue identifier="SCORE"><sum><variable identifier="SCORE" /><baseValue baseType="float">1</baseValue></sum></setOutcomeValue></responseIf></responseCondition><responseCondition><responseIf><not><isNull><variable identifier="RESPONSE_1399040151733" /></isNull></not><setOutcomeValue identifier="FEEDBACKBASIC"><baseValue baseType="identifier">incorrect</baseValue></setOutcomeValue></responseIf></responseCondition><responseCondition><responseIf><equal toleranceMode="absolute" tolerance="0.1 0.1" includeLowerBound="true" includeUpperBound="true"><variable identifier="RESPONSE_1399037530750" /><correct identifier="RESPONSE_1399037530750" /></equal><setOutcomeValue identifier="SCORE"><sum><variable identifier="SCORE" /><baseValue baseType="float">4</baseValue></sum></setOutcomeValue></responseIf></responseCondition><responseCondition><responseIf><not><isNull><variable identifier="RESPONSE_1399037530750" /></isNull></not><setOutcomeValue identifier="FEEDBACKBASIC"><baseValue baseType="identifier">incorrect</baseValue></setOutcomeValue></responseIf></responseCondition><responseCondition><responseIf><and><not><match><variable identifier="FEEDBACKBASIC" /><baseValue baseType="identifier">empty</baseValue></match></not><equal toleranceMode="exact"><variable identifier="SCORE" /><variable identifier="MAXSCORE" /></equal></and><setOutcomeValue identifier="FEEDBACKBASIC"><baseValue baseType="identifier">correct</baseValue></setOutcomeValue></responseIf></responseCondition><responseCondition><responseIf><and><match><baseValue baseType="identifier">correct</baseValue><variable identifier="FEEDBACKBASIC" /></match></and><setOutcomeValue identifier="FEEDBACKMODAL"><multiple><variable identifier="FEEDBACKMODAL" /><baseValue baseType="identifier">Feedback1519390006</baseValue></multiple></setOutcomeValue></responseIf></responseCondition><responseCondition><responseIf><and><match><baseValue baseType="identifier">incorrect</baseValue><variable identifier="FEEDBACKBASIC" /></match></and><setOutcomeValue identifier="FEEDBACKMODAL"><multiple><variable identifier="FEEDBACKMODAL" /><baseValue baseType="identifier">Feedback659784365</baseValue></multiple></setOutcomeValue></responseIf></responseCondition></responseProcessing><modalFeedback  identifier="Feedback1519390006" outcomeIdentifier="FEEDBACKMODAL" showHide="show"><p><strong> </strong></p></modalFeedback><modalFeedback  identifier="Feedback659784365" outcomeIdentifier="FEEDBACKMODAL" showHide="show"><p>Die Volumensformel des Rotationskörpers, der entsteht wenn g(x) im Bereich \( a \le x \le b \) um die x-Achse rotiert, ist:</p><p>V =\( \pi \int_a^b (g(x))^2 \ dx \)<strong>. <br /></strong></p><p>g ist hierbei die Umkehrfunktion zu f und die Grenzen des Integrals sind  a = f(<printedVariable identifier="a" />) und b = f(<printedVariable identifier="c" />).</p></modalFeedback></assessmentItem>
