<?xml version="1.0" encoding="UTF-8"?>
<assessmentItem xmlns="http://www.imsglobal.org/xsd/imsqti_v2p1" xmlns:xsi="http://www.w3.org/2001/XMLSchema-instance" xsi:schemaLocation="http://www.imsglobal.org/xsd/imsqti_v2p1 http://www.imsglobal.org/xsd/qti/qtiv2p1/imsqti_v2p1p1.xsd http://www.w3.org/1998/Math/MathML http://www.w3.org/Math/XMLSchema/mathml2/mathml2.xsd" identifier="id4615ee00-e814-44dd-aff4-9d40a6ff213f" title="spline_3_stützstellen_03" adaptive="false" timeDependent="false"><responseDeclaration identifier="RESPONSE_1396362127439" cardinality="single" baseType="float"><correctResponse><value>2</value></correctResponse></responseDeclaration><responseDeclaration identifier="RESPONSE_1396362139732" cardinality="single" baseType="float"><correctResponse><value>1</value></correctResponse></responseDeclaration><responseDeclaration identifier="RESPONSE_1396362150284" cardinality="single" baseType="float"><correctResponse><value>-5</value></correctResponse></responseDeclaration><outcomeDeclaration identifier="SCORE" cardinality="single" baseType="float"><defaultValue><value>0</value></defaultValue></outcomeDeclaration><outcomeDeclaration identifier="MAXSCORE" cardinality="single" baseType="float"><defaultValue><value>3</value></defaultValue></outcomeDeclaration><outcomeDeclaration identifier="FEEDBACKBASIC" cardinality="single" baseType="identifier" view="testConstructor"><defaultValue><value>empty</value></defaultValue></outcomeDeclaration><itemBody ><p><p>Es seien die Stützstellen \(t_0=0, t_1=1, t_2=2\) gegeben.</p><p>Berechnen Sie die Koeffizienten \(a, b\) und \(c\), sodass \(s(t)\) ein quadratischer Spline mit \(s(0)=-5\) ist!</p><p>\(s(t):=\begin{cases}
at^2+bt+c &amp;: t\in[0,1]\\
3t^2 -t -4 &amp;: t\in[1,2]
\end{cases}\)</p><p>\(a\) = <textEntryInteraction responseIdentifier="RESPONSE_1396362127439" />
\(b\) = <textEntryInteraction responseIdentifier="RESPONSE_1396362139732" />
\(c\) = <textEntryInteraction responseIdentifier="RESPONSE_1396362150284" /></p></p></itemBody><responseProcessing><responseCondition><responseIf><equal toleranceMode="exact"><variable identifier="RESPONSE_1396362127439" /><correct identifier="RESPONSE_1396362127439" /></equal><setOutcomeValue identifier="SCORE"><sum><variable identifier="SCORE" /><baseValue baseType="float">1</baseValue></sum></setOutcomeValue></responseIf></responseCondition><responseCondition><responseIf><not><isNull><variable identifier="RESPONSE_1396362127439" /></isNull></not><setOutcomeValue identifier="FEEDBACKBASIC"><baseValue baseType="identifier">incorrect</baseValue></setOutcomeValue></responseIf></responseCondition><responseCondition><responseIf><equal toleranceMode="exact"><variable identifier="RESPONSE_1396362139732" /><correct identifier="RESPONSE_1396362139732" /></equal><setOutcomeValue identifier="SCORE"><sum><variable identifier="SCORE" /><baseValue baseType="float">1</baseValue></sum></setOutcomeValue></responseIf></responseCondition><responseCondition><responseIf><not><isNull><variable identifier="RESPONSE_1396362139732" /></isNull></not><setOutcomeValue identifier="FEEDBACKBASIC"><baseValue baseType="identifier">incorrect</baseValue></setOutcomeValue></responseIf></responseCondition><responseCondition><responseIf><equal toleranceMode="exact"><variable identifier="RESPONSE_1396362150284" /><correct identifier="RESPONSE_1396362150284" /></equal><setOutcomeValue identifier="SCORE"><sum><variable identifier="SCORE" /><baseValue baseType="float">1</baseValue></sum></setOutcomeValue></responseIf></responseCondition><responseCondition><responseIf><not><isNull><variable identifier="RESPONSE_1396362150284" /></isNull></not><setOutcomeValue identifier="FEEDBACKBASIC"><baseValue baseType="identifier">incorrect</baseValue></setOutcomeValue></responseIf></responseCondition><responseCondition><responseIf><and><not><match><variable identifier="FEEDBACKBASIC" /><baseValue baseType="identifier">empty</baseValue></match></not><equal toleranceMode="exact"><variable identifier="SCORE" /><variable identifier="MAXSCORE" /></equal></and><setOutcomeValue identifier="FEEDBACKBASIC"><baseValue baseType="identifier">correct</baseValue></setOutcomeValue></responseIf></responseCondition></responseProcessing></assessmentItem>
