<?xml version="1.0" encoding="UTF-8"?>
<assessmentItem xmlns="http://www.imsglobal.org/xsd/imsqti_v2p1" xmlns:xsi="http://www.w3.org/2001/XMLSchema-instance" xsi:schemaLocation="http://www.imsglobal.org/xsd/imsqti_v2p1 http://www.imsglobal.org/xsd/qti/qtiv2p1/imsqti_v2p1p1.xsd http://www.w3.org/1998/Math/MathML http://www.w3.org/Math/XMLSchema/mathml2/mathml2.xsd" identifier="id87a9890e-dff1-44dd-b73e-1ab749f85382" title="polynomdivision_02" adaptive="false" timeDependent="false"><responseDeclaration identifier="RESPONSE_1410161290447" cardinality="single" baseType="string" /><outcomeDeclaration identifier="SCORE" cardinality="single" baseType="float"><defaultValue><value>0</value></defaultValue></outcomeDeclaration><outcomeDeclaration identifier="MAXSCORE" cardinality="single" baseType="float"><defaultValue><value>1</value></defaultValue></outcomeDeclaration><outcomeDeclaration identifier="FEEDBACKBASIC" cardinality="single" baseType="identifier" view="testConstructor"><defaultValue><value>empty</value></defaultValue></outcomeDeclaration><outcomeDeclaration identifier="FEEDBACKMODAL" cardinality="multiple" baseType="identifier" view="testConstructor" /><templateDeclaration identifier="a" cardinality="single" baseType="integer" /><templateDeclaration identifier="abs_b" cardinality="single" baseType="integer" /><templateDeclaration identifier="sgn_b" cardinality="single" baseType="string" /><templateDeclaration identifier="b" cardinality="single" baseType="integer" /><templateDeclaration identifier="c" cardinality="single" baseType="integer" /><templateDeclaration identifier="d" cardinality="single" baseType="integer" /><templateDeclaration identifier="sgn_d" cardinality="single" baseType="string" /><templateDeclaration identifier="e" cardinality="single" baseType="integer" /><templateDeclaration identifier="sgn_e" cardinality="single" baseType="string" /><templateDeclaration identifier="ac" cardinality="single" baseType="integer" /><templateDeclaration identifier="ad+bc" cardinality="single" baseType="integer" /><templateDeclaration identifier="abs_ad+bc" cardinality="single" baseType="integer" /><templateDeclaration identifier="pm" cardinality="single" baseType="string" /><templateDeclaration identifier="ae+bd" cardinality="single" baseType="integer" /><templateDeclaration identifier="abs_ae+bd" cardinality="single" baseType="integer" /><templateDeclaration identifier="qm" cardinality="single" baseType="string" /><templateDeclaration identifier="be" cardinality="single" baseType="integer" /><templateDeclaration identifier="abs_be" cardinality="single" baseType="integer" /><templateDeclaration identifier="rm" cardinality="single" baseType="string" /><templateProcessing><setTemplateValue identifier="a"><randomInteger min="2" max="5" /></setTemplateValue><setTemplateValue identifier="abs_b"><randomInteger min="1" max="8" /></setTemplateValue><setTemplateValue identifier="sgn_b"><random><multiple><baseValue baseType="string">+</baseValue><baseValue baseType="string">-</baseValue></multiple></random></setTemplateValue><setTemplateValue identifier="b"><customOperator definition="MAXIMA" value="float($(1)$(2));"><variable identifier="sgn_b" /><variable identifier="abs_b" /></customOperator></setTemplateValue><setTemplateValue identifier="c"><randomInteger min="3" max="6" /></setTemplateValue><setTemplateValue identifier="d"><randomInteger min="2" max="5" /></setTemplateValue><setTemplateValue identifier="sgn_d"><random><multiple><baseValue baseType="string">+</baseValue><baseValue baseType="string">-</baseValue></multiple></random></setTemplateValue><setTemplateValue identifier="e"><randomInteger min="1" max="8" /></setTemplateValue><setTemplateValue identifier="sgn_e"><random><multiple><baseValue baseType="string">+</baseValue><baseValue baseType="string">-</baseValue></multiple></random></setTemplateValue><setTemplateValue identifier="ac"><customOperator definition="MAXIMA" value="float($(1)*$(2));"><variable identifier="a" /><variable identifier="c" /></customOperator></setTemplateValue><setTemplateValue identifier="ad+bc"><customOperator definition="MAXIMA" value="float($(1)*$(2)$(3)+$(4)*$(5));"><variable identifier="a" /><variable identifier="sgn_d" /><variable identifier="d" /><variable identifier="b" /><variable identifier="c" /></customOperator></setTemplateValue><setTemplateValue identifier="abs_ad+bc"><customOperator definition="MAXIMA" value="float(abs($(1)));"><variable identifier="ad+bc" /></customOperator></setTemplateValue><setTemplateValue identifier="pm"><random><multiple><baseValue baseType="string">+</baseValue><baseValue baseType="string">-</baseValue></multiple></random></setTemplateValue><templateCondition><templateIf><lt><variable identifier="ad+bc" /><baseValue baseType="integer">0</baseValue></lt><setTemplateValue identifier="pm"><random><multiple><baseValue baseType="string">-</baseValue></multiple></random></setTemplateValue></templateIf><templateElse><setTemplateValue identifier="pm"><random><multiple><baseValue baseType="string">+</baseValue></multiple></random></setTemplateValue></templateElse></templateCondition><setTemplateValue identifier="ae+bd"><customOperator definition="MAXIMA" value="float($(1)*$(2)$(3)+$(4)*$(5)$(6));"><variable identifier="a" /><variable identifier="sgn_e" /><variable identifier="e" /><variable identifier="b" /><variable identifier="sgn_d" /><variable identifier="d" /></customOperator></setTemplateValue><setTemplateValue identifier="abs_ae+bd"><customOperator definition="MAXIMA" value="float(abs($(1)));"><variable identifier="ae+bd" /></customOperator></setTemplateValue><setTemplateValue identifier="qm"><random><multiple><baseValue baseType="string">+</baseValue><baseValue baseType="string">-</baseValue></multiple></random></setTemplateValue><templateCondition><templateIf><lt><variable identifier="ae+bd" /><baseValue baseType="integer">0</baseValue></lt><setTemplateValue identifier="qm"><random><multiple><baseValue baseType="string">-</baseValue></multiple></random></setTemplateValue></templateIf><templateElse><setTemplateValue identifier="qm"><random><multiple><baseValue baseType="string">+</baseValue></multiple></random></setTemplateValue></templateElse></templateCondition><setTemplateValue identifier="be"><customOperator definition="MAXIMA" value="float($(1)*$(2)$(3));"><variable identifier="b" /><variable identifier="sgn_e" /><variable identifier="e" /></customOperator></setTemplateValue><setTemplateValue identifier="abs_be"><customOperator definition="MAXIMA" value="float(abs($(1)));"><variable identifier="be" /></customOperator></setTemplateValue><setTemplateValue identifier="rm"><random><multiple><baseValue baseType="string">+</baseValue><baseValue baseType="string">-</baseValue></multiple></random></setTemplateValue><templateCondition><templateIf><lt><variable identifier="be" /><baseValue baseType="integer">0</baseValue></lt><setTemplateValue identifier="rm"><random><multiple><baseValue baseType="string">-</baseValue></multiple></random></setTemplateValue></templateIf><templateElse><setTemplateValue identifier="rm"><random><multiple><baseValue baseType="string">+</baseValue></multiple></random></setTemplateValue></templateElse></templateCondition><setCorrectResponse identifier="RESPONSE_1410161290447"><customOperator definition="VARIABLESTRING" value="$(1)*x+$(2)"><variable identifier="a" /><variable identifier="b" /></customOperator></setCorrectResponse></templateProcessing><itemBody ><p>Lösen Sie die folgende Gleichung mittels Polynomdivision!</p><p>$$(<printedVariable identifier="ac" />x^3 <printedVariable identifier="pm" /> <printedVariable identifier="abs_ad+bc" />x^2 <printedVariable identifier="qm" /> <printedVariable identifier="abs_ae+bd" />x <printedVariable identifier="rm" /> <printedVariable identifier="abs_be" />) :(<printedVariable identifier="c" />x^2<printedVariable identifier="sgn_d" /><printedVariable identifier="d" />x <printedVariable identifier="sgn_e" /><printedVariable identifier="e" />) = $$ <textEntryInteraction responseIdentifier="RESPONSE_1410161290447" class="maxima-formula show-latex" /></p><p> </p><p>Hinweise zur Formeleingabe:</p><ul><li>\(x^y\) = x^y</li><li>\(x\cdot y\) = x*y, z.B. \(3x\) = 3*x \(\Rightarrow\) Bitte keine * vergessen!</li><li>Durch Klicken auf die ?-Schaltfläche können Sie Ihre Formel vor Speichern der Antwort zunächst überprüfen.</li></ul></itemBody><responseProcessing><responseCondition><responseIf><customOperator definition="MAXIMA" value="is(equal(num($(1)),num($(2))));"><variable identifier="RESPONSE_1410161290447" /><correct identifier="RESPONSE_1410161290447" /></customOperator><setOutcomeValue identifier="SCORE"><sum><variable identifier="SCORE" /><baseValue baseType="float">1</baseValue></sum></setOutcomeValue></responseIf></responseCondition><responseCondition><responseIf><not><isNull><variable identifier="RESPONSE_1410161290447" /></isNull></not><setOutcomeValue identifier="FEEDBACKBASIC"><baseValue baseType="identifier">incorrect</baseValue></setOutcomeValue></responseIf></responseCondition><responseCondition><responseIf><and><not><match><variable identifier="FEEDBACKBASIC" /><baseValue baseType="identifier">empty</baseValue></match></not><equal toleranceMode="exact"><variable identifier="SCORE" /><variable identifier="MAXSCORE" /></equal></and><setOutcomeValue identifier="FEEDBACKBASIC"><baseValue baseType="identifier">correct</baseValue></setOutcomeValue></responseIf></responseCondition><responseCondition><responseIf><and><match><baseValue baseType="identifier">correct</baseValue><variable identifier="FEEDBACKBASIC" /></match></and><setOutcomeValue identifier="FEEDBACKMODAL"><multiple><variable identifier="FEEDBACKMODAL" /><baseValue baseType="identifier">Feedback1292653027</baseValue></multiple></setOutcomeValue></responseIf></responseCondition><responseCondition><responseIf><and><match><baseValue baseType="identifier">incorrect</baseValue><variable identifier="FEEDBACKBASIC" /></match></and><setOutcomeValue identifier="FEEDBACKMODAL"><multiple><variable identifier="FEEDBACKMODAL" /><baseValue baseType="identifier">Feedback2139888006</baseValue></multiple></setOutcomeValue></responseIf></responseCondition></responseProcessing><modalFeedback  identifier="Feedback1292653027" outcomeIdentifier="FEEDBACKMODAL" showHide="show" title="Richtig!" /><modalFeedback  identifier="Feedback2139888006" outcomeIdentifier="FEEDBACKMODAL" showHide="show" title="Leider falsch!"><p>Lösung:</p><p>$$\qquad\qquad (<printedVariable identifier="ac" />x^3 <printedVariable identifier="pm" /> <printedVariable identifier="abs_ad+bc" />x^2 <printedVariable identifier="qm" /> <printedVariable identifier="abs_ae+bd" />x <printedVariable identifier="rm" /> <printedVariable identifier="abs_be" />) :(<printedVariable identifier="c" />x<printedVariable identifier="sgn_d" /><printedVariable identifier="d" />x <printedVariable identifier="sgn_e" /><printedVariable identifier="e" />) = <printedVariable identifier="a" />x<printedVariable identifier="sgn_b" /><printedVariable identifier="b" />$$</p></modalFeedback></assessmentItem>
