<?xml version="1.0" encoding="UTF-8"?>
<assessmentItem xmlns="http://www.imsglobal.org/xsd/imsqti_v2p1" xmlns:xsi="http://www.w3.org/2001/XMLSchema-instance" xsi:schemaLocation="http://www.imsglobal.org/xsd/imsqti_v2p1 http://www.imsglobal.org/xsd/qti/qtiv2p1/imsqti_v2p1p1.xsd http://www.w3.org/1998/Math/MathML http://www.w3.org/Math/XMLSchema/mathml2/mathml2.xsd" identifier="id154306c5-8416-434c-924f-9577e370ddee" title="betragsungleichung_06" adaptive="false" timeDependent="false"><responseDeclaration identifier="RESPONSE_1409559714568" cardinality="single" baseType="float"><correctResponse><value>0</value></correctResponse></responseDeclaration><responseDeclaration identifier="RESPONSE_1409559737162" cardinality="single" baseType="string" /><responseDeclaration identifier="RESPONSE_1409559743270" cardinality="single" baseType="string" /><outcomeDeclaration identifier="SCORE" cardinality="single" baseType="float"><defaultValue><value>0</value></defaultValue></outcomeDeclaration><outcomeDeclaration identifier="MAXSCORE" cardinality="single" baseType="float"><defaultValue><value>3</value></defaultValue></outcomeDeclaration><outcomeDeclaration identifier="FEEDBACKBASIC" cardinality="single" baseType="identifier" view="testConstructor"><defaultValue><value>empty</value></defaultValue></outcomeDeclaration><outcomeDeclaration identifier="FEEDBACKMODAL" cardinality="multiple" baseType="identifier" view="testConstructor" /><templateDeclaration identifier="form" cardinality="single" baseType="integer" /><templateDeclaration identifier="relation" cardinality="single" baseType="string" /><templateDeclaration identifier="a" cardinality="single" baseType="integer" /><templateDeclaration identifier="b" cardinality="single" baseType="integer" /><templateDeclaration identifier="c" cardinality="single" baseType="integer" /><templateDeclaration identifier="1+b" cardinality="single" baseType="integer" /><templateDeclaration identifier="1-b" cardinality="single" baseType="integer" /><templateDeclaration identifier="ab" cardinality="single" baseType="integer" /><templateDeclaration identifier="bc" cardinality="single" baseType="integer" /><templateDeclaration identifier="help" cardinality="single" baseType="string" /><templateProcessing><setTemplateValue identifier="form"><random><multiple><baseValue baseType="integer">1</baseValue><baseValue baseType="integer">2</baseValue><baseValue baseType="integer">3</baseValue><baseValue baseType="integer">4</baseValue></multiple></random></setTemplateValue><setTemplateValue identifier="relation"><random><multiple><baseValue baseType="string">\leq</baseValue><baseValue baseType="string">\geq</baseValue><baseValue baseType="string">&lt;</baseValue><baseValue baseType="string">&gt;</baseValue></multiple></random></setTemplateValue><templateCondition><templateIf><match><variable identifier="form" /><baseValue baseType="integer">1</baseValue></match><setTemplateValue identifier="relation"><random><multiple><baseValue baseType="string">\geq</baseValue></multiple></random></setTemplateValue></templateIf><templateElseIf><match><variable identifier="form" /><baseValue baseType="integer">2</baseValue></match><setTemplateValue identifier="relation"><random><multiple><baseValue baseType="string">&gt;</baseValue></multiple></random></setTemplateValue></templateElseIf><templateElseIf><match><variable identifier="form" /><baseValue baseType="integer">3</baseValue></match><setTemplateValue identifier="relation"><random><multiple><baseValue baseType="string">\leq</baseValue></multiple></random></setTemplateValue></templateElseIf><templateElseIf><match><variable identifier="form" /><baseValue baseType="integer">4</baseValue></match><setTemplateValue identifier="relation"><random><multiple><baseValue baseType="string">&lt;</baseValue></multiple></random></setTemplateValue></templateElseIf></templateCondition><setTemplateValue identifier="a"><randomInteger min="2" max="5" /></setTemplateValue><setTemplateValue identifier="b"><randomInteger min="1" max="8" /></setTemplateValue><setTemplateValue identifier="c"><randomInteger min="6" max="8" /></setTemplateValue><setTemplateValue identifier="1+b"><customOperator definition="MAXIMA" value="float(1+$(1));"><variable identifier="b" /></customOperator></setTemplateValue><setTemplateValue identifier="1-b"><customOperator definition="MAXIMA" value="float(1-$(1));"><variable identifier="b" /></customOperator></setTemplateValue><setTemplateValue identifier="ab"><customOperator definition="MAXIMA" value="float($(1)*$(2));"><variable identifier="a" /><variable identifier="b" /></customOperator></setTemplateValue><setTemplateValue identifier="bc"><customOperator definition="MAXIMA" value="float($(1)*$(2));"><variable identifier="b" /><variable identifier="c" /></customOperator></setTemplateValue><setTemplateValue identifier="help"><random><multiple><baseValue baseType="string">&lt;</baseValue><baseValue baseType="string">&gt;</baseValue><baseValue baseType="string">\leq</baseValue><baseValue baseType="string">\geq</baseValue></multiple></random></setTemplateValue><templateCondition><templateIf><match><variable identifier="form" /><baseValue baseType="integer">1</baseValue></match><setTemplateValue identifier="help"><random><multiple><baseValue baseType="string">\leq</baseValue></multiple></random></setTemplateValue></templateIf><templateElseIf><match><variable identifier="form" /><baseValue baseType="integer">2</baseValue></match><setTemplateValue identifier="help"><random><multiple><baseValue baseType="string">&lt;</baseValue></multiple></random></setTemplateValue></templateElseIf><templateElseIf><match><variable identifier="form" /><baseValue baseType="integer">3</baseValue></match><setTemplateValue identifier="help"><random><multiple><baseValue baseType="string">\geq</baseValue></multiple></random></setTemplateValue></templateElseIf><templateElseIf><match><variable identifier="form" /><baseValue baseType="integer">4</baseValue></match><setTemplateValue identifier="help"><random><multiple><baseValue baseType="string">&gt;</baseValue></multiple></random></setTemplateValue></templateElseIf></templateCondition><setCorrectResponse identifier="RESPONSE_1409559737162"><customOperator definition="VARIABLESTRING" value="-$(1)"><variable identifier="1+b" /></customOperator></setCorrectResponse><setCorrectResponse identifier="RESPONSE_1409559743270"><customOperator definition="VARIABLESTRING" value="$(1)"><variable identifier="1-b" /></customOperator></setCorrectResponse><setCorrectResponse identifier="RESPONSE_1409559714568"><variable identifier="form" /></setCorrectResponse></templateProcessing><itemBody ><p>Wir betrachten die Ungleichung $$<printedVariable identifier="a" />|x+<printedVariable identifier="b" />|+<printedVariable identifier="c" /><printedVariable identifier="relation" /><printedVariable identifier="c" />|x+<printedVariable identifier="b" />|+<printedVariable identifier="a" />$$.</p><p>Welche Form hat die Lösungsmenge?</p><p><strong>Form 1:</strong> \( \mathcal L = [a, b]\)</p><p><strong>Form 2:</strong> \( \mathcal L = (a, b)\)</p><p><strong>Form 3:</strong> \( \mathcal L = (-\infty, a] \cup [b, \infty)\)</p><p><strong>Form 4:</strong> \( \mathcal L = (-\infty, a) \cup (b, \infty)\)</p><p> </p><p><strong>Lösung:</strong> Die Lösungsmenge ist von der Form<textEntryInteraction responseIdentifier="RESPONSE_1409559714568" expectedLength="3" /> (bitte geben Sie die richtige Zahl ein!). Dabei sind \(a =\)<textEntryInteraction responseIdentifier="RESPONSE_1409559737162" expectedLength="3" /> und \(b =\)<textEntryInteraction responseIdentifier="RESPONSE_1409559743270" expectedLength="3" />.</p><p><strong>Hinweis:  </strong>Geben Sie Brüche bitte wie folgt ein: \[\frac xy =\] <strong>x/y. </strong>Geben Sie bitte <strong>keine Kommazahlen</strong> ein!</p><p>                z.B. \[\tfrac13 =\] <strong>1/3</strong> und <span style="text-decoration: underline;">nicht</span> <strong>0.3333</strong>...!</p><p> </p></itemBody><responseProcessing><responseCondition><responseIf><equal toleranceMode="exact"><variable identifier="RESPONSE_1409559714568" /><correct identifier="RESPONSE_1409559714568" /></equal><setOutcomeValue identifier="SCORE"><sum><variable identifier="SCORE" /><baseValue baseType="float">1</baseValue></sum></setOutcomeValue></responseIf></responseCondition><responseCondition><responseIf><not><isNull><variable identifier="RESPONSE_1409559714568" /></isNull></not><setOutcomeValue identifier="FEEDBACKBASIC"><baseValue baseType="identifier">incorrect</baseValue></setOutcomeValue></responseIf></responseCondition><responseCondition><responseIf><customOperator definition="MAXIMA" value="is(equal(ev($(1)),ev($(2))));"><variable identifier="RESPONSE_1409559737162" /><correct identifier="RESPONSE_1409559737162" /></customOperator><setOutcomeValue identifier="SCORE"><sum><variable identifier="SCORE" /><baseValue baseType="float">1</baseValue></sum></setOutcomeValue></responseIf></responseCondition><responseCondition><responseIf><not><isNull><variable identifier="RESPONSE_1409559737162" /></isNull></not><setOutcomeValue identifier="FEEDBACKBASIC"><baseValue baseType="identifier">incorrect</baseValue></setOutcomeValue></responseIf></responseCondition><responseCondition><responseIf><customOperator definition="MAXIMA" value="is(equal(ev($(1)),ev($(2))));"><variable identifier="RESPONSE_1409559743270" /><correct identifier="RESPONSE_1409559743270" /></customOperator><setOutcomeValue identifier="SCORE"><sum><variable identifier="SCORE" /><baseValue baseType="float">1</baseValue></sum></setOutcomeValue></responseIf></responseCondition><responseCondition><responseIf><not><isNull><variable identifier="RESPONSE_1409559743270" /></isNull></not><setOutcomeValue identifier="FEEDBACKBASIC"><baseValue baseType="identifier">incorrect</baseValue></setOutcomeValue></responseIf></responseCondition><responseCondition><responseIf><and><not><match><variable identifier="FEEDBACKBASIC" /><baseValue baseType="identifier">empty</baseValue></match></not><equal toleranceMode="exact"><variable identifier="SCORE" /><variable identifier="MAXSCORE" /></equal></and><setOutcomeValue identifier="FEEDBACKBASIC"><baseValue baseType="identifier">correct</baseValue></setOutcomeValue></responseIf></responseCondition><responseCondition><responseIf><and><match><baseValue baseType="identifier">correct</baseValue><variable identifier="FEEDBACKBASIC" /></match></and><setOutcomeValue identifier="FEEDBACKMODAL"><multiple><variable identifier="FEEDBACKMODAL" /><baseValue baseType="identifier">Feedback2111626204</baseValue></multiple></setOutcomeValue></responseIf></responseCondition><responseCondition><responseIf><and><match><baseValue baseType="identifier">incorrect</baseValue><variable identifier="FEEDBACKBASIC" /></match></and><setOutcomeValue identifier="FEEDBACKMODAL"><multiple><variable identifier="FEEDBACKMODAL" /><baseValue baseType="identifier">Feedback326902147</baseValue></multiple></setOutcomeValue></responseIf></responseCondition></responseProcessing><modalFeedback  identifier="Feedback2111626204" outcomeIdentifier="FEEDBACKMODAL" showHide="show" title="Richtig!"><p>Lösung:</p><p>$$1.\ Fall \ (x+<printedVariable identifier="b" /> \geq 0,\ d.h. \ x\geq -<printedVariable identifier="b" />): \quad <printedVariable identifier="a" />(x+<printedVariable identifier="b" />)+<printedVariable identifier="c" /><printedVariable identifier="relation" /><printedVariable identifier="c" />(x+<printedVariable identifier="b" />)+<printedVariable identifier="a" /> $$</p><p>$$\qquad\qquad\qquad\qquad\qquad\qquad\quad\iff\; x(<printedVariable identifier="a" />-<printedVariable identifier="c" />) <printedVariable identifier="relation" /> <printedVariable identifier="bc" /> - <printedVariable identifier="ab" /> + <printedVariable identifier="a" />-<printedVariable identifier="c" /> \;\iff\; x <printedVariable identifier="help" /> <printedVariable identifier="1-b" />\qquad\qquad\qquad\quad \Rightarrow\mathcal L_1 = \{x\in \mathbb R:x\geq –<printedVariable identifier="b" />\} \cap \{x\in \mathbb R:x <printedVariable identifier="help" /> <printedVariable identifier="1-b" /> \}$$</p><p>$$2.\ Fall\ (x+<printedVariable identifier="b" /> \leq 0,\ d.h. \ x\leq -<printedVariable identifier="b" />):  \quad <printedVariable identifier="a" />(-x-<printedVariable identifier="b" />)+<printedVariable identifier="c" /><printedVariable identifier="relation" /><printedVariable identifier="c" />(-x-<printedVariable identifier="b" />)+<printedVariable identifier="a" /> $$</p><p>$$\qquad\qquad\qquad\qquad\qquad\qquad\quad\iff\; -<printedVariable identifier="ab" />+<printedVariable identifier="c" />+<printedVariable identifier="bc" />-<printedVariable identifier="a" /><printedVariable identifier="relation" /> x(<printedVariable identifier="a" />-<printedVariable identifier="c" />) \;\iff\; x<printedVariable identifier="relation" />-<printedVariable identifier="1+b" /> \qquad\qquad\qquad \Rightarrow\mathcal L_2 = \{x\in \mathbb R:x\leq -<printedVariable identifier="b" />\} \cap \{x\in \mathbb R:x<printedVariable identifier="relation" />-<printedVariable identifier="1+b" /> \}$$</p><p>$$\implies \mathcal L = \mathcal L_1 \cup \mathcal L_2$$</p><p>$$\;\text{d.h. Form <printedVariable identifier="form" /> mit} \; a=- <printedVariable identifier="1+b" />, \ b=<printedVariable identifier="1-b" />$$</p></modalFeedback><modalFeedback  identifier="Feedback326902147" outcomeIdentifier="FEEDBACKMODAL" showHide="show" title="Leider falsch!"><p>Lösung:</p><p>$$1.\ Fall \ (x+<printedVariable identifier="b" /> \geq 0,\ d.h. \ x\geq -<printedVariable identifier="b" />): \quad <printedVariable identifier="a" />(x+<printedVariable identifier="b" />)+<printedVariable identifier="c" /><printedVariable identifier="relation" /><printedVariable identifier="c" />(x+<printedVariable identifier="b" />)+<printedVariable identifier="a" /> $$</p><p>$$\qquad\qquad\qquad\qquad\qquad\qquad\quad\iff\; x(<printedVariable identifier="a" />-<printedVariable identifier="c" />) <printedVariable identifier="relation" /> <printedVariable identifier="bc" /> - <printedVariable identifier="ab" /> + <printedVariable identifier="a" />-<printedVariable identifier="c" /> \;\iff\; x <printedVariable identifier="help" /> <printedVariable identifier="1-b" />\qquad\qquad\qquad\quad \Rightarrow\mathcal L_1 = \{x\in \mathbb R:x\geq –<printedVariable identifier="b" />\} \cap \{x\in \mathbb R:x <printedVariable identifier="help" /> <printedVariable identifier="1-b" /> \}$$</p><p>$$2.\ Fall\ (x+<printedVariable identifier="b" /> \leq 0,\ d.h. \ x\leq -<printedVariable identifier="b" />):  \quad <printedVariable identifier="a" />(-x-<printedVariable identifier="b" />)+<printedVariable identifier="c" /><printedVariable identifier="relation" /><printedVariable identifier="c" />(-x-<printedVariable identifier="b" />)+<printedVariable identifier="a" /> $$</p><p>$$\qquad\qquad\qquad\qquad\qquad\qquad\quad\iff\; -<printedVariable identifier="ab" />+<printedVariable identifier="c" />+<printedVariable identifier="bc" />-<printedVariable identifier="a" /><printedVariable identifier="relation" /> x(<printedVariable identifier="a" />-<printedVariable identifier="c" />) \;\iff\; x<printedVariable identifier="relation" />-<printedVariable identifier="1+b" /> \qquad\qquad\qquad \Rightarrow\mathcal L_2 = \{x\in \mathbb R:x\leq -<printedVariable identifier="b" />\} \cap \{x\in \mathbb R:x<printedVariable identifier="relation" />-<printedVariable identifier="1+b" /> \}$$</p><p>$$\implies \mathcal L = \mathcal L_1 \cup \mathcal L_2$$</p><p>$$\;\text{d.h. Form <printedVariable identifier="form" /> mit} \; a=- <printedVariable identifier="1+b" />, \ b=<printedVariable identifier="1-b" />$$</p></modalFeedback></assessmentItem>
