<?xml version="1.0" encoding="UTF-8"?>
<assessmentItem xmlns="http://www.imsglobal.org/xsd/imsqti_v2p1" xmlns:xsi="http://www.w3.org/2001/XMLSchema-instance" xsi:schemaLocation="http://www.imsglobal.org/xsd/imsqti_v2p1 http://www.imsglobal.org/xsd/qti/qtiv2p1/imsqti_v2p1p1.xsd http://www.w3.org/1998/Math/MathML http://www.w3.org/Math/XMLSchema/mathml2/mathml2.xsd" identifier="id56530565-2cb0-4819-869d-e5334cad2f4b" title="Quadratische Ergänzung" adaptive="false" timeDependent="false"><imsqti:responseDeclaration xmlns:imsqti="http://www.imsglobal.org/xsd/imsqti_v2p1" identifier="RESPONSE_1412605266401" cardinality="single" baseType="float"><imsqti:correctResponse><imsqti:value>0</imsqti:value></imsqti:correctResponse></imsqti:responseDeclaration><imsqti:responseDeclaration xmlns:imsqti="http://www.imsglobal.org/xsd/imsqti_v2p1" identifier="RESPONSE_1412605288100" cardinality="single" baseType="float"><imsqti:correctResponse><imsqti:value>0</imsqti:value></imsqti:correctResponse></imsqti:responseDeclaration><imsqti:responseDeclaration xmlns:imsqti="http://www.imsglobal.org/xsd/imsqti_v2p1" identifier="RESPONSE_1412605384569" cardinality="single" baseType="float"><imsqti:correctResponse><imsqti:value>0</imsqti:value></imsqti:correctResponse></imsqti:responseDeclaration><imsqti:responseDeclaration xmlns:imsqti="http://www.imsglobal.org/xsd/imsqti_v2p1" identifier="RESPONSE_1412605395503" cardinality="single" baseType="float"><imsqti:correctResponse><imsqti:value>0</imsqti:value></imsqti:correctResponse></imsqti:responseDeclaration><imsqti:outcomeDeclaration xmlns:imsqti="http://www.imsglobal.org/xsd/imsqti_v2p1" identifier="SCORE" cardinality="single" baseType="float"><imsqti:defaultValue><imsqti:value>0</imsqti:value></imsqti:defaultValue></imsqti:outcomeDeclaration><imsqti:outcomeDeclaration xmlns:imsqti="http://www.imsglobal.org/xsd/imsqti_v2p1" identifier="MAXSCORE" cardinality="single" baseType="float"><imsqti:defaultValue><imsqti:value>4</imsqti:value></imsqti:defaultValue></imsqti:outcomeDeclaration><imsqti:outcomeDeclaration xmlns:imsqti="http://www.imsglobal.org/xsd/imsqti_v2p1" identifier="FEEDBACKBASIC" cardinality="single" baseType="identifier" view="testConstructor"><imsqti:defaultValue><imsqti:value>empty</imsqti:value></imsqti:defaultValue></imsqti:outcomeDeclaration><imsqti:templateDeclaration xmlns:imsqti="http://www.imsglobal.org/xsd/imsqti_v2p1" identifier="x" cardinality="single" baseType="integer" /><imsqti:templateDeclaration xmlns:imsqti="http://www.imsglobal.org/xsd/imsqti_v2p1" identifier="y" cardinality="single" baseType="integer" /><imsqti:templateDeclaration xmlns:imsqti="http://www.imsglobal.org/xsd/imsqti_v2p1" identifier="a" cardinality="single" baseType="integer" /><imsqti:templateDeclaration xmlns:imsqti="http://www.imsglobal.org/xsd/imsqti_v2p1" identifier="aabs" cardinality="single" baseType="integer" /><imsqti:templateDeclaration xmlns:imsqti="http://www.imsglobal.org/xsd/imsqti_v2p1" identifier="asign" cardinality="single" baseType="string" /><imsqti:templateDeclaration xmlns:imsqti="http://www.imsglobal.org/xsd/imsqti_v2p1" identifier="b" cardinality="single" baseType="integer" /><imsqti:templateDeclaration xmlns:imsqti="http://www.imsglobal.org/xsd/imsqti_v2p1" identifier="babs" cardinality="single" baseType="integer" /><imsqti:templateDeclaration xmlns:imsqti="http://www.imsglobal.org/xsd/imsqti_v2p1" identifier="bsign" cardinality="single" baseType="string" /><imsqti:templateDeclaration xmlns:imsqti="http://www.imsglobal.org/xsd/imsqti_v2p1" identifier="x2" cardinality="single" baseType="integer" /><imsqti:templateProcessing xmlns:imsqti="http://www.imsglobal.org/xsd/imsqti_v2p1"><imsqti:setTemplateValue identifier="x"><imsqti:randomInteger min="1" max="10" /></imsqti:setTemplateValue><imsqti:setTemplateValue identifier="y"><imsqti:randomInteger min="-10" max="10" /></imsqti:setTemplateValue><imsqti:setTemplateValue identifier="a"><imsqti:customOperator definition="MAXIMA" value="float(2*$(1));"><imsqti:variable identifier="x" /></imsqti:customOperator></imsqti:setTemplateValue><imsqti:setTemplateValue identifier="aabs"><imsqti:customOperator definition="MAXIMA" value="float(abs($(1)));"><imsqti:variable identifier="a" /></imsqti:customOperator></imsqti:setTemplateValue><imsqti:setTemplateValue identifier="asign"><imsqti:random><imsqti:multiple><imsqti:baseValue baseType="string">+</imsqti:baseValue><imsqti:baseValue baseType="string">-</imsqti:baseValue></imsqti:multiple></imsqti:random></imsqti:setTemplateValue><imsqti:templateCondition><imsqti:templateIf><imsqti:gte><imsqti:variable identifier="a" /><imsqti:baseValue baseType="integer">0</imsqti:baseValue></imsqti:gte><imsqti:setTemplateValue identifier="asign"><imsqti:random><imsqti:multiple><imsqti:baseValue baseType="string">+</imsqti:baseValue></imsqti:multiple></imsqti:random></imsqti:setTemplateValue></imsqti:templateIf><imsqti:templateElse><imsqti:setTemplateValue identifier="asign"><imsqti:random><imsqti:multiple><imsqti:baseValue baseType="string">-</imsqti:baseValue></imsqti:multiple></imsqti:random></imsqti:setTemplateValue></imsqti:templateElse></imsqti:templateCondition><imsqti:setTemplateValue identifier="b"><imsqti:customOperator definition="MAXIMA" value="float(($(1))^2+$(2));"><imsqti:variable identifier="x" /><imsqti:variable identifier="y" /></imsqti:customOperator></imsqti:setTemplateValue><imsqti:setTemplateValue identifier="babs"><imsqti:customOperator definition="MAXIMA" value="float(abs($(1)));"><imsqti:variable identifier="b" /></imsqti:customOperator></imsqti:setTemplateValue><imsqti:setTemplateValue identifier="bsign"><imsqti:random><imsqti:multiple><imsqti:baseValue baseType="string">+</imsqti:baseValue><imsqti:baseValue baseType="string">-</imsqti:baseValue></imsqti:multiple></imsqti:random></imsqti:setTemplateValue><imsqti:templateCondition><imsqti:templateIf><imsqti:gte><imsqti:variable identifier="b" /><imsqti:baseValue baseType="integer">0</imsqti:baseValue></imsqti:gte><imsqti:setTemplateValue identifier="bsign"><imsqti:random><imsqti:multiple><imsqti:baseValue baseType="string">+</imsqti:baseValue></imsqti:multiple></imsqti:random></imsqti:setTemplateValue></imsqti:templateIf><imsqti:templateElse><imsqti:setTemplateValue identifier="bsign"><imsqti:random><imsqti:multiple><imsqti:baseValue baseType="string">-</imsqti:baseValue></imsqti:multiple></imsqti:random></imsqti:setTemplateValue></imsqti:templateElse></imsqti:templateCondition><imsqti:setTemplateValue identifier="x2"><imsqti:customOperator definition="MAXIMA" value="float(-$(1));"><imsqti:variable identifier="x" /></imsqti:customOperator></imsqti:setTemplateValue><imsqti:setCorrectResponse identifier="RESPONSE_1412605266401"><imsqti:variable identifier="x" /></imsqti:setCorrectResponse><imsqti:setCorrectResponse identifier="RESPONSE_1412605288100"><imsqti:variable identifier="y" /></imsqti:setCorrectResponse><imsqti:setCorrectResponse identifier="RESPONSE_1412605384569"><imsqti:variable identifier="x2" /></imsqti:setCorrectResponse><imsqti:setCorrectResponse identifier="RESPONSE_1412605395503"><imsqti:variable identifier="y" /></imsqti:setCorrectResponse></imsqti:templateProcessing><itemBody ><p>Formen Sie mithilfe quadratischer Ergänzung um:</p><p>$$x^2<printedVariable identifier="asign" /><printedVariable identifier="aabs" />x<printedVariable identifier="bsign" /><printedVariable identifier="babs" /> = (x+$$ <textEntryInteraction responseIdentifier="RESPONSE_1412605266401" expectedLength="3" /> $$)^2+$$<textEntryInteraction responseIdentifier="RESPONSE_1412605288100" expectedLength="2" /></p><p>Ermitteln Sie anhand dieser Darstellung den Scheitelpunkt $$S$$ der Parabel $$y=x^2<printedVariable identifier="asign" /><printedVariable identifier="aabs" />x<printedVariable identifier="bsign" /><printedVariable identifier="babs" />$$:</p><p>$$S=($$<textEntryInteraction responseIdentifier="RESPONSE_1412605384569" expectedLength="2" />$$,\;$$<textEntryInteraction responseIdentifier="RESPONSE_1412605395503" expectedLength="2" />$$).$$</p><p> </p></itemBody><imsqti:responseProcessing xmlns:imsqti="http://www.imsglobal.org/xsd/imsqti_v2p1"><imsqti:responseCondition><imsqti:responseIf><imsqti:equal toleranceMode="exact"><imsqti:variable identifier="RESPONSE_1412605266401" /><imsqti:correct identifier="RESPONSE_1412605266401" /></imsqti:equal><imsqti:setOutcomeValue identifier="SCORE"><imsqti:sum><imsqti:variable identifier="SCORE" /><imsqti:baseValue baseType="float">1</imsqti:baseValue></imsqti:sum></imsqti:setOutcomeValue></imsqti:responseIf></imsqti:responseCondition><imsqti:responseCondition><imsqti:responseIf><imsqti:not><imsqti:isNull><imsqti:variable identifier="RESPONSE_1412605266401" /></imsqti:isNull></imsqti:not><imsqti:setOutcomeValue identifier="FEEDBACKBASIC"><imsqti:baseValue baseType="identifier">incorrect</imsqti:baseValue></imsqti:setOutcomeValue></imsqti:responseIf></imsqti:responseCondition><imsqti:responseCondition><imsqti:responseIf><imsqti:equal toleranceMode="exact"><imsqti:variable identifier="RESPONSE_1412605288100" /><imsqti:correct identifier="RESPONSE_1412605288100" /></imsqti:equal><imsqti:setOutcomeValue identifier="SCORE"><imsqti:sum><imsqti:variable identifier="SCORE" /><imsqti:baseValue baseType="float">1</imsqti:baseValue></imsqti:sum></imsqti:setOutcomeValue></imsqti:responseIf></imsqti:responseCondition><imsqti:responseCondition><imsqti:responseIf><imsqti:not><imsqti:isNull><imsqti:variable identifier="RESPONSE_1412605288100" /></imsqti:isNull></imsqti:not><imsqti:setOutcomeValue identifier="FEEDBACKBASIC"><imsqti:baseValue baseType="identifier">incorrect</imsqti:baseValue></imsqti:setOutcomeValue></imsqti:responseIf></imsqti:responseCondition><imsqti:responseCondition><imsqti:responseIf><imsqti:equal toleranceMode="exact"><imsqti:variable identifier="RESPONSE_1412605384569" /><imsqti:correct identifier="RESPONSE_1412605384569" /></imsqti:equal><imsqti:setOutcomeValue identifier="SCORE"><imsqti:sum><imsqti:variable identifier="SCORE" /><imsqti:baseValue baseType="float">1</imsqti:baseValue></imsqti:sum></imsqti:setOutcomeValue></imsqti:responseIf></imsqti:responseCondition><imsqti:responseCondition><imsqti:responseIf><imsqti:not><imsqti:isNull><imsqti:variable identifier="RESPONSE_1412605384569" /></imsqti:isNull></imsqti:not><imsqti:setOutcomeValue identifier="FEEDBACKBASIC"><imsqti:baseValue baseType="identifier">incorrect</imsqti:baseValue></imsqti:setOutcomeValue></imsqti:responseIf></imsqti:responseCondition><imsqti:responseCondition><imsqti:responseIf><imsqti:equal toleranceMode="exact"><imsqti:variable identifier="RESPONSE_1412605395503" /><imsqti:correct identifier="RESPONSE_1412605395503" /></imsqti:equal><imsqti:setOutcomeValue identifier="SCORE"><imsqti:sum><imsqti:variable identifier="SCORE" /><imsqti:baseValue baseType="float">1</imsqti:baseValue></imsqti:sum></imsqti:setOutcomeValue></imsqti:responseIf></imsqti:responseCondition><imsqti:responseCondition><imsqti:responseIf><imsqti:not><imsqti:isNull><imsqti:variable identifier="RESPONSE_1412605395503" /></imsqti:isNull></imsqti:not><imsqti:setOutcomeValue identifier="FEEDBACKBASIC"><imsqti:baseValue baseType="identifier">incorrect</imsqti:baseValue></imsqti:setOutcomeValue></imsqti:responseIf></imsqti:responseCondition><imsqti:responseCondition><imsqti:responseIf><imsqti:and><imsqti:not><imsqti:match><imsqti:variable identifier="FEEDBACKBASIC" /><imsqti:baseValue baseType="identifier">empty</imsqti:baseValue></imsqti:match></imsqti:not><imsqti:equal toleranceMode="exact"><imsqti:variable identifier="SCORE" /><imsqti:variable identifier="MAXSCORE" /></imsqti:equal></imsqti:and><imsqti:setOutcomeValue identifier="FEEDBACKBASIC"><imsqti:baseValue baseType="identifier">correct</imsqti:baseValue></imsqti:setOutcomeValue></imsqti:responseIf></imsqti:responseCondition></imsqti:responseProcessing></assessmentItem>
