<?xml version="1.0" encoding="UTF-8"?>
<assessmentItem xmlns="http://www.imsglobal.org/xsd/imsqti_v2p1" xmlns:xsi="http://www.w3.org/2001/XMLSchema-instance" xsi:schemaLocation="http://www.imsglobal.org/xsd/imsqti_v2p1 http://www.imsglobal.org/xsd/qti/qtiv2p1/imsqti_v2p1p1.xsd http://www.w3.org/1998/Math/MathML http://www.w3.org/Math/XMLSchema/mathml2/mathml2.xsd" identifier="idcb38af9f-8cb8-41a2-844b-4d23b67c0ce2" title="taylor3_sin_cos_01" adaptive="false" timeDependent="false"><responseDeclaration identifier="RESPONSE_1387194999792" cardinality="single" baseType="float"><correctResponse><value>0</value></correctResponse></responseDeclaration><outcomeDeclaration identifier="SCORE" cardinality="single" baseType="float"><defaultValue><value>0</value></defaultValue></outcomeDeclaration><outcomeDeclaration identifier="MAXSCORE" cardinality="single" baseType="float"><defaultValue><value>2</value></defaultValue></outcomeDeclaration><outcomeDeclaration identifier="FEEDBACKBASIC" cardinality="single" baseType="identifier" view="testConstructor"><defaultValue><value>empty</value></defaultValue></outcomeDeclaration><outcomeDeclaration identifier="FEEDBACKMODAL" cardinality="multiple" baseType="identifier" view="testConstructor" /><templateDeclaration identifier="a" cardinality="single" baseType="integer" /><templateDeclaration identifier="function" cardinality="single" baseType="string" /><templateDeclaration identifier="x" cardinality="single" baseType="float" /><templateDeclaration identifier="ergebnis" cardinality="single" baseType="float" /><templateProcessing><setTemplateValue identifier="a"><randomInteger min="2" max="4" /></setTemplateValue><setTemplateValue identifier="function"><random><multiple><baseValue baseType="string">sin</baseValue><baseValue baseType="string">cos</baseValue></multiple></random></setTemplateValue><setTemplateValue identifier="x"><random><multiple><baseValue baseType="float">0.5</baseValue><baseValue baseType="float">0.25</baseValue></multiple></random></setTemplateValue><setTemplateValue identifier="ergebnis"><customOperator definition="MAXIMA" value="float(at(taylor($(1)($(2)*x),x,0,3),x=$(3)));"><variable identifier="function" /><variable identifier="a" /><variable identifier="x" /></customOperator></setTemplateValue><setCorrectResponse identifier="RESPONSE_1387194999792"><variable identifier="ergebnis" /></setCorrectResponse></templateProcessing><itemBody ><p>Werten Sie das Taylorpolynom 3. Ordnung der Funktion \(f(x)=\mathrm{<printedVariable identifier="function" />}(<printedVariable identifier="a" />x)\) im Punkt \(x=<printedVariable identifier="x" />\) aus.  Entwickeln Sie dabei um den Punkt \(x_0=0\).</p><p>Ergebnis: \(f(<printedVariable identifier="x" />)\approx\)<textEntryInteraction responseIdentifier="RESPONSE_1387194999792" /> (auf vier Nachkommastellen genau)</p></itemBody><responseProcessing><responseCondition><responseIf><equal toleranceMode="absolute" tolerance="1.0E-4 1.0E-4" includeLowerBound="true" includeUpperBound="true"><variable identifier="RESPONSE_1387194999792" /><correct identifier="RESPONSE_1387194999792" /></equal><setOutcomeValue identifier="SCORE"><sum><variable identifier="SCORE" /><baseValue baseType="float">2</baseValue></sum></setOutcomeValue></responseIf></responseCondition><responseCondition><responseIf><not><isNull><variable identifier="RESPONSE_1387194999792" /></isNull></not><setOutcomeValue identifier="FEEDBACKBASIC"><baseValue baseType="identifier">incorrect</baseValue></setOutcomeValue></responseIf></responseCondition><responseCondition><responseIf><and><not><match><variable identifier="FEEDBACKBASIC" /><baseValue baseType="identifier">empty</baseValue></match></not><equal toleranceMode="exact"><variable identifier="SCORE" /><variable identifier="MAXSCORE" /></equal></and><setOutcomeValue identifier="FEEDBACKBASIC"><baseValue baseType="identifier">correct</baseValue></setOutcomeValue></responseIf></responseCondition><responseCondition><responseIf><and><match><baseValue baseType="identifier">incorrect</baseValue><variable identifier="FEEDBACKBASIC" /></match></and><setOutcomeValue identifier="FEEDBACKMODAL"><multiple><variable identifier="FEEDBACKMODAL" /><baseValue baseType="identifier">Feedback1467095623</baseValue></multiple></setOutcomeValue></responseIf></responseCondition></responseProcessing><modalFeedback  identifier="Feedback1467095623" outcomeIdentifier="FEEDBACKMODAL" showHide="show" title="Musterbeispiel:"><p>Wir betrachten obige Aufgabe für \(f(x)=\cos(5x)\). Wir erhalten:</p><p>\(f(x)=\cos(5x) \Rightarrow f(0)=1\).</p><p>\(f'(x)=-5\sin(5x) \Rightarrow f'(0)=0\).</p><p>\(f''(x)=-25\cos(5x) \Rightarrow f''(0)=-25\).</p><p>\(f'''(x)=75\sin(5x) \Rightarrow f'''(0)=0\).</p><p>Das gesuchte Taylor-Polynom ist also \(\displaystyle p_3(x)=\frac{1}{0!}+\frac{0}{1!}x-\frac{25}{2!}x^2+\frac{0}{3!}x^3=1-\frac{25}{2}x^2\) und muss nun nur noch im gegebenen Punkt ausgewertet werden.</p></modalFeedback></assessmentItem>
