<?xml version="1.0" encoding="UTF-8"?>
<assessmentItem xmlns="http://www.imsglobal.org/xsd/imsqti_v2p1" xmlns:xsi="http://www.w3.org/2001/XMLSchema-instance" xsi:schemaLocation="http://www.imsglobal.org/xsd/imsqti_v2p1 http://www.imsglobal.org/xsd/qti/qtiv2p1/imsqti_v2p1p1.xsd http://www.w3.org/1998/Math/MathML http://www.w3.org/Math/XMLSchema/mathml2/mathml2.xsd" identifier="id92ac6db2-3762-455d-bcde-3ab3be8f9d88" title="AntiderivativeExistence" adaptive="false" timeDependent="false"><responseDeclaration identifier="RESPONSE_1" cardinality="multiple" baseType="identifier"><correctResponse><value>id41acf507-b9f2-4010-a8c6-bba317202367</value><value>id05cdf96b-545e-4821-8365-18aa66d9772c</value><value>id224d03db-8565-43b0-b9a0-cb524f1d8605</value><value>id66fd4184-85ab-4fdb-b631-97d00dc3d919</value></correctResponse></responseDeclaration><outcomeDeclaration identifier="SCORE" cardinality="single" baseType="float"><defaultValue><value>0</value></defaultValue></outcomeDeclaration><outcomeDeclaration identifier="MAXSCORE" cardinality="single" baseType="float"><defaultValue><value>4</value></defaultValue></outcomeDeclaration><outcomeDeclaration identifier="FEEDBACKBASIC" cardinality="single" baseType="identifier"><defaultValue><value>empty</value></defaultValue></outcomeDeclaration><outcomeDeclaration identifier="FEEDBACKMODAL" cardinality="multiple" baseType="identifier" view="testConstructor" /><templateDeclaration identifier="a" cardinality="single" baseType="integer" /><templateDeclaration identifier="b" cardinality="single" baseType="integer" /><templateDeclaration identifier="c" cardinality="single" baseType="integer" /><templateDeclaration identifier="d" cardinality="single" baseType="integer" /><templateDeclaration identifier="e" cardinality="single" baseType="integer" /><templateDeclaration identifier="f" cardinality="single" baseType="integer" /><templateDeclaration identifier="k" cardinality="single" baseType="integer" /><templateProcessing><setTemplateValue identifier="a"><randomInteger min="-4" max="7" /></setTemplateValue><templateCondition><templateIf><match><variable identifier="a" /><baseValue baseType="integer">0</baseValue></match><setTemplateValue identifier="a"><randomInteger min="1" max="10" /></setTemplateValue></templateIf></templateCondition><setTemplateValue identifier="b"><randomInteger min="1" max="8" /></setTemplateValue><setTemplateValue identifier="c"><randomInteger min="1" max="9" /></setTemplateValue><setTemplateValue identifier="d"><randomInteger min="1" max="8" /></setTemplateValue><setTemplateValue identifier="e"><randomInteger min="1" max="9" /></setTemplateValue><setTemplateValue identifier="f"><randomInteger min="1" max="9" /></setTemplateValue><setTemplateValue identifier="k"><randomInteger min="3" max="9" /></setTemplateValue></templateProcessing><itemBody ><p>Mark those complex functions \(f\) that have an antiderivative on their domain of definition:</p><p> </p><choiceInteraction responseIdentifier="RESPONSE_1" shuffle="true" maxChoices="0"><simpleChoice identifier="idfa0dad65-986b-4638-a7f7-0c723a905bf6"><p>\( f :  D \rightarrow \mathbb C \) continous on a domain \( D\).</p></simpleChoice><simpleChoice identifier="id41acf507-b9f2-4010-a8c6-bba317202367"><p>\( f :  D \rightarrow \mathbb C \) differentiable on a star-domain \(D\).</p></simpleChoice><simpleChoice identifier="id05cdf96b-545e-4821-8365-18aa66d9772c"><p>\(f  :  D \rightarrow \mathbb C \) continous on a domain \(D\) with the property that</p><p>\(\int_{\gamma} f = 0\) for every closed contour in \(D\).</p></simpleChoice><simpleChoice identifier="id56a01258-83a9-4849-8b61-862ce1df1fb8"><p>\(f : D \rightarrow \mathbb C \) differentiable on a domain \(D\).</p></simpleChoice><simpleChoice identifier="id224d03db-8565-43b0-b9a0-cb524f1d8605"><p>\( f :  D \rightarrow \mathbb C \) continous on a domain \(D\) with the property that</p><p>\(\int_{\gamma_1} f = \int_{\gamma_2} f  \) for every pair of contours \(  \gamma_1, \gamma_2\) in \(D \) that start at the same point \( z_0\) and end at the same point \( z_1\).</p></simpleChoice><simpleChoice identifier="id16730c2e-c539-4c00-8043-8f448aa10250"><p>\( f :  D \rightarrow \mathbb C \) continous on a domain \(D\) with the property that</p><p>\(\int_{\gamma} f + \int_{-\gamma} f = 0 \) for every  contour \(  \gamma\) in \(D\).</p></simpleChoice><simpleChoice identifier="id66fd4184-85ab-4fdb-b631-97d00dc3d919"><p>\( f (z ) : = \sum_{k=0}^{\infty} a_k \cdot (z-z_0)^k \) on the interior of its disc of convergence.</p></simpleChoice></choiceInteraction></itemBody><responseProcessing><responseCondition><responseIf><isNull><variable identifier="RESPONSE_1" /></isNull><setOutcomeValue identifier="FEEDBACKBASIC"><baseValue baseType="identifier">empty</baseValue></setOutcomeValue></responseIf><responseElseIf><match><variable identifier="RESPONSE_1" /><correct identifier="RESPONSE_1" /></match><setOutcomeValue identifier="SCORE"><sum><variable identifier="SCORE" /><variable identifier="MAXSCORE" /></sum></setOutcomeValue><setOutcomeValue identifier="FEEDBACKBASIC"><baseValue baseType="identifier">correct</baseValue></setOutcomeValue></responseElseIf><responseElse><setOutcomeValue identifier="FEEDBACKBASIC"><baseValue baseType="identifier">incorrect</baseValue></setOutcomeValue></responseElse></responseCondition><responseCondition><responseIf><and><match><baseValue baseType="identifier">incorrect</baseValue><variable identifier="FEEDBACKBASIC" /></match></and><setOutcomeValue identifier="FEEDBACKMODAL"><multiple><variable identifier="FEEDBACKMODAL" /><baseValue baseType="identifier">Feedback1663772795</baseValue></multiple></setOutcomeValue></responseIf></responseCondition></responseProcessing><modalFeedback  identifier="Feedback1663772795" outcomeIdentifier="FEEDBACKMODAL" showHide="show"><p>Use the fact, that a complex function that is complex differentiable on a domain, is infinitely differentiable on that domain. Note, that complex differentiability in just one point is not sufficient in order to be differentiable on a domain.</p></modalFeedback></assessmentItem>
