<?xml version="1.0" encoding="UTF-8"?>
<assessmentItem xmlns="http://www.imsglobal.org/xsd/imsqti_v2p1" xmlns:xsi="http://www.w3.org/2001/XMLSchema-instance" xsi:schemaLocation="http://www.imsglobal.org/xsd/imsqti_v2p1 http://www.imsglobal.org/xsd/qti/qtiv2p1/imsqti_v2p1p1.xsd http://www.w3.org/1998/Math/MathML http://www.w3.org/Math/XMLSchema/mathml2/mathml2.xsd" identifier="idbd5bbd67-74c4-4f07-b086-947e801d4841" title="betragsungleichung_05" adaptive="false" timeDependent="false"><responseDeclaration identifier="RESPONSE_1409556379256" cardinality="single" baseType="float"><correctResponse><value>0</value></correctResponse></responseDeclaration><responseDeclaration identifier="RESPONSE_1409556386447" cardinality="single" baseType="string" /><responseDeclaration identifier="RESPONSE_1409556391330" cardinality="single" baseType="string" /><responseDeclaration identifier="RESPONSE_1409556858504" cardinality="single" baseType="string" /><outcomeDeclaration identifier="SCORE" cardinality="single" baseType="float"><defaultValue><value>0</value></defaultValue></outcomeDeclaration><outcomeDeclaration identifier="MAXSCORE" cardinality="single" baseType="float"><defaultValue><value>4</value></defaultValue></outcomeDeclaration><outcomeDeclaration identifier="FEEDBACKBASIC" cardinality="single" baseType="identifier" view="testConstructor"><defaultValue><value>empty</value></defaultValue></outcomeDeclaration><outcomeDeclaration identifier="FEEDBACKMODAL" cardinality="multiple" baseType="identifier" view="testConstructor" /><templateDeclaration identifier="form" cardinality="single" baseType="integer" /><templateDeclaration identifier="relation" cardinality="single" baseType="string" /><templateDeclaration identifier="a" cardinality="single" baseType="integer" /><templateDeclaration identifier="b" cardinality="single" baseType="integer" /><templateDeclaration identifier="c" cardinality="single" baseType="integer" /><templateDeclaration identifier="d" cardinality="single" baseType="integer" /><templateDeclaration identifier="e" cardinality="single" baseType="integer" /><templateDeclaration identifier="de-b" cardinality="single" baseType="integer" /><templateDeclaration identifier="a+ce" cardinality="single" baseType="integer" /><templateDeclaration identifier="b+de" cardinality="single" baseType="integer" /><templateDeclaration identifier="-a-ce" cardinality="single" baseType="integer" /><templateDeclaration identifier="f" cardinality="single" baseType="integer" /><templateDeclaration identifier="help" cardinality="single" baseType="string" /><templateProcessing><setTemplateValue identifier="form"><random><multiple><baseValue baseType="integer">1</baseValue><baseValue baseType="integer">2</baseValue><baseValue baseType="integer">3</baseValue><baseValue baseType="integer">4</baseValue></multiple></random></setTemplateValue><setTemplateValue identifier="relation"><random><multiple><baseValue baseType="string">\leq</baseValue><baseValue baseType="string">\geq</baseValue><baseValue baseType="string">&gt;</baseValue><baseValue baseType="string">&lt;</baseValue></multiple></random></setTemplateValue><templateCondition><templateIf><match><variable identifier="form" /><baseValue baseType="integer">1</baseValue></match><setTemplateValue identifier="relation"><random><multiple><baseValue baseType="string">&gt;</baseValue></multiple></random></setTemplateValue></templateIf><templateElseIf><match><variable identifier="form" /><baseValue baseType="integer">2</baseValue></match><setTemplateValue identifier="relation"><random><multiple><baseValue baseType="string">\geq</baseValue></multiple></random></setTemplateValue></templateElseIf><templateElseIf><match><variable identifier="form" /><baseValue baseType="integer">3</baseValue></match><setTemplateValue identifier="relation"><random><multiple><baseValue baseType="string">&lt;</baseValue></multiple></random></setTemplateValue></templateElseIf><templateElseIf><match><variable identifier="form" /><baseValue baseType="integer">4</baseValue></match><setTemplateValue identifier="relation"><random><multiple><baseValue baseType="string">\leq</baseValue></multiple></random></setTemplateValue></templateElseIf></templateCondition><setTemplateValue identifier="a"><randomInteger min="2" max="3" /></setTemplateValue><setTemplateValue identifier="b"><randomInteger min="1" max="8" /></setTemplateValue><setTemplateValue identifier="c"><randomInteger min="2" max="5" /></setTemplateValue><setTemplateValue identifier="d"><randomInteger min="1" max="6" /></setTemplateValue><setTemplateValue identifier="e"><randomInteger min="2" max="7" /></setTemplateValue><setTemplateValue identifier="de-b"><customOperator definition="MAXIMA" value="float($(1)*$(2)-$(3));"><variable identifier="d" /><variable identifier="e" /><variable identifier="b" /></customOperator></setTemplateValue><setTemplateValue identifier="a+ce"><customOperator definition="MAXIMA" value="float($(1)+$(2)*$(3));"><variable identifier="a" /><variable identifier="c" /><variable identifier="e" /></customOperator></setTemplateValue><setTemplateValue identifier="b+de"><customOperator definition="MAXIMA" value="float($(1)+$(2)*$(3));"><variable identifier="b" /><variable identifier="d" /><variable identifier="e" /></customOperator></setTemplateValue><setTemplateValue identifier="-a-ce"><customOperator definition="MAXIMA" value="float(-($(1)-$(2)*$(3)));"><variable identifier="a" /><variable identifier="c" /><variable identifier="e" /></customOperator></setTemplateValue><setTemplateValue identifier="f"><customOperator definition="MAXIMA" value="float($(1));"><variable identifier="d" /></customOperator></setTemplateValue><templateCondition><templateIf><match><variable identifier="form" /><baseValue baseType="integer">3</baseValue></match><setTemplateValue identifier="f"><random><multiple><baseValue baseType="integer">0</baseValue></multiple></random></setTemplateValue></templateIf><templateElseIf><match><variable identifier="form" /><baseValue baseType="integer">4</baseValue></match><setTemplateValue identifier="f"><random><multiple><baseValue baseType="integer">0</baseValue></multiple></random></setTemplateValue></templateElseIf></templateCondition><setTemplateValue identifier="help"><random><multiple><baseValue baseType="string">&lt;</baseValue><baseValue baseType="string">&gt;</baseValue><baseValue baseType="string">\geq</baseValue><baseValue baseType="string">\leq</baseValue></multiple></random></setTemplateValue><templateCondition><templateIf><match><variable identifier="form" /><baseValue baseType="integer">1</baseValue></match><setTemplateValue identifier="help"><random><multiple><baseValue baseType="string">&lt;</baseValue></multiple></random></setTemplateValue></templateIf><templateElseIf><match><variable identifier="form" /><baseValue baseType="integer">2</baseValue></match><setTemplateValue identifier="help"><random><multiple><baseValue baseType="string">\leq</baseValue></multiple></random></setTemplateValue></templateElseIf><templateElseIf><match><variable identifier="form" /><baseValue baseType="integer">3</baseValue></match><setTemplateValue identifier="help"><random><multiple><baseValue baseType="string">&gt;</baseValue></multiple></random></setTemplateValue></templateElseIf><templateElseIf><match><variable identifier="form" /><baseValue baseType="integer">4</baseValue></match><setTemplateValue identifier="help"><random><multiple><baseValue baseType="string">\geq</baseValue></multiple></random></setTemplateValue></templateElseIf></templateCondition><setCorrectResponse identifier="RESPONSE_1409556386447"><customOperator definition="VARIABLESTRING" value="$(1)/$(2)"><variable identifier="de-b" /><variable identifier="a+ce" /></customOperator></setCorrectResponse><setCorrectResponse identifier="RESPONSE_1409556391330"><customOperator definition="VARIABLESTRING" value="$(1)/$(2)"><variable identifier="b+de" /><variable identifier="-a-ce" /></customOperator></setCorrectResponse><setCorrectResponse identifier="RESPONSE_1409556858504"><customOperator definition="VARIABLESTRING" value="$(2)/$(1)"><variable identifier="c" /><variable identifier="f" /></customOperator></setCorrectResponse><setCorrectResponse identifier="RESPONSE_1409556379256"><variable identifier="form" /></setCorrectResponse></templateProcessing><itemBody ><p>Wir betrachten die Ungleichung $$\frac{<printedVariable identifier="a" />x + <printedVariable identifier="b" />}{|<printedVariable identifier="c" />x - <printedVariable identifier="d" />|} <printedVariable identifier="relation" /> <printedVariable identifier="e" />$$.</p><p>Welche Form hat die Lösungsmenge?</p><p><strong>Form 1:</strong> \( \mathcal L = (a, c) \cup (c, b)\)</p><p><strong>Form 2:</strong> \( \mathcal L = [a, c) \cup (c, b]\)</p><p><strong>Form 3:</strong> \( \mathcal L = (-\infty, a) \cup (b, \infty)\)</p><p><strong>Form 4:</strong> \( \mathcal L = (-\infty, a] \cup [b, \infty)\)</p><p> </p><p><strong>Lösung:</strong> Die Lösungsmenge ist von der Form<textEntryInteraction responseIdentifier="RESPONSE_1409556379256" expectedLength="3" /> (bitte geben Sie die richtige Zahl ein!). Dabei sind \(a =\)<textEntryInteraction responseIdentifier="RESPONSE_1409556386447" expectedLength="3" />, \(b =\)<textEntryInteraction responseIdentifier="RESPONSE_1409556391330" expectedLength="3" /> und \(c=\)<textEntryInteraction responseIdentifier="RESPONSE_1409556858504" expectedLength="3" />. (Ist in der Lösungsmenge kein c vorhanden, geben Sie bitte \(c = 0\) ein!)</p><p><strong>Hinweis:  </strong>Geben Sie Brüche bitte wie folgt ein: \[\frac xy =\] <strong>x/y. </strong>Geben Sie bitte <strong>keine Kommazahlen</strong> ein!</p><p>                z.B. \[\tfrac13 =\] <strong>1/3</strong> und <span style="text-decoration: underline;">nicht</span> <strong>0.3333</strong>...!</p><p> </p></itemBody><responseProcessing><responseCondition><responseIf><equal toleranceMode="exact"><variable identifier="RESPONSE_1409556379256" /><correct identifier="RESPONSE_1409556379256" /></equal><setOutcomeValue identifier="SCORE"><sum><variable identifier="SCORE" /><baseValue baseType="float">1</baseValue></sum></setOutcomeValue></responseIf></responseCondition><responseCondition><responseIf><not><isNull><variable identifier="RESPONSE_1409556379256" /></isNull></not><setOutcomeValue identifier="FEEDBACKBASIC"><baseValue baseType="identifier">incorrect</baseValue></setOutcomeValue></responseIf></responseCondition><responseCondition><responseIf><customOperator definition="MAXIMA" value="is(equal(ev($(1)),ev($(2))));"><variable identifier="RESPONSE_1409556386447" /><correct identifier="RESPONSE_1409556386447" /></customOperator><setOutcomeValue identifier="SCORE"><sum><variable identifier="SCORE" /><baseValue baseType="float">1</baseValue></sum></setOutcomeValue></responseIf></responseCondition><responseCondition><responseIf><not><isNull><variable identifier="RESPONSE_1409556386447" /></isNull></not><setOutcomeValue identifier="FEEDBACKBASIC"><baseValue baseType="identifier">incorrect</baseValue></setOutcomeValue></responseIf></responseCondition><responseCondition><responseIf><customOperator definition="MAXIMA" value="is(equal(ev($(1)),ev($(2))));"><variable identifier="RESPONSE_1409556391330" /><correct identifier="RESPONSE_1409556391330" /></customOperator><setOutcomeValue identifier="SCORE"><sum><variable identifier="SCORE" /><baseValue baseType="float">1</baseValue></sum></setOutcomeValue></responseIf></responseCondition><responseCondition><responseIf><not><isNull><variable identifier="RESPONSE_1409556391330" /></isNull></not><setOutcomeValue identifier="FEEDBACKBASIC"><baseValue baseType="identifier">incorrect</baseValue></setOutcomeValue></responseIf></responseCondition><responseCondition><responseIf><customOperator definition="MAXIMA" value="is(equal(ev($(1)),ev($(2))));"><variable identifier="RESPONSE_1409556858504" /><correct identifier="RESPONSE_1409556858504" /></customOperator><setOutcomeValue identifier="SCORE"><sum><variable identifier="SCORE" /><baseValue baseType="float">1</baseValue></sum></setOutcomeValue></responseIf></responseCondition><responseCondition><responseIf><not><isNull><variable identifier="RESPONSE_1409556858504" /></isNull></not><setOutcomeValue identifier="FEEDBACKBASIC"><baseValue baseType="identifier">incorrect</baseValue></setOutcomeValue></responseIf></responseCondition><responseCondition><responseIf><and><not><match><variable identifier="FEEDBACKBASIC" /><baseValue baseType="identifier">empty</baseValue></match></not><equal toleranceMode="exact"><variable identifier="SCORE" /><variable identifier="MAXSCORE" /></equal></and><setOutcomeValue identifier="FEEDBACKBASIC"><baseValue baseType="identifier">correct</baseValue></setOutcomeValue></responseIf></responseCondition><responseCondition><responseIf><and><match><baseValue baseType="identifier">correct</baseValue><variable identifier="FEEDBACKBASIC" /></match></and><setOutcomeValue identifier="FEEDBACKMODAL"><multiple><variable identifier="FEEDBACKMODAL" /><baseValue baseType="identifier">Feedback2015696052</baseValue></multiple></setOutcomeValue></responseIf></responseCondition><responseCondition><responseIf><and><match><baseValue baseType="identifier">incorrect</baseValue><variable identifier="FEEDBACKBASIC" /></match></and><setOutcomeValue identifier="FEEDBACKMODAL"><multiple><variable identifier="FEEDBACKMODAL" /><baseValue baseType="identifier">Feedback1644317623</baseValue></multiple></setOutcomeValue></responseIf></responseCondition></responseProcessing><modalFeedback  identifier="Feedback2015696052" outcomeIdentifier="FEEDBACKMODAL" showHide="show" title="Richtig!"><p>Lösung:</p><p>$$\qquad\qquad\frac{<printedVariable identifier="a" />x + <printedVariable identifier="b" />}{|<printedVariable identifier="c" />x - <printedVariable identifier="d" />|} <printedVariable identifier="relation" /> <printedVariable identifier="e" /> \; \iff \; <printedVariable identifier="a" />x + <printedVariable identifier="b" /> <printedVariable identifier="relation" /> <printedVariable identifier="e" /> \cdot|<printedVariable identifier="c" />x - <printedVariable identifier="d" />|$$ </p><p> </p><p>$$1.\ Fall\ \Big(<printedVariable identifier="c" />x - <printedVariable identifier="d" /> &gt; 0,\ d.h. \ x &gt; \frac{<printedVariable identifier="d" />}{<printedVariable identifier="c" />}\Big):  \quad<printedVariable identifier="a" />x + <printedVariable identifier="b" /> <printedVariable identifier="relation" /> <printedVariable identifier="e" />(<printedVariable identifier="c" />x - <printedVariable identifier="d" />) \;\iff\; x <printedVariable identifier="help" /> \frac{<printedVariable identifier="b+de" />}{<printedVariable identifier="-a-ce" />}\qquad\qquad\qquad\quad \Rightarrow\mathcal L_1 = \Big\{x\in \mathbb R:x &gt; \frac{<printedVariable identifier="d" />}{<printedVariable identifier="c" />}\Big\} \cap \Big\{x\in \mathbb R:x <printedVariable identifier="help" /> \frac{<printedVariable identifier="b+de" />}{<printedVariable identifier="-a-ce" />}\Big\}$$</p><p>$$2.\ Fall\ \Big(<printedVariable identifier="c" />x - <printedVariable identifier="d" /> &lt; 0,\ d.h.  x &lt; \frac{<printedVariable identifier="d" />}{<printedVariable identifier="c" />}\Big):  \quad <printedVariable identifier="a" />x + <printedVariable identifier="b" /> <printedVariable identifier="relation" /> <printedVariable identifier="e" />(-<printedVariable identifier="c" />x + <printedVariable identifier="d" />)\;\iff\; x <printedVariable identifier="relation" /> \frac{<printedVariable identifier="de-b" />}{<printedVariable identifier="a+ce" />}\qquad\qquad\qquad \Rightarrow\mathcal L_2 = \Big\{x\in \mathbb R:x\ &lt; \frac{<printedVariable identifier="d" />}{<printedVariable identifier="c" />}\Big\} \cap \Big\{x\in \mathbb R:x <printedVariable identifier="relation" /> \frac{<printedVariable identifier="de-b" />}{<printedVariable identifier="a+ce" />}\Big\}$$</p><p> </p><p>$$\implies \mathcal L = \mathcal L_1 \cup \mathcal L_2$$</p><p>$$\;\text{d.h.  Form <printedVariable identifier="form" /> mit} \; a=\frac{<printedVariable identifier="de-b" />}{<printedVariable identifier="a+ce" />},  b=\frac{<printedVariable identifier="b+de" />}{<printedVariable identifier="-a-ce" />} \text{und } c=\frac{<printedVariable identifier="f" />}{<printedVariable identifier="c" />}$$</p></modalFeedback><modalFeedback  identifier="Feedback1644317623" outcomeIdentifier="FEEDBACKMODAL" showHide="show" title="Leider falsch!"><p>Lösung:</p><p>$$\qquad\qquad\frac{<printedVariable identifier="a" />x + <printedVariable identifier="b" />}{|<printedVariable identifier="c" />x - <printedVariable identifier="d" />|} <printedVariable identifier="relation" /> <printedVariable identifier="e" /> \; \iff \; <printedVariable identifier="a" />x + <printedVariable identifier="b" /> <printedVariable identifier="relation" /> <printedVariable identifier="e" /> \cdot|<printedVariable identifier="c" />x - <printedVariable identifier="d" />|$$ </p><p> </p><p>$$1.\ Fall\ \Big(<printedVariable identifier="c" />x - <printedVariable identifier="d" /> &gt; 0,\ d.h. \ x &gt; \frac{<printedVariable identifier="d" />}{<printedVariable identifier="c" />}\Big):  \quad<printedVariable identifier="a" />x + <printedVariable identifier="b" /> <printedVariable identifier="relation" /> <printedVariable identifier="e" />(<printedVariable identifier="c" />x - <printedVariable identifier="d" />) \;\iff\; x <printedVariable identifier="help" /> \frac{<printedVariable identifier="b+de" />}{<printedVariable identifier="-a-ce" />}\qquad\qquad\qquad\quad \Rightarrow\mathcal L_1 = \Big\{x\in \mathbb R:x &gt; \frac{<printedVariable identifier="d" />}{<printedVariable identifier="c" />}\Big\} \cap \Big\{x\in \mathbb R:x <printedVariable identifier="help" /> \frac{<printedVariable identifier="b+de" />}{<printedVariable identifier="-a-ce" />}\Big\}$$</p><p>$$2.\ Fall\ \Big(<printedVariable identifier="c" />x - <printedVariable identifier="d" /> &lt; 0,\ d.h.  x &lt; \frac{<printedVariable identifier="d" />}{<printedVariable identifier="c" />}\Big):  \quad <printedVariable identifier="a" />x + <printedVariable identifier="b" /> <printedVariable identifier="relation" /> <printedVariable identifier="e" />(-<printedVariable identifier="c" />x + <printedVariable identifier="d" />)\;\iff\; x <printedVariable identifier="relation" /> \frac{<printedVariable identifier="de-b" />}{<printedVariable identifier="a+ce" />}\qquad\qquad\qquad \Rightarrow\mathcal L_2 = \Big\{x\in \mathbb R:x\ &lt; \frac{<printedVariable identifier="d" />}{<printedVariable identifier="c" />}\Big\} \cap \Big\{x\in \mathbb R:x <printedVariable identifier="relation" /> \frac{<printedVariable identifier="de-b" />}{<printedVariable identifier="a+ce" />}\Big\}$$</p><p> </p><p>$$\implies \mathcal L = \mathcal L_1 \cup \mathcal L_2$$</p><p>$$\;\text{d.h.  Form <printedVariable identifier="form" /> mit} \; a=\frac{<printedVariable identifier="de-b" />}{<printedVariable identifier="a+ce" />},  b=\frac{<printedVariable identifier="b+de" />}{<printedVariable identifier="-a-ce" />} \text{und } c=\frac{<printedVariable identifier="f" />}{<printedVariable identifier="c" />}$$</p></modalFeedback></assessmentItem>
