<?xml version="1.0" encoding="UTF-8"?>
<manifest
	xmlns="http://www.imsglobal.org/xsd/imscp_v1p1"
	xmlns:xsi="http://www.w3.org/2001/XMLSchema-instance" 
	xsi:schemaLocation="http://www.imsglobal.org/xsd/imscp_v1p1 http://www.imsglobal.org/xsd/qti/qtiv2p1/qtiv2p1_imscpv1p2_v1p0.xsd 
											http://www.imsglobal.org/xsd/imsqti_v2p1 http://www.imsglobal.org/xsd/qti/qtiv2p1/imsqti_v2p1p1.xsd 
											http://www.imsglobal.org/xsd/imsqti_metadata_v2p1 http://www.imsglobal.org/xsd/qti/qtiv2p1/imsqti_metadata_v2p1p1.xsd
											http://ltsc.ieee.org/xsd/LOM http://www.imsglobal.org/xsd/imsmd_loose_v1p3p2.xsd"
	identifier="manifestID">
	<metadata>
		<schema>QTIv2.1 Package</schema>
    <schemaversion>1.0.0</schemaversion>
  </metadata>
	<organizations />
	<resources>
		<resource identifier="idbd5bbd67_74c4_4f07_b086_947e801d4841" type="imsqti_item_xmlv2p1" href="idbd5bbd67-74c4-4f07-b086-947e801d4841.xml"><metadata><lom xmlns="http://ltsc.ieee.org/xsd/LOM"><general ><identifier><entry>idbd5bbd67-74c4-4f07-b086-947e801d4841</entry></identifier><title><string language="de">betragsungleichung_05</string></title><language>de</language><description><string language="de"></string></description><keyword><string language="de">Betrag</string></keyword><keyword><string language="de">Betragsungleichung</string></keyword><keyword><string language="de">Ungleichung</string></keyword><keyword><string language="de">lineare Ungleichung</string></keyword></general><lifeCycle ><contribute><date><dateTime>2015-01-29T17:54:30</dateTime></date><role><source>LOMv1.0</source><value>author</value></role><entity>BEGIN:VCARD&#xD;
VERSION:4.0&#xD;
N;LANGUAGE=de:Nestler;Franziska;;;&#xD;
FN:Franziska Nestler&#xD;
EMAIL:franziska.nestler@mathematik.tu-chemnitz.de&#xD;
PRODID:ONYX Editor 5.9.14&#xD;
END:VCARD&#xD;
</entity></contribute></lifeCycle><educational ><learningResourceType><source>QTIv2.1</source><value>AssessmentItem</value></learningResourceType><difficulty><source>LOMv1.0</source><value></value></difficulty><typicalLearningTime><duration></duration></typicalLearningTime></educational><classification ><purpose><source>LOMv1.0</source><value>discipline</value></purpose><taxonPath><source><string language="de">Unknown</string></source><taxon><entry><string language="de">Mathematik.Grundlagen.Ungleichungen und Beträge</string></entry></taxon></taxonPath></classification><classification ><purpose><source>LOMv1.0</source><value>competency</value></purpose><taxonPath><source><string language="de">Module</string></source><taxon><entry><string language="de"></string></entry></taxon></taxonPath></classification><classification ><purpose><source>LOMv1.0</source><value>educational objective</value></purpose><taxonPath><source><string language="de">Bloom's taxonomy</string></source><taxon><entry><string language="de"></string></entry></taxon></taxonPath></classification><classification ><purpose><source>LOMv1.0</source><value>target audience</value></purpose><taxonPath><source><string language="de">Unknown</string></source><taxon><entry><string language="de"></string></entry></taxon></taxonPath></classification><qtiMetadata xmlns="http://www.imsglobal.org/xsd/imsqti_metadata_v2p1"><interactionType >textEntryInteraction</interactionType><toolName >ONYX Editor</toolName><toolVersion >5.9.5</toolVersion><toolVendor >BPS Bildungsportal Sachsen GmbH</toolVendor></qtiMetadata></lom></metadata><file href="idbd5bbd67-74c4-4f07-b086-947e801d4841.xml" /></resource>
	</resources>
</manifest>
