<?xml version="1.0" encoding="UTF-8"?>
<assessmentItem xmlns="http://www.imsglobal.org/xsd/imsqti_v2p1" xmlns:xsi="http://www.w3.org/2001/XMLSchema-instance" xsi:schemaLocation="http://www.imsglobal.org/xsd/imsqti_v2p1 http://www.imsglobal.org/xsd/qti/qtiv2p1/imsqti_v2p1p1.xsd http://www.w3.org/1998/Math/MathML http://www.w3.org/Math/XMLSchema/mathml2/mathml2.xsd" identifier="id104c4329-d29d-471e-bed3-eefc37bdf642" title="fallunterscheidung_betrag_02" adaptive="false" timeDependent="false"><responseDeclaration identifier="RESPONSE_1422607952806" cardinality="single" baseType="string" /><responseDeclaration identifier="RESPONSE_1422607975499" cardinality="single" baseType="string" /><responseDeclaration identifier="RESPONSE_1422608006486" cardinality="single" baseType="string" /><responseDeclaration identifier="RESPONSE_1422608085126" cardinality="single" baseType="string" /><responseDeclaration identifier="RESPONSE_1422608107466" cardinality="single" baseType="string" /><outcomeDeclaration identifier="SCORE" cardinality="single" baseType="float"><defaultValue><value>0</value></defaultValue></outcomeDeclaration><outcomeDeclaration identifier="MAXSCORE" cardinality="single" baseType="float"><defaultValue><value>5</value></defaultValue></outcomeDeclaration><outcomeDeclaration identifier="FEEDBACKBASIC" cardinality="single" baseType="identifier" view="testConstructor"><defaultValue><value>empty</value></defaultValue></outcomeDeclaration><outcomeDeclaration identifier="FEEDBACKMODAL" cardinality="multiple" baseType="identifier" view="testConstructor" /><templateDeclaration identifier="a" cardinality="single" baseType="integer" /><templateDeclaration identifier="b" cardinality="single" baseType="integer" /><templateDeclaration identifier="a-2x+b-x" cardinality="single" baseType="string" /><templateDeclaration identifier="2x-a+b-x" cardinality="single" baseType="string" /><templateDeclaration identifier="2x-a+x-b" cardinality="single" baseType="string" /><templateProcessing><setTemplateValue identifier="a"><randomInteger min="1" max="9" step="2" /></setTemplateValue><setTemplateValue identifier="b"><randomInteger min="5" max="12" /></setTemplateValue><setTemplateValue identifier="a-2x+b-x"><customOperator definition="MAXIMA" value="tex1($(1)-2*x+$(2)-x)"><variable identifier="a" /><variable identifier="b" /></customOperator></setTemplateValue><setTemplateValue identifier="2x-a+b-x"><customOperator definition="MAXIMA" value="tex1(2*x-$(1)+$(2)-x)"><variable identifier="a" /><variable identifier="b" /></customOperator></setTemplateValue><setTemplateValue identifier="2x-a+x-b"><customOperator definition="MAXIMA" value="tex1(2*x-$(1)+x-$(2))"><variable identifier="a" /><variable identifier="b" /></customOperator></setTemplateValue><setCorrectResponse identifier="RESPONSE_1422607952806"><customOperator definition="VARIABLESTRING" value="$(1)+$(2)-3*x"><variable identifier="a" /><variable identifier="b" /></customOperator></setCorrectResponse><setCorrectResponse identifier="RESPONSE_1422607975499"><customOperator definition="VARIABLESTRING" value="x-$(1)+$(2)"><variable identifier="a" /><variable identifier="b" /></customOperator></setCorrectResponse><setCorrectResponse identifier="RESPONSE_1422608006486"><customOperator definition="VARIABLESTRING" value="3*x-$(1)-$(2)"><variable identifier="a" /><variable identifier="b" /></customOperator></setCorrectResponse><setCorrectResponse identifier="RESPONSE_1422608085126"><customOperator definition="VARIABLESTRING" value="$(1)/2"><variable identifier="a" /></customOperator></setCorrectResponse><setCorrectResponse identifier="RESPONSE_1422608107466"><customOperator definition="VARIABLESTRING" value="$(1)"><variable identifier="b" /></customOperator></setCorrectResponse></templateProcessing><itemBody ><p>Lösen Sie den Betrag auf und ergänzen Sie entsprechend die folgende Fallunterscheidung!</p><table><tbody><tr><td><p><span style="font-size: 10pt;">$$|2x-<printedVariable identifier="a" />|+|x-<printedVariable identifier="b" />|=$$ <textEntryInteraction responseIdentifier="RESPONSE_1422607952806" expectedLength="5" class="maxima-formula show-latex" /> für $$x&lt;a$$<br /></span></p><p><span style="font-size: 10pt;"> $$|2x-<printedVariable identifier="a" />|+|x-<printedVariable identifier="b" />|=$$ <textEntryInteraction responseIdentifier="RESPONSE_1422607975499" expectedLength="5" class="maxima-formula show-latex" /> für $$a\leq x&lt;b$$<br /></span></p><p><span style="font-size: 10pt;">$$|2x-<printedVariable identifier="a" />|+|x-<printedVariable identifier="b" />|=$$ <textEntryInteraction responseIdentifier="RESPONSE_1422608006486" expectedLength="5" class="maxima-formula show-latex" /> für $$x\geq b$$<br /></span></p></td><td>            mit $$a=$$ <textEntryInteraction responseIdentifier="RESPONSE_1422608085126" expectedLength="3" /> und $$b=$$ <textEntryInteraction responseIdentifier="RESPONSE_1422608107466" expectedLength="3" /></td></tr></tbody></table><p><strong>Hinweise:</strong></p><ul><li><span style="font-size: 10pt;">Sie können Brüche wiefolt eingeben: \(\frac xy=\)<strong> x/y. </strong>Geben Sie bitte <strong>keine Kommazahlen</strong> ein.</span></li><li><span style="font-size: 10pt;">Multplikation: \(xy=x\cdot y=\) <strong>x*y</strong>, z.B. \(5x=\) <strong>5*x</strong>. <strong>Bitte keine Malzeichen vergessen!</strong></span></li><li><span style="font-size: 10pt;">Beispiele: \(17y-8=\) <strong>17*y - 8</strong>, \(\frac 3{10}=\) <strong>3/10</strong>.</span></li></ul></itemBody><responseProcessing><responseCondition><responseIf><customOperator definition="MAXIMA" value="is(equal(ev($(1)),ev($(2))));" caseSensitive="false"><variable identifier="RESPONSE_1422607952806" /><correct identifier="RESPONSE_1422607952806" /></customOperator><setOutcomeValue identifier="SCORE"><sum><variable identifier="SCORE" /><baseValue baseType="float">1</baseValue></sum></setOutcomeValue></responseIf></responseCondition><responseCondition><responseIf><not><isNull><variable identifier="RESPONSE_1422607952806" /></isNull></not><setOutcomeValue identifier="FEEDBACKBASIC"><baseValue baseType="identifier">incorrect</baseValue></setOutcomeValue></responseIf></responseCondition><responseCondition><responseIf><customOperator definition="MAXIMA" value="is(equal(ev($(1)),ev($(2))));" caseSensitive="false"><variable identifier="RESPONSE_1422607975499" /><correct identifier="RESPONSE_1422607975499" /></customOperator><setOutcomeValue identifier="SCORE"><sum><variable identifier="SCORE" /><baseValue baseType="float">1</baseValue></sum></setOutcomeValue></responseIf></responseCondition><responseCondition><responseIf><not><isNull><variable identifier="RESPONSE_1422607975499" /></isNull></not><setOutcomeValue identifier="FEEDBACKBASIC"><baseValue baseType="identifier">incorrect</baseValue></setOutcomeValue></responseIf></responseCondition><responseCondition><responseIf><customOperator definition="MAXIMA" value="is(equal(ev($(1)),ev($(2))));" caseSensitive="false"><variable identifier="RESPONSE_1422608006486" /><correct identifier="RESPONSE_1422608006486" /></customOperator><setOutcomeValue identifier="SCORE"><sum><variable identifier="SCORE" /><baseValue baseType="float">1</baseValue></sum></setOutcomeValue></responseIf></responseCondition><responseCondition><responseIf><not><isNull><variable identifier="RESPONSE_1422608006486" /></isNull></not><setOutcomeValue identifier="FEEDBACKBASIC"><baseValue baseType="identifier">incorrect</baseValue></setOutcomeValue></responseIf></responseCondition><responseCondition><responseIf><customOperator definition="MAXIMA" value="is(equal(ev($(1)),ev($(2))));" caseSensitive="false"><variable identifier="RESPONSE_1422608085126" /><correct identifier="RESPONSE_1422608085126" /></customOperator><setOutcomeValue identifier="SCORE"><sum><variable identifier="SCORE" /><baseValue baseType="float">1</baseValue></sum></setOutcomeValue></responseIf></responseCondition><responseCondition><responseIf><not><isNull><variable identifier="RESPONSE_1422608085126" /></isNull></not><setOutcomeValue identifier="FEEDBACKBASIC"><baseValue baseType="identifier">incorrect</baseValue></setOutcomeValue></responseIf></responseCondition><responseCondition><responseIf><customOperator definition="MAXIMA" value="is(equal(ev($(1)),ev($(2))));" caseSensitive="false"><variable identifier="RESPONSE_1422608107466" /><correct identifier="RESPONSE_1422608107466" /></customOperator><setOutcomeValue identifier="SCORE"><sum><variable identifier="SCORE" /><baseValue baseType="float">1</baseValue></sum></setOutcomeValue></responseIf></responseCondition><responseCondition><responseIf><not><isNull><variable identifier="RESPONSE_1422608107466" /></isNull></not><setOutcomeValue identifier="FEEDBACKBASIC"><baseValue baseType="identifier">incorrect</baseValue></setOutcomeValue></responseIf></responseCondition><responseCondition><responseIf><and><not><match><variable identifier="FEEDBACKBASIC" /><baseValue baseType="identifier">empty</baseValue></match></not><equal toleranceMode="exact"><variable identifier="SCORE" /><variable identifier="MAXSCORE" /></equal></and><setOutcomeValue identifier="FEEDBACKBASIC"><baseValue baseType="identifier">correct</baseValue></setOutcomeValue></responseIf></responseCondition><responseCondition><responseIf><and><match><baseValue baseType="identifier">correct</baseValue><variable identifier="FEEDBACKBASIC" /></match></and><setOutcomeValue identifier="FEEDBACKMODAL"><multiple><variable identifier="FEEDBACKMODAL" /><baseValue baseType="identifier">Feedback605559595</baseValue></multiple></setOutcomeValue></responseIf></responseCondition><responseCondition><responseIf><and><match><baseValue baseType="identifier">incorrect</baseValue><variable identifier="FEEDBACKBASIC" /></match></and><setOutcomeValue identifier="FEEDBACKMODAL"><multiple><variable identifier="FEEDBACKMODAL" /><baseValue baseType="identifier">Feedback474685999</baseValue></multiple></setOutcomeValue></responseIf></responseCondition></responseProcessing><modalFeedback  identifier="Feedback605559595" outcomeIdentifier="FEEDBACKMODAL" showHide="show" title="Richtig!"><p>Der Betrag ist wiefolgt definiert.</p><p>$$|x|:=\begin{cases}x&amp;\text{für } x\geq0\\-x &amp;\text{für } x&lt;0\end{cases}.$$</p><p>Damit erhält man</p><table><tbody><tr><td>$$|2x-<printedVariable identifier="a" />|=\begin{cases}2x-<printedVariable identifier="a" />&amp;\text{für } x\geq\frac{<printedVariable identifier="a" />}2\\<printedVariable identifier="a" />-2x &amp;\text{für } x&lt;\frac{<printedVariable identifier="a" />}2\end{cases},$$</td><td>    $$|x-<printedVariable identifier="b" />|=\begin{cases}x-<printedVariable identifier="b" />&amp;\text{für } x\geq<printedVariable identifier="b" />\\<printedVariable identifier="b" />-x &amp;\text{für } x&lt;<printedVariable identifier="b" />\end{cases}.$$</td></tr></tbody></table><p>Also ist</p><p>$$|2x-<printedVariable identifier="a" />|+|x-<printedVariable identifier="b" />|=\begin{cases}<printedVariable identifier="a-2x+b-x" />&amp;: x&lt;\frac{<printedVariable identifier="a" />}2\\<printedVariable identifier="2x-a+b-x" />&amp;:\frac{<printedVariable identifier="a" />}2\leq x&lt;<printedVariable identifier="b" />\\<printedVariable identifier="2x-a+x-b" />&amp;:x\geq<printedVariable identifier="b" />\end{cases}$$</p><p>d.h. \[a=\frac{<printedVariable identifier="a" />}2\] und $$b=<printedVariable identifier="b" />$$.</p></modalFeedback><modalFeedback  identifier="Feedback474685999" outcomeIdentifier="FEEDBACKMODAL" showHide="show" title="Leider (nicht vollständig) richtig!"><p>Der Betrag ist wiefolgt definiert.</p><p>$$|x|:=\begin{cases}x&amp;\text{für } x\geq0\\-x &amp;\text{für } x&lt;0\end{cases}.$$</p><p>Damit erhält man</p><table><tbody><tr><td>$$|2x-<printedVariable identifier="a" />|=\begin{cases}2x-<printedVariable identifier="a" />&amp;\text{für } x\geq\frac{<printedVariable identifier="a" />}2\\<printedVariable identifier="a" />-2x &amp;\text{für } x&lt;\frac{<printedVariable identifier="a" />}2\end{cases},$$</td><td>    $$|x-<printedVariable identifier="b" />|=\begin{cases}x-<printedVariable identifier="b" />&amp;\text{für } x\geq<printedVariable identifier="b" />\\<printedVariable identifier="b" />-x &amp;\text{für } x&lt;<printedVariable identifier="b" />\end{cases}.$$</td></tr></tbody></table><p>Also ist</p><p>$$|2x-<printedVariable identifier="a" />|+|x-<printedVariable identifier="b" />|=\begin{cases}<printedVariable identifier="a-2x+b-x" />&amp;: x&lt;\frac{<printedVariable identifier="a" />}2\\<printedVariable identifier="2x-a+b-x" />&amp;:\frac{<printedVariable identifier="a" />}2\leq x&lt;<printedVariable identifier="b" />\\<printedVariable identifier="2x-a+x-b" />&amp;:x\geq<printedVariable identifier="b" />\end{cases}$$</p><p>d.h. \[a=\frac{<printedVariable identifier="a" />}2\] und $$b=<printedVariable identifier="b" />$$.</p></modalFeedback></assessmentItem>
