<?xml version="1.0" encoding="UTF-8"?>
<assessmentItem xmlns="http://www.imsglobal.org/xsd/imsqti_v2p1" xmlns:xsi="http://www.w3.org/2001/XMLSchema-instance" xsi:schemaLocation="http://www.imsglobal.org/xsd/imsqti_v2p1 http://www.imsglobal.org/xsd/qti/qtiv2p1/imsqti_v2p1p1.xsd http://www.w3.org/1998/Math/MathML http://www.w3.org/Math/XMLSchema/mathml2/mathml2.xsd" identifier="id7e8fb199-48e1-496d-ab4c-adbafaeea304" title="ComplexPlane" adaptive="false" timeDependent="false"><responseDeclaration identifier="RESPONSE_1" cardinality="multiple" baseType="directedPair"><correctResponse><value>id93d8aa71-9f7d-4579-9fac-2be8e525b518 id69ebdc02-7508-45f3-b13f-f90e0eed5c37</value><value>id0c2e7b0f-1c6c-44a8-a596-b36f164f90e9 id243c9c06-1e38-4da5-b362-1730eb4f7f07</value><value>ida83c7060-da5f-4d48-9237-9a3acd84ff00 idcabdc985-15cf-4d14-9f69-01652f6f1937</value><value>ida50bae64-bdfd-4c9e-8277-20d33c10cfc7 ided867857-36b2-4738-b882-4be32818c956</value><value>idfd15d229-8b6a-4ab9-8bdb-32c5374cdd13 id48ad4987-9b84-41ba-80fa-5a0aeb826463</value><value>id5f96fdfc-193c-4715-854e-62313cc2156f idb811d7e1-f52d-4920-94b4-b3302f1f8640</value><value>id5d72c337-a4ab-44a3-ad66-0223bbfc8884 id4fa9ef9b-005a-4c8d-8892-179ec27f02c8</value><value>id0e2db613-c6d6-40a0-bac7-443774216891 id5913132d-a02a-4ef6-a88b-5edfa5307335</value><value>id9285d1a9-3e65-4dfc-a091-dff86cb0b209 id8954ef47-10e2-416a-9004-40b8aff311dc</value></correctResponse><mapping defaultValue="0" lowerBound="0.0"><mapEntry mapKey="id0e2db613-c6d6-40a0-bac7-443774216891 id5913132d-a02a-4ef6-a88b-5edfa5307335" mappedValue="1" /><mapEntry mapKey="idfd15d229-8b6a-4ab9-8bdb-32c5374cdd13 id48ad4987-9b84-41ba-80fa-5a0aeb826463" mappedValue="1" /><mapEntry mapKey="ida50bae64-bdfd-4c9e-8277-20d33c10cfc7 ided867857-36b2-4738-b882-4be32818c956" mappedValue="1" /><mapEntry mapKey="id9285d1a9-3e65-4dfc-a091-dff86cb0b209 id8954ef47-10e2-416a-9004-40b8aff311dc" mappedValue="1" /><mapEntry mapKey="id0c2e7b0f-1c6c-44a8-a596-b36f164f90e9 id243c9c06-1e38-4da5-b362-1730eb4f7f07" mappedValue="1" /><mapEntry mapKey="ida83c7060-da5f-4d48-9237-9a3acd84ff00 idcabdc985-15cf-4d14-9f69-01652f6f1937" mappedValue="1" /><mapEntry mapKey="id93d8aa71-9f7d-4579-9fac-2be8e525b518 id69ebdc02-7508-45f3-b13f-f90e0eed5c37" mappedValue="1" /><mapEntry mapKey="id5f96fdfc-193c-4715-854e-62313cc2156f idb811d7e1-f52d-4920-94b4-b3302f1f8640" mappedValue="1" /><mapEntry mapKey="id5d72c337-a4ab-44a3-ad66-0223bbfc8884 id4fa9ef9b-005a-4c8d-8892-179ec27f02c8" mappedValue="1" /></mapping></responseDeclaration><outcomeDeclaration identifier="SCORE" cardinality="single" baseType="float"><defaultValue><value>0</value></defaultValue></outcomeDeclaration><outcomeDeclaration identifier="MAXSCORE" cardinality="single" baseType="float"><defaultValue><value>9</value></defaultValue></outcomeDeclaration><outcomeDeclaration identifier="FEEDBACKBASIC" cardinality="single" baseType="identifier" view="testConstructor"><defaultValue><value>empty</value></defaultValue></outcomeDeclaration><outcomeDeclaration identifier="FEEDBACKMODAL" cardinality="multiple" baseType="identifier" view="testConstructor" /><itemBody ><p>Which subsets of the complex plain correspond to the complex numbers with the following properties.</p><matchInteraction responseIdentifier="RESPONSE_1" shuffle="true" maxAssociations="0"><simpleMatchSet><simpleAssociableChoice identifier="id0e2db613-c6d6-40a0-bac7-443774216891" fixed="false" matchMax="1"><p>\({\rm Re}\,z = {\rm Im} z\)</p></simpleAssociableChoice><simpleAssociableChoice identifier="idfd15d229-8b6a-4ab9-8bdb-32c5374cdd13" fixed="false" matchMax="1"><p>\({\rm Re}\,z &lt; 1\)</p></simpleAssociableChoice><simpleAssociableChoice identifier="ida50bae64-bdfd-4c9e-8277-20d33c10cfc7" fixed="false" matchMax="1"><p>\(-1 \le {\rm Re}\,z \le 1\)</p></simpleAssociableChoice><simpleAssociableChoice identifier="id9285d1a9-3e65-4dfc-a091-dff86cb0b209" fixed="false" matchMax="1"><p>\({\rm Im}\,z \ge 0\)</p></simpleAssociableChoice><simpleAssociableChoice identifier="id0c2e7b0f-1c6c-44a8-a596-b36f164f90e9" fixed="false" matchMax="1"><p>\(|z| \le 2\)</p></simpleAssociableChoice><simpleAssociableChoice identifier="ida83c7060-da5f-4d48-9237-9a3acd84ff00" fixed="false" matchMax="1"><p>\(1 &lt; |z| &lt; 3\)</p></simpleAssociableChoice><simpleAssociableChoice identifier="id93d8aa71-9f7d-4579-9fac-2be8e525b518" fixed="false" matchMax="1"><p>\(|z| &gt; 2\)</p></simpleAssociableChoice><simpleAssociableChoice identifier="id5f96fdfc-193c-4715-854e-62313cc2156f" fixed="false" matchMax="1"><p>\(-\pi &lt; \arg z &lt; \pi\)</p></simpleAssociableChoice><simpleAssociableChoice identifier="id5d72c337-a4ab-44a3-ad66-0223bbfc8884" fixed="false" matchMax="1"><p>\(\frac{\pi}{6} &lt; \arg z &lt; \frac{\pi}{4}\)</p></simpleAssociableChoice></simpleMatchSet><simpleMatchSet><simpleAssociableChoice identifier="id5913132d-a02a-4ef6-a88b-5edfa5307335" fixed="false" matchMax="1"><p><img src="media%2Fmedium8915659606440679089figure-1.1.png" alt="Figure1.1" width="200" height="200" /></p></simpleAssociableChoice><simpleAssociableChoice identifier="id48ad4987-9b84-41ba-80fa-5a0aeb826463" fixed="false" matchMax="1"><p><img src="media%2Fmedium2764891840234746450figure-1.2.png" alt="Figure1.2" width="200" height="200" /></p></simpleAssociableChoice><simpleAssociableChoice identifier="ided867857-36b2-4738-b882-4be32818c956" fixed="false" matchMax="1"><p>t<img src="media%2Fmedium5129216994067518350figure-1.3.png" alt="Figure1.3" width="200" height="200" /></p></simpleAssociableChoice><simpleAssociableChoice identifier="id8954ef47-10e2-416a-9004-40b8aff311dc" fixed="false" matchMax="1"><p><img src="media%2Fmedium3315228438628817527figure-1.4.png" alt="Figure1.4" width="200" height="200" /></p></simpleAssociableChoice><simpleAssociableChoice identifier="id243c9c06-1e38-4da5-b362-1730eb4f7f07" fixed="false" matchMax="1"><p><img src="media%2Fmedium6700384107778691042figure-1.5.png" alt="Figure1.5" width="200" height="200" /></p></simpleAssociableChoice><simpleAssociableChoice identifier="idcabdc985-15cf-4d14-9f69-01652f6f1937" fixed="false" matchMax="1"><p><img src="media%2Fmedium5017238691686082311figure-1.6.png" alt="Figure1.6" width="200" height="200" /></p></simpleAssociableChoice><simpleAssociableChoice identifier="id69ebdc02-7508-45f3-b13f-f90e0eed5c37" fixed="false" matchMax="1"><p><img src="media%2Fmedium5760456497808054853figure-1.7.png" alt="Figure1.7" width="200" height="200" /></p></simpleAssociableChoice><simpleAssociableChoice identifier="idb811d7e1-f52d-4920-94b4-b3302f1f8640" fixed="false" matchMax="1"><p><img src="media%2Fmedium4785300153915614166figure-1.8.png" alt="Figure1.8" width="200" height="200" /></p></simpleAssociableChoice><simpleAssociableChoice identifier="id4fa9ef9b-005a-4c8d-8892-179ec27f02c8" fixed="false" matchMax="1"><p><img src="media%2Fmedium2985891973231792184figure-1.9.png" alt="Figure1.9" width="200" height="200" /></p></simpleAssociableChoice></simpleMatchSet></matchInteraction></itemBody><responseProcessing><responseCondition><responseIf><not><isNull><variable identifier="RESPONSE_1" /></isNull></not><setOutcomeValue identifier="SCORE"><sum><variable identifier="SCORE" /><mapResponse identifier="RESPONSE_1" /></sum></setOutcomeValue><setOutcomeValue identifier="FEEDBACKBASIC"><baseValue baseType="identifier">incorrect</baseValue></setOutcomeValue></responseIf></responseCondition><responseCondition><responseIf><and><not><match><variable identifier="FEEDBACKBASIC" /><baseValue baseType="identifier">empty</baseValue></match></not><equal toleranceMode="exact"><variable identifier="SCORE" /><variable identifier="MAXSCORE" /></equal></and><setOutcomeValue identifier="FEEDBACKBASIC"><baseValue baseType="identifier">correct</baseValue></setOutcomeValue></responseIf></responseCondition><responseCondition><responseIf><and><match><baseValue baseType="identifier">incorrect</baseValue><variable identifier="FEEDBACKBASIC" /></match></and><setOutcomeValue identifier="FEEDBACKMODAL"><multiple><variable identifier="FEEDBACKMODAL" /><baseValue baseType="identifier">Feedback782456621</baseValue></multiple></setOutcomeValue></responseIf></responseCondition></responseProcessing><modalFeedback  identifier="Feedback782456621" outcomeIdentifier="FEEDBACKMODAL" showHide="show"><p>Solution.<br />a) \({\rm Re}\,z = {\rm Im}\,z \Leftrightarrow z = y\), where \(z = x + iy\).<br />The desired subset consists of the points of the straight line \(y = x\), see Figure 1.1.</p><p>b) \({\rm Re}\,z &lt; 1 \Leftrightarrow x &lt; 1\) and \(y\) is an arbitrary real number, where \(z = z + iy\). The desired subset is the half plane left from<br />the straight line \(x = 1\) (without the points of this straight line), see Figure 1.2.</p><p>c) \(-1 \le {\rm Re}\,z \le 1\) means \(-1 \le x \le 1\) and \(y\) is an arbitrary real number. The desired subset is the strip between straight lines<br />\(x = -1\) and \(x = 1\), see Figure 1.3.</p><p>d) \({\rm Im}\,z \ge 0\) means \(y \ge 0\) and \(x\) is an arbitrary real number. The desired subset is the upper half plane with respect to the \(x\)-axis, see Figure 1.4.<br /><br />e) The condition \(|z| \le 2\), using the trigonometric representation of the complex number \(z = (\rho,\theta)\), reduced on \(|z| = \rho \le 2\) and \(\theta\)<br />is an arbitrary angle from \([0,2\pi]\). The desired subset is the disc with center at \((0,0)\) and radius \(r = 2\), see Figure 1.5.<br /><br />f) The case \(1 &lt; |z| &lt; \)$ reduces in a similar way as in e) on \(1 &lt; |z| = \rho &lt; 3\), where \(\theta\) is an arbitrary angle form the interval \([0,2\pi]\).  The desired subset is the annulus between the circles \(|z| = 1\) and \(|z| = 3\) without these circles, see Figure 1.6.<br /><br />g) For the case \(|z| &gt; 2\) we have \(|z| = \rho &gt; 2, \theta \in [0,2\pi]\). Therefore the desired subset is the whole complex plane without the disc \(|z| \le 2\), see Figure 1.7.<br /><br />h) The condition \(-\pi &lt; \arg z &lt; \pi\) implies that \(\rho\) is arbitrary and \(-\pi &lt; \theta &lt; \pi\). Therefore the desired subset is the whole complex plane without the negative part of the real axis, see Figure 1.8.<br /><br />i) The condition \(\pi/6 &lt; \arg z &lt; \pi/4\) implies that \(\rho\) is arbitrary and \(\theta \in (\pi/6,\pi/4)\). The desired subset are the points between half straight lines \(y = x \cdot \tan \frac{\pi}{6}\) and \(y = x \cdot \tan \frac{\pi}{4}\) without these half straight lines, see Figure 1.9.</p></modalFeedback></assessmentItem>
