<?xml version="1.0" encoding="UTF-8"?>
<assessmentItem xmlns="http://www.imsglobal.org/xsd/imsqti_v2p1" xmlns:xsi="http://www.w3.org/2001/XMLSchema-instance" xsi:schemaLocation="http://www.imsglobal.org/xsd/imsqti_v2p1 http://www.imsglobal.org/xsd/qti/qtiv2p1/imsqti_v2p1p1.xsd http://www.w3.org/1998/Math/MathML http://www.w3.org/Math/XMLSchema/mathml2/mathml2.xsd" identifier="idf8f84292-eb4c-4103-a70f-c0b55283df78" title="geometrische_reihe_01" adaptive="false" timeDependent="false"><imsqti:responseDeclaration xmlns:imsqti="http://www.imsglobal.org/xsd/imsqti_v2p1" identifier="RESPONSE_1389891719507" cardinality="single" baseType="float"><imsqti:correctResponse><imsqti:value>0</imsqti:value></imsqti:correctResponse></imsqti:responseDeclaration><imsqti:outcomeDeclaration xmlns:imsqti="http://www.imsglobal.org/xsd/imsqti_v2p1" identifier="SCORE" cardinality="single" baseType="float"><imsqti:defaultValue><imsqti:value>0</imsqti:value></imsqti:defaultValue></imsqti:outcomeDeclaration><imsqti:outcomeDeclaration xmlns:imsqti="http://www.imsglobal.org/xsd/imsqti_v2p1" identifier="MAXSCORE" cardinality="single" baseType="float"><imsqti:defaultValue><imsqti:value>1</imsqti:value></imsqti:defaultValue></imsqti:outcomeDeclaration><imsqti:outcomeDeclaration xmlns:imsqti="http://www.imsglobal.org/xsd/imsqti_v2p1" identifier="FEEDBACKBASIC" cardinality="single" baseType="identifier" view="testConstructor"><imsqti:defaultValue><imsqti:value>empty</imsqti:value></imsqti:defaultValue></imsqti:outcomeDeclaration><imsqti:templateDeclaration xmlns:imsqti="http://www.imsglobal.org/xsd/imsqti_v2p1" identifier="n" cardinality="single" baseType="integer" /><imsqti:templateDeclaration xmlns:imsqti="http://www.imsglobal.org/xsd/imsqti_v2p1" identifier="n1" cardinality="single" baseType="float" /><imsqti:templateProcessing xmlns:imsqti="http://www.imsglobal.org/xsd/imsqti_v2p1"><imsqti:setTemplateValue identifier="n"><imsqti:randomInteger min="3" max="13" /></imsqti:setTemplateValue><imsqti:setTemplateValue identifier="n1"><imsqti:customOperator definition="MAXIMA" value="float($(1)-1);"><imsqti:variable identifier="n" /></imsqti:customOperator></imsqti:setTemplateValue><imsqti:setCorrectResponse identifier="RESPONSE_1389891719507"><imsqti:variable identifier="n" /></imsqti:setCorrectResponse></imsqti:templateProcessing><itemBody ><p>Berechnen Sie die folgende Summe!</p><p>\(\displaystyle\sum_{n=0}^\infty \left(\frac{<printedVariable identifier="n1" />}{<printedVariable identifier="n" />}\right)^n\) = <textEntryInteraction responseIdentifier="RESPONSE_1389891719507" /></p></itemBody><imsqti:responseProcessing xmlns:imsqti="http://www.imsglobal.org/xsd/imsqti_v2p1"><imsqti:responseCondition><imsqti:responseIf><imsqti:equal toleranceMode="exact"><imsqti:variable identifier="RESPONSE_1389891719507" /><imsqti:correct identifier="RESPONSE_1389891719507" /></imsqti:equal><imsqti:setOutcomeValue identifier="SCORE"><imsqti:sum><imsqti:variable identifier="SCORE" /><imsqti:baseValue baseType="float">1</imsqti:baseValue></imsqti:sum></imsqti:setOutcomeValue></imsqti:responseIf></imsqti:responseCondition><imsqti:responseCondition><imsqti:responseIf><imsqti:not><imsqti:isNull><imsqti:variable identifier="RESPONSE_1389891719507" /></imsqti:isNull></imsqti:not><imsqti:setOutcomeValue identifier="FEEDBACKBASIC"><imsqti:baseValue baseType="identifier">incorrect</imsqti:baseValue></imsqti:setOutcomeValue></imsqti:responseIf></imsqti:responseCondition><imsqti:responseCondition><imsqti:responseIf><imsqti:and><imsqti:not><imsqti:match><imsqti:variable identifier="FEEDBACKBASIC" /><imsqti:baseValue baseType="identifier">empty</imsqti:baseValue></imsqti:match></imsqti:not><imsqti:equal toleranceMode="exact"><imsqti:variable identifier="SCORE" /><imsqti:variable identifier="MAXSCORE" /></imsqti:equal></imsqti:and><imsqti:setOutcomeValue identifier="FEEDBACKBASIC"><imsqti:baseValue baseType="identifier">correct</imsqti:baseValue></imsqti:setOutcomeValue></imsqti:responseIf></imsqti:responseCondition></imsqti:responseProcessing></assessmentItem>
