<?xml version="1.0" encoding="UTF-8"?>
<assessmentItem xmlns="http://www.imsglobal.org/xsd/imsqti_v2p1" xmlns:xsi="http://www.w3.org/2001/XMLSchema-instance" xsi:schemaLocation="http://www.imsglobal.org/xsd/imsqti_v2p1 http://www.imsglobal.org/xsd/qti/qtiv2p1/imsqti_v2p1p1.xsd http://www.w3.org/1998/Math/MathML http://www.w3.org/Math/XMLSchema/mathml2/mathml2.xsd" identifier="idd09616c9-8349-410f-ad68-c99382a939df" title="integral_cosinus_01" adaptive="false" timeDependent="false"><responseDeclaration identifier="RESPONSE_1408442869634" cardinality="single" baseType="float"><correctResponse><value>2</value></correctResponse></responseDeclaration><outcomeDeclaration identifier="SCORE" cardinality="single" baseType="float"><defaultValue><value>0</value></defaultValue></outcomeDeclaration><outcomeDeclaration identifier="MAXSCORE" cardinality="single" baseType="float"><defaultValue><value>1</value></defaultValue></outcomeDeclaration><outcomeDeclaration identifier="FEEDBACKBASIC" cardinality="single" baseType="identifier" view="testConstructor"><defaultValue><value>empty</value></defaultValue></outcomeDeclaration><outcomeDeclaration identifier="FEEDBACKMODAL" cardinality="multiple" baseType="identifier" view="testConstructor" /><itemBody ><p>Berechnen Sie die Fläche $$A$$ zwischen dem Graphen der Funktion $$\cos(x)$$ und der \(x\)-Achse über dem Intervall $$[0,\pi]$$.</p><p><strong>Ergebnis:</strong> $$A=$$ <textEntryInteraction responseIdentifier="RESPONSE_1408442869634" expectedLength="3" /></p></itemBody><responseProcessing><responseCondition><responseIf><equal toleranceMode="exact"><variable identifier="RESPONSE_1408442869634" /><correct identifier="RESPONSE_1408442869634" /></equal><setOutcomeValue identifier="SCORE"><sum><variable identifier="SCORE" /><baseValue baseType="float">1</baseValue></sum></setOutcomeValue></responseIf></responseCondition><responseCondition><responseIf><not><isNull><variable identifier="RESPONSE_1408442869634" /></isNull></not><setOutcomeValue identifier="FEEDBACKBASIC"><baseValue baseType="identifier">incorrect</baseValue></setOutcomeValue></responseIf></responseCondition><responseCondition><responseIf><and><not><match><variable identifier="FEEDBACKBASIC" /><baseValue baseType="identifier">empty</baseValue></match></not><equal toleranceMode="exact"><variable identifier="SCORE" /><variable identifier="MAXSCORE" /></equal></and><setOutcomeValue identifier="FEEDBACKBASIC"><baseValue baseType="identifier">correct</baseValue></setOutcomeValue></responseIf></responseCondition><responseCondition><responseIf><and><match><baseValue baseType="identifier">correct</baseValue><variable identifier="FEEDBACKBASIC" /></match></and><setOutcomeValue identifier="FEEDBACKMODAL"><multiple><variable identifier="FEEDBACKMODAL" /><baseValue baseType="identifier">Feedback1269879971</baseValue></multiple></setOutcomeValue></responseIf></responseCondition><responseCondition><responseIf><and><match><baseValue baseType="identifier">incorrect</baseValue><variable identifier="FEEDBACKBASIC" /></match></and><setOutcomeValue identifier="FEEDBACKMODAL"><multiple><variable identifier="FEEDBACKMODAL" /><baseValue baseType="identifier">Feedback396208517</baseValue></multiple></setOutcomeValue></responseIf></responseCondition></responseProcessing><modalFeedback  identifier="Feedback1269879971" outcomeIdentifier="FEEDBACKMODAL" showHide="show" title="Richtig!"><p>Die Funktion $$\cos(x)$$ ist $$\geq0$$ im Intervall $$[0,\tfrac\pi2]$$ und $$\leq0$$ über dem Intervall $$[\tfrac\pi2,\pi]$$</p><p>Die Fläche kann daher wiefolgt berechnet werden:</p><p>$$A=\int_0^{\tfrac\pi2}\cos(x)\,\mathrm dx+\left|\int_{\tfrac\pi2}^{\pi}\cos(x)\,\mathrm dx\right|=\sin\tfrac\pi2-\sin0+\left|\sin\pi-\sin\tfrac\pi2\right|=1+1=2.$$</p><p>Aufgrund der Symmetrie-Eigenschaften kann man die Fläche auch wiefolgt berechnen:</p><p>$$A=2\int_0^{\tfrac\pi2}\cos(x)\,\mathrm dx=\ldots=2.$$</p></modalFeedback><modalFeedback  identifier="Feedback396208517" outcomeIdentifier="FEEDBACKMODAL" showHide="show" title="Leider falsch!"><p>Die Funktion $$\cos(x)$$ ist $$\geq0$$ im Intervall $$[0,\tfrac\pi2]$$ und $$\leq0$$ über dem Intervall $$[\tfrac\pi2,\pi]$$</p><p>Die Fläche kann daher wiefolgt berechnet werden:</p><p>$$A=\int_0^{\tfrac\pi2}\cos(x)\,\mathrm dx+\left|\int_{\tfrac\pi2}^{\pi}\cos(x)\,\mathrm dx\right|=\sin\tfrac\pi2-\sin0+\left|\sin\pi-\sin\tfrac\pi2\right|=1+1=2.$$</p><p>Aufgrund der Symmetrie-Eigenschaften kann man die Fläche auch wiefolgt berechnen:</p><p>$$A=2\int_0^{\tfrac\pi2}\cos(x)\,\mathrm dx=\ldots=2.$$</p></modalFeedback></assessmentItem>
