<?xml version="1.0" encoding="UTF-8"?>
<assessmentItem xmlns="http://www.imsglobal.org/xsd/imsqti_v2p1" xmlns:xsi="http://www.w3.org/2001/XMLSchema-instance" xsi:schemaLocation="http://www.imsglobal.org/xsd/imsqti_v2p1 http://www.imsglobal.org/xsd/qti/qtiv2p1/imsqti_v2p1p1.xsd http://www.w3.org/1998/Math/MathML http://www.w3.org/Math/XMLSchema/mathml2/mathml2.xsd" identifier="idca866d3a-20a8-4e43-a489-f6c932da938f" title="Komposition von Funktionen" adaptive="false" timeDependent="false"><responseDeclaration identifier="RESPONSE_1" cardinality="single" baseType="identifier"><correctResponse><value>idf38fcefc-cf37-43cd-b493-ce11d0d17eb9</value></correctResponse></responseDeclaration><outcomeDeclaration identifier="SCORE" cardinality="single" baseType="float"><defaultValue><value>0</value></defaultValue></outcomeDeclaration><outcomeDeclaration identifier="MAXSCORE" cardinality="single" baseType="float"><defaultValue><value>1</value></defaultValue></outcomeDeclaration><outcomeDeclaration identifier="FEEDBACKBASIC" cardinality="single" baseType="identifier"><defaultValue><value>empty</value></defaultValue></outcomeDeclaration><itemBody ><p>Gegeben seien die Funktionen $$f:\mathbb{R}\rightarrow\mathbb{R}, f(x)=x^2,\, g:\mathbb{R}\rightarrow\mathbb{R}, g(x)=x-1$$ und $$h:\mathbb{R}\rightarrow\mathbb{R}, h(x)=\frac{x}{2}$$ sowie $$k:\mathbb{R}\rightarrow\mathbb{R}, k(x)=\frac{1}{2}(x-1)^2$$. Dann gilt:</p><choiceInteraction responseIdentifier="RESPONSE_1" shuffle="true" maxChoices="1"><simpleChoice identifier="idf38fcefc-cf37-43cd-b493-ce11d0d17eb9"><p>$$k(x)=h(f(g(x)))$$</p></simpleChoice><simpleChoice identifier="id5cb82a91-def7-460f-9084-58be6b541b4c"><p>$$k(x)=f(g(h(x)))$$</p></simpleChoice><simpleChoice identifier="id6d50f825-0daa-4f4a-a4c9-487f4da0fef2"><p>$$k(x)=f(h(g(x)))$$</p></simpleChoice><simpleChoice identifier="id741da5a0-e50e-4166-95b0-d850141f866f"><p>$$k(x)=h(g(f(x)))$$</p></simpleChoice><simpleChoice identifier="id6a8b0970-ad2e-42dc-926c-d9050287db4c"><p>$$k(x)=g(f(h(x)))$$</p></simpleChoice><simpleChoice identifier="id5c5e3ec3-a710-466f-beb3-ab1efb0c311c"><p>$$k(x)=g(h(f(x)))$$</p></simpleChoice></choiceInteraction></itemBody><responseProcessing><responseCondition><responseIf><isNull><variable identifier="RESPONSE_1" /></isNull><setOutcomeValue identifier="FEEDBACKBASIC"><baseValue baseType="identifier">empty</baseValue></setOutcomeValue></responseIf><responseElseIf><match><variable identifier="RESPONSE_1" /><correct identifier="RESPONSE_1" /></match><setOutcomeValue identifier="SCORE"><sum><variable identifier="SCORE" /><variable identifier="MAXSCORE" /></sum></setOutcomeValue><setOutcomeValue identifier="FEEDBACKBASIC"><baseValue baseType="identifier">correct</baseValue></setOutcomeValue></responseElseIf><responseElse><setOutcomeValue identifier="FEEDBACKBASIC"><baseValue baseType="identifier">incorrect</baseValue></setOutcomeValue></responseElse></responseCondition></responseProcessing></assessmentItem>
