<?xml version="1.0" encoding="UTF-8"?>
<assessmentItem xmlns="http://www.imsglobal.org/xsd/imsqti_v2p1" xmlns:xsi="http://www.w3.org/2001/XMLSchema-instance" xsi:schemaLocation="http://www.imsglobal.org/xsd/imsqti_v2p1 http://www.imsglobal.org/xsd/qti/qtiv2p1/imsqti_v2p1p1.xsd http://www.w3.org/1998/Math/MathML http://www.w3.org/Math/XMLSchema/mathml2/mathml2.xsd" identifier="id589fbc84-483d-405b-88ac-a6710808ba59" title="Taylor5" adaptive="false" timeDependent="false"><responseDeclaration identifier="RESPONSE_1417015608657" cardinality="single" baseType="string" /><outcomeDeclaration identifier="SCORE" cardinality="single" baseType="float"><defaultValue><value>0</value></defaultValue></outcomeDeclaration><outcomeDeclaration identifier="MAXSCORE" cardinality="single" baseType="float"><defaultValue><value>2</value></defaultValue></outcomeDeclaration><outcomeDeclaration identifier="FEEDBACKBASIC" cardinality="single" baseType="identifier" view="testConstructor"><defaultValue><value>empty</value></defaultValue></outcomeDeclaration><templateDeclaration identifier="a" cardinality="single" baseType="integer" /><templateDeclaration identifier="b" cardinality="single" baseType="integer" /><templateDeclaration identifier="a3" cardinality="single" baseType="integer" /><templateDeclaration identifier="b3" cardinality="single" baseType="integer" /><templateProcessing><setTemplateValue identifier="a"><randomInteger min="1" max="7" /></setTemplateValue><setTemplateValue identifier="b"><randomInteger min="1" max="9" /></setTemplateValue><setTemplateValue identifier="a3"><customOperator definition="MAXIMA" value="float($(1)^3);"><variable identifier="a" /></customOperator></setTemplateValue><setTemplateValue identifier="b3"><customOperator definition="MAXIMA" value="float($(1)^3);"><variable identifier="b" /></customOperator></setTemplateValue><setCorrectResponse identifier="RESPONSE_1417015608657"><customOperator definition="VARIABLESTRING" value="$(1)/$(2)"><variable identifier="a3" /><variable identifier="b3" /></customOperator></setCorrectResponse></templateProcessing><itemBody ><p><p>Beechne mit Hilfe von Taylorreihen:</p><p>$$\lim_{z \rightarrow 0} \frac{ <printedVariable identifier="a" />\cdot z-\sin(<printedVariable identifier="a" />\cdot z)}{e^{<printedVariable identifier="b" />\cdot z} - 1-<printedVariable identifier="b" />\cdot z-\frac{(<printedVariable identifier="b" />\cdot z)^2}{2}}$$ = <textEntryInteraction responseIdentifier="RESPONSE_1417015608657" expectedLength="5" class="maxima-formula show-latex show-syntax-error" /></p><p>Syntax: * für jede Multiplikation, ^ für Potenz.</p></p></itemBody><responseProcessing><responseCondition><responseIf><customOperator definition="MAXIMA" value="is(equal(ev($(1)),ev($(2))));"><variable identifier="RESPONSE_1417015608657" /><correct identifier="RESPONSE_1417015608657" /></customOperator><setOutcomeValue identifier="SCORE"><sum><variable identifier="SCORE" /><baseValue baseType="float">2</baseValue></sum></setOutcomeValue></responseIf></responseCondition><responseCondition><responseIf><not><isNull><variable identifier="RESPONSE_1417015608657" /></isNull></not><setOutcomeValue identifier="FEEDBACKBASIC"><baseValue baseType="identifier">incorrect</baseValue></setOutcomeValue></responseIf></responseCondition><responseCondition><responseIf><and><not><match><variable identifier="FEEDBACKBASIC" /><baseValue baseType="identifier">empty</baseValue></match></not><equal toleranceMode="exact"><variable identifier="SCORE" /><variable identifier="MAXSCORE" /></equal></and><setOutcomeValue identifier="FEEDBACKBASIC"><baseValue baseType="identifier">correct</baseValue></setOutcomeValue></responseIf></responseCondition></responseProcessing></assessmentItem>
