<?xml version="1.0" encoding="UTF-8"?>
<assessmentItem xmlns="http://www.imsglobal.org/xsd/imsqti_v2p1" xmlns:xsi="http://www.w3.org/2001/XMLSchema-instance" xsi:schemaLocation="http://www.imsglobal.org/xsd/imsqti_v2p1 http://www.imsglobal.org/xsd/qti/qtiv2p1/imsqti_v2p1p1.xsd http://www.w3.org/1998/Math/MathML http://www.w3.org/Math/XMLSchema/mathml2/mathml2.xsd" identifier="idc3b15a88-7752-428a-9cf1-eb80d1fb7cd5" title="LaurentReihe1" adaptive="false" timeDependent="false"><responseDeclaration identifier="RESPONSE_1417165353119" cardinality="single" baseType="string" /><responseDeclaration identifier="RESPONSE_1417165410808" cardinality="single" baseType="string" /><outcomeDeclaration identifier="SCORE" cardinality="single" baseType="float"><defaultValue><value>0</value></defaultValue></outcomeDeclaration><outcomeDeclaration identifier="MAXSCORE" cardinality="single" baseType="float"><defaultValue><value>4</value></defaultValue></outcomeDeclaration><outcomeDeclaration identifier="FEEDBACKBASIC" cardinality="single" baseType="identifier" view="testConstructor"><defaultValue><value>empty</value></defaultValue></outcomeDeclaration><templateDeclaration identifier="var1" cardinality="single" baseType="integer" /><templateDeclaration identifier="var2" cardinality="single" baseType="integer" /><templateDeclaration identifier="solution" cardinality="single" baseType="integer" /><templateDeclaration identifier="a" cardinality="single" baseType="integer" /><templateDeclaration identifier="b" cardinality="single" baseType="integer" /><templateProcessing><setTemplateValue identifier="var1"><randomInteger min="1" max="10" /></setTemplateValue><setTemplateValue identifier="var2"><randomInteger min="1" max="10" /></setTemplateValue><setTemplateValue identifier="solution"><customOperator definition="MAXIMA" value="float($(1)+$(2));"><variable identifier="var1" /><variable identifier="var2" /></customOperator></setTemplateValue><setTemplateValue identifier="a"><randomInteger min="1" max="5" /></setTemplateValue><setTemplateValue identifier="b"><randomInteger min="6" max="9" /></setTemplateValue><setCorrectResponse identifier="RESPONSE_1417165353119"><customOperator definition="VARIABLESTRING" value="-1/$(1)^(k+1)"><variable identifier="b" /></customOperator></setCorrectResponse><setCorrectResponse identifier="RESPONSE_1417165410808"><customOperator definition="VARIABLESTRING" value="(-1)^(k+1)*$(1)^(k-1)"><variable identifier="a" /></customOperator></setCorrectResponse></templateProcessing><itemBody ><p><p>Expandiere die Funktion $$f(z):= \frac{1}{z+<printedVariable identifier="a" />}+\frac{1}{z-<printedVariable identifier="b" />}$$ in eine Laurent Reihe innerhalb der Kreisscheibe $$<printedVariable identifier="a" /> \lt |z| \lt <printedVariable identifier="b" />$$ um $$z_0:=0$$:</p><p>$$f(z) = \sum_{k=0}^{\infty} a_k \cdot z^k + \sum_{k=1}^{\infty} b_{k} \cdot \frac{1}{z^k}$$ mit  $$a_k$$ = <textEntryInteraction responseIdentifier="RESPONSE_1417165353119" expectedLength="15" class="maxima-formula show-latex show-syntax-error" />$$\forall k \in \mathbb N_0$$ und $$b_{k}$$ = <textEntryInteraction responseIdentifier="RESPONSE_1417165410808" expectedLength="15" class="maxima-formula show-latex show-syntax-error" />$$\forall k \in \mathbb N$$</p><p>Syntax: * für jede Multiplikation, ^ für Potenz.</p><p>Beispiel: $$\frac{(-1)^{k+1}}{3^k}\cdot 5$$ wird eingegeben als  (-1)^(k+1) / 3^k *5</p><p>Hinweis: Die geometrische Reihe ist nützlich hier für beide Teile der Laurent Reihe.</p><p> </p><p> </p><p> </p><p> </p><p> </p><p> </p></p></itemBody><responseProcessing><responseCondition><responseIf><customOperator definition="MAXIMA" value="is(equal(ev($(1)),ev($(2))));"><variable identifier="RESPONSE_1417165353119" /><correct identifier="RESPONSE_1417165353119" /></customOperator><setOutcomeValue identifier="SCORE"><sum><variable identifier="SCORE" /><baseValue baseType="float">2</baseValue></sum></setOutcomeValue></responseIf></responseCondition><responseCondition><responseIf><not><isNull><variable identifier="RESPONSE_1417165353119" /></isNull></not><setOutcomeValue identifier="FEEDBACKBASIC"><baseValue baseType="identifier">incorrect</baseValue></setOutcomeValue></responseIf></responseCondition><responseCondition><responseIf><customOperator definition="MAXIMA" value="is(equal(ev($(1)),ev($(2))));"><variable identifier="RESPONSE_1417165410808" /><correct identifier="RESPONSE_1417165410808" /></customOperator><setOutcomeValue identifier="SCORE"><sum><variable identifier="SCORE" /><baseValue baseType="float">2</baseValue></sum></setOutcomeValue></responseIf></responseCondition><responseCondition><responseIf><not><isNull><variable identifier="RESPONSE_1417165410808" /></isNull></not><setOutcomeValue identifier="FEEDBACKBASIC"><baseValue baseType="identifier">incorrect</baseValue></setOutcomeValue></responseIf></responseCondition><responseCondition><responseIf><and><not><match><variable identifier="FEEDBACKBASIC" /><baseValue baseType="identifier">empty</baseValue></match></not><equal toleranceMode="exact"><variable identifier="SCORE" /><variable identifier="MAXSCORE" /></equal></and><setOutcomeValue identifier="FEEDBACKBASIC"><baseValue baseType="identifier">correct</baseValue></setOutcomeValue></responseIf></responseCondition></responseProcessing></assessmentItem>
