<?xml version="1.0" encoding="UTF-8"?>
<assessmentItem xmlns="http://www.imsglobal.org/xsd/imsqti_v2p1" xmlns:xsi="http://www.w3.org/2001/XMLSchema-instance" xsi:schemaLocation="http://www.imsglobal.org/xsd/imsqti_v2p1 http://www.imsglobal.org/xsd/qti/qtiv2p1/imsqti_v2p1p1.xsd http://www.w3.org/1998/Math/MathML http://www.w3.org/Math/XMLSchema/mathml2/mathml2.xsd" identifier="idf069744e-0d66-4881-9fc1-1bd5d77078eb" title="integral_x^(-b/a)_01" adaptive="false" timeDependent="false"><responseDeclaration identifier="RESPONSE_1400485240274" cardinality="single" baseType="float"><correctResponse><value>0</value></correctResponse></responseDeclaration><responseDeclaration identifier="RESPONSE_1400485478843" cardinality="single" baseType="string" /><outcomeDeclaration identifier="SCORE" cardinality="single" baseType="float"><defaultValue><value>0</value></defaultValue></outcomeDeclaration><outcomeDeclaration identifier="MAXSCORE" cardinality="single" baseType="float"><defaultValue><value>2</value></defaultValue></outcomeDeclaration><outcomeDeclaration identifier="FEEDBACKBASIC" cardinality="single" baseType="identifier" view="testConstructor"><defaultValue><value>empty</value></defaultValue></outcomeDeclaration><templateDeclaration identifier="a" cardinality="single" baseType="integer" /><templateDeclaration identifier="b" cardinality="single" baseType="integer" /><templateDeclaration identifier="1-b/a" cardinality="single" baseType="float" /><templateDeclaration identifier="number" cardinality="single" baseType="integer" /><templateProcessing><setTemplateValue identifier="a"><randomInteger min="2" max="12" step="2" /></setTemplateValue><setTemplateValue identifier="b"><randomInteger min="3" max="13" step="2" /></setTemplateValue><setTemplateValue identifier="1-b/a"><customOperator definition="MAXIMA" value="float(1-$(1)/$(2));"><variable identifier="b" /><variable identifier="a" /></customOperator></setTemplateValue><setTemplateValue identifier="number"><randomInteger min="1" max="2" /></setTemplateValue><templateCondition><templateIf><gt><variable identifier="1-b/a" /><baseValue baseType="integer">0</baseValue></gt><setTemplateValue identifier="number"><random><multiple><baseValue baseType="integer">1</baseValue></multiple></random></setTemplateValue></templateIf><templateElse><setTemplateValue identifier="number"><random><multiple><baseValue baseType="integer">2</baseValue></multiple></random></setTemplateValue></templateElse></templateCondition><setCorrectResponse identifier="RESPONSE_1400485478843"><customOperator definition="VARIABLESTRING" value="1/abs(1-$(2)/$(1))"><variable identifier="a" /><variable identifier="b" /></customOperator></setCorrectResponse><setCorrectResponse identifier="RESPONSE_1400485240274"><variable identifier="number" /></setCorrectResponse></templateProcessing><itemBody ><p>Wir betrachten die beiden uneigentlichen Integrale</p><p><strong>Integral 1 </strong>: \(\displaystyle\int\limits_0^1\frac{\mathrm dx}{\sqrt[<printedVariable identifier="a" />]{x^{<printedVariable identifier="b" />}}}\)         und<br /><strong>Integral 2 </strong>: \(\displaystyle\int\limits_1^\infty\frac{\mathrm dx}{\sqrt[<printedVariable identifier="a" />]{x^{<printedVariable identifier="b" />}}}\).</p><p>Welches der beiden Integrale hat einen endlichen Wert?<br />Antwort: Integral <textEntryInteraction responseIdentifier="RESPONSE_1400485240274" expectedLength="3" /> (Geben Sie 1 oder 2 ein!)</p><p>Geben Sie den <strong>exakten</strong> Wert dieses endlichen Integrals an: <textEntryInteraction responseIdentifier="RESPONSE_1400485478843" class="maxima-formula" /> (<strong>Hinweis</strong>: Sie können Brüche in der Form 1/3 eingeben!)<strong><br /></strong></p></itemBody><responseProcessing><responseCondition><responseIf><equal toleranceMode="exact"><variable identifier="RESPONSE_1400485240274" /><correct identifier="RESPONSE_1400485240274" /></equal><setOutcomeValue identifier="SCORE"><sum><variable identifier="SCORE" /><baseValue baseType="float">1</baseValue></sum></setOutcomeValue></responseIf></responseCondition><responseCondition><responseIf><not><isNull><variable identifier="RESPONSE_1400485240274" /></isNull></not><setOutcomeValue identifier="FEEDBACKBASIC"><baseValue baseType="identifier">incorrect</baseValue></setOutcomeValue></responseIf></responseCondition><responseCondition><responseIf><customOperator definition="MAXIMA" value="is(equal(ev($(1)),ev($(2))));"><variable identifier="RESPONSE_1400485478843" /><correct identifier="RESPONSE_1400485478843" /></customOperator><setOutcomeValue identifier="SCORE"><sum><variable identifier="SCORE" /><baseValue baseType="float">1</baseValue></sum></setOutcomeValue></responseIf></responseCondition><responseCondition><responseIf><not><isNull><variable identifier="RESPONSE_1400485478843" /></isNull></not><setOutcomeValue identifier="FEEDBACKBASIC"><baseValue baseType="identifier">incorrect</baseValue></setOutcomeValue></responseIf></responseCondition><responseCondition><responseIf><and><not><match><variable identifier="FEEDBACKBASIC" /><baseValue baseType="identifier">empty</baseValue></match></not><equal toleranceMode="exact"><variable identifier="SCORE" /><variable identifier="MAXSCORE" /></equal></and><setOutcomeValue identifier="FEEDBACKBASIC"><baseValue baseType="identifier">correct</baseValue></setOutcomeValue></responseIf></responseCondition></responseProcessing></assessmentItem>
