<?xml version="1.0" encoding="UTF-8"?>
<manifest
	xmlns="http://www.imsglobal.org/xsd/imscp_v1p1"
	xmlns:xsi="http://www.w3.org/2001/XMLSchema-instance" 
	xsi:schemaLocation="http://www.imsglobal.org/xsd/imscp_v1p1 http://www.imsglobal.org/xsd/qti/qtiv2p1/qtiv2p1_imscpv1p2_v1p0.xsd 
											http://www.imsglobal.org/xsd/imsqti_v2p1 http://www.imsglobal.org/xsd/qti/qtiv2p1/imsqti_v2p1p1.xsd 
											http://www.imsglobal.org/xsd/imsqti_metadata_v2p1 http://www.imsglobal.org/xsd/qti/qtiv2p1/imsqti_metadata_v2p1p1.xsd
											http://ltsc.ieee.org/xsd/LOM http://www.imsglobal.org/xsd/imsmd_loose_v1p3p2.xsd"
	identifier="manifestID">
	<metadata>
		<schema>QTIv2.1 Package</schema>
    <schemaversion>1.0.0</schemaversion>
  </metadata>
	<organizations />
	<resources>
		<resource identifier="id2ebe647f_4c53_4dbc_b91e_7285eb1d05a1" type="imsqti_item_xmlv2p1" href="id2ebe647f-4c53-4dbc-b91e-7285eb1d05a1.xml"><metadata><lom xmlns="http://ltsc.ieee.org/xsd/LOM"><general ><identifier><entry>id2ebe647f-4c53-4dbc-b91e-7285eb1d05a1</entry></identifier><title><string language="de">venndiagramm_2mengen_01</string></title><language></language><description><string language="de"></string></description><keyword><string language="de">Mengen</string></keyword><keyword><string language="de">Mengenoperationen</string></keyword><keyword><string language="de">Venn-Diagramm</string></keyword><keyword><string language="de">Mengenoperationen</string></keyword><keyword><string language="de">Venn-Diagramm</string></keyword></general><lifeCycle ><contribute><date><dateTime>2014-10-30T13:16:29</dateTime></date><role><source>LOMv1.0</source><value>author</value></role><entity>BEGIN:VCARD&#xD;
VERSION:4.0&#xD;
N;LANGUAGE=de:Kircheis;Melanie;;;&#xD;
FN:Melanie Kircheis&#xD;
EMAIL:melanie.kircheis@s2013.tu-chemnitz.de&#xD;
PRODID:ONYX Editor 5.9.8&#xD;
END:VCARD&#xD;
</entity></contribute></lifeCycle><educational ><learningResourceType><source>QTIv2.1</source><value>AssessmentItem</value></learningResourceType><difficulty><source>LOMv1.0</source><value>unknown</value></difficulty></educational><classification ><purpose><source>LOMv1.0</source><value>discipline</value></purpose><taxonPath><source><string language="de">Unknown</string></source><taxon><entry><string language="de">Mathematik.Grundlagen.Mengen</string></entry></taxon></taxonPath></classification><classification ><purpose><source>LOMv1.0</source><value>educational objective</value></purpose><taxonPath><source><string language="de">Bloom's taxonomy</string></source><taxon><entry><string language="de">unknown</string></entry></taxon></taxonPath></classification><qtiMetadata xmlns="http://www.imsglobal.org/xsd/imsqti_metadata_v2p1"><interactionType >choiceInteraction</interactionType><toolName >ONYX Editor</toolName><toolVersion >5.5</toolVersion><toolVendor >BPS Bildungsportal Sachsen GmbH</toolVendor></qtiMetadata></lom></metadata><file href="id2ebe647f-4c53-4dbc-b91e-7285eb1d05a1.xml" /><file href="media/medium3951770269705077339venn2.png" /></resource>
	</resources>
</manifest>
