<?xml version="1.0" encoding="UTF-8"?>
<manifest
	xmlns="http://www.imsglobal.org/xsd/imscp_v1p1"
	xmlns:xsi="http://www.w3.org/2001/XMLSchema-instance" 
	xsi:schemaLocation="http://www.imsglobal.org/xsd/imscp_v1p1 http://www.imsglobal.org/xsd/qti/qtiv2p1/qtiv2p1_imscpv1p2_v1p0.xsd 
											http://www.imsglobal.org/xsd/imsqti_v2p1 http://www.imsglobal.org/xsd/qti/qtiv2p1/imsqti_v2p1p1.xsd 
											http://www.imsglobal.org/xsd/imsqti_metadata_v2p1 http://www.imsglobal.org/xsd/qti/qtiv2p1/imsqti_metadata_v2p1p1.xsd
											http://ltsc.ieee.org/xsd/LOM http://www.imsglobal.org/xsd/imsmd_loose_v1p3p2.xsd"
	identifier="manifestID">
	<metadata>
		<schema>QTIv2.1 Package</schema>
    <schemaversion>1.0.0</schemaversion>
  </metadata>
	<organizations />
	<resources>
		<resource identifier="id3fad05fd_72cf_4f51_bc40_e0adf8a2b5c7" type="imsqti_item_xmlv2p1" href="id3fad05fd-72cf-4f51-bc40-e0adf8a2b5c7.xml"><metadata><lom xmlns="http://ltsc.ieee.org/xsd/LOM"><general ><identifier><entry>id3fad05fd-72cf-4f51-bc40-e0adf8a2b5c7</entry></identifier><title><string language="de">richtungsfeld_01</string></title><language>de</language><description><string language="de"></string></description><keyword><string language="de">Differentialgleichung</string></keyword><keyword><string language="de">Richtungsfeld</string></keyword><keyword><string language="de">gewöhnliche Differentialgleichung</string></keyword><keyword><string language="de">Richtungsfeld</string></keyword><keyword><string language="de">gewöhnliche Differentialgleichung</string></keyword><keyword><string language="de">Richtungsfeld</string></keyword><keyword><string language="de">gewöhnliche Differentialgleichung</string></keyword></general><lifeCycle ><contribute><date><dateTime>2014-08-07T14:42:22</dateTime></date><role><source>LOMv1.0</source><value>author</value></role><entity>BEGIN:VCARD&#xD;
VERSION:4.0&#xD;
FN:nesfr@tu-chemnitz.de&#xD;
PRODID:ONYX Editor 5.9.2&#xD;
END:VCARD&#xD;
</entity></contribute></lifeCycle><educational ><learningResourceType><source>QTIv2.1</source><value>AssessmentItem</value></learningResourceType></educational><classification ><purpose><source>LOMv1.0</source><value>discipline</value></purpose><taxonPath><source><string language="de">Unknown</string></source><taxon><entry><string language="de">Mathematik.Analysis.Differentialgleichungen.Differentialgleichungen 1. Ordnung</string></entry></taxon></taxonPath></classification><qtiMetadata xmlns="http://www.imsglobal.org/xsd/imsqti_metadata_v2p1"><interactionType >choiceInteraction</interactionType><toolName >ONYX Editor</toolName><toolVersion >5.6.3</toolVersion><toolVendor >BPS Bildungsportal Sachsen GmbH</toolVendor></qtiMetadata></lom></metadata><file href="id3fad05fd-72cf-4f51-bc40-e0adf8a2b5c7.xml" /><file href="media/medium664940759519412334richtungsfeld_x_plus_y_quadrat.png" /></resource>
	</resources>
</manifest>
