<?xml version="1.0" encoding="UTF-8"?>
<assessmentItem xmlns="http://www.imsglobal.org/xsd/imsqti_v2p1" xmlns:xsi="http://www.w3.org/2001/XMLSchema-instance" xsi:schemaLocation="http://www.imsglobal.org/xsd/imsqti_v2p1 http://www.imsglobal.org/xsd/qti/qtiv2p1/imsqti_v2p1p1.xsd http://www.w3.org/1998/Math/MathML http://www.w3.org/Math/XMLSchema/mathml2/mathml2.xsd" identifier="idcf715e3a-40dd-4344-8d84-bede54fd0166" title="extrempunkt_parabel_01" adaptive="false" timeDependent="false"><responseDeclaration identifier="RESPONSE_1407827028208" cardinality="single" baseType="float"><correctResponse><value>0</value></correctResponse></responseDeclaration><responseDeclaration identifier="RESPONSE_1407827039494" cardinality="single" baseType="float"><correctResponse><value>0</value></correctResponse></responseDeclaration><outcomeDeclaration identifier="SCORE" cardinality="single" baseType="float"><defaultValue><value>0</value></defaultValue></outcomeDeclaration><outcomeDeclaration identifier="MAXSCORE" cardinality="single" baseType="float"><defaultValue><value>2</value></defaultValue></outcomeDeclaration><outcomeDeclaration identifier="FEEDBACKBASIC" cardinality="single" baseType="identifier" view="testConstructor"><defaultValue><value>empty</value></defaultValue></outcomeDeclaration><outcomeDeclaration identifier="FEEDBACKMODAL" cardinality="multiple" baseType="identifier" view="testConstructor" /><templateDeclaration identifier="x" cardinality="single" baseType="integer" /><templateDeclaration identifier="y" cardinality="single" baseType="integer" /><templateDeclaration identifier="a" cardinality="single" baseType="integer" /><templateDeclaration identifier="b" cardinality="single" baseType="integer" /><templateProcessing><setTemplateValue identifier="x"><randomInteger min="1" max="7" /></setTemplateValue><setTemplateValue identifier="y"><randomInteger min="1" max="7" /></setTemplateValue><setTemplateValue identifier="a"><customOperator definition="MAXIMA" value="float(2*$(1));"><variable identifier="x" /></customOperator></setTemplateValue><setTemplateValue identifier="b"><customOperator definition="MAXIMA" value="float($(1)^2+$(2));"><variable identifier="x" /><variable identifier="y" /></customOperator></setTemplateValue><setCorrectResponse identifier="RESPONSE_1407827028208"><variable identifier="x" /></setCorrectResponse><setCorrectResponse identifier="RESPONSE_1407827039494"><variable identifier="y" /></setCorrectResponse></templateProcessing><itemBody ><p>Geben Sie die Koordinaten des Extrempunktes der Funktion \(f(x)=x^2-<printedVariable identifier="a" />x+<printedVariable identifier="b" />\) an.</p><p>\(E(\) <textEntryInteraction responseIdentifier="RESPONSE_1407827028208" expectedLength="4" /> , <textEntryInteraction responseIdentifier="RESPONSE_1407827039494" expectedLength="4" /> \()\).</p><p>( \(x\)-Koordinate , \(y\)-Koordninate )</p></itemBody><responseProcessing><responseCondition><responseIf><equal toleranceMode="exact"><variable identifier="RESPONSE_1407827028208" /><correct identifier="RESPONSE_1407827028208" /></equal><setOutcomeValue identifier="SCORE"><sum><variable identifier="SCORE" /><baseValue baseType="float">1</baseValue></sum></setOutcomeValue></responseIf></responseCondition><responseCondition><responseIf><not><isNull><variable identifier="RESPONSE_1407827028208" /></isNull></not><setOutcomeValue identifier="FEEDBACKBASIC"><baseValue baseType="identifier">incorrect</baseValue></setOutcomeValue></responseIf></responseCondition><responseCondition><responseIf><equal toleranceMode="exact"><variable identifier="RESPONSE_1407827039494" /><correct identifier="RESPONSE_1407827039494" /></equal><setOutcomeValue identifier="SCORE"><sum><variable identifier="SCORE" /><baseValue baseType="float">1</baseValue></sum></setOutcomeValue></responseIf></responseCondition><responseCondition><responseIf><not><isNull><variable identifier="RESPONSE_1407827039494" /></isNull></not><setOutcomeValue identifier="FEEDBACKBASIC"><baseValue baseType="identifier">incorrect</baseValue></setOutcomeValue></responseIf></responseCondition><responseCondition><responseIf><and><not><match><variable identifier="FEEDBACKBASIC" /><baseValue baseType="identifier">empty</baseValue></match></not><equal toleranceMode="exact"><variable identifier="SCORE" /><variable identifier="MAXSCORE" /></equal></and><setOutcomeValue identifier="FEEDBACKBASIC"><baseValue baseType="identifier">correct</baseValue></setOutcomeValue></responseIf></responseCondition><responseCondition><responseIf><and><match><baseValue baseType="identifier">correct</baseValue><variable identifier="FEEDBACKBASIC" /></match></and><setOutcomeValue identifier="FEEDBACKMODAL"><multiple><variable identifier="FEEDBACKMODAL" /><baseValue baseType="identifier">Feedback96351208</baseValue></multiple></setOutcomeValue></responseIf></responseCondition><responseCondition><responseIf><and><match><baseValue baseType="identifier">incorrect</baseValue><variable identifier="FEEDBACKBASIC" /></match></and><setOutcomeValue identifier="FEEDBACKMODAL"><multiple><variable identifier="FEEDBACKMODAL" /><baseValue baseType="identifier">Feedback253822125</baseValue></multiple></setOutcomeValue></responseIf></responseCondition></responseProcessing><modalFeedback  identifier="Feedback96351208" outcomeIdentifier="FEEDBACKMODAL" showHide="show" title="Richtig!"><p><strong>Musterlösung:</strong> Es ist \(f(x)=x^2-<printedVariable identifier="a" />x+<printedVariable identifier="b" />\).</p><p><strong>Variante 1:</strong> Die Ableitung von \(f\) ist \(f'(x)=2x-<printedVariable identifier="a" />\). Nullsetzen liefert \(x_\mathrm{E}=<printedVariable identifier="x" />\) als extremwertverdächtige Stelle.</p><p>Da \(f''(x_\mathrm{E})=2\neq0\), ist \(x_\mathrm{E}=<printedVariable identifier="x" />\) tatsächlich Extremstelle.</p><p>Der Extrempunkt ist also \(E(x_\mathrm{E},f(x_\mathrm{E}))=(<printedVariable identifier="x" />,<printedVariable identifier="y" />)\).</p><p><strong>Variante 2:</strong> Wir bringen \(f\) auf Scheitelpunktform: \(f(x)=(x-<printedVariable identifier="x" />)^2+<printedVariable identifier="y" />\).</p><p>Daran kann man ablesen, dass der Extrempunkt an den Koordinaten \((<printedVariable identifier="x" />,<printedVariable identifier="y" />)\) liegt.</p></modalFeedback><modalFeedback  identifier="Feedback253822125" outcomeIdentifier="FEEDBACKMODAL" showHide="show" title="Leider falsch!"><p><strong>Musterlösung:</strong> Es ist \(f(x)=x^2-<printedVariable identifier="a" />x+<printedVariable identifier="b" />\).</p><p><strong>Variante 1:</strong> Die Ableitung von \(f\) ist \(f'(x)=2x-<printedVariable identifier="a" />\). Nullsetzen liefert \(x_\mathrm{E}=<printedVariable identifier="x" />\) als extremwertverdächtige Stelle.</p><p>Da \(f''(x_\mathrm{E})=2\neq0\), ist \(x_\mathrm{E}=<printedVariable identifier="x" />\) tatsächlich Extremstelle.</p><p>Der Extrempunkt ist also \(E(x_\mathrm{E},f(x_\mathrm{E}))=(<printedVariable identifier="x" />,<printedVariable identifier="y" />)\).</p><p><strong>Variante 2:</strong> Wir bringen \(f\) auf Scheitelpunktform: \(f(x)=(x-<printedVariable identifier="x" />)^2+<printedVariable identifier="y" />\).</p><p>Daran kann man ablesen, dass der Extrempunkt an den Koordinaten \((<printedVariable identifier="x" />,<printedVariable identifier="y" />)\) liegt.</p></modalFeedback></assessmentItem>
