<?xml version="1.0" encoding="UTF-8"?>
<assessmentItem xmlns="http://www.imsglobal.org/xsd/imsqti_v2p1" xmlns:xsi="http://www.w3.org/2001/XMLSchema-instance" xsi:schemaLocation="http://www.imsglobal.org/xsd/imsqti_v2p1 http://www.imsglobal.org/xsd/qti/qtiv2p1/imsqti_v2p1p1.xsd http://www.w3.org/1998/Math/MathML http://www.w3.org/Math/XMLSchema/mathml2/mathml2.xsd" identifier="id6725eb12-9a7f-4de4-be56-0aebc18d2052" title="betrag_wahr/falsch_03" adaptive="false" timeDependent="false"><responseDeclaration identifier="RESPONSE_1" cardinality="single" baseType="identifier"><correctResponse><value>id470186b4-c5c3-4c55-b176-884401f561e2</value></correctResponse></responseDeclaration><outcomeDeclaration identifier="SCORE" cardinality="single" baseType="float"><defaultValue><value>0</value></defaultValue></outcomeDeclaration><outcomeDeclaration identifier="MAXSCORE" cardinality="single" baseType="float"><defaultValue><value>1</value></defaultValue></outcomeDeclaration><outcomeDeclaration identifier="FEEDBACKBASIC" cardinality="single" baseType="identifier"><defaultValue><value>empty</value></defaultValue></outcomeDeclaration><outcomeDeclaration identifier="FEEDBACKMODAL" cardinality="multiple" baseType="identifier" view="testConstructor" /><itemBody ><p>Für zwei beliebige Zahlen \(a, b \in \mathbb R\) gilt: \(|\,a \cdot b\,| = |\,a\,| \cdot |\,b\,|.\)</p><choiceInteraction responseIdentifier="RESPONSE_1" shuffle="false" maxChoices="1"><simpleChoice identifier="id470186b4-c5c3-4c55-b176-884401f561e2"><p>wahr</p></simpleChoice><simpleChoice identifier="id5004fa25-92f4-4057-a14b-fc9c02cf8b21"><p>falsch</p></simpleChoice></choiceInteraction></itemBody><responseProcessing><responseCondition><responseIf><isNull><variable identifier="RESPONSE_1" /></isNull><setOutcomeValue identifier="FEEDBACKBASIC"><baseValue baseType="identifier">empty</baseValue></setOutcomeValue></responseIf><responseElseIf><match><variable identifier="RESPONSE_1" /><correct identifier="RESPONSE_1" /></match><setOutcomeValue identifier="SCORE"><sum><variable identifier="SCORE" /><variable identifier="MAXSCORE" /></sum></setOutcomeValue><setOutcomeValue identifier="FEEDBACKBASIC"><baseValue baseType="identifier">correct</baseValue></setOutcomeValue></responseElseIf><responseElse><setOutcomeValue identifier="FEEDBACKBASIC"><baseValue baseType="identifier">incorrect</baseValue></setOutcomeValue></responseElse></responseCondition><responseCondition><responseIf><and><match><baseValue baseType="identifier">correct</baseValue><variable identifier="FEEDBACKBASIC" /></match></and><setOutcomeValue identifier="FEEDBACKMODAL"><multiple><variable identifier="FEEDBACKMODAL" /><baseValue baseType="identifier">Feedback79509974</baseValue></multiple></setOutcomeValue></responseIf></responseCondition><responseCondition><responseIf><and><match><baseValue baseType="identifier">incorrect</baseValue><variable identifier="FEEDBACKBASIC" /></match></and><setOutcomeValue identifier="FEEDBACKMODAL"><multiple><variable identifier="FEEDBACKMODAL" /><baseValue baseType="identifier">Feedback589304584</baseValue></multiple></setOutcomeValue></responseIf></responseCondition></responseProcessing><modalFeedback  identifier="Feedback79509974" outcomeIdentifier="FEEDBACKMODAL" showHide="show" title="Richtig!" /><modalFeedback  identifier="Feedback589304584" outcomeIdentifier="FEEDBACKMODAL" showHide="show" title="Leider falsch!" /></assessmentItem>
