<?xml version="1.0" encoding="UTF-8"?>
<assessmentItem xmlns="http://www.imsglobal.org/xsd/imsqti_v2p1" xmlns:xsi="http://www.w3.org/2001/XMLSchema-instance" xsi:schemaLocation="http://www.imsglobal.org/xsd/imsqti_v2p1 http://www.imsglobal.org/xsd/qti/qtiv2p1/imsqti_v2p1p1.xsd http://www.w3.org/1998/Math/MathML http://www.w3.org/Math/XMLSchema/mathml2/mathml2.xsd" identifier="id6c2a0810-cce9-4296-a15e-a5cac331e421" title="GW_Folge_efunk" adaptive="false" timeDependent="false"><responseDeclaration identifier="RESPONSE_1404979527314" cardinality="single" baseType="string" /><outcomeDeclaration identifier="SCORE" cardinality="single" baseType="float"><defaultValue><value>0</value></defaultValue></outcomeDeclaration><outcomeDeclaration identifier="MAXSCORE" cardinality="single" baseType="float"><defaultValue><value>1</value></defaultValue></outcomeDeclaration><outcomeDeclaration identifier="FEEDBACKBASIC" cardinality="single" baseType="identifier" view="testConstructor"><defaultValue><value>empty</value></defaultValue></outcomeDeclaration><templateDeclaration identifier="a" cardinality="single" baseType="integer" /><templateDeclaration identifier="b" cardinality="single" baseType="integer" /><templateDeclaration identifier="sign" cardinality="single" baseType="integer" /><templateDeclaration identifier="bb" cardinality="single" baseType="integer" /><templateProcessing><setTemplateValue identifier="a"><randomInteger min="2" max="9" /></setTemplateValue><setTemplateValue identifier="b"><randomInteger min="2" max="9" /></setTemplateValue><setTemplateValue identifier="sign"><random><multiple><baseValue baseType="integer">1</baseValue><baseValue baseType="integer">-1</baseValue></multiple></random></setTemplateValue><setTemplateValue identifier="bb"><customOperator definition="MAXIMA" value="float($(1)*$(2));"><variable identifier="sign" /><variable identifier="b" /></customOperator></setTemplateValue><setCorrectResponse identifier="RESPONSE_1404979527314"><customOperator definition="VARIABLESTRING" value="%e^($(2)/$(1))"><variable identifier="a" /><variable identifier="bb" /></customOperator></setCorrectResponse></templateProcessing><itemBody ><p>Es sei die Folge $$g = \left( 1+\frac{1}{<printedVariable identifier="a" />n}\right)^{<printedVariable identifier="bb" />n}$$ gegeben. Berechnen Sie ihren genauen Grenzwert $$g$$. Nutzen Sie keine numerischen Werte.</p><p>$$g = $$<textEntryInteraction responseIdentifier="RESPONSE_1404979527314" class="maxima-formula show-latex show-syntax-error" /></p><p>Hinweise zur Formeleingabe:</p><ul><li>\(3x\) = 3*x, \(x\cdot y\) = x*y, \(\frac{x}{y}\) = x/y, \(x^y\) = x^y, \(\mathrm e^{xy}\) = %e^(x*y)</li><li>Verwenden Sie, falls notwendig, ganzzahlige Brüche.</li><li>Durch Klicken auf die ?-Schaltfläche können Sie Ihre Formel vor Speichern der Antwort zunächst überprüfen.</li></ul></itemBody><responseProcessing><responseCondition><responseIf><customOperator definition="MAXIMA" value="is(equal(ev($(1)),ev($(2))));"><variable identifier="RESPONSE_1404979527314" /><correct identifier="RESPONSE_1404979527314" /></customOperator><setOutcomeValue identifier="SCORE"><sum><variable identifier="SCORE" /><baseValue baseType="float">1</baseValue></sum></setOutcomeValue></responseIf></responseCondition><responseCondition><responseIf><not><isNull><variable identifier="RESPONSE_1404979527314" /></isNull></not><setOutcomeValue identifier="FEEDBACKBASIC"><baseValue baseType="identifier">incorrect</baseValue></setOutcomeValue></responseIf></responseCondition><responseCondition><responseIf><and><not><match><variable identifier="FEEDBACKBASIC" /><baseValue baseType="identifier">empty</baseValue></match></not><equal toleranceMode="exact"><variable identifier="SCORE" /><variable identifier="MAXSCORE" /></equal></and><setOutcomeValue identifier="FEEDBACKBASIC"><baseValue baseType="identifier">correct</baseValue></setOutcomeValue></responseIf></responseCondition></responseProcessing></assessmentItem>
