<?xml version="1.0" encoding="UTF-8"?>
<assessmentItem xmlns="http://www.imsglobal.org/xsd/imsqti_v2p1" xmlns:xsi="http://www.w3.org/2001/XMLSchema-instance" xsi:schemaLocation="http://www.imsglobal.org/xsd/imsqti_v2p1 imsqti_v2p1.xsd" identifier="idef60681a-71aa-4719-bf30-0dbb897b4209" title="3. Grundlagen Projektmanagement" adaptive="false" timeDependent="false"><responseDeclaration identifier="RESPONSE_1" cardinality="multiple" baseType="identifier"><correctResponse><value>idfe83d0e2-0700-4294-b542-6534515d8344</value><value>id85f725e1-85c1-401b-b6ab-71ea8b8286e8</value></correctResponse><mapping defaultValue="0" lowerBound="0.0"><mapEntry mapKey="idfe83d0e2-0700-4294-b542-6534515d8344" mappedValue="1.0" /><mapEntry mapKey="id93cd0503-f105-43f0-a3c7-01a148c2ab7c" mappedValue="-1.0" /><mapEntry mapKey="idbe5c44a7-08f6-42c8-a731-fd0dbefbda18" mappedValue="-1.0" /><mapEntry mapKey="id168a6cc2-c576-45e0-ad2e-35a296fe58bc" mappedValue="-1.0" /><mapEntry mapKey="id85f725e1-85c1-401b-b6ab-71ea8b8286e8" mappedValue="1.0" /></mapping></responseDeclaration><outcomeDeclaration identifier="SCORE" cardinality="single" baseType="float"><defaultValue><value>0</value></defaultValue></outcomeDeclaration><outcomeDeclaration identifier="MAXSCORE" cardinality="single" baseType="float"><defaultValue><value>2</value></defaultValue></outcomeDeclaration><outcomeDeclaration identifier="FEEDBACKBASIC" cardinality="single" baseType="identifier" view="testConstructor"><defaultValue><value>empty</value></defaultValue></outcomeDeclaration><itemBody><p xmlns=""><strong>Was sind Arbeitspakete und was sollten Sie enthalten?</strong></p><p xmlns="">(Klicken Sie die richtige(n) Antwort(en) an)</p><p xmlns=""> </p><p xmlns=""> </p><p xmlns=""><strong>Antwort:</strong></p><choiceInteraction responseIdentifier="RESPONSE_1" shuffle="false" maxChoices="0"><simpleChoice identifier="idfe83d0e2-0700-4294-b542-6534515d8344"><p xmlns="">Ein Arbeitspaket beschreibt eine in <strong>sich geschlossene Aufgabenstellung</strong> innerhalb des Projekts, die von einer <strong>einzelnen Person oder organisatorischen</strong> Einheit bis zu einem <strong>festgelegten Zeitpunkt</strong> mit <strong>definiertem Ergebnis</strong> und Aufwand vollbracht werden kann.</p></simpleChoice><simpleChoice identifier="id93cd0503-f105-43f0-a3c7-01a148c2ab7c"><p xmlns="">Ein Arbeitspaket beschreibt eine in <strong>sich nicht geschlossene Aufgabenstellung</strong> innerhalb des Projekts, die von einer <strong>einzelnen Person oder organisatorischen</strong> Einheit bis zu einem <strong>festgelegten Zeitpunkt</strong> mit <strong>definiertem Ergebnis</strong> und Aufwand vollbracht werden kann.</p></simpleChoice><simpleChoice identifier="idbe5c44a7-08f6-42c8-a731-fd0dbefbda18"><p xmlns="">Ein Arbeitspaket beschreibt eine in <strong>sich geschlossene Aufgabenstellung</strong> innerhalb des Projekts, die bis zu einem <strong>festgelegten Zeitpunkt</strong> mit <strong>nicht eindeutig messbaren Aufwendungen</strong> vollbracht wird.</p></simpleChoice><simpleChoice identifier="id168a6cc2-c576-45e0-ad2e-35a296fe58bc"><p xmlns="">Ein Arbeitspaket beschreibt einen <strong>Meilenstein</strong> innerhalb des Projekts, der von einer <strong>einzelnen Person oder organisatorischen</strong> Einheit bis zu einem <strong>festgelegten Zeitpunkt</strong> vollbracht werden kann.</p></simpleChoice><simpleChoice identifier="id85f725e1-85c1-401b-b6ab-71ea8b8286e8"><p xmlns="">Ein Arbeitspaket kann somit als "Mini-Projekt" innerhalb des Projekts betrachtet werden</p></simpleChoice></choiceInteraction></itemBody><responseProcessing><responseCondition><responseIf><not><isNull><variable identifier="RESPONSE_1" /></isNull></not><setOutcomeValue identifier="SCORE"><sum><variable identifier="SCORE" /><mapResponse identifier="RESPONSE_1" /></sum></setOutcomeValue><setOutcomeValue identifier="FEEDBACKBASIC"><baseValue baseType="identifier">incorrect</baseValue></setOutcomeValue></responseIf></responseCondition><responseCondition><responseIf><and><not><match><variable identifier="FEEDBACKBASIC" /><baseValue baseType="identifier">empty</baseValue></match></not><equal toleranceMode="exact"><variable identifier="SCORE" /><variable identifier="MAXSCORE" /></equal></and><setOutcomeValue identifier="FEEDBACKBASIC"><baseValue baseType="identifier">correct</baseValue></setOutcomeValue></responseIf></responseCondition></responseProcessing></assessmentItem>
