<?xml version="1.0" encoding="UTF-8" standalone="no"?>
<autotoolnode>
<tasktype type_name="Exp_Smaller-Direct" type_scoring="i"/>
<taskconfiguration is_altered="false">
<auth_comment/>
<conf_text>(&#13;
  ( a + b + ( a^*b^* + Eps )^* + b ) ( a + c )^* ( ac + c + cc ) + ( a + Eps ) Empty a^* ( a + c + b + c )&#13;
, [ Simple&#13;
  , Alphabet&#13;
        (mkSet "abc")&#13;
  , AllowedKeys&#13;
        (mkSet [ "Empty" , "Eps" ])&#13;
  , Max_Size 25&#13;
  ]&#13;
)</conf_text>
<doc_text>&lt;?xml version='1.0' ?&gt; &lt;Beside &gt;&lt;Text &gt;(&lt;/Text &gt;&lt;Link href="http://autolat.imn.htwk-leipzig.de/haddock/world/Autolib-Exp-Type.html#t%3ARX" &gt;Autolib.Exp.Type.RX&lt;/Link &gt;&lt;Text &gt;(&lt;/Text &gt;&lt;Link href="http://autolat.imn.htwk-leipzig.de/haddock/world/GHC-Types.html#t%3AChar" &gt;Char&lt;/Link &gt;&lt;Text &gt;)&lt;/Text &gt;&lt;Text &gt;, &lt;/Text &gt;&lt;Text &gt;[&lt;/Text &gt;&lt;Link href="http://autolat.imn.htwk-leipzig.de/haddock/world/Exp-Property.html#t%3AProperty" &gt;Exp.Property.Property&lt;/Link &gt;&lt;Text &gt;(&lt;/Text &gt;&lt;Link href="http://autolat.imn.htwk-leipzig.de/haddock/world/GHC-Types.html#t%3AChar" &gt;Char&lt;/Link &gt;&lt;Text &gt;)&lt;/Text &gt;&lt;Text &gt;]&lt;/Text &gt;&lt;Text &gt;)&lt;/Text&gt;&lt;/Beside&gt;</doc_text>
<signature>d1f392dca439e0a1a08ab137c6600ea02d3cb0c0</signature>
<description/>
</taskconfiguration>
<configuration>
<scorepoints>20,15,10,7,6,5,4,3,2,1</scorepoints>
</configuration>
<server_conn name="Autotool Server HTWK Leipzig" version="0.2.0"/>
</autotoolnode>
