<?xml version="1.0" encoding="UTF-8" standalone="no"?>
<autotoolnode>
<tasktype type_name="Convert_To_NFA-Direct" type_scoring="i"/>
<taskconfiguration is_altered="true">
<auth_comment/>
<conf_text>( Convert&#13;
      { name = Just&#13;
                   [ "der die Sprache des folgenden Epsilon-Automaten akzeptiert"&#13;
                   , "(Überführungsfunktion, -&gt; kennzeichnet Startzustand, * Endzustände):"&#13;
                   , " " , "      |   a     b   epsilon"&#13;
                   , "   -----------------------"&#13;
                   , "   0  |  {5}   {}    {1}"&#13;
                   , "   1  |  {}    {3}   {4}"&#13;
                   , "-&gt; 2  |  {5}   {}    {1}"&#13;
                   , "   3  |  {}    {6}   {0}"&#13;
                   , "   4  |  {5}   {}    {}"&#13;
                   , "   5  |  {}    {}    {4,5,6}"&#13;
                   , "  *6  |  {}    {}    {}" , " "&#13;
                   ]&#13;
      , input = Exp&#13;
                    b b^* (a^+ + b) + a^+&#13;
      }&#13;
, [ Alphabet&#13;
        (mkSet "ab")&#13;
  , Sane , Reduced&#13;
  , Min_Size&#13;
        4&#13;
  , Max_Size&#13;
        4&#13;
  , Non_Deterministic&#13;
  ]&#13;
)</conf_text>
<doc_text>&lt;?xml version='1.0' ?&gt; &lt;Beside &gt;&lt;Text &gt;(&lt;/Text &gt;&lt;Link href="http://autolat.imn.htwk-leipzig.de/haddock/world/Convert-Type.html#t%3AConvert" &gt;Convert.Type.Convert&lt;/Link &gt;&lt;Text &gt;, &lt;/Text &gt;&lt;Text &gt;[&lt;/Text &gt;&lt;Link href="http://autolat.imn.htwk-leipzig.de/haddock/world/NFA-Property.html#t%3AProperty" &gt;NFA.Property.Property&lt;/Link &gt;&lt;Text &gt;(&lt;/Text &gt;&lt;Link href="http://autolat.imn.htwk-leipzig.de/haddock/world/GHC-Types.html#t%3AChar" &gt;Char&lt;/Link &gt;&lt;Text &gt;)&lt;/Text &gt;&lt;Text &gt;]&lt;/Text &gt;&lt;Text &gt;)&lt;/Text&gt;&lt;/Beside&gt;</doc_text>
<signature>fce3080ed24efa40626ab2aeaa5f3d4493ed0d70</signature>
<description>Folgen Sie dem Verfahren aus der Vorlesung bzw. Übung&#13;
zur Umwandlung von Epsilon-Automaten in NEAs und&#13;
reduzieren Sie den Automaten danach um nicht erreichbare&#13;
sowie nicht erzeugende Zustände, um den gesuchten NEA&#13;
in passender Größe zu erzeugen.&#13;
&#13;
Achtung: Sie können und müssen hier keinen Epsilon-Automaten eingeben.</description>
</taskconfiguration>
<configuration>
<scorepoints>20,15,10,7,6,5,4,3,2,1</scorepoints>
</configuration>
<server_conn name="Autotool Server HTWK Leipzig" version="0.2.0"/>
</autotoolnode>
