<?xml version="1.0" encoding="UTF-8" standalone="no"?>
<autotoolnode>
<tasktype type_name="Convert_To_NFA-Direct" type_scoring="i"/>
<taskconfiguration is_altered="false">
<auth_comment/>
<conf_text>( Convert&#13;
      { name = Just&#13;
                   [ "des Durchschnitts von" , "L1 = a*bb*    und"&#13;
                   , "L2 = { w | Die Anzahl von a's in w ist gerade (inkl. 0) }."&#13;
                   ]&#13;
      , input = Exp&#13;
                    (aa)^* b b^*&#13;
      }&#13;
, [ Alphabet&#13;
        (mkSet "ab")&#13;
  , Sane , Deterministic&#13;
  , Min_Size&#13;
        4&#13;
  ]&#13;
)</conf_text>
<doc_text>&lt;?xml version='1.0' ?&gt; &lt;Beside &gt;&lt;Text &gt;(&lt;/Text &gt;&lt;Link href="http://autolat.imn.htwk-leipzig.de/haddock/world/Convert-Type.html#t%3AConvert" &gt;Convert.Type.Convert&lt;/Link &gt;&lt;Text &gt;, &lt;/Text &gt;&lt;Text &gt;[&lt;/Text &gt;&lt;Link href="http://autolat.imn.htwk-leipzig.de/haddock/world/NFA-Property.html#t%3AProperty" &gt;NFA.Property.Property&lt;/Link &gt;&lt;Text &gt;(&lt;/Text &gt;&lt;Link href="http://autolat.imn.htwk-leipzig.de/haddock/world/GHC-Types.html#t%3AChar" &gt;Char&lt;/Link &gt;&lt;Text &gt;)&lt;/Text &gt;&lt;Text &gt;]&lt;/Text &gt;&lt;Text &gt;)&lt;/Text&gt;&lt;/Beside&gt;</doc_text>
<signature>1540065bd6f18678a0e9b01aa1b8323510e7cbe7</signature>
<description>&lt;pre&gt;&#13;
Entwerfen Sie zwei DEAs A1, A2 über {a, b} für die Sprachen&#13;
L1 = a*bb*   und&#13;
L2 = { w | Die Anzahl von a's in w ist gerade (inkl. 0) }&#13;
&#13;
Entwickeln Sie aus A1 und A2 einen Automaten für den Durchschnitt von L1 und L2&#13;
über die Produktautomatenkonstruktion und geben Sie diesen als Lösung an.&#13;
&#13;
Wenn Sie diesem Verfahren folgen, wird Ihre (nicht reduzierte) Lösung&#13;
mindestens 4 Zustände aufweisen. Beachten Sie bei der Konstruktion ggf. den&#13;
Umgang mit fehlenden Kanten, im Fall nicht vollständiger Automaten A1 oder A2.&#13;
&lt;/pre&gt;</description>
</taskconfiguration>
<configuration>
<scorepoints>20,15,10,7,6,5,4,3,2,1</scorepoints>
</configuration>
<server_conn name="Autotool Server HTWK Leipzig" version="0.2.0"/>
</autotoolnode>
