<?xml version="1.0" encoding="UTF-8" standalone="no"?>
<autotoolnode>
<tasktype type_name="Convert_To_NFA-Direct" type_scoring="i"/>
<taskconfiguration is_altered="true">
<auth_comment/>
<conf_text>(Convert { name = Just&#13;
                 ["{ uxv | u aus {a,b,c}*, x aus {b,c}, v aus {b,c}*,",&#13;
               "        so dass gilt: x = c genau dann, wenn 2 | |u|_a }"],&#13;
           input = Exp&#13;
                   ( (b + c)^* $ a^2^* ) c ( b + c )^*&#13;
                   +&#13;
                   ( (b + c)^* $ (a^2^* a) ) b ( b + c)^*},&#13;
                   [Alphabet (mkSet "abc"), Sane])</conf_text>
<doc_text>&lt;?xml version='1.0' ?&gt; &lt;Beside &gt;&lt;Text &gt;(&lt;/Text &gt;&lt;Link href="http://autolat.imn.htwk-leipzig.de/haddock/world/Convert-Type.html#t%3AConvert" &gt;Convert.Type.Convert&lt;/Link &gt;&lt;Text &gt;, &lt;/Text &gt;&lt;Text &gt;[&lt;/Text &gt;&lt;Link href="http://autolat.imn.htwk-leipzig.de/haddock/world/NFA-Property.html#t%3AProperty" &gt;NFA.Property.Property&lt;/Link &gt;&lt;Text &gt;(&lt;/Text &gt;&lt;Link href="http://autolat.imn.htwk-leipzig.de/haddock/world/GHC-Types.html#t%3AChar" &gt;Char&lt;/Link &gt;&lt;Text &gt;)&lt;/Text &gt;&lt;Text &gt;]&lt;/Text &gt;&lt;Text &gt;)&lt;/Text&gt;&lt;/Beside&gt;</doc_text>
<signature>751951f9a6dec12c85f4a3657f2f20b3885429d3</signature>
<description/>
</taskconfiguration>
<configuration>
<scorepoints>20,15,10,7,6,5,4,3,2,1</scorepoints>
</configuration>
<server_conn name="Autotool Server HTWK Leipzig" version="0.2.0"/>
</autotoolnode>
