<?xml version="1.0" encoding="UTF-8" standalone="no"?>
<autotoolnode>
<tasktype type_name="Convert_To_NFA-Quiz" type_scoring="i"/>
<taskconfiguration is_altered="true">
<auth_comment/>
<conf_text>Quiz&#13;
    { generate = From_Exp&#13;
                     [ Alphabet&#13;
                           (mkSet "ab")&#13;
                     , Max_Size&#13;
                           8&#13;
                     , Simple&#13;
                     ]&#13;
    , solve = [ Alphabet&#13;
                    (mkSet "ab")&#13;
              , Sane , Deterministic , Minimal&#13;
              ]&#13;
    }</conf_text>
<doc_text>&lt;?xml version='1.0' ?&gt; &lt;Beside &gt;&lt;Link href="http://autolat.imn.htwk-leipzig.de/haddock/world/NFA-Quiz.html#t%3AQuiz" &gt;NFA.Quiz.Quiz&lt;/Link &gt;&lt;Text &gt;(&lt;/Text &gt;&lt;Link href="http://autolat.imn.htwk-leipzig.de/haddock/world/GHC-Types.html#t%3AChar" &gt;Char&lt;/Link &gt;&lt;Text &gt;)&lt;/Text&gt;&lt;/Beside&gt;</doc_text>
<signature>1caa5c7e9699b22b2c38f854ef20123cf546cea8</signature>
<description>Vereinfachen Sie den Ausdruck, sofern möglich, bevor Sie mit dem Automaten beginnen.</description>
</taskconfiguration>
<configuration>
<scorepoints/>
</configuration>
<server_conn name="Autotool Server HTWK Leipzig" version="0.2.0"/>
</autotoolnode>
