<?xml version="1.0" encoding="UTF-8" standalone="no"?>
<autotoolnode>
<tasktype type_name="Convert_To_NFA-Direct" type_scoring="i"/>
<taskconfiguration is_altered="true">
<auth_comment/>
<conf_text>( Convert&#13;
      { name = Just&#13;
                   [ "des folgenden Epsilon-Automaten akzeptiert"&#13;
                   , "(Übergangsfunktion, -&gt; kennzeichnet Startzustand, * Endzustände):"&#13;
                   , " " , "      |    a      b   epsilon"&#13;
                   , "   --------------------------"&#13;
                   , "-&gt; 0* |  {0,1}   {1}   {1}"&#13;
                   , "   1  |  {0,2}   {3}   {}"&#13;
                   , "   2  |   {3}    {3}   {1,3}"&#13;
                   , "   3  |   {0}    {2}   {1}"&#13;
                   ]&#13;
      , input = NFA (NFA { alphabet = mkSet "ab"&#13;
                         , states = mkSet [ 0 , 1 , 2 , 3 ] , starts = mkSet [ 0 ]&#13;
                         , finals = mkSet [ 0 ]&#13;
                         , trans = collect [ ( 0 , 'a' , 0 ) , ( 0 , 'a' , 1 ) , ( 0 , 'a' , 2 )&#13;
                                           , ( 0 , 'b' , 1 ) , ( 0 , 'b' , 3 )&#13;
                                           , ( 1 , 'a' , 0 ) , ( 1 , 'a' , 2 )&#13;
                                           , ( 1 , 'b' , 3 )&#13;
                                           , ( 2 , 'a' , 0 ) , ( 2 , 'a' , 2 ) , ( 2 , 'a' , 3 )&#13;
                                           , ( 2 , 'b' , 2 ) , ( 2 , 'b' , 3 )&#13;
                                           , ( 3 , 'a' , 0 ) , ( 3 , 'a' , 2 )&#13;
                                           , ( 3 , 'b' , 2 ) , ( 3 , 'b' , 3 )&#13;
                                           ]&#13;
                         })&#13;
      }&#13;
, [ Alphabet&#13;
        (mkSet "ab")&#13;
  , Sane&#13;
  , Min_Size&#13;
        4&#13;
  , Max_Size&#13;
        4&#13;
  , Deterministic , Complete , Reduced&#13;
  ]&#13;
)</conf_text>
<doc_text>&lt;?xml version='1.0' ?&gt; &lt;Beside &gt;&lt;Text &gt;(&lt;/Text &gt;&lt;Link href="http://autolat.imn.htwk-leipzig.de/haddock/world/Convert-Type.html#t%3AConvert" &gt;Convert.Type.Convert&lt;/Link &gt;&lt;Text &gt;, &lt;/Text &gt;&lt;Text &gt;[&lt;/Text &gt;&lt;Link href="http://autolat.imn.htwk-leipzig.de/haddock/world/NFA-Property.html#t%3AProperty" &gt;NFA.Property.Property&lt;/Link &gt;&lt;Text &gt;(&lt;/Text &gt;&lt;Link href="http://autolat.imn.htwk-leipzig.de/haddock/world/GHC-Types.html#t%3AChar" &gt;Char&lt;/Link &gt;&lt;Text &gt;)&lt;/Text &gt;&lt;Text &gt;]&lt;/Text &gt;&lt;Text &gt;)&lt;/Text&gt;&lt;/Beside&gt;</doc_text>
<signature>6245189bcec29be50cbd7e3faa7ec967854a991f</signature>
<description>Wandeln Sie den angegebenen Epsilon-NEA entsprechend dem Verfahren aus Vorlesung bzw. Übung direkt in einen DEA um. Geben Sie als Lösung einen Automaten an, der nur erreichbare Zustände enthält.</description>
</taskconfiguration>
<configuration>
<scorepoints>20,15,10,7,6,5,4,3,2,1</scorepoints>
</configuration>
<server_conn name="Autotool Server HTWK Leipzig" version="0.2.0"/>
</autotoolnode>
