<?xml version="1.0" encoding="UTF-8" standalone="no"?>
<autotoolnode>
<tasktype type_name="CFG2-Direct" type_scoring="i"/>
<taskconfiguration is_altered="false">
<auth_comment/>
<conf_text>Config&#13;
    { source = Sampler&#13;
                   { language = From_Grammatik&#13;
                                    (Grammatik&#13;
                                         { terminale = mkSet "abc" , variablen = mkSet "ACST"&#13;
                                         , start = 'S'&#13;
                                         , regeln = mkSet [ ( "A" , "a" ) , ( "A" , "aA" )&#13;
                                                          , ( "C" , "cc" ) , ( "C" , "ccC" )&#13;
                                                          , ( "S" , "AT" ) , ( "S" , "ATC" )&#13;
                                                          , ( "T" , "" ) , ( "T" , "aTb" )&#13;
                                                          ]&#13;
                                         })&#13;
                   , num_samples = 50 , min_sample_length = 4 , max_sample_length = 40&#13;
                   }&#13;
    , properties = [ Kontextfrei , Chomsky_Normal ]&#13;
    }</conf_text>
<doc_text>&lt;?xml version='1.0' ?&gt; &lt;Link href="http://autolat.imn.htwk-leipzig.de/haddock/world/Grammatik-CF-Instance-Config2.html#t%3AConfig"&gt;Grammatik.CF.Instance.Config2.Config&lt;/Link&gt;</doc_text>
<signature>7141a7bc86ee37e327ce02f0b39803ad4e6b0528</signature>
<description/>
</taskconfiguration>
<configuration>
<scorepoints>20,15,10,7,6,5,4,3,2,1</scorepoints>
</configuration>
<server_conn name="Autotool Server HTWK Leipzig" version="0.2.0"/>
</autotoolnode>
