<OLATGroupExport>
  <AreaCollection/>
  <GroupCollection>
    <Group key="45973534" name="w13.inf.aus-A-Di" maxParticipants="35" waitingList="true" autoCloseRanks="false" showOwners="true" showParticipants="false" showWaitingList="false">
      <Description>&lt;p&gt;dienstags, A-Woche&lt;/p&gt;</Description>
      <CollabTools hasNews="false" hasContactForm="false" hasCalendar="false" hasFolder="false" hasForum="false" hasChat="false" hasWiki="false" hasPortfolio="false"/>
    </Group>
    <Group key="45973536" name="w13.inf.aus-A-Mi" maxParticipants="30" waitingList="true" autoCloseRanks="true" showOwners="true" showParticipants="false" showWaitingList="false">
      <Description>&lt;p&gt;mittwochs, A-Woche&lt;/p&gt;</Description>
      <CollabTools hasNews="false" hasContactForm="false" hasCalendar="false" hasFolder="false" hasForum="false" hasChat="false" hasWiki="false" hasPortfolio="false"/>
    </Group>
    <Group key="45973535" name="w13.inf.aus-B-Di" maxParticipants="37" waitingList="true" autoCloseRanks="false" showOwners="true" showParticipants="false" showWaitingList="false">
      <Description>&lt;p&gt;dienstags, B-Woche&lt;/p&gt;</Description>
      <CollabTools hasNews="false" hasContactForm="false" hasCalendar="false" hasFolder="false" hasForum="false" hasChat="false" hasWiki="false" hasPortfolio="false"/>
    </Group>
    <Group key="45973537" name="w13.inf.aus-B-Mi" maxParticipants="30" waitingList="true" autoCloseRanks="true" showOwners="true" showParticipants="false" showWaitingList="false">
      <Description>&lt;p&gt;mittwochs, B-Woche&lt;/p&gt;</Description>
      <CollabTools hasNews="false" hasContactForm="false" hasCalendar="false" hasFolder="false" hasForum="false" hasChat="false" hasWiki="false" hasPortfolio="false"/>
    </Group>
    <Group key="45973539" name="w13.inf.aus-Vorl" maxParticipants="150" waitingList="true" autoCloseRanks="true" showOwners="true" showParticipants="false" showWaitingList="false">
      <Description>&lt;p&gt;Vorlesungsteilnehmer der Vorlesung &amp;quot;Automaten und Sprachen&amp;quot;&lt;/p&gt;</Description>
      <CollabTools hasNews="false" hasContactForm="false" hasCalendar="false" hasFolder="false" hasForum="false" hasChat="false" hasWiki="false" hasPortfolio="false"/>
    </Group>
  </GroupCollection>
</OLATGroupExport>