<RepositoryEntryProperties>
  <key>46202887</key>
  <Softkey>bisolat_1_88301370913684</Softkey>
  <ResourceName>2013-10-02-W12InfAutomatenUndSprachen-export-f-openolat.zip</ResourceName>
  <DisplayName>W13.Inf.AutomatenUndSprachen</DisplayName>
  <Description>&lt;p&gt;Modul Automaten und Sprachen, Modulnr. 10-201-2108-2&lt;/p&gt;
&lt;p&gt;gelesen von Prof. Brewka&lt;/p&gt;</Description>
  <InitialAuthor>floebe</InitialAuthor>
  <outer-class>
    <propertiesLoaded>false</propertiesLoaded>
    <re>
      <key>46202887</key>
      <version>7263</version>
      <creationDate class="sql-timestamp">2013-10-02 13:28:38.0</creationDate>
      <lastModified class="sql-timestamp">2013-10-02 13:28:38.0</lastModified>
      <softkey>bisolat_1_88301370913684</softkey>
      <olatResource class="org.olat.resource.OLATResourceImpl">
        <key>46006316</key>
        <version>0</version>
        <creationDate class="sql-timestamp">2013-10-02 13:28:05.0</creationDate>
        <resName>CourseModule</resName>
        <resId>88301370913683</resId>
      </olatResource>
      <groups class="org.hibernate.collection.internal.PersistentSet">
        <initialized>false</initialized>
        <owner class="org.olat.repository.RepositoryEntry" reference="../.."/>
        <cachedSize>-1</cachedSize>
        <role>org.olat.repository.RepositoryEntry.groups</role>
        <key class="long">46202887</key>
        <dirty>false</dirty>
        <allowLoadOutsideTransaction>false</allowLoadOutsideTransaction>
      </groups>
      <resourcename>2013-10-02-W12InfAutomatenUndSprachen-export-f-openolat.zip</resourcename>
      <displayname>W13.Inf.AutomatenUndSprachen</displayname>
      <description>&lt;p&gt;Modul Automaten und Sprachen, Modulnr. 10-201-2108-2&lt;/p&gt;
&lt;p&gt;gelesen von Prof. Brewka&lt;/p&gt;</description>
      <initialAuthor>floebe</initialAuthor>
      <statistics>
        <key>46202887</key>
        <creationDate class="sql-timestamp">2014-09-26 15:17:17.0</creationDate>
        <lastModified class="sql-timestamp">2014-09-26 15:17:17.0</lastModified>
        <numOfRatings>0</numOfRatings>
        <numOfComments>0</numOfComments>
        <launchCounter>7327</launchCounter>
        <downloadCounter>1</downloadCounter>
        <lastUsage class="sql-timestamp">2015-05-14 16:45:08.0</lastUsage>
      </statistics>
      <access>3</access>
      <canCopy>false</canCopy>
      <canReference>false</canReference>
      <canLaunch>true</canLaunch>
      <canDownload>false</canDownload>
      <membersOnly>false</membersOnly>
      <statusCode>0</statusCode>
    </re>
    <baseDirectory>/home/graebe/olat.informatik.uni-leipzig.de/base/temp/48972e20-d0f2-4cec-9745-82c3a113033c/export</baseDirectory>
  </outer-class>
</RepositoryEntryProperties>