<?xml version="1.0" encoding="UTF-8"?>
<assessmentItem xmlns="http://www.imsglobal.org/xsd/imsqti_v2p1" xmlns:xsi="http://www.w3.org/2001/XMLSchema-instance" xsi:schemaLocation="http://www.imsglobal.org/xsd/imsqti_v2p1 http://www.imsglobal.org/xsd/qti/qtiv2p1/imsqti_v2p1p1.xsd http://www.w3.org/1998/Math/MathML http://www.w3.org/Math/XMLSchema/mathml2/mathml2.xsd" identifier="id2ebe647f-4c53-4dbc-b91e-7285eb1d05a1" title="venndiagramm_2mengen_04" adaptive="false" timeDependent="false"><responseDeclaration identifier="RESPONSE_1" cardinality="multiple" baseType="identifier"><correctResponse><value>id76d1c1a6-d43e-4c16-80ab-6fb587583a83</value><value>id3a5bc8b8-7a94-4358-a5d5-567974724a2a</value></correctResponse><mapping defaultValue="0" lowerBound="0.0"><mapEntry mapKey="id76d1c1a6-d43e-4c16-80ab-6fb587583a83" mappedValue="1.0" /><mapEntry mapKey="id3a5bc8b8-7a94-4358-a5d5-567974724a2a" mappedValue="1.0" /><mapEntry mapKey="id69a4a79b-7369-4a4d-a14f-b412773c2472" mappedValue="-1.0" /><mapEntry mapKey="id19e9a698-f5aa-4926-a1fd-c0e827d5b2d8" mappedValue="-1.0" /></mapping></responseDeclaration><outcomeDeclaration identifier="SCORE" cardinality="single" baseType="float"><defaultValue><value>0</value></defaultValue></outcomeDeclaration><outcomeDeclaration identifier="MAXSCORE" cardinality="single" baseType="float"><defaultValue><value>2</value></defaultValue></outcomeDeclaration><outcomeDeclaration identifier="FEEDBACKBASIC" cardinality="single" baseType="identifier" view="testConstructor"><defaultValue><value>empty</value></defaultValue></outcomeDeclaration><itemBody ><p>Welche Menge ist im folgenden Bild orange eingefärbt? (mehrere Antworten möglich)</p><p><img src="media%2Fmedium4372002599858632851venn6.png" alt="" width="182" height="141" /></p><choiceInteraction responseIdentifier="RESPONSE_1" shuffle="true" maxChoices="0" orientation="vertical"><simpleChoice identifier="id76d1c1a6-d43e-4c16-80ab-6fb587583a83"><p>\((A\cup B)\setminus(A\cap B)\)</p></simpleChoice><simpleChoice identifier="id3a5bc8b8-7a94-4358-a5d5-567974724a2a"><p>\((A\cap\overline B)\cup(B\cap\overline A)\)</p></simpleChoice><simpleChoice identifier="id69a4a79b-7369-4a4d-a14f-b412773c2472"><p>\((A\cup B)\cap(A\cap B)\)</p></simpleChoice><simpleChoice identifier="id19e9a698-f5aa-4926-a1fd-c0e827d5b2d8"><p>\((A\cup B)\setminus(\overline A\cap\overline B)\)</p></simpleChoice></choiceInteraction></itemBody><responseProcessing><responseCondition><responseIf><not><isNull><variable identifier="RESPONSE_1" /></isNull></not><setOutcomeValue identifier="SCORE"><sum><variable identifier="SCORE" /><mapResponse identifier="RESPONSE_1" /></sum></setOutcomeValue><setOutcomeValue identifier="FEEDBACKBASIC"><baseValue baseType="identifier">incorrect</baseValue></setOutcomeValue></responseIf></responseCondition><responseCondition><responseIf><and><not><match><variable identifier="FEEDBACKBASIC" /><baseValue baseType="identifier">empty</baseValue></match></not><equal toleranceMode="exact"><variable identifier="SCORE" /><variable identifier="MAXSCORE" /></equal></and><setOutcomeValue identifier="FEEDBACKBASIC"><baseValue baseType="identifier">correct</baseValue></setOutcomeValue></responseIf></responseCondition></responseProcessing></assessmentItem>
