<?xml version="1.0" encoding="UTF-8"?>
<assessmentItem xmlns="http://www.imsglobal.org/xsd/imsqti_v2p1" xmlns:xsi="http://www.w3.org/2001/XMLSchema-instance" xsi:schemaLocation="http://www.imsglobal.org/xsd/imsqti_v2p1 http://www.imsglobal.org/xsd/qti/qtiv2p1/imsqti_v2p1p1.xsd http://www.w3.org/1998/Math/MathML http://www.w3.org/Math/XMLSchema/mathml2/mathml2.xsd" identifier="id1e65caff-de42-4206-b747-8f4351d9b517" title="umformung_log_01" adaptive="false" timeDependent="false"><responseDeclaration identifier="RESPONSE_1390901574385" cardinality="single" baseType="string" /><outcomeDeclaration identifier="SCORE" cardinality="single" baseType="float"><defaultValue><value>0</value></defaultValue></outcomeDeclaration><outcomeDeclaration identifier="MAXSCORE" cardinality="single" baseType="float"><defaultValue><value>1</value></defaultValue></outcomeDeclaration><outcomeDeclaration identifier="FEEDBACKBASIC" cardinality="single" baseType="identifier" view="testConstructor"><defaultValue><value>empty</value></defaultValue></outcomeDeclaration><templateDeclaration identifier="z" cardinality="single" baseType="integer" /><templateDeclaration identifier="z2" cardinality="single" baseType="integer" /><templateDeclaration identifier="b" cardinality="single" baseType="integer" /><templateDeclaration identifier="ergebnis" cardinality="single" baseType="float" /><templateProcessing><setTemplateValue identifier="z"><randomInteger min="3" max="19" /></setTemplateValue><setTemplateValue identifier="z2"><customOperator definition="MAXIMA" value="float($(1)^2);"><variable identifier="z" /></customOperator></setTemplateValue><setTemplateValue identifier="b"><random><multiple><baseValue baseType="integer">3</baseValue><baseValue baseType="integer">4</baseValue><baseValue baseType="integer">5</baseValue><baseValue baseType="integer">6</baseValue><baseValue baseType="integer">8</baseValue><baseValue baseType="integer">9</baseValue><baseValue baseType="integer">10</baseValue></multiple></random></setTemplateValue><setTemplateValue identifier="ergebnis"><customOperator definition="MAXIMA" value="float(2/$(1));"><variable identifier="b" /></customOperator></setTemplateValue><setCorrectResponse identifier="RESPONSE_1390901574385"><customOperator definition="VARIABLESTRING" value="2/$(1)"><variable identifier="b" /></customOperator></setCorrectResponse></templateProcessing><itemBody ><p><span style="font-size: 10pt;">Formen Sie den Ausdruck um und geben Sie das Ergebnis <strong>exakt</strong> an.<br /></span></p><p><span style="font-size: 10pt;">\(\large\log_{<printedVariable identifier="z" />}\sqrt[<printedVariable identifier="b" />]{<printedVariable identifier="z2" />}=\) <textEntryInteraction responseIdentifier="RESPONSE_1390901574385" /></span></p><p><strong>Hinweis: </strong>Sie können Brüche in der Form \(\frac xy=\) <strong>x/y</strong> angeben. Geben Sie bitte <strong>keine Kommazahlen</strong> ein!</p></itemBody><responseProcessing><responseCondition><responseIf><customOperator definition="MAXIMA" value="is(equal(ev($(1),noeval),ev($(2))));" caseSensitive="false"><variable identifier="RESPONSE_1390901574385" /><correct identifier="RESPONSE_1390901574385" /></customOperator><setOutcomeValue identifier="SCORE"><sum><variable identifier="SCORE" /><baseValue baseType="float">1</baseValue></sum></setOutcomeValue></responseIf></responseCondition><responseCondition><responseIf><not><isNull><variable identifier="RESPONSE_1390901574385" /></isNull></not><setOutcomeValue identifier="FEEDBACKBASIC"><baseValue baseType="identifier">incorrect</baseValue></setOutcomeValue></responseIf></responseCondition><responseCondition><responseIf><and><not><match><variable identifier="FEEDBACKBASIC" /><baseValue baseType="identifier">empty</baseValue></match></not><equal toleranceMode="exact"><variable identifier="SCORE" /><variable identifier="MAXSCORE" /></equal></and><setOutcomeValue identifier="FEEDBACKBASIC"><baseValue baseType="identifier">correct</baseValue></setOutcomeValue></responseIf></responseCondition></responseProcessing></assessmentItem>
