<?xml version="1.0" encoding="UTF-8"?>
<assessmentItem xmlns="http://www.imsglobal.org/xsd/imsqti_v2p1" xmlns:xsi="http://www.w3.org/2001/XMLSchema-instance" xsi:schemaLocation="http://www.imsglobal.org/xsd/imsqti_v2p1 imsqti_v2p1.xsd" identifier="id18153615-8636-4610-89a9-c4145f3ef905" title="17. Grundlagen Projektmanagement" adaptive="false" timeDependent="false"><responseDeclaration identifier="RESPONSE_1" cardinality="multiple" baseType="identifier"><correctResponse><value>idc1b3785c-e413-4bd3-ac29-073dd38a91d4</value><value>id4865493b-58c9-46b5-8b86-f8793aa7f95b</value></correctResponse><mapping defaultValue="0" lowerBound="0.0"><mapEntry mapKey="idc1b3785c-e413-4bd3-ac29-073dd38a91d4" mappedValue="1.0" /><mapEntry mapKey="id9cb8d195-067c-4c19-a870-e1fe3dbf4caa" mappedValue="-1.0" /><mapEntry mapKey="id4c93d9bf-a349-470c-8710-036578d6a705" mappedValue="-1.0" /><mapEntry mapKey="id4865493b-58c9-46b5-8b86-f8793aa7f95b" mappedValue="1.0" /><mapEntry mapKey="id8f46d22f-9e25-49c5-b614-503009983f26" mappedValue="1.0" /></mapping></responseDeclaration><outcomeDeclaration identifier="SCORE" cardinality="single" baseType="float"><defaultValue><value>0</value></defaultValue></outcomeDeclaration><outcomeDeclaration identifier="MAXSCORE" cardinality="single" baseType="float"><defaultValue><value>2</value></defaultValue></outcomeDeclaration><outcomeDeclaration identifier="FEEDBACKBASIC" cardinality="single" baseType="identifier" view="testConstructor"><defaultValue><value>empty</value></defaultValue></outcomeDeclaration><itemBody><p xmlns=""><strong>Der Balkenplan ist:</strong></p><p xmlns="">(Klicken Sie die richtige(n) Antwort(en) an)</p><p xmlns=""> </p><p xmlns=""><strong>Antwort:</strong></p><choiceInteraction responseIdentifier="RESPONSE_1" shuffle="true" maxChoices="0"><simpleChoice identifier="idc1b3785c-e413-4bd3-ac29-073dd38a91d4"><p xmlns="">Voraussetzung für die Meilensteinplanung</p></simpleChoice><simpleChoice identifier="id9cb8d195-067c-4c19-a870-e1fe3dbf4caa"><p xmlns="">Nur in Verbindung mit den Kostenplan zu verwenden</p></simpleChoice><simpleChoice identifier="id4c93d9bf-a349-470c-8710-036578d6a705"><p xmlns="">Die Projektkostendarstellung in Balkenform</p></simpleChoice><simpleChoice identifier="id4865493b-58c9-46b5-8b86-f8793aa7f95b"><p xmlns="">Die grafische Darstellung der Termine und Fristen des Projektes</p></simpleChoice><simpleChoice identifier="id8f46d22f-9e25-49c5-b614-503009983f26"><p xmlns="">Die Grundlage zur Konstruktion eines Holztisches</p></simpleChoice></choiceInteraction></itemBody><responseProcessing><responseCondition><responseIf><not><isNull><variable identifier="RESPONSE_1" /></isNull></not><setOutcomeValue identifier="SCORE"><sum><variable identifier="SCORE" /><mapResponse identifier="RESPONSE_1" /></sum></setOutcomeValue><setOutcomeValue identifier="FEEDBACKBASIC"><baseValue baseType="identifier">incorrect</baseValue></setOutcomeValue></responseIf></responseCondition><responseCondition><responseIf><and><not><match><variable identifier="FEEDBACKBASIC" /><baseValue baseType="identifier">empty</baseValue></match></not><equal toleranceMode="exact"><variable identifier="SCORE" /><variable identifier="MAXSCORE" /></equal></and><setOutcomeValue identifier="FEEDBACKBASIC"><baseValue baseType="identifier">correct</baseValue></setOutcomeValue></responseIf></responseCondition></responseProcessing></assessmentItem>
