<?xml version="1.0" encoding="UTF-8"?>
<assessmentItem xmlns="http://www.imsglobal.org/xsd/imsqti_v2p1" xmlns:xsi="http://www.w3.org/2001/XMLSchema-instance" xsi:schemaLocation="http://www.imsglobal.org/xsd/imsqti_v2p1 http://www.imsglobal.org/xsd/qti/qtiv2p1/imsqti_v2p1p1.xsd http://www.w3.org/1998/Math/MathML http://www.w3.org/Math/XMLSchema/mathml2/mathml2.xsd" identifier="id1fee8c32-8f99-471a-af28-a7b15c2ee8b0" title="3x3DetGleichung" adaptive="false" timeDependent="false"><responseDeclaration identifier="RESPONSE_1409564923795" cardinality="single" baseType="string" /><outcomeDeclaration identifier="SCORE" cardinality="single" baseType="float"><defaultValue><value>0</value></defaultValue></outcomeDeclaration><outcomeDeclaration identifier="MAXSCORE" cardinality="single" baseType="float"><defaultValue><value>3</value></defaultValue></outcomeDeclaration><outcomeDeclaration identifier="FEEDBACKBASIC" cardinality="single" baseType="identifier" view="testConstructor"><defaultValue><value>empty</value></defaultValue></outcomeDeclaration><templateDeclaration identifier="b" cardinality="single" baseType="integer" /><templateDeclaration identifier="c" cardinality="single" baseType="integer" /><templateProcessing><setTemplateValue identifier="b"><randomInteger min="5" max="5" step="0" /></setTemplateValue><setTemplateValue identifier="c"><randomInteger min="-5" max="5" /></setTemplateValue><setCorrectResponse identifier="RESPONSE_1409564923795"><customOperator definition="VARIABLESTRING" value="{$(1)-5,2*$(1)+5,-$(1)+5}"><variable identifier="c" /></customOperator></setCorrectResponse></templateProcessing><itemBody ><p><p><strong>Berechnen Sie die Lösungsmenge L alle reellen Zahlen x für die die Determinante Null wird. Geben Sie L in Maxima Schreibweise als Menge ein. <br /></strong><em>Beispiel Maxima Schreibweise einer Menge: {2, -1, 4}</em></p><p>$$ \quad \begin{vmatrix} <printedVariable identifier="c" /> - x&amp; -5 &amp; <printedVariable identifier="c" /> \\ -5 &amp; <printedVariable identifier="c" />-x &amp; -<printedVariable identifier="c" /> \\ <printedVariable identifier="c" /> &amp; -<printedVariable identifier="c" /> &amp; 5-x \ \end{vmatrix} = 0 $$</p><p> L = <textEntryInteraction responseIdentifier="RESPONSE_1409564923795" expectedLength="5" class="maxima-formula show-latex show-syntax-error" /></p><p> </p></p></itemBody><responseProcessing><responseCondition><responseIf><customOperator definition="MAXIMA" value="is(equal(ev($(1)),ev($(2))));"><variable identifier="RESPONSE_1409564923795" /><correct identifier="RESPONSE_1409564923795" /></customOperator><setOutcomeValue identifier="SCORE"><sum><variable identifier="SCORE" /><baseValue baseType="float">3</baseValue></sum></setOutcomeValue></responseIf></responseCondition><responseCondition><responseIf><not><isNull><variable identifier="RESPONSE_1409564923795" /></isNull></not><setOutcomeValue identifier="FEEDBACKBASIC"><baseValue baseType="identifier">incorrect</baseValue></setOutcomeValue></responseIf></responseCondition><responseCondition><responseIf><and><not><match><variable identifier="FEEDBACKBASIC" /><baseValue baseType="identifier">empty</baseValue></match></not><equal toleranceMode="exact"><variable identifier="SCORE" /><variable identifier="MAXSCORE" /></equal></and><setOutcomeValue identifier="FEEDBACKBASIC"><baseValue baseType="identifier">correct</baseValue></setOutcomeValue></responseIf></responseCondition></responseProcessing></assessmentItem>
