<?xml version="1.0" encoding="UTF-8"?>
<assessmentItem xmlns="http://www.imsglobal.org/xsd/imsqti_v2p1" xmlns:xsi="http://www.w3.org/2001/XMLSchema-instance" xsi:schemaLocation="http://www.imsglobal.org/xsd/imsqti_v2p1 http://www.imsglobal.org/xsd/qti/qtiv2p1/imsqti_v2p1p1.xsd http://www.w3.org/1998/Math/MathML http://www.w3.org/Math/XMLSchema/mathml2/mathml2.xsd" identifier="id54be4640-83b4-4964-8fc9-b96161953688" title="integral_x*sin(a*x^2+b)" adaptive="false" timeDependent="false"><responseDeclaration identifier="RESPONSE_1400145648758" cardinality="single" baseType="string" /><outcomeDeclaration identifier="SCORE" cardinality="single" baseType="float"><defaultValue><value>0</value></defaultValue></outcomeDeclaration><outcomeDeclaration identifier="MAXSCORE" cardinality="single" baseType="float"><defaultValue><value>1</value></defaultValue></outcomeDeclaration><outcomeDeclaration identifier="FEEDBACKBASIC" cardinality="single" baseType="identifier" view="testConstructor"><defaultValue><value>empty</value></defaultValue></outcomeDeclaration><templateDeclaration identifier="a" cardinality="single" baseType="integer" /><templateDeclaration identifier="b" cardinality="single" baseType="integer" /><templateProcessing><setTemplateValue identifier="a"><randomInteger min="2" max="10" /></setTemplateValue><setTemplateValue identifier="b"><randomInteger min="1" max="10" /></setTemplateValue><setCorrectResponse identifier="RESPONSE_1400145648758"><customOperator definition="VARIABLESTRING" value="-cos($(1)*x^2+$(2))/(2*$(1))"><variable identifier="a" /><variable identifier="b" /></customOperator></setCorrectResponse></templateProcessing><itemBody ><p>Geben Sie das unbestimmte Integral an!</p><p>\(\displaystyle \int x\cdot\sin(<printedVariable identifier="a" />x^2+<printedVariable identifier="b" />)\,\mathrm dx\) = <textEntryInteraction responseIdentifier="RESPONSE_1400145648758" class="maxima-formula" />\(+ C\)</p><p><span style="text-decoration: underline;">Hinweise zur Formeleingabe:</span></p><p><span style="font-size: 10pt;">\(a\cdot b\) = <strong>a*b</strong>, \(a^b\) = <strong>a^b</strong>, \(\frac ab\) = <strong>a/b</strong>, \(\sin x\) = <strong>sin(x)</strong>, \(\cos x\) = <strong>cos(x)</strong></span></p></itemBody><responseProcessing><responseCondition><responseIf><customOperator definition="MAXIMA" value="is(equal(ev($(1)),ev($(2))));"><variable identifier="RESPONSE_1400145648758" /><correct identifier="RESPONSE_1400145648758" /></customOperator><setOutcomeValue identifier="SCORE"><sum><variable identifier="SCORE" /><baseValue baseType="float">1</baseValue></sum></setOutcomeValue></responseIf></responseCondition><responseCondition><responseIf><not><isNull><variable identifier="RESPONSE_1400145648758" /></isNull></not><setOutcomeValue identifier="FEEDBACKBASIC"><baseValue baseType="identifier">incorrect</baseValue></setOutcomeValue></responseIf></responseCondition><responseCondition><responseIf><and><not><match><variable identifier="FEEDBACKBASIC" /><baseValue baseType="identifier">empty</baseValue></match></not><equal toleranceMode="exact"><variable identifier="SCORE" /><variable identifier="MAXSCORE" /></equal></and><setOutcomeValue identifier="FEEDBACKBASIC"><baseValue baseType="identifier">correct</baseValue></setOutcomeValue></responseIf></responseCondition></responseProcessing></assessmentItem>
