<?xml version="1.0" encoding="UTF-8"?>
<assessmentItem xmlns="http://www.imsglobal.org/xsd/imsqti_v2p1" xmlns:xsi="http://www.w3.org/2001/XMLSchema-instance" xsi:schemaLocation="http://www.imsglobal.org/xsd/imsqti_v2p1 http://www.imsglobal.org/xsd/qti/qtiv2p1/imsqti_v2p1p1.xsd http://www.w3.org/1998/Math/MathML http://www.w3.org/Math/XMLSchema/mathml2/mathml2.xsd" identifier="id23c42cdd-57a7-4dd9-9619-728d7c42eb58" title="KonfidenzintervallBinomial" adaptive="false" timeDependent="false"><responseDeclaration identifier="RESPONSE_1403345821107" cardinality="single" baseType="float"><correctResponse><value>0</value></correctResponse></responseDeclaration><responseDeclaration identifier="RESPONSE_1403347570542" cardinality="single" baseType="float"><correctResponse><value>0</value></correctResponse></responseDeclaration><responseDeclaration identifier="RESPONSE_1403345839422" cardinality="single" baseType="float"><correctResponse><value>0</value></correctResponse></responseDeclaration><outcomeDeclaration identifier="SCORE" cardinality="single" baseType="float"><defaultValue><value>0</value></defaultValue></outcomeDeclaration><outcomeDeclaration identifier="MAXSCORE" cardinality="single" baseType="float"><defaultValue><value>6</value></defaultValue></outcomeDeclaration><outcomeDeclaration identifier="FEEDBACKBASIC" cardinality="single" baseType="identifier" view="testConstructor"><defaultValue><value>empty</value></defaultValue></outcomeDeclaration><outcomeDeclaration identifier="FEEDBACKMODAL" cardinality="multiple" baseType="identifier" view="testConstructor" /><templateDeclaration identifier="DistribDummy" cardinality="single" baseType="integer" /><templateDeclaration identifier="n" cardinality="single" baseType="integer" /><templateDeclaration identifier="w" cardinality="single" baseType="integer" /><templateDeclaration identifier="pu" cardinality="single" baseType="float" /><templateDeclaration identifier="t" cardinality="single" baseType="float" /><templateDeclaration identifier="normal" cardinality="single" baseType="float" /><templateProcessing><setTemplateValue identifier="DistribDummy"><customOperator definition="MAXIMA" value="float(load(distrib));" /></setTemplateValue><setTemplateValue identifier="n"><randomInteger min="400" max="500" /></setTemplateValue><setTemplateValue identifier="w"><customOperator definition="MAXIMA" value="float($(1)-90);"><variable identifier="n" /></customOperator></setTemplateValue><setTemplateValue identifier="pu"><customOperator definition="MAXIMA" value="float($(1)/$(2));"><variable identifier="w" /><variable identifier="n" /></customOperator></setTemplateValue><setTemplateValue identifier="t"><customOperator definition="MAXIMA" value="float(quantile_normal((1+0.95)/2, 0,1)/$(1)*sqrt($(2)*$(3)*(1-$(4))))"><variable identifier="n" /><variable identifier="n" /><variable identifier="pu" /><variable identifier="pu" /></customOperator></setTemplateValue><setTemplateValue identifier="normal"><customOperator definition="MAXIMA" value="float($(1)*$(2)*(1-$(3)));"><variable identifier="n" /><variable identifier="pu" /><variable identifier="pu" /></customOperator></setTemplateValue><setCorrectResponse identifier="RESPONSE_1403345821107"><variable identifier="pu" /></setCorrectResponse><setCorrectResponse identifier="RESPONSE_1403347570542"><variable identifier="normal" /></setCorrectResponse><setCorrectResponse identifier="RESPONSE_1403345839422"><variable identifier="t" /></setCorrectResponse></templateProcessing><itemBody ><p><p>Eine Klebepistole eines Roboters einer Verpackungsanlage muß ein kleines vorgezeichnetes Kreuz einer Verpackung treffen. Um festzustellen wie hoch die Trefferquote ist, werden Stichproben entnommen und es wird festgestellt ob das Kreuz getroffen wurde oder nicht.</p><p>Es wurde eine Stichprobe von n = <printedVariable identifier="n" /> Verpackungen untersucht und es wurde in <printedVariable identifier="w" /> Fällen das Kreuz getroffen.</p><p>Berechnen Sie auf (zwei Stellen nach dem Komma gerundet) einen Schätzwert \(\hat{p}\) für die unbekannte Trefferquote p</p><p>\( \hat{p}\) = <textEntryInteraction responseIdentifier="RESPONSE_1403345821107" expectedLength="2" /></p><p>Berechnen Sie die Größe \(n \cdot \hat{p}\cdot (1- \hat{p}) \) = <textEntryInteraction responseIdentifier="RESPONSE_1403347570542" expectedLength="5" /> \( \ge 9\) ?</p><p>Falls \(n \cdot \hat{p}\cdot (1- \hat{p}) \ge 9\) ist, kann man mit Hilfe eines geigneten Standartnormalquantiles ein Konfidentintervall I berechnen. Berechne ein solches I zum Niveau \( \gamma = \) 0.95 , runden Sie den Radius r auf zwei Stellen nach dem Komma:</p><p>\(I = [\hat{p}-r,\hat{p}+r ]\) mit  r = <textEntryInteraction responseIdentifier="RESPONSE_1403345839422" expectedLength="1" /></p><p> </p></p></itemBody><responseProcessing><responseCondition><responseIf><equal toleranceMode="absolute" tolerance="0.1 0.1" includeLowerBound="true" includeUpperBound="true"><variable identifier="RESPONSE_1403345821107" /><correct identifier="RESPONSE_1403345821107" /></equal><setOutcomeValue identifier="SCORE"><sum><variable identifier="SCORE" /><baseValue baseType="float">1</baseValue></sum></setOutcomeValue></responseIf></responseCondition><responseCondition><responseIf><not><isNull><variable identifier="RESPONSE_1403345821107" /></isNull></not><setOutcomeValue identifier="FEEDBACKBASIC"><baseValue baseType="identifier">incorrect</baseValue></setOutcomeValue></responseIf></responseCondition><responseCondition><responseIf><equal toleranceMode="absolute" tolerance="0.1 0.1" includeLowerBound="true" includeUpperBound="true"><variable identifier="RESPONSE_1403347570542" /><correct identifier="RESPONSE_1403347570542" /></equal><setOutcomeValue identifier="SCORE"><sum><variable identifier="SCORE" /><baseValue baseType="float">1</baseValue></sum></setOutcomeValue></responseIf></responseCondition><responseCondition><responseIf><not><isNull><variable identifier="RESPONSE_1403347570542" /></isNull></not><setOutcomeValue identifier="FEEDBACKBASIC"><baseValue baseType="identifier">incorrect</baseValue></setOutcomeValue></responseIf></responseCondition><responseCondition><responseIf><equal toleranceMode="absolute" tolerance="0.01 0.01" includeLowerBound="true" includeUpperBound="true"><variable identifier="RESPONSE_1403345839422" /><correct identifier="RESPONSE_1403345839422" /></equal><setOutcomeValue identifier="SCORE"><sum><variable identifier="SCORE" /><baseValue baseType="float">4</baseValue></sum></setOutcomeValue></responseIf></responseCondition><responseCondition><responseIf><not><isNull><variable identifier="RESPONSE_1403345839422" /></isNull></not><setOutcomeValue identifier="FEEDBACKBASIC"><baseValue baseType="identifier">incorrect</baseValue></setOutcomeValue></responseIf></responseCondition><responseCondition><responseIf><and><not><match><variable identifier="FEEDBACKBASIC" /><baseValue baseType="identifier">empty</baseValue></match></not><equal toleranceMode="exact"><variable identifier="SCORE" /><variable identifier="MAXSCORE" /></equal></and><setOutcomeValue identifier="FEEDBACKBASIC"><baseValue baseType="identifier">correct</baseValue></setOutcomeValue></responseIf></responseCondition><responseCondition><responseIf><and><match><baseValue baseType="identifier">incorrect</baseValue><variable identifier="FEEDBACKBASIC" /></match></and><setOutcomeValue identifier="FEEDBACKMODAL"><multiple><variable identifier="FEEDBACKMODAL" /><baseValue baseType="identifier">Feedback306705272</baseValue></multiple></setOutcomeValue></responseIf></responseCondition></responseProcessing><modalFeedback  identifier="Feedback306705272" outcomeIdentifier="FEEDBACKMODAL" showHide="show"><p>Unter der Bedingung  \( n\hat p (1-\hat p) \ge 9\)  macht man den Ansatz</p><p style="-qt-block-indent: 0; text-indent: 0px; margin: 0px;">\[ P(-c \leq \frac{n \hat P -np}{\sqrt{n P(1- P)}} \leq c) = \gamma \leftrightarrow 2 \cdot P( \frac{n \hat P -np}{\sqrt{n P(1- P)}} \leq c) - 1 = \gamma \] mit dann als normalverteilt angenommenen</p><p style="-qt-block-indent: 0; text-indent: 0px; margin: 0px;">\( \frac{n \hat{P} -np}{\sqrt{n P(1- P)}}\). Gesucht ist damit dann c als das Standartnormalquantil zu \( \frac{\gamma +1}{2}\)</p><p style="-qt-block-indent: 0; text-indent: 0px; margin: 0px;"> </p><p style="-qt-block-indent: 0; text-indent: 0px; margin: 0px;">Umformen des inneren der Ansatzgleichung nach p liefert dann das gesuchte Konfidenzintervall:</p><p style="-qt-block-indent: 0; text-indent: 0px; margin: 0px;">(hierbei nimmt man zusätzlich noch an, dass \(\sqrt{n P(1- P)} = \sqrt{n \hat P(1-\hat P)}\))</p><p style="-qt-block-indent: 0; text-indent: 0px; margin: 0px;"> </p><p style="-qt-block-indent: 0; text-indent: 0px; margin: 0px;">\[ \hat p - \frac cn \sqrt{n\hat p (1-\hat p)} \leq p \leq \hat p + \frac cn \sqrt{n\hat p (1-\hat p)} \]</p></modalFeedback></assessmentItem>
