<?xml version="1.0" encoding="UTF-8"?>
<assessmentItem xmlns="http://www.imsglobal.org/xsd/imsqti_v2p1" xmlns:xsi="http://www.w3.org/2001/XMLSchema-instance" xsi:schemaLocation="http://www.imsglobal.org/xsd/imsqti_v2p1 http://www.imsglobal.org/xsd/qti/qtiv2p1/imsqti_v2p1p1.xsd http://www.w3.org/1998/Math/MathML http://www.w3.org/Math/XMLSchema/mathml2/mathml2.xsd" identifier="idab97c745-9a0b-43ee-8da4-e3a7114f80bf" title="sinus_1/x_diff_02" adaptive="false" timeDependent="false"><responseDeclaration identifier="RESPONSE_1" cardinality="multiple" baseType="identifier"><correctResponse><value>idba3c0325-0951-427a-a134-3f104da65749</value><value>idec27b6a8-f964-4c09-91de-ae895fe14cc4</value></correctResponse></responseDeclaration><outcomeDeclaration identifier="SCORE" cardinality="single" baseType="float"><defaultValue><value>0</value></defaultValue></outcomeDeclaration><outcomeDeclaration identifier="MAXSCORE" cardinality="single" baseType="float"><defaultValue><value>1</value></defaultValue></outcomeDeclaration><outcomeDeclaration identifier="FEEDBACKBASIC" cardinality="single" baseType="identifier"><defaultValue><value>empty</value></defaultValue></outcomeDeclaration><outcomeDeclaration identifier="FEEDBACKMODAL" cardinality="multiple" baseType="identifier" view="testConstructor" /><itemBody ><p style="-qt-block-indent: 0; text-indent: 0px; margin: 0px;">Man betrachte die Funktion \(\displaystyle f(x)=x^2\sin\frac{1}{x}\).</p><p style="-qt-block-indent: 0; text-indent: 0px; margin: 0px;">Welche Aussagen sind wahr?</p><choiceInteraction responseIdentifier="RESPONSE_1" shuffle="false" maxChoices="0"><simpleChoice identifier="idba3c0325-0951-427a-a134-3f104da65749"><p>Der Grenzwert der Funktion \(f\) für \(x\to0\) existiert.</p></simpleChoice><simpleChoice identifier="idec27b6a8-f964-4c09-91de-ae895fe14cc4"><p>\(f'(0)\) existiert.</p></simpleChoice><simpleChoice identifier="ida29beb37-8227-47f9-918d-28a523ba3c3f"><p>Die erste Ableitung der Funktion \(f\) ist stetig im Punkt \(x=0\).</p></simpleChoice></choiceInteraction></itemBody><responseProcessing><responseCondition><responseIf><isNull><variable identifier="RESPONSE_1" /></isNull><setOutcomeValue identifier="FEEDBACKBASIC"><baseValue baseType="identifier">empty</baseValue></setOutcomeValue></responseIf><responseElseIf><match><variable identifier="RESPONSE_1" /><correct identifier="RESPONSE_1" /></match><setOutcomeValue identifier="SCORE"><sum><variable identifier="SCORE" /><variable identifier="MAXSCORE" /></sum></setOutcomeValue><setOutcomeValue identifier="FEEDBACKBASIC"><baseValue baseType="identifier">correct</baseValue></setOutcomeValue></responseElseIf><responseElse><setOutcomeValue identifier="FEEDBACKBASIC"><baseValue baseType="identifier">incorrect</baseValue></setOutcomeValue></responseElse></responseCondition><responseCondition><responseIf><and><not><member><baseValue baseType="identifier">idec27b6a8-f964-4c09-91de-ae895fe14cc4</baseValue><variable identifier="RESPONSE_1" /></member></not></and><setOutcomeValue identifier="FEEDBACKMODAL"><multiple><variable identifier="FEEDBACKMODAL" /><baseValue baseType="identifier">Feedback188986219</baseValue></multiple></setOutcomeValue></responseIf></responseCondition></responseProcessing><modalFeedback  identifier="Feedback188986219" outcomeIdentifier="FEEDBACKMODAL" showHide="show"><p>Tipp: Verwende die Definition der ersten Ableitung über den Grenzwert des Differenzenquotienten an der Stelle \(x=0\).</p></modalFeedback></assessmentItem>
