<?xml version="1.0" encoding="UTF-8"?>
<assessmentItem xmlns="http://www.imsglobal.org/xsd/imsqti_v2p1" xmlns:xsi="http://www.w3.org/2001/XMLSchema-instance" xsi:schemaLocation="http://www.imsglobal.org/xsd/imsqti_v2p1 http://www.imsglobal.org/xsd/qti/qtiv2p1/imsqti_v2p1p1.xsd http://www.w3.org/1998/Math/MathML http://www.w3.org/Math/XMLSchema/mathml2/mathml2.xsd" identifier="idb306e21f-9240-430e-8443-727255c2e53a" title="Determinante3x3" adaptive="false" timeDependent="false"><responseDeclaration identifier="RESPONSE_1385736382791" cardinality="single" baseType="float"><correctResponse><value>0</value></correctResponse></responseDeclaration><outcomeDeclaration identifier="SCORE" cardinality="single" baseType="float"><defaultValue><value>0</value></defaultValue></outcomeDeclaration><outcomeDeclaration identifier="MAXSCORE" cardinality="single" baseType="float"><defaultValue><value>1</value></defaultValue></outcomeDeclaration><outcomeDeclaration identifier="FEEDBACKBASIC" cardinality="single" baseType="identifier" view="testConstructor"><defaultValue><value>empty</value></defaultValue></outcomeDeclaration><outcomeDeclaration identifier="FEEDBACKMODAL" cardinality="multiple" baseType="identifier" view="testConstructor" /><templateDeclaration identifier="a11" cardinality="single" baseType="integer" /><templateDeclaration identifier="a12" cardinality="single" baseType="integer" /><templateDeclaration identifier="a13" cardinality="single" baseType="integer" /><templateDeclaration identifier="a21" cardinality="single" baseType="integer" /><templateDeclaration identifier="a22" cardinality="single" baseType="integer" /><templateDeclaration identifier="a23" cardinality="single" baseType="integer" /><templateDeclaration identifier="a31" cardinality="single" baseType="integer" /><templateDeclaration identifier="a32" cardinality="single" baseType="integer" /><templateDeclaration identifier="a33" cardinality="single" baseType="integer" /><templateDeclaration identifier="ergebnis" cardinality="single" baseType="float" /><templateDeclaration identifier="b1" cardinality="single" baseType="integer" /><templateDeclaration identifier="b2" cardinality="single" baseType="integer" /><templateDeclaration identifier="b3" cardinality="single" baseType="integer" /><templateDeclaration identifier="b4" cardinality="single" baseType="integer" /><templateDeclaration identifier="b5" cardinality="single" baseType="integer" /><templateDeclaration identifier="b6" cardinality="single" baseType="integer" /><templateProcessing><setTemplateValue identifier="a11"><random><multiple><baseValue baseType="integer">-3</baseValue><baseValue baseType="integer">-2</baseValue><baseValue baseType="integer">-1</baseValue><baseValue baseType="integer">1</baseValue><baseValue baseType="integer">2</baseValue><baseValue baseType="integer">3</baseValue></multiple></random></setTemplateValue><setTemplateValue identifier="a12"><random><multiple><baseValue baseType="integer">-3</baseValue><baseValue baseType="integer">-2</baseValue><baseValue baseType="integer">-1</baseValue><baseValue baseType="integer">1</baseValue><baseValue baseType="integer">2</baseValue><baseValue baseType="integer">3</baseValue></multiple></random></setTemplateValue><setTemplateValue identifier="a13"><randomInteger min="-3" max="3" /></setTemplateValue><setTemplateValue identifier="a21"><random><multiple><baseValue baseType="integer">-3</baseValue><baseValue baseType="integer">-2</baseValue><baseValue baseType="integer">-1</baseValue><baseValue baseType="integer">1</baseValue><baseValue baseType="integer">2</baseValue><baseValue baseType="integer">3</baseValue></multiple></random></setTemplateValue><setTemplateValue identifier="a22"><randomInteger min="-3" max="3" /></setTemplateValue><setTemplateValue identifier="a23"><random><multiple><baseValue baseType="integer">-3</baseValue><baseValue baseType="integer">-2</baseValue><baseValue baseType="integer">-1</baseValue><baseValue baseType="integer">1</baseValue><baseValue baseType="integer">2</baseValue><baseValue baseType="integer">3</baseValue></multiple></random></setTemplateValue><setTemplateValue identifier="a31"><randomInteger min="-3" max="3" /></setTemplateValue><setTemplateValue identifier="a32"><random><multiple><baseValue baseType="integer">-3</baseValue><baseValue baseType="integer">-2</baseValue><baseValue baseType="integer">-1</baseValue><baseValue baseType="integer">1</baseValue><baseValue baseType="integer">2</baseValue><baseValue baseType="integer">3</baseValue></multiple></random></setTemplateValue><setTemplateValue identifier="a33"><random><multiple><baseValue baseType="integer">-3</baseValue><baseValue baseType="integer">-2</baseValue><baseValue baseType="integer">-1</baseValue><baseValue baseType="integer">1</baseValue><baseValue baseType="integer">2</baseValue><baseValue baseType="integer">3</baseValue></multiple></random></setTemplateValue><setTemplateValue identifier="ergebnis"><customOperator definition="MAXIMA" value="float(determinant(matrix([$(1),$(2),$(3)],[$(4),$(5),$(6)],[$(7),$(8),$(9)])));"><variable identifier="a11" /><variable identifier="a12" /><variable identifier="a13" /><variable identifier="a21" /><variable identifier="a22" /><variable identifier="a23" /><variable identifier="a31" /><variable identifier="a32" /><variable identifier="a33" /></customOperator></setTemplateValue><setTemplateValue identifier="b1"><customOperator definition="MAXIMA" value="float($(1)*$(2)*$(3));"><variable identifier="a11" /><variable identifier="a22" /><variable identifier="a33" /></customOperator></setTemplateValue><setTemplateValue identifier="b2"><customOperator definition="MAXIMA" value="float($(1)*$(2)*$(3));"><variable identifier="a12" /><variable identifier="a23" /><variable identifier="a31" /></customOperator></setTemplateValue><setTemplateValue identifier="b3"><customOperator definition="MAXIMA" value="float($(1)*$(2)*$(3));"><variable identifier="a13" /><variable identifier="a21" /><variable identifier="a32" /></customOperator></setTemplateValue><setTemplateValue identifier="b4"><customOperator definition="MAXIMA" value="float($(1)*$(2)*$(3));"><variable identifier="a31" /><variable identifier="a22" /><variable identifier="a13" /></customOperator></setTemplateValue><setTemplateValue identifier="b5"><customOperator definition="MAXIMA" value="float($(1)*$(2)*$(3));"><variable identifier="a11" /><variable identifier="a32" /><variable identifier="a23" /></customOperator></setTemplateValue><setTemplateValue identifier="b6"><customOperator definition="MAXIMA" value="float($(1)*$(2)*$(3));"><variable identifier="a33" /><variable identifier="a21" /><variable identifier="a12" /></customOperator></setTemplateValue><setCorrectResponse identifier="RESPONSE_1385736382791"><variable identifier="ergebnis" /></setCorrectResponse></templateProcessing><itemBody ><p>Berechnen Sie die Determinante der Matrix</p><p>\[A=\begin{pmatrix}<printedVariable identifier="a11" />&amp;<printedVariable identifier="a12" />&amp;<printedVariable identifier="a13" />\\<printedVariable identifier="a21" />&amp;<printedVariable identifier="a22" />&amp;<printedVariable identifier="a23" />\\<printedVariable identifier="a31" />&amp;<printedVariable identifier="a32" />&amp;<printedVariable identifier="a33" />\end{pmatrix}.\]</p><p>\(\det(A)\) = <textEntryInteraction responseIdentifier="RESPONSE_1385736382791" /></p></itemBody><responseProcessing><responseCondition><responseIf><equal toleranceMode="exact"><variable identifier="RESPONSE_1385736382791" /><correct identifier="RESPONSE_1385736382791" /></equal><setOutcomeValue identifier="SCORE"><sum><variable identifier="SCORE" /><baseValue baseType="float">1</baseValue></sum></setOutcomeValue></responseIf></responseCondition><responseCondition><responseIf><not><isNull><variable identifier="RESPONSE_1385736382791" /></isNull></not><setOutcomeValue identifier="FEEDBACKBASIC"><baseValue baseType="identifier">incorrect</baseValue></setOutcomeValue></responseIf></responseCondition><responseCondition><responseIf><and><not><match><variable identifier="FEEDBACKBASIC" /><baseValue baseType="identifier">empty</baseValue></match></not><equal toleranceMode="exact"><variable identifier="SCORE" /><variable identifier="MAXSCORE" /></equal></and><setOutcomeValue identifier="FEEDBACKBASIC"><baseValue baseType="identifier">correct</baseValue></setOutcomeValue></responseIf></responseCondition><responseCondition><responseIf><and><match><baseValue baseType="identifier">correct</baseValue><variable identifier="FEEDBACKBASIC" /></match></and><setOutcomeValue identifier="FEEDBACKMODAL"><multiple><variable identifier="FEEDBACKMODAL" /><baseValue baseType="identifier">Feedback849512927</baseValue></multiple></setOutcomeValue></responseIf></responseCondition><responseCondition><responseIf><and><match><baseValue baseType="identifier">incorrect</baseValue><variable identifier="FEEDBACKBASIC" /></match></and><setOutcomeValue identifier="FEEDBACKMODAL"><multiple><variable identifier="FEEDBACKMODAL" /><baseValue baseType="identifier">Feedback582213771</baseValue></multiple></setOutcomeValue></responseIf></responseCondition></responseProcessing><modalFeedback  identifier="Feedback849512927" outcomeIdentifier="FEEDBACKMODAL" showHide="show" title="Richtig!" /><modalFeedback  identifier="Feedback582213771" outcomeIdentifier="FEEDBACKMODAL" showHide="show" title="Leider falsch!"><p>\[\det A=\det\begin{pmatrix}<printedVariable identifier="a11" />&amp;<printedVariable identifier="a12" />&amp;<printedVariable identifier="a13" />\\<printedVariable identifier="a21" />&amp;<printedVariable identifier="a22" />&amp;<printedVariable identifier="a23" />\\<printedVariable identifier="a31" />&amp;<printedVariable identifier="a32" />&amp;<printedVariable identifier="a33" />\end{pmatrix} = <printedVariable identifier="b1" /> + <printedVariable identifier="b2" /> + <printedVariable identifier="b3" /> - (<printedVariable identifier="b4" /> + <printedVariable identifier="b5" /> + <printedVariable identifier="b6" />) = <printedVariable identifier="ergebnis" />\]</p></modalFeedback></assessmentItem>
