<?xml version="1.0" encoding="UTF-8"?>
<assessmentItem xmlns="http://www.imsglobal.org/xsd/imsqti_v2p1" xmlns:xsi="http://www.w3.org/2001/XMLSchema-instance" xsi:schemaLocation="http://www.imsglobal.org/xsd/imsqti_v2p1 http://www.imsglobal.org/xsd/qti/qtiv2p1/imsqti_v2p1p1.xsd http://www.w3.org/1998/Math/MathML http://www.w3.org/Math/XMLSchema/mathml2/mathml2.xsd" identifier="id7675fd32-4b07-409c-9f85-827381855ed4" title="tabelle_not(q_implies_p)_or_(p_or_q)" adaptive="false" timeDependent="false"><responseDeclaration identifier="RESPONSE_1413275663413" cardinality="single" baseType="float"><correctResponse><value>0</value></correctResponse></responseDeclaration><responseDeclaration identifier="RESPONSE_1413275685564" cardinality="single" baseType="float"><correctResponse><value>1</value></correctResponse></responseDeclaration><responseDeclaration identifier="RESPONSE_1413275691431" cardinality="single" baseType="float"><correctResponse><value>1</value></correctResponse></responseDeclaration><responseDeclaration identifier="RESPONSE_1413275697904" cardinality="single" baseType="float"><correctResponse><value>1</value></correctResponse></responseDeclaration><outcomeDeclaration identifier="SCORE" cardinality="single" baseType="float"><defaultValue><value>0</value></defaultValue></outcomeDeclaration><outcomeDeclaration identifier="MAXSCORE" cardinality="single" baseType="float"><defaultValue><value>2</value></defaultValue></outcomeDeclaration><outcomeDeclaration identifier="FEEDBACKBASIC" cardinality="single" baseType="identifier" view="testConstructor"><defaultValue><value>empty</value></defaultValue></outcomeDeclaration><itemBody ><p>Geben Sie jeweils den Wahrheitswert der Aussage \(\neg(q\Rightarrow p)\vee(q\vee p)\) an!<br />(\(1=\) wahr, \(0=\) falsch)</p><table><tbody><tr><td style="text-align: center;">\(p\)</td><td style="text-align: center;">    </td><td style="text-align: center;">\(q\)</td><td style="text-align: center;">    </td><td style="text-align: center;">  \(\neg(q\Rightarrow p)\vee(q\vee p)\)</td></tr><tr><td style="text-align: center;">\(0\)</td><td style="text-align: center;"> </td><td style="text-align: center;">\(0\)</td><td style="text-align: center;"> </td><td style="text-align: center;"> <textEntryInteraction responseIdentifier="RESPONSE_1413275663413" expectedLength="1" /></td></tr><tr><td style="text-align: center;">\(0\)</td><td style="text-align: center;"> </td><td style="text-align: center;">\(1\)</td><td style="text-align: center;"> </td><td style="text-align: center;"> <textEntryInteraction responseIdentifier="RESPONSE_1413275685564" expectedLength="1" /></td></tr><tr><td style="text-align: center;">\(1\)</td><td style="text-align: center;"> </td><td style="text-align: center;">\(0\)</td><td style="text-align: center;"> </td><td style="text-align: center;"> <textEntryInteraction responseIdentifier="RESPONSE_1413275691431" expectedLength="1" /></td></tr><tr><td style="text-align: center;">\(1\)</td><td style="text-align: center;"> </td><td style="text-align: center;">\(1\)</td><td style="text-align: center;"> </td><td style="text-align: center;"> <textEntryInteraction responseIdentifier="RESPONSE_1413275697904" expectedLength="1" /></td></tr></tbody></table></itemBody><responseProcessing><responseCondition><responseIf><equal toleranceMode="exact"><variable identifier="RESPONSE_1413275663413" /><correct identifier="RESPONSE_1413275663413" /></equal><setOutcomeValue identifier="SCORE"><sum><variable identifier="SCORE" /><baseValue baseType="float">0.5</baseValue></sum></setOutcomeValue></responseIf></responseCondition><responseCondition><responseIf><not><isNull><variable identifier="RESPONSE_1413275663413" /></isNull></not><setOutcomeValue identifier="FEEDBACKBASIC"><baseValue baseType="identifier">incorrect</baseValue></setOutcomeValue></responseIf></responseCondition><responseCondition><responseIf><equal toleranceMode="exact"><variable identifier="RESPONSE_1413275685564" /><correct identifier="RESPONSE_1413275685564" /></equal><setOutcomeValue identifier="SCORE"><sum><variable identifier="SCORE" /><baseValue baseType="float">0.5</baseValue></sum></setOutcomeValue></responseIf></responseCondition><responseCondition><responseIf><not><isNull><variable identifier="RESPONSE_1413275685564" /></isNull></not><setOutcomeValue identifier="FEEDBACKBASIC"><baseValue baseType="identifier">incorrect</baseValue></setOutcomeValue></responseIf></responseCondition><responseCondition><responseIf><equal toleranceMode="exact"><variable identifier="RESPONSE_1413275691431" /><correct identifier="RESPONSE_1413275691431" /></equal><setOutcomeValue identifier="SCORE"><sum><variable identifier="SCORE" /><baseValue baseType="float">0.5</baseValue></sum></setOutcomeValue></responseIf></responseCondition><responseCondition><responseIf><not><isNull><variable identifier="RESPONSE_1413275691431" /></isNull></not><setOutcomeValue identifier="FEEDBACKBASIC"><baseValue baseType="identifier">incorrect</baseValue></setOutcomeValue></responseIf></responseCondition><responseCondition><responseIf><equal toleranceMode="exact"><variable identifier="RESPONSE_1413275697904" /><correct identifier="RESPONSE_1413275697904" /></equal><setOutcomeValue identifier="SCORE"><sum><variable identifier="SCORE" /><baseValue baseType="float">0.5</baseValue></sum></setOutcomeValue></responseIf></responseCondition><responseCondition><responseIf><not><isNull><variable identifier="RESPONSE_1413275697904" /></isNull></not><setOutcomeValue identifier="FEEDBACKBASIC"><baseValue baseType="identifier">incorrect</baseValue></setOutcomeValue></responseIf></responseCondition><responseCondition><responseIf><and><not><match><variable identifier="FEEDBACKBASIC" /><baseValue baseType="identifier">empty</baseValue></match></not><equal toleranceMode="exact"><variable identifier="SCORE" /><variable identifier="MAXSCORE" /></equal></and><setOutcomeValue identifier="FEEDBACKBASIC"><baseValue baseType="identifier">correct</baseValue></setOutcomeValue></responseIf></responseCondition></responseProcessing></assessmentItem>
