<?xml version="1.0" encoding="UTF-8"?>
<assessmentItem xmlns="http://www.imsglobal.org/xsd/imsqti_v2p1" xmlns:xsi="http://www.w3.org/2001/XMLSchema-instance" xsi:schemaLocation="http://www.imsglobal.org/xsd/imsqti_v2p1 http://www.imsglobal.org/xsd/qti/qtiv2p1/imsqti_v2p1p1.xsd http://www.w3.org/1998/Math/MathML http://www.w3.org/Math/XMLSchema/mathml2/mathml2.xsd" identifier="ide792a138-5663-46e1-9abd-326311e75cc7" title="TermalgebraIII" adaptive="false" timeDependent="false"><responseDeclaration identifier="RESPONSE_1406095206749" cardinality="single" baseType="string" /><outcomeDeclaration identifier="SCORE" cardinality="single" baseType="float"><defaultValue><value>0</value></defaultValue></outcomeDeclaration><outcomeDeclaration identifier="MAXSCORE" cardinality="single" baseType="float"><defaultValue><value>1</value></defaultValue></outcomeDeclaration><outcomeDeclaration identifier="FEEDBACKBASIC" cardinality="single" baseType="identifier" view="testConstructor"><defaultValue><value>empty</value></defaultValue></outcomeDeclaration><templateDeclaration identifier="a" cardinality="single" baseType="integer" /><templateDeclaration identifier="b" cardinality="single" baseType="float" /><templateDeclaration identifier="c" cardinality="single" baseType="integer" /><templateProcessing><setTemplateValue identifier="a"><random><multiple><baseValue baseType="integer">3</baseValue><baseValue baseType="integer">5</baseValue><baseValue baseType="integer">7</baseValue></multiple></random></setTemplateValue><setTemplateValue identifier="b"><customOperator definition="MAXIMA" value="float(($(1)+1)/2);"><variable identifier="a" /></customOperator></setTemplateValue><setTemplateValue identifier="c"><random><multiple><baseValue baseType="integer">4</baseValue><baseValue baseType="integer">9</baseValue><baseValue baseType="integer">16</baseValue><baseValue baseType="integer">25</baseValue></multiple></random></setTemplateValue><setCorrectResponse identifier="RESPONSE_1406095206749"><customOperator definition="VARIABLESTRING" value="-sqrt($(1))/2*z*y^(1/3)"><variable identifier="c" /></customOperator></setCorrectResponse></templateProcessing><itemBody ><p>Vereinfachen und kürzen Sie soweit wie möglich, geben Sie das Ergebnis in Maxima Schreibweise ein: </p><p> </p><p>\[\frac{\sqrt{<printedVariable identifier="c" />\cdot x^<printedVariable identifier="a" />}\cdot\sqrt[3]{y^2}\cdot\sqrt{x\cdot z}}{2x^<printedVariable identifier="b" />\sqrt[3]{-y}\sqrt{\frac{1}{z}}}\] = <textEntryInteraction responseIdentifier="RESPONSE_1406095206749" class="maxima-formula show-latex show-syntax-error" /></p><p> </p><p><em>Bsp. für Maxima Schreibweise des Ausdruckes \(4 \sqrt{x^2*u}\cdot \frac{1}{v^2}\): </em></p><p><em>4*sqrt(x^2*u)*v^(-2)</em></p><p><em>oder alternativ unter Zuhilfenahme der Potenz-/Wurzelgesetze</em></p><p><em><em>4*(x^2*u)^(1/2)*v^(-2)</em></em></p><p><em><em>Hinweis zur Lesbarkeit: Mit +&lt;+&gt; bzw. + kann man vergrößern bzw. verkleinern, um die Exponenten an den Wurzelzeichen besser lessen zu können.</em></em></p></itemBody><responseProcessing><responseCondition><responseIf><customOperator definition="MAXIMA" value="is(equal(ev($(1)),ev($(2))));"><variable identifier="RESPONSE_1406095206749" /><correct identifier="RESPONSE_1406095206749" /></customOperator><setOutcomeValue identifier="SCORE"><sum><variable identifier="SCORE" /><baseValue baseType="float">1</baseValue></sum></setOutcomeValue></responseIf></responseCondition><responseCondition><responseIf><not><isNull><variable identifier="RESPONSE_1406095206749" /></isNull></not><setOutcomeValue identifier="FEEDBACKBASIC"><baseValue baseType="identifier">incorrect</baseValue></setOutcomeValue></responseIf></responseCondition><responseCondition><responseIf><and><not><match><variable identifier="FEEDBACKBASIC" /><baseValue baseType="identifier">empty</baseValue></match></not><equal toleranceMode="exact"><variable identifier="SCORE" /><variable identifier="MAXSCORE" /></equal></and><setOutcomeValue identifier="FEEDBACKBASIC"><baseValue baseType="identifier">correct</baseValue></setOutcomeValue></responseIf></responseCondition></responseProcessing></assessmentItem>
