<?xml version="1.0" encoding="UTF-8"?>
<assessmentItem xmlns="http://www.imsglobal.org/xsd/imsqti_v2p1" xmlns:xsi="http://www.w3.org/2001/XMLSchema-instance" xsi:schemaLocation="http://www.imsglobal.org/xsd/imsqti_v2p1 http://www.imsglobal.org/xsd/qti/qtiv2p1/imsqti_v2p1p1.xsd http://www.w3.org/1998/Math/MathML http://www.w3.org/Math/XMLSchema/mathml2/mathml2.xsd" identifier="id7bb8909d-a162-4aa6-a752-8df355cfcfb8" title="inverse_zahl_01" adaptive="false" timeDependent="false"><responseDeclaration identifier="RESPONSE_1394728058490" cardinality="single" baseType="string" /><responseDeclaration identifier="RESPONSE_1394728172830" cardinality="single" baseType="string" /><outcomeDeclaration identifier="SCORE" cardinality="single" baseType="float"><defaultValue><value>0</value></defaultValue></outcomeDeclaration><outcomeDeclaration identifier="MAXSCORE" cardinality="single" baseType="float"><defaultValue><value>1</value></defaultValue></outcomeDeclaration><outcomeDeclaration identifier="FEEDBACKBASIC" cardinality="single" baseType="identifier" view="testConstructor"><defaultValue><value>empty</value></defaultValue></outcomeDeclaration><templateDeclaration identifier="real" cardinality="single" baseType="integer" /><templateDeclaration identifier="imag" cardinality="single" baseType="integer" /><templateDeclaration identifier="pm" cardinality="single" baseType="string" /><templateDeclaration identifier="real_z" cardinality="single" baseType="integer" /><templateDeclaration identifier="real_n" cardinality="single" baseType="integer" /><templateDeclaration identifier="imag_z" cardinality="single" baseType="integer" /><templateDeclaration identifier="imag_n" cardinality="single" baseType="integer" /><templateProcessing><setTemplateValue identifier="real"><randomInteger min="1" max="9" step="2" /></setTemplateValue><setTemplateValue identifier="imag"><randomInteger min="2" max="8" step="2" /></setTemplateValue><setTemplateValue identifier="pm"><random><multiple><baseValue baseType="string">+</baseValue><baseValue baseType="string">-</baseValue></multiple></random></setTemplateValue><setTemplateValue identifier="real_z"><customOperator definition="MAXIMA" value="float(ratnumer(realpart(1/($(1)$(2)%i*$(3)))));"><variable identifier="real" /><variable identifier="pm" /><variable identifier="imag" /></customOperator></setTemplateValue><setTemplateValue identifier="real_n"><customOperator definition="MAXIMA" value="float(denom(realpart(1/($(1)$(2)%i*$(3)))));"><variable identifier="real" /><variable identifier="pm" /><variable identifier="imag" /></customOperator></setTemplateValue><setTemplateValue identifier="imag_z"><customOperator definition="MAXIMA" value="float(ratnumer(imagpart(1/($(1)$(2)%i*$(3)))));"><variable identifier="real" /><variable identifier="pm" /><variable identifier="imag" /></customOperator></setTemplateValue><setTemplateValue identifier="imag_n"><customOperator definition="MAXIMA" value="float(denom(imagpart(1/($(1)$(2)%i*$(3)))));"><variable identifier="real" /><variable identifier="pm" /><variable identifier="imag" /></customOperator></setTemplateValue><setCorrectResponse identifier="RESPONSE_1394728058490"><customOperator definition="VARIABLESTRING" value="$(1)/$(2)"><variable identifier="real_z" /><variable identifier="real_n" /></customOperator></setCorrectResponse><setCorrectResponse identifier="RESPONSE_1394728172830"><customOperator definition="VARIABLESTRING" value="$(1)/$(2)"><variable identifier="imag_z" /><variable identifier="imag_n" /></customOperator></setCorrectResponse></templateProcessing><itemBody ><p><span style="font-size: 10pt;">Es sei \(z=<printedVariable identifier="real" /><printedVariable identifier="pm" /><printedVariable identifier="imag" />\mathrm i\). Geben Sie Real- und Imaginärteil von \(z^{-1}\) an!</span></p><p>\(\mathrm{Re}(z^{-1})\) = <textEntryInteraction responseIdentifier="RESPONSE_1394728058490" expectedLength="5" /></p><p>\(\mathrm{Im}(z^{-1})\) = <textEntryInteraction responseIdentifier="RESPONSE_1394728172830" expectedLength="5" /></p><p><strong>Hinweis:</strong> Sie können Brüche in der Form \(\frac xy=\) <strong>x/y</strong> eingeben! (\(\frac13=\) <strong>1/3</strong> nicht 0.3333!)</p></itemBody><responseProcessing><responseCondition><responseIf><customOperator definition="MAXIMA" value="is(equal(ev($(1)),ev($(2))));" caseSensitive="false"><variable identifier="RESPONSE_1394728058490" /><correct identifier="RESPONSE_1394728058490" /></customOperator><setOutcomeValue identifier="SCORE"><sum><variable identifier="SCORE" /><baseValue baseType="float">0.5</baseValue></sum></setOutcomeValue></responseIf></responseCondition><responseCondition><responseIf><not><isNull><variable identifier="RESPONSE_1394728058490" /></isNull></not><setOutcomeValue identifier="FEEDBACKBASIC"><baseValue baseType="identifier">incorrect</baseValue></setOutcomeValue></responseIf></responseCondition><responseCondition><responseIf><customOperator definition="MAXIMA" value="is(equal(ev($(1)),ev($(2))));" caseSensitive="false"><variable identifier="RESPONSE_1394728172830" /><correct identifier="RESPONSE_1394728172830" /></customOperator><setOutcomeValue identifier="SCORE"><sum><variable identifier="SCORE" /><baseValue baseType="float">0.5</baseValue></sum></setOutcomeValue></responseIf></responseCondition><responseCondition><responseIf><not><isNull><variable identifier="RESPONSE_1394728172830" /></isNull></not><setOutcomeValue identifier="FEEDBACKBASIC"><baseValue baseType="identifier">incorrect</baseValue></setOutcomeValue></responseIf></responseCondition><responseCondition><responseIf><and><not><match><variable identifier="FEEDBACKBASIC" /><baseValue baseType="identifier">empty</baseValue></match></not><equal toleranceMode="exact"><variable identifier="SCORE" /><variable identifier="MAXSCORE" /></equal></and><setOutcomeValue identifier="FEEDBACKBASIC"><baseValue baseType="identifier">correct</baseValue></setOutcomeValue></responseIf></responseCondition></responseProcessing></assessmentItem>
