<?xml version="1.0" encoding="UTF-8"?>
<assessmentItem xmlns="http://www.imsglobal.org/xsd/imsqti_v2p1" xmlns:xsi="http://www.w3.org/2001/XMLSchema-instance" xsi:schemaLocation="http://www.imsglobal.org/xsd/imsqti_v2p1 http://www.imsglobal.org/xsd/qti/qtiv2p1/imsqti_v2p1p1.xsd http://www.w3.org/1998/Math/MathML http://www.w3.org/Math/XMLSchema/mathml2/mathml2.xsd" identifier="id7d0d207e-6f22-4453-888b-fd47ea7ab3fe" title="ableitung_elementar_01" adaptive="false" timeDependent="false"><responseDeclaration identifier="RESPONSE_1408607259445" cardinality="single" baseType="string" /><outcomeDeclaration identifier="SCORE" cardinality="single" baseType="float"><defaultValue><value>0</value></defaultValue></outcomeDeclaration><outcomeDeclaration identifier="MAXSCORE" cardinality="single" baseType="float"><defaultValue><value>1</value></defaultValue></outcomeDeclaration><outcomeDeclaration identifier="FEEDBACKBASIC" cardinality="single" baseType="identifier" view="testConstructor"><defaultValue><value>empty</value></defaultValue></outcomeDeclaration><outcomeDeclaration identifier="FEEDBACKMODAL" cardinality="multiple" baseType="identifier" view="testConstructor" /><templateDeclaration identifier="a" cardinality="single" baseType="integer" /><templateDeclaration identifier="b" cardinality="single" baseType="integer" /><templateDeclaration identifier="c" cardinality="single" baseType="integer" /><templateDeclaration identifier="d" cardinality="single" baseType="integer" /><templateDeclaration identifier="e" cardinality="single" baseType="integer" /><templateDeclaration identifier="f" cardinality="single" baseType="integer" /><templateDeclaration identifier="c_1" cardinality="single" baseType="integer" /><templateDeclaration identifier="f_1" cardinality="single" baseType="integer" /><templateDeclaration identifier="ac" cardinality="single" baseType="integer" /><templateDeclaration identifier="de" cardinality="single" baseType="integer" /><templateDeclaration identifier="c-b" cardinality="single" baseType="integer" /><templateDeclaration identifier="f-e" cardinality="single" baseType="integer" /><templateProcessing><setTemplateValue identifier="a"><randomInteger min="2" max="8" /></setTemplateValue><setTemplateValue identifier="b"><random><multiple><baseValue baseType="integer">3</baseValue><baseValue baseType="integer">4</baseValue><baseValue baseType="integer">7</baseValue></multiple></random></setTemplateValue><setTemplateValue identifier="c"><random><multiple><baseValue baseType="integer">2</baseValue><baseValue baseType="integer">5</baseValue><baseValue baseType="integer">6</baseValue><baseValue baseType="integer">8</baseValue></multiple></random></setTemplateValue><setTemplateValue identifier="d"><randomInteger min="2" max="8" /></setTemplateValue><setTemplateValue identifier="e"><randomInteger min="3" max="5" /></setTemplateValue><setTemplateValue identifier="f"><random><multiple><baseValue baseType="integer">2</baseValue><baseValue baseType="integer">6</baseValue><baseValue baseType="integer">7</baseValue></multiple></random></setTemplateValue><setTemplateValue identifier="c_1"><customOperator definition="MAXIMA" value="float($(1)-$(2));"><variable identifier="c" /><variable identifier="b" /></customOperator></setTemplateValue><setTemplateValue identifier="f_1"><customOperator definition="MAXIMA" value="float($(1)-$(2));"><variable identifier="f" /><variable identifier="e" /></customOperator></setTemplateValue><setTemplateValue identifier="ac"><customOperator definition="MAXIMA" value="float($(1)*$(2));"><variable identifier="a" /><variable identifier="c" /></customOperator></setTemplateValue><setTemplateValue identifier="de"><customOperator definition="MAXIMA" value="float($(1)*$(2));"><variable identifier="d" /><variable identifier="e" /></customOperator></setTemplateValue><setTemplateValue identifier="c-b"><customOperator definition="MAXIMA" value="float($(1)-$(2));"><variable identifier="c" /><variable identifier="b" /></customOperator></setTemplateValue><setTemplateValue identifier="f-e"><customOperator definition="MAXIMA" value="float($(1)-$(2));"><variable identifier="f" /><variable identifier="e" /></customOperator></setTemplateValue><setCorrectResponse identifier="RESPONSE_1408607259445"><customOperator definition="VARIABLESTRING" value="$(1)*$(3)/$(2)*x^($(7)/$(2))-1/$(4)*$(6)/$(5)*x^($(8)/$(5))"><variable identifier="a" /><variable identifier="b" /><variable identifier="c" /><variable identifier="d" /><variable identifier="e" /><variable identifier="f" /><variable identifier="c_1" /><variable identifier="f_1" /></customOperator></setCorrectResponse></templateProcessing><itemBody ><p>Bestimmen Sie die Ableitung der folgenden Funktion durch Zurückführung auf elementare Funktionen! Bitte vereinfachen Sie Ihre Lösung soweit wie möglich.</p><p><span style="font-size: 10pt;">$$\qquad f(x) = \frac{<printedVariable identifier="a" />}{\sqrt[<printedVariable identifier="b" />]{x^<printedVariable identifier="c" />}} - \frac{1}{<printedVariable identifier="d" /> \sqrt[<printedVariable identifier="e" />]{x^<printedVariable identifier="f" />}} \qquad\qquad\qquad\qquad$$</span> <strong style="font-size: 10pt;">Ergebnis:</strong> $$f'(x) = $$ <textEntryInteraction responseIdentifier="RESPONSE_1408607259445" expectedLength="35" class="maxima-formula show-latex" /></p><p> </p><p>Hinweise zur Formeleingabe:</p><ul><li>\(\frac{x}{y}\) = x/y, \(x^y\) = x^y</li><li>\(x\cdot y\) = x*y, z.B. \(3x\) = 3*x \(\Rightarrow\) Bitte keine * vergessen!</li><li>Durch Klicken auf die ?-Schaltfläche können Sie Ihre Formel vor Speichern der Antwort zunächst überprüfen.</li></ul></itemBody><responseProcessing><responseCondition><responseIf><customOperator definition="MAXIMA" value="is(equal(ev($(1)),ev($(2))));"><variable identifier="RESPONSE_1408607259445" /><correct identifier="RESPONSE_1408607259445" /></customOperator><setOutcomeValue identifier="SCORE"><sum><variable identifier="SCORE" /><baseValue baseType="float">1</baseValue></sum></setOutcomeValue></responseIf></responseCondition><responseCondition><responseIf><not><isNull><variable identifier="RESPONSE_1408607259445" /></isNull></not><setOutcomeValue identifier="FEEDBACKBASIC"><baseValue baseType="identifier">incorrect</baseValue></setOutcomeValue></responseIf></responseCondition><responseCondition><responseIf><and><not><match><variable identifier="FEEDBACKBASIC" /><baseValue baseType="identifier">empty</baseValue></match></not><equal toleranceMode="exact"><variable identifier="SCORE" /><variable identifier="MAXSCORE" /></equal></and><setOutcomeValue identifier="FEEDBACKBASIC"><baseValue baseType="identifier">correct</baseValue></setOutcomeValue></responseIf></responseCondition><responseCondition><responseIf><and><match><baseValue baseType="identifier">correct</baseValue><variable identifier="FEEDBACKBASIC" /></match></and><setOutcomeValue identifier="FEEDBACKMODAL"><multiple><variable identifier="FEEDBACKMODAL" /><baseValue baseType="identifier">Feedback1262152321</baseValue></multiple></setOutcomeValue></responseIf></responseCondition><responseCondition><responseIf><and><match><baseValue baseType="identifier">incorrect</baseValue><variable identifier="FEEDBACKBASIC" /></match></and><setOutcomeValue identifier="FEEDBACKMODAL"><multiple><variable identifier="FEEDBACKMODAL" /><baseValue baseType="identifier">Feedback490207597</baseValue></multiple></setOutcomeValue></responseIf></responseCondition></responseProcessing><modalFeedback  identifier="Feedback1262152321" outcomeIdentifier="FEEDBACKMODAL" showHide="show" title="Richtig!" /><modalFeedback  identifier="Feedback490207597" outcomeIdentifier="FEEDBACKMODAL" showHide="show" title="Beachte:"><p><span style="font-size: 10pt;">$$\qquad\qquad\qquad\frac{<printedVariable identifier="a" />}{\sqrt[<printedVariable identifier="b" />]{x^<printedVariable identifier="c" />}} - \frac{1}{<printedVariable identifier="d" /> \sqrt[<printedVariable identifier="e" />]{x^<printedVariable identifier="f" />}}$$ = <span style="font-size: 12pt;">$$<printedVariable identifier="a" /> x^{\frac{<printedVariable identifier="c" />}{<printedVariable identifier="b" />}} - ^1_{<printedVariable identifier="d" />} x^{\frac{<printedVariable identifier="f" />}{<printedVariable identifier="e" />}}$$</span></span></p><p> </p><p><strong>Lösung:</strong> $$\qquad\quad f'(x) = $$ <span style="font-size: 10pt;"><span style="font-size: 12pt;">$$\Big(<printedVariable identifier="a" /> x^{\frac{<printedVariable identifier="c" />}{<printedVariable identifier="b" />}}-$$ <span style="font-size: 10pt;">\(\frac{1}{<printedVariable identifier="d" />}\)</span> $$x^{\frac{<printedVariable identifier="f" />}{<printedVariable identifier="e" />}}\Big)'$$</span></span> $$ = $$ <span style="font-size: 12pt;"><span style="font-size: 10pt;">\(\frac{<printedVariable identifier="ac" />}{<printedVariable identifier="b" />}\)</span> $$x^{\frac{<printedVariable identifier="c-b" />}{<printedVariable identifier="b" />}} -$$ <span style="font-size: 10pt;">\(\frac{<printedVariable identifier="f" />}{<printedVariable identifier="de" />}\)</span> $$x^{\frac{<printedVariable identifier="f-e" />}{<printedVariable identifier="e" />}}$$</span> $$$$</p></modalFeedback></assessmentItem>
