<?xml version="1.0" encoding="UTF-8"?>
<assessmentItem xmlns="http://www.imsglobal.org/xsd/imsqti_v2p1" xmlns:xsi="http://www.w3.org/2001/XMLSchema-instance" xsi:schemaLocation="http://www.imsglobal.org/xsd/imsqti_v2p1 http://www.imsglobal.org/xsd/qti/qtiv2p1/imsqti_v2p1p1.xsd http://www.w3.org/1998/Math/MathML http://www.w3.org/Math/XMLSchema/mathml2/mathml2.xsd" identifier="id9c04ff43-5590-4e32-8b97-e86319b8c667" title="lösbarkeit_lgs_parameter_01" adaptive="false" timeDependent="false"><responseDeclaration identifier="RESPONSE_1389968214202" cardinality="single" baseType="float"><correctResponse><value>0</value></correctResponse></responseDeclaration><responseDeclaration identifier="RESPONSE_1389968249635" cardinality="single" baseType="float"><correctResponse><value>0</value></correctResponse></responseDeclaration><outcomeDeclaration identifier="SCORE" cardinality="single" baseType="float"><defaultValue><value>0</value></defaultValue></outcomeDeclaration><outcomeDeclaration identifier="MAXSCORE" cardinality="single" baseType="float"><defaultValue><value>2</value></defaultValue></outcomeDeclaration><outcomeDeclaration identifier="FEEDBACKBASIC" cardinality="single" baseType="identifier" view="testConstructor"><defaultValue><value>empty</value></defaultValue></outcomeDeclaration><templateDeclaration identifier="a" cardinality="single" baseType="integer" /><templateDeclaration identifier="b" cardinality="single" baseType="integer" /><templateDeclaration identifier="c" cardinality="single" baseType="integer" /><templateDeclaration identifier="d" cardinality="single" baseType="integer" /><templateDeclaration identifier="1-a" cardinality="single" baseType="float" /><templateDeclaration identifier="1-b" cardinality="single" baseType="float" /><templateDeclaration identifier="2-4a" cardinality="single" baseType="float" /><templateDeclaration identifier="2-2b" cardinality="single" baseType="float" /><templateDeclaration identifier="c+d" cardinality="single" baseType="float" /><templateDeclaration identifier="2c+2d" cardinality="single" baseType="float" /><templateDeclaration identifier="1-3a" cardinality="single" baseType="float" /><templateProcessing><setTemplateValue identifier="a"><randomInteger min="-3" max="0" /></setTemplateValue><setTemplateValue identifier="b"><randomInteger min="2" max="4" /></setTemplateValue><setTemplateValue identifier="c"><randomInteger min="1" max="4" /></setTemplateValue><setTemplateValue identifier="d"><randomInteger min="1" max="3" /></setTemplateValue><setTemplateValue identifier="1-a"><customOperator definition="MAXIMA" value="float(1-$(1));"><variable identifier="a" /></customOperator></setTemplateValue><setTemplateValue identifier="1-b"><customOperator definition="MAXIMA" value="float(1-$(1));"><variable identifier="b" /></customOperator></setTemplateValue><setTemplateValue identifier="2-4a"><customOperator definition="MAXIMA" value="float(2-4*$(1));"><variable identifier="a" /></customOperator></setTemplateValue><setTemplateValue identifier="2-2b"><customOperator definition="MAXIMA" value="float(2-2*$(1));"><variable identifier="b" /></customOperator></setTemplateValue><setTemplateValue identifier="c+d"><customOperator definition="MAXIMA" value="float($(1)+$(2));"><variable identifier="c" /><variable identifier="d" /></customOperator></setTemplateValue><setTemplateValue identifier="2c+2d"><customOperator definition="MAXIMA" value="float(2*$(1)+2*$(2));"><variable identifier="c" /><variable identifier="d" /></customOperator></setTemplateValue><setTemplateValue identifier="1-3a"><customOperator definition="MAXIMA" value="float(1-3*$(1));"><variable identifier="a" /></customOperator></setTemplateValue><setCorrectResponse identifier="RESPONSE_1389968214202"><variable identifier="a" /></setCorrectResponse><setCorrectResponse identifier="RESPONSE_1389968249635"><variable identifier="b" /></setCorrectResponse></templateProcessing><itemBody ><p>Wir betrachten das Gleichungssystem</p><p>\[\begin{pmatrix} 1 &amp; <printedVariable identifier="1-a" />+\lambda &amp; <printedVariable identifier="1-b" />+\lambda \\ 2 &amp; <printedVariable identifier="2-4a" />+4\lambda &amp; <printedVariable identifier="2-2b" />+2\lambda \\ 1 &amp; <printedVariable identifier="1-3a" />+3\lambda &amp; 1 \end{pmatrix} \cdot \begin{pmatrix} x \\ y \\ z \end{pmatrix} =\begin{pmatrix} <printedVariable identifier="c+d" /> \\ <printedVariable identifier="2c+2d" /> \\ <printedVariable identifier="c" /> \end{pmatrix}. \]</p><p>Es gibt genau ein \(\lambda\), für das dieses Gleichungssystem unendlich viele Lösungen besitzt: \(\lambda\) = <textEntryInteraction responseIdentifier="RESPONSE_1389968214202" expectedLength="4" />.</p><p>Es gibt genau ein \(\lambda\), für das dieses Gleichungssystem keine Lösung besitzt: \(\lambda\) = <textEntryInteraction responseIdentifier="RESPONSE_1389968249635" expectedLength="4" />.</p></itemBody><responseProcessing><responseCondition><responseIf><equal toleranceMode="exact"><variable identifier="RESPONSE_1389968214202" /><correct identifier="RESPONSE_1389968214202" /></equal><setOutcomeValue identifier="SCORE"><sum><variable identifier="SCORE" /><baseValue baseType="float">1</baseValue></sum></setOutcomeValue></responseIf></responseCondition><responseCondition><responseIf><not><isNull><variable identifier="RESPONSE_1389968214202" /></isNull></not><setOutcomeValue identifier="FEEDBACKBASIC"><baseValue baseType="identifier">incorrect</baseValue></setOutcomeValue></responseIf></responseCondition><responseCondition><responseIf><equal toleranceMode="exact"><variable identifier="RESPONSE_1389968249635" /><correct identifier="RESPONSE_1389968249635" /></equal><setOutcomeValue identifier="SCORE"><sum><variable identifier="SCORE" /><baseValue baseType="float">1</baseValue></sum></setOutcomeValue></responseIf></responseCondition><responseCondition><responseIf><not><isNull><variable identifier="RESPONSE_1389968249635" /></isNull></not><setOutcomeValue identifier="FEEDBACKBASIC"><baseValue baseType="identifier">incorrect</baseValue></setOutcomeValue></responseIf></responseCondition><responseCondition><responseIf><and><not><match><variable identifier="FEEDBACKBASIC" /><baseValue baseType="identifier">empty</baseValue></match></not><equal toleranceMode="exact"><variable identifier="SCORE" /><variable identifier="MAXSCORE" /></equal></and><setOutcomeValue identifier="FEEDBACKBASIC"><baseValue baseType="identifier">correct</baseValue></setOutcomeValue></responseIf></responseCondition></responseProcessing></assessmentItem>
