<?xml version="1.0" encoding="UTF-8"?>
<assessmentItem xmlns="http://www.imsglobal.org/xsd/imsqti_v2p1" xmlns:xsi="http://www.w3.org/2001/XMLSchema-instance" xsi:schemaLocation="http://www.imsglobal.org/xsd/imsqti_v2p1 http://www.imsglobal.org/xsd/qti/qtiv2p1/imsqti_v2p1p1.xsd http://www.w3.org/1998/Math/MathML http://www.w3.org/Math/XMLSchema/mathml2/mathml2.xsd" identifier="id26a4ea94-c434-4ea4-960b-953f6a96bb7a" title="binomische_formel_matrizen_w/f" adaptive="false" timeDependent="false"><imsqti:responseDeclaration xmlns:imsqti="http://www.imsglobal.org/xsd/imsqti_v2p1" identifier="RESPONSE_1" cardinality="single" baseType="identifier"><imsqti:correctResponse><imsqti:value>id6ebad55f-b7fb-4d9c-9568-0122306910d5</imsqti:value></imsqti:correctResponse></imsqti:responseDeclaration><imsqti:outcomeDeclaration xmlns:imsqti="http://www.imsglobal.org/xsd/imsqti_v2p1" identifier="SCORE" cardinality="single" baseType="float"><imsqti:defaultValue><imsqti:value>0</imsqti:value></imsqti:defaultValue></imsqti:outcomeDeclaration><imsqti:outcomeDeclaration xmlns:imsqti="http://www.imsglobal.org/xsd/imsqti_v2p1" identifier="MAXSCORE" cardinality="single" baseType="float"><imsqti:defaultValue><imsqti:value>1</imsqti:value></imsqti:defaultValue></imsqti:outcomeDeclaration><imsqti:outcomeDeclaration xmlns:imsqti="http://www.imsglobal.org/xsd/imsqti_v2p1" identifier="FEEDBACKBASIC" cardinality="single" baseType="identifier"><imsqti:defaultValue><imsqti:value>empty</imsqti:value></imsqti:defaultValue></imsqti:outcomeDeclaration><imsqti:outcomeDeclaration xmlns:imsqti="http://www.imsglobal.org/xsd/imsqti_v2p1" identifier="FEEDBACKMODAL" cardinality="multiple" baseType="identifier" view="testConstructor" /><itemBody ><p>Behauptung: Für zwei quadratische Matrizen \(A,B\in\mathbb R^{n\times n}\) gilt die (binomische) Formel</p><p>$$(A+B)(A+B)=AA+2AB+BB.$$</p><choiceInteraction responseIdentifier="RESPONSE_1" shuffle="false" maxChoices="1"><simpleChoice identifier="idf45e4b55-38d6-4710-92a1-c5599ec8754a"><p>richtig</p></simpleChoice><simpleChoice identifier="id6ebad55f-b7fb-4d9c-9568-0122306910d5"><p>falsch</p></simpleChoice></choiceInteraction></itemBody><imsqti:responseProcessing xmlns:imsqti="http://www.imsglobal.org/xsd/imsqti_v2p1"><imsqti:responseCondition><imsqti:responseIf><imsqti:isNull><imsqti:variable identifier="RESPONSE_1" /></imsqti:isNull><imsqti:setOutcomeValue identifier="FEEDBACKBASIC"><imsqti:baseValue baseType="identifier">empty</imsqti:baseValue></imsqti:setOutcomeValue></imsqti:responseIf><imsqti:responseElseIf><imsqti:match><imsqti:variable identifier="RESPONSE_1" /><imsqti:correct identifier="RESPONSE_1" /></imsqti:match><imsqti:setOutcomeValue identifier="SCORE"><imsqti:sum><imsqti:variable identifier="SCORE" /><imsqti:variable identifier="MAXSCORE" /></imsqti:sum></imsqti:setOutcomeValue><imsqti:setOutcomeValue identifier="FEEDBACKBASIC"><imsqti:baseValue baseType="identifier">correct</imsqti:baseValue></imsqti:setOutcomeValue></imsqti:responseElseIf><imsqti:responseElse><imsqti:setOutcomeValue identifier="FEEDBACKBASIC"><imsqti:baseValue baseType="identifier">incorrect</imsqti:baseValue></imsqti:setOutcomeValue></imsqti:responseElse></imsqti:responseCondition><imsqti:responseCondition><imsqti:responseIf><imsqti:and><imsqti:match><imsqti:baseValue baseType="identifier">correct</imsqti:baseValue><imsqti:variable identifier="FEEDBACKBASIC" /></imsqti:match></imsqti:and><imsqti:setOutcomeValue identifier="FEEDBACKMODAL"><imsqti:multiple><imsqti:variable identifier="FEEDBACKMODAL" /><imsqti:baseValue baseType="identifier">Feedback146645395</imsqti:baseValue></imsqti:multiple></imsqti:setOutcomeValue></imsqti:responseIf></imsqti:responseCondition><imsqti:responseCondition><imsqti:responseIf><imsqti:and><imsqti:match><imsqti:baseValue baseType="identifier">incorrect</imsqti:baseValue><imsqti:variable identifier="FEEDBACKBASIC" /></imsqti:match></imsqti:and><imsqti:setOutcomeValue identifier="FEEDBACKMODAL"><imsqti:multiple><imsqti:variable identifier="FEEDBACKMODAL" /><imsqti:baseValue baseType="identifier">Feedback1263687271</imsqti:baseValue></imsqti:multiple></imsqti:setOutcomeValue></imsqti:responseIf></imsqti:responseCondition></imsqti:responseProcessing><modalFeedback  identifier="Feedback146645395" outcomeIdentifier="FEEDBACKMODAL" showHide="show" title="Richtig!"><p>Die binomische Formel \((A+B)^2=A^2+2AB+B^2\) gilt nicht für alle Matrizen \(A,B\in\mathbb R^{n\times n}\).</p><p>Es ist \((A+B)^2=A^2+AB+BA+B^2\).</p><p>Das heißt, die Formel gilt nur, wenn \(AB=BA\).</p><p>Multiplikation von Matrizen ist <strong>im Allgemeinen nicht kommutativ</strong>!</p></modalFeedback><modalFeedback  identifier="Feedback1263687271" outcomeIdentifier="FEEDBACKMODAL" showHide="show" title="Irrtum!"><p>Die binomische Formel \((A+B)^2=A^2+2AB+B^2\) gilt nicht für alle Matrizen \(A,B\in\mathbb R^{n\times n}\).</p><p>Es ist \((A+B)^2=A^2+AB+BA+B^2\).</p><p>Das heißt, die Formel gilt nur, wenn \(AB=BA\).</p><p>Multiplikation von Matrizen ist <strong>im Allgemeinen nicht kommutativ</strong>!</p></modalFeedback></assessmentItem>
