<?xml version="1.0" encoding="UTF-8"?>
<assessmentItem xmlns="http://www.imsglobal.org/xsd/imsqti_v2p1" xmlns:xsi="http://www.w3.org/2001/XMLSchema-instance" xsi:schemaLocation="http://www.imsglobal.org/xsd/imsqti_v2p1 http://www.imsglobal.org/xsd/qti/qtiv2p1/imsqti_v2p1p1.xsd http://www.w3.org/1998/Math/MathML http://www.w3.org/Math/XMLSchema/mathml2/mathml2.xsd" identifier="id7699e47b-636a-4e68-83ee-cc1927dbc4fb" title="diffbarkeit_komplex_03" adaptive="false" timeDependent="false"><responseDeclaration identifier="RESPONSE_1" cardinality="multiple" baseType="identifier"><correctResponse><value>choice_5984275</value><value>choice_1390013902</value></correctResponse><mapping defaultValue="0" lowerBound="0.0"><mapEntry mapKey="choice_5984275" mappedValue="1.0" /><mapEntry mapKey="choice_1390013902" mappedValue="1.0" /><mapEntry mapKey="choice_1253871008" mappedValue="-1.0" /><mapEntry mapKey="choice_1732979216" mappedValue="-1.0" /></mapping></responseDeclaration><outcomeDeclaration identifier="SCORE" cardinality="single" baseType="float"><defaultValue><value>0</value></defaultValue></outcomeDeclaration><outcomeDeclaration identifier="MAXSCORE" cardinality="single" baseType="float"><defaultValue><value>2</value></defaultValue></outcomeDeclaration><outcomeDeclaration identifier="FEEDBACKBASIC" cardinality="single" baseType="identifier" view="testConstructor"><defaultValue><value>empty</value></defaultValue></outcomeDeclaration><itemBody ><p>Wir betrachten die Funktion  \(f(z)=f(x+\mathrm iy)=x\sin y+\mathrm iy\sin x\).</p><p>Entscheiden Sie in welchen der folgenden Punkte die Funktion komplex differenzierbar ist!</p><choiceInteraction responseIdentifier="RESPONSE_1" shuffle="true" maxChoices="0"><simpleChoice identifier="choice_5984275"><p>\(z=3\pi-3\pi\mathrm i\)</p></simpleChoice><simpleChoice identifier="choice_1390013902"><p>\(z=\frac{7\pi}{2}+\frac{3\pi}{2}\mathrm i\)</p></simpleChoice><simpleChoice identifier="choice_1253871008"><p>\(z=\frac\pi2-\frac\pi2\mathrm i\)</p></simpleChoice><simpleChoice identifier="choice_1732979216"><p>\(z=\pi+3\pi\mathrm i\)</p></simpleChoice></choiceInteraction></itemBody><responseProcessing><responseCondition><responseIf><not><isNull><variable identifier="RESPONSE_1" /></isNull></not><setOutcomeValue identifier="SCORE"><sum><variable identifier="SCORE" /><mapResponse identifier="RESPONSE_1" /></sum></setOutcomeValue><setOutcomeValue identifier="FEEDBACKBASIC"><baseValue baseType="identifier">incorrect</baseValue></setOutcomeValue></responseIf></responseCondition><responseCondition><responseIf><and><not><match><variable identifier="FEEDBACKBASIC" /><baseValue baseType="identifier">empty</baseValue></match></not><equal toleranceMode="exact"><variable identifier="SCORE" /><variable identifier="MAXSCORE" /></equal></and><setOutcomeValue identifier="FEEDBACKBASIC"><baseValue baseType="identifier">correct</baseValue></setOutcomeValue></responseIf></responseCondition></responseProcessing></assessmentItem>
