<?xml version="1.0" encoding="UTF-8" standalone="no"?>
<autotoolnode>
<tasktype type_name="Polynomial_Positive-Direct" type_scoring="d"/>
<taskconfiguration is_altered="false">
<auth_comment/>
<conf_text>(k + 2) * (1 - (w * z + h + j - q) ^ 2 - ((g * k + 2 * g + k + 1) * (h + j) + h - z) ^ 2 - (2 * n + p + q + z - e) ^ 2 - (16 * (k + 1) ^ 3 * (k + 2) * (n + 1) ^ 2 + 1 - f ^ 2) ^ 2 - (e ^ 3 * (e + 2) * (a + 1) ^ 2 + 1 - o ^ 2) ^ 2 - ((a ^ 2 - 1) * y ^ 2 + 1 - x ^ 2) ^ 2 - (16 * r ^ 2 * y ^ 4 * (a ^ 2 - 1) + 1 - u ^ 2) ^ 2 - (((a + u ^ 2 * (u ^ 2 - a)) ^ 2 - 1) * (n + 4 * d * y) ^ 2 + 1 - (x + c * u) ^ 2) ^ 2 - (n + l + v - y) ^ 2 - ((a ^ 2 - 1) * l ^ 2 + 1 - m ^ 2) ^ 2 - (a * i + k + 1 - l - i) ^ 2 - (p + l * (a - n - 1) + b * (2 * a * n + 2 * a - n ^ 2 - 2 * n - 2) - m) ^ 2 - (q + y * (a - p - 1) + s * (2 * a * p + 2 * a - p ^ 2 - 2 * p - 2) - x) ^ 2 - (z + p * l * (a - p) + t * (2 * a * p - p ^ 2 - 1) - p * m) ^ 2)</conf_text>
<doc_text>&lt;?xml version='1.0' ?&gt; &lt;Link href="http://autotool.imn.htwk-leipzig.de/docs/autotool-collection/Polynomial-Positive.html#t:P"&gt;P&lt;/Link&gt;</doc_text>
<signature>af260b94c0dce2a4e2a78c92e0a9937e7d7eda85</signature>
<description>Neuer Aufgabentyp. Wahrscheinlichkeit für Tippfehler ist über 0. Bitte mit Original vergleichen. http://primes.utm.edu/glossary/xpage/MatijasevicPoly.html. Quelltext der Aufgabe: http://autolat.imn.htwk-leipzig.de/gitweb/?p=tool;a=blob;f=collection/src/Polynomial/Positive.hs;hb=for-ghc-7.8</description>
</taskconfiguration>
<configuration>
<scorepoints>20,15,10,7,6,5,4,3,2,1</scorepoints>
</configuration>
<server_conn name="Autotool Server HTWK Leipzig - Nightly (Nur zum Testen!)" version="0.0.0"/>
</autotoolnode>
