<OLATGroupExport>
  <AreaCollection/>
  <GroupCollection>
    <Group key="66453506" name="s15.cp.tn" waitingList="false" autoCloseRanks="false" showOwners="false" showParticipants="false" showWaitingList="false">
      <Description>&lt;p&gt;EInschreibung f&amp;uuml;r Teilnehmer des Kurses&lt;/p&gt;</Description>
      <CollabTools hasNews="false" hasContactForm="true" hasCalendar="false" hasFolder="false" hasForum="false" hasChat="false" hasWiki="false" hasPortfolio="false"/>
    </Group>
  </GroupCollection>
</OLATGroupExport>