<RepositoryEntryProperties>
  <key>66781185</key>
  <Softkey>bisolat_1_91381614906421</Softkey>
  <ResourceName>-</ResourceName>
  <DisplayName>S15.CP.Waldmann</DisplayName>
  <Description>&lt;p&gt;Kurs &amp;quot;Constraint Programming&amp;quot; Prof. Waldmann&lt;/p&gt;</Description>
  <InitialAuthor>graebe</InitialAuthor>
  <authors></authors>
  <objectives></objectives>
  <requirements></requirements>
  <credits></credits>
  <expenditureOfWork></expenditureOfWork>
  <outer-class>
    <propertiesLoaded>false</propertiesLoaded>
    <re>
      <key>66781185</key>
      <version>4</version>
      <creationDate class="sql-timestamp">2015-04-14 16:24:43.0</creationDate>
      <lastModified class="sql-timestamp">2015-04-19 23:00:08.0</lastModified>
      <softkey>bisolat_1_91381614906421</softkey>
      <olatResource class="org.olat.resource.OLATResourceImpl">
        <key>66486275</key>
        <version>0</version>
        <creationDate class="sql-timestamp">2015-04-14 16:24:43.0</creationDate>
        <resName>CourseModule</resName>
        <resId>91381614906420</resId>
      </olatResource>
      <groups class="org.hibernate.collection.internal.PersistentSet">
        <initialized>false</initialized>
        <owner class="org.olat.repository.RepositoryEntry" reference="../.."/>
        <cachedSize>-1</cachedSize>
        <role>org.olat.repository.RepositoryEntry.groups</role>
        <key class="long">66781185</key>
        <dirty>false</dirty>
        <allowLoadOutsideTransaction>false</allowLoadOutsideTransaction>
      </groups>
      <resourcename>-</resourcename>
      <displayname>S15.CP.Waldmann</displayname>
      <description>&lt;p&gt;Kurs &amp;quot;Constraint Programming&amp;quot; Prof. Waldmann&lt;/p&gt;</description>
      <initialAuthor>graebe</initialAuthor>
      <authors></authors>
      <objectives></objectives>
      <requirements></requirements>
      <credits></credits>
      <expenditureOfWork></expenditureOfWork>
      <externalRef></externalRef>
      <statistics>
        <key>66748417</key>
        <creationDate class="sql-timestamp">2015-04-14 16:24:43.0</creationDate>
        <lastModified class="sql-timestamp">2015-04-14 16:24:43.0</lastModified>
        <numOfRatings>0</numOfRatings>
        <numOfComments>0</numOfComments>
        <launchCounter>181</launchCounter>
        <downloadCounter>0</downloadCounter>
        <lastUsage class="sql-timestamp">2015-07-28 15:35:40.0</lastUsage>
      </statistics>
      <access>3</access>
      <canCopy>false</canCopy>
      <canReference>false</canReference>
      <canLaunch>true</canLaunch>
      <canDownload>false</canDownload>
      <membersOnly>false</membersOnly>
      <statusCode>0</statusCode>
      <allowToLeave>atAnyTime</allowToLeave>
    </re>
    <baseDirectory>/home/graebe/olat.informatik.uni-leipzig.de/base/temp/b9fd28cb-449c-44e6-be8a-027727c9ee8d/export</baseDirectory>
  </outer-class>
</RepositoryEntryProperties>