<?xml version="1.0" encoding="UTF-8"?>
<assessmentItem xmlns="http://www.imsglobal.org/xsd/imsqti_v2p1" xmlns:xsi="http://www.w3.org/2001/XMLSchema-instance" xsi:schemaLocation="http://www.imsglobal.org/xsd/imsqti_v2p1 http://www.imsglobal.org/xsd/qti/qtiv2p1/imsqti_v2p1p1.xsd http://www.w3.org/1998/Math/MathML http://www.w3.org/Math/XMLSchema/mathml2/mathml2.xsd" identifier="ide6d7ded5-82a8-4c0c-89bb-1ce6db1319b9" title="QuadratischeGleichungReelleKoeffizienten" adaptive="false" timeDependent="false"><responseDeclaration identifier="RESPONSE_1406624753932" cardinality="single" baseType="string" /><outcomeDeclaration identifier="SCORE" cardinality="single" baseType="float"><defaultValue><value>0</value></defaultValue></outcomeDeclaration><outcomeDeclaration identifier="MAXSCORE" cardinality="single" baseType="float"><defaultValue><value>3</value></defaultValue></outcomeDeclaration><outcomeDeclaration identifier="FEEDBACKBASIC" cardinality="single" baseType="identifier" view="testConstructor"><defaultValue><value>empty</value></defaultValue></outcomeDeclaration><outcomeDeclaration identifier="FEEDBACKMODAL" cardinality="multiple" baseType="identifier" view="testConstructor" /><templateDeclaration identifier="p" cardinality="single" baseType="float" /><templateDeclaration identifier="a2" cardinality="single" baseType="float" /><templateDeclaration identifier="q" cardinality="single" baseType="float" /><templateDeclaration identifier="sqrta2" cardinality="single" baseType="integer" /><templateDeclaration identifier="p2" cardinality="single" baseType="integer" /><templateProcessing><setTemplateValue identifier="p"><random><multiple><baseValue baseType="float">-2</baseValue><baseValue baseType="float">-4</baseValue><baseValue baseType="float">-6</baseValue><baseValue baseType="float">2</baseValue><baseValue baseType="float">4</baseValue><baseValue baseType="float">6</baseValue><baseValue baseType="float">8</baseValue></multiple></random></setTemplateValue><setTemplateValue identifier="a2"><random><multiple><baseValue baseType="float">1</baseValue><baseValue baseType="float">4</baseValue><baseValue baseType="float">9</baseValue><baseValue baseType="float">16</baseValue><baseValue baseType="float">25</baseValue><baseValue baseType="float">36</baseValue></multiple></random></setTemplateValue><setTemplateValue identifier="q"><customOperator definition="MAXIMA" value="float(($(1)/2)^2+$(2));"><variable identifier="p" /><variable identifier="a2" /></customOperator></setTemplateValue><setTemplateValue identifier="sqrta2"><customOperator definition="MAXIMA" value="float(sqrt($(1)));"><variable identifier="a2" /></customOperator></setTemplateValue><setTemplateValue identifier="p2"><customOperator definition="MAXIMA" value="float(-$(1)/2);"><variable identifier="p" /></customOperator></setTemplateValue><setCorrectResponse identifier="RESPONSE_1406624753932"><customOperator definition="VARIABLESTRING" value="{$(2)-$(1)*%i, $(2)+$(1)*%i}"><variable identifier="sqrta2" /><variable identifier="p2" /></customOperator></setCorrectResponse></templateProcessing><itemBody ><p><p>Berechne alle Lösungen der folgenden Gleichung in kartesischen Koordinaten:</p><p>\[<printedVariable identifier="p" />z + z^2  + <printedVariable identifier="q" /> = 0 \]</p><p>Gebe die Menge \(L\) = \( \{z_1, z_2, z_3, ...\} \)  aller Lösungen \(z_i\) in Mengenschreibweise mit geschweiften Klammern ein.  Benutze  %i für die imaginäre Einheit  \(\mathbb i\).</p><p>Eingabesyntax: Für jede Multiplikation ist das Zeichen * zu verwenden.</p><p>Beispiel:  {1+3*%i, 1-3*%i}</p><p>L = <textEntryInteraction responseIdentifier="RESPONSE_1406624753932" expectedLength="10" class="maxima-formula show-latex show-syntax-error" /></p><p> </p></p></itemBody><responseProcessing><responseCondition><responseIf><customOperator definition="MAXIMA" value="is(equal(ev($(1)),ev($(2))));"><variable identifier="RESPONSE_1406624753932" /><correct identifier="RESPONSE_1406624753932" /></customOperator><setOutcomeValue identifier="SCORE"><sum><variable identifier="SCORE" /><baseValue baseType="float">3</baseValue></sum></setOutcomeValue></responseIf></responseCondition><responseCondition><responseIf><not><isNull><variable identifier="RESPONSE_1406624753932" /></isNull></not><setOutcomeValue identifier="FEEDBACKBASIC"><baseValue baseType="identifier">incorrect</baseValue></setOutcomeValue></responseIf></responseCondition><responseCondition><responseIf><and><not><match><variable identifier="FEEDBACKBASIC" /><baseValue baseType="identifier">empty</baseValue></match></not><equal toleranceMode="exact"><variable identifier="SCORE" /><variable identifier="MAXSCORE" /></equal></and><setOutcomeValue identifier="FEEDBACKBASIC"><baseValue baseType="identifier">correct</baseValue></setOutcomeValue></responseIf></responseCondition><responseCondition><responseIf><and><match><baseValue baseType="identifier">incorrect</baseValue><variable identifier="FEEDBACKBASIC" /></match></and><setOutcomeValue identifier="FEEDBACKMODAL"><multiple><variable identifier="FEEDBACKMODAL" /><baseValue baseType="identifier">Feedback607877523</baseValue></multiple></setOutcomeValue></responseIf></responseCondition></responseProcessing><modalFeedback  identifier="Feedback607877523" outcomeIdentifier="FEEDBACKMODAL" showHide="show"><p>Schreibe die Gleichung \(z^2+ pz  + q = 0 \) in der Form</p><p>\(z^2+ pz  +\left(\frac{ p }{2}\right)^2 -\left(\frac{ p }{2}\right)^2+q = 0 \) oder</p><p>\(\left(z +\frac{ p }{2}\right)^2 =\left(\frac{ p }{2}\right)^2-q  \). Dies ergibt \( z_{1,2} = \frac{-p}{2} \pm \sqrt{ (\frac{ p }{2})^2-q}\)</p><p>Wenn der Radikand kleiner als 0 ist, dann gilt: \( z_{1,2} = \frac{ -p }{2} \pm i \sqrt{ q- (\frac{ p}{2})^2}\).</p><p>z.B.. \( \sqrt{-4}= 2i\)</p></modalFeedback></assessmentItem>
