<?xml version="1.0" encoding="UTF-8"?>
<manifest
	xmlns="http://www.imsglobal.org/xsd/imscp_v1p1"
	xmlns:xsi="http://www.w3.org/2001/XMLSchema-instance" 
	xsi:schemaLocation="http://www.imsglobal.org/xsd/imscp_v1p1 http://www.imsglobal.org/xsd/qti/qtiv2p1/qtiv2p1_imscpv1p2_v1p0.xsd 
											http://www.imsglobal.org/xsd/imsqti_v2p1 http://www.imsglobal.org/xsd/qti/qtiv2p1/imsqti_v2p1p1.xsd 
											http://www.imsglobal.org/xsd/imsqti_metadata_v2p1 http://www.imsglobal.org/xsd/qti/qtiv2p1/imsqti_metadata_v2p1p1.xsd
											http://ltsc.ieee.org/xsd/LOM http://www.imsglobal.org/xsd/imsmd_loose_v1p3p2.xsd"
	identifier="manifestID">
	<metadata>
		<schema>QTIv2.1 Package</schema>
    <schemaversion>1.0.0</schemaversion>
  </metadata>
	<organizations />
	<resources>
		<resource identifier="ide6d7ded5_82a8_4c0c_89bb_1ce6db1319b9" type="imsqti_item_xmlv2p1" href="ide6d7ded5-82a8-4c0c-89bb-1ce6db1319b9.xml"><metadata><lom xmlns="http://ltsc.ieee.org/xsd/LOM"><general ><identifier><entry>ide6d7ded5-82a8-4c0c-89bb-1ce6db1319b9</entry></identifier><title><string language="de">QuadratischeGleichungReelleKoeffizienten</string></title><language>de</language><description><string language="de">Berechne die komplexen Lösungen einer quadratischen Gleichung.</string></description><keyword><string language="de">Komplexe Zahlen</string></keyword><keyword><string language="de">komplexe quadratische Gleichung</string></keyword></general><lifeCycle ><contribute><date><dateTime>2015-01-06T19:27:22</dateTime></date><role><source>LOMv1.0</source><value>author</value></role><entity>BEGIN:VCARD&#xD;
VERSION:4.0&#xD;
N;LANGUAGE=de:Morschel;Christoph;;;&#xD;
FN:Christoph Morschel&#xD;
EMAIL:christoph.morschel@verwaltung.tu-chemnitz.de&#xD;
PRODID:ONYX Editor 5.9.12&#xD;
END:VCARD&#xD;
</entity></contribute></lifeCycle><educational ><learningResourceType><source>QTIv2.1</source><value>AssessmentItem</value></learningResourceType><difficulty><source>LOMv1.0</source><value>medium</value></difficulty><typicalLearningTime><duration>PT15M00S</duration></typicalLearningTime></educational><classification ><purpose><source>LOMv1.0</source><value>discipline</value></purpose><taxonPath><source><string language="de">Unknown</string></source><taxon><entry><string language="de">Mathematik.Analysis.Funktionentheorie.Grundbegriffe und Definitionen</string></entry></taxon></taxonPath></classification><classification ><purpose><source>LOMv1.0</source><value>competency</value></purpose><taxonPath><source><string language="de">Module</string></source><taxon><entry><string language="de">Mathematik 1</string></entry></taxon></taxonPath></classification><classification ><purpose><source>LOMv1.0</source><value>educational objective</value></purpose><taxonPath><source><string language="de">Bloom's taxonomy</string></source><taxon><entry><string language="de">application</string></entry></taxon></taxonPath></classification><classification ><purpose><source>LOMv1.0</source><value>target audience</value></purpose><taxonPath><source><string language="de">Unknown</string></source><taxon><entry><string language="de">Bachelor.1.Semester</string></entry></taxon></taxonPath></classification><qtiMetadata xmlns="http://www.imsglobal.org/xsd/imsqti_metadata_v2p1"><interactionType >textEntryInteraction</interactionType><toolName >ONYX Editor</toolName><toolVersion >5.9</toolVersion><toolVendor >BPS Bildungsportal Sachsen GmbH</toolVendor></qtiMetadata></lom></metadata><file href="ide6d7ded5-82a8-4c0c-89bb-1ce6db1319b9.xml" /></resource>
	</resources>
</manifest>
