<?xml version="1.0" encoding="UTF-8"?>
<assessmentItem xmlns="http://www.imsglobal.org/xsd/imsqti_v2p1" xmlns:xsi="http://www.w3.org/2001/XMLSchema-instance" xsi:schemaLocation="http://www.imsglobal.org/xsd/imsqti_v2p1 http://www.imsglobal.org/xsd/qti/qtiv2p1/imsqti_v2p1p1.xsd http://www.w3.org/1998/Math/MathML http://www.w3.org/Math/XMLSchema/mathml2/mathml2.xsd" identifier="id28d0a498-0da1-40bf-a5e2-546346d4a99b" title="summen_notation_02" adaptive="false" timeDependent="false"><responseDeclaration identifier="RESPONSE_1424187172141" cardinality="single" baseType="float"><correctResponse><value>30</value></correctResponse></responseDeclaration><responseDeclaration identifier="RESPONSE_1424187330961" cardinality="single" baseType="float"><correctResponse><value>15</value></correctResponse></responseDeclaration><responseDeclaration identifier="RESPONSE_1424186934429" cardinality="single" baseType="float"><correctResponse><value>30</value></correctResponse></responseDeclaration><responseDeclaration identifier="RESPONSE_1424187206814" cardinality="single" baseType="float"><correctResponse><value>38</value></correctResponse></responseDeclaration><outcomeDeclaration identifier="SCORE" cardinality="single" baseType="float"><defaultValue><value>0</value></defaultValue></outcomeDeclaration><outcomeDeclaration identifier="MAXSCORE" cardinality="single" baseType="float"><defaultValue><value>2</value></defaultValue></outcomeDeclaration><outcomeDeclaration identifier="FEEDBACKBASIC" cardinality="single" baseType="identifier" view="testConstructor"><defaultValue><value>empty</value></defaultValue></outcomeDeclaration><outcomeDeclaration identifier="FEEDBACKMODAL" cardinality="multiple" baseType="identifier" view="testConstructor" /><itemBody ><p>Berechnen Sie die folgenden Summen:</p><p>$$\sum_{n=1}^5 2n=$$ <textEntryInteraction responseIdentifier="RESPONSE_1424187172141" expectedLength="3" /></p><p>$$\sum_{n=2}^3 (n+5)=$$ <textEntryInteraction responseIdentifier="RESPONSE_1424187330961" expectedLength="3" /></p><p>$$\sum_{n=1}^4 n^2=$$ <textEntryInteraction responseIdentifier="RESPONSE_1424186934429" expectedLength="3" /></p><p>$$\sum_{n=2}^4 n(n+1)=$$ <textEntryInteraction responseIdentifier="RESPONSE_1424187206814" expectedLength="3" /></p><p> </p></itemBody><responseProcessing><responseCondition><responseIf><equal toleranceMode="exact"><variable identifier="RESPONSE_1424187172141" /><correct identifier="RESPONSE_1424187172141" /></equal><setOutcomeValue identifier="SCORE"><sum><variable identifier="SCORE" /><baseValue baseType="float">0.5</baseValue></sum></setOutcomeValue></responseIf></responseCondition><responseCondition><responseIf><not><isNull><variable identifier="RESPONSE_1424187172141" /></isNull></not><setOutcomeValue identifier="FEEDBACKBASIC"><baseValue baseType="identifier">incorrect</baseValue></setOutcomeValue></responseIf></responseCondition><responseCondition><responseIf><equal toleranceMode="exact"><variable identifier="RESPONSE_1424187330961" /><correct identifier="RESPONSE_1424187330961" /></equal><setOutcomeValue identifier="SCORE"><sum><variable identifier="SCORE" /><baseValue baseType="float">0.5</baseValue></sum></setOutcomeValue></responseIf></responseCondition><responseCondition><responseIf><not><isNull><variable identifier="RESPONSE_1424187330961" /></isNull></not><setOutcomeValue identifier="FEEDBACKBASIC"><baseValue baseType="identifier">incorrect</baseValue></setOutcomeValue></responseIf></responseCondition><responseCondition><responseIf><equal toleranceMode="exact"><variable identifier="RESPONSE_1424186934429" /><correct identifier="RESPONSE_1424186934429" /></equal><setOutcomeValue identifier="SCORE"><sum><variable identifier="SCORE" /><baseValue baseType="float">0.5</baseValue></sum></setOutcomeValue></responseIf></responseCondition><responseCondition><responseIf><not><isNull><variable identifier="RESPONSE_1424186934429" /></isNull></not><setOutcomeValue identifier="FEEDBACKBASIC"><baseValue baseType="identifier">incorrect</baseValue></setOutcomeValue></responseIf></responseCondition><responseCondition><responseIf><equal toleranceMode="exact"><variable identifier="RESPONSE_1424187206814" /><correct identifier="RESPONSE_1424187206814" /></equal><setOutcomeValue identifier="SCORE"><sum><variable identifier="SCORE" /><baseValue baseType="float">0.5</baseValue></sum></setOutcomeValue></responseIf></responseCondition><responseCondition><responseIf><not><isNull><variable identifier="RESPONSE_1424187206814" /></isNull></not><setOutcomeValue identifier="FEEDBACKBASIC"><baseValue baseType="identifier">incorrect</baseValue></setOutcomeValue></responseIf></responseCondition><responseCondition><responseIf><and><not><match><variable identifier="FEEDBACKBASIC" /><baseValue baseType="identifier">empty</baseValue></match></not><equal toleranceMode="exact"><variable identifier="SCORE" /><variable identifier="MAXSCORE" /></equal></and><setOutcomeValue identifier="FEEDBACKBASIC"><baseValue baseType="identifier">correct</baseValue></setOutcomeValue></responseIf></responseCondition><responseCondition><responseIf><and><match><baseValue baseType="identifier">correct</baseValue><variable identifier="FEEDBACKBASIC" /></match></and><setOutcomeValue identifier="FEEDBACKMODAL"><multiple><variable identifier="FEEDBACKMODAL" /><baseValue baseType="identifier">Feedback1523350674</baseValue></multiple></setOutcomeValue></responseIf></responseCondition><responseCondition><responseIf><and><match><baseValue baseType="identifier">incorrect</baseValue><variable identifier="FEEDBACKBASIC" /></match></and><setOutcomeValue identifier="FEEDBACKMODAL"><multiple><variable identifier="FEEDBACKMODAL" /><baseValue baseType="identifier">Feedback859525485</baseValue></multiple></setOutcomeValue></responseIf></responseCondition></responseProcessing><modalFeedback  identifier="Feedback1523350674" outcomeIdentifier="FEEDBACKMODAL" showHide="show" title="Richtig!"><p>$$\sum_{n=1}^5 2n=2+4+6+8+10=30$$</p><p>$$\sum_{n=2}^3 (n+5)=(2+5)+(3+5)=7+8=15$$</p><p>$$\sum_{n=1}^4 n^2=1+4+9+16=30$$</p><p>$$\sum_{n=2}^4 n(n+1)=2\cdot3+3\cdot4+4\cdot5=6+12+20=38$$</p></modalFeedback><modalFeedback  identifier="Feedback859525485" outcomeIdentifier="FEEDBACKMODAL" showHide="show" title="Leider (nicht vollständig) richtig!"><p>$$\sum_{n=1}^5 2n=2+4+6+8+10=30$$</p><p>$$\sum_{n=2}^3 (n+5)=(2+5)+(3+5)=7+8=15$$</p><p>$$\sum_{n=1}^4 n^2=1+4+9+16=30$$</p><p>$$\sum_{n=2}^4 n(n+1)=2\cdot3+3\cdot4+4\cdot5=6+12+20=38$$</p></modalFeedback></assessmentItem>
