<?xml version="1.0" encoding="UTF-8"?>
<assessmentItem xmlns="http://www.imsglobal.org/xsd/imsqti_v2p1" xmlns:xsi="http://www.w3.org/2001/XMLSchema-instance" xsi:schemaLocation="http://www.imsglobal.org/xsd/imsqti_v2p1 http://www.imsglobal.org/xsd/qti/qtiv2p1/imsqti_v2p1p1.xsd http://www.w3.org/1998/Math/MathML http://www.w3.org/Math/XMLSchema/mathml2/mathml2.xsd" identifier="id368582c0-ed0f-4965-95c9-f12a30419044" title="IntegralSatzCauchy" adaptive="false" timeDependent="false"><responseDeclaration identifier="RESPONSE_1" cardinality="multiple" baseType="identifier"><correctResponse><value>id3af0c4b2-cf27-41c0-be79-736b1c85adca</value><value>id608bf29f-237e-4118-b43a-8de8868d959e</value><value>id4ac88161-f3e8-442d-b2f7-8db1b51ba082</value><value>id2abcdc6c-8a2d-4b98-8e48-4c2b5e1022e8</value></correctResponse><mapping defaultValue="0" lowerBound="0.0"><mapEntry mapKey="id3af0c4b2-cf27-41c0-be79-736b1c85adca" mappedValue="1.333" /><mapEntry mapKey="id6d2f105b-48c0-47c7-9e5b-ff085716848c" mappedValue="-1.333" /><mapEntry mapKey="id608bf29f-237e-4118-b43a-8de8868d959e" mappedValue="1.333" /><mapEntry mapKey="id66718568-6307-4275-a5cc-2ae5d6ae78d0" mappedValue="-1.333" /><mapEntry mapKey="id1f47daf8-35d1-4671-a6e5-24a726dfd576" mappedValue="-1.333" /><mapEntry mapKey="id4ac88161-f3e8-442d-b2f7-8db1b51ba082" mappedValue="1.333" /><mapEntry mapKey="id2db8ed78-b3a2-4a57-ac05-53367641bbde" mappedValue="0.0" /><mapEntry mapKey="id2abcdc6c-8a2d-4b98-8e48-4c2b5e1022e8" mappedValue="0.0" /></mapping></responseDeclaration><outcomeDeclaration identifier="SCORE" cardinality="single" baseType="float"><defaultValue><value>0</value></defaultValue></outcomeDeclaration><outcomeDeclaration identifier="MAXSCORE" cardinality="single" baseType="float"><defaultValue><value>3.9989999999999997</value></defaultValue></outcomeDeclaration><outcomeDeclaration identifier="FEEDBACKBASIC" cardinality="single" baseType="identifier" view="testConstructor"><defaultValue><value>empty</value></defaultValue></outcomeDeclaration><outcomeDeclaration identifier="FEEDBACKMODAL" cardinality="multiple" baseType="identifier" view="testConstructor" /><itemBody ><p>Sei $$ f: D \rightarrow \mathbb C, z \mapsto f(z)$$ eine Funktion die auf einem Bereich \(D\) differenzierbar ist.</p><p>Seien $$\gamma_1, \gamma_2$$ zwei geschlossenen Kurven in \(D\).</p><p>Bezeichnungen: Für jede Kuve  \( \gamma \) und jeden Punkt \(z\) der nicht auf  \( \gamma\) liegt, sei \( w(\gamma, z )\) die Windungszahl von  \( \gamma\) um \(z\).</p><p>Setze einen Haken an jede wahre Aussage:</p><choiceInteraction responseIdentifier="RESPONSE_1" shuffle="true" maxChoices="0"><simpleChoice identifier="id3af0c4b2-cf27-41c0-be79-736b1c85adca"><p>\( \int_{\gamma_1} f = \int_{\gamma_2} f\)   wenn \( w(\gamma_1,z) = w(\gamma_2, z)  \forall z \not \in D\).</p></simpleChoice><simpleChoice identifier="id6d2f105b-48c0-47c7-9e5b-ff085716848c"><p>\( \int_{\gamma_1} f = \int_{\gamma_2} f\)</p></simpleChoice><simpleChoice identifier="id608bf29f-237e-4118-b43a-8de8868d959e"><p>\( \int_{\gamma_1} f = 0 \)   wenn \( w(\gamma_1,z) = 0  \forall z \not \in D\).</p></simpleChoice><simpleChoice identifier="id66718568-6307-4275-a5cc-2ae5d6ae78d0"><p>\( \int_{\gamma_1} f = \int_{\gamma_2} f = 0\)    wenn \( w(\gamma_1,z) = w(\gamma_2, z)  \forall z \not \in D\).</p></simpleChoice><simpleChoice identifier="id1f47daf8-35d1-4671-a6e5-24a726dfd576"><p>\( \int_{\gamma_1} f = \int_{\gamma_2} f = 0 \)</p></simpleChoice><simpleChoice identifier="id4ac88161-f3e8-442d-b2f7-8db1b51ba082"><p>\( \int_{\gamma_1} f + \int_{\gamma_2} f = 0 \)   wenn \( w(\gamma_1,z) + w(\gamma_2, z) = 0  \forall z \not \in D\).</p></simpleChoice><simpleChoice identifier="id2db8ed78-b3a2-4a57-ac05-53367641bbde"><p>\( \int_{\gamma_1} f + \int_{\gamma_2} f = 0 \)    wenn \( w(\gamma_1,z) = w(\gamma_2, z)  \forall z \not \in D\).</p></simpleChoice><simpleChoice identifier="id2abcdc6c-8a2d-4b98-8e48-4c2b5e1022e8"><p>\( \int_{\gamma_1} f + \int_{-\gamma_2} f = 0 \)   wenn \( w(\gamma_1,z) = w(\gamma_2, z)  \forall z \not \in D\).</p></simpleChoice></choiceInteraction></itemBody><responseProcessing><responseCondition><responseIf><not><isNull><variable identifier="RESPONSE_1" /></isNull></not><setOutcomeValue identifier="SCORE"><sum><variable identifier="SCORE" /><mapResponse identifier="RESPONSE_1" /></sum></setOutcomeValue><setOutcomeValue identifier="FEEDBACKBASIC"><baseValue baseType="identifier">incorrect</baseValue></setOutcomeValue></responseIf></responseCondition><responseCondition><responseIf><and><not><match><variable identifier="FEEDBACKBASIC" /><baseValue baseType="identifier">empty</baseValue></match></not><equal toleranceMode="exact"><variable identifier="SCORE" /><variable identifier="MAXSCORE" /></equal></and><setOutcomeValue identifier="FEEDBACKBASIC"><baseValue baseType="identifier">correct</baseValue></setOutcomeValue></responseIf></responseCondition><responseCondition><responseIf><and><match><baseValue baseType="identifier">incorrect</baseValue><variable identifier="FEEDBACKBASIC" /></match></and><setOutcomeValue identifier="FEEDBACKMODAL"><multiple><variable identifier="FEEDBACKMODAL" /><baseValue baseType="identifier">Feedback1647752267</baseValue></multiple></setOutcomeValue></responseIf></responseCondition></responseProcessing><modalFeedback  identifier="Feedback1647752267" outcomeIdentifier="FEEDBACKMODAL" showHide="show"><p>Neben Cauchy's Integralsatz (oder seiner verallgemeinerten Version) sind ebenfalls Beziehungen die Windungszahlen betreffend nützlich, wie:</p><p>\( w(-\gamma, z) = -  w(\gamma, z)\)</p><p>Weiterhin könnte benutzt werden:</p><p>\( \int_{-\gamma} f = - \int_{\gamma} f \)</p></modalFeedback></assessmentItem>
