<?xml version="1.0" encoding="UTF-8"?>
<assessmentItem xmlns="http://www.imsglobal.org/xsd/imsqti_v2p1" xmlns:xsi="http://www.w3.org/2001/XMLSchema-instance" xsi:schemaLocation="http://www.imsglobal.org/xsd/imsqti_v2p1 http://www.imsglobal.org/xsd/qti/qtiv2p1/imsqti_v2p1p1.xsd http://www.w3.org/1998/Math/MathML http://www.w3.org/Math/XMLSchema/mathml2/mathml2.xsd" identifier="idb0d7d8f1-3587-462c-8207-cd45acb11f79" title="fläche_parabel_gerade_01" adaptive="false" timeDependent="false"><responseDeclaration identifier="RESPONSE_1400140911039" cardinality="single" baseType="float"><correctResponse><value>0</value></correctResponse></responseDeclaration><outcomeDeclaration identifier="SCORE" cardinality="single" baseType="float"><defaultValue><value>0</value></defaultValue></outcomeDeclaration><outcomeDeclaration identifier="MAXSCORE" cardinality="single" baseType="float"><defaultValue><value>2</value></defaultValue></outcomeDeclaration><outcomeDeclaration identifier="FEEDBACKBASIC" cardinality="single" baseType="identifier" view="testConstructor"><defaultValue><value>empty</value></defaultValue></outcomeDeclaration><outcomeDeclaration identifier="FEEDBACKMODAL" cardinality="multiple" baseType="identifier" view="testConstructor" /><templateDeclaration identifier="A" cardinality="single" baseType="integer" /><templateDeclaration identifier="n" cardinality="single" baseType="integer" /><templateDeclaration identifier="m" cardinality="single" baseType="float" /><templateProcessing><setTemplateValue identifier="A"><randomInteger min="5" max="50" /></setTemplateValue><setTemplateValue identifier="n"><randomInteger min="2" max="10" /></setTemplateValue><setTemplateValue identifier="m"><customOperator definition="MAXIMA" value="float((6*$(1)/($(2)^2))^(1/3));"><variable identifier="A" /><variable identifier="n" /></customOperator></setTemplateValue><setCorrectResponse identifier="RESPONSE_1400140911039"><variable identifier="m" /></setCorrectResponse></templateProcessing><itemBody ><p>Gegeben sei die Parabel \(\displaystyle p(x)=\frac{x^2}{<printedVariable identifier="n" />}\).</p><p>Die Parabel \(p\) und die Gerade \(g(x)=m\cdot x\) schließen für positives \(m\) im ersten Quadranten eine Fläche ein.</p><p>Wie groß muss \(m\) gewählt werden, sodass die eingeschlossene Fläche \(<printedVariable identifier="A" />\) FE groß ist?</p><p>Lösung: \(m\) = <textEntryInteraction responseIdentifier="RESPONSE_1400140911039" expectedLength="5" /> (runden Sie auf 3 Nachkommastellen!)</p></itemBody><responseProcessing><responseCondition><responseIf><equal toleranceMode="absolute" tolerance="0.001 0.001" includeLowerBound="true" includeUpperBound="true"><variable identifier="RESPONSE_1400140911039" /><correct identifier="RESPONSE_1400140911039" /></equal><setOutcomeValue identifier="SCORE"><sum><variable identifier="SCORE" /><baseValue baseType="float">2</baseValue></sum></setOutcomeValue></responseIf></responseCondition><responseCondition><responseIf><not><isNull><variable identifier="RESPONSE_1400140911039" /></isNull></not><setOutcomeValue identifier="FEEDBACKBASIC"><baseValue baseType="identifier">incorrect</baseValue></setOutcomeValue></responseIf></responseCondition><responseCondition><responseIf><and><not><match><variable identifier="FEEDBACKBASIC" /><baseValue baseType="identifier">empty</baseValue></match></not><equal toleranceMode="exact"><variable identifier="SCORE" /><variable identifier="MAXSCORE" /></equal></and><setOutcomeValue identifier="FEEDBACKBASIC"><baseValue baseType="identifier">correct</baseValue></setOutcomeValue></responseIf></responseCondition><responseCondition><responseIf><and><match><baseValue baseType="identifier">incorrect</baseValue><variable identifier="FEEDBACKBASIC" /></match></and><setOutcomeValue identifier="FEEDBACKMODAL"><multiple><variable identifier="FEEDBACKMODAL" /><baseValue baseType="identifier">Feedback1895250596</baseValue></multiple></setOutcomeValue></responseIf></responseCondition></responseProcessing><modalFeedback  identifier="Feedback1895250596" outcomeIdentifier="FEEDBACKMODAL" showHide="show" title="Musterbeispiel:"><p>Es sei \(p(x)=\displaystyle\frac{x^2}{5}\). Der Anstieg \(m\) der Geraden \(g(x)=mx\) ist so zu bestimmen, dass die beiden Funktionen im ersten Quadranten eine Fläche von 20 FE einschließen. Der Anstieg \(m\) muss also \(&gt;0\) sein!</p><p>Berechnen die Schnittpunkte von \(p\) und \(g\), setzen also \(mx=\displaystyle\frac{x^2}{5}\).</p><p>Wir erhalten die Schnittstellen \(x_1=0\), \(x_2=5m\).</p><p>Für \(m&gt;0\) ist dann die Fläche gegeben durch</p><p>\(\displaystyle\int_0^{5m}\left(mx-\frac{x^2}{5}\right)\mathrm dx = \left.\frac{mx^2}{2}-\frac{x^3}{15}\right|_0^{5m} =\left(\frac{25}{2}-\frac{125}{15}\right)m^3\stackrel{\large !}=20\).</p><p>Auflösen nach \(m\) liefert \(\displaystyle m=\left(\frac{24}{5}\right)^{1/3}\approx 1,687\). </p></modalFeedback></assessmentItem>
