<?xml version="1.0" encoding="UTF-8"?>
<assessmentItem xmlns="http://www.imsglobal.org/xsd/imsqti_v2p1" xmlns:xsi="http://www.w3.org/2001/XMLSchema-instance" xsi:schemaLocation="http://www.imsglobal.org/xsd/imsqti_v2p1 imsqti_v2p1.xsd" identifier="id71d098fa-704e-4bdf-9b22-c1c74b639ea2" title="9. Grundlagen Projektmanagement" adaptive="false" timeDependent="false"><responseDeclaration identifier="RESPONSE_1" cardinality="multiple" baseType="identifier"><correctResponse><value>id857cac68-8277-4ffd-b9d1-467c4e9f5300</value><value>id56776544-9f89-4f30-a63b-0a600406ffb3</value><value>id8d61349c-0612-4f67-831f-9db48e16f648</value><value>id9ee05c85-fce3-4083-892d-adb153cbf9ea</value></correctResponse><mapping defaultValue="0" lowerBound="0.0"><mapEntry mapKey="id857cac68-8277-4ffd-b9d1-467c4e9f5300" mappedValue="1.0" /><mapEntry mapKey="id56776544-9f89-4f30-a63b-0a600406ffb3" mappedValue="1.0" /><mapEntry mapKey="id8d61349c-0612-4f67-831f-9db48e16f648" mappedValue="1.0" /><mapEntry mapKey="id9ee05c85-fce3-4083-892d-adb153cbf9ea" mappedValue="1.0" /><mapEntry mapKey="id766dc862-9f47-46c0-a8f3-d1c0b317707c" mappedValue="-2.0" /><mapEntry mapKey="id49372909-b2a5-4295-9e5d-2ea6fbee8b3c" mappedValue="-2.0" /><mapEntry mapKey="id7c11ddcd-27bb-4b75-a53a-29faf3d6b5e2" mappedValue="-2.0" /></mapping></responseDeclaration><outcomeDeclaration identifier="SCORE" cardinality="single" baseType="float"><defaultValue><value>0</value></defaultValue></outcomeDeclaration><outcomeDeclaration identifier="MAXSCORE" cardinality="single" baseType="float"><defaultValue><value>4</value></defaultValue></outcomeDeclaration><outcomeDeclaration identifier="FEEDBACKBASIC" cardinality="single" baseType="identifier" view="testConstructor"><defaultValue><value>empty</value></defaultValue></outcomeDeclaration><itemBody><p xmlns=""><strong>Wie sieht der Grundaufbau eines Projektstrukturplans (PSP) nach DIN 69901 aus?</strong></p><p xmlns="">(Klicken Sie die zutreffende(n) Antwort(en) an)</p><p xmlns=""> </p><p xmlns=""><strong>Antwort:</strong></p><choiceInteraction responseIdentifier="RESPONSE_1" shuffle="true" maxChoices="0"><simpleChoice identifier="id857cac68-8277-4ffd-b9d1-467c4e9f5300"><p xmlns="">Der PSP beschreibt die vollständige, hierarchische Darstellung aller Elemente (Teilprojekte, Arbeitspakete) der Projektstruktur</p></simpleChoice><simpleChoice identifier="id56776544-9f89-4f30-a63b-0a600406ffb3"><p xmlns="">Der PSP stellt die Projektstruktur in der Regel als Diagramm oder Liste dar.</p></simpleChoice><simpleChoice identifier="id8d61349c-0612-4f67-831f-9db48e16f648"><p xmlns="">Im PSP wird das Projekt in Teilaufgaben und Teilprojekte entsprechend der Hierarchieebenen zerlegt.</p></simpleChoice><simpleChoice identifier="id9ee05c85-fce3-4083-892d-adb153cbf9ea"><p xmlns="">Die Arbeitspakete stellen die kleinsten, nicht weiter zerlegbaren Elemente des PSP dar.</p></simpleChoice><simpleChoice identifier="id766dc862-9f47-46c0-a8f3-d1c0b317707c"><p xmlns="">Der PSP beinhaltet lediglich die Teilprojekte aber keine Arbeitspakete.</p></simpleChoice><simpleChoice identifier="id49372909-b2a5-4295-9e5d-2ea6fbee8b3c"><p xmlns="">Der PSP entspricht dem Projektzeitplan/-terminplan.</p></simpleChoice><simpleChoice identifier="id7c11ddcd-27bb-4b75-a53a-29faf3d6b5e2"><p xmlns="">Im PSP ist die Dauer der Meilensteine definiert.</p></simpleChoice></choiceInteraction></itemBody><responseProcessing><responseCondition><responseIf><not><isNull><variable identifier="RESPONSE_1" /></isNull></not><setOutcomeValue identifier="SCORE"><sum><variable identifier="SCORE" /><mapResponse identifier="RESPONSE_1" /></sum></setOutcomeValue><setOutcomeValue identifier="FEEDBACKBASIC"><baseValue baseType="identifier">incorrect</baseValue></setOutcomeValue></responseIf></responseCondition><responseCondition><responseIf><and><not><match><variable identifier="FEEDBACKBASIC" /><baseValue baseType="identifier">empty</baseValue></match></not><equal toleranceMode="exact"><variable identifier="SCORE" /><variable identifier="MAXSCORE" /></equal></and><setOutcomeValue identifier="FEEDBACKBASIC"><baseValue baseType="identifier">correct</baseValue></setOutcomeValue></responseIf></responseCondition></responseProcessing></assessmentItem>
