<?xml version="1.0" encoding="UTF-8"?>
<assessmentItem xmlns="http://www.imsglobal.org/xsd/imsqti_v2p1" xmlns:xsi="http://www.w3.org/2001/XMLSchema-instance" xsi:schemaLocation="http://www.imsglobal.org/xsd/imsqti_v2p1 http://www.imsglobal.org/xsd/qti/qtiv2p1/imsqti_v2p1p1.xsd http://www.w3.org/1998/Math/MathML http://www.w3.org/Math/XMLSchema/mathml2/mathml2.xsd" identifier="id5fd46ba8-163b-4914-ad6d-5dd11d1c3f48" title="Taylor2" adaptive="false" timeDependent="false"><responseDeclaration identifier="RESPONSE_1418130750012" cardinality="single" baseType="string" /><outcomeDeclaration identifier="SCORE" cardinality="single" baseType="float"><defaultValue><value>0</value></defaultValue></outcomeDeclaration><outcomeDeclaration identifier="MAXSCORE" cardinality="single" baseType="float"><defaultValue><value>3</value></defaultValue></outcomeDeclaration><outcomeDeclaration identifier="FEEDBACKBASIC" cardinality="single" baseType="identifier" view="testConstructor"><defaultValue><value>empty</value></defaultValue></outcomeDeclaration><templateDeclaration identifier="a" cardinality="single" baseType="integer" /><templateDeclaration identifier="b" cardinality="single" baseType="integer" /><templateDeclaration identifier="a2" cardinality="single" baseType="integer" /><templateProcessing><setTemplateValue identifier="a"><randomInteger min="1" max="10" /></setTemplateValue><setTemplateValue identifier="b"><randomInteger min="1" max="20" /></setTemplateValue><setTemplateValue identifier="a2"><customOperator definition="MAXIMA" value="float(($(1))^2);"><variable identifier="a" /></customOperator></setTemplateValue><setCorrectResponse identifier="RESPONSE_1418130750012"><customOperator definition="VARIABLESTRING" value="$(2)+2*($(1))*(x-($(1)))+(x-($(1)))^2"><variable identifier="a" /><variable identifier="b" /></customOperator></setCorrectResponse></templateProcessing><itemBody ><p><p>Bestimmen Sie das Taylorpolynom 2. Grades zur Funktion</p><p>$$f(x)= \sin(x^2-<printedVariable identifier="a2" />)+<printedVariable identifier="b" />$$</p><p>im Entwicklungspunkt $$x_0=<printedVariable identifier="a" />$$.</p><p> </p><p>$$P_2(x)=$$<textEntryInteraction responseIdentifier="RESPONSE_1418130750012" expectedLength="20" class="maxima-formula show-latex show-syntax-error" /></p><p> </p><p><em>Hinweis: Die korrekte Eingabe für</em> $$1+3(x+1)^2$$ <em>wäre z.B.</em><strong> 1+3*(x+1)^2</strong>. <em>Achtung: " <strong>*</strong> "</em><em> nicht vergessen!</em></p><p><em>Klick auf's ? ermöglicht Syntaxprüfung.</em></p></p></itemBody><responseProcessing><responseCondition><responseIf><customOperator definition="MAXIMA" value="is(equal(ev($(1),noeval),ev($(2))));"><variable identifier="RESPONSE_1418130750012" /><correct identifier="RESPONSE_1418130750012" /></customOperator><setOutcomeValue identifier="SCORE"><sum><variable identifier="SCORE" /><baseValue baseType="float">3</baseValue></sum></setOutcomeValue></responseIf></responseCondition><responseCondition><responseIf><not><isNull><variable identifier="RESPONSE_1418130750012" /></isNull></not><setOutcomeValue identifier="FEEDBACKBASIC"><baseValue baseType="identifier">incorrect</baseValue></setOutcomeValue></responseIf></responseCondition><responseCondition><responseIf><and><not><match><variable identifier="FEEDBACKBASIC" /><baseValue baseType="identifier">empty</baseValue></match></not><equal toleranceMode="exact"><variable identifier="SCORE" /><variable identifier="MAXSCORE" /></equal></and><setOutcomeValue identifier="FEEDBACKBASIC"><baseValue baseType="identifier">correct</baseValue></setOutcomeValue></responseIf></responseCondition></responseProcessing></assessmentItem>
