<?xml version="1.0" encoding="UTF-8"?>
<assessmentItem xmlns="http://www.imsglobal.org/xsd/imsqti_v2p1" xmlns:xsi="http://www.w3.org/2001/XMLSchema-instance" xsi:schemaLocation="http://www.imsglobal.org/xsd/imsqti_v2p1 http://www.imsglobal.org/xsd/qti/qtiv2p1/imsqti_v2p1p1.xsd http://www.w3.org/1998/Math/MathML http://www.w3.org/Math/XMLSchema/mathml2/mathml2.xsd" identifier="id5b07d56e-8ae3-4297-bf46-f0b47d05b64e" title="IntRechnungUneigentlicheIntegrale" adaptive="false" timeDependent="false"><responseDeclaration identifier="RESPONSE_1402590372485" cardinality="single" baseType="float"><correctResponse><value>0</value></correctResponse></responseDeclaration><responseDeclaration identifier="RESPONSE_1402592188778" cardinality="single" baseType="float"><correctResponse><value>0</value></correctResponse></responseDeclaration><responseDeclaration identifier="RESPONSE_1402593301017" cardinality="single" baseType="float"><correctResponse><value>0</value></correctResponse></responseDeclaration><responseDeclaration identifier="RESPONSE_1402593679275" cardinality="single" baseType="float"><correctResponse><value>0</value></correctResponse></responseDeclaration><outcomeDeclaration identifier="SCORE" cardinality="single" baseType="float"><defaultValue><value>0</value></defaultValue></outcomeDeclaration><outcomeDeclaration identifier="MAXSCORE" cardinality="single" baseType="float"><defaultValue><value>8</value></defaultValue></outcomeDeclaration><outcomeDeclaration identifier="FEEDBACKBASIC" cardinality="single" baseType="identifier" view="testConstructor"><defaultValue><value>empty</value></defaultValue></outcomeDeclaration><outcomeDeclaration identifier="FEEDBACKMODAL" cardinality="multiple" baseType="identifier" view="testConstructor" /><templateDeclaration identifier="a" cardinality="single" baseType="float" /><templateDeclaration identifier="a1" cardinality="single" baseType="float" /><templateDeclaration identifier="al" cardinality="single" baseType="float" /><templateDeclaration identifier="bl" cardinality="single" baseType="float" /><templateDeclaration identifier="c" cardinality="single" baseType="integer" /><templateDeclaration identifier="cl" cardinality="single" baseType="float" /><templateDeclaration identifier="Nil" cardinality="single" baseType="integer" /><templateProcessing><setTemplateValue identifier="a"><random><multiple><baseValue baseType="float">-1</baseValue><baseValue baseType="float">-0.9</baseValue><baseValue baseType="float">-0.8</baseValue><baseValue baseType="float">-0.7</baseValue><baseValue baseType="float">-0.6</baseValue><baseValue baseType="float">-0.5</baseValue><baseValue baseType="float">-0.4</baseValue><baseValue baseType="float">-0.3</baseValue><baseValue baseType="float">-0.2</baseValue><baseValue baseType="float">-0.1</baseValue></multiple></random></setTemplateValue><setTemplateValue identifier="a1"><customOperator definition="MAXIMA" value="float(-$(1));"><variable identifier="a" /></customOperator></setTemplateValue><setTemplateValue identifier="al"><customOperator definition="MAXIMA" value="float(2);" /></setTemplateValue><setTemplateValue identifier="bl"><customOperator definition="MAXIMA" value="float(1/(%e));" /></setTemplateValue><setTemplateValue identifier="c"><randomInteger min="0" max="5" /></setTemplateValue><setTemplateValue identifier="cl"><customOperator definition="MAXIMA" value="float(1/($(1)+1));"><variable identifier="c" /></customOperator></setTemplateValue><setTemplateValue identifier="Nil"><customOperator definition="MAXIMA" value="float(0);" /></setTemplateValue><setCorrectResponse identifier="RESPONSE_1402590372485"><variable identifier="al" /></setCorrectResponse><setCorrectResponse identifier="RESPONSE_1402592188778"><variable identifier="bl" /></setCorrectResponse><setCorrectResponse identifier="RESPONSE_1402593301017"><variable identifier="cl" /></setCorrectResponse><setCorrectResponse identifier="RESPONSE_1402593679275"><variable identifier="Nil" /></setCorrectResponse></templateProcessing><itemBody ><p><p>Berechnen Sie die folgenden uneigentlichen Integrale, falls diese existieren (8P):</p><p style="-qt-paragraph-type: empty; -qt-block-indent: 0; text-indent: 0px; margin: 0px;"> </p><p style="-qt-block-indent: 0; text-indent: 0px; margin: 0px;">\( a.) \int_{<printedVariable identifier="a" />}^{0} \frac{1}{\sqrt{x+<printedVariable identifier="a1" />}} \ dx \quad b.) \ \int_{0}^{1} \frac{1}{x^2}\cdot e^{-\frac{1}{x}} \ dx \quad c.) \int_<printedVariable identifier="c" />^{\infty} \frac{1}{x^2+2x+1} \ dx \quad d.) \int_{-1}^{\infty}\frac{<printedVariable identifier="a1" />}{x^3} \ dx\)</p><p style="-qt-block-indent: 0; text-indent: 0px; margin: 0px;"> </p><p style="-qt-block-indent: 0; text-indent: 0px; margin: 0px;">Bitte geben Sie die Ergebnisse auf zwei Stellen nach dem Komma gerundet an und falls ein Integral nicht existieren sollte, dann tragen sie 000 ein:</p><p style="-qt-block-indent: 0; text-indent: 0px; margin: 0px;"> </p><p style="-qt-block-indent: 0; text-indent: 0px; margin: 0px;">a)<textEntryInteraction responseIdentifier="RESPONSE_1402590372485" /></p><p style="-qt-block-indent: 0; text-indent: 0px; margin: 0px;">b)<textEntryInteraction responseIdentifier="RESPONSE_1402592188778" /></p><p style="-qt-block-indent: 0; text-indent: 0px; margin: 0px;">c)<textEntryInteraction responseIdentifier="RESPONSE_1402593301017" /></p><p style="-qt-block-indent: 0; text-indent: 0px; margin: 0px;">d)<textEntryInteraction responseIdentifier="RESPONSE_1402593679275" /></p></p></itemBody><responseProcessing><responseCondition><responseIf><equal toleranceMode="absolute" tolerance="0.1 0.1" includeLowerBound="true" includeUpperBound="true"><variable identifier="RESPONSE_1402590372485" /><correct identifier="RESPONSE_1402590372485" /></equal><setOutcomeValue identifier="SCORE"><sum><variable identifier="SCORE" /><baseValue baseType="float">2</baseValue></sum></setOutcomeValue></responseIf></responseCondition><responseCondition><responseIf><not><isNull><variable identifier="RESPONSE_1402590372485" /></isNull></not><setOutcomeValue identifier="FEEDBACKBASIC"><baseValue baseType="identifier">incorrect</baseValue></setOutcomeValue></responseIf></responseCondition><responseCondition><responseIf><equal toleranceMode="absolute" tolerance="0.1 0.1" includeLowerBound="true" includeUpperBound="true"><variable identifier="RESPONSE_1402592188778" /><correct identifier="RESPONSE_1402592188778" /></equal><setOutcomeValue identifier="SCORE"><sum><variable identifier="SCORE" /><baseValue baseType="float">2</baseValue></sum></setOutcomeValue></responseIf></responseCondition><responseCondition><responseIf><not><isNull><variable identifier="RESPONSE_1402592188778" /></isNull></not><setOutcomeValue identifier="FEEDBACKBASIC"><baseValue baseType="identifier">incorrect</baseValue></setOutcomeValue></responseIf></responseCondition><responseCondition><responseIf><equal toleranceMode="absolute" tolerance="0.1 0.1" includeLowerBound="true" includeUpperBound="true"><variable identifier="RESPONSE_1402593301017" /><correct identifier="RESPONSE_1402593301017" /></equal><setOutcomeValue identifier="SCORE"><sum><variable identifier="SCORE" /><baseValue baseType="float">2</baseValue></sum></setOutcomeValue></responseIf></responseCondition><responseCondition><responseIf><not><isNull><variable identifier="RESPONSE_1402593301017" /></isNull></not><setOutcomeValue identifier="FEEDBACKBASIC"><baseValue baseType="identifier">incorrect</baseValue></setOutcomeValue></responseIf></responseCondition><responseCondition><responseIf><equal toleranceMode="exact"><variable identifier="RESPONSE_1402593679275" /><correct identifier="RESPONSE_1402593679275" /></equal><setOutcomeValue identifier="SCORE"><sum><variable identifier="SCORE" /><baseValue baseType="float">2</baseValue></sum></setOutcomeValue></responseIf></responseCondition><responseCondition><responseIf><not><isNull><variable identifier="RESPONSE_1402593679275" /></isNull></not><setOutcomeValue identifier="FEEDBACKBASIC"><baseValue baseType="identifier">incorrect</baseValue></setOutcomeValue></responseIf></responseCondition><responseCondition><responseIf><and><not><match><variable identifier="FEEDBACKBASIC" /><baseValue baseType="identifier">empty</baseValue></match></not><equal toleranceMode="exact"><variable identifier="SCORE" /><variable identifier="MAXSCORE" /></equal></and><setOutcomeValue identifier="FEEDBACKBASIC"><baseValue baseType="identifier">correct</baseValue></setOutcomeValue></responseIf></responseCondition><responseCondition><responseIf><and><match><baseValue baseType="identifier">correct</baseValue><variable identifier="FEEDBACKBASIC" /></match></and><setOutcomeValue identifier="FEEDBACKMODAL"><multiple><variable identifier="FEEDBACKMODAL" /><baseValue baseType="identifier">Feedback1025285537</baseValue></multiple></setOutcomeValue></responseIf></responseCondition><responseCondition><responseIf><and><match><baseValue baseType="identifier">incorrect</baseValue><variable identifier="FEEDBACKBASIC" /></match></and><setOutcomeValue identifier="FEEDBACKMODAL"><multiple><variable identifier="FEEDBACKMODAL" /><baseValue baseType="identifier">Feedback565236831</baseValue></multiple></setOutcomeValue></responseIf></responseCondition></responseProcessing><modalFeedback  identifier="Feedback1025285537" outcomeIdentifier="FEEDBACKMODAL" showHide="show"><p><strong> <strong>Ihre Lösungen zur Aufgabe 4.1 sind zu den Eich Lösungen äquivalent. Volle Punkte für diese Aufgabe.</strong></strong></p></modalFeedback><modalFeedback  identifier="Feedback565236831" outcomeIdentifier="FEEDBACKMODAL" showHide="show"><p><strong>Hinweise: Die Funktion in d.) besitzt eine Polstelle und ist daher ein uneigentliches Integral sowohl bezüglich der Polstelle als auch der oberen Integrationsgrenze.<br /></strong></p></modalFeedback></assessmentItem>
