<?xml version="1.0" encoding="UTF-8"?>
<assessmentItem xmlns="http://www.imsglobal.org/xsd/imsqti_v2p1" xmlns:xsi="http://www.w3.org/2001/XMLSchema-instance" xsi:schemaLocation="http://www.imsglobal.org/xsd/imsqti_v2p1 http://www.imsglobal.org/xsd/qti/qtiv2p1/imsqti_v2p1p1.xsd http://www.w3.org/1998/Math/MathML http://www.w3.org/Math/XMLSchema/mathml2/mathml2.xsd" identifier="id65498f49-14c5-4407-9efa-b0cf2f336ce1" title="NumIntRechteckTrapezFehlerrechnung" adaptive="false" timeDependent="false"><responseDeclaration identifier="RESPONSE_1399127354849" cardinality="single" baseType="string" /><responseDeclaration identifier="RESPONSE_1399127424944" cardinality="single" baseType="string" /><responseDeclaration identifier="RESPONSE_1399128287460" cardinality="single" baseType="float"><correctResponse><value>0</value></correctResponse></responseDeclaration><responseDeclaration identifier="RESPONSE_1399128344231" cardinality="single" baseType="float"><correctResponse><value>0</value></correctResponse></responseDeclaration><responseDeclaration identifier="RESPONSE_1399128924550" cardinality="single" baseType="float"><correctResponse><value>0</value></correctResponse></responseDeclaration><outcomeDeclaration identifier="SCORE" cardinality="single" baseType="float"><defaultValue><value>0</value></defaultValue></outcomeDeclaration><outcomeDeclaration identifier="MAXSCORE" cardinality="single" baseType="float"><defaultValue><value>8</value></defaultValue></outcomeDeclaration><outcomeDeclaration identifier="FEEDBACKBASIC" cardinality="single" baseType="identifier" view="testConstructor"><defaultValue><value>empty</value></defaultValue></outcomeDeclaration><outcomeDeclaration identifier="FEEDBACKMODAL" cardinality="multiple" baseType="identifier" view="testConstructor" /><templateDeclaration identifier="A" cardinality="single" baseType="integer" /><templateDeclaration identifier="FR" cardinality="single" baseType="float" /><templateDeclaration identifier="FT" cardinality="single" baseType="float" /><templateDeclaration identifier="n" cardinality="single" baseType="integer" /><templateProcessing><setTemplateValue identifier="A"><randomInteger min="1" max="25" /></setTemplateValue><setTemplateValue identifier="FR"><customOperator definition="MAXIMA" value="float(1/sqrt(1+$(1))*1/10);"><variable identifier="A" /></customOperator></setTemplateValue><setTemplateValue identifier="FT"><customOperator definition="MAXIMA" value="float(1/600*1/sqrt($(1)));"><variable identifier="A" /></customOperator></setTemplateValue><setTemplateValue identifier="n"><customOperator definition="MAXIMA" value="float(sqrt(2/3)*(10^4)/$(1)^(1/4)+1);"><variable identifier="A" /></customOperator></setTemplateValue><setCorrectResponse identifier="RESPONSE_1399127354849"><customOperator definition="VARIABLESTRING" value="x/(x^2+$(1))^(1/2)"><variable identifier="A" /></customOperator></setCorrectResponse><setCorrectResponse identifier="RESPONSE_1399127424944"><customOperator definition="VARIABLESTRING" value="$(1)/((x^2+$(1))^(1/2)*(x^2+$(1)))"><variable identifier="A" /></customOperator></setCorrectResponse><setCorrectResponse identifier="RESPONSE_1399128287460"><variable identifier="FR" /></setCorrectResponse><setCorrectResponse identifier="RESPONSE_1399128344231"><variable identifier="FT" /></setCorrectResponse><setCorrectResponse identifier="RESPONSE_1399128924550"><variable identifier="n" /></setCorrectResponse></templateProcessing><itemBody ><p><p style="-qt-block-indent: 0; text-indent: 0px; margin: 0px;">Bei der numerischen Integration von   \( \int _{-1}^{1} f(x) \ dx := \int _{-1}^{1} \sqrt{x^2+<printedVariable identifier="A" />}\ dx\)  weicht der ermittelte Wert vom Wahren Wert des Integrals ab.</p><p style="-qt-paragraph-type: empty; -qt-block-indent: 0; text-indent: 0px; margin: 0px;"> </p><p style="-qt-block-indent: 0; text-indent: 0px; margin: 0px;">a.) Wie groß ist der <strong>Fehler</strong> <strong>\(F_a\)</strong> maximal bei n = 20 unter Anwendung der Rechteckregel (links) ?</p><p style="-qt-block-indent: 0; text-indent: 0px; margin: 0px;">b.) Wie groß ist der <strong>Fehler</strong> <strong>\(F_b\)</strong>maximal bei n = 20 unter Anwendung der Trapezregel ?</p><p style="-qt-block-indent: 0; text-indent: 0px; margin: 0px;">c.) Wie groß muß man <strong>n</strong> mindestens wählen, um eine Abweichung von weniger als \( 10^{-8}\) bei der Anwendung der Trapezregel garantieren zu können ?</p><p style="-qt-block-indent: 0; text-indent: 0px; margin: 0px;"> </p><p style="-qt-block-indent: 0; text-indent: 0px; margin: 0px;">Geben Sie zunächst die Ableitungen des Integranden in Maxima-Schreibweise ein:</p><p style="-qt-block-indent: 0; text-indent: 0px; margin: 0px;"> </p><p style="-qt-block-indent: 0; text-indent: 0px; margin: 0px;">f'(x)=<textEntryInteraction responseIdentifier="RESPONSE_1399127354849" expectedLength="20" class="maxima-formula show-latex show-syntax-error" /></p><p style="-qt-block-indent: 0; text-indent: 0px; margin: 0px;">f''(x)= <textEntryInteraction responseIdentifier="RESPONSE_1399127424944" expectedLength="72" class="maxima-formula show-latex show-syntax-error" /></p><p style="-qt-block-indent: 0; text-indent: 0px; margin: 0px;"> </p><p style="-qt-block-indent: 0; text-indent: 0px; margin: 0px;">Geben Sie den Fehler \(F_a\) auf vier Stellen nach dem Komma gerundet an:</p><p style="-qt-block-indent: 0; text-indent: 0px; margin: 0px;">\(F_a\)= <textEntryInteraction responseIdentifier="RESPONSE_1399128287460" /></p><p style="-qt-block-indent: 0; text-indent: 0px; margin: 0px;"> </p><p style="-qt-block-indent: 0; text-indent: 0px; margin: 0px;">Geben Sie den Fehler \(F_b\) auf vier Stellen nach dem Komma gerundet an:</p><p style="-qt-block-indent: 0; text-indent: 0px; margin: 0px;">\(F_b\)= <textEntryInteraction responseIdentifier="RESPONSE_1399128344231" expectedLength="13" /></p><p style="-qt-block-indent: 0; text-indent: 0px; margin: 0px;"> </p><p style="-qt-block-indent: 0; text-indent: 0px; margin: 0px;">Geben Sie nun n als ganze Zahl ein:</p><p style="-qt-block-indent: 0; text-indent: 0px; margin: 0px;">n= <textEntryInteraction responseIdentifier="RESPONSE_1399128924550" expectedLength="6" /></p><p style="-qt-block-indent: 0; text-indent: 0px; margin: 0px;"> </p><p style="-qt-paragraph-type: empty; -qt-block-indent: 0; text-indent: 0px; margin: 0px;"> </p></p></itemBody><responseProcessing><responseCondition><responseIf><customOperator definition="MAXIMA" value="is(equal(ev($(1)),ev($(2))));"><variable identifier="RESPONSE_1399127354849" /><correct identifier="RESPONSE_1399127354849" /></customOperator><setOutcomeValue identifier="SCORE"><sum><variable identifier="SCORE" /><baseValue baseType="float">1</baseValue></sum></setOutcomeValue></responseIf></responseCondition><responseCondition><responseIf><not><isNull><variable identifier="RESPONSE_1399127354849" /></isNull></not><setOutcomeValue identifier="FEEDBACKBASIC"><baseValue baseType="identifier">incorrect</baseValue></setOutcomeValue></responseIf></responseCondition><responseCondition><responseIf><customOperator definition="MAXIMA" value="is(equal(ev($(1)),ev($(2))));"><variable identifier="RESPONSE_1399127424944" /><correct identifier="RESPONSE_1399127424944" /></customOperator><setOutcomeValue identifier="SCORE"><sum><variable identifier="SCORE" /><baseValue baseType="float">1</baseValue></sum></setOutcomeValue></responseIf></responseCondition><responseCondition><responseIf><not><isNull><variable identifier="RESPONSE_1399127424944" /></isNull></not><setOutcomeValue identifier="FEEDBACKBASIC"><baseValue baseType="identifier">incorrect</baseValue></setOutcomeValue></responseIf></responseCondition><responseCondition><responseIf><equal toleranceMode="absolute" tolerance="0.01 0.01" includeLowerBound="true" includeUpperBound="true"><variable identifier="RESPONSE_1399128287460" /><correct identifier="RESPONSE_1399128287460" /></equal><setOutcomeValue identifier="SCORE"><sum><variable identifier="SCORE" /><baseValue baseType="float">2</baseValue></sum></setOutcomeValue></responseIf></responseCondition><responseCondition><responseIf><not><isNull><variable identifier="RESPONSE_1399128287460" /></isNull></not><setOutcomeValue identifier="FEEDBACKBASIC"><baseValue baseType="identifier">incorrect</baseValue></setOutcomeValue></responseIf></responseCondition><responseCondition><responseIf><equal toleranceMode="absolute" tolerance="1.0E-4 1.0E-4" includeLowerBound="true" includeUpperBound="true"><variable identifier="RESPONSE_1399128344231" /><correct identifier="RESPONSE_1399128344231" /></equal><setOutcomeValue identifier="SCORE"><sum><variable identifier="SCORE" /><baseValue baseType="float">2</baseValue></sum></setOutcomeValue></responseIf></responseCondition><responseCondition><responseIf><not><isNull><variable identifier="RESPONSE_1399128344231" /></isNull></not><setOutcomeValue identifier="FEEDBACKBASIC"><baseValue baseType="identifier">incorrect</baseValue></setOutcomeValue></responseIf></responseCondition><responseCondition><responseIf><equal toleranceMode="absolute" tolerance="2.0 10.0" includeLowerBound="true" includeUpperBound="true"><variable identifier="RESPONSE_1399128924550" /><correct identifier="RESPONSE_1399128924550" /></equal><setOutcomeValue identifier="SCORE"><sum><variable identifier="SCORE" /><baseValue baseType="float">2</baseValue></sum></setOutcomeValue></responseIf></responseCondition><responseCondition><responseIf><not><isNull><variable identifier="RESPONSE_1399128924550" /></isNull></not><setOutcomeValue identifier="FEEDBACKBASIC"><baseValue baseType="identifier">incorrect</baseValue></setOutcomeValue></responseIf></responseCondition><responseCondition><responseIf><and><not><match><variable identifier="FEEDBACKBASIC" /><baseValue baseType="identifier">empty</baseValue></match></not><equal toleranceMode="exact"><variable identifier="SCORE" /><variable identifier="MAXSCORE" /></equal></and><setOutcomeValue identifier="FEEDBACKBASIC"><baseValue baseType="identifier">correct</baseValue></setOutcomeValue></responseIf></responseCondition><responseCondition><responseIf><and><match><baseValue baseType="identifier">correct</baseValue><variable identifier="FEEDBACKBASIC" /></match></and><setOutcomeValue identifier="FEEDBACKMODAL"><multiple><variable identifier="FEEDBACKMODAL" /><baseValue baseType="identifier">Feedback2111479059</baseValue></multiple></setOutcomeValue></responseIf></responseCondition><responseCondition><responseIf><and><match><baseValue baseType="identifier">incorrect</baseValue><variable identifier="FEEDBACKBASIC" /></match></and><setOutcomeValue identifier="FEEDBACKMODAL"><multiple><variable identifier="FEEDBACKMODAL" /><baseValue baseType="identifier">Feedback461277938</baseValue></multiple></setOutcomeValue></responseIf></responseCondition></responseProcessing><modalFeedback  identifier="Feedback2111479059" outcomeIdentifier="FEEDBACKMODAL" showHide="show"><p><strong>Ihre Lösungen zur Aufgabe 7.2 sind zu den Eich Lösungen äquivalent. Volle Punkte für diese Aufgabe.</strong></p></modalFeedback><modalFeedback  identifier="Feedback461277938" outcomeIdentifier="FEEDBACKMODAL" showHide="show"><p><strong>Ihre Lösung für mindestens eine der Lücken zu Aufgabe 7.2 war nicht äquivalent zur Eich Lösung. Es gab einen Punkteabzug.</strong></p><p><strong>Ansatz für 7.02a.)  Einfache Rechteckregel, n = 20: Man betrachte die Fehlerfunktion \(M(x) := |\frac{(b-a)^2}{2\cdot n }f'(x)|= \frac{4}{2\cdot 20 }\frac{|x|}{\sqrt{x^2+B}}= \frac{4}{2\cdot 20 }\frac{1}{\sqrt{1+\frac{B}{x^2}}} \ \) für \( x \not = 0\). An welcher Stelle \(x_0\) hat M(x) ihr Maximum ? Dieses <strong>\(x_0\) in M(x) eingesetzt, liefert eine Schranke für den Fehler.</strong><br /></strong></p><p><strong><strong>Ansatz 7.02b.) Trapezregel, n = 20: Betrachten Fehlerfunktion \(\ M(x) := |\frac{(b-a)^3}{12\cdot n^2 }f''(x)| = \frac{8}{12\cdot 20^2 }\frac{B}{\sqrt{x^2+B}\cdot (x^2+B)}. \ \)<strong>An welcher Stelle \(x_0\) hat M(x) ihr Maximum ? Dieses <strong>\(x_0\) in M(x) eingesetzt, liefert eine Schranke für den Fehler.</strong></strong></strong></strong></p><p><strong><strong><strong><strong>Ansatz 7.02c.) Das Maximum von f'' ist auf dem Intervall [-1,1] gleich m:= \( \frac{1}{\sqrt{B}}\). Man verwendet die Formel zur Fehlerabschätzung und erhält die Ungleichung: \( \frac{2^3}{12\cdot n^2\cdot \sqrt{B}} \le 10^{-8}\) Forme diese Ungleichung nach n um.</strong></strong></strong></strong></p></modalFeedback></assessmentItem>
