<?xml version="1.0" encoding="UTF-8"?>
<assessmentItem xmlns="http://www.imsglobal.org/xsd/imsqti_v2p1" xmlns:xsi="http://www.w3.org/2001/XMLSchema-instance" xsi:schemaLocation="http://www.imsglobal.org/xsd/imsqti_v2p1 http://www.imsglobal.org/xsd/qti/qtiv2p1/imsqti_v2p1p1.xsd http://www.w3.org/1998/Math/MathML http://www.w3.org/Math/XMLSchema/mathml2/mathml2.xsd" identifier="idbc1ae07f-499b-4234-802e-d6118e7d4da1" title="Projektion, Vektorprodukte" adaptive="false" timeDependent="false"><responseDeclaration identifier="RESPONSE_1415219920844" cardinality="single" baseType="float"><correctResponse><value>0</value></correctResponse></responseDeclaration><responseDeclaration identifier="RESPONSE_1415219927435" cardinality="single" baseType="float"><correctResponse><value>0</value></correctResponse></responseDeclaration><responseDeclaration identifier="RESPONSE_1415219932128" cardinality="single" baseType="float"><correctResponse><value>0</value></correctResponse></responseDeclaration><responseDeclaration identifier="RESPONSE_1415219992547" cardinality="single" baseType="float"><correctResponse><value>0</value></correctResponse></responseDeclaration><responseDeclaration identifier="RESPONSE_1415220089464" cardinality="single" baseType="float"><correctResponse><value>0</value></correctResponse></responseDeclaration><responseDeclaration identifier="RESPONSE_1415220096465" cardinality="single" baseType="float"><correctResponse><value>0</value></correctResponse></responseDeclaration><responseDeclaration identifier="RESPONSE_1415220105198" cardinality="single" baseType="float"><correctResponse><value>0</value></correctResponse></responseDeclaration><outcomeDeclaration identifier="SCORE" cardinality="single" baseType="float"><defaultValue><value>0</value></defaultValue></outcomeDeclaration><outcomeDeclaration identifier="MAXSCORE" cardinality="single" baseType="float"><defaultValue><value>7</value></defaultValue></outcomeDeclaration><outcomeDeclaration identifier="FEEDBACKBASIC" cardinality="single" baseType="identifier" view="testConstructor"><defaultValue><value>empty</value></defaultValue></outcomeDeclaration><templateDeclaration identifier="ax" cardinality="single" baseType="integer" /><templateDeclaration identifier="ay" cardinality="single" baseType="integer" /><templateDeclaration identifier="az" cardinality="single" baseType="integer" /><templateDeclaration identifier="factor" cardinality="single" baseType="integer" /><templateDeclaration identifier="bx" cardinality="single" baseType="integer" /><templateDeclaration identifier="by" cardinality="single" baseType="integer" /><templateDeclaration identifier="bz" cardinality="single" baseType="integer" /><templateDeclaration identifier="cx" cardinality="single" baseType="integer" /><templateDeclaration identifier="cy" cardinality="single" baseType="integer" /><templateDeclaration identifier="cz" cardinality="single" baseType="integer" /><templateDeclaration identifier="skalprod" cardinality="single" baseType="integer" /><templateDeclaration identifier="bb" cardinality="single" baseType="integer" /><templateDeclaration identifier="dx" cardinality="single" baseType="float" /><templateDeclaration identifier="dy" cardinality="single" baseType="float" /><templateDeclaration identifier="dz" cardinality="single" baseType="float" /><templateProcessing><setTemplateValue identifier="ax"><randomInteger min="-10" max="10" /></setTemplateValue><setTemplateValue identifier="ay"><randomInteger min="-10" max="10" /></setTemplateValue><setTemplateValue identifier="az"><randomInteger min="-10" max="10" /></setTemplateValue><setTemplateValue identifier="factor"><random><multiple><baseValue baseType="integer">-4</baseValue><baseValue baseType="integer">-3</baseValue><baseValue baseType="integer">-2</baseValue><baseValue baseType="integer">-1</baseValue><baseValue baseType="integer">1</baseValue><baseValue baseType="integer">2</baseValue><baseValue baseType="integer">3</baseValue><baseValue baseType="integer">4</baseValue></multiple></random></setTemplateValue><setTemplateValue identifier="bx"><customOperator definition="MAXIMA" value="float(($(1))*2);"><variable identifier="factor" /></customOperator></setTemplateValue><setTemplateValue identifier="by"><customOperator definition="MAXIMA" value="float($(1));"><variable identifier="factor" /></customOperator></setTemplateValue><setTemplateValue identifier="bz"><customOperator definition="MAXIMA" value="float(($(1))*(-2));"><variable identifier="factor" /></customOperator></setTemplateValue><setTemplateValue identifier="cx"><customOperator definition="MAXIMA" value="float(($(1))*($(2))-($(3))*($(4)));"><variable identifier="ay" /><variable identifier="bz" /><variable identifier="by" /><variable identifier="az" /></customOperator></setTemplateValue><setTemplateValue identifier="cy"><customOperator definition="MAXIMA" value="float(-($(1))*($(2))+($(3))*($(4)));"><variable identifier="ax" /><variable identifier="bz" /><variable identifier="bx" /><variable identifier="az" /></customOperator></setTemplateValue><setTemplateValue identifier="cz"><customOperator definition="MAXIMA" value="float(($(1))*($(2))-($(3))*($(4)));"><variable identifier="ax" /><variable identifier="by" /><variable identifier="bx" /><variable identifier="ay" /></customOperator></setTemplateValue><setTemplateValue identifier="skalprod"><customOperator definition="MAXIMA" value="float(($(1))*($(2))+($(3))*($(4))+($(5))*($(6)));"><variable identifier="ax" /><variable identifier="bx" /><variable identifier="ay" /><variable identifier="by" /><variable identifier="az" /><variable identifier="bz" /></customOperator></setTemplateValue><setTemplateValue identifier="bb"><customOperator definition="MAXIMA" value="float(($(1))*($(2))+($(3))*($(4))+($(5))*($(6)));"><variable identifier="bx" /><variable identifier="bx" /><variable identifier="by" /><variable identifier="by" /><variable identifier="bz" /><variable identifier="bz" /></customOperator></setTemplateValue><setTemplateValue identifier="dx"><customOperator definition="MAXIMA" value="float(($(1))/($(2))*($(3)));"><variable identifier="skalprod" /><variable identifier="bb" /><variable identifier="bx" /></customOperator></setTemplateValue><setTemplateValue identifier="dy"><customOperator definition="MAXIMA" value="float(($(1))/($(2))*($(3)));"><variable identifier="skalprod" /><variable identifier="bb" /><variable identifier="by" /></customOperator></setTemplateValue><setTemplateValue identifier="dz"><customOperator definition="MAXIMA" value="float(($(1))/($(2))*($(3)));"><variable identifier="skalprod" /><variable identifier="bb" /><variable identifier="bz" /></customOperator></setTemplateValue><setCorrectResponse identifier="RESPONSE_1415219920844"><variable identifier="cx" /></setCorrectResponse><setCorrectResponse identifier="RESPONSE_1415219927435"><variable identifier="cy" /></setCorrectResponse><setCorrectResponse identifier="RESPONSE_1415219932128"><variable identifier="cz" /></setCorrectResponse><setCorrectResponse identifier="RESPONSE_1415219992547"><variable identifier="skalprod" /></setCorrectResponse><setCorrectResponse identifier="RESPONSE_1415220089464"><variable identifier="dx" /></setCorrectResponse><setCorrectResponse identifier="RESPONSE_1415220096465"><variable identifier="dy" /></setCorrectResponse><setCorrectResponse identifier="RESPONSE_1415220105198"><variable identifier="dz" /></setCorrectResponse></templateProcessing><itemBody ><p><p>Gegeben seien die Vektoren $$\vec{a}=\begin{pmatrix}<printedVariable identifier="ax" />\\<printedVariable identifier="ay" />\\<printedVariable identifier="az" />\end{pmatrix}$$ und $$\vec{b}=\begin{pmatrix}<printedVariable identifier="bx" />\\<printedVariable identifier="by" />\\<printedVariable identifier="bz" />\end{pmatrix}$$.</p><p>Berechnen Sie</p><table cellspacing="0" cellpadding="0"><tbody><tr><td rowspan="3">$$\vec{a}\times\vec{b}=$$</td><td rowspan="3"><span style="font-size: 14pt;">$$\Bigg($$</span></td><td><textEntryInteraction responseIdentifier="RESPONSE_1415219920844" expectedLength="1" /></td><td rowspan="3"> <span style="font-size: 14pt;">$$\Bigg)$$</span></td></tr><tr><td><textEntryInteraction responseIdentifier="RESPONSE_1415219927435" expectedLength="1" /></td></tr><tr><td><textEntryInteraction responseIdentifier="RESPONSE_1415219932128" expectedLength="1" /></td></tr></tbody></table><p>$$\vec{a}\circ\vec{b}=$$<textEntryInteraction responseIdentifier="RESPONSE_1415219992547" expectedLength="3" /></p><table cellspacing="0" cellpadding="0"><tbody><tr><td rowspan="3">$$\vec{a}_{\vec{b}}=$$</td><td rowspan="3"><span style="font-size: 14pt;">$$\Bigg($$</span></td><td><textEntryInteraction responseIdentifier="RESPONSE_1415220089464" expectedLength="2" /></td><td rowspan="3"> <span style="font-size: 14pt;">$$\Bigg)$$</span></td></tr><tr><td><textEntryInteraction responseIdentifier="RESPONSE_1415220096465" expectedLength="2" /></td></tr><tr><td><textEntryInteraction responseIdentifier="RESPONSE_1415220105198" expectedLength="2" /></td></tr></tbody></table><p>Runden Sie ggf. auf zwei Stellen nach dem Komma.</p></p></itemBody><responseProcessing><responseCondition><responseIf><equal toleranceMode="absolute" tolerance="0.01 0.01" includeLowerBound="true" includeUpperBound="true"><variable identifier="RESPONSE_1415219920844" /><correct identifier="RESPONSE_1415219920844" /></equal><setOutcomeValue identifier="SCORE"><sum><variable identifier="SCORE" /><baseValue baseType="float">1</baseValue></sum></setOutcomeValue></responseIf></responseCondition><responseCondition><responseIf><not><isNull><variable identifier="RESPONSE_1415219920844" /></isNull></not><setOutcomeValue identifier="FEEDBACKBASIC"><baseValue baseType="identifier">incorrect</baseValue></setOutcomeValue></responseIf></responseCondition><responseCondition><responseIf><equal toleranceMode="absolute" tolerance="0.01 0.01" includeLowerBound="true" includeUpperBound="true"><variable identifier="RESPONSE_1415219927435" /><correct identifier="RESPONSE_1415219927435" /></equal><setOutcomeValue identifier="SCORE"><sum><variable identifier="SCORE" /><baseValue baseType="float">1</baseValue></sum></setOutcomeValue></responseIf></responseCondition><responseCondition><responseIf><not><isNull><variable identifier="RESPONSE_1415219927435" /></isNull></not><setOutcomeValue identifier="FEEDBACKBASIC"><baseValue baseType="identifier">incorrect</baseValue></setOutcomeValue></responseIf></responseCondition><responseCondition><responseIf><equal toleranceMode="absolute" tolerance="0.01 0.01" includeLowerBound="true" includeUpperBound="true"><variable identifier="RESPONSE_1415219932128" /><correct identifier="RESPONSE_1415219932128" /></equal><setOutcomeValue identifier="SCORE"><sum><variable identifier="SCORE" /><baseValue baseType="float">1</baseValue></sum></setOutcomeValue></responseIf></responseCondition><responseCondition><responseIf><not><isNull><variable identifier="RESPONSE_1415219932128" /></isNull></not><setOutcomeValue identifier="FEEDBACKBASIC"><baseValue baseType="identifier">incorrect</baseValue></setOutcomeValue></responseIf></responseCondition><responseCondition><responseIf><equal toleranceMode="exact"><variable identifier="RESPONSE_1415219992547" /><correct identifier="RESPONSE_1415219992547" /></equal><setOutcomeValue identifier="SCORE"><sum><variable identifier="SCORE" /><baseValue baseType="float">1</baseValue></sum></setOutcomeValue></responseIf></responseCondition><responseCondition><responseIf><not><isNull><variable identifier="RESPONSE_1415219992547" /></isNull></not><setOutcomeValue identifier="FEEDBACKBASIC"><baseValue baseType="identifier">incorrect</baseValue></setOutcomeValue></responseIf></responseCondition><responseCondition><responseIf><equal toleranceMode="absolute" tolerance="0.01 0.01" includeLowerBound="true" includeUpperBound="true"><variable identifier="RESPONSE_1415220089464" /><correct identifier="RESPONSE_1415220089464" /></equal><setOutcomeValue identifier="SCORE"><sum><variable identifier="SCORE" /><baseValue baseType="float">1</baseValue></sum></setOutcomeValue></responseIf></responseCondition><responseCondition><responseIf><not><isNull><variable identifier="RESPONSE_1415220089464" /></isNull></not><setOutcomeValue identifier="FEEDBACKBASIC"><baseValue baseType="identifier">incorrect</baseValue></setOutcomeValue></responseIf></responseCondition><responseCondition><responseIf><equal toleranceMode="absolute" tolerance="0.01 0.01" includeLowerBound="true" includeUpperBound="true"><variable identifier="RESPONSE_1415220096465" /><correct identifier="RESPONSE_1415220096465" /></equal><setOutcomeValue identifier="SCORE"><sum><variable identifier="SCORE" /><baseValue baseType="float">1</baseValue></sum></setOutcomeValue></responseIf></responseCondition><responseCondition><responseIf><not><isNull><variable identifier="RESPONSE_1415220096465" /></isNull></not><setOutcomeValue identifier="FEEDBACKBASIC"><baseValue baseType="identifier">incorrect</baseValue></setOutcomeValue></responseIf></responseCondition><responseCondition><responseIf><equal toleranceMode="absolute" tolerance="0.01 0.01" includeLowerBound="true" includeUpperBound="true"><variable identifier="RESPONSE_1415220105198" /><correct identifier="RESPONSE_1415220105198" /></equal><setOutcomeValue identifier="SCORE"><sum><variable identifier="SCORE" /><baseValue baseType="float">1</baseValue></sum></setOutcomeValue></responseIf></responseCondition><responseCondition><responseIf><not><isNull><variable identifier="RESPONSE_1415220105198" /></isNull></not><setOutcomeValue identifier="FEEDBACKBASIC"><baseValue baseType="identifier">incorrect</baseValue></setOutcomeValue></responseIf></responseCondition><responseCondition><responseIf><and><not><match><variable identifier="FEEDBACKBASIC" /><baseValue baseType="identifier">empty</baseValue></match></not><equal toleranceMode="exact"><variable identifier="SCORE" /><variable identifier="MAXSCORE" /></equal></and><setOutcomeValue identifier="FEEDBACKBASIC"><baseValue baseType="identifier">correct</baseValue></setOutcomeValue></responseIf></responseCondition></responseProcessing></assessmentItem>
