<?xml version="1.0" encoding="UTF-8"?>
<assessmentItem xmlns="http://www.imsglobal.org/xsd/imsqti_v2p1" xmlns:xsi="http://www.w3.org/2001/XMLSchema-instance" xsi:schemaLocation="http://www.imsglobal.org/xsd/imsqti_v2p1 http://www.imsglobal.org/xsd/qti/qtiv2p1/imsqti_v2p1p1.xsd http://www.w3.org/1998/Math/MathML http://www.w3.org/Math/XMLSchema/mathml2/mathml2.xsd" identifier="idd21dc7c8-3b06-4f9a-979c-4933c4c21945" title="Teilaufgabe Aussagen zu natürlichen Zahlen 1" adaptive="false" timeDependent="false"><responseDeclaration identifier="RESPONSE_1" cardinality="multiple" baseType="identifier"><correctResponse><value>idcbdeaf8a-5fb3-4283-bb86-3b56d1d45e79</value></correctResponse></responseDeclaration><outcomeDeclaration identifier="SCORE" cardinality="single" baseType="float"><defaultValue><value>0</value></defaultValue></outcomeDeclaration><outcomeDeclaration identifier="MAXSCORE" cardinality="single" baseType="float"><defaultValue><value>1</value></defaultValue></outcomeDeclaration><outcomeDeclaration identifier="FEEDBACKBASIC" cardinality="single" baseType="identifier"><defaultValue><value>empty</value></defaultValue></outcomeDeclaration><itemBody ><p>$$A_1: m\mbox{ und }n\mbox{ sind gerade}$$</p><p>$$A_2: m+n\mbox{ ist gerade}$$</p><choiceInteraction responseIdentifier="RESPONSE_1" shuffle="true" maxChoices="0"><simpleChoice identifier="idcbdeaf8a-5fb3-4283-bb86-3b56d1d45e79"><p>$$A_1\Rightarrow A_2$$</p></simpleChoice><simpleChoice identifier="id1aace0e4-ebb3-45e4-84fc-0f9432d12abd"><p>$$A_2\Rightarrow A_1$$</p></simpleChoice><simpleChoice identifier="idcf128c9e-e0c6-4eb4-b941-2d9627f3e59b"><p>$$A_1\Leftrightarrow A_2$$</p></simpleChoice><simpleChoice identifier="idfc212b46-c097-4b30-b43d-e4c7687020da"><p>keine der anderen drei Antwortmöglichkeiten</p></simpleChoice></choiceInteraction></itemBody><responseProcessing><responseCondition><responseIf><isNull><variable identifier="RESPONSE_1" /></isNull><setOutcomeValue identifier="FEEDBACKBASIC"><baseValue baseType="identifier">empty</baseValue></setOutcomeValue></responseIf><responseElseIf><match><variable identifier="RESPONSE_1" /><correct identifier="RESPONSE_1" /></match><setOutcomeValue identifier="SCORE"><sum><variable identifier="SCORE" /><variable identifier="MAXSCORE" /></sum></setOutcomeValue><setOutcomeValue identifier="FEEDBACKBASIC"><baseValue baseType="identifier">correct</baseValue></setOutcomeValue></responseElseIf><responseElse><setOutcomeValue identifier="FEEDBACKBASIC"><baseValue baseType="identifier">incorrect</baseValue></setOutcomeValue></responseElse></responseCondition></responseProcessing></assessmentItem>
