<?xml version="1.0" encoding="UTF-8"?>
<assessmentItem xmlns="http://www.imsglobal.org/xsd/imsqti_v2p1" xmlns:xsi="http://www.w3.org/2001/XMLSchema-instance" xsi:schemaLocation="http://www.imsglobal.org/xsd/imsqti_v2p1 http://www.imsglobal.org/xsd/qti/qtiv2p1/imsqti_v2p1p1.xsd http://www.w3.org/1998/Math/MathML http://www.w3.org/Math/XMLSchema/mathml2/mathml2.xsd" identifier="id9a88cef6-567e-44a0-bf9f-b14cc7020273" title="Algebraische Gleichungen" adaptive="false" timeDependent="false"><imsqti:responseDeclaration xmlns:imsqti="http://www.imsglobal.org/xsd/imsqti_v2p1" identifier="RESPONSE_1410426872149" cardinality="single" baseType="float"><imsqti:correctResponse><imsqti:value>0</imsqti:value></imsqti:correctResponse></imsqti:responseDeclaration><imsqti:outcomeDeclaration xmlns:imsqti="http://www.imsglobal.org/xsd/imsqti_v2p1" identifier="SCORE" cardinality="single" baseType="float"><imsqti:defaultValue><imsqti:value>0</imsqti:value></imsqti:defaultValue></imsqti:outcomeDeclaration><imsqti:outcomeDeclaration xmlns:imsqti="http://www.imsglobal.org/xsd/imsqti_v2p1" identifier="MAXSCORE" cardinality="single" baseType="float"><imsqti:defaultValue><imsqti:value>1</imsqti:value></imsqti:defaultValue></imsqti:outcomeDeclaration><imsqti:outcomeDeclaration xmlns:imsqti="http://www.imsglobal.org/xsd/imsqti_v2p1" identifier="FEEDBACKBASIC" cardinality="single" baseType="identifier" view="testConstructor"><imsqti:defaultValue><imsqti:value>empty</imsqti:value></imsqti:defaultValue></imsqti:outcomeDeclaration><imsqti:templateDeclaration xmlns:imsqti="http://www.imsglobal.org/xsd/imsqti_v2p1" identifier="a" cardinality="single" baseType="integer" /><imsqti:templateDeclaration xmlns:imsqti="http://www.imsglobal.org/xsd/imsqti_v2p1" identifier="b" cardinality="single" baseType="integer" /><imsqti:templateDeclaration xmlns:imsqti="http://www.imsglobal.org/xsd/imsqti_v2p1" identifier="c" cardinality="single" baseType="integer" /><imsqti:templateDeclaration xmlns:imsqti="http://www.imsglobal.org/xsd/imsqti_v2p1" identifier="d" cardinality="single" baseType="integer" /><imsqti:templateDeclaration xmlns:imsqti="http://www.imsglobal.org/xsd/imsqti_v2p1" identifier="e" cardinality="single" baseType="integer" /><imsqti:templateDeclaration xmlns:imsqti="http://www.imsglobal.org/xsd/imsqti_v2p1" identifier="k" cardinality="single" baseType="integer" /><imsqti:templateDeclaration xmlns:imsqti="http://www.imsglobal.org/xsd/imsqti_v2p1" identifier="l" cardinality="single" baseType="integer" /><imsqti:templateDeclaration xmlns:imsqti="http://www.imsglobal.org/xsd/imsqti_v2p1" identifier="m" cardinality="single" baseType="integer" /><imsqti:templateDeclaration xmlns:imsqti="http://www.imsglobal.org/xsd/imsqti_v2p1" identifier="n" cardinality="single" baseType="integer" /><imsqti:templateDeclaration xmlns:imsqti="http://www.imsglobal.org/xsd/imsqti_v2p1" identifier="o" cardinality="single" baseType="integer" /><imsqti:templateDeclaration xmlns:imsqti="http://www.imsglobal.org/xsd/imsqti_v2p1" identifier="ab" cardinality="single" baseType="integer" /><imsqti:templateDeclaration xmlns:imsqti="http://www.imsglobal.org/xsd/imsqti_v2p1" identifier="ac" cardinality="single" baseType="integer" /><imsqti:templateDeclaration xmlns:imsqti="http://www.imsglobal.org/xsd/imsqti_v2p1" identifier="bc" cardinality="single" baseType="integer" /><imsqti:templateDeclaration xmlns:imsqti="http://www.imsglobal.org/xsd/imsqti_v2p1" identifier="de" cardinality="single" baseType="integer" /><imsqti:templateDeclaration xmlns:imsqti="http://www.imsglobal.org/xsd/imsqti_v2p1" identifier="solution" cardinality="single" baseType="integer" /><imsqti:templateProcessing xmlns:imsqti="http://www.imsglobal.org/xsd/imsqti_v2p1"><imsqti:setTemplateValue identifier="a"><imsqti:randomInteger min="1" max="4" /></imsqti:setTemplateValue><imsqti:setTemplateValue identifier="b"><imsqti:randomInteger min="1" max="4" /></imsqti:setTemplateValue><imsqti:setTemplateValue identifier="c"><imsqti:randomInteger min="1" max="4" /></imsqti:setTemplateValue><imsqti:setTemplateValue identifier="d"><imsqti:random><imsqti:multiple><imsqti:baseValue baseType="integer">0</imsqti:baseValue><imsqti:baseValue baseType="integer">5</imsqti:baseValue><imsqti:baseValue baseType="integer">6</imsqti:baseValue></imsqti:multiple></imsqti:random></imsqti:setTemplateValue><imsqti:setTemplateValue identifier="e"><imsqti:random><imsqti:multiple><imsqti:baseValue baseType="integer">0</imsqti:baseValue><imsqti:baseValue baseType="integer">5</imsqti:baseValue><imsqti:baseValue baseType="integer">8</imsqti:baseValue></imsqti:multiple></imsqti:random></imsqti:setTemplateValue><imsqti:setTemplateValue identifier="k"><imsqti:randomInteger min="1" max="10" /></imsqti:setTemplateValue><imsqti:setTemplateValue identifier="l"><imsqti:randomInteger min="1" max="10" /></imsqti:setTemplateValue><imsqti:setTemplateValue identifier="m"><imsqti:randomInteger min="1" max="10" /></imsqti:setTemplateValue><imsqti:setTemplateValue identifier="n"><imsqti:randomInteger min="1" max="10" /></imsqti:setTemplateValue><imsqti:setTemplateValue identifier="o"><imsqti:randomInteger min="1" max="10" /></imsqti:setTemplateValue><imsqti:setTemplateValue identifier="ab"><imsqti:customOperator definition="MAXIMA" value="float(abs(signum($(1)-$(2))));"><imsqti:variable identifier="a" /><imsqti:variable identifier="b" /></imsqti:customOperator></imsqti:setTemplateValue><imsqti:setTemplateValue identifier="ac"><imsqti:customOperator definition="MAXIMA" value="float(abs(signum($(1)-$(2))));"><imsqti:variable identifier="a" /><imsqti:variable identifier="c" /></imsqti:customOperator></imsqti:setTemplateValue><imsqti:setTemplateValue identifier="bc"><imsqti:customOperator definition="MAXIMA" value="float(abs(signum($(1)-$(2))));"><imsqti:variable identifier="c" /><imsqti:variable identifier="b" /></imsqti:customOperator></imsqti:setTemplateValue><imsqti:setTemplateValue identifier="de"><imsqti:customOperator definition="MAXIMA" value="float(abs(signum($(1)-$(2))));"><imsqti:variable identifier="d" /><imsqti:variable identifier="e" /></imsqti:customOperator></imsqti:setTemplateValue><imsqti:setTemplateValue identifier="solution"><imsqti:customOperator definition="MAXIMA" value="float(1+$(1)+$(2)*$(3)+1+signum($(4)) +$(5)*(1+signum($(6))));"><imsqti:variable identifier="ab" /><imsqti:variable identifier="ac" /><imsqti:variable identifier="bc" /><imsqti:variable identifier="d" /><imsqti:variable identifier="de" /><imsqti:variable identifier="e" /></imsqti:customOperator></imsqti:setTemplateValue><imsqti:setCorrectResponse identifier="RESPONSE_1410426872149"><imsqti:variable identifier="solution" /></imsqti:setCorrectResponse></imsqti:templateProcessing><itemBody ><p><p>Wie viele <strong>verschiedene</strong> Lösungen besitzt die Gleichung</p><p>$$ (x-<printedVariable identifier="a" />)^{<printedVariable identifier="k" />} (x-<printedVariable identifier="b" />)^{<printedVariable identifier="l" />} (x-<printedVariable identifier="c" />)^{<printedVariable identifier="m" />} (x^2-<printedVariable identifier="d" />)^{<printedVariable identifier="n" />} (x^2-<printedVariable identifier="e" />)^{<printedVariable identifier="o" />} = 0$$ ?</p><p><textEntryInteraction responseIdentifier="RESPONSE_1410426872149" expectedLength="3" /></p></p></itemBody><imsqti:responseProcessing xmlns:imsqti="http://www.imsglobal.org/xsd/imsqti_v2p1"><imsqti:responseCondition><imsqti:responseIf><imsqti:equal toleranceMode="exact"><imsqti:variable identifier="RESPONSE_1410426872149" /><imsqti:correct identifier="RESPONSE_1410426872149" /></imsqti:equal><imsqti:setOutcomeValue identifier="SCORE"><imsqti:sum><imsqti:variable identifier="SCORE" /><imsqti:baseValue baseType="float">1</imsqti:baseValue></imsqti:sum></imsqti:setOutcomeValue></imsqti:responseIf></imsqti:responseCondition><imsqti:responseCondition><imsqti:responseIf><imsqti:not><imsqti:isNull><imsqti:variable identifier="RESPONSE_1410426872149" /></imsqti:isNull></imsqti:not><imsqti:setOutcomeValue identifier="FEEDBACKBASIC"><imsqti:baseValue baseType="identifier">incorrect</imsqti:baseValue></imsqti:setOutcomeValue></imsqti:responseIf></imsqti:responseCondition><imsqti:responseCondition><imsqti:responseIf><imsqti:and><imsqti:not><imsqti:match><imsqti:variable identifier="FEEDBACKBASIC" /><imsqti:baseValue baseType="identifier">empty</imsqti:baseValue></imsqti:match></imsqti:not><imsqti:equal toleranceMode="exact"><imsqti:variable identifier="SCORE" /><imsqti:variable identifier="MAXSCORE" /></imsqti:equal></imsqti:and><imsqti:setOutcomeValue identifier="FEEDBACKBASIC"><imsqti:baseValue baseType="identifier">correct</imsqti:baseValue></imsqti:setOutcomeValue></imsqti:responseIf></imsqti:responseCondition></imsqti:responseProcessing></assessmentItem>
