<?xml version="1.0" encoding="UTF-8"?>
<assessmentItem xmlns="http://www.imsglobal.org/xsd/imsqti_v2p1" xmlns:xsi="http://www.w3.org/2001/XMLSchema-instance" xsi:schemaLocation="http://www.imsglobal.org/xsd/imsqti_v2p1 http://www.imsglobal.org/xsd/qti/qtiv2p1/imsqti_v2p1p1.xsd http://www.w3.org/1998/Math/MathML http://www.w3.org/Math/XMLSchema/mathml2/mathml2.xsd" identifier="idbfb5893c-9e2d-486e-b63f-ebc3decbd89c" title="Binomialkoeffizient" adaptive="false" timeDependent="false"><imsqti:responseDeclaration xmlns:imsqti="http://www.imsglobal.org/xsd/imsqti_v2p1" identifier="RESPONSE_1410437146783" cardinality="single" baseType="float"><imsqti:correctResponse><imsqti:value>0</imsqti:value></imsqti:correctResponse></imsqti:responseDeclaration><imsqti:outcomeDeclaration xmlns:imsqti="http://www.imsglobal.org/xsd/imsqti_v2p1" identifier="SCORE" cardinality="single" baseType="float"><imsqti:defaultValue><imsqti:value>0</imsqti:value></imsqti:defaultValue></imsqti:outcomeDeclaration><imsqti:outcomeDeclaration xmlns:imsqti="http://www.imsglobal.org/xsd/imsqti_v2p1" identifier="MAXSCORE" cardinality="single" baseType="float"><imsqti:defaultValue><imsqti:value>1</imsqti:value></imsqti:defaultValue></imsqti:outcomeDeclaration><imsqti:outcomeDeclaration xmlns:imsqti="http://www.imsglobal.org/xsd/imsqti_v2p1" identifier="FEEDBACKBASIC" cardinality="single" baseType="identifier" view="testConstructor"><imsqti:defaultValue><imsqti:value>empty</imsqti:value></imsqti:defaultValue></imsqti:outcomeDeclaration><imsqti:templateDeclaration xmlns:imsqti="http://www.imsglobal.org/xsd/imsqti_v2p1" identifier="n" cardinality="single" baseType="integer" /><imsqti:templateDeclaration xmlns:imsqti="http://www.imsglobal.org/xsd/imsqti_v2p1" identifier="k0" cardinality="single" baseType="integer" /><imsqti:templateDeclaration xmlns:imsqti="http://www.imsglobal.org/xsd/imsqti_v2p1" identifier="leftright" cardinality="single" baseType="integer" /><imsqti:templateDeclaration xmlns:imsqti="http://www.imsglobal.org/xsd/imsqti_v2p1" identifier="k" cardinality="single" baseType="integer" /><imsqti:templateDeclaration xmlns:imsqti="http://www.imsglobal.org/xsd/imsqti_v2p1" identifier="solution" cardinality="single" baseType="integer" /><imsqti:templateProcessing xmlns:imsqti="http://www.imsglobal.org/xsd/imsqti_v2p1"><imsqti:setTemplateValue identifier="n"><imsqti:randomInteger min="3" max="20" /></imsqti:setTemplateValue><imsqti:setTemplateValue identifier="k0"><imsqti:randomInteger min="1" max="3" /></imsqti:setTemplateValue><imsqti:setTemplateValue identifier="leftright"><imsqti:randomInteger min="0" max="1" /></imsqti:setTemplateValue><imsqti:setTemplateValue identifier="k"><imsqti:customOperator definition="MAXIMA" value="float($(1)*$(2)+((-1)^$(3)*$(4)));"><imsqti:variable identifier="leftright" /><imsqti:variable identifier="n" /><imsqti:variable identifier="leftright" /><imsqti:variable identifier="k0" /></imsqti:customOperator></imsqti:setTemplateValue><imsqti:setTemplateValue identifier="solution"><imsqti:customOperator definition="MAXIMA" value="float(binomial($(1),$(2)));"><imsqti:variable identifier="n" /><imsqti:variable identifier="k" /></imsqti:customOperator></imsqti:setTemplateValue><imsqti:setCorrectResponse identifier="RESPONSE_1410437146783"><imsqti:variable identifier="solution" /></imsqti:setCorrectResponse></imsqti:templateProcessing><itemBody ><p><p>Berechnen Sie:</p><p>$$\binom{<printedVariable identifier="n" />}{<printedVariable identifier="k" />}=$$<textEntryInteraction responseIdentifier="RESPONSE_1410437146783" expectedLength="3" /></p></p></itemBody><imsqti:responseProcessing xmlns:imsqti="http://www.imsglobal.org/xsd/imsqti_v2p1"><imsqti:responseCondition><imsqti:responseIf><imsqti:equal toleranceMode="exact"><imsqti:variable identifier="RESPONSE_1410437146783" /><imsqti:correct identifier="RESPONSE_1410437146783" /></imsqti:equal><imsqti:setOutcomeValue identifier="SCORE"><imsqti:sum><imsqti:variable identifier="SCORE" /><imsqti:baseValue baseType="float">1</imsqti:baseValue></imsqti:sum></imsqti:setOutcomeValue></imsqti:responseIf></imsqti:responseCondition><imsqti:responseCondition><imsqti:responseIf><imsqti:not><imsqti:isNull><imsqti:variable identifier="RESPONSE_1410437146783" /></imsqti:isNull></imsqti:not><imsqti:setOutcomeValue identifier="FEEDBACKBASIC"><imsqti:baseValue baseType="identifier">incorrect</imsqti:baseValue></imsqti:setOutcomeValue></imsqti:responseIf></imsqti:responseCondition><imsqti:responseCondition><imsqti:responseIf><imsqti:and><imsqti:not><imsqti:match><imsqti:variable identifier="FEEDBACKBASIC" /><imsqti:baseValue baseType="identifier">empty</imsqti:baseValue></imsqti:match></imsqti:not><imsqti:equal toleranceMode="exact"><imsqti:variable identifier="SCORE" /><imsqti:variable identifier="MAXSCORE" /></imsqti:equal></imsqti:and><imsqti:setOutcomeValue identifier="FEEDBACKBASIC"><imsqti:baseValue baseType="identifier">correct</imsqti:baseValue></imsqti:setOutcomeValue></imsqti:responseIf></imsqti:responseCondition></imsqti:responseProcessing></assessmentItem>
