<?xml version="1.0" encoding="UTF-8"?>
<assessmentItem xmlns="http://www.imsglobal.org/xsd/imsqti_v2p1" xmlns:xsi="http://www.w3.org/2001/XMLSchema-instance" xsi:schemaLocation="http://www.imsglobal.org/xsd/imsqti_v2p1 http://www.imsglobal.org/xsd/qti/qtiv2p1/imsqti_v2p1p1.xsd http://www.w3.org/1998/Math/MathML http://www.w3.org/Math/XMLSchema/mathml2/mathml2.xsd" identifier="id2d7f7283-c842-4510-ba71-3e12e4eb5f62" title="negation_menge_04" adaptive="false" timeDependent="false"><responseDeclaration identifier="RESPONSE_1" cardinality="multiple" baseType="identifier"><correctResponse><value>idf173f37f-c901-4d1b-9230-259fa0a55e9c</value><value>id50f4799f-1ba2-4b83-b262-6446c7d412f6</value></correctResponse><mapping defaultValue="0" lowerBound="0.0"><mapEntry mapKey="idf173f37f-c901-4d1b-9230-259fa0a55e9c" mappedValue="0.5" /><mapEntry mapKey="idee9b7de6-cbf6-4aba-842a-3f1fe5b2f02d" mappedValue="0.0" /><mapEntry mapKey="id38085e71-58ec-457f-bf12-5e8cb33ae0d3" mappedValue="0.0" /><mapEntry mapKey="id50f4799f-1ba2-4b83-b262-6446c7d412f6" mappedValue="0.5" /></mapping></responseDeclaration><outcomeDeclaration identifier="SCORE" cardinality="single" baseType="float"><defaultValue><value>0</value></defaultValue></outcomeDeclaration><outcomeDeclaration identifier="MAXSCORE" cardinality="single" baseType="float"><defaultValue><value>1</value></defaultValue></outcomeDeclaration><outcomeDeclaration identifier="FEEDBACKBASIC" cardinality="single" baseType="identifier" view="testConstructor"><defaultValue><value>empty</value></defaultValue></outcomeDeclaration><itemBody ><p>Es sei \(M\subset\mathbb N\). Wie lautet die Negation der folgenden Aussage?</p><p>Es gibt ein Element \(m\in M\), das durch 3 teilbar ist.</p><choiceInteraction responseIdentifier="RESPONSE_1" shuffle="true" maxChoices="0"><simpleChoice identifier="idf173f37f-c901-4d1b-9230-259fa0a55e9c"><p>\(\forall m\in M\) ist \(m\neq 3k\) für alle \(k\in\mathbb N\)</p></simpleChoice><simpleChoice identifier="idee9b7de6-cbf6-4aba-842a-3f1fe5b2f02d"><p>\(\forall m\in M\) ist \(m=3k\) für ein \(k\in\mathbb N\)</p></simpleChoice><simpleChoice identifier="id38085e71-58ec-457f-bf12-5e8cb33ae0d3"><p>\(\exists m\in M: m\neq3k\) für ein \(k\in\mathbb N\)</p></simpleChoice><simpleChoice identifier="id50f4799f-1ba2-4b83-b262-6446c7d412f6"><p>\(\forall m\in M\) gilt \(m=3k+1\) oder \(m=3k+2\) für ein \(k\in\mathbb N\)</p></simpleChoice></choiceInteraction></itemBody><responseProcessing><responseCondition><responseIf><not><isNull><variable identifier="RESPONSE_1" /></isNull></not><setOutcomeValue identifier="SCORE"><sum><variable identifier="SCORE" /><mapResponse identifier="RESPONSE_1" /></sum></setOutcomeValue><setOutcomeValue identifier="FEEDBACKBASIC"><baseValue baseType="identifier">incorrect</baseValue></setOutcomeValue></responseIf></responseCondition><responseCondition><responseIf><and><not><match><variable identifier="FEEDBACKBASIC" /><baseValue baseType="identifier">empty</baseValue></match></not><equal toleranceMode="exact"><variable identifier="SCORE" /><variable identifier="MAXSCORE" /></equal></and><setOutcomeValue identifier="FEEDBACKBASIC"><baseValue baseType="identifier">correct</baseValue></setOutcomeValue></responseIf></responseCondition></responseProcessing></assessmentItem>
