<?xml version="1.0" encoding="UTF-8"?>
<assessmentItem xmlns="http://www.imsglobal.org/xsd/imsqti_v2p1" xmlns:xsi="http://www.w3.org/2001/XMLSchema-instance" xsi:schemaLocation="http://www.imsglobal.org/xsd/imsqti_v2p1 http://www.imsglobal.org/xsd/qti/qtiv2p1/imsqti_v2p1p1.xsd http://www.w3.org/1998/Math/MathML http://www.w3.org/Math/XMLSchema/mathml2/mathml2.xsd" identifier="id85b52ea6-999e-4bc6-ae5c-2543c696350b" title="tangente_ln_02" adaptive="false" timeDependent="false"><responseDeclaration identifier="RESPONSE_1410350922320" cardinality="single" baseType="string" /><responseDeclaration identifier="RESPONSE_1410350932150" cardinality="single" baseType="string" /><outcomeDeclaration identifier="SCORE" cardinality="single" baseType="float"><defaultValue><value>0</value></defaultValue></outcomeDeclaration><outcomeDeclaration identifier="MAXSCORE" cardinality="single" baseType="float"><defaultValue><value>1</value></defaultValue></outcomeDeclaration><outcomeDeclaration identifier="FEEDBACKBASIC" cardinality="single" baseType="identifier" view="testConstructor"><defaultValue><value>empty</value></defaultValue></outcomeDeclaration><outcomeDeclaration identifier="FEEDBACKMODAL" cardinality="multiple" baseType="identifier" view="testConstructor" /><templateDeclaration identifier="a" cardinality="single" baseType="integer" /><templateDeclaration identifier="a+1" cardinality="single" baseType="integer" /><templateProcessing><setTemplateValue identifier="a"><randomInteger min="1" max="10" /></setTemplateValue><setTemplateValue identifier="a+1"><customOperator definition="MAXIMA" value="float($(1)+1);"><variable identifier="a" /></customOperator></setTemplateValue><setCorrectResponse identifier="RESPONSE_1410350922320"><customOperator definition="VARIABLESTRING" value="$(1)"><variable identifier="a+1" /></customOperator></setCorrectResponse><setCorrectResponse identifier="RESPONSE_1410350932150"><customOperator definition="VARIABLESTRING" value="-$(1)"><variable identifier="a+1" /></customOperator></setCorrectResponse></templateProcessing><itemBody ><p><p><p>Gegeben sei die Funktion \(f(x)=<printedVariable identifier="a" />x\cdot \ln x + \ln x\). Geben Sie die Gleichung der Tangente \(t(x)\) im Punkt \(x_0=1\) an!</p><p>Lösung: \(\qquad t(x)\) = <textEntryInteraction responseIdentifier="RESPONSE_1410350922320" expectedLength="5" /> \(x\) + <textEntryInteraction responseIdentifier="RESPONSE_1410350932150" expectedLength="5" /></p></p></p></itemBody><responseProcessing><responseCondition><responseIf><customOperator definition="MAXIMA" value="is(equal(ev($(1)),ev($(2))));"><variable identifier="RESPONSE_1410350922320" /><correct identifier="RESPONSE_1410350922320" /></customOperator><setOutcomeValue identifier="SCORE"><sum><variable identifier="SCORE" /><baseValue baseType="float">0.5</baseValue></sum></setOutcomeValue></responseIf></responseCondition><responseCondition><responseIf><not><isNull><variable identifier="RESPONSE_1410350922320" /></isNull></not><setOutcomeValue identifier="FEEDBACKBASIC"><baseValue baseType="identifier">incorrect</baseValue></setOutcomeValue></responseIf></responseCondition><responseCondition><responseIf><customOperator definition="MAXIMA" value="is(equal(ev($(1)),ev($(2))));"><variable identifier="RESPONSE_1410350932150" /><correct identifier="RESPONSE_1410350932150" /></customOperator><setOutcomeValue identifier="SCORE"><sum><variable identifier="SCORE" /><baseValue baseType="float">0.5</baseValue></sum></setOutcomeValue></responseIf></responseCondition><responseCondition><responseIf><not><isNull><variable identifier="RESPONSE_1410350932150" /></isNull></not><setOutcomeValue identifier="FEEDBACKBASIC"><baseValue baseType="identifier">incorrect</baseValue></setOutcomeValue></responseIf></responseCondition><responseCondition><responseIf><and><not><match><variable identifier="FEEDBACKBASIC" /><baseValue baseType="identifier">empty</baseValue></match></not><equal toleranceMode="exact"><variable identifier="SCORE" /><variable identifier="MAXSCORE" /></equal></and><setOutcomeValue identifier="FEEDBACKBASIC"><baseValue baseType="identifier">correct</baseValue></setOutcomeValue></responseIf></responseCondition><responseCondition><responseIf><and><match><baseValue baseType="identifier">correct</baseValue><variable identifier="FEEDBACKBASIC" /></match></and><setOutcomeValue identifier="FEEDBACKMODAL"><multiple><variable identifier="FEEDBACKMODAL" /><baseValue baseType="identifier">Feedback203686337</baseValue></multiple></setOutcomeValue></responseIf></responseCondition><responseCondition><responseIf><and><match><baseValue baseType="identifier">incorrect</baseValue><variable identifier="FEEDBACKBASIC" /></match></and><setOutcomeValue identifier="FEEDBACKMODAL"><multiple><variable identifier="FEEDBACKMODAL" /><baseValue baseType="identifier">Feedback267332641</baseValue></multiple></setOutcomeValue></responseIf></responseCondition></responseProcessing><modalFeedback  identifier="Feedback203686337" outcomeIdentifier="FEEDBACKMODAL" showHide="show" title="Richtig!" /><modalFeedback  identifier="Feedback267332641" outcomeIdentifier="FEEDBACKMODAL" showHide="show" title="Leider falsch!"><p>Gesucht ist die Tangente \(y=mx+n\) an den Graphen der Funktion \(f(x)=<printedVariable identifier="a" />x\cdot \ln x + \ln x\).</p><p>Der Anstieg der Tangente ist gleich dem Funktionswert der Ableitung an der Stelle \(x_0=1\;\; \Rightarrow \;\; m=<printedVariable identifier="a+1" />\).</p><p>Um \(n\) berechnen zu können, benötigt man noch den Funktionswert \(f(1) = 0\).</p><p>In die Tangentengleichung eingesetzt erhält man so das gesuchte \(n\).</p><p> </p><p>Lösung:  \(t(x) = <printedVariable identifier="a+1" /> x - <printedVariable identifier="a+1" />\)</p></modalFeedback></assessmentItem>
