<?xml version="1.0" encoding="UTF-8"?>
<assessmentItem xmlns="http://www.imsglobal.org/xsd/imsqti_v2p1" xmlns:xsi="http://www.w3.org/2001/XMLSchema-instance" xsi:schemaLocation="http://www.imsglobal.org/xsd/imsqti_v2p1 http://www.imsglobal.org/xsd/qti/qtiv2p1/imsqti_v2p1p1.xsd http://www.w3.org/1998/Math/MathML http://www.w3.org/Math/XMLSchema/mathml2/mathml2.xsd" identifier="id22f95989-3fb7-4148-af94-efebfd50a43c" title="umrechnung_einheiten_01" adaptive="false" timeDependent="false"><responseDeclaration identifier="RESPONSE_1389627506244" cardinality="single" baseType="float"><correctResponse><value>0</value></correctResponse></responseDeclaration><responseDeclaration identifier="RESPONSE_1389627693574" cardinality="single" baseType="float"><correctResponse><value>0</value></correctResponse></responseDeclaration><responseDeclaration identifier="RESPONSE_1389627838855" cardinality="single" baseType="float"><correctResponse><value>0</value></correctResponse></responseDeclaration><responseDeclaration identifier="RESPONSE_1389628576326" cardinality="single" baseType="float"><correctResponse><value>0</value></correctResponse></responseDeclaration><responseDeclaration identifier="RESPONSE_1389628469102" cardinality="single" baseType="float"><correctResponse><value>0</value></correctResponse></responseDeclaration><outcomeDeclaration identifier="SCORE" cardinality="single" baseType="float"><defaultValue><value>0</value></defaultValue></outcomeDeclaration><outcomeDeclaration identifier="MAXSCORE" cardinality="single" baseType="float"><defaultValue><value>5</value></defaultValue></outcomeDeclaration><outcomeDeclaration identifier="FEEDBACKBASIC" cardinality="single" baseType="identifier" view="testConstructor"><defaultValue><value>empty</value></defaultValue></outcomeDeclaration><templateDeclaration identifier="g" cardinality="single" baseType="integer" /><templateDeclaration identifier="kg" cardinality="single" baseType="float" /><templateDeclaration identifier="m/s1" cardinality="single" baseType="integer" /><templateDeclaration identifier="km/h1" cardinality="single" baseType="float" /><templateDeclaration identifier="m/s2" cardinality="single" baseType="integer" /><templateDeclaration identifier="km/h2" cardinality="single" baseType="float" /><templateDeclaration identifier="h" cardinality="single" baseType="integer" /><templateDeclaration identifier="s" cardinality="single" baseType="float" /><templateDeclaration identifier="h2" cardinality="single" baseType="integer" /><templateDeclaration identifier="min" cardinality="single" baseType="float" /><templateProcessing><setTemplateValue identifier="g"><randomInteger min="50" max="9000" step="50" /></setTemplateValue><setTemplateValue identifier="kg"><customOperator definition="MAXIMA" value="float($(1)/1000);"><variable identifier="g" /></customOperator></setTemplateValue><setTemplateValue identifier="m/s1"><randomInteger min="1" max="10" /></setTemplateValue><setTemplateValue identifier="km/h1"><customOperator definition="MAXIMA" value="float($(1)*3.6);"><variable identifier="m/s1" /></customOperator></setTemplateValue><setTemplateValue identifier="m/s2"><randomInteger min="11" max="20" /></setTemplateValue><setTemplateValue identifier="km/h2"><customOperator definition="MAXIMA" value="float($(1)*3.6);"><variable identifier="m/s2" /></customOperator></setTemplateValue><setTemplateValue identifier="h"><randomInteger min="1" max="4" /></setTemplateValue><setTemplateValue identifier="s"><customOperator definition="MAXIMA" value="float($(1)*3600);"><variable identifier="h" /></customOperator></setTemplateValue><setTemplateValue identifier="h2"><randomInteger min="5" max="12" /></setTemplateValue><setTemplateValue identifier="min"><customOperator definition="MAXIMA" value="float($(1)*60);"><variable identifier="h2" /></customOperator></setTemplateValue><setCorrectResponse identifier="RESPONSE_1389627506244"><variable identifier="kg" /></setCorrectResponse><setCorrectResponse identifier="RESPONSE_1389627693574"><variable identifier="m/s1" /></setCorrectResponse><setCorrectResponse identifier="RESPONSE_1389627838855"><variable identifier="km/h2" /></setCorrectResponse><setCorrectResponse identifier="RESPONSE_1389628576326"><variable identifier="min" /></setCorrectResponse><setCorrectResponse identifier="RESPONSE_1389628469102"><variable identifier="s" /></setCorrectResponse></templateProcessing><itemBody ><p><p><p>Rechnen Sie die Größen in die jeweils angegebene Einheit um!</p><p><printedVariable identifier="g" />g = <textEntryInteraction responseIdentifier="RESPONSE_1389627506244" /> kg</p><p><printedVariable identifier="km/h1" /> km/h = <textEntryInteraction responseIdentifier="RESPONSE_1389627693574" /> m/s</p><p><printedVariable identifier="m/s2" /> m/s = <textEntryInteraction responseIdentifier="RESPONSE_1389627838855" /> km/h</p><p><printedVariable identifier="h2" /> h = <textEntryInteraction responseIdentifier="RESPONSE_1389628576326" /> min</p><p><printedVariable identifier="h" /> h = <textEntryInteraction responseIdentifier="RESPONSE_1389628469102" /> s</p></p></p></itemBody><responseProcessing><responseCondition><responseIf><equal toleranceMode="exact"><variable identifier="RESPONSE_1389627506244" /><correct identifier="RESPONSE_1389627506244" /></equal><setOutcomeValue identifier="SCORE"><sum><variable identifier="SCORE" /><baseValue baseType="float">1</baseValue></sum></setOutcomeValue></responseIf></responseCondition><responseCondition><responseIf><not><isNull><variable identifier="RESPONSE_1389627506244" /></isNull></not><setOutcomeValue identifier="FEEDBACKBASIC"><baseValue baseType="identifier">incorrect</baseValue></setOutcomeValue></responseIf></responseCondition><responseCondition><responseIf><equal toleranceMode="exact"><variable identifier="RESPONSE_1389627693574" /><correct identifier="RESPONSE_1389627693574" /></equal><setOutcomeValue identifier="SCORE"><sum><variable identifier="SCORE" /><baseValue baseType="float">1</baseValue></sum></setOutcomeValue></responseIf></responseCondition><responseCondition><responseIf><not><isNull><variable identifier="RESPONSE_1389627693574" /></isNull></not><setOutcomeValue identifier="FEEDBACKBASIC"><baseValue baseType="identifier">incorrect</baseValue></setOutcomeValue></responseIf></responseCondition><responseCondition><responseIf><equal toleranceMode="exact"><variable identifier="RESPONSE_1389627838855" /><correct identifier="RESPONSE_1389627838855" /></equal><setOutcomeValue identifier="SCORE"><sum><variable identifier="SCORE" /><baseValue baseType="float">1</baseValue></sum></setOutcomeValue></responseIf></responseCondition><responseCondition><responseIf><not><isNull><variable identifier="RESPONSE_1389627838855" /></isNull></not><setOutcomeValue identifier="FEEDBACKBASIC"><baseValue baseType="identifier">incorrect</baseValue></setOutcomeValue></responseIf></responseCondition><responseCondition><responseIf><equal toleranceMode="exact"><variable identifier="RESPONSE_1389628576326" /><correct identifier="RESPONSE_1389628576326" /></equal><setOutcomeValue identifier="SCORE"><sum><variable identifier="SCORE" /><baseValue baseType="float">1</baseValue></sum></setOutcomeValue></responseIf></responseCondition><responseCondition><responseIf><not><isNull><variable identifier="RESPONSE_1389628576326" /></isNull></not><setOutcomeValue identifier="FEEDBACKBASIC"><baseValue baseType="identifier">incorrect</baseValue></setOutcomeValue></responseIf></responseCondition><responseCondition><responseIf><equal toleranceMode="exact"><variable identifier="RESPONSE_1389628469102" /><correct identifier="RESPONSE_1389628469102" /></equal><setOutcomeValue identifier="SCORE"><sum><variable identifier="SCORE" /><baseValue baseType="float">1</baseValue></sum></setOutcomeValue></responseIf></responseCondition><responseCondition><responseIf><not><isNull><variable identifier="RESPONSE_1389628469102" /></isNull></not><setOutcomeValue identifier="FEEDBACKBASIC"><baseValue baseType="identifier">incorrect</baseValue></setOutcomeValue></responseIf></responseCondition><responseCondition><responseIf><and><not><match><variable identifier="FEEDBACKBASIC" /><baseValue baseType="identifier">empty</baseValue></match></not><equal toleranceMode="exact"><variable identifier="SCORE" /><variable identifier="MAXSCORE" /></equal></and><setOutcomeValue identifier="FEEDBACKBASIC"><baseValue baseType="identifier">correct</baseValue></setOutcomeValue></responseIf></responseCondition></responseProcessing></assessmentItem>
