<?xml version="1.0" encoding="UTF-8"?>
<assessmentItem xmlns="http://www.imsglobal.org/xsd/imsqti_v2p1" xmlns:xsi="http://www.w3.org/2001/XMLSchema-instance" xsi:schemaLocation="http://www.imsglobal.org/xsd/imsqti_v2p1 http://www.imsglobal.org/xsd/qti/qtiv2p1/imsqti_v2p1p1.xsd http://www.w3.org/1998/Math/MathML http://www.w3.org/Math/XMLSchema/mathml2/mathml2.xsd" identifier="idebfe931c-4743-4090-acdd-f79d04e3860c" title="Logarithmen" adaptive="false" timeDependent="false"><responseDeclaration identifier="RESPONSE_1417618825960" cardinality="single" baseType="float"><correctResponse><value>0</value></correctResponse></responseDeclaration><responseDeclaration identifier="RESPONSE_1417618884257" cardinality="single" baseType="float"><correctResponse><value>0</value></correctResponse></responseDeclaration><responseDeclaration identifier="RESPONSE_1417618944769" cardinality="single" baseType="float"><correctResponse><value>1</value></correctResponse></responseDeclaration><responseDeclaration identifier="RESPONSE_1417619136086" cardinality="single" baseType="float"><correctResponse><value>2</value></correctResponse></responseDeclaration><outcomeDeclaration identifier="SCORE" cardinality="single" baseType="float"><defaultValue><value>0</value></defaultValue></outcomeDeclaration><outcomeDeclaration identifier="MAXSCORE" cardinality="single" baseType="float"><defaultValue><value>4</value></defaultValue></outcomeDeclaration><outcomeDeclaration identifier="FEEDBACKBASIC" cardinality="single" baseType="identifier" view="testConstructor"><defaultValue><value>empty</value></defaultValue></outcomeDeclaration><templateDeclaration identifier="exp" cardinality="single" baseType="integer" /><templateDeclaration identifier="a" cardinality="single" baseType="integer" /><templateDeclaration identifier="b" cardinality="single" baseType="integer" /><templateDeclaration identifier="c" cardinality="single" baseType="integer" /><templateDeclaration identifier="d" cardinality="single" baseType="integer" /><templateDeclaration identifier="e" cardinality="single" baseType="integer" /><templateDeclaration identifier="f" cardinality="single" baseType="integer" /><templateDeclaration identifier="g" cardinality="single" baseType="integer" /><templateDeclaration identifier="de" cardinality="single" baseType="integer" /><templateDeclaration identifier="gsq" cardinality="single" baseType="integer" /><templateDeclaration identifier="2a" cardinality="single" baseType="integer" /><templateProcessing><setTemplateValue identifier="exp"><randomInteger min="1" max="10" /></setTemplateValue><setTemplateValue identifier="a"><randomInteger min="1" max="10" /></setTemplateValue><setTemplateValue identifier="b"><randomInteger min="2" max="19" /></setTemplateValue><setTemplateValue identifier="c"><randomInteger min="2" max="9" /></setTemplateValue><setTemplateValue identifier="d"><randomInteger min="2" max="6" /></setTemplateValue><setTemplateValue identifier="e"><randomInteger min="2" max="6" /></setTemplateValue><setTemplateValue identifier="f"><randomInteger min="2" max="10" /></setTemplateValue><setTemplateValue identifier="g"><randomInteger min="2" max="10" /></setTemplateValue><setTemplateValue identifier="de"><customOperator definition="MAXIMA" value="float(($(1))*($(2)));"><variable identifier="d" /><variable identifier="e" /></customOperator></setTemplateValue><setTemplateValue identifier="gsq"><customOperator definition="MAXIMA" value="float(($(1))*($(2)));"><variable identifier="g" /><variable identifier="g" /></customOperator></setTemplateValue><setTemplateValue identifier="2a"><customOperator definition="MAXIMA" value="float(2^($(1)));"><variable identifier="a" /></customOperator></setTemplateValue><setCorrectResponse identifier="RESPONSE_1417618825960"><variable identifier="exp" /></setCorrectResponse><setCorrectResponse identifier="RESPONSE_1417618884257"><variable identifier="a" /></setCorrectResponse></templateProcessing><itemBody ><p><p>Berechnen Sie:</p><p>$$\ln e^{<printedVariable identifier="exp" />}=$$<textEntryInteraction responseIdentifier="RESPONSE_1417618825960" expectedLength="1" /></p><p>$$\log_2 <printedVariable identifier="2a" /> + <printedVariable identifier="b" />\log_{<printedVariable identifier="c" />} 1 =$$<textEntryInteraction responseIdentifier="RESPONSE_1417618884257" expectedLength="1" /></p><p>$$\log_{<printedVariable identifier="de" />}<printedVariable identifier="d" />+\log_{<printedVariable identifier="de" />}<printedVariable identifier="e" /> =$$<textEntryInteraction responseIdentifier="RESPONSE_1417618944769" expectedLength="1" /></p><p>$$\log_{<printedVariable identifier="f" />} <printedVariable identifier="gsq" /> \cdot \log_{<printedVariable identifier="g" />} <printedVariable identifier="f" /> =$$<textEntryInteraction responseIdentifier="RESPONSE_1417619136086" expectedLength="1" /></p><p><em>Alle Aufgaben sind ohne Taschenrechner lösbar.</em></p></p></itemBody><responseProcessing><responseCondition><responseIf><equal toleranceMode="exact"><variable identifier="RESPONSE_1417618825960" /><correct identifier="RESPONSE_1417618825960" /></equal><setOutcomeValue identifier="SCORE"><sum><variable identifier="SCORE" /><baseValue baseType="float">1</baseValue></sum></setOutcomeValue></responseIf></responseCondition><responseCondition><responseIf><not><isNull><variable identifier="RESPONSE_1417618825960" /></isNull></not><setOutcomeValue identifier="FEEDBACKBASIC"><baseValue baseType="identifier">incorrect</baseValue></setOutcomeValue></responseIf></responseCondition><responseCondition><responseIf><equal toleranceMode="exact"><variable identifier="RESPONSE_1417618884257" /><correct identifier="RESPONSE_1417618884257" /></equal><setOutcomeValue identifier="SCORE"><sum><variable identifier="SCORE" /><baseValue baseType="float">1</baseValue></sum></setOutcomeValue></responseIf></responseCondition><responseCondition><responseIf><not><isNull><variable identifier="RESPONSE_1417618884257" /></isNull></not><setOutcomeValue identifier="FEEDBACKBASIC"><baseValue baseType="identifier">incorrect</baseValue></setOutcomeValue></responseIf></responseCondition><responseCondition><responseIf><equal toleranceMode="exact"><variable identifier="RESPONSE_1417618944769" /><correct identifier="RESPONSE_1417618944769" /></equal><setOutcomeValue identifier="SCORE"><sum><variable identifier="SCORE" /><baseValue baseType="float">1</baseValue></sum></setOutcomeValue></responseIf></responseCondition><responseCondition><responseIf><not><isNull><variable identifier="RESPONSE_1417618944769" /></isNull></not><setOutcomeValue identifier="FEEDBACKBASIC"><baseValue baseType="identifier">incorrect</baseValue></setOutcomeValue></responseIf></responseCondition><responseCondition><responseIf><equal toleranceMode="exact"><variable identifier="RESPONSE_1417619136086" /><correct identifier="RESPONSE_1417619136086" /></equal><setOutcomeValue identifier="SCORE"><sum><variable identifier="SCORE" /><baseValue baseType="float">1</baseValue></sum></setOutcomeValue></responseIf></responseCondition><responseCondition><responseIf><not><isNull><variable identifier="RESPONSE_1417619136086" /></isNull></not><setOutcomeValue identifier="FEEDBACKBASIC"><baseValue baseType="identifier">incorrect</baseValue></setOutcomeValue></responseIf></responseCondition><responseCondition><responseIf><and><not><match><variable identifier="FEEDBACKBASIC" /><baseValue baseType="identifier">empty</baseValue></match></not><equal toleranceMode="exact"><variable identifier="SCORE" /><variable identifier="MAXSCORE" /></equal></and><setOutcomeValue identifier="FEEDBACKBASIC"><baseValue baseType="identifier">correct</baseValue></setOutcomeValue></responseIf></responseCondition></responseProcessing></assessmentItem>
