<?xml version="1.0" encoding="UTF-8"?>
<assessmentItem xmlns="http://www.imsglobal.org/xsd/imsqti_v2p1" xmlns:xsi="http://www.w3.org/2001/XMLSchema-instance" xsi:schemaLocation="http://www.imsglobal.org/xsd/imsqti_v2p1 http://www.imsglobal.org/xsd/qti/qtiv2p1/imsqti_v2p1p1.xsd http://www.w3.org/1998/Math/MathML http://www.w3.org/Math/XMLSchema/mathml2/mathml2.xsd" identifier="ide69c58f7-efe9-4191-96d8-53003a0b48ee" title="ebene_senkrecht_zu_gerade" adaptive="false" timeDependent="false"><responseDeclaration identifier="RESPONSE_1421659789579" cardinality="single" baseType="string" /><outcomeDeclaration identifier="SCORE" cardinality="single" baseType="float"><defaultValue><value>0</value></defaultValue></outcomeDeclaration><outcomeDeclaration identifier="MAXSCORE" cardinality="single" baseType="float"><defaultValue><value>1</value></defaultValue></outcomeDeclaration><outcomeDeclaration identifier="FEEDBACKBASIC" cardinality="single" baseType="identifier" view="testConstructor"><defaultValue><value>empty</value></defaultValue></outcomeDeclaration><outcomeDeclaration identifier="FEEDBACKMODAL" cardinality="multiple" baseType="identifier" view="testConstructor" /><templateDeclaration identifier="A1" cardinality="single" baseType="integer" /><templateDeclaration identifier="A2" cardinality="single" baseType="integer" /><templateDeclaration identifier="A3" cardinality="single" baseType="integer" /><templateDeclaration identifier="r1" cardinality="single" baseType="integer" /><templateDeclaration identifier="r2" cardinality="single" baseType="integer" /><templateDeclaration identifier="r3" cardinality="single" baseType="integer" /><templateDeclaration identifier="d" cardinality="single" baseType="integer" /><templateDeclaration identifier="ebene" cardinality="single" baseType="string" /><templateProcessing><setTemplateValue identifier="A1"><random><multiple><baseValue baseType="integer">-4</baseValue><baseValue baseType="integer">-2</baseValue><baseValue baseType="integer">0</baseValue><baseValue baseType="integer">2</baseValue><baseValue baseType="integer">4</baseValue></multiple></random></setTemplateValue><setTemplateValue identifier="A2"><random><multiple><baseValue baseType="integer">-3</baseValue><baseValue baseType="integer">-2</baseValue><baseValue baseType="integer">-1</baseValue><baseValue baseType="integer">1</baseValue><baseValue baseType="integer">2</baseValue><baseValue baseType="integer">3</baseValue></multiple></random></setTemplateValue><setTemplateValue identifier="A3"><random><multiple><baseValue baseType="integer">-4</baseValue><baseValue baseType="integer">-2</baseValue><baseValue baseType="integer">2</baseValue><baseValue baseType="integer">4</baseValue></multiple></random></setTemplateValue><setTemplateValue identifier="r1"><random><multiple><baseValue baseType="integer">-3</baseValue><baseValue baseType="integer">-2</baseValue><baseValue baseType="integer">-1</baseValue><baseValue baseType="integer">1</baseValue><baseValue baseType="integer">2</baseValue><baseValue baseType="integer">3</baseValue></multiple></random></setTemplateValue><setTemplateValue identifier="r2"><random><multiple><baseValue baseType="integer">-4</baseValue><baseValue baseType="integer">-2</baseValue><baseValue baseType="integer">2</baseValue><baseValue baseType="integer">4</baseValue></multiple></random></setTemplateValue><setTemplateValue identifier="r3"><random><multiple><baseValue baseType="integer">-3</baseValue><baseValue baseType="integer">-1</baseValue><baseValue baseType="integer">1</baseValue><baseValue baseType="integer">3</baseValue></multiple></random></setTemplateValue><setTemplateValue identifier="d"><customOperator definition="MAXIMA" value="float($(1)*$(2)+$(3)*$(4)+$(5)*$(6));"><variable identifier="r1" /><variable identifier="A1" /><variable identifier="r2" /><variable identifier="A2" /><variable identifier="r3" /><variable identifier="A3" /></customOperator></setTemplateValue><setTemplateValue identifier="ebene"><customOperator definition="MAXIMA" value="tex1($(1)*x+$(2)*y+$(3)*z)"><variable identifier="r1" /><variable identifier="r2" /><variable identifier="r3" /></customOperator></setTemplateValue><setCorrectResponse identifier="RESPONSE_1421659789579"><customOperator definition="VARIABLESTRING" value="$(1)*x+$(2)*y+$(3)*z=$(4)"><variable identifier="r1" /><variable identifier="r2" /><variable identifier="r3" /><variable identifier="d" /></customOperator></setCorrectResponse></templateProcessing><itemBody ><p>Geben Sie diejenige Ebene an, welche durch den Punkt \(A(<printedVariable identifier="A1" />,<printedVariable identifier="A2" />,<printedVariable identifier="A3" />)\) geht und zur Geraden</p><p>$$\quad g: \begin{pmatrix}x(t)\\y(t)\\z(t)\end{pmatrix}=t\cdot \begin{pmatrix}<printedVariable identifier="r1" />\\<printedVariable identifier="r2" />\\<printedVariable identifier="r3" />\end{pmatrix}$$</p><p>senkrecht steht.</p><p><strong>Lösung:</strong> \(E:\) <textEntryInteraction responseIdentifier="RESPONSE_1421659789579" class="maxima-formula show-latex" /></p><p><span style="font-size: 10pt;"><strong>Beispieleingaben:</strong>  <strong>17*x-9*y+5*z=77</strong> oder auch <strong>5*z-9*y=77-17*x </strong>(Malzeichen nicht vergessen!)</span></p></itemBody><responseProcessing><responseCondition><responseIf><customOperator definition="MAXIMA" value="is(equal(solve($(1),x),solve($(2),x)));" caseSensitive="false"><variable identifier="RESPONSE_1421659789579" /><correct identifier="RESPONSE_1421659789579" /></customOperator><setOutcomeValue identifier="SCORE"><sum><variable identifier="SCORE" /><baseValue baseType="float">1</baseValue></sum></setOutcomeValue></responseIf></responseCondition><responseCondition><responseIf><not><isNull><variable identifier="RESPONSE_1421659789579" /></isNull></not><setOutcomeValue identifier="FEEDBACKBASIC"><baseValue baseType="identifier">incorrect</baseValue></setOutcomeValue></responseIf></responseCondition><responseCondition><responseIf><and><not><match><variable identifier="FEEDBACKBASIC" /><baseValue baseType="identifier">empty</baseValue></match></not><equal toleranceMode="exact"><variable identifier="SCORE" /><variable identifier="MAXSCORE" /></equal></and><setOutcomeValue identifier="FEEDBACKBASIC"><baseValue baseType="identifier">correct</baseValue></setOutcomeValue></responseIf></responseCondition><responseCondition><responseIf><and><match><baseValue baseType="identifier">correct</baseValue><variable identifier="FEEDBACKBASIC" /></match></and><setOutcomeValue identifier="FEEDBACKMODAL"><multiple><variable identifier="FEEDBACKMODAL" /><baseValue baseType="identifier">Feedback1074452307</baseValue></multiple></setOutcomeValue></responseIf></responseCondition><responseCondition><responseIf><and><match><baseValue baseType="identifier">incorrect</baseValue><variable identifier="FEEDBACKBASIC" /></match></and><setOutcomeValue identifier="FEEDBACKMODAL"><multiple><variable identifier="FEEDBACKMODAL" /><baseValue baseType="identifier">Feedback1909240810</baseValue></multiple></setOutcomeValue></responseIf></responseCondition></responseProcessing><modalFeedback  identifier="Feedback1074452307" outcomeIdentifier="FEEDBACKMODAL" showHide="show" title="Richtig!"><p>Da die Ebene senkrecht zur Geraden \(g\) stehen soll, kann die Ebene in der Form</p><p>$$E:<printedVariable identifier="ebene" />=d$$</p><p>geschrieben werden. (Normalenvektor der Ebene = Richtigungsvektor der Geraden)</p><p>Setzen wir den Punkt \(A\) ein, so erhalten wir \(d=<printedVariable identifier="d" />\).</p><p>Demzufolge ist die gesuchte Ebene $$E: <printedVariable identifier="ebene" />=<printedVariable identifier="d" />$$.</p></modalFeedback><modalFeedback  identifier="Feedback1909240810" outcomeIdentifier="FEEDBACKMODAL" showHide="show" title="Leider falsch!"><p>Da die Ebene senkrecht zur Geraden \(g\) stehen soll, kann die Ebene in der Form</p><p>$$E:<printedVariable identifier="ebene" />=d$$</p><p>geschrieben werden. (Normalenvektor der Ebene = Richtigungsvektor der Geraden)</p><p>Setzen wir den Punkt \(A\) ein, so erhalten wir \(d=<printedVariable identifier="d" />\).</p><p>Demzufolge ist die gesuchte Ebene $$E: <printedVariable identifier="ebene" />=<printedVariable identifier="d" />$$.</p></modalFeedback></assessmentItem>
