<?xml version="1.0" encoding="UTF-8"?>
<assessmentItem xmlns="http://www.imsglobal.org/xsd/imsqti_v2p1" xmlns:xsi="http://www.w3.org/2001/XMLSchema-instance" xsi:schemaLocation="http://www.imsglobal.org/xsd/imsqti_v2p1 imsqti_v2p1.xsd" identifier="idce83805d-2c42-4461-b1fe-b62f3976f161" title="27. Grundlagen Projektmanagement" adaptive="false" timeDependent="false"><responseDeclaration identifier="RESPONSE_1" cardinality="multiple" baseType="directedPair"><correctResponse><value>id886d236b-4e13-4c8d-82c8-fd429690162a idc6572e62-bd4c-4fbb-b2c8-bc9c9f576d16</value><value>id18af4cb0-d81f-4719-99ea-0bf5591db264 id94e266cf-1e24-426e-b8ed-7d41b4a066ca</value><value>id5be5cc34-b1d9-44d3-84ad-6e89178e8d86 id94e266cf-1e24-426e-b8ed-7d41b4a066ca</value><value>id1dc56138-14dd-46ac-8a71-8b62f9b842c1 idc6572e62-bd4c-4fbb-b2c8-bc9c9f576d16</value><value>idf95358aa-d1f5-4683-8193-b252c2fb1e90 idc6572e62-bd4c-4fbb-b2c8-bc9c9f576d16</value><value>ide20c43f7-947b-4945-abbc-2468419af905 idc6572e62-bd4c-4fbb-b2c8-bc9c9f576d16</value><value>id76d13ecc-2057-404f-af05-789499f6279d idc6572e62-bd4c-4fbb-b2c8-bc9c9f576d16</value><value>id067a57c6-3539-400d-853c-3a7286cce614 id94e266cf-1e24-426e-b8ed-7d41b4a066ca</value><value>id9de7ea77-2418-4873-b514-6f04e0687dca id94e266cf-1e24-426e-b8ed-7d41b4a066ca</value><value>id768f1507-765a-4acb-9dfc-f6e03d2cd0ed id94e266cf-1e24-426e-b8ed-7d41b4a066ca</value><value>idc0dc79d6-8eeb-472b-8ad7-b909a6b6a640 id94e266cf-1e24-426e-b8ed-7d41b4a066ca</value><value>id8faca920-900c-4930-ae2a-dca006f44fca idc6572e62-bd4c-4fbb-b2c8-bc9c9f576d16</value><value>id943a505b-072b-4a64-acb6-27f2a590eb77 id94e266cf-1e24-426e-b8ed-7d41b4a066ca</value></correctResponse><mapping defaultValue="0" lowerBound="0.0"><mapEntry mapKey="id886d236b-4e13-4c8d-82c8-fd429690162a idc6572e62-bd4c-4fbb-b2c8-bc9c9f576d16" mappedValue="1" /><mapEntry mapKey="id18af4cb0-d81f-4719-99ea-0bf5591db264 id94e266cf-1e24-426e-b8ed-7d41b4a066ca" mappedValue="1" /><mapEntry mapKey="id5be5cc34-b1d9-44d3-84ad-6e89178e8d86 id94e266cf-1e24-426e-b8ed-7d41b4a066ca" mappedValue="1" /><mapEntry mapKey="id1dc56138-14dd-46ac-8a71-8b62f9b842c1 idc6572e62-bd4c-4fbb-b2c8-bc9c9f576d16" mappedValue="1" /><mapEntry mapKey="idf95358aa-d1f5-4683-8193-b252c2fb1e90 idc6572e62-bd4c-4fbb-b2c8-bc9c9f576d16" mappedValue="1" /><mapEntry mapKey="ide20c43f7-947b-4945-abbc-2468419af905 idc6572e62-bd4c-4fbb-b2c8-bc9c9f576d16" mappedValue="1" /><mapEntry mapKey="id76d13ecc-2057-404f-af05-789499f6279d idc6572e62-bd4c-4fbb-b2c8-bc9c9f576d16" mappedValue="1" /><mapEntry mapKey="id067a57c6-3539-400d-853c-3a7286cce614 id94e266cf-1e24-426e-b8ed-7d41b4a066ca" mappedValue="1" /><mapEntry mapKey="id9de7ea77-2418-4873-b514-6f04e0687dca id94e266cf-1e24-426e-b8ed-7d41b4a066ca" mappedValue="1" /><mapEntry mapKey="id768f1507-765a-4acb-9dfc-f6e03d2cd0ed id94e266cf-1e24-426e-b8ed-7d41b4a066ca" mappedValue="1" /><mapEntry mapKey="idc0dc79d6-8eeb-472b-8ad7-b909a6b6a640 id94e266cf-1e24-426e-b8ed-7d41b4a066ca" mappedValue="1" /><mapEntry mapKey="id8faca920-900c-4930-ae2a-dca006f44fca idc6572e62-bd4c-4fbb-b2c8-bc9c9f576d16" mappedValue="1" /><mapEntry mapKey="id943a505b-072b-4a64-acb6-27f2a590eb77 id94e266cf-1e24-426e-b8ed-7d41b4a066ca" mappedValue="1" /><mapEntry mapKey="id5be5cc34-b1d9-44d3-84ad-6e89178e8d86 idc6572e62-bd4c-4fbb-b2c8-bc9c9f576d16" mappedValue="-1" /><mapEntry mapKey="id067a57c6-3539-400d-853c-3a7286cce614 idc6572e62-bd4c-4fbb-b2c8-bc9c9f576d16" mappedValue="-1" /><mapEntry mapKey="idf95358aa-d1f5-4683-8193-b252c2fb1e90 id94e266cf-1e24-426e-b8ed-7d41b4a066ca" mappedValue="-1" /><mapEntry mapKey="id9de7ea77-2418-4873-b514-6f04e0687dca idc6572e62-bd4c-4fbb-b2c8-bc9c9f576d16" mappedValue="-1" /><mapEntry mapKey="id768f1507-765a-4acb-9dfc-f6e03d2cd0ed idc6572e62-bd4c-4fbb-b2c8-bc9c9f576d16" mappedValue="-1" /><mapEntry mapKey="id1dc56138-14dd-46ac-8a71-8b62f9b842c1 id94e266cf-1e24-426e-b8ed-7d41b4a066ca" mappedValue="-1" /><mapEntry mapKey="id8faca920-900c-4930-ae2a-dca006f44fca id94e266cf-1e24-426e-b8ed-7d41b4a066ca" mappedValue="-1" /><mapEntry mapKey="id18af4cb0-d81f-4719-99ea-0bf5591db264 idc6572e62-bd4c-4fbb-b2c8-bc9c9f576d16" mappedValue="-1" /><mapEntry mapKey="idc0dc79d6-8eeb-472b-8ad7-b909a6b6a640 idc6572e62-bd4c-4fbb-b2c8-bc9c9f576d16" mappedValue="-1" /><mapEntry mapKey="ide20c43f7-947b-4945-abbc-2468419af905 id94e266cf-1e24-426e-b8ed-7d41b4a066ca" mappedValue="-1" /><mapEntry mapKey="id886d236b-4e13-4c8d-82c8-fd429690162a id94e266cf-1e24-426e-b8ed-7d41b4a066ca" mappedValue="-1" /><mapEntry mapKey="id943a505b-072b-4a64-acb6-27f2a590eb77 idc6572e62-bd4c-4fbb-b2c8-bc9c9f576d16" mappedValue="-1" /><mapEntry mapKey="id76d13ecc-2057-404f-af05-789499f6279d id94e266cf-1e24-426e-b8ed-7d41b4a066ca" mappedValue="-1" /></mapping></responseDeclaration><outcomeDeclaration identifier="SCORE" cardinality="single" baseType="float"><defaultValue><value>0</value></defaultValue></outcomeDeclaration><outcomeDeclaration identifier="MAXSCORE" cardinality="single" baseType="float"><defaultValue><value>13</value></defaultValue></outcomeDeclaration><outcomeDeclaration identifier="FEEDBACKBASIC" cardinality="single" baseType="identifier" view="testConstructor"><defaultValue><value>empty</value></defaultValue></outcomeDeclaration><itemBody><p xmlns=""><strong>Geben Sie an ob die folgenden Aussagen Richtig oder Falsch sein können.<br /></strong></p><p xmlns="">(Klicken Sie die entsprechenden Antworten an)</p><matchInteraction responseIdentifier="RESPONSE_1" shuffle="true" maxAssociations="0"><simpleMatchSet><simpleAssociableChoice identifier="idc0dc79d6-8eeb-472b-8ad7-b909a6b6a640" fixed="false" matchMax="0"><p xmlns="">Bei Projekten sind wie bisher immer so vorgegangen, dass wir einfach angefangen haben. Wenn wir das Gefühl hatten, dass die Sache abgearbeitet ist, war das Projekt zuende und wir haben uns unserem Tagesgeschäft gewidmet.</p></simpleAssociableChoice><simpleAssociableChoice identifier="id886d236b-4e13-4c8d-82c8-fd429690162a" fixed="false" matchMax="0"><p xmlns="">Es ist nicht wichtig sich über die Ausgangssituation zu unterhalten, da das Projekt in der Regel vieles verändern wird.</p></simpleAssociableChoice><simpleAssociableChoice identifier="id8faca920-900c-4930-ae2a-dca006f44fca" fixed="false" matchMax="0"><p xmlns="">Es ist nicht wichtig, in der Planungsphase das Projektumfeld zu beachten, da bei zu viel Aspekten, die man dabei zu berücksichtigen hat, die Planung zu unübersichtlich wird.</p></simpleAssociableChoice><simpleAssociableChoice identifier="id1dc56138-14dd-46ac-8a71-8b62f9b842c1" fixed="false" matchMax="0"><p xmlns="">In der Anfangsphase eines Projekts ist es besser, wenn man sich an die Devise: "Reden ist Silber / Schweigen ist Gold" hält.</p></simpleAssociableChoice><simpleAssociableChoice identifier="id9de7ea77-2418-4873-b514-6f04e0687dca" fixed="false" matchMax="0"><p xmlns="">Meilensteine sollten mindestens am Ende jeder Projektphasevorkommen, um z.B. die Entscheidung herbeizuführen, dass das Projekt fortzusetzen ist.</p></simpleAssociableChoice><simpleAssociableChoice identifier="id18af4cb0-d81f-4719-99ea-0bf5591db264" fixed="false" matchMax="0"><p xmlns="">Eine Teilaufgabe ist ein Teil eines Projektes, die weiter aufgegliedert werden kann.</p></simpleAssociableChoice><simpleAssociableChoice identifier="id5be5cc34-b1d9-44d3-84ad-6e89178e8d86" fixed="false" matchMax="0"><p xmlns="">Unter "Bottom up" versteht man: vom Allgemeinen zum Spezielen</p></simpleAssociableChoice><simpleAssociableChoice identifier="idf95358aa-d1f5-4683-8193-b252c2fb1e90" fixed="false" matchMax="0"><p xmlns="">Die Balkenplantechnik wird nur von Projekten mit hoher Komplexität eingesetzt.</p></simpleAssociableChoice><simpleAssociableChoice identifier="id067a57c6-3539-400d-853c-3a7286cce614" fixed="false" matchMax="0"><p xmlns="">Im Rahmen der Ressourcenplanung ist es wichtig den zeitlichen Verlauf der Ressourcenbeschaffung zu beachten.</p></simpleAssociableChoice><simpleAssociableChoice identifier="ide20c43f7-947b-4945-abbc-2468419af905" fixed="false" matchMax="0"><p xmlns="">Beim einer richtigen Projektplanung sind Abweichungen ausgeschlossen.</p></simpleAssociableChoice><simpleAssociableChoice identifier="id768f1507-765a-4acb-9dfc-f6e03d2cd0ed" fixed="false" matchMax="0"><p xmlns="">Der Informationsfluss ist für den optimalen Projektablauf grundlegend.</p></simpleAssociableChoice><simpleAssociableChoice identifier="id943a505b-072b-4a64-acb6-27f2a590eb77" fixed="false" matchMax="0"><p xmlns="">Meilensteintrendanalysen dienen der Einschätzung des Projektverlaufes</p></simpleAssociableChoice><simpleAssociableChoice identifier="id76d13ecc-2057-404f-af05-789499f6279d" fixed="false" matchMax="0"><p xmlns="">Kostenüberschreitung entstehen bei zu hoch angesetzten Plankosen</p></simpleAssociableChoice></simpleMatchSet><simpleMatchSet><simpleAssociableChoice identifier="id94e266cf-1e24-426e-b8ed-7d41b4a066ca" fixed="false" matchMax="0"><p xmlns="">RICHTIG</p></simpleAssociableChoice><simpleAssociableChoice identifier="idc6572e62-bd4c-4fbb-b2c8-bc9c9f576d16" fixed="false" matchMax="0"><p xmlns="">FALSCH</p></simpleAssociableChoice></simpleMatchSet></matchInteraction></itemBody><responseProcessing><responseCondition><responseIf><not><isNull><variable identifier="RESPONSE_1" /></isNull></not><setOutcomeValue identifier="SCORE"><sum><variable identifier="SCORE" /><mapResponse identifier="RESPONSE_1" /></sum></setOutcomeValue><setOutcomeValue identifier="FEEDBACKBASIC"><baseValue baseType="identifier">incorrect</baseValue></setOutcomeValue></responseIf></responseCondition><responseCondition><responseIf><and><not><match><variable identifier="FEEDBACKBASIC" /><baseValue baseType="identifier">empty</baseValue></match></not><equal toleranceMode="exact"><variable identifier="SCORE" /><variable identifier="MAXSCORE" /></equal></and><setOutcomeValue identifier="FEEDBACKBASIC"><baseValue baseType="identifier">correct</baseValue></setOutcomeValue></responseIf></responseCondition></responseProcessing></assessmentItem>
