<?xml version="1.0" encoding="UTF-8"?>
<assessmentItem xmlns="http://www.imsglobal.org/xsd/imsqti_v2p1" xmlns:xsi="http://www.w3.org/2001/XMLSchema-instance" xsi:schemaLocation="http://www.imsglobal.org/xsd/imsqti_v2p1 http://www.imsglobal.org/xsd/qti/qtiv2p1/imsqti_v2p1p1.xsd http://www.w3.org/1998/Math/MathML http://www.w3.org/Math/XMLSchema/mathml2/mathml2.xsd" identifier="id54424905-e0e0-41d9-be51-3e172c02fb06" title="Teilaufgabe Rechenregeln Integrale 1" adaptive="false" timeDependent="false"><responseDeclaration identifier="RESPONSE_1" cardinality="single" baseType="identifier"><correctResponse><value>id9d9b57e8-1415-437e-818e-f29635325ac1</value></correctResponse></responseDeclaration><outcomeDeclaration identifier="SCORE" cardinality="single" baseType="float"><defaultValue><value>0</value></defaultValue></outcomeDeclaration><outcomeDeclaration identifier="MAXSCORE" cardinality="single" baseType="float"><defaultValue><value>1</value></defaultValue></outcomeDeclaration><outcomeDeclaration identifier="FEEDBACKBASIC" cardinality="single" baseType="identifier"><defaultValue><value>empty</value></defaultValue></outcomeDeclaration><itemBody ><p>Wie lautet die partielle Integrationsregel?</p><choiceInteraction responseIdentifier="RESPONSE_1" shuffle="true" maxChoices="1"><simpleChoice identifier="id9d9b57e8-1415-437e-818e-f29635325ac1"><p>$$\int_a^b f'(x)g(x)dx=f(b)g(b)-f(a)g(a)-\int_a^b f(y)g'(y)dy$$</p></simpleChoice><simpleChoice identifier="id3c8912da-7896-4a06-a655-0d07963c4795"><p>$$\int_a^b f'(x)g'(x)dx=f(b)g(b)-f(a)g(a)-\int_a^b f(x)g(x)dx$$</p></simpleChoice><simpleChoice identifier="idcb4687fd-bc28-4754-994d-75d7dd43da30"><p>$$\int_a^b f'(t)g(t) dt=f(b)g(a)-f(a)g(b)-\int_a^b f(t)g'(t)dt$$</p></simpleChoice><simpleChoice identifier="id21df3432-fed1-4b2f-9b61-ce6e9c3d5735"><p>Keine der anderen drei Alternativen ist richtig.</p></simpleChoice></choiceInteraction></itemBody><responseProcessing><responseCondition><responseIf><isNull><variable identifier="RESPONSE_1" /></isNull><setOutcomeValue identifier="FEEDBACKBASIC"><baseValue baseType="identifier">empty</baseValue></setOutcomeValue></responseIf><responseElseIf><match><variable identifier="RESPONSE_1" /><correct identifier="RESPONSE_1" /></match><setOutcomeValue identifier="SCORE"><sum><variable identifier="SCORE" /><variable identifier="MAXSCORE" /></sum></setOutcomeValue><setOutcomeValue identifier="FEEDBACKBASIC"><baseValue baseType="identifier">correct</baseValue></setOutcomeValue></responseElseIf><responseElse><setOutcomeValue identifier="FEEDBACKBASIC"><baseValue baseType="identifier">incorrect</baseValue></setOutcomeValue></responseElse></responseCondition></responseProcessing></assessmentItem>
