<?xml version="1.0" encoding="UTF-8"?>
<assessmentItem xmlns="http://www.imsglobal.org/xsd/imsqti_v2p1" xmlns:xsi="http://www.w3.org/2001/XMLSchema-instance" xsi:schemaLocation="http://www.imsglobal.org/xsd/imsqti_v2p1 http://www.imsglobal.org/xsd/qti/qtiv2p1/imsqti_v2p1p1.xsd http://www.w3.org/1998/Math/MathML http://www.w3.org/Math/XMLSchema/mathml2/mathml2.xsd" identifier="ide7c30db6-9f02-4f5a-835d-a5b83cef2b16" title="Ableitung_grafisch_05" adaptive="false" timeDependent="false"><responseDeclaration identifier="RESPONSE_1" cardinality="single" baseType="identifier"><correctResponse><value>idce639dae-31d2-426f-a995-25b4de7d30aa</value></correctResponse></responseDeclaration><outcomeDeclaration identifier="SCORE" cardinality="single" baseType="float"><defaultValue><value>0</value></defaultValue></outcomeDeclaration><outcomeDeclaration identifier="MAXSCORE" cardinality="single" baseType="float"><defaultValue><value>1</value></defaultValue></outcomeDeclaration><outcomeDeclaration identifier="FEEDBACKBASIC" cardinality="single" baseType="identifier"><defaultValue><value>empty</value></defaultValue></outcomeDeclaration><itemBody ><p>Finden Sie zur abgebildeten Funktion (in rot) die richtige Ableitung (in schwarz)</p><p><img src="media%2Fmedium7948696169652980602o.png" alt="" width="347" height="267" /></p><choiceInteraction responseIdentifier="RESPONSE_1" shuffle="true" maxChoices="1" orientation="horizontal"><simpleChoice identifier="idce639dae-31d2-426f-a995-25b4de7d30aa"><p><img src="media%2Fmedium2847278000062520305a.png" alt="" width="347" height="267" /></p></simpleChoice><simpleChoice identifier="idcdb3bd09-2524-4d5e-96d0-d1339329ad7d"><p><img src="media%2Fmedium2176078607792298033b.png" alt="" width="347" height="267" /></p></simpleChoice><simpleChoice identifier="id8dbfc946-fb0f-496d-8dcb-9084faeea49c"><p><img src="media%2Fmedium6785654949379102576c.png" alt="" width="347" height="267" /></p></simpleChoice></choiceInteraction></itemBody><responseProcessing><responseCondition><responseIf><isNull><variable identifier="RESPONSE_1" /></isNull><setOutcomeValue identifier="FEEDBACKBASIC"><baseValue baseType="identifier">empty</baseValue></setOutcomeValue></responseIf><responseElseIf><match><variable identifier="RESPONSE_1" /><correct identifier="RESPONSE_1" /></match><setOutcomeValue identifier="SCORE"><sum><variable identifier="SCORE" /><variable identifier="MAXSCORE" /></sum></setOutcomeValue><setOutcomeValue identifier="FEEDBACKBASIC"><baseValue baseType="identifier">correct</baseValue></setOutcomeValue></responseElseIf><responseElse><setOutcomeValue identifier="FEEDBACKBASIC"><baseValue baseType="identifier">incorrect</baseValue></setOutcomeValue></responseElse></responseCondition></responseProcessing></assessmentItem>
