<?xml version="1.0" encoding="UTF-8"?>
<assessmentItem xmlns="http://www.imsglobal.org/xsd/imsqti_v2p1" xmlns:xsi="http://www.w3.org/2001/XMLSchema-instance" xsi:schemaLocation="http://www.imsglobal.org/xsd/imsqti_v2p1 http://www.imsglobal.org/xsd/qti/qtiv2p1/imsqti_v2p1p1.xsd http://www.w3.org/1998/Math/MathML http://www.w3.org/Math/XMLSchema/mathml2/mathml2.xsd" identifier="id667dcbd5-706a-468d-a256-b1fe0334df8e" title="def.bereich_ln(x)" adaptive="false" timeDependent="false"><responseDeclaration identifier="RESPONSE_1" cardinality="single" baseType="identifier"><correctResponse><value>id35b30d42-b5da-4555-9b3e-0b46e388e3c2</value></correctResponse></responseDeclaration><outcomeDeclaration identifier="SCORE" cardinality="single" baseType="float"><defaultValue><value>0</value></defaultValue></outcomeDeclaration><outcomeDeclaration identifier="MAXSCORE" cardinality="single" baseType="float"><defaultValue><value>1</value></defaultValue></outcomeDeclaration><outcomeDeclaration identifier="FEEDBACKBASIC" cardinality="single" baseType="identifier"><defaultValue><value>empty</value></defaultValue></outcomeDeclaration><outcomeDeclaration identifier="FEEDBACKMODAL" cardinality="multiple" baseType="identifier" view="testConstructor" /><itemBody ><p>Für welche $$x$$ ist die Funktion $$f(x)=\ln x$$ definiert?</p><choiceInteraction responseIdentifier="RESPONSE_1" shuffle="false" maxChoices="1"><simpleChoice identifier="idf7c860ec-5b42-4904-a8c4-25f732a778c9"><p>für alle \(x\in\mathbb R\)</p></simpleChoice><simpleChoice identifier="idfdb0f7cf-0c99-44d1-8e12-2d2b30509b28"><p>für alle \(x\in\mathbb R\) mit \(x\neq0\)</p></simpleChoice><simpleChoice identifier="id35b30d42-b5da-4555-9b3e-0b46e388e3c2"><p>nur für $$x&gt;0$$</p></simpleChoice><simpleChoice identifier="id36521bcc-62b0-42a2-8ca2-70c197ad3be7"><p>nur für $$x&lt;0$$</p></simpleChoice><simpleChoice identifier="id08a39fbf-2ed0-4247-9e46-0b1a491d5e6f"><p>nur für $$x\geq0$$</p></simpleChoice></choiceInteraction></itemBody><responseProcessing><responseCondition><responseIf><isNull><variable identifier="RESPONSE_1" /></isNull><setOutcomeValue identifier="FEEDBACKBASIC"><baseValue baseType="identifier">empty</baseValue></setOutcomeValue></responseIf><responseElseIf><match><variable identifier="RESPONSE_1" /><correct identifier="RESPONSE_1" /></match><setOutcomeValue identifier="SCORE"><sum><variable identifier="SCORE" /><variable identifier="MAXSCORE" /></sum></setOutcomeValue><setOutcomeValue identifier="FEEDBACKBASIC"><baseValue baseType="identifier">correct</baseValue></setOutcomeValue></responseElseIf><responseElse><setOutcomeValue identifier="FEEDBACKBASIC"><baseValue baseType="identifier">incorrect</baseValue></setOutcomeValue></responseElse></responseCondition><responseCondition><responseIf><and><match><baseValue baseType="identifier">correct</baseValue><variable identifier="FEEDBACKBASIC" /></match></and><setOutcomeValue identifier="FEEDBACKMODAL"><multiple><variable identifier="FEEDBACKMODAL" /><baseValue baseType="identifier">Feedback1371685700</baseValue></multiple></setOutcomeValue></responseIf></responseCondition><responseCondition><responseIf><and><match><baseValue baseType="identifier">incorrect</baseValue><variable identifier="FEEDBACKBASIC" /></match></and><setOutcomeValue identifier="FEEDBACKMODAL"><multiple><variable identifier="FEEDBACKMODAL" /><baseValue baseType="identifier">Feedback621039580</baseValue></multiple></setOutcomeValue></responseIf></responseCondition></responseProcessing><modalFeedback  identifier="Feedback1371685700" outcomeIdentifier="FEEDBACKMODAL" showHide="show" title="Richtig!"><p>Die $$\ln$$-Funktion ist die Umkehrfunktion der Exponentialfunktion $$\mathrm e^x$$, welche bekanntlich nur Werte $$&gt;0$$ annimmt.</p><p>Daher ist die Umkehrfunktion $$\ln x$$ nur für $$x&gt;0$$ definiert!</p></modalFeedback><modalFeedback  identifier="Feedback621039580" outcomeIdentifier="FEEDBACKMODAL" showHide="show" title="Leider falsch!"><p>Die $$\ln$$-Funktion ist die Umkehrfunktion der Exponentialfunktion $$\mathrm e^x$$, welche bekanntlich nur Werte $$&gt;0$$ annimmt.</p><p>Daher ist die Umkehrfunktion $$\ln x$$ nur für $$x&gt;0$$ definiert!</p></modalFeedback></assessmentItem>
