<?xml version="1.0" encoding="UTF-8"?>
<assessmentItem xmlns="http://www.imsglobal.org/xsd/imsqti_v2p1" xmlns:xsi="http://www.w3.org/2001/XMLSchema-instance" xsi:schemaLocation="http://www.imsglobal.org/xsd/imsqti_v2p1 http://www.imsglobal.org/xsd/qti/qtiv2p1/imsqti_v2p1p1.xsd http://www.w3.org/1998/Math/MathML http://www.w3.org/Math/XMLSchema/mathml2/mathml2.xsd" identifier="idb9acec90-49e9-49bb-bb56-6cdb847c21c6" title="ResiduenSatzAnwendung5" adaptive="false" timeDependent="false"><responseDeclaration identifier="RESPONSE_1418119482286" cardinality="single" baseType="string" /><responseDeclaration identifier="RESPONSE_1418120035385" cardinality="single" baseType="string" /><outcomeDeclaration identifier="SCORE" cardinality="single" baseType="float"><defaultValue><value>0</value></defaultValue></outcomeDeclaration><outcomeDeclaration identifier="MAXSCORE" cardinality="single" baseType="float"><defaultValue><value>6</value></defaultValue></outcomeDeclaration><outcomeDeclaration identifier="FEEDBACKBASIC" cardinality="single" baseType="identifier" view="testConstructor"><defaultValue><value>empty</value></defaultValue></outcomeDeclaration><outcomeDeclaration identifier="FEEDBACKMODAL" cardinality="multiple" baseType="identifier" view="testConstructor" /><templateDeclaration identifier="var1" cardinality="single" baseType="integer" /><templateDeclaration identifier="var2" cardinality="single" baseType="integer" /><templateDeclaration identifier="solution" cardinality="single" baseType="integer" /><templateDeclaration identifier="a" cardinality="single" baseType="integer" /><templateDeclaration identifier="2a" cardinality="single" baseType="integer" /><templateDeclaration identifier="a1" cardinality="single" baseType="integer" /><templateProcessing><setTemplateValue identifier="var1"><randomInteger min="1" max="10" /></setTemplateValue><setTemplateValue identifier="var2"><randomInteger min="1" max="10" /></setTemplateValue><setTemplateValue identifier="solution"><customOperator definition="MAXIMA" value="float($(1)+$(2));"><variable identifier="var1" /><variable identifier="var2" /></customOperator></setTemplateValue><setTemplateValue identifier="a"><randomInteger min="2" max="10" /></setTemplateValue><setTemplateValue identifier="2a"><customOperator definition="MAXIMA" value="float(2*$(1));"><variable identifier="a" /></customOperator></setTemplateValue><setTemplateValue identifier="a1"><customOperator definition="MAXIMA" value="float($(1)^2-1);"><variable identifier="a" /></customOperator></setTemplateValue><setCorrectResponse identifier="RESPONSE_1418119482286"><customOperator definition="VARIABLESTRING" value="-%pi*%i/sqrt($(1))"><variable identifier="a1" /></customOperator></setCorrectResponse><setCorrectResponse identifier="RESPONSE_1418120035385"><customOperator definition="VARIABLESTRING" value="2*%pi/sqrt($(1))"><variable identifier="a1" /></customOperator></setCorrectResponse></templateProcessing><itemBody ><p><p>Berechne Schrittweise, gemäß der untenstehenden Anleitung, das Integral $$I := \int_{0}^{2\pi} \frac{1}{<printedVariable identifier="a" />-\cos (t)} dt$$.</p><p>1.)  Berechne mit Hilfe des Residuensatzes das Integral $$W := \int_{\gamma} \frac{1}{z^2- <printedVariable identifier="2a" />z +1}$$ mit der Kuve $$\gamma(t) := e^{\mathbb i \cdot t}$$ für \( 0 \le t \le 2\pi\):</p><p>W = <textEntryInteraction responseIdentifier="RESPONSE_1418119482286" expectedLength="15" class="maxima-formula show-latex show-syntax-error" /></p><p>2.) Vergesse nun für einen Moment den Wert von  \( W\) und erinnere Dich an die ursprüngliche Definition eines Kuvenintegrales um  \( W\) in der Form:</p><p>$$W = \int_{0}^{2\pi} f(t) dt$$ zu schreiben mit einer Hybrid Function \(f\). Trenne Real- und Imaginärteil von \(f\). Es erscheint ein Integral welches  \( I\) sehr ähnlich ist. Vergleiche mit 1.) und erhalte:</p><p>\( I = \) <textEntryInteraction responseIdentifier="RESPONSE_1418120035385" expectedLength="15" class="maxima-formula show-latex show-syntax-error" /></p><p>Syntax für 1.) und 2.):</p><p>%i für i</p><p>%pi für \( \pi\)</p><p>* für jede Multiplikation</p><p>sqrt(n) für \( \sqrt{n}\)</p></p></itemBody><responseProcessing><responseCondition><responseIf><customOperator definition="MAXIMA" value="is(equal(ev($(1)),ev($(2))));"><variable identifier="RESPONSE_1418119482286" /><correct identifier="RESPONSE_1418119482286" /></customOperator><setOutcomeValue identifier="SCORE"><sum><variable identifier="SCORE" /><baseValue baseType="float">4</baseValue></sum></setOutcomeValue></responseIf></responseCondition><responseCondition><responseIf><not><isNull><variable identifier="RESPONSE_1418119482286" /></isNull></not><setOutcomeValue identifier="FEEDBACKBASIC"><baseValue baseType="identifier">incorrect</baseValue></setOutcomeValue></responseIf></responseCondition><responseCondition><responseIf><customOperator definition="MAXIMA" value="is(equal(ev($(1)),ev($(2))));"><variable identifier="RESPONSE_1418120035385" /><correct identifier="RESPONSE_1418120035385" /></customOperator><setOutcomeValue identifier="SCORE"><sum><variable identifier="SCORE" /><baseValue baseType="float">2</baseValue></sum></setOutcomeValue></responseIf></responseCondition><responseCondition><responseIf><not><isNull><variable identifier="RESPONSE_1418120035385" /></isNull></not><setOutcomeValue identifier="FEEDBACKBASIC"><baseValue baseType="identifier">incorrect</baseValue></setOutcomeValue></responseIf></responseCondition><responseCondition><responseIf><and><not><match><variable identifier="FEEDBACKBASIC" /><baseValue baseType="identifier">empty</baseValue></match></not><equal toleranceMode="exact"><variable identifier="SCORE" /><variable identifier="MAXSCORE" /></equal></and><setOutcomeValue identifier="FEEDBACKBASIC"><baseValue baseType="identifier">correct</baseValue></setOutcomeValue></responseIf></responseCondition><responseCondition><responseIf><and><match><baseValue baseType="identifier">incorrect</baseValue><variable identifier="FEEDBACKBASIC" /></match></and><setOutcomeValue identifier="FEEDBACKMODAL"><multiple><variable identifier="FEEDBACKMODAL" /><baseValue baseType="identifier">Feedback1255924614</baseValue></multiple></setOutcomeValue></responseIf></responseCondition></responseProcessing><modalFeedback  identifier="Feedback1255924614" outcomeIdentifier="FEEDBACKMODAL" showHide="show"><p>Hinweis für 1.):  Nur einer der Pole von \( \frac{1}{z^2-<printedVariable identifier="2a" />z+1}\) liegt innerhalb \( \gamma\).</p><p>Hinweis für 2.): Nachdem in das Integral \( W\) mit \( \gamma\) eingegangen wurde, vereinfache zunächst \(W\) so dass \( \gamma\)  nur innerhalb des Nenners von  \(W\) erscheint. Dann schreibe \(\gamma\) in Kartesischen Koordinaten und nun wird ein Integral auftauchen welches \(I\) sehr ähnlich ist.</p></modalFeedback></assessmentItem>
