<?xml version="1.0" encoding="UTF-8"?>
<assessmentItem xmlns="http://www.imsglobal.org/xsd/imsqti_v2p1" xmlns:xsi="http://www.w3.org/2001/XMLSchema-instance" xsi:schemaLocation="http://www.imsglobal.org/xsd/imsqti_v2p1 http://www.imsglobal.org/xsd/qti/qtiv2p1/imsqti_v2p1p1.xsd http://www.w3.org/1998/Math/MathML http://www.w3.org/Math/XMLSchema/mathml2/mathml2.xsd" identifier="id2979599a-4a60-493d-95e2-b092b3644c64" title="IdentityTheorem" adaptive="false" timeDependent="false"><responseDeclaration identifier="RESPONSE_1" cardinality="multiple" baseType="identifier"><correctResponse><value>id02e3845f-8e65-4c67-aa4b-e13420c3c961</value><value>id1c076b23-b0b5-4d44-972a-f027684444a5</value><value>id3fa26d29-3f92-482a-9ef9-3241ff2d94da</value><value>idcc625635-dbe2-4220-8010-b4423f9225e1</value><value>id00d55c6c-b66b-4c10-84b2-7cd3e4160eb7</value></correctResponse></responseDeclaration><outcomeDeclaration identifier="SCORE" cardinality="single" baseType="float"><defaultValue><value>0</value></defaultValue></outcomeDeclaration><outcomeDeclaration identifier="MAXSCORE" cardinality="single" baseType="float"><defaultValue><value>4</value></defaultValue></outcomeDeclaration><outcomeDeclaration identifier="FEEDBACKBASIC" cardinality="single" baseType="identifier"><defaultValue><value>empty</value></defaultValue></outcomeDeclaration><templateDeclaration identifier="r" cardinality="single" baseType="integer" /><templateProcessing><setTemplateValue identifier="r"><randomInteger min="1" max="10" /></setTemplateValue></templateProcessing><itemBody ><p>Suppose \( f, g\) are two functions analytic on the whole plane. Assume \( f(z) = g(z) \) for all \( z\) of a certain subset \( S\subset \mathbb C\).</p><p>Decide which assumptions on S will imply that f = g on the whole plane.</p><p> </p><p> </p><choiceInteraction responseIdentifier="RESPONSE_1" shuffle="true" maxChoices="0"><simpleChoice identifier="id02e3845f-8e65-4c67-aa4b-e13420c3c961"><p>$$ S = \{e^{it}| 0 \le t\le 1\}$$</p></simpleChoice><simpleChoice identifier="id1c076b23-b0b5-4d44-972a-f027684444a5"><p>$$ S = [1,2] $$</p></simpleChoice><simpleChoice identifier="id07bfbf24-cd56-40db-a8ab-96d468d28af6"><p>$$ S = \mathbb Z$$</p></simpleChoice><simpleChoice identifier="id3fa26d29-3f92-482a-9ef9-3241ff2d94da"><p>$$ S =  \mathbb Q$$</p></simpleChoice><simpleChoice identifier="idcc625635-dbe2-4220-8010-b4423f9225e1"><p>$$ S = \mathbb Q \cap [1,2] $$</p></simpleChoice><simpleChoice identifier="id2b6fba00-15c6-4025-b135-942c881264a2"><p>$$ S = \{ z | f(z) = g(z) = 0\}$$</p></simpleChoice><simpleChoice identifier="id00d55c6c-b66b-4c10-84b2-7cd3e4160eb7"><p>$$ S = \{ \frac{k^2\cdot(-1)^k+k^2+1}{2+k} | k \in \mathbb N\}$$</p></simpleChoice><simpleChoice identifier="id7b9af709-567f-45df-9f0f-9a6a0e5375df"><p>$$ S = \mathbb N_0 X \mathbb N_0 $$</p></simpleChoice></choiceInteraction></itemBody><responseProcessing><responseCondition><responseIf><isNull><variable identifier="RESPONSE_1" /></isNull><setOutcomeValue identifier="FEEDBACKBASIC"><baseValue baseType="identifier">empty</baseValue></setOutcomeValue></responseIf><responseElseIf><match><variable identifier="RESPONSE_1" /><correct identifier="RESPONSE_1" /></match><setOutcomeValue identifier="SCORE"><sum><variable identifier="SCORE" /><variable identifier="MAXSCORE" /></sum></setOutcomeValue><setOutcomeValue identifier="FEEDBACKBASIC"><baseValue baseType="identifier">correct</baseValue></setOutcomeValue></responseElseIf><responseElse><setOutcomeValue identifier="FEEDBACKBASIC"><baseValue baseType="identifier">incorrect</baseValue></setOutcomeValue></responseElse></responseCondition></responseProcessing></assessmentItem>
