<?xml version="1.0" encoding="UTF-8"?>
<assessmentItem xmlns="http://www.imsglobal.org/xsd/imsqti_v2p1" xmlns:xsi="http://www.w3.org/2001/XMLSchema-instance" xsi:schemaLocation="http://www.imsglobal.org/xsd/imsqti_v2p1 http://www.imsglobal.org/xsd/qti/qtiv2p1/imsqti_v2p1p1.xsd http://www.w3.org/1998/Math/MathML http://www.w3.org/Math/XMLSchema/mathml2/mathml2.xsd" identifier="ide174e673-8db8-4568-8d95-3d2fae45d1a6" title="vereinfachung_brüche_04" adaptive="false" timeDependent="false"><responseDeclaration identifier="RESPONSE_1409829649925" cardinality="single" baseType="string" /><responseDeclaration identifier="RESPONSE_1409829638573" cardinality="single" baseType="string" /><outcomeDeclaration identifier="SCORE" cardinality="single" baseType="float"><defaultValue><value>0</value></defaultValue></outcomeDeclaration><outcomeDeclaration identifier="MAXSCORE" cardinality="single" baseType="float"><defaultValue><value>1</value></defaultValue></outcomeDeclaration><outcomeDeclaration identifier="FEEDBACKBASIC" cardinality="single" baseType="identifier" view="testConstructor"><defaultValue><value>empty</value></defaultValue></outcomeDeclaration><outcomeDeclaration identifier="FEEDBACKMODAL" cardinality="multiple" baseType="identifier" view="testConstructor" /><templateProcessing><setCorrectResponse identifier="RESPONSE_1409829649925"><customOperator definition="VARIABLESTRING" value="a+b" /></setCorrectResponse><setCorrectResponse identifier="RESPONSE_1409829638573"><customOperator definition="VARIABLESTRING" value="a-b" /></setCorrectResponse></templateProcessing><itemBody ><p>Vereinfachen Sie den folgenden Ausdruck soweit wie möglich.</p><p>$$\qquad\frac{xa+xb+ya+yb}{xa-xb+ya-yb} = \ldots = \frac{u}{v}$$</p><p> </p><p>Bitte ergänzen Sie die Lösung so, dass sowohl im Zähler als auch im Nenner <strong>keine Brüche</strong> und <strong>keine negativen Exponenten</strong> auftauchen!</p><p><strong>Lösung:</strong> \(\qquad u = \) <textEntryInteraction responseIdentifier="RESPONSE_1409829649925" expectedLength="5" class="maxima-formula show-latex" />, \(v = \) <textEntryInteraction responseIdentifier="RESPONSE_1409829638573" expectedLength="5" class="maxima-formula show-latex" /></p><p> </p><p>Hinweise zur Formeleingabe:</p><ul><li>Durch Klicken auf die ?-Schaltfläche können Sie Ihre Formel vor Speichern der Antwort zunächst überprüfen.</li><li>z.B. Lösung: \(\displaystyle\frac{9}{7z^3}\); Eingabe: \(u=\)9, \(v=\)7*z^3; <span style="text-decoration: underline;">nicht:</span> \(u=\) 9/7*z^-3, \(v=\) 1</li></ul></itemBody><responseProcessing><responseCondition><responseIf><customOperator definition="MAXIMA" value="is(equal(ev($(1)),ev($(2))));"><variable identifier="RESPONSE_1409829649925" /><correct identifier="RESPONSE_1409829649925" /></customOperator><setOutcomeValue identifier="SCORE"><sum><variable identifier="SCORE" /><baseValue baseType="float">0.5</baseValue></sum></setOutcomeValue></responseIf></responseCondition><responseCondition><responseIf><not><isNull><variable identifier="RESPONSE_1409829649925" /></isNull></not><setOutcomeValue identifier="FEEDBACKBASIC"><baseValue baseType="identifier">incorrect</baseValue></setOutcomeValue></responseIf></responseCondition><responseCondition><responseIf><customOperator definition="MAXIMA" value="is(equal(ev($(1)),ev($(2))));"><variable identifier="RESPONSE_1409829638573" /><correct identifier="RESPONSE_1409829638573" /></customOperator><setOutcomeValue identifier="SCORE"><sum><variable identifier="SCORE" /><baseValue baseType="float">0.5</baseValue></sum></setOutcomeValue></responseIf></responseCondition><responseCondition><responseIf><not><isNull><variable identifier="RESPONSE_1409829638573" /></isNull></not><setOutcomeValue identifier="FEEDBACKBASIC"><baseValue baseType="identifier">incorrect</baseValue></setOutcomeValue></responseIf></responseCondition><responseCondition><responseIf><and><not><match><variable identifier="FEEDBACKBASIC" /><baseValue baseType="identifier">empty</baseValue></match></not><equal toleranceMode="exact"><variable identifier="SCORE" /><variable identifier="MAXSCORE" /></equal></and><setOutcomeValue identifier="FEEDBACKBASIC"><baseValue baseType="identifier">correct</baseValue></setOutcomeValue></responseIf></responseCondition><responseCondition><responseIf><and><match><baseValue baseType="identifier">correct</baseValue><variable identifier="FEEDBACKBASIC" /></match></and><setOutcomeValue identifier="FEEDBACKMODAL"><multiple><variable identifier="FEEDBACKMODAL" /><baseValue baseType="identifier">Feedback437531935</baseValue></multiple></setOutcomeValue></responseIf></responseCondition><responseCondition><responseIf><and><match><baseValue baseType="identifier">incorrect</baseValue><variable identifier="FEEDBACKBASIC" /></match></and><setOutcomeValue identifier="FEEDBACKMODAL"><multiple><variable identifier="FEEDBACKMODAL" /><baseValue baseType="identifier">Feedback1031124828</baseValue></multiple></setOutcomeValue></responseIf></responseCondition></responseProcessing><modalFeedback  identifier="Feedback437531935" outcomeIdentifier="FEEDBACKMODAL" showHide="show" title="Richtig!"><p>Lösung:</p><p>$$\qquad\qquad\frac{xa+xb+ya+yb}{xa-xb+ya-yb} = \frac{a(x+y)+b(x+y)}{a(x+y)-b(x+y)} = \frac{(a+b)(x+y)}{(a-b)(x+y)} = \frac{a+b}{a-b}$$</p></modalFeedback><modalFeedback  identifier="Feedback1031124828" outcomeIdentifier="FEEDBACKMODAL" showHide="show" title="Leider falsch!"><p>Lösung:</p><p>$$\qquad\qquad\frac{xa+xb+ya+yb}{xa-xb+ya-yb} = \frac{a(x+y)+b(x+y)}{a(x+y)-b(x+y)} = \frac{(a+b)(x+y)}{(a-b)(x+y)} = \frac{a+b}{a-b}$$</p></modalFeedback></assessmentItem>
