<?xml version="1.0" encoding="UTF-8"?>
<assessmentItem xmlns="http://www.imsglobal.org/xsd/imsqti_v2p1" xmlns:xsi="http://www.w3.org/2001/XMLSchema-instance" xsi:schemaLocation="http://www.imsglobal.org/xsd/imsqti_v2p1 http://www.imsglobal.org/xsd/qti/qtiv2p1/imsqti_v2p1p1.xsd http://www.w3.org/1998/Math/MathML http://www.w3.org/Math/XMLSchema/mathml2/mathml2.xsd" identifier="ide33b9b01-3eb2-4078-91a1-ece9612fa904" title="Inverse 2x2" adaptive="false" timeDependent="false"><imsqti:responseDeclaration xmlns:imsqti="http://www.imsglobal.org/xsd/imsqti_v2p1" identifier="RESPONSE_1412616058970" cardinality="single" baseType="string" /><imsqti:responseDeclaration xmlns:imsqti="http://www.imsglobal.org/xsd/imsqti_v2p1" identifier="RESPONSE_1412620839737" cardinality="single" baseType="float"><imsqti:correctResponse><imsqti:value>0</imsqti:value></imsqti:correctResponse></imsqti:responseDeclaration><imsqti:responseDeclaration xmlns:imsqti="http://www.imsglobal.org/xsd/imsqti_v2p1" identifier="RESPONSE_1412620864364" cardinality="single" baseType="float"><imsqti:correctResponse><imsqti:value>0</imsqti:value></imsqti:correctResponse></imsqti:responseDeclaration><imsqti:outcomeDeclaration xmlns:imsqti="http://www.imsglobal.org/xsd/imsqti_v2p1" identifier="SCORE" cardinality="single" baseType="float"><imsqti:defaultValue><imsqti:value>0</imsqti:value></imsqti:defaultValue></imsqti:outcomeDeclaration><imsqti:outcomeDeclaration xmlns:imsqti="http://www.imsglobal.org/xsd/imsqti_v2p1" identifier="MAXSCORE" cardinality="single" baseType="float"><imsqti:defaultValue><imsqti:value>4</imsqti:value></imsqti:defaultValue></imsqti:outcomeDeclaration><imsqti:outcomeDeclaration xmlns:imsqti="http://www.imsglobal.org/xsd/imsqti_v2p1" identifier="FEEDBACKBASIC" cardinality="single" baseType="identifier" view="testConstructor"><imsqti:defaultValue><imsqti:value>empty</imsqti:value></imsqti:defaultValue></imsqti:outcomeDeclaration><imsqti:templateDeclaration xmlns:imsqti="http://www.imsglobal.org/xsd/imsqti_v2p1" identifier="a" cardinality="single" baseType="integer" /><imsqti:templateDeclaration xmlns:imsqti="http://www.imsglobal.org/xsd/imsqti_v2p1" identifier="d" cardinality="single" baseType="integer" /><imsqti:templateDeclaration xmlns:imsqti="http://www.imsglobal.org/xsd/imsqti_v2p1" identifier="b" cardinality="single" baseType="integer" /><imsqti:templateDeclaration xmlns:imsqti="http://www.imsglobal.org/xsd/imsqti_v2p1" identifier="x1" cardinality="single" baseType="integer" /><imsqti:templateDeclaration xmlns:imsqti="http://www.imsglobal.org/xsd/imsqti_v2p1" identifier="x2" cardinality="single" baseType="integer" /><imsqti:templateDeclaration xmlns:imsqti="http://www.imsglobal.org/xsd/imsqti_v2p1" identifier="r1" cardinality="single" baseType="integer" /><imsqti:templateDeclaration xmlns:imsqti="http://www.imsglobal.org/xsd/imsqti_v2p1" identifier="r2" cardinality="single" baseType="integer" /><imsqti:templateProcessing xmlns:imsqti="http://www.imsglobal.org/xsd/imsqti_v2p1"><imsqti:setTemplateValue identifier="a"><imsqti:randomInteger min="-5" max="5" /></imsqti:setTemplateValue><imsqti:setTemplateValue identifier="d"><imsqti:randomInteger min="-5" max="5" /></imsqti:setTemplateValue><imsqti:setTemplateValue identifier="b"><imsqti:customOperator definition="MAXIMA" value="float($(1)*$(2)-1);"><imsqti:variable identifier="a" /><imsqti:variable identifier="d" /></imsqti:customOperator></imsqti:setTemplateValue><imsqti:setTemplateValue identifier="x1"><imsqti:randomInteger min="-9" max="9" /></imsqti:setTemplateValue><imsqti:setTemplateValue identifier="x2"><imsqti:randomInteger min="-9" max="9" /></imsqti:setTemplateValue><imsqti:setTemplateValue identifier="r1"><imsqti:customOperator definition="MAXIMA" value="float($(1)*$(2)+$(3)*$(4));"><imsqti:variable identifier="a" /><imsqti:variable identifier="x1" /><imsqti:variable identifier="b" /><imsqti:variable identifier="x2" /></imsqti:customOperator></imsqti:setTemplateValue><imsqti:setTemplateValue identifier="r2"><imsqti:customOperator definition="MAXIMA" value="float($(1)+$(2)*$(3));"><imsqti:variable identifier="x1" /><imsqti:variable identifier="d" /><imsqti:variable identifier="x2" /></imsqti:customOperator></imsqti:setTemplateValue><imsqti:setCorrectResponse identifier="RESPONSE_1412616058970"><imsqti:customOperator definition="VARIABLESTRING" value="[ [ $(2), -$(3) ], [-1, $(1)] ]"><imsqti:variable identifier="a" /><imsqti:variable identifier="d" /><imsqti:variable identifier="b" /></imsqti:customOperator></imsqti:setCorrectResponse><imsqti:setCorrectResponse identifier="RESPONSE_1412620839737"><imsqti:variable identifier="x1" /></imsqti:setCorrectResponse><imsqti:setCorrectResponse identifier="RESPONSE_1412620864364"><imsqti:variable identifier="x2" /></imsqti:setCorrectResponse></imsqti:templateProcessing><itemBody ><p>Bestimmen Sie die Inverse der folgenden Matrix</p><p>$$ A=\begin{pmatrix} <printedVariable identifier="a" /> &amp; <printedVariable identifier="b" /> \\ 1 &amp; <printedVariable identifier="d" /> \end{pmatrix}$$</p><p>$$ A^{-1}=$$<textEntryInteraction responseIdentifier="RESPONSE_1412616058970" class="maxima-formula show-latex" /></p><p><em>      Hinweis: Die Eingabe einer Matrix erfolgt zeilenweise, die Einträge durch Kommas getrennt, und die Zeilen jeweils von</em> [ ]<em> Klammern umschlossen. </em></p><p><em>      Bsp.: Die korrekte Eingabe für $$\begin{pmatrix} 1&amp;2\\3&amp;4\end{pmatrix}$$ lautet </em>[ [ 1, 2 ], [ 3, 4 ] ]. Klick auf's ? bietet eine Syntaxprüfung.</p><p> Lösen Sie nun das Gleichungssystem</p><p>$$\begin{pmatrix} <printedVariable identifier="a" /> &amp; <printedVariable identifier="b" /> \\ 1 &amp; <printedVariable identifier="d" /> \end{pmatrix} \begin{pmatrix} x_1 \\ x_2\end{pmatrix} = \begin{pmatrix} <printedVariable identifier="r1" /> \\ <printedVariable identifier="r2" /> \end{pmatrix} $$</p><p>$$x_1=$$<textEntryInteraction responseIdentifier="RESPONSE_1412620839737" expectedLength="3" />,  $$x_2$$=<textEntryInteraction responseIdentifier="RESPONSE_1412620864364" expectedLength="3" /></p></itemBody><imsqti:responseProcessing xmlns:imsqti="http://www.imsglobal.org/xsd/imsqti_v2p1"><imsqti:responseCondition><imsqti:responseIf><imsqti:customOperator definition="MAXIMA" value="is(equal(ev($(1)),ev($(2))));"><imsqti:variable identifier="RESPONSE_1412616058970" /><imsqti:correct identifier="RESPONSE_1412616058970" /></imsqti:customOperator><imsqti:setOutcomeValue identifier="SCORE"><imsqti:sum><imsqti:variable identifier="SCORE" /><imsqti:baseValue baseType="float">2</imsqti:baseValue></imsqti:sum></imsqti:setOutcomeValue></imsqti:responseIf></imsqti:responseCondition><imsqti:responseCondition><imsqti:responseIf><imsqti:not><imsqti:isNull><imsqti:variable identifier="RESPONSE_1412616058970" /></imsqti:isNull></imsqti:not><imsqti:setOutcomeValue identifier="FEEDBACKBASIC"><imsqti:baseValue baseType="identifier">incorrect</imsqti:baseValue></imsqti:setOutcomeValue></imsqti:responseIf></imsqti:responseCondition><imsqti:responseCondition><imsqti:responseIf><imsqti:equal toleranceMode="exact"><imsqti:variable identifier="RESPONSE_1412620839737" /><imsqti:correct identifier="RESPONSE_1412620839737" /></imsqti:equal><imsqti:setOutcomeValue identifier="SCORE"><imsqti:sum><imsqti:variable identifier="SCORE" /><imsqti:baseValue baseType="float">1</imsqti:baseValue></imsqti:sum></imsqti:setOutcomeValue></imsqti:responseIf></imsqti:responseCondition><imsqti:responseCondition><imsqti:responseIf><imsqti:not><imsqti:isNull><imsqti:variable identifier="RESPONSE_1412620839737" /></imsqti:isNull></imsqti:not><imsqti:setOutcomeValue identifier="FEEDBACKBASIC"><imsqti:baseValue baseType="identifier">incorrect</imsqti:baseValue></imsqti:setOutcomeValue></imsqti:responseIf></imsqti:responseCondition><imsqti:responseCondition><imsqti:responseIf><imsqti:equal toleranceMode="exact"><imsqti:variable identifier="RESPONSE_1412620864364" /><imsqti:correct identifier="RESPONSE_1412620864364" /></imsqti:equal><imsqti:setOutcomeValue identifier="SCORE"><imsqti:sum><imsqti:variable identifier="SCORE" /><imsqti:baseValue baseType="float">1</imsqti:baseValue></imsqti:sum></imsqti:setOutcomeValue></imsqti:responseIf></imsqti:responseCondition><imsqti:responseCondition><imsqti:responseIf><imsqti:not><imsqti:isNull><imsqti:variable identifier="RESPONSE_1412620864364" /></imsqti:isNull></imsqti:not><imsqti:setOutcomeValue identifier="FEEDBACKBASIC"><imsqti:baseValue baseType="identifier">incorrect</imsqti:baseValue></imsqti:setOutcomeValue></imsqti:responseIf></imsqti:responseCondition><imsqti:responseCondition><imsqti:responseIf><imsqti:and><imsqti:not><imsqti:match><imsqti:variable identifier="FEEDBACKBASIC" /><imsqti:baseValue baseType="identifier">empty</imsqti:baseValue></imsqti:match></imsqti:not><imsqti:equal toleranceMode="exact"><imsqti:variable identifier="SCORE" /><imsqti:variable identifier="MAXSCORE" /></imsqti:equal></imsqti:and><imsqti:setOutcomeValue identifier="FEEDBACKBASIC"><imsqti:baseValue baseType="identifier">correct</imsqti:baseValue></imsqti:setOutcomeValue></imsqti:responseIf></imsqti:responseCondition></imsqti:responseProcessing></assessmentItem>
