<?xml version="1.0" encoding="UTF-8"?>
<assessmentItem xmlns="http://www.imsglobal.org/xsd/imsqti_v2p1" xmlns:xsi="http://www.w3.org/2001/XMLSchema-instance" xsi:schemaLocation="http://www.imsglobal.org/xsd/imsqti_v2p1 http://www.imsglobal.org/xsd/qti/qtiv2p1/imsqti_v2p1p1.xsd http://www.w3.org/1998/Math/MathML http://www.w3.org/Math/XMLSchema/mathml2/mathml2.xsd" identifier="id89ed63d5-380d-409c-802e-e3d5a909e5ff" title="mengenoperationen_intervalle_zuordnung_01" adaptive="false" timeDependent="false"><responseDeclaration identifier="RESPONSE_1" cardinality="multiple" baseType="directedPair"><correctResponse><value>id047b4647-7d5b-4d8c-abd3-3f3c89a0ce99 id2419aac4-b2f2-40fc-8624-ce28bb57dcef</value><value>idf0c49f1c-ee6b-4e59-839e-6be01f4ecd13 idaacc26c4-8ac4-417b-9460-bf111d55d9f7</value><value>id82efbc13-56dd-42d8-96ba-d7560f9616fd idbcca80b7-992f-4b88-92bc-b8c344d59381</value><value>id8953bd09-68da-44ca-86f7-e4f5d679e395 id086afe9c-2abd-45ab-8054-26a32c0c47d3</value></correctResponse><mapping defaultValue="0" lowerBound="0.0"><mapEntry mapKey="id8953bd09-68da-44ca-86f7-e4f5d679e395 id086afe9c-2abd-45ab-8054-26a32c0c47d3" mappedValue="0.5" /><mapEntry mapKey="id047b4647-7d5b-4d8c-abd3-3f3c89a0ce99 id2419aac4-b2f2-40fc-8624-ce28bb57dcef" mappedValue="0.5" /><mapEntry mapKey="idf0c49f1c-ee6b-4e59-839e-6be01f4ecd13 idaacc26c4-8ac4-417b-9460-bf111d55d9f7" mappedValue="0.5" /><mapEntry mapKey="id82efbc13-56dd-42d8-96ba-d7560f9616fd idbcca80b7-992f-4b88-92bc-b8c344d59381" mappedValue="0.5" /></mapping></responseDeclaration><outcomeDeclaration identifier="SCORE" cardinality="single" baseType="float"><defaultValue><value>0</value></defaultValue></outcomeDeclaration><outcomeDeclaration identifier="MAXSCORE" cardinality="single" baseType="float"><defaultValue><value>2</value></defaultValue></outcomeDeclaration><outcomeDeclaration identifier="FEEDBACKBASIC" cardinality="single" baseType="identifier" view="testConstructor"><defaultValue><value>empty</value></defaultValue></outcomeDeclaration><templateDeclaration identifier="a" cardinality="single" baseType="integer" /><templateDeclaration identifier="c" cardinality="single" baseType="integer" /><templateDeclaration identifier="b" cardinality="single" baseType="integer" /><templateDeclaration identifier="d" cardinality="single" baseType="integer" /><templateProcessing><setTemplateValue identifier="a"><randomInteger min="-20" max="-10" /></setTemplateValue><setTemplateValue identifier="c"><randomInteger min="-9" max="0" /></setTemplateValue><setTemplateValue identifier="b"><randomInteger min="1" max="10" /></setTemplateValue><setTemplateValue identifier="d"><randomInteger min="11" max="20" /></setTemplateValue></templateProcessing><itemBody ><p>Gegeben seien die Mengen \(A=[<printedVariable identifier="a" />,<printedVariable identifier="b" />)\) und \(B=(<printedVariable identifier="c" />,<printedVariable identifier="d" />]\).</p><p>Ordnen Sie die Paare einander zu!</p><matchInteraction responseIdentifier="RESPONSE_1" shuffle="true" maxAssociations="0"><simpleMatchSet><simpleAssociableChoice identifier="id8953bd09-68da-44ca-86f7-e4f5d679e395" fixed="false" matchMax="1"><p>\([<printedVariable identifier="a" />,<printedVariable identifier="d" />]\)</p></simpleAssociableChoice><simpleAssociableChoice identifier="id047b4647-7d5b-4d8c-abd3-3f3c89a0ce99" fixed="false" matchMax="1"><p>\((<printedVariable identifier="c" />,<printedVariable identifier="b" />)\)</p></simpleAssociableChoice><simpleAssociableChoice identifier="idf0c49f1c-ee6b-4e59-839e-6be01f4ecd13" fixed="false" matchMax="1"><p>\([<printedVariable identifier="a" />,<printedVariable identifier="c" />]\)</p></simpleAssociableChoice><simpleAssociableChoice identifier="id82efbc13-56dd-42d8-96ba-d7560f9616fd" fixed="false" matchMax="1"><p>\([<printedVariable identifier="b" />,<printedVariable identifier="d" />]\)</p></simpleAssociableChoice><simpleAssociableChoice identifier="id9a88b2a4-1f12-4ad6-86e9-af146c5c12a2" fixed="false" matchMax="1"><p>\([<printedVariable identifier="a" />,<printedVariable identifier="c" />)\)</p></simpleAssociableChoice><simpleAssociableChoice identifier="idfd1b51a3-2a26-4df3-9dc3-7fa733d18c32" fixed="false" matchMax="1"><p>\((<printedVariable identifier="b" />,<printedVariable identifier="d" />]\)</p></simpleAssociableChoice><simpleAssociableChoice identifier="idf1709c20-5965-46e3-a25e-4f81caf7d90c" fixed="false" matchMax="1"><p>\([<printedVariable identifier="c" />,<printedVariable identifier="b" />]\)</p></simpleAssociableChoice><simpleAssociableChoice identifier="idbe92f0dc-9809-467a-a90d-0b2a83066d67" fixed="false" matchMax="1"><p>\((-\infty,<printedVariable identifier="c" />]\)</p></simpleAssociableChoice><simpleAssociableChoice identifier="id82c62586-5215-4127-b8a9-bbff938b81fd" fixed="false" matchMax="1"><p>\([<printedVariable identifier="b" />,\infty)\)</p></simpleAssociableChoice></simpleMatchSet><simpleMatchSet><simpleAssociableChoice identifier="id086afe9c-2abd-45ab-8054-26a32c0c47d3" fixed="false" matchMax="1"><p>\(A\cup B\)</p></simpleAssociableChoice><simpleAssociableChoice identifier="id2419aac4-b2f2-40fc-8624-ce28bb57dcef" fixed="false" matchMax="1"><p>\(A\cap B\)</p></simpleAssociableChoice><simpleAssociableChoice identifier="idaacc26c4-8ac4-417b-9460-bf111d55d9f7" fixed="false" matchMax="1"><p>\(A\setminus B\)</p></simpleAssociableChoice><simpleAssociableChoice identifier="idbcca80b7-992f-4b88-92bc-b8c344d59381" fixed="false" matchMax="1"><p>\(B\setminus A\)</p></simpleAssociableChoice></simpleMatchSet></matchInteraction></itemBody><responseProcessing><responseCondition><responseIf><not><isNull><variable identifier="RESPONSE_1" /></isNull></not><setOutcomeValue identifier="SCORE"><sum><variable identifier="SCORE" /><mapResponse identifier="RESPONSE_1" /></sum></setOutcomeValue><setOutcomeValue identifier="FEEDBACKBASIC"><baseValue baseType="identifier">incorrect</baseValue></setOutcomeValue></responseIf></responseCondition><responseCondition><responseIf><and><not><match><variable identifier="FEEDBACKBASIC" /><baseValue baseType="identifier">empty</baseValue></match></not><equal toleranceMode="exact"><variable identifier="SCORE" /><variable identifier="MAXSCORE" /></equal></and><setOutcomeValue identifier="FEEDBACKBASIC"><baseValue baseType="identifier">correct</baseValue></setOutcomeValue></responseIf></responseCondition></responseProcessing></assessmentItem>
