<?xml version="1.0" encoding="UTF-8"?>
<assessmentItem xmlns="http://www.imsglobal.org/xsd/imsqti_v2p1" xmlns:xsi="http://www.w3.org/2001/XMLSchema-instance" xsi:schemaLocation="http://www.imsglobal.org/xsd/imsqti_v2p1 http://www.imsglobal.org/xsd/qti/qtiv2p1/imsqti_v2p1p1.xsd http://www.w3.org/1998/Math/MathML http://www.w3.org/Math/XMLSchema/mathml2/mathml2.xsd" identifier="id25a4b780-7bc2-468a-91d3-ba0d20a3a80a" title="TheoremCauchyFirstApplication" adaptive="false" timeDependent="false"><responseDeclaration identifier="RESPONSE_1415980789602" cardinality="single" baseType="string" /><outcomeDeclaration identifier="SCORE" cardinality="single" baseType="float"><defaultValue><value>0</value></defaultValue></outcomeDeclaration><outcomeDeclaration identifier="MAXSCORE" cardinality="single" baseType="float"><defaultValue><value>3</value></defaultValue></outcomeDeclaration><outcomeDeclaration identifier="FEEDBACKBASIC" cardinality="single" baseType="identifier" view="testConstructor"><defaultValue><value>empty</value></defaultValue></outcomeDeclaration><outcomeDeclaration identifier="FEEDBACKMODAL" cardinality="multiple" baseType="identifier" view="testConstructor" /><templateDeclaration identifier="var1" cardinality="single" baseType="integer" /><templateDeclaration identifier="var2" cardinality="single" baseType="integer" /><templateDeclaration identifier="solution" cardinality="single" baseType="integer" /><templateDeclaration identifier="a" cardinality="single" baseType="integer" /><templateDeclaration identifier="b" cardinality="single" baseType="integer" /><templateDeclaration identifier="2a" cardinality="single" baseType="integer" /><templateDeclaration identifier="2b" cardinality="single" baseType="integer" /><templateProcessing><setTemplateValue identifier="var1"><randomInteger min="1" max="10" /></setTemplateValue><setTemplateValue identifier="var2"><randomInteger min="1" max="10" /></setTemplateValue><setTemplateValue identifier="solution"><customOperator definition="MAXIMA" value="float($(1)+$(2));"><variable identifier="var1" /><variable identifier="var2" /></customOperator></setTemplateValue><setTemplateValue identifier="a"><randomInteger min="-5" max="5" /></setTemplateValue><setTemplateValue identifier="b"><randomInteger min="1" max="5" /></setTemplateValue><templateCondition><templateIf><match><variable identifier="a" /><baseValue baseType="integer">0</baseValue></match><setTemplateValue identifier="a"><randomInteger min="1" max="6" /></setTemplateValue></templateIf></templateCondition><setTemplateValue identifier="2a"><customOperator definition="MAXIMA" value="float(-2*$(1));"><variable identifier="a" /></customOperator></setTemplateValue><setTemplateValue identifier="2b"><customOperator definition="MAXIMA" value="float(2*$(1));"><variable identifier="b" /></customOperator></setTemplateValue><setCorrectResponse identifier="RESPONSE_1415980789602"><customOperator definition="VARIABLESTRING" value="$(1)*%i*%pi-$(2)*%pi"><variable identifier="2a" /><variable identifier="2b" /></customOperator></setCorrectResponse></templateProcessing><itemBody ><p>Look at the red closed contour in the complex plane beginning from \(A(-4,0)\) to \(B(0,4)\) to \(C(4,0)\) to \(D(0,-4)\) and back to \(A \)as in the diagramm below.</p><p>Consider the function $$ f: \mathbb C\backslash \{0\} \to \mathbb C, z \mapsto \frac{<printedVariable identifier="a" />-<printedVariable identifier="b" />\cdot \mathbb i}{z}$$.</p><p>Compute the contour integral $$\int_{\gamma} f $$:</p><p><img src="media%2Fmedium834266493650860392FirstApplicationCauchyTheorem_png" alt="" width="700" height="500" /></p><p>$$\int_{\gamma} f $$ = <textEntryInteraction responseIdentifier="RESPONSE_1415980789602" expectedLength="7" class="maxima-formula show-latex show-syntax-error" /></p><p> Syntax:</p><p>%i for i</p><p>%pi for \( \pi\)</p><p>* for any multiplication</p></itemBody><responseProcessing><responseCondition><responseIf><customOperator definition="MAXIMA" value="is(equal(ev($(1)),ev($(2))));"><variable identifier="RESPONSE_1415980789602" /><correct identifier="RESPONSE_1415980789602" /></customOperator><setOutcomeValue identifier="SCORE"><sum><variable identifier="SCORE" /><baseValue baseType="float">3</baseValue></sum></setOutcomeValue></responseIf></responseCondition><responseCondition><responseIf><not><isNull><variable identifier="RESPONSE_1415980789602" /></isNull></not><setOutcomeValue identifier="FEEDBACKBASIC"><baseValue baseType="identifier">incorrect</baseValue></setOutcomeValue></responseIf></responseCondition><responseCondition><responseIf><and><not><match><variable identifier="FEEDBACKBASIC" /><baseValue baseType="identifier">empty</baseValue></match></not><equal toleranceMode="exact"><variable identifier="SCORE" /><variable identifier="MAXSCORE" /></equal></and><setOutcomeValue identifier="FEEDBACKBASIC"><baseValue baseType="identifier">correct</baseValue></setOutcomeValue></responseIf></responseCondition><responseCondition><responseIf><and><match><baseValue baseType="identifier">incorrect</baseValue><variable identifier="FEEDBACKBASIC" /></match></and><setOutcomeValue identifier="FEEDBACKMODAL"><multiple><variable identifier="FEEDBACKMODAL" /><baseValue baseType="identifier">Feedback399403326</baseValue></multiple></setOutcomeValue></responseIf></responseCondition></responseProcessing><modalFeedback  identifier="Feedback399403326" outcomeIdentifier="FEEDBACKMODAL" showHide="show"><p>Note, that the red contour runs clock wise.</p><p>Find a suitable contour \( \gamma_1\) such that the contour integral over it will be more easy to calculate and identical with the original integral over \( \gamma\).</p></modalFeedback></assessmentItem>
