<?xml version="1.0" encoding="UTF-8"?>
<assessmentItem xmlns="http://www.imsglobal.org/xsd/imsqti_v2p1" xmlns:xsi="http://www.w3.org/2001/XMLSchema-instance" xsi:schemaLocation="http://www.imsglobal.org/xsd/imsqti_v2p1 imsqti_v2p1.xsd" identifier="idf05cb9a8-08d0-4694-9e7c-93a611b8bdb1" title="11. Grundlagen Projektmanagement" adaptive="false" timeDependent="false"><responseDeclaration identifier="id1d7a6c1f-551f-41f9-a7e6-501a875a1325" cardinality="single" baseType="float"><correctResponse><value>69001</value></correctResponse></responseDeclaration><outcomeDeclaration identifier="SCORE" cardinality="single" baseType="float"><defaultValue><value>0</value></defaultValue></outcomeDeclaration><outcomeDeclaration identifier="MAXSCORE" cardinality="single" baseType="float"><defaultValue><value>1</value></defaultValue></outcomeDeclaration><outcomeDeclaration identifier="FEEDBACKBASIC" cardinality="single" baseType="identifier" view="testConstructor"><defaultValue><value>empty</value></defaultValue></outcomeDeclaration><itemBody><p xmlns=""><strong>Geben Sie die Nummer der DIN zum Projektmanagement an. </strong></p><p xmlns=""> </p><p xmlns=""> </p><p xmlns=""><strong>Antwort: DIN</strong> <textEntryInteraction xmlns="http://www.imsglobal.org/xsd/imsqti_v2p1" responseIdentifier="id1d7a6c1f-551f-41f9-a7e6-501a875a1325" /></p></itemBody><responseProcessing><responseCondition><responseIf><equal toleranceMode="exact"><variable identifier="id1d7a6c1f-551f-41f9-a7e6-501a875a1325" /><correct identifier="id1d7a6c1f-551f-41f9-a7e6-501a875a1325" /></equal><setOutcomeValue identifier="SCORE"><sum><variable identifier="SCORE" /><baseValue baseType="float">1</baseValue></sum></setOutcomeValue></responseIf></responseCondition><responseCondition><responseIf><not><isNull><variable identifier="id1d7a6c1f-551f-41f9-a7e6-501a875a1325" /></isNull></not><setOutcomeValue identifier="FEEDBACKBASIC"><baseValue baseType="identifier">incorrect</baseValue></setOutcomeValue></responseIf></responseCondition><responseCondition><responseIf><and><not><match><variable identifier="FEEDBACKBASIC" /><baseValue baseType="identifier">empty</baseValue></match></not><equal toleranceMode="exact"><variable identifier="SCORE" /><variable identifier="MAXSCORE" /></equal></and><setOutcomeValue identifier="FEEDBACKBASIC"><baseValue baseType="identifier">correct</baseValue></setOutcomeValue></responseIf></responseCondition></responseProcessing></assessmentItem>
