<?xml version="1.0" encoding="UTF-8"?>
<assessmentItem xmlns="http://www.imsglobal.org/xsd/imsqti_v2p1" xmlns:xsi="http://www.w3.org/2001/XMLSchema-instance" xsi:schemaLocation="http://www.imsglobal.org/xsd/imsqti_v2p1 imsqti_v2p1.xsd" identifier="id8398bfee-fdfa-4607-8b9f-9a6c5951cb16" title="20. Grundlagen Projektmanagement" adaptive="false" timeDependent="false"><responseDeclaration identifier="RESPONSE_1" cardinality="multiple" baseType="identifier"><correctResponse><value>idc62d0b70-77d9-42b0-9df9-f85aa7a6cbd2</value></correctResponse><mapping defaultValue="0" lowerBound="0.0"><mapEntry mapKey="idc62d0b70-77d9-42b0-9df9-f85aa7a6cbd2" mappedValue="1.0" /><mapEntry mapKey="idbc493c1d-3eed-4f00-9d1d-9536c13d8ac1" mappedValue="-1.0" /><mapEntry mapKey="ida13c4b89-3b02-47ae-81b7-5ac129636222" mappedValue="-1.0" /><mapEntry mapKey="id83d0dfeb-46ee-444c-b21e-f23319239c5a" mappedValue="-1.0" /><mapEntry mapKey="id214207ad-687d-4ec4-a942-649619faaefe" mappedValue="-1.0" /><mapEntry mapKey="id4a58c89b-3278-4641-b009-4871db74d89d" mappedValue="-1.0" /></mapping></responseDeclaration><outcomeDeclaration identifier="SCORE" cardinality="single" baseType="float"><defaultValue><value>0</value></defaultValue></outcomeDeclaration><outcomeDeclaration identifier="MAXSCORE" cardinality="single" baseType="float"><defaultValue><value>1</value></defaultValue></outcomeDeclaration><outcomeDeclaration identifier="FEEDBACKBASIC" cardinality="single" baseType="identifier" view="testConstructor"><defaultValue><value>empty</value></defaultValue></outcomeDeclaration><itemBody><p xmlns=""><strong>Was ist der kritische Pfad in Bezug auf das Projektmanagement?</strong></p><p xmlns="">(Klicken Sie die richtige(n) Antwort(en) an)</p><p xmlns=""> </p><p xmlns=""> </p><p xmlns=""><strong>Antwort:</strong></p><choiceInteraction responseIdentifier="RESPONSE_1" shuffle="true" maxChoices="0"><simpleChoice identifier="idc62d0b70-77d9-42b0-9df9-f85aa7a6cbd2"><p xmlns="">Die Folge der Vorgänge in einem Projekt, die die Mindestprojektdauer bestimmen</p></simpleChoice><simpleChoice identifier="idbc493c1d-3eed-4f00-9d1d-9536c13d8ac1"><p xmlns="">Die Folge der Vorgänge in einem Projekt, die mit einem Risiko verbunden sind</p></simpleChoice><simpleChoice identifier="ida13c4b89-3b02-47ae-81b7-5ac129636222"><p xmlns="">Die Vorgänge in einem Projekt, bei denen noch nicht entschieden ist, wer sie bearbeiten soll, so dass dies zu einem kritischen Faktor werden kann</p></simpleChoice><simpleChoice identifier="id83d0dfeb-46ee-444c-b21e-f23319239c5a"><p xmlns="">Alle Vorgänge in einem Projekt, die kritisch für den Projekterfolg sind</p></simpleChoice><simpleChoice identifier="id214207ad-687d-4ec4-a942-649619faaefe"><p xmlns="">Die Folge der Vorgänge in einem Projekt, die die Projekthöchstdauer bestimmen</p></simpleChoice><simpleChoice identifier="id4a58c89b-3278-4641-b009-4871db74d89d"><p xmlns="">Die Vorgänge in einem Projekt, bei denen noch nicht entschieden ist, was passiert wenn sie eintreten</p></simpleChoice></choiceInteraction></itemBody><responseProcessing><responseCondition><responseIf><not><isNull><variable identifier="RESPONSE_1" /></isNull></not><setOutcomeValue identifier="SCORE"><sum><variable identifier="SCORE" /><mapResponse identifier="RESPONSE_1" /></sum></setOutcomeValue><setOutcomeValue identifier="FEEDBACKBASIC"><baseValue baseType="identifier">incorrect</baseValue></setOutcomeValue></responseIf></responseCondition><responseCondition><responseIf><and><not><match><variable identifier="FEEDBACKBASIC" /><baseValue baseType="identifier">empty</baseValue></match></not><equal toleranceMode="exact"><variable identifier="SCORE" /><variable identifier="MAXSCORE" /></equal></and><setOutcomeValue identifier="FEEDBACKBASIC"><baseValue baseType="identifier">correct</baseValue></setOutcomeValue></responseIf></responseCondition></responseProcessing></assessmentItem>
