<?xml version="1.0" encoding="UTF-8"?>
<assessmentItem xmlns="http://www.imsglobal.org/xsd/imsqti_v2p1" xmlns:xsi="http://www.w3.org/2001/XMLSchema-instance" xsi:schemaLocation="http://www.imsglobal.org/xsd/imsqti_v2p1 http://www.imsglobal.org/xsd/qti/qtiv2p1/imsqti_v2p1p1.xsd http://www.w3.org/1998/Math/MathML http://www.w3.org/Math/XMLSchema/mathml2/mathml2.xsd" identifier="id59fe5ea5-c892-43d4-bc51-751b6b0fb19d" title="InterpolationspolynomNewtonGrad3" adaptive="false" timeDependent="false"><responseDeclaration identifier="RESPONSE_1406806989082" cardinality="single" baseType="float"><correctResponse><value>0</value></correctResponse></responseDeclaration><responseDeclaration identifier="RESPONSE_1406807010376" cardinality="single" baseType="float"><correctResponse><value>0</value></correctResponse></responseDeclaration><responseDeclaration identifier="RESPONSE_1406807051619" cardinality="single" baseType="float"><correctResponse><value>0</value></correctResponse></responseDeclaration><responseDeclaration identifier="RESPONSE_1406807152594" cardinality="single" baseType="float"><correctResponse><value>0</value></correctResponse></responseDeclaration><responseDeclaration identifier="RESPONSE_1408345447652" cardinality="single" baseType="float"><correctResponse><value>0</value></correctResponse></responseDeclaration><outcomeDeclaration identifier="SCORE" cardinality="single" baseType="float"><defaultValue><value>0</value></defaultValue></outcomeDeclaration><outcomeDeclaration identifier="MAXSCORE" cardinality="single" baseType="float"><defaultValue><value>5</value></defaultValue></outcomeDeclaration><outcomeDeclaration identifier="FEEDBACKBASIC" cardinality="single" baseType="identifier" view="testConstructor"><defaultValue><value>empty</value></defaultValue></outcomeDeclaration><outcomeDeclaration identifier="FEEDBACKMODAL" cardinality="multiple" baseType="identifier" view="testConstructor" /><templateDeclaration identifier="x0" cardinality="single" baseType="integer" /><templateDeclaration identifier="x1" cardinality="single" baseType="integer" /><templateDeclaration identifier="x2" cardinality="single" baseType="integer" /><templateDeclaration identifier="x3" cardinality="single" baseType="integer" /><templateDeclaration identifier="y1" cardinality="single" baseType="integer" /><templateDeclaration identifier="y0" cardinality="single" baseType="integer" /><templateDeclaration identifier="y2" cardinality="single" baseType="integer" /><templateDeclaration identifier="y3" cardinality="single" baseType="integer" /><templateDeclaration identifier="a0" cardinality="single" baseType="float" /><templateDeclaration identifier="a1" cardinality="single" baseType="float" /><templateDeclaration identifier="a12" cardinality="single" baseType="float" /><templateDeclaration identifier="a13" cardinality="single" baseType="float" /><templateDeclaration identifier="a2" cardinality="single" baseType="float" /><templateDeclaration identifier="a22" cardinality="single" baseType="float" /><templateDeclaration identifier="a3" cardinality="single" baseType="float" /><templateDeclaration identifier="x" cardinality="single" baseType="integer" /><templateDeclaration identifier="px" cardinality="single" baseType="float" /><templateProcessing><setTemplateValue identifier="x0"><randomInteger min="-4" max="5" /></setTemplateValue><setTemplateValue identifier="x1"><customOperator definition="MAXIMA" value="float($(1)+1);"><variable identifier="x0" /></customOperator></setTemplateValue><setTemplateValue identifier="x2"><customOperator definition="MAXIMA" value="float($(1)+2);"><variable identifier="x1" /></customOperator></setTemplateValue><setTemplateValue identifier="x3"><customOperator definition="MAXIMA" value="float($(1)+3);"><variable identifier="x1" /></customOperator></setTemplateValue><setTemplateValue identifier="y1"><randomInteger min="-5" max="3" /></setTemplateValue><setTemplateValue identifier="y0"><customOperator definition="MAXIMA" value="float($(1)+2);"><variable identifier="y1" /></customOperator></setTemplateValue><setTemplateValue identifier="y2"><customOperator definition="MAXIMA" value="float($(1)-1);"><variable identifier="y1" /></customOperator></setTemplateValue><setTemplateValue identifier="y3"><customOperator definition="MAXIMA" value="float($(1)+1);"><variable identifier="y1" /></customOperator></setTemplateValue><setTemplateValue identifier="a0"><customOperator definition="MAXIMA" value="float($(1));"><variable identifier="y0" /></customOperator></setTemplateValue><setTemplateValue identifier="a1"><customOperator definition="MAXIMA" value="float(($(1)-$(2))/($(3)-$(4)));"><variable identifier="y1" /><variable identifier="y0" /><variable identifier="x1" /><variable identifier="x0" /></customOperator></setTemplateValue><setTemplateValue identifier="a12"><customOperator definition="MAXIMA" value="float(($(1)-$(2))/($(3)-$(4)));"><variable identifier="y2" /><variable identifier="y1" /><variable identifier="x2" /><variable identifier="x1" /></customOperator></setTemplateValue><setTemplateValue identifier="a13"><customOperator definition="MAXIMA" value="float(($(1)-$(2))/($(3)-$(4)));"><variable identifier="y3" /><variable identifier="y2" /><variable identifier="x3" /><variable identifier="x2" /></customOperator></setTemplateValue><setTemplateValue identifier="a2"><customOperator definition="MAXIMA" value="float(($(1)-$(2))/($(3)-$(4)));"><variable identifier="a12" /><variable identifier="a1" /><variable identifier="x2" /><variable identifier="x0" /></customOperator></setTemplateValue><setTemplateValue identifier="a22"><customOperator definition="MAXIMA" value="float(($(1)-$(2))/($(3)-$(4)));"><variable identifier="a13" /><variable identifier="a12" /><variable identifier="x3" /><variable identifier="x1" /></customOperator></setTemplateValue><setTemplateValue identifier="a3"><customOperator definition="MAXIMA" value="float(($(1)-$(2))/($(3)-$(4)));"><variable identifier="a22" /><variable identifier="a2" /><variable identifier="x3" /><variable identifier="x0" /></customOperator></setTemplateValue><setTemplateValue identifier="x"><randomInteger min="-3" max="3" /></setTemplateValue><setTemplateValue identifier="px"><customOperator definition="MAXIMA" value="float($(1)+$(2)*($(3)-$(4))+$(5)*($(6)-$(7))*($(8)-$(9))+$(10)*($(11)-$(12))*($(13)-$(14))*($(15)-$(16)));"><variable identifier="a0" /><variable identifier="a1" /><variable identifier="x" /><variable identifier="x0" /><variable identifier="a2" /><variable identifier="x" /><variable identifier="x0" /><variable identifier="x" /><variable identifier="x1" /><variable identifier="a3" /><variable identifier="x" /><variable identifier="x0" /><variable identifier="x" /><variable identifier="x1" /><variable identifier="x" /><variable identifier="x2" /></customOperator></setTemplateValue><setCorrectResponse identifier="RESPONSE_1406806989082"><variable identifier="a0" /></setCorrectResponse><setCorrectResponse identifier="RESPONSE_1406807010376"><variable identifier="a1" /></setCorrectResponse><setCorrectResponse identifier="RESPONSE_1406807051619"><variable identifier="a2" /></setCorrectResponse><setCorrectResponse identifier="RESPONSE_1406807152594"><variable identifier="a3" /></setCorrectResponse><setCorrectResponse identifier="RESPONSE_1408345447652"><variable identifier="px" /></setCorrectResponse></templateProcessing><itemBody ><p><p>Gegeben seien folgende Stützstellen \(x_i\) und Stützwerte \(y_i\). Berechne das Interpolationspolynom p(x) nach Newton zu diesen Stützstellen/Stützwerten.</p><p>Berechne zusätzlich den Wert, den das Polynom an der Stelle <printedVariable identifier="x" /> liefert.</p><p>\( \begin{array}{cccc}x_0&amp;x_1 &amp;x_2 &amp;x_3 \\ <printedVariable identifier="x0" />&amp;<printedVariable identifier="x1" /> &amp;<printedVariable identifier="x2" /> &amp;<printedVariable identifier="x3" /> \\  y_0&amp;y_1 &amp;y_2&amp; y_3 \\ <printedVariable identifier="y0" />&amp;<printedVariable identifier="y1" /> &amp;<printedVariable identifier="y2" />&amp; <printedVariable identifier="y3" /> \\ \end{array}\)  </p><p>Das zugehörige Newton Interpolationspolynom ist:</p><p>P(x) = <textEntryInteraction responseIdentifier="RESPONSE_1406806989082" /> + <textEntryInteraction responseIdentifier="RESPONSE_1406807010376" /> \( (x - x_0)\) + <textEntryInteraction responseIdentifier="RESPONSE_1406807051619" /> \( ( x - x_0) ( x - x_1) \) + <textEntryInteraction responseIdentifier="RESPONSE_1406807152594" /> \( ( x - x_0) ( x - x_1) ( x - x_2)\)</p><p>p(<printedVariable identifier="x" />) = <textEntryInteraction responseIdentifier="RESPONSE_1408345447652" /></p></p></itemBody><responseProcessing><responseCondition><responseIf><equal toleranceMode="exact"><variable identifier="RESPONSE_1406806989082" /><correct identifier="RESPONSE_1406806989082" /></equal><setOutcomeValue identifier="SCORE"><sum><variable identifier="SCORE" /><baseValue baseType="float">1</baseValue></sum></setOutcomeValue></responseIf></responseCondition><responseCondition><responseIf><not><isNull><variable identifier="RESPONSE_1406806989082" /></isNull></not><setOutcomeValue identifier="FEEDBACKBASIC"><baseValue baseType="identifier">incorrect</baseValue></setOutcomeValue></responseIf></responseCondition><responseCondition><responseIf><equal toleranceMode="absolute" tolerance="0.1 0.1" includeLowerBound="true" includeUpperBound="true"><variable identifier="RESPONSE_1406807010376" /><correct identifier="RESPONSE_1406807010376" /></equal><setOutcomeValue identifier="SCORE"><sum><variable identifier="SCORE" /><baseValue baseType="float">1</baseValue></sum></setOutcomeValue></responseIf></responseCondition><responseCondition><responseIf><not><isNull><variable identifier="RESPONSE_1406807010376" /></isNull></not><setOutcomeValue identifier="FEEDBACKBASIC"><baseValue baseType="identifier">incorrect</baseValue></setOutcomeValue></responseIf></responseCondition><responseCondition><responseIf><equal toleranceMode="absolute" tolerance="0.1 0.1" includeLowerBound="true" includeUpperBound="true"><variable identifier="RESPONSE_1406807051619" /><correct identifier="RESPONSE_1406807051619" /></equal><setOutcomeValue identifier="SCORE"><sum><variable identifier="SCORE" /><baseValue baseType="float">1</baseValue></sum></setOutcomeValue></responseIf></responseCondition><responseCondition><responseIf><not><isNull><variable identifier="RESPONSE_1406807051619" /></isNull></not><setOutcomeValue identifier="FEEDBACKBASIC"><baseValue baseType="identifier">incorrect</baseValue></setOutcomeValue></responseIf></responseCondition><responseCondition><responseIf><equal toleranceMode="absolute" tolerance="0.1 0.1" includeLowerBound="true" includeUpperBound="true"><variable identifier="RESPONSE_1406807152594" /><correct identifier="RESPONSE_1406807152594" /></equal><setOutcomeValue identifier="SCORE"><sum><variable identifier="SCORE" /><baseValue baseType="float">1</baseValue></sum></setOutcomeValue></responseIf></responseCondition><responseCondition><responseIf><not><isNull><variable identifier="RESPONSE_1406807152594" /></isNull></not><setOutcomeValue identifier="FEEDBACKBASIC"><baseValue baseType="identifier">incorrect</baseValue></setOutcomeValue></responseIf></responseCondition><responseCondition><responseIf><equal toleranceMode="absolute" tolerance="0.1 0.1" includeLowerBound="true" includeUpperBound="true"><variable identifier="RESPONSE_1408345447652" /><correct identifier="RESPONSE_1408345447652" /></equal><setOutcomeValue identifier="SCORE"><sum><variable identifier="SCORE" /><baseValue baseType="float">1</baseValue></sum></setOutcomeValue></responseIf></responseCondition><responseCondition><responseIf><not><isNull><variable identifier="RESPONSE_1408345447652" /></isNull></not><setOutcomeValue identifier="FEEDBACKBASIC"><baseValue baseType="identifier">incorrect</baseValue></setOutcomeValue></responseIf></responseCondition><responseCondition><responseIf><and><not><match><variable identifier="FEEDBACKBASIC" /><baseValue baseType="identifier">empty</baseValue></match></not><equal toleranceMode="exact"><variable identifier="SCORE" /><variable identifier="MAXSCORE" /></equal></and><setOutcomeValue identifier="FEEDBACKBASIC"><baseValue baseType="identifier">correct</baseValue></setOutcomeValue></responseIf></responseCondition><responseCondition><responseIf><and><match><baseValue baseType="identifier">incorrect</baseValue><variable identifier="FEEDBACKBASIC" /></match></and><setOutcomeValue identifier="FEEDBACKMODAL"><multiple><variable identifier="FEEDBACKMODAL" /><baseValue baseType="identifier">Feedback1290785403</baseValue></multiple></setOutcomeValue></responseIf></responseCondition></responseProcessing><modalFeedback  identifier="Feedback1290785403" outcomeIdentifier="FEEDBACKMODAL" showHide="show"><p>Lesen Sie im Papula das entsprechende Kapitel zu Interpolationspolynomen.</p></modalFeedback></assessmentItem>
