<?xml version="1.0" encoding="UTF-8"?>
<assessmentItem xmlns="http://www.imsglobal.org/xsd/imsqti_v2p1" xmlns:xsi="http://www.w3.org/2001/XMLSchema-instance" xsi:schemaLocation="http://www.imsglobal.org/xsd/imsqti_v2p1 http://www.imsglobal.org/xsd/qti/qtiv2p1/imsqti_v2p1p1.xsd http://www.w3.org/1998/Math/MathML http://www.w3.org/Math/XMLSchema/mathml2/mathml2.xsd" identifier="id1abaebd1-c56f-4eb1-bf83-5ae53ae7b0bd" title="Kurvenintegral4" adaptive="false" timeDependent="false"><responseDeclaration identifier="RESPONSE_1415961626480" cardinality="single" baseType="string" /><outcomeDeclaration identifier="SCORE" cardinality="single" baseType="float"><defaultValue><value>0</value></defaultValue></outcomeDeclaration><outcomeDeclaration identifier="MAXSCORE" cardinality="single" baseType="float"><defaultValue><value>3</value></defaultValue></outcomeDeclaration><outcomeDeclaration identifier="FEEDBACKBASIC" cardinality="single" baseType="identifier" view="testConstructor"><defaultValue><value>empty</value></defaultValue></outcomeDeclaration><templateDeclaration identifier="k" cardinality="single" baseType="integer" /><templateDeclaration identifier="r" cardinality="single" baseType="integer" /><templateDeclaration identifier="n" cardinality="single" baseType="integer" /><templateDeclaration identifier="k1" cardinality="single" baseType="integer" /><templateDeclaration identifier="rk" cardinality="single" baseType="float" /><templateDeclaration identifier="ktest" cardinality="single" baseType="integer" /><templateDeclaration identifier="im" cardinality="single" baseType="integer" /><templateDeclaration identifier="nom" cardinality="single" baseType="integer" /><templateProcessing><setTemplateValue identifier="k"><randomInteger min="1" max="6" /></setTemplateValue><setTemplateValue identifier="r"><randomInteger min="1" max="6" /></setTemplateValue><setTemplateValue identifier="n"><randomInteger min="1" max="6" /></setTemplateValue><setTemplateValue identifier="k1"><customOperator definition="MAXIMA" value="float($(1)-1);"><variable identifier="k" /></customOperator></setTemplateValue><setTemplateValue identifier="rk"><customOperator definition="MAXIMA" value="float($(1)^($(2)-1)*$(3));"><variable identifier="r" /><variable identifier="k" /><variable identifier="k1" /></customOperator></setTemplateValue><setTemplateValue identifier="ktest"><customOperator definition="MAXIMA" value="float(divide($(1)*$(2),2)[2]);"><variable identifier="k1" /><variable identifier="n" /></customOperator></setTemplateValue><setTemplateValue identifier="im"><customOperator definition="MAXIMA" value="float(0);" /></setTemplateValue><setTemplateValue identifier="nom"><customOperator definition="MAXIMA" value="float(2);" /></setTemplateValue><templateCondition><templateIf><match><variable identifier="k" /><baseValue baseType="integer">1</baseValue></match><setTemplateValue identifier="im"><customOperator definition="MAXIMA" value="float($(1));"><variable identifier="n" /></customOperator></setTemplateValue></templateIf></templateCondition><templateCondition><templateIf><match><variable identifier="k" /><baseValue baseType="integer">1</baseValue></match><setTemplateValue identifier="rk"><customOperator definition="MAXIMA" value="float(1);" /></setTemplateValue></templateIf></templateCondition><templateCondition><templateIf><match><variable identifier="ktest" /><baseValue baseType="integer">0</baseValue></match><setTemplateValue identifier="rk"><customOperator definition="MAXIMA" value="float(1);" /></setTemplateValue></templateIf></templateCondition><templateCondition><templateIf><match><variable identifier="k" /><baseValue baseType="integer">1</baseValue></match><setTemplateValue identifier="nom"><customOperator definition="MAXIMA" value="float(0);" /></setTemplateValue></templateIf></templateCondition><templateCondition><templateIf><match><variable identifier="ktest" /><baseValue baseType="integer">0</baseValue></match><setTemplateValue identifier="nom"><customOperator definition="MAXIMA" value="float(0);" /></setTemplateValue></templateIf></templateCondition><setCorrectResponse identifier="RESPONSE_1415961626480"><customOperator definition="VARIABLESTRING" value="$(3)/$(1)+$(2)*%i*%pi"><variable identifier="rk" /><variable identifier="im" /><variable identifier="nom" /></customOperator></setCorrectResponse></templateProcessing><itemBody ><p><p>Berechne</p><p>$$ \int_{\gamma} f $$ für \( f : \mathbb C\backslash \{0\} \rightarrow \mathbb C, z \mapsto f(z):= \frac{1}{z^{<printedVariable identifier="k" />}} \) über der Kurve \( \gamma(t):= <printedVariable identifier="r" />\cdot e^{\mathbb i \cdot t},  0\le t\le <printedVariable identifier="n" /> \cdot \pi\).</p><p>$$ \int_{\gamma} f $$ =  <textEntryInteraction responseIdentifier="RESPONSE_1415961626480" expectedLength="13" class="maxima-formula show-latex show-syntax-error" /> </p><p>Syntax:</p><p>%i für i</p><p>%pi für \( \pi\)</p><p>* für jede Multiplikation</p><p> </p><p> </p></p></itemBody><responseProcessing><responseCondition><responseIf><customOperator definition="MAXIMA" value="is(equal(ev($(1)),ev($(2))));"><variable identifier="RESPONSE_1415961626480" /><correct identifier="RESPONSE_1415961626480" /></customOperator><setOutcomeValue identifier="SCORE"><sum><variable identifier="SCORE" /><baseValue baseType="float">3</baseValue></sum></setOutcomeValue></responseIf></responseCondition><responseCondition><responseIf><not><isNull><variable identifier="RESPONSE_1415961626480" /></isNull></not><setOutcomeValue identifier="FEEDBACKBASIC"><baseValue baseType="identifier">incorrect</baseValue></setOutcomeValue></responseIf></responseCondition><responseCondition><responseIf><and><not><match><variable identifier="FEEDBACKBASIC" /><baseValue baseType="identifier">empty</baseValue></match></not><equal toleranceMode="exact"><variable identifier="SCORE" /><variable identifier="MAXSCORE" /></equal></and><setOutcomeValue identifier="FEEDBACKBASIC"><baseValue baseType="identifier">correct</baseValue></setOutcomeValue></responseIf></responseCondition></responseProcessing></assessmentItem>
