<?xml version="1.0" encoding="UTF-8"?>
<assessmentItem xmlns="http://www.imsglobal.org/xsd/imsqti_v2p1" xmlns:xsi="http://www.w3.org/2001/XMLSchema-instance" xsi:schemaLocation="http://www.imsglobal.org/xsd/imsqti_v2p1 imsqti_v2p1.xsd" identifier="id8441987b-f56b-4496-bc1e-59a17a953ed3" title="10. Grundlagen Projektmanagement" adaptive="false" timeDependent="false"><responseDeclaration identifier="RESPONSE_1" cardinality="multiple" baseType="identifier"><correctResponse><value>id88fb4fe1-a6a9-4547-aa69-6450dfa393c5</value><value>id0c1184f0-3552-4ea7-9aae-6ac760f3fbc4</value><value>idf4cb1cd2-579e-4f3d-aaef-fb99ac747de8</value><value>ided89ea63-d563-4029-8333-5d3b7a9c278d</value></correctResponse><mapping defaultValue="0" lowerBound="0.0"><mapEntry mapKey="id88fb4fe1-a6a9-4547-aa69-6450dfa393c5" mappedValue="1.0" /><mapEntry mapKey="id0c1184f0-3552-4ea7-9aae-6ac760f3fbc4" mappedValue="1.0" /><mapEntry mapKey="idf4cb1cd2-579e-4f3d-aaef-fb99ac747de8" mappedValue="1.0" /><mapEntry mapKey="ided89ea63-d563-4029-8333-5d3b7a9c278d" mappedValue="1.0" /><mapEntry mapKey="id010359a0-8d1a-4052-a2c4-d8bf35e95c4c" mappedValue="-1.0" /><mapEntry mapKey="id6985fa0d-3ddd-46c0-ac56-b46f2d96383c" mappedValue="-1.0" /><mapEntry mapKey="id85113bc5-4a9e-46f9-a8ce-5cef380ca7cd" mappedValue="-1.0" /><mapEntry mapKey="id8e3104bb-b087-45e5-816d-6fce4ad96fa1" mappedValue="-1.0" /><mapEntry mapKey="id7ed8a859-1885-4f99-83c1-9dfee4f3b48b" mappedValue="-1.0" /></mapping></responseDeclaration><outcomeDeclaration identifier="SCORE" cardinality="single" baseType="float"><defaultValue><value>0</value></defaultValue></outcomeDeclaration><outcomeDeclaration identifier="MAXSCORE" cardinality="single" baseType="float"><defaultValue><value>4</value></defaultValue></outcomeDeclaration><outcomeDeclaration identifier="FEEDBACKBASIC" cardinality="single" baseType="identifier" view="testConstructor"><defaultValue><value>empty</value></defaultValue></outcomeDeclaration><itemBody><p xmlns=""><strong>In welche Hauptabschnitte gliedert sich in der Regel die Projekt-Endphase "Projektabschluss"?</strong></p><p xmlns="">(Klicken Sie die richtige(n) Antwort(en) an)</p><p xmlns=""> </p><p xmlns=""><strong>Antwort:</strong></p><choiceInteraction responseIdentifier="RESPONSE_1" shuffle="true" maxChoices="0"><simpleChoice identifier="id88fb4fe1-a6a9-4547-aa69-6450dfa393c5"><p xmlns="">Produktabnahme</p></simpleChoice><simpleChoice identifier="id0c1184f0-3552-4ea7-9aae-6ac760f3fbc4"><p xmlns="">Abschlussanalyse</p></simpleChoice><simpleChoice identifier="idf4cb1cd2-579e-4f3d-aaef-fb99ac747de8"><p xmlns="">Erfahrungssicherung</p></simpleChoice><simpleChoice identifier="ided89ea63-d563-4029-8333-5d3b7a9c278d"><p xmlns="">Projektauflösung</p></simpleChoice><simpleChoice identifier="id010359a0-8d1a-4052-a2c4-d8bf35e95c4c"><p xmlns="">Weiterbildung</p></simpleChoice><simpleChoice identifier="id6985fa0d-3ddd-46c0-ac56-b46f2d96383c"><p xmlns="">Statusbesprechung</p></simpleChoice><simpleChoice identifier="id85113bc5-4a9e-46f9-a8ce-5cef380ca7cd"><p xmlns="">Sachmittelplanung</p></simpleChoice><simpleChoice identifier="id8e3104bb-b087-45e5-816d-6fce4ad96fa1"><p xmlns="">Zieldefinition</p></simpleChoice><simpleChoice identifier="id7ed8a859-1885-4f99-83c1-9dfee4f3b48b"><p xmlns="">Risikoanalyse</p></simpleChoice></choiceInteraction></itemBody><responseProcessing><responseCondition><responseIf><not><isNull><variable identifier="RESPONSE_1" /></isNull></not><setOutcomeValue identifier="SCORE"><sum><variable identifier="SCORE" /><mapResponse identifier="RESPONSE_1" /></sum></setOutcomeValue><setOutcomeValue identifier="FEEDBACKBASIC"><baseValue baseType="identifier">incorrect</baseValue></setOutcomeValue></responseIf></responseCondition><responseCondition><responseIf><and><not><match><variable identifier="FEEDBACKBASIC" /><baseValue baseType="identifier">empty</baseValue></match></not><equal toleranceMode="exact"><variable identifier="SCORE" /><variable identifier="MAXSCORE" /></equal></and><setOutcomeValue identifier="FEEDBACKBASIC"><baseValue baseType="identifier">correct</baseValue></setOutcomeValue></responseIf></responseCondition></responseProcessing></assessmentItem>
