<?xml version="1.0" encoding="UTF-8"?>
<assessmentItem xmlns="http://www.imsglobal.org/xsd/imsqti_v2p1" xmlns:xsi="http://www.w3.org/2001/XMLSchema-instance" xsi:schemaLocation="http://www.imsglobal.org/xsd/imsqti_v2p1 http://www.imsglobal.org/xsd/qti/qtiv2p1/imsqti_v2p1p1.xsd http://www.w3.org/1998/Math/MathML http://www.w3.org/Math/XMLSchema/mathml2/mathml2.xsd" identifier="idfe0b6bdd-a4f5-4054-8758-61a2b3427b08" title="injectiv_def_01" adaptive="false" timeDependent="false"><responseDeclaration identifier="RESPONSE_1" cardinality="multiple" baseType="identifier"><correctResponse><value>idb38cd322-46ab-48d5-a7c5-8abdbfc9ebbe</value><value>id63041e06-6514-45c4-9cb4-69f76d00ac66</value></correctResponse></responseDeclaration><outcomeDeclaration identifier="SCORE" cardinality="single" baseType="float"><defaultValue><value>0</value></defaultValue></outcomeDeclaration><outcomeDeclaration identifier="MAXSCORE" cardinality="single" baseType="float"><defaultValue><value>2</value></defaultValue></outcomeDeclaration><outcomeDeclaration identifier="FEEDBACKBASIC" cardinality="single" baseType="identifier"><defaultValue><value>empty</value></defaultValue></outcomeDeclaration><itemBody ><p>Sei \(x\colon F\rightarrow G\) eine Abbildung von Mengen. Welche der folgenden Aussagen sind wahr, wenn \(x\) injektiv ist ?</p><choiceInteraction responseIdentifier="RESPONSE_1" shuffle="false" maxChoices="0"><simpleChoice identifier="idb38cd322-46ab-48d5-a7c5-8abdbfc9ebbe"><p>$$\forall f,g\in F$$ mit $$f\neq g\Rightarrow x(g)\neq x(f)$$.</p></simpleChoice><simpleChoice identifier="id63041e06-6514-45c4-9cb4-69f76d00ac66"><p>$$x(f)= x(g)\Rightarrow f=g$$.</p></simpleChoice><simpleChoice identifier="ide618ebe9-0f3c-4536-a652-542ff2d45fbd"><p>$$\exists f,g\in F$$ mit $$f\neq g\colon x(f)\neq x(g)$$.</p></simpleChoice><simpleChoice identifier="id050fe454-283a-428b-8a45-70a6dec532ca"><p>$$\forall b\in G\exists a\in F\colon x(a)=b$$.</p></simpleChoice></choiceInteraction></itemBody><responseProcessing><responseCondition><responseIf><isNull><variable identifier="RESPONSE_1" /></isNull><setOutcomeValue identifier="FEEDBACKBASIC"><baseValue baseType="identifier">empty</baseValue></setOutcomeValue></responseIf><responseElseIf><match><variable identifier="RESPONSE_1" /><correct identifier="RESPONSE_1" /></match><setOutcomeValue identifier="SCORE"><sum><variable identifier="SCORE" /><variable identifier="MAXSCORE" /></sum></setOutcomeValue><setOutcomeValue identifier="FEEDBACKBASIC"><baseValue baseType="identifier">correct</baseValue></setOutcomeValue></responseElseIf><responseElse><setOutcomeValue identifier="FEEDBACKBASIC"><baseValue baseType="identifier">incorrect</baseValue></setOutcomeValue></responseElse></responseCondition></responseProcessing></assessmentItem>
