<?xml version="1.0" encoding="UTF-8"?>
<assessmentItem xmlns="http://www.imsglobal.org/xsd/imsqti_v2p1" xmlns:xsi="http://www.w3.org/2001/XMLSchema-instance" xsi:schemaLocation="http://www.imsglobal.org/xsd/imsqti_v2p1 http://www.imsglobal.org/xsd/qti/qtiv2p1/imsqti_v2p1p1.xsd http://www.w3.org/1998/Math/MathML http://www.w3.org/Math/XMLSchema/mathml2/mathml2.xsd" identifier="id216204a7-b2fa-46f8-9c89-9c6698f39f40" title="Taylor4" adaptive="false" timeDependent="false"><responseDeclaration identifier="RESPONSE_1417008499923" cardinality="single" baseType="string" /><responseDeclaration identifier="RESPONSE_1417008545911" cardinality="single" baseType="string" /><outcomeDeclaration identifier="SCORE" cardinality="single" baseType="float"><defaultValue><value>0</value></defaultValue></outcomeDeclaration><outcomeDeclaration identifier="MAXSCORE" cardinality="single" baseType="float"><defaultValue><value>4</value></defaultValue></outcomeDeclaration><outcomeDeclaration identifier="FEEDBACKBASIC" cardinality="single" baseType="identifier" view="testConstructor"><defaultValue><value>empty</value></defaultValue></outcomeDeclaration><templateDeclaration identifier="var1" cardinality="single" baseType="integer" /><templateDeclaration identifier="var2" cardinality="single" baseType="integer" /><templateDeclaration identifier="solution" cardinality="single" baseType="integer" /><templateDeclaration identifier="a" cardinality="single" baseType="integer" /><templateDeclaration identifier="absa" cardinality="single" baseType="integer" /><templateProcessing><setTemplateValue identifier="var1"><randomInteger min="1" max="10" /></setTemplateValue><setTemplateValue identifier="var2"><randomInteger min="1" max="10" /></setTemplateValue><setTemplateValue identifier="solution"><customOperator definition="MAXIMA" value="float($(1)+$(2));"><variable identifier="var1" /><variable identifier="var2" /></customOperator></setTemplateValue><setTemplateValue identifier="a"><randomInteger min="-7" max="7" /></setTemplateValue><templateCondition><templateIf><match><variable identifier="a" /><baseValue baseType="integer">0</baseValue></match><setTemplateValue identifier="a"><randomInteger min="1" max="7" /></setTemplateValue></templateIf></templateCondition><setTemplateValue identifier="absa"><customOperator definition="MAXIMA" value="float(abs($(1)));"><variable identifier="a" /></customOperator></setTemplateValue><setCorrectResponse identifier="RESPONSE_1417008499923"><customOperator definition="VARIABLESTRING" value="(-1)^k/(2*k+1)!*sqrt(2)/2" /></setCorrectResponse><setCorrectResponse identifier="RESPONSE_1417008545911"><customOperator definition="VARIABLESTRING" value="(-1)^k/(2*k)!*sqrt(2)/2" /></setCorrectResponse></templateProcessing><itemBody ><p><p>Find the taylor expansion of $$f(z):= \sin(z)$$ around \( z_0:= \frac{\pi}{4}\):</p><p>$$f(z) = \sum_{k=0}^{\infty} b_k (z-z_0)^k$$ with $$b_{2k+1}$$ = <textEntryInteraction responseIdentifier="RESPONSE_1417008499923" expectedLength="13" class="maxima-formula show-latex show-syntax-error" />$$\forall k \in \mathbb N_0$$ and $$b_{2k}$$ = <textEntryInteraction responseIdentifier="RESPONSE_1417008545911" expectedLength="6" class="maxima-formula show-latex show-syntax-error" />$$\forall k \in \mathbb N_0$$</p><p>Syntax: %i for i, %pi for \( \pi\), * for any multiplication, ^ for power, sqrt for the square root, n! for the factorial of the integer n.</p><p> </p></p></itemBody><responseProcessing><responseCondition><responseIf><customOperator definition="MAXIMA" value="is(equal(ev($(1)),ev($(2))));"><variable identifier="RESPONSE_1417008499923" /><correct identifier="RESPONSE_1417008499923" /></customOperator><setOutcomeValue identifier="SCORE"><sum><variable identifier="SCORE" /><baseValue baseType="float">2</baseValue></sum></setOutcomeValue></responseIf></responseCondition><responseCondition><responseIf><not><isNull><variable identifier="RESPONSE_1417008499923" /></isNull></not><setOutcomeValue identifier="FEEDBACKBASIC"><baseValue baseType="identifier">incorrect</baseValue></setOutcomeValue></responseIf></responseCondition><responseCondition><responseIf><customOperator definition="MAXIMA" value="is(equal(ev($(1)),ev($(2))));"><variable identifier="RESPONSE_1417008545911" /><correct identifier="RESPONSE_1417008545911" /></customOperator><setOutcomeValue identifier="SCORE"><sum><variable identifier="SCORE" /><baseValue baseType="float">2</baseValue></sum></setOutcomeValue></responseIf></responseCondition><responseCondition><responseIf><not><isNull><variable identifier="RESPONSE_1417008545911" /></isNull></not><setOutcomeValue identifier="FEEDBACKBASIC"><baseValue baseType="identifier">incorrect</baseValue></setOutcomeValue></responseIf></responseCondition><responseCondition><responseIf><and><not><match><variable identifier="FEEDBACKBASIC" /><baseValue baseType="identifier">empty</baseValue></match></not><equal toleranceMode="exact"><variable identifier="SCORE" /><variable identifier="MAXSCORE" /></equal></and><setOutcomeValue identifier="FEEDBACKBASIC"><baseValue baseType="identifier">correct</baseValue></setOutcomeValue></responseIf></responseCondition></responseProcessing></assessmentItem>
