<?xml version="1.0" encoding="UTF-8"?>
<assessmentItem xmlns="http://www.imsglobal.org/xsd/imsqti_v2p1" xmlns:xsi="http://www.w3.org/2001/XMLSchema-instance" xsi:schemaLocation="http://www.imsglobal.org/xsd/imsqti_v2p1 http://www.imsglobal.org/xsd/qti/qtiv2p1/imsqti_v2p1p1.xsd http://www.w3.org/1998/Math/MathML http://www.w3.org/Math/XMLSchema/mathml2/mathml2.xsd" identifier="idabd54992-d78f-42a6-917e-52b2be6d4a6b" title="LinearfaktorisierungPolynom_02" adaptive="false" timeDependent="false"><responseDeclaration identifier="RESPONSE_1408700783040" cardinality="single" baseType="string" /><outcomeDeclaration identifier="SCORE" cardinality="single" baseType="float"><defaultValue><value>0</value></defaultValue></outcomeDeclaration><outcomeDeclaration identifier="MAXSCORE" cardinality="single" baseType="float"><defaultValue><value>3</value></defaultValue></outcomeDeclaration><outcomeDeclaration identifier="FEEDBACKBASIC" cardinality="single" baseType="identifier" view="testConstructor"><defaultValue><value>empty</value></defaultValue></outcomeDeclaration><outcomeDeclaration identifier="FEEDBACKMODAL" cardinality="multiple" baseType="identifier" view="testConstructor" /><templateDeclaration identifier="n0" cardinality="single" baseType="integer" /><templateDeclaration identifier="n1" cardinality="single" baseType="integer" /><templateDeclaration identifier="n2" cardinality="single" baseType="integer" /><templateDeclaration identifier="a2" cardinality="single" baseType="integer" /><templateDeclaration identifier="a1" cardinality="single" baseType="integer" /><templateDeclaration identifier="a0" cardinality="single" baseType="integer" /><templateDeclaration identifier="px" cardinality="single" baseType="string" /><templateDeclaration identifier="tpx" cardinality="single" baseType="string" /><templateProcessing><setTemplateValue identifier="n0"><randomInteger min="-5" max="5" /></setTemplateValue><setTemplateValue identifier="n1"><randomInteger min="-5" max="6" /></setTemplateValue><setTemplateValue identifier="n2"><randomInteger min="-6" max="7" /></setTemplateValue><setTemplateValue identifier="a2"><customOperator definition="MAXIMA" value="float(coeff(expand((x-$(1))*(x-$(2))*(x-$(3))),x,2));"><variable identifier="n0" /><variable identifier="n1" /><variable identifier="n2" /></customOperator></setTemplateValue><setTemplateValue identifier="a1"><customOperator definition="MAXIMA" value="float(coeff(expand((x-$(1))*(x-$(2))*(x-$(3))),x,1));"><variable identifier="n0" /><variable identifier="n1" /><variable identifier="n2" /></customOperator></setTemplateValue><setTemplateValue identifier="a0"><customOperator definition="MAXIMA" value="float(coeff(expand((x-$(1))*(x-$(2))*(x-$(3))),x,0));"><variable identifier="n0" /><variable identifier="n1" /><variable identifier="n2" /></customOperator></setTemplateValue><setTemplateValue identifier="px"><customOperator definition="MAXIMA" value="string(expand((x-$(1))*(x-$(2))*(x-$(3))))"><variable identifier="n0" /><variable identifier="n1" /><variable identifier="n2" /></customOperator></setTemplateValue><setTemplateValue identifier="tpx"><customOperator definition="MAXIMA" value="tex1($(1))"><variable identifier="px" /></customOperator></setTemplateValue><setCorrectResponse identifier="RESPONSE_1408700783040"><customOperator definition="VARIABLESTRING" value="$(1)"><variable identifier="px" /></customOperator></setCorrectResponse></templateProcessing><itemBody ><p><p><p><p>Zerlegen Sie das Polynom \(p\) in Linearfaktoren und geben Sie die Faktorisierung in Maxima Schreibweise ein.</p><p><em>Beispiel Maxima Schreibweise:</em> (x-2)*(x+3)*(x-4)</p><p>\(p(x) = <printedVariable identifier="tpx" />\) = <textEntryInteraction responseIdentifier="RESPONSE_1408700783040" expectedLength="20" class="maxima-formula show-latex show-syntax-error" /></p><p> </p></p></p></p></itemBody><responseProcessing><responseCondition><responseIf><customOperator definition="MAXIMA" value="is(equal(ev($(1)),ev($(2))));"><variable identifier="RESPONSE_1408700783040" /><correct identifier="RESPONSE_1408700783040" /></customOperator><setOutcomeValue identifier="SCORE"><sum><variable identifier="SCORE" /><baseValue baseType="float">3</baseValue></sum></setOutcomeValue></responseIf></responseCondition><responseCondition><responseIf><not><isNull><variable identifier="RESPONSE_1408700783040" /></isNull></not><setOutcomeValue identifier="FEEDBACKBASIC"><baseValue baseType="identifier">incorrect</baseValue></setOutcomeValue></responseIf></responseCondition><responseCondition><responseIf><and><not><match><variable identifier="FEEDBACKBASIC" /><baseValue baseType="identifier">empty</baseValue></match></not><equal toleranceMode="exact"><variable identifier="SCORE" /><variable identifier="MAXSCORE" /></equal></and><setOutcomeValue identifier="FEEDBACKBASIC"><baseValue baseType="identifier">correct</baseValue></setOutcomeValue></responseIf></responseCondition><responseCondition><responseIf><and><match><baseValue baseType="identifier">correct</baseValue><variable identifier="FEEDBACKBASIC" /></match></and><setOutcomeValue identifier="FEEDBACKMODAL"><multiple><variable identifier="FEEDBACKMODAL" /><baseValue baseType="identifier">Feedback1518545739</baseValue></multiple></setOutcomeValue></responseIf></responseCondition><responseCondition><responseIf><and><match><baseValue baseType="identifier">incorrect</baseValue><variable identifier="FEEDBACKBASIC" /></match></and><setOutcomeValue identifier="FEEDBACKMODAL"><multiple><variable identifier="FEEDBACKMODAL" /><baseValue baseType="identifier">Feedback1502574425</baseValue></multiple></setOutcomeValue></responseIf></responseCondition></responseProcessing><modalFeedback  identifier="Feedback1518545739" outcomeIdentifier="FEEDBACKMODAL" showHide="show" title="Alles richtig!" /><modalFeedback  identifier="Feedback1502574425" outcomeIdentifier="FEEDBACKMODAL" showHide="show" title="Die Lösung ist leider nicht richtig."><p>Man teste die Teiler des Koeffizienten von \(x^0\), ob sie Nullstellen sind.  Hat man eine Nullstelle \(x_0\) gefunden, führt man eine Polynomdivision durch um einen Linearfaktor vom Polynom abzuspalten.</p><p>Man erhält so eine Gleichung \(p(x) = (x-x_0) g(x)\) mit einem Polynom \(g\), welches man weiter durch Untersuchung der Nullstellen von g faktorisiert.</p></modalFeedback></assessmentItem>
