<?xml version="1.0" encoding="UTF-8"?>
<assessmentItem xmlns="http://www.imsglobal.org/xsd/imsqti_v2p1" xmlns:xsi="http://www.w3.org/2001/XMLSchema-instance" xsi:schemaLocation="http://www.imsglobal.org/xsd/imsqti_v2p1 http://www.imsglobal.org/xsd/qti/qtiv2p1/imsqti_v2p1p1.xsd http://www.w3.org/1998/Math/MathML http://www.w3.org/Math/XMLSchema/mathml2/mathml2.xsd" identifier="id29a57688-cabf-41c5-ab84-45fdb3af4157" title="IntRechnungFunktionAusAbleitung" adaptive="false" timeDependent="false"><responseDeclaration identifier="RESPONSE_1401630761041" cardinality="single" baseType="string" /><responseDeclaration identifier="RESPONSE_1401630823278" cardinality="single" baseType="string" /><outcomeDeclaration identifier="SCORE" cardinality="single" baseType="float"><defaultValue><value>0</value></defaultValue></outcomeDeclaration><outcomeDeclaration identifier="MAXSCORE" cardinality="single" baseType="float"><defaultValue><value>5</value></defaultValue></outcomeDeclaration><outcomeDeclaration identifier="FEEDBACKBASIC" cardinality="single" baseType="identifier" view="testConstructor"><defaultValue><value>empty</value></defaultValue></outcomeDeclaration><outcomeDeclaration identifier="FEEDBACKMODAL" cardinality="multiple" baseType="identifier" view="testConstructor" /><templateDeclaration identifier="a" cardinality="single" baseType="integer" /><templateDeclaration identifier="b" cardinality="single" baseType="integer" /><templateProcessing><setTemplateValue identifier="a"><randomInteger min="2" max="6" /></setTemplateValue><setTemplateValue identifier="b"><randomInteger min="1" max="5" /></setTemplateValue><setCorrectResponse identifier="RESPONSE_1401630761041"><customOperator definition="VARIABLESTRING" value="(1/($(1)+1))*x^($(1)+1)-(2/3)*x^(3/2)+$(2)*x+C"><variable identifier="a" /><variable identifier="b" /></customOperator></setCorrectResponse><setCorrectResponse identifier="RESPONSE_1401630823278"><customOperator definition="VARIABLESTRING" value="(1/($(1)+1))*x^($(1)+1)-(2/3)*x^(3/2)+$(2)*x+((-1/($(1)+1))+(2/3)-$(2))"><variable identifier="a" /><variable identifier="b" /></customOperator></setCorrectResponse></templateProcessing><itemBody ><p><p>Von einer unbekannten Funktion \(f\) ist bekannt:   \(f(1) = 0\) sowie \(f'(x) = x^<printedVariable identifier="a" /> -\sqrt{x} +<printedVariable identifier="b" />\)</p><p>Um welche Funktion f handelt es sich ?(5P)</p><p> </p><p>Bestimmen Sie zunächst das unbestimmte Integral I von \(f'(x)\) und geben Sie das Ergebnis in Maxima-Schreibweise ein:</p><p>(Konstanten bitte mit Großbuchstaben C angeben)</p><p>I=<textEntryInteraction responseIdentifier="RESPONSE_1401630761041" class="maxima-formula show-latex show-syntax-error" /></p><p>Geben Sie nun die gesuchte Funktion f ebenfalls in Maxima-Schreibweise ein:</p><p>f(x)= <textEntryInteraction responseIdentifier="RESPONSE_1401630823278" class="maxima-formula show-latex show-syntax-error" /></p></p></itemBody><responseProcessing><responseCondition><responseIf><customOperator definition="MAXIMA" value="is(equal(ev($(1)),ev($(2))));"><variable identifier="RESPONSE_1401630761041" /><correct identifier="RESPONSE_1401630761041" /></customOperator><setOutcomeValue identifier="SCORE"><sum><variable identifier="SCORE" /><baseValue baseType="float">3</baseValue></sum></setOutcomeValue></responseIf></responseCondition><responseCondition><responseIf><not><isNull><variable identifier="RESPONSE_1401630761041" /></isNull></not><setOutcomeValue identifier="FEEDBACKBASIC"><baseValue baseType="identifier">incorrect</baseValue></setOutcomeValue></responseIf></responseCondition><responseCondition><responseIf><customOperator definition="MAXIMA" value="is(equal(ev($(1)),ev($(2))));"><variable identifier="RESPONSE_1401630823278" /><correct identifier="RESPONSE_1401630823278" /></customOperator><setOutcomeValue identifier="SCORE"><sum><variable identifier="SCORE" /><baseValue baseType="float">2</baseValue></sum></setOutcomeValue></responseIf></responseCondition><responseCondition><responseIf><not><isNull><variable identifier="RESPONSE_1401630823278" /></isNull></not><setOutcomeValue identifier="FEEDBACKBASIC"><baseValue baseType="identifier">incorrect</baseValue></setOutcomeValue></responseIf></responseCondition><responseCondition><responseIf><and><not><match><variable identifier="FEEDBACKBASIC" /><baseValue baseType="identifier">empty</baseValue></match></not><equal toleranceMode="exact"><variable identifier="SCORE" /><variable identifier="MAXSCORE" /></equal></and><setOutcomeValue identifier="FEEDBACKBASIC"><baseValue baseType="identifier">correct</baseValue></setOutcomeValue></responseIf></responseCondition><responseCondition><responseIf><and><match><baseValue baseType="identifier">correct</baseValue><variable identifier="FEEDBACKBASIC" /></match></and><setOutcomeValue identifier="FEEDBACKMODAL"><multiple><variable identifier="FEEDBACKMODAL" /><baseValue baseType="identifier">Feedback318508129</baseValue></multiple></setOutcomeValue></responseIf></responseCondition><responseCondition><responseIf><and><match><baseValue baseType="identifier">incorrect</baseValue><variable identifier="FEEDBACKBASIC" /></match></and><setOutcomeValue identifier="FEEDBACKMODAL"><multiple><variable identifier="FEEDBACKMODAL" /><baseValue baseType="identifier">Feedback1636875779</baseValue></multiple></setOutcomeValue></responseIf></responseCondition></responseProcessing><modalFeedback  identifier="Feedback318508129" outcomeIdentifier="FEEDBACKMODAL" showHide="show"><p><strong> <strong>Ihre Lösungen zur Aufgabe 2.3 sind zu den Eich Lösungen äquivalent. Volle Punkte für diese Aufgabe.</strong></strong></p></modalFeedback><modalFeedback  identifier="Feedback1636875779" outcomeIdentifier="FEEDBACKMODAL" showHide="show"><p><strong>Ihre Lösung für mindestens eine der Lücken zu Aufgabe 2.3 war nicht äquivalent zur Eich Lösung. Es gab einen Punkteabzug.</strong></p></modalFeedback></assessmentItem>
