<?xml version="1.0" encoding="UTF-8"?>
<assessmentItem xmlns="http://www.imsglobal.org/xsd/imsqti_v2p1" xmlns:xsi="http://www.w3.org/2001/XMLSchema-instance" xsi:schemaLocation="http://www.imsglobal.org/xsd/imsqti_v2p1 http://www.imsglobal.org/xsd/qti/qtiv2p1/imsqti_v2p1p1.xsd http://www.w3.org/1998/Math/MathML http://www.w3.org/Math/XMLSchema/mathml2/mathml2.xsd" identifier="id3ee69376-3d6e-488a-8b5b-d50c3b2602bc" title="lotfusspunkt_ebene_01" adaptive="false" timeDependent="false"><responseDeclaration identifier="RESPONSE_1409829470029" cardinality="single" baseType="string" /><outcomeDeclaration identifier="SCORE" cardinality="single" baseType="float"><defaultValue><value>0</value></defaultValue></outcomeDeclaration><outcomeDeclaration identifier="MAXSCORE" cardinality="single" baseType="float"><defaultValue><value>1</value></defaultValue></outcomeDeclaration><outcomeDeclaration identifier="FEEDBACKBASIC" cardinality="single" baseType="identifier" view="testConstructor"><defaultValue><value>empty</value></defaultValue></outcomeDeclaration><outcomeDeclaration identifier="FEEDBACKMODAL" cardinality="multiple" baseType="identifier" view="testConstructor" /><templateDeclaration identifier="a_abs" cardinality="single" baseType="integer" /><templateDeclaration identifier="a_sign" cardinality="single" baseType="integer" /><templateDeclaration identifier="a" cardinality="single" baseType="float" /><templateDeclaration identifier="b_abs" cardinality="single" baseType="integer" /><templateDeclaration identifier="b_sign" cardinality="single" baseType="integer" /><templateDeclaration identifier="b" cardinality="single" baseType="float" /><templateDeclaration identifier="b_vz" cardinality="single" baseType="string" /><templateDeclaration identifier="c_abs" cardinality="single" baseType="integer" /><templateDeclaration identifier="c_sign" cardinality="single" baseType="integer" /><templateDeclaration identifier="c" cardinality="single" baseType="float" /><templateDeclaration identifier="c_vz" cardinality="single" baseType="string" /><templateDeclaration identifier="l1" cardinality="single" baseType="integer" /><templateDeclaration identifier="l2" cardinality="single" baseType="integer" /><templateDeclaration identifier="l3" cardinality="single" baseType="integer" /><templateDeclaration identifier="d" cardinality="single" baseType="integer" /><templateDeclaration identifier="s" cardinality="single" baseType="integer" /><templateDeclaration identifier="-s" cardinality="single" baseType="integer" /><templateDeclaration identifier="p1" cardinality="single" baseType="integer" /><templateDeclaration identifier="p2" cardinality="single" baseType="integer" /><templateDeclaration identifier="p3" cardinality="single" baseType="integer" /><templateProcessing><setTemplateValue identifier="a_abs"><randomInteger min="2" max="5" /></setTemplateValue><setTemplateValue identifier="a_sign"><randomInteger min="-1" max="1" step="2" /></setTemplateValue><setTemplateValue identifier="a"><customOperator definition="MAXIMA" value="float($(1)*$(2));"><variable identifier="a_sign" /><variable identifier="a_abs" /></customOperator></setTemplateValue><setTemplateValue identifier="b_abs"><randomInteger min="2" max="5" /></setTemplateValue><setTemplateValue identifier="b_sign"><randomInteger min="-1" max="1" step="2" /></setTemplateValue><setTemplateValue identifier="b"><customOperator definition="MAXIMA" value="float($(1)*$(2));"><variable identifier="b_sign" /><variable identifier="b_abs" /></customOperator></setTemplateValue><setTemplateValue identifier="b_vz"><random><multiple><baseValue baseType="string">-</baseValue><baseValue baseType="string">+</baseValue></multiple></random></setTemplateValue><templateCondition><templateIf><lt><variable identifier="b" /><baseValue baseType="integer">0</baseValue></lt><setTemplateValue identifier="b_vz"><random><multiple><baseValue baseType="string">-</baseValue></multiple></random></setTemplateValue></templateIf><templateElse><setTemplateValue identifier="b_vz"><random><multiple><baseValue baseType="string">+</baseValue></multiple></random></setTemplateValue></templateElse></templateCondition><setTemplateValue identifier="c_abs"><randomInteger min="2" max="5" /></setTemplateValue><setTemplateValue identifier="c_sign"><randomInteger min="-1" max="1" step="2" /></setTemplateValue><setTemplateValue identifier="c"><customOperator definition="MAXIMA" value="float($(1)*$(2));"><variable identifier="c_sign" /><variable identifier="c_abs" /></customOperator></setTemplateValue><setTemplateValue identifier="c_vz"><random><multiple><baseValue baseType="string">-</baseValue><baseValue baseType="string">+</baseValue></multiple></random></setTemplateValue><templateCondition><templateIf><lt><variable identifier="c" /><baseValue baseType="integer">0</baseValue></lt><setTemplateValue identifier="c_vz"><random><multiple><baseValue baseType="string">-</baseValue></multiple></random></setTemplateValue></templateIf><templateElse><setTemplateValue identifier="c_vz"><random><multiple><baseValue baseType="string">+</baseValue></multiple></random></setTemplateValue></templateElse></templateCondition><setTemplateValue identifier="l1"><randomInteger min="-6" max="6" /></setTemplateValue><setTemplateValue identifier="l2"><randomInteger min="-6" max="6" /></setTemplateValue><setTemplateValue identifier="l3"><randomInteger min="-6" max="6" /></setTemplateValue><setTemplateValue identifier="d"><customOperator definition="MAXIMA" value="float($(1)*$(2)+$(3)*$(4)+$(5)*$(6));"><variable identifier="a" /><variable identifier="l1" /><variable identifier="b" /><variable identifier="l2" /><variable identifier="c" /><variable identifier="l3" /></customOperator></setTemplateValue><setTemplateValue identifier="s"><random><multiple><baseValue baseType="integer">-5</baseValue><baseValue baseType="integer">-4</baseValue><baseValue baseType="integer">-3</baseValue><baseValue baseType="integer">-2</baseValue><baseValue baseType="integer">-1</baseValue><baseValue baseType="integer">1</baseValue><baseValue baseType="integer">2</baseValue><baseValue baseType="integer">3</baseValue><baseValue baseType="integer">4</baseValue><baseValue baseType="integer">5</baseValue></multiple></random></setTemplateValue><setTemplateValue identifier="-s"><customOperator definition="MAXIMA" value="float(-$(1));"><variable identifier="s" /></customOperator></setTemplateValue><setTemplateValue identifier="p1"><customOperator definition="MAXIMA" value="float($(1)+$(2)*$(3));"><variable identifier="l1" /><variable identifier="s" /><variable identifier="a" /></customOperator></setTemplateValue><setTemplateValue identifier="p2"><customOperator definition="MAXIMA" value="float($(1)+$(2)*$(3));"><variable identifier="l2" /><variable identifier="s" /><variable identifier="b" /></customOperator></setTemplateValue><setTemplateValue identifier="p3"><customOperator definition="MAXIMA" value="float($(1)+$(2)*$(3));"><variable identifier="l3" /><variable identifier="s" /><variable identifier="c" /></customOperator></setTemplateValue><setCorrectResponse identifier="RESPONSE_1409829470029"><customOperator definition="VARIABLESTRING" value="[$(1),$(2),$(3)]"><variable identifier="l1" /><variable identifier="l2" /><variable identifier="l3" /></customOperator></setCorrectResponse></templateProcessing><itemBody ><p>Gegeben sei die Ebene \(E: <printedVariable identifier="a" />x<printedVariable identifier="b_vz" /><printedVariable identifier="b_abs" />y<printedVariable identifier="c_vz" /><printedVariable identifier="c_abs" />z=<printedVariable identifier="d" />\) sowie der Punkt \(\vec P=(<printedVariable identifier="p1" />,<printedVariable identifier="p2" />,<printedVariable identifier="p3" />)\).</p><p>Es werde das Lot vom Punkt \(\vec P\) auf die Ebene \(E\) gefällt. Berechnen Sie den Lotfußpunkt \(\vec L\).</p><p>\(\vec L =\) <textEntryInteraction responseIdentifier="RESPONSE_1409829470029" expectedLength="6" placeholderText="[0,0,0]" class="maxima-formula show-latex show-syntax-error" /> Geben Sie den Punkt in der Form <strong>[x,y,z]</strong> ein, z.B. \(\vec L =\) <strong>[-7,8,9]</strong>. (eckige Klammern!)</p></itemBody><responseProcessing><responseCondition><responseIf><customOperator definition="MAXIMA" value="is(equal(ev($(1)),ev($(2))));"><variable identifier="RESPONSE_1409829470029" /><correct identifier="RESPONSE_1409829470029" /></customOperator><setOutcomeValue identifier="SCORE"><sum><variable identifier="SCORE" /><baseValue baseType="float">1</baseValue></sum></setOutcomeValue></responseIf></responseCondition><responseCondition><responseIf><not><isNull><variable identifier="RESPONSE_1409829470029" /></isNull></not><setOutcomeValue identifier="FEEDBACKBASIC"><baseValue baseType="identifier">incorrect</baseValue></setOutcomeValue></responseIf></responseCondition><responseCondition><responseIf><and><not><match><variable identifier="FEEDBACKBASIC" /><baseValue baseType="identifier">empty</baseValue></match></not><equal toleranceMode="exact"><variable identifier="SCORE" /><variable identifier="MAXSCORE" /></equal></and><setOutcomeValue identifier="FEEDBACKBASIC"><baseValue baseType="identifier">correct</baseValue></setOutcomeValue></responseIf></responseCondition><responseCondition><responseIf><and><match><baseValue baseType="identifier">correct</baseValue><variable identifier="FEEDBACKBASIC" /></match></and><setOutcomeValue identifier="FEEDBACKMODAL"><multiple><variable identifier="FEEDBACKMODAL" /><baseValue baseType="identifier">Feedback1666754990</baseValue></multiple></setOutcomeValue></responseIf></responseCondition><responseCondition><responseIf><and><match><baseValue baseType="identifier">incorrect</baseValue><variable identifier="FEEDBACKBASIC" /></match></and><setOutcomeValue identifier="FEEDBACKMODAL"><multiple><variable identifier="FEEDBACKMODAL" /><baseValue baseType="identifier">Feedback899117828</baseValue></multiple></setOutcomeValue></responseIf></responseCondition></responseProcessing><modalFeedback  identifier="Feedback1666754990" outcomeIdentifier="FEEDBACKMODAL" showHide="show" title="Richtig!"><p>Durch die Ebenengleichung ist gleichzeitig ein Normalenvektor der Ebene bekannt.</p><p>Dieser steht senkrecht zur Ebene. In diesem Fall ist \(\vec n=(<printedVariable identifier="a" />,<printedVariable identifier="b" />,<printedVariable identifier="c" />)\) ein Normalenvektor.</p><p>Die Gerade</p><p>$$g:\begin{pmatrix}x(t)\\y(t)\\z(t)\end{pmatrix}=\begin{pmatrix}<printedVariable identifier="p1" />\\<printedVariable identifier="p2" />\\<printedVariable identifier="p3" />\end{pmatrix}+t\cdot\begin{pmatrix}<printedVariable identifier="a" />\\<printedVariable identifier="b" />\\<printedVariable identifier="c" />\end{pmatrix}$$</p><p>geht durch den Punkt \(P\) und durchstößt die Ebene \(E\) im rechten Winkel.</p><p>Nun braucht man nur noch den Schnittpunkt von \(g\) mit \(E\) berechnen.</p><p>Dieser ist gerade der gesuchte Lotfußpunkt.</p><p>Durch Einsetzen der drei Komponenten der Geradengleichung in \(E\) erhält man \(t=<printedVariable identifier="-s" />\) und somit ist \(L=(<printedVariable identifier="l1" />,<printedVariable identifier="l2" />,<printedVariable identifier="l3" />)\).</p></modalFeedback><modalFeedback  identifier="Feedback899117828" outcomeIdentifier="FEEDBACKMODAL" showHide="show" title="Leider falsch!"><p>Musterlösung:</p><p>Durch die Ebenengleichung ist gleichzeitig ein Normalenvektor der Ebene bekannt.</p><p>Dieser steht senkrecht zur Ebene. In diesem Fall ist \(\vec n=(<printedVariable identifier="a" />,<printedVariable identifier="b" />,<printedVariable identifier="c" />)\) ein Normalenvektor.</p><p>Die Gerade</p><p>$$g:\begin{pmatrix}x(t)\\y(t)\\z(t)\end{pmatrix}=\begin{pmatrix}<printedVariable identifier="p1" />\\<printedVariable identifier="p2" />\\<printedVariable identifier="p3" />\end{pmatrix}+t\cdot\begin{pmatrix}<printedVariable identifier="a" />\\<printedVariable identifier="b" />\\<printedVariable identifier="c" />\end{pmatrix}$$</p><p>geht durch den Punkt \(P\) und durchstößt die Ebene \(E\) im rechten Winkel.</p><p>Nun braucht man nur noch den Schnittpunkt von \(g\) mit \(E\) berechnen.</p><p>Dieser ist gerade der gesuchte Lotfußpunkt.</p><p>Durch Einsetzen der drei Komponenten der Geradengleichung in \(E\) erhält man \(t=<printedVariable identifier="-s" />\) und somit ist \(L=(<printedVariable identifier="l1" />,<printedVariable identifier="l2" />,<printedVariable identifier="l3" />)\).</p></modalFeedback></assessmentItem>
