<?xml version="1.0" encoding="UTF-8"?>
<assessmentItem xmlns="http://www.imsglobal.org/xsd/imsqti_v2p1" xmlns:xsi="http://www.w3.org/2001/XMLSchema-instance" xsi:schemaLocation="http://www.imsglobal.org/xsd/imsqti_v2p1 http://www.imsglobal.org/xsd/qti/qtiv2p1/imsqti_v2p1p1.xsd http://www.w3.org/1998/Math/MathML http://www.w3.org/Math/XMLSchema/mathml2/mathml2.xsd" identifier="id3fb41a05-c4de-464c-b744-c8c2303d7668" title="AbsInverse" adaptive="false" timeDependent="false"><responseDeclaration identifier="RESPONSE_1399486818051" cardinality="single" baseType="string" /><responseDeclaration identifier="RESPONSE_1399487585914" cardinality="single" baseType="string" /><outcomeDeclaration identifier="SCORE" cardinality="single" baseType="float"><defaultValue><value>0</value></defaultValue></outcomeDeclaration><outcomeDeclaration identifier="MAXSCORE" cardinality="single" baseType="float"><defaultValue><value>2</value></defaultValue></outcomeDeclaration><outcomeDeclaration identifier="FEEDBACKBASIC" cardinality="single" baseType="identifier" view="testConstructor"><defaultValue><value>empty</value></defaultValue></outcomeDeclaration><templateDeclaration identifier="a" cardinality="single" baseType="integer" /><templateDeclaration identifier="b" cardinality="single" baseType="integer" /><templateDeclaration identifier="c" cardinality="single" baseType="integer" /><templateDeclaration identifier="d" cardinality="single" baseType="integer" /><templateDeclaration identifier="rq" cardinality="single" baseType="integer" /><templateDeclaration identifier="r" cardinality="single" baseType="integer" /><templateProcessing><setTemplateValue identifier="a"><randomInteger min="1" max="10" /></setTemplateValue><setTemplateValue identifier="b"><randomInteger min="1" max="10" /></setTemplateValue><setTemplateValue identifier="c"><randomInteger min="1" max="10" /></setTemplateValue><setTemplateValue identifier="d"><randomInteger min="1" max="10" /></setTemplateValue><setTemplateValue identifier="rq"><customOperator definition="MAXIMA" value="float($(1)^2+$(2)^2);"><variable identifier="a" /><variable identifier="b" /></customOperator></setTemplateValue><setTemplateValue identifier="r"><customOperator definition="MAXIMA" value="float($(1)^2+$(2)^2);"><variable identifier="c" /><variable identifier="d" /></customOperator></setTemplateValue><setCorrectResponse identifier="RESPONSE_1399486818051"><customOperator definition="VARIABLESTRING" value="sqrt($(2))*$(1)/$(3)"><variable identifier="c" /><variable identifier="rq" /><variable identifier="r" /></customOperator></setCorrectResponse><setCorrectResponse identifier="RESPONSE_1399487585914"><customOperator definition="VARIABLESTRING" value="-sqrt($(2))*$(1)/$(3)"><variable identifier="d" /><variable identifier="rq" /><variable identifier="r" /></customOperator></setCorrectResponse></templateProcessing><itemBody ><p><p>Compute the real part and the imaginary part of \(z=\displaystyle\frac{|<printedVariable identifier="a" />+<printedVariable identifier="b" />\mathrm{i}|}{<printedVariable identifier="c" />+<printedVariable identifier="d" />\mathrm{i}}\).</p><p> </p><p>Re(\(z\)): <textEntryInteraction responseIdentifier="RESPONSE_1399486818051" class="maxima-formula show-latex show-syntax-error" /> and Imag(\(z\)):=<textEntryInteraction responseIdentifier="RESPONSE_1399487585914" class="maxima-formula show-latex show-syntax-error" /></p><p>Give the exact solution, e.g., 3*sqrt(5)/6.</p></p></itemBody><responseProcessing><responseCondition><responseIf><customOperator definition="MAXIMA" value="is(equal(ev($(1)),ev($(2))));"><variable identifier="RESPONSE_1399486818051" /><correct identifier="RESPONSE_1399486818051" /></customOperator><setOutcomeValue identifier="SCORE"><sum><variable identifier="SCORE" /><baseValue baseType="float">1</baseValue></sum></setOutcomeValue></responseIf></responseCondition><responseCondition><responseIf><not><isNull><variable identifier="RESPONSE_1399486818051" /></isNull></not><setOutcomeValue identifier="FEEDBACKBASIC"><baseValue baseType="identifier">incorrect</baseValue></setOutcomeValue></responseIf></responseCondition><responseCondition><responseIf><customOperator definition="MAXIMA" value="is(equal(ev($(1)),ev($(2))));"><variable identifier="RESPONSE_1399487585914" /><correct identifier="RESPONSE_1399487585914" /></customOperator><setOutcomeValue identifier="SCORE"><sum><variable identifier="SCORE" /><baseValue baseType="float">1</baseValue></sum></setOutcomeValue></responseIf></responseCondition><responseCondition><responseIf><not><isNull><variable identifier="RESPONSE_1399487585914" /></isNull></not><setOutcomeValue identifier="FEEDBACKBASIC"><baseValue baseType="identifier">incorrect</baseValue></setOutcomeValue></responseIf></responseCondition><responseCondition><responseIf><and><not><match><variable identifier="FEEDBACKBASIC" /><baseValue baseType="identifier">empty</baseValue></match></not><equal toleranceMode="exact"><variable identifier="SCORE" /><variable identifier="MAXSCORE" /></equal></and><setOutcomeValue identifier="FEEDBACKBASIC"><baseValue baseType="identifier">correct</baseValue></setOutcomeValue></responseIf></responseCondition></responseProcessing></assessmentItem>
