<?xml version="1.0" encoding="UTF-8"?>
<assessmentItem xmlns="http://www.imsglobal.org/xsd/imsqti_v2p1" xmlns:xsi="http://www.w3.org/2001/XMLSchema-instance" xsi:schemaLocation="http://www.imsglobal.org/xsd/imsqti_v2p1 http://www.imsglobal.org/xsd/qti/qtiv2p1/imsqti_v2p1p1.xsd http://www.w3.org/1998/Math/MathML http://www.w3.org/Math/XMLSchema/mathml2/mathml2.xsd" identifier="idd882efa7-730e-4639-8da2-9884ed95562e" title="lgs_komplex_2x2" adaptive="false" timeDependent="false"><responseDeclaration identifier="RESPONSE_1418904963224" cardinality="single" baseType="float"><correctResponse><value>0</value></correctResponse></responseDeclaration><responseDeclaration identifier="RESPONSE_1418904967884" cardinality="single" baseType="float"><correctResponse><value>0</value></correctResponse></responseDeclaration><responseDeclaration identifier="RESPONSE_1418904970740" cardinality="single" baseType="float"><correctResponse><value>0</value></correctResponse></responseDeclaration><responseDeclaration identifier="RESPONSE_1418904973706" cardinality="single" baseType="float"><correctResponse><value>0</value></correctResponse></responseDeclaration><outcomeDeclaration identifier="SCORE" cardinality="single" baseType="float"><defaultValue><value>0</value></defaultValue></outcomeDeclaration><outcomeDeclaration identifier="MAXSCORE" cardinality="single" baseType="float"><defaultValue><value>2</value></defaultValue></outcomeDeclaration><outcomeDeclaration identifier="FEEDBACKBASIC" cardinality="single" baseType="identifier" view="testConstructor"><defaultValue><value>empty</value></defaultValue></outcomeDeclaration><outcomeDeclaration identifier="FEEDBACKMODAL" cardinality="multiple" baseType="identifier" view="testConstructor" /><templateDeclaration identifier="x" cardinality="single" baseType="integer" /><templateDeclaration identifier="y" cardinality="single" baseType="integer" /><templateDeclaration identifier="z" cardinality="single" baseType="integer" /><templateDeclaration identifier="ar" cardinality="single" baseType="integer" /><templateDeclaration identifier="ai" cardinality="single" baseType="integer" /><templateDeclaration identifier="br" cardinality="single" baseType="integer" /><templateDeclaration identifier="bi" cardinality="single" baseType="integer" /><templateDeclaration identifier="f1" cardinality="single" baseType="string" /><templateDeclaration identifier="f2" cardinality="single" baseType="string" /><templateDeclaration identifier="tex_a" cardinality="single" baseType="string" /><templateDeclaration identifier="tex_b" cardinality="single" baseType="string" /><templateProcessing><setTemplateValue identifier="x"><randomInteger min="1" max="7" step="2" /></setTemplateValue><setTemplateValue identifier="y"><randomInteger min="2" max="6" step="2" /></setTemplateValue><setTemplateValue identifier="z"><randomInteger min="1" max="5" /></setTemplateValue><setTemplateValue identifier="ar"><random><multiple><baseValue baseType="integer">-3</baseValue><baseValue baseType="integer">-2</baseValue><baseValue baseType="integer">-1</baseValue><baseValue baseType="integer">1</baseValue><baseValue baseType="integer">2</baseValue><baseValue baseType="integer">3</baseValue></multiple></random></setTemplateValue><setTemplateValue identifier="ai"><random><multiple><baseValue baseType="integer">-3</baseValue><baseValue baseType="integer">-2</baseValue><baseValue baseType="integer">-1</baseValue><baseValue baseType="integer">1</baseValue><baseValue baseType="integer">2</baseValue><baseValue baseType="integer">3</baseValue></multiple></random></setTemplateValue><setTemplateValue identifier="br"><random><multiple><baseValue baseType="integer">-3</baseValue><baseValue baseType="integer">-2</baseValue><baseValue baseType="integer">-1</baseValue><baseValue baseType="integer">1</baseValue><baseValue baseType="integer">2</baseValue><baseValue baseType="integer">3</baseValue></multiple></random></setTemplateValue><setTemplateValue identifier="bi"><random><multiple><baseValue baseType="integer">-3</baseValue><baseValue baseType="integer">-2</baseValue><baseValue baseType="integer">-1</baseValue><baseValue baseType="integer">1</baseValue><baseValue baseType="integer">2</baseValue><baseValue baseType="integer">3</baseValue></multiple></random></setTemplateValue><setTemplateValue identifier="f1"><customOperator definition="MAXIMA" value="ssubst(&quot;\\mathrm i&quot;,&quot;i&quot;,tex1(rectform(($(1)+%i*$(2))*($(3)+%i*$(4))+$(5)+%i*$(6))))"><variable identifier="x" /><variable identifier="y" /><variable identifier="ar" /><variable identifier="ai" /><variable identifier="br" /><variable identifier="bi" /></customOperator></setTemplateValue><setTemplateValue identifier="f2"><customOperator definition="MAXIMA" value="ssubst(&quot;\\mathrm i&quot;,&quot;i&quot;,tex1(rectform($(1)*($(2)+%i*$(3))+$(4)+%i*$(5))))"><variable identifier="z" /><variable identifier="ar" /><variable identifier="ai" /><variable identifier="br" /><variable identifier="bi" /></customOperator></setTemplateValue><setTemplateValue identifier="tex_a"><customOperator definition="MAXIMA" value="ssubst(&quot;\\mathrm i&quot;,&quot;i&quot;,tex1($(1)+%i*$(2)))"><variable identifier="ar" /><variable identifier="ai" /></customOperator></setTemplateValue><setTemplateValue identifier="tex_b"><customOperator definition="MAXIMA" value="ssubst(&quot;\\mathrm i&quot;,&quot;i&quot;,tex1($(1)+%i*$(2)))"><variable identifier="br" /><variable identifier="bi" /></customOperator></setTemplateValue><setCorrectResponse identifier="RESPONSE_1418904963224"><variable identifier="ar" /></setCorrectResponse><setCorrectResponse identifier="RESPONSE_1418904967884"><variable identifier="ai" /></setCorrectResponse><setCorrectResponse identifier="RESPONSE_1418904970740"><variable identifier="br" /></setCorrectResponse><setCorrectResponse identifier="RESPONSE_1418904973706"><variable identifier="bi" /></setCorrectResponse></templateProcessing><itemBody ><p>Für \(z\in\mathbb C\) betrachten wir eine Funktion der Form \(f(z)=a\cdot z+b\), wobei \(a\) und \(b\) selbst komplexe Zahlen sind.</p><p>Nun sei folgendes bekannt:</p><ul><li>\(f(<printedVariable identifier="x" />+<printedVariable identifier="y" />\mathrm i)=<printedVariable identifier="f1" />\)</li><li>\(f(<printedVariable identifier="z" />)=<printedVariable identifier="f2" />\)</li></ul><p>Bestimmen Sie die Koeffizienten \(a\) und \(b\) durch Lösen eines linearen Gleichungssystems.</p><p><strong>Lösung:</strong></p><p>\(a = \) <textEntryInteraction responseIdentifier="RESPONSE_1418904963224" expectedLength="2" /> + <textEntryInteraction responseIdentifier="RESPONSE_1418904967884" expectedLength="2" /> \(\mathrm i\)</p><p>\(b = \) <textEntryInteraction responseIdentifier="RESPONSE_1418904970740" expectedLength="2" /> + <textEntryInteraction responseIdentifier="RESPONSE_1418904973706" expectedLength="2" /> \(\mathrm i\)</p></itemBody><responseProcessing><responseCondition><responseIf><equal toleranceMode="exact"><variable identifier="RESPONSE_1418904963224" /><correct identifier="RESPONSE_1418904963224" /></equal><setOutcomeValue identifier="SCORE"><sum><variable identifier="SCORE" /><baseValue baseType="float">0.5</baseValue></sum></setOutcomeValue></responseIf></responseCondition><responseCondition><responseIf><not><isNull><variable identifier="RESPONSE_1418904963224" /></isNull></not><setOutcomeValue identifier="FEEDBACKBASIC"><baseValue baseType="identifier">incorrect</baseValue></setOutcomeValue></responseIf></responseCondition><responseCondition><responseIf><equal toleranceMode="exact"><variable identifier="RESPONSE_1418904967884" /><correct identifier="RESPONSE_1418904967884" /></equal><setOutcomeValue identifier="SCORE"><sum><variable identifier="SCORE" /><baseValue baseType="float">0.5</baseValue></sum></setOutcomeValue></responseIf></responseCondition><responseCondition><responseIf><not><isNull><variable identifier="RESPONSE_1418904967884" /></isNull></not><setOutcomeValue identifier="FEEDBACKBASIC"><baseValue baseType="identifier">incorrect</baseValue></setOutcomeValue></responseIf></responseCondition><responseCondition><responseIf><equal toleranceMode="exact"><variable identifier="RESPONSE_1418904970740" /><correct identifier="RESPONSE_1418904970740" /></equal><setOutcomeValue identifier="SCORE"><sum><variable identifier="SCORE" /><baseValue baseType="float">0.5</baseValue></sum></setOutcomeValue></responseIf></responseCondition><responseCondition><responseIf><not><isNull><variable identifier="RESPONSE_1418904970740" /></isNull></not><setOutcomeValue identifier="FEEDBACKBASIC"><baseValue baseType="identifier">incorrect</baseValue></setOutcomeValue></responseIf></responseCondition><responseCondition><responseIf><equal toleranceMode="exact"><variable identifier="RESPONSE_1418904973706" /><correct identifier="RESPONSE_1418904973706" /></equal><setOutcomeValue identifier="SCORE"><sum><variable identifier="SCORE" /><baseValue baseType="float">0.5</baseValue></sum></setOutcomeValue></responseIf></responseCondition><responseCondition><responseIf><not><isNull><variable identifier="RESPONSE_1418904973706" /></isNull></not><setOutcomeValue identifier="FEEDBACKBASIC"><baseValue baseType="identifier">incorrect</baseValue></setOutcomeValue></responseIf></responseCondition><responseCondition><responseIf><and><not><match><variable identifier="FEEDBACKBASIC" /><baseValue baseType="identifier">empty</baseValue></match></not><equal toleranceMode="exact"><variable identifier="SCORE" /><variable identifier="MAXSCORE" /></equal></and><setOutcomeValue identifier="FEEDBACKBASIC"><baseValue baseType="identifier">correct</baseValue></setOutcomeValue></responseIf></responseCondition><responseCondition><responseIf><and><match><baseValue baseType="identifier">correct</baseValue><variable identifier="FEEDBACKBASIC" /></match></and><setOutcomeValue identifier="FEEDBACKMODAL"><multiple><variable identifier="FEEDBACKMODAL" /><baseValue baseType="identifier">Feedback1492703123</baseValue></multiple></setOutcomeValue></responseIf></responseCondition><responseCondition><responseIf><and><match><baseValue baseType="identifier">incorrect</baseValue><variable identifier="FEEDBACKBASIC" /></match></and><setOutcomeValue identifier="FEEDBACKMODAL"><multiple><variable identifier="FEEDBACKMODAL" /><baseValue baseType="identifier">Feedback518572989</baseValue></multiple></setOutcomeValue></responseIf></responseCondition></responseProcessing><modalFeedback  identifier="Feedback1492703123" outcomeIdentifier="FEEDBACKMODAL" showHide="show" title="Richtig!"><p>Wir haben</p><ul><li>\(f(<printedVariable identifier="x" />+<printedVariable identifier="y" />\mathrm i)=a\cdot(<printedVariable identifier="x" />+<printedVariable identifier="y" />\mathrm i)+b=<printedVariable identifier="f1" />\)</li><li>\(f(<printedVariable identifier="z" />)=a\cdot<printedVariable identifier="z" />+b=<printedVariable identifier="f2" />\)</li></ul><p>Zu lösen ist also das folgende lineare Gleichungssystem:</p><p>$$\begin{pmatrix}<printedVariable identifier="x" />+<printedVariable identifier="y" />\mathrm i &amp; 1\\<printedVariable identifier="z" /> &amp; 1\end{pmatrix}\cdot\begin{pmatrix}a\\b\end{pmatrix}=\begin{pmatrix}<printedVariable identifier="f1" />\\<printedVariable identifier="f2" />\end{pmatrix}.$$</p><p>Durch wenige Umformungen gelangt man schließlich zur Lösung \(a=<printedVariable identifier="tex_a" />\), \(b=<printedVariable identifier="tex_b" />\).</p></modalFeedback><modalFeedback  identifier="Feedback518572989" outcomeIdentifier="FEEDBACKMODAL" showHide="show" title="Leider nicht (vollständig) richtig!"><p>Wir haben</p><ul><li>\(f(<printedVariable identifier="x" />+<printedVariable identifier="y" />\mathrm i)=a\cdot(<printedVariable identifier="x" />+<printedVariable identifier="y" />\mathrm i)+b=<printedVariable identifier="f1" />\)</li><li>\(f(<printedVariable identifier="z" />)=a\cdot<printedVariable identifier="z" />+b=<printedVariable identifier="f2" />\)</li></ul><p>Zu lösen ist also das folgende lineare Gleichungssystem:</p><p>$$\begin{pmatrix}<printedVariable identifier="x" />+<printedVariable identifier="y" />\mathrm i &amp; 1\\<printedVariable identifier="z" /> &amp; 1\end{pmatrix}\cdot\begin{pmatrix}a\\b\end{pmatrix}=\begin{pmatrix}<printedVariable identifier="f1" />\\<printedVariable identifier="f2" />\end{pmatrix}.$$</p><p>Durch wenige Umformungen gelangt man schließlich zur Lösung \(a=<printedVariable identifier="tex_a" />\), \(b=<printedVariable identifier="tex_b" />\).</p></modalFeedback></assessmentItem>
