<?xml version="1.0" encoding="UTF-8"?>
<assessmentItem xmlns="http://www.imsglobal.org/xsd/imsqti_v2p1" xmlns:xsi="http://www.w3.org/2001/XMLSchema-instance" xsi:schemaLocation="http://www.imsglobal.org/xsd/imsqti_v2p1 http://www.imsglobal.org/xsd/qti/qtiv2p1/imsqti_v2p1p1.xsd http://www.w3.org/1998/Math/MathML http://www.w3.org/Math/XMLSchema/mathml2/mathml2.xsd" identifier="idee5550b0-d715-48e6-98fc-c836cea0450d" title="ebene_parameterfrei_02" adaptive="false" timeDependent="false"><responseDeclaration identifier="RESPONSE_1386239570928" cardinality="single" baseType="float"><correctResponse><value>0</value></correctResponse></responseDeclaration><responseDeclaration identifier="RESPONSE_1386239588062" cardinality="single" baseType="float"><correctResponse><value>0</value></correctResponse></responseDeclaration><responseDeclaration identifier="RESPONSE_1386239600060" cardinality="single" baseType="float"><correctResponse><value>0</value></correctResponse></responseDeclaration><outcomeDeclaration identifier="SCORE" cardinality="single" baseType="float"><defaultValue><value>0</value></defaultValue></outcomeDeclaration><outcomeDeclaration identifier="MAXSCORE" cardinality="single" baseType="float"><defaultValue><value>3</value></defaultValue></outcomeDeclaration><outcomeDeclaration identifier="FEEDBACKBASIC" cardinality="single" baseType="identifier" view="testConstructor"><defaultValue><value>empty</value></defaultValue></outcomeDeclaration><templateDeclaration identifier="a1" cardinality="single" baseType="integer" /><templateDeclaration identifier="a2_sign" cardinality="single" baseType="integer" /><templateDeclaration identifier="a2_abs" cardinality="single" baseType="integer" /><templateDeclaration identifier="a2" cardinality="single" baseType="float" /><templateDeclaration identifier="a3_sign" cardinality="single" baseType="integer" /><templateDeclaration identifier="a3_abs" cardinality="single" baseType="integer" /><templateDeclaration identifier="a3" cardinality="single" baseType="float" /><templateDeclaration identifier="b1_sign" cardinality="single" baseType="integer" /><templateDeclaration identifier="b1_abs" cardinality="single" baseType="integer" /><templateDeclaration identifier="b1" cardinality="single" baseType="float" /><templateDeclaration identifier="b2_sign" cardinality="single" baseType="integer" /><templateDeclaration identifier="b2_abs" cardinality="single" baseType="integer" /><templateDeclaration identifier="b2" cardinality="single" baseType="float" /><templateDeclaration identifier="b3" cardinality="single" baseType="integer" /><templateDeclaration identifier="c1_sign" cardinality="single" baseType="integer" /><templateDeclaration identifier="c1_abs" cardinality="single" baseType="integer" /><templateDeclaration identifier="c1" cardinality="single" baseType="float" /><templateDeclaration identifier="c2" cardinality="single" baseType="integer" /><templateDeclaration identifier="c3_sign" cardinality="single" baseType="integer" /><templateDeclaration identifier="c3_abs" cardinality="single" baseType="integer" /><templateDeclaration identifier="c3" cardinality="single" baseType="float" /><templateDeclaration identifier="v1" cardinality="single" baseType="float" /><templateDeclaration identifier="v2" cardinality="single" baseType="float" /><templateDeclaration identifier="v3" cardinality="single" baseType="float" /><templateDeclaration identifier="w1" cardinality="single" baseType="float" /><templateDeclaration identifier="w2" cardinality="single" baseType="float" /><templateDeclaration identifier="w3" cardinality="single" baseType="float" /><templateDeclaration identifier="n1" cardinality="single" baseType="float" /><templateDeclaration identifier="n2" cardinality="single" baseType="float" /><templateDeclaration identifier="n3" cardinality="single" baseType="float" /><templateDeclaration identifier="d" cardinality="single" baseType="float" /><templateProcessing><setTemplateValue identifier="a1"><randomInteger min="0" max="0" step="0" /></setTemplateValue><setTemplateValue identifier="a2_sign"><randomInteger min="-1" max="1" step="2" /></setTemplateValue><setTemplateValue identifier="a2_abs"><randomInteger min="1" max="6" /></setTemplateValue><setTemplateValue identifier="a2"><customOperator definition="MAXIMA" value="float($(1)*$(2));"><variable identifier="a2_sign" /><variable identifier="a2_abs" /></customOperator></setTemplateValue><setTemplateValue identifier="a3_sign"><randomInteger min="-1" max="1" step="2" /></setTemplateValue><setTemplateValue identifier="a3_abs"><randomInteger min="1" max="6" /></setTemplateValue><setTemplateValue identifier="a3"><customOperator definition="MAXIMA" value="float($(1)*$(2));"><variable identifier="a3_sign" /><variable identifier="a3_abs" /></customOperator></setTemplateValue><setTemplateValue identifier="b1_sign"><randomInteger min="-1" max="1" step="2" /></setTemplateValue><setTemplateValue identifier="b1_abs"><randomInteger min="1" max="6" /></setTemplateValue><setTemplateValue identifier="b1"><customOperator definition="MAXIMA" value="float($(1)*$(2));"><variable identifier="b1_sign" /><variable identifier="b1_abs" /></customOperator></setTemplateValue><setTemplateValue identifier="b2_sign"><randomInteger min="-1" max="1" step="2" /></setTemplateValue><setTemplateValue identifier="b2_abs"><randomInteger min="1" max="6" /></setTemplateValue><setTemplateValue identifier="b2"><customOperator definition="MAXIMA" value="float($(1)*$(2));"><variable identifier="b2_sign" /><variable identifier="b2_abs" /></customOperator></setTemplateValue><setTemplateValue identifier="b3"><randomInteger min="0" max="0" step="0" /></setTemplateValue><setTemplateValue identifier="c1_sign"><randomInteger min="-1" max="1" step="2" /></setTemplateValue><setTemplateValue identifier="c1_abs"><randomInteger min="1" max="6" /></setTemplateValue><setTemplateValue identifier="c1"><customOperator definition="MAXIMA" value="float($(1)*$(2));"><variable identifier="c1_sign" /><variable identifier="c1_abs" /></customOperator></setTemplateValue><setTemplateValue identifier="c2"><randomInteger min="0" max="0" step="0" /></setTemplateValue><setTemplateValue identifier="c3_sign"><randomInteger min="-1" max="1" step="2" /></setTemplateValue><setTemplateValue identifier="c3_abs"><randomInteger min="1" max="6" /></setTemplateValue><setTemplateValue identifier="c3"><customOperator definition="MAXIMA" value="float($(1)*$(2));"><variable identifier="c3_sign" /><variable identifier="c3_abs" /></customOperator></setTemplateValue><setTemplateValue identifier="v1"><customOperator definition="MAXIMA" value="float($(1)-$(2));"><variable identifier="b1" /><variable identifier="a1" /></customOperator></setTemplateValue><setTemplateValue identifier="v2"><customOperator definition="MAXIMA" value="float($(1)-$(2));"><variable identifier="b2" /><variable identifier="a2" /></customOperator></setTemplateValue><setTemplateValue identifier="v3"><customOperator definition="MAXIMA" value="float($(1)-$(2));"><variable identifier="b3" /><variable identifier="a3" /></customOperator></setTemplateValue><setTemplateValue identifier="w1"><customOperator definition="MAXIMA" value="float($(1)-$(2));"><variable identifier="c1" /><variable identifier="a1" /></customOperator></setTemplateValue><setTemplateValue identifier="w2"><customOperator definition="MAXIMA" value="float($(1)-$(2));"><variable identifier="c2" /><variable identifier="a2" /></customOperator></setTemplateValue><setTemplateValue identifier="w3"><customOperator definition="MAXIMA" value="float($(1)-$(2));"><variable identifier="c3" /><variable identifier="a3" /></customOperator></setTemplateValue><setTemplateValue identifier="n1"><customOperator definition="MAXIMA" value="float($(1)*$(2)-$(3)*$(4));"><variable identifier="v2" /><variable identifier="w3" /><variable identifier="v3" /><variable identifier="w2" /></customOperator></setTemplateValue><setTemplateValue identifier="n2"><customOperator definition="MAXIMA" value="float($(1)*$(2)-$(3)*$(4));"><variable identifier="v3" /><variable identifier="w1" /><variable identifier="v1" /><variable identifier="w3" /></customOperator></setTemplateValue><setTemplateValue identifier="n3"><customOperator definition="MAXIMA" value="float($(1)*$(2)-$(3)*$(4));"><variable identifier="v1" /><variable identifier="w2" /><variable identifier="v2" /><variable identifier="w1" /></customOperator></setTemplateValue><setTemplateValue identifier="d"><customOperator definition="MAXIMA" value="float($(1)*$(2)+$(3)*$(4)+$(5)*$(6));"><variable identifier="n1" /><variable identifier="a1" /><variable identifier="n2" /><variable identifier="a2" /><variable identifier="n3" /><variable identifier="a3" /></customOperator></setTemplateValue><setCorrectResponse identifier="RESPONSE_1386239570928"><variable identifier="n1" /></setCorrectResponse><setCorrectResponse identifier="RESPONSE_1386239588062"><variable identifier="n2" /></setCorrectResponse><setCorrectResponse identifier="RESPONSE_1386239600060"><variable identifier="n3" /></setCorrectResponse></templateProcessing><itemBody ><p>Gegeben sind die Punkte \(\vec A=(<printedVariable identifier="a1" />,<printedVariable identifier="a2" />,<printedVariable identifier="a3" />)\), \(\vec B=(<printedVariable identifier="b1" />,<printedVariable identifier="b2" />,<printedVariable identifier="b3" />)\) und \(\vec C=(<printedVariable identifier="c1" />,<printedVariable identifier="c2" />,<printedVariable identifier="c3" />)\).</p><p>Es sei \(E\) die durch diese drei Punkte aufgespannte Ebene. Ergänzen Sie die folgende parameterfreie Dartsellung.</p><p>\(E:\)<textEntryInteraction responseIdentifier="RESPONSE_1386239570928" />\(x+\)<textEntryInteraction responseIdentifier="RESPONSE_1386239588062" />\(y+\)<textEntryInteraction responseIdentifier="RESPONSE_1386239600060" />\(z=<printedVariable identifier="d" />\)</p></itemBody><responseProcessing><responseCondition><responseIf><equal toleranceMode="exact"><variable identifier="RESPONSE_1386239570928" /><correct identifier="RESPONSE_1386239570928" /></equal><setOutcomeValue identifier="SCORE"><sum><variable identifier="SCORE" /><baseValue baseType="float">1</baseValue></sum></setOutcomeValue></responseIf></responseCondition><responseCondition><responseIf><not><isNull><variable identifier="RESPONSE_1386239570928" /></isNull></not><setOutcomeValue identifier="FEEDBACKBASIC"><baseValue baseType="identifier">incorrect</baseValue></setOutcomeValue></responseIf></responseCondition><responseCondition><responseIf><equal toleranceMode="exact"><variable identifier="RESPONSE_1386239588062" /><correct identifier="RESPONSE_1386239588062" /></equal><setOutcomeValue identifier="SCORE"><sum><variable identifier="SCORE" /><baseValue baseType="float">1</baseValue></sum></setOutcomeValue></responseIf></responseCondition><responseCondition><responseIf><not><isNull><variable identifier="RESPONSE_1386239588062" /></isNull></not><setOutcomeValue identifier="FEEDBACKBASIC"><baseValue baseType="identifier">incorrect</baseValue></setOutcomeValue></responseIf></responseCondition><responseCondition><responseIf><equal toleranceMode="exact"><variable identifier="RESPONSE_1386239600060" /><correct identifier="RESPONSE_1386239600060" /></equal><setOutcomeValue identifier="SCORE"><sum><variable identifier="SCORE" /><baseValue baseType="float">1</baseValue></sum></setOutcomeValue></responseIf></responseCondition><responseCondition><responseIf><not><isNull><variable identifier="RESPONSE_1386239600060" /></isNull></not><setOutcomeValue identifier="FEEDBACKBASIC"><baseValue baseType="identifier">incorrect</baseValue></setOutcomeValue></responseIf></responseCondition><responseCondition><responseIf><and><not><match><variable identifier="FEEDBACKBASIC" /><baseValue baseType="identifier">empty</baseValue></match></not><equal toleranceMode="exact"><variable identifier="SCORE" /><variable identifier="MAXSCORE" /></equal></and><setOutcomeValue identifier="FEEDBACKBASIC"><baseValue baseType="identifier">correct</baseValue></setOutcomeValue></responseIf></responseCondition></responseProcessing></assessmentItem>
