<?xml version="1.0" encoding="UTF-8"?>
<assessmentItem xmlns="http://www.imsglobal.org/xsd/imsqti_v2p1" xmlns:xsi="http://www.w3.org/2001/XMLSchema-instance" xsi:schemaLocation="http://www.imsglobal.org/xsd/imsqti_v2p1 http://www.imsglobal.org/xsd/qti/qtiv2p1/imsqti_v2p1p1.xsd http://www.w3.org/1998/Math/MathML http://www.w3.org/Math/XMLSchema/mathml2/mathml2.xsd" identifier="idb94b18b7-a7c8-41f4-a7b7-986e2ec5b113" title="parabel_nullstellen_01" adaptive="false" timeDependent="false"><imsqti:responseDeclaration xmlns:imsqti="http://www.imsglobal.org/xsd/imsqti_v2p1" identifier="RESPONSE_1386159204215" cardinality="single" baseType="float"><imsqti:correctResponse><imsqti:value>0</imsqti:value></imsqti:correctResponse></imsqti:responseDeclaration><imsqti:responseDeclaration xmlns:imsqti="http://www.imsglobal.org/xsd/imsqti_v2p1" identifier="RESPONSE_1386159216597" cardinality="single" baseType="float"><imsqti:correctResponse><imsqti:value>0</imsqti:value></imsqti:correctResponse></imsqti:responseDeclaration><imsqti:outcomeDeclaration xmlns:imsqti="http://www.imsglobal.org/xsd/imsqti_v2p1" identifier="SCORE" cardinality="single" baseType="float"><imsqti:defaultValue><imsqti:value>0</imsqti:value></imsqti:defaultValue></imsqti:outcomeDeclaration><imsqti:outcomeDeclaration xmlns:imsqti="http://www.imsglobal.org/xsd/imsqti_v2p1" identifier="MAXSCORE" cardinality="single" baseType="float"><imsqti:defaultValue><imsqti:value>2</imsqti:value></imsqti:defaultValue></imsqti:outcomeDeclaration><imsqti:outcomeDeclaration xmlns:imsqti="http://www.imsglobal.org/xsd/imsqti_v2p1" identifier="FEEDBACKBASIC" cardinality="single" baseType="identifier" view="testConstructor"><imsqti:defaultValue><imsqti:value>empty</imsqti:value></imsqti:defaultValue></imsqti:outcomeDeclaration><imsqti:templateDeclaration xmlns:imsqti="http://www.imsglobal.org/xsd/imsqti_v2p1" identifier="x1abs" cardinality="single" baseType="integer" /><imsqti:templateDeclaration xmlns:imsqti="http://www.imsglobal.org/xsd/imsqti_v2p1" identifier="x1sign" cardinality="single" baseType="integer" /><imsqti:templateDeclaration xmlns:imsqti="http://www.imsglobal.org/xsd/imsqti_v2p1" identifier="x1" cardinality="single" baseType="float" /><imsqti:templateDeclaration xmlns:imsqti="http://www.imsglobal.org/xsd/imsqti_v2p1" identifier="x2abs" cardinality="single" baseType="integer" /><imsqti:templateDeclaration xmlns:imsqti="http://www.imsglobal.org/xsd/imsqti_v2p1" identifier="x2sign" cardinality="single" baseType="integer" /><imsqti:templateDeclaration xmlns:imsqti="http://www.imsglobal.org/xsd/imsqti_v2p1" identifier="x2" cardinality="single" baseType="float" /><imsqti:templateDeclaration xmlns:imsqti="http://www.imsglobal.org/xsd/imsqti_v2p1" identifier="sum" cardinality="single" baseType="float" /><imsqti:templateDeclaration xmlns:imsqti="http://www.imsglobal.org/xsd/imsqti_v2p1" identifier="prod" cardinality="single" baseType="float" /><imsqti:templateDeclaration xmlns:imsqti="http://www.imsglobal.org/xsd/imsqti_v2p1" identifier="s1" cardinality="single" baseType="string" /><imsqti:templateDeclaration xmlns:imsqti="http://www.imsglobal.org/xsd/imsqti_v2p1" identifier="s2" cardinality="single" baseType="string" /><imsqti:templateDeclaration xmlns:imsqti="http://www.imsglobal.org/xsd/imsqti_v2p1" identifier="sumabs" cardinality="single" baseType="float" /><imsqti:templateDeclaration xmlns:imsqti="http://www.imsglobal.org/xsd/imsqti_v2p1" identifier="prodabs" cardinality="single" baseType="float" /><imsqti:templateDeclaration xmlns:imsqti="http://www.imsglobal.org/xsd/imsqti_v2p1" identifier="nullstelle1" cardinality="single" baseType="float" /><imsqti:templateDeclaration xmlns:imsqti="http://www.imsglobal.org/xsd/imsqti_v2p1" identifier="nullstelle2" cardinality="single" baseType="float" /><imsqti:templateProcessing xmlns:imsqti="http://www.imsglobal.org/xsd/imsqti_v2p1"><imsqti:setTemplateValue identifier="x1abs"><imsqti:randomInteger min="1" max="6" /></imsqti:setTemplateValue><imsqti:setTemplateValue identifier="x1sign"><imsqti:randomInteger min="-1" max="1" step="2" /></imsqti:setTemplateValue><imsqti:setTemplateValue identifier="x1"><imsqti:customOperator definition="MAXIMA" value="float($(1)*$(2));"><imsqti:variable identifier="x1sign" /><imsqti:variable identifier="x1abs" /></imsqti:customOperator></imsqti:setTemplateValue><imsqti:setTemplateValue identifier="x2abs"><imsqti:randomInteger min="1" max="6" /></imsqti:setTemplateValue><imsqti:setTemplateValue identifier="x2sign"><imsqti:randomInteger min="-1" max="1" step="2" /></imsqti:setTemplateValue><imsqti:setTemplateValue identifier="x2"><imsqti:customOperator definition="MAXIMA" value="float($(1)*$(2));"><imsqti:variable identifier="x2sign" /><imsqti:variable identifier="x2abs" /></imsqti:customOperator></imsqti:setTemplateValue><imsqti:setTemplateValue identifier="sum"><imsqti:customOperator definition="MAXIMA" value="float($(1)+$(2));"><imsqti:variable identifier="x1" /><imsqti:variable identifier="x2" /></imsqti:customOperator></imsqti:setTemplateValue><imsqti:setTemplateValue identifier="prod"><imsqti:customOperator definition="MAXIMA" value="float($(1)*$(2));"><imsqti:variable identifier="x1" /><imsqti:variable identifier="x2" /></imsqti:customOperator></imsqti:setTemplateValue><imsqti:setTemplateValue identifier="s1"><imsqti:random><imsqti:multiple><imsqti:baseValue baseType="string">+</imsqti:baseValue><imsqti:baseValue baseType="string">-</imsqti:baseValue></imsqti:multiple></imsqti:random></imsqti:setTemplateValue><imsqti:templateCondition><imsqti:templateIf><imsqti:gt><imsqti:variable identifier="sum" /><imsqti:baseValue baseType="integer">0</imsqti:baseValue></imsqti:gt><imsqti:setTemplateValue identifier="s1"><imsqti:random><imsqti:multiple><imsqti:baseValue baseType="string">-</imsqti:baseValue></imsqti:multiple></imsqti:random></imsqti:setTemplateValue></imsqti:templateIf><imsqti:templateElse><imsqti:setTemplateValue identifier="s1"><imsqti:random><imsqti:multiple><imsqti:baseValue baseType="string">+</imsqti:baseValue></imsqti:multiple></imsqti:random></imsqti:setTemplateValue></imsqti:templateElse></imsqti:templateCondition><imsqti:setTemplateValue identifier="s2"><imsqti:random><imsqti:multiple><imsqti:baseValue baseType="string">+</imsqti:baseValue><imsqti:baseValue baseType="string">-</imsqti:baseValue></imsqti:multiple></imsqti:random></imsqti:setTemplateValue><imsqti:templateCondition><imsqti:templateIf><imsqti:gte><imsqti:variable identifier="prod" /><imsqti:baseValue baseType="integer">0</imsqti:baseValue></imsqti:gte><imsqti:setTemplateValue identifier="s2"><imsqti:random><imsqti:multiple><imsqti:baseValue baseType="string">+</imsqti:baseValue></imsqti:multiple></imsqti:random></imsqti:setTemplateValue></imsqti:templateIf><imsqti:templateElse><imsqti:setTemplateValue identifier="s2"><imsqti:random><imsqti:multiple><imsqti:baseValue baseType="string">-</imsqti:baseValue></imsqti:multiple></imsqti:random></imsqti:setTemplateValue></imsqti:templateElse></imsqti:templateCondition><imsqti:setTemplateValue identifier="sumabs"><imsqti:customOperator definition="MAXIMA" value="float(abs($(1)));"><imsqti:variable identifier="sum" /></imsqti:customOperator></imsqti:setTemplateValue><imsqti:setTemplateValue identifier="prodabs"><imsqti:customOperator definition="MAXIMA" value="float(abs($(1)));"><imsqti:variable identifier="prod" /></imsqti:customOperator></imsqti:setTemplateValue><imsqti:setTemplateValue identifier="nullstelle1"><imsqti:customOperator definition="MAXIMA" value="float(min($(1),$(2)));"><imsqti:variable identifier="x1" /><imsqti:variable identifier="x2" /></imsqti:customOperator></imsqti:setTemplateValue><imsqti:setTemplateValue identifier="nullstelle2"><imsqti:customOperator definition="MAXIMA" value="float(max($(1),$(2)));"><imsqti:variable identifier="x1" /><imsqti:variable identifier="x2" /></imsqti:customOperator></imsqti:setTemplateValue><imsqti:setCorrectResponse identifier="RESPONSE_1386159204215"><imsqti:variable identifier="nullstelle1" /></imsqti:setCorrectResponse><imsqti:setCorrectResponse identifier="RESPONSE_1386159216597"><imsqti:variable identifier="nullstelle2" /></imsqti:setCorrectResponse></imsqti:templateProcessing><itemBody ><p>Berechnen Sie die Nullstellen der Parabel \(p(x)=x^2<printedVariable identifier="s1" /><printedVariable identifier="sumabs" />x<printedVariable identifier="s2" /><printedVariable identifier="prodabs" />\).</p><p>Beginnen Sie mit der kleineren Nullstelle. Sollte es nur eine Nullstelle geben, so geben Sie diese bitte zweimal ein!</p><p>Nullstelle 1: <textEntryInteraction responseIdentifier="RESPONSE_1386159204215" /></p><p>Nullstelle 2: <textEntryInteraction responseIdentifier="RESPONSE_1386159216597" /></p></itemBody><imsqti:responseProcessing xmlns:imsqti="http://www.imsglobal.org/xsd/imsqti_v2p1"><imsqti:responseCondition><imsqti:responseIf><imsqti:equal toleranceMode="exact"><imsqti:variable identifier="RESPONSE_1386159204215" /><imsqti:correct identifier="RESPONSE_1386159204215" /></imsqti:equal><imsqti:setOutcomeValue identifier="SCORE"><imsqti:sum><imsqti:variable identifier="SCORE" /><imsqti:baseValue baseType="float">1</imsqti:baseValue></imsqti:sum></imsqti:setOutcomeValue></imsqti:responseIf></imsqti:responseCondition><imsqti:responseCondition><imsqti:responseIf><imsqti:not><imsqti:isNull><imsqti:variable identifier="RESPONSE_1386159204215" /></imsqti:isNull></imsqti:not><imsqti:setOutcomeValue identifier="FEEDBACKBASIC"><imsqti:baseValue baseType="identifier">incorrect</imsqti:baseValue></imsqti:setOutcomeValue></imsqti:responseIf></imsqti:responseCondition><imsqti:responseCondition><imsqti:responseIf><imsqti:equal toleranceMode="exact"><imsqti:variable identifier="RESPONSE_1386159216597" /><imsqti:correct identifier="RESPONSE_1386159216597" /></imsqti:equal><imsqti:setOutcomeValue identifier="SCORE"><imsqti:sum><imsqti:variable identifier="SCORE" /><imsqti:baseValue baseType="float">1</imsqti:baseValue></imsqti:sum></imsqti:setOutcomeValue></imsqti:responseIf></imsqti:responseCondition><imsqti:responseCondition><imsqti:responseIf><imsqti:not><imsqti:isNull><imsqti:variable identifier="RESPONSE_1386159216597" /></imsqti:isNull></imsqti:not><imsqti:setOutcomeValue identifier="FEEDBACKBASIC"><imsqti:baseValue baseType="identifier">incorrect</imsqti:baseValue></imsqti:setOutcomeValue></imsqti:responseIf></imsqti:responseCondition><imsqti:responseCondition><imsqti:responseIf><imsqti:and><imsqti:not><imsqti:match><imsqti:variable identifier="FEEDBACKBASIC" /><imsqti:baseValue baseType="identifier">empty</imsqti:baseValue></imsqti:match></imsqti:not><imsqti:equal toleranceMode="exact"><imsqti:variable identifier="SCORE" /><imsqti:variable identifier="MAXSCORE" /></imsqti:equal></imsqti:and><imsqti:setOutcomeValue identifier="FEEDBACKBASIC"><imsqti:baseValue baseType="identifier">correct</imsqti:baseValue></imsqti:setOutcomeValue></imsqti:responseIf></imsqti:responseCondition></imsqti:responseProcessing></assessmentItem>
