<?xml version="1.0" encoding="UTF-8"?>
<assessmentItem xmlns="http://www.imsglobal.org/xsd/imsqti_v2p1" xmlns:xsi="http://www.w3.org/2001/XMLSchema-instance" xsi:schemaLocation="http://www.imsglobal.org/xsd/imsqti_v2p1 http://www.imsglobal.org/xsd/qti/qtiv2p1/imsqti_v2p1p1.xsd http://www.w3.org/1998/Math/MathML http://www.w3.org/Math/XMLSchema/mathml2/mathml2.xsd" identifier="idabef033c-b536-4a55-a87a-b9ce8cea3e9a" title="Roots" adaptive="false" timeDependent="false"><responseDeclaration identifier="RESPONSE_1414340144769" cardinality="single" baseType="float"><correctResponse><value>0</value></correctResponse></responseDeclaration><responseDeclaration identifier="RESPONSE_1414340160683" cardinality="single" baseType="float"><correctResponse><value>0</value></correctResponse></responseDeclaration><outcomeDeclaration identifier="SCORE" cardinality="single" baseType="float"><defaultValue><value>0</value></defaultValue></outcomeDeclaration><outcomeDeclaration identifier="MAXSCORE" cardinality="single" baseType="float"><defaultValue><value>4</value></defaultValue></outcomeDeclaration><outcomeDeclaration identifier="FEEDBACKBASIC" cardinality="single" baseType="identifier" view="testConstructor"><defaultValue><value>empty</value></defaultValue></outcomeDeclaration><outcomeDeclaration identifier="FEEDBACKMODAL" cardinality="multiple" baseType="identifier" view="testConstructor" /><templateDeclaration identifier="n" cardinality="single" baseType="integer" /><templateDeclaration identifier="a" cardinality="single" baseType="integer" /><templateDeclaration identifier="b" cardinality="single" baseType="integer" /><templateDeclaration identifier="vzb" cardinality="single" baseType="string" /><templateDeclaration identifier="reroot" cardinality="single" baseType="float" /><templateDeclaration identifier="imroot" cardinality="single" baseType="float" /><templateProcessing><setTemplateValue identifier="n"><randomInteger min="3" max="8" /></setTemplateValue><setTemplateValue identifier="a"><randomInteger min="-20" max="20" /></setTemplateValue><setTemplateValue identifier="b"><randomInteger min="20" max="30" /></setTemplateValue><setTemplateValue identifier="vzb"><random><multiple><baseValue baseType="string">+</baseValue><baseValue baseType="string">-</baseValue></multiple></random></setTemplateValue><setTemplateValue identifier="reroot"><customOperator definition="MAXIMA" value="float(realpart( ($(1)$(2)$(3)*%i)^(1/$(4)) ))"><variable identifier="a" /><variable identifier="vzb" /><variable identifier="b" /><variable identifier="n" /></customOperator></setTemplateValue><setTemplateValue identifier="imroot"><customOperator definition="MAXIMA" value="float(imagpart( ($(1)$(2)$(3)*%i)^(1/$(4)) ))"><variable identifier="a" /><variable identifier="vzb" /><variable identifier="b" /><variable identifier="n" /></customOperator></setTemplateValue><setCorrectResponse identifier="RESPONSE_1414340144769"><variable identifier="reroot" /></setCorrectResponse><setCorrectResponse identifier="RESPONSE_1414340160683"><variable identifier="imroot" /></setCorrectResponse></templateProcessing><itemBody ><p>Compute the <printedVariable identifier="n" />th principal root \(\omega_0\) of z = <printedVariable identifier="a" /> <printedVariable identifier="vzb" /> <printedVariable identifier="b" /><strong> i</strong> in cartesian form:</p><p>Round the final results to two decimal places.</p><p>\( \omega_0\) = <textEntryInteraction responseIdentifier="RESPONSE_1414340144769" /> + <textEntryInteraction responseIdentifier="RESPONSE_1414340160683" /> <strong>i</strong>.</p><p> </p></itemBody><responseProcessing><responseCondition><responseIf><equal toleranceMode="absolute" tolerance="0.01 0.01" includeLowerBound="true" includeUpperBound="true"><variable identifier="RESPONSE_1414340144769" /><correct identifier="RESPONSE_1414340144769" /></equal><setOutcomeValue identifier="SCORE"><sum><variable identifier="SCORE" /><baseValue baseType="float">2</baseValue></sum></setOutcomeValue></responseIf></responseCondition><responseCondition><responseIf><not><isNull><variable identifier="RESPONSE_1414340144769" /></isNull></not><setOutcomeValue identifier="FEEDBACKBASIC"><baseValue baseType="identifier">incorrect</baseValue></setOutcomeValue></responseIf></responseCondition><responseCondition><responseIf><equal toleranceMode="absolute" tolerance="0.01 0.01" includeLowerBound="true" includeUpperBound="true"><variable identifier="RESPONSE_1414340160683" /><correct identifier="RESPONSE_1414340160683" /></equal><setOutcomeValue identifier="SCORE"><sum><variable identifier="SCORE" /><baseValue baseType="float">2</baseValue></sum></setOutcomeValue></responseIf></responseCondition><responseCondition><responseIf><not><isNull><variable identifier="RESPONSE_1414340160683" /></isNull></not><setOutcomeValue identifier="FEEDBACKBASIC"><baseValue baseType="identifier">incorrect</baseValue></setOutcomeValue></responseIf></responseCondition><responseCondition><responseIf><and><not><match><variable identifier="FEEDBACKBASIC" /><baseValue baseType="identifier">empty</baseValue></match></not><equal toleranceMode="exact"><variable identifier="SCORE" /><variable identifier="MAXSCORE" /></equal></and><setOutcomeValue identifier="FEEDBACKBASIC"><baseValue baseType="identifier">correct</baseValue></setOutcomeValue></responseIf></responseCondition><responseCondition><responseIf><and><match><baseValue baseType="identifier">incorrect</baseValue><variable identifier="FEEDBACKBASIC" /></match></and><setOutcomeValue identifier="FEEDBACKMODAL"><multiple><variable identifier="FEEDBACKMODAL" /><baseValue baseType="identifier">Feedback884395606</baseValue></multiple></setOutcomeValue></responseIf></responseCondition></responseProcessing><modalFeedback  identifier="Feedback884395606" outcomeIdentifier="FEEDBACKMODAL" showHide="show"><p>Compute first the polar form of z.</p></modalFeedback></assessmentItem>
