<?xml version="1.0" encoding="UTF-8"?>
<assessmentItem xmlns="http://www.imsglobal.org/xsd/imsqti_v2p1" xmlns:xsi="http://www.w3.org/2001/XMLSchema-instance" xsi:schemaLocation="http://www.imsglobal.org/xsd/imsqti_v2p1 http://www.imsglobal.org/xsd/qti/qtiv2p1/imsqti_v2p1p1.xsd http://www.w3.org/1998/Math/MathML http://www.w3.org/Math/XMLSchema/mathml2/mathml2.xsd" identifier="id9ea3a865-5625-4f36-8682-653b3af80af3" title="binomische_formeln_01" adaptive="false" timeDependent="false"><responseDeclaration identifier="RESPONSE_1" cardinality="multiple" baseType="directedPair"><correctResponse><value>idf57e6d9f-3d8b-471b-a5b4-6acf03b4e43f idb3100d4a-c4ba-4bba-9fd7-15b55b020cb0</value><value>idf1c89571-97ba-4574-bd86-811ff2d90ac5 id3fc9d1fe-dac0-46fc-9df5-b5ed163d752d</value><value>id9a4762f1-3c35-428b-9333-f1154b94545d id4282ccc5-2fc5-4278-bb8e-b08c92af32b6</value><value>id2fc2d4be-65bf-40b9-95c1-74d494ade0ad id92be0790-d70c-4934-80ef-74bec273a16e</value><value>idf9186c94-2c74-4a5c-a219-c3f3bc59c48c id92be0790-d70c-4934-80ef-74bec273a16e</value><value>ide1b22e8c-839c-47f8-8fdf-3d304e402f7d id4282ccc5-2fc5-4278-bb8e-b08c92af32b6</value></correctResponse></responseDeclaration><outcomeDeclaration identifier="SCORE" cardinality="single" baseType="float"><defaultValue><value>0</value></defaultValue></outcomeDeclaration><outcomeDeclaration identifier="MAXSCORE" cardinality="single" baseType="float"><defaultValue><value>1</value></defaultValue></outcomeDeclaration><outcomeDeclaration identifier="FEEDBACKBASIC" cardinality="single" baseType="identifier"><defaultValue><value>empty</value></defaultValue></outcomeDeclaration><itemBody ><p>Ordnen Sie richtig zu!</p><matchInteraction responseIdentifier="RESPONSE_1" shuffle="true" maxAssociations="0"><simpleMatchSet><simpleAssociableChoice identifier="idf1c89571-97ba-4574-bd86-811ff2d90ac5" fixed="false" matchMax="1"><p>$$(a+b)^2=$$</p></simpleAssociableChoice><simpleAssociableChoice identifier="id2fc2d4be-65bf-40b9-95c1-74d494ade0ad" fixed="false" matchMax="1"><p>$$(a-b)^2=$$</p></simpleAssociableChoice><simpleAssociableChoice identifier="idf9186c94-2c74-4a5c-a219-c3f3bc59c48c" fixed="false" matchMax="1"><p>$$(b-a)^2=$$</p></simpleAssociableChoice><simpleAssociableChoice identifier="id9a4762f1-3c35-428b-9333-f1154b94545d" fixed="false" matchMax="1"><p>$$(a-b)(a+b)=$$</p></simpleAssociableChoice><simpleAssociableChoice identifier="idf57e6d9f-3d8b-471b-a5b4-6acf03b4e43f" fixed="false" matchMax="1"><p>$$(-a+b)(a+b)=$$</p></simpleAssociableChoice><simpleAssociableChoice identifier="ide1b22e8c-839c-47f8-8fdf-3d304e402f7d" fixed="false" matchMax="1"><p>$$(-a-b)(-a+b)=$$</p></simpleAssociableChoice></simpleMatchSet><simpleMatchSet><simpleAssociableChoice identifier="id3fc9d1fe-dac0-46fc-9df5-b5ed163d752d" fixed="false" matchMax="0"><p>$$\;a^2+2ab+b^2\;$$</p></simpleAssociableChoice><simpleAssociableChoice identifier="id92be0790-d70c-4934-80ef-74bec273a16e" fixed="false" matchMax="0"><p>$$\;a^2-2ab+b^2\;$$</p></simpleAssociableChoice><simpleAssociableChoice identifier="ide7414843-de1e-43be-bb72-444332f14dec" fixed="false" matchMax="0"><p>$$\;a^2-2ab-b^2\;$$</p></simpleAssociableChoice><simpleAssociableChoice identifier="id4282ccc5-2fc5-4278-bb8e-b08c92af32b6" fixed="false" matchMax="0"><p>$$\;a^2-b^2\;$$</p></simpleAssociableChoice><simpleAssociableChoice identifier="idb3100d4a-c4ba-4bba-9fd7-15b55b020cb0" fixed="false" matchMax="0"><p>$$\;b^2-a^2\;$$</p></simpleAssociableChoice><simpleAssociableChoice identifier="id95d89fea-c190-4700-ad57-a4be31b7dd90" fixed="false" matchMax="0"><p>$$\;-a^2-b^2\;$$</p></simpleAssociableChoice></simpleMatchSet></matchInteraction></itemBody><responseProcessing><responseCondition><responseIf><isNull><variable identifier="RESPONSE_1" /></isNull><setOutcomeValue identifier="FEEDBACKBASIC"><baseValue baseType="identifier">empty</baseValue></setOutcomeValue></responseIf><responseElseIf><match><variable identifier="RESPONSE_1" /><correct identifier="RESPONSE_1" /></match><setOutcomeValue identifier="SCORE"><sum><variable identifier="SCORE" /><variable identifier="MAXSCORE" /></sum></setOutcomeValue><setOutcomeValue identifier="FEEDBACKBASIC"><baseValue baseType="identifier">correct</baseValue></setOutcomeValue></responseElseIf><responseElse><setOutcomeValue identifier="FEEDBACKBASIC"><baseValue baseType="identifier">incorrect</baseValue></setOutcomeValue></responseElse></responseCondition></responseProcessing></assessmentItem>
