<?xml version="1.0" encoding="UTF-8"?>
<assessmentItem xmlns="http://www.imsglobal.org/xsd/imsqti_v2p1" xmlns:xsi="http://www.w3.org/2001/XMLSchema-instance" xsi:schemaLocation="http://www.imsglobal.org/xsd/imsqti_v2p1 http://www.imsglobal.org/xsd/qti/qtiv2p1/imsqti_v2p1p1.xsd http://www.w3.org/1998/Math/MathML http://www.w3.org/Math/XMLSchema/mathml2/mathml2.xsd" identifier="idee7dc51d-5471-4dc2-b30f-52aa00434e8a" title="lagrange_polynome_graphisch_02" adaptive="false" timeDependent="false"><imsqti:responseDeclaration xmlns:imsqti="http://www.imsglobal.org/xsd/imsqti_v2p0" identifier="RESPONSE_1" cardinality="multiple" baseType="identifier"><imsqti:correctResponse><imsqti:value>idd59161d5-ad8e-4cbd-b380-87770128ddd4</imsqti:value><imsqti:value>id0ba93d0a-9206-4e3e-9f4a-179e8749893c</imsqti:value></imsqti:correctResponse><imsqti:mapping defaultValue="0" lowerBound="0.0"><imsqti:mapEntry mapKey="idd59161d5-ad8e-4cbd-b380-87770128ddd4" mappedValue="0.5" /><imsqti:mapEntry mapKey="id0ba93d0a-9206-4e3e-9f4a-179e8749893c" mappedValue="0.5" /><imsqti:mapEntry mapKey="id835cee44-0151-4fcd-af0e-a76ad32cafaa" mappedValue="-0.5" /><imsqti:mapEntry mapKey="idfbe4ffbc-2882-4fff-84ca-c59f1fff3b9b" mappedValue="-0.5" /></imsqti:mapping></imsqti:responseDeclaration><imsqti:outcomeDeclaration xmlns:imsqti="http://www.imsglobal.org/xsd/imsqti_v2p0" identifier="SCORE" cardinality="single" baseType="float"><imsqti:defaultValue><imsqti:value>0</imsqti:value></imsqti:defaultValue></imsqti:outcomeDeclaration><imsqti:outcomeDeclaration xmlns:imsqti="http://www.imsglobal.org/xsd/imsqti_v2p0" identifier="MAXSCORE" cardinality="single" baseType="float"><imsqti:defaultValue><imsqti:value>1</imsqti:value></imsqti:defaultValue></imsqti:outcomeDeclaration><imsqti:outcomeDeclaration xmlns:imsqti="http://www.imsglobal.org/xsd/imsqti_v2p0" identifier="FEEDBACKBASIC" cardinality="single" baseType="identifier" view="testConstructor"><imsqti:defaultValue><imsqti:value>empty</imsqti:value></imsqti:defaultValue></imsqti:outcomeDeclaration><imsqti:outcomeDeclaration xmlns:imsqti="http://www.imsglobal.org/xsd/imsqti_v2p0" identifier="FEEDBACKMODAL" cardinality="multiple" baseType="identifier" view="testConstructor" /><itemBody ><p>Gegeben seien die Stützstellen \(x_1=1\), \(x_2=2\) und \(x_3=3\).</p><p>Bei welchen der abgebildeteten Polynome handelt es sich um Lagrangesche Basispolynome zu diesen 3 Stützstellen?</p><choiceInteraction responseIdentifier="RESPONSE_1" shuffle="true" maxChoices="0" orientation="horizontal"><simpleChoice identifier="idd59161d5-ad8e-4cbd-b380-87770128ddd4"><p><img src="media%2Fmedium5780039302242876777lagrange1.png" alt="" width="400" height="300" /></p></simpleChoice><simpleChoice identifier="id0ba93d0a-9206-4e3e-9f4a-179e8749893c"><p><img src="media%2Fmedium3876546291380904684lagrange3.png" alt="" height="300" /></p></simpleChoice><simpleChoice identifier="id835cee44-0151-4fcd-af0e-a76ad32cafaa"><p><img src="media%2Fmedium4202335193836755188no_lagrange2.png" alt="" height="300" /></p></simpleChoice><simpleChoice identifier="idfbe4ffbc-2882-4fff-84ca-c59f1fff3b9b"><p><img src="media%2Fmedium1648302053292945695no_lagrange4.png" alt="" height="300" /></p></simpleChoice></choiceInteraction></itemBody><imsqti:responseProcessing xmlns:imsqti="http://www.imsglobal.org/xsd/imsqti_v2p0"><imsqti:responseCondition><imsqti:responseIf><imsqti:not><imsqti:isNull><imsqti:variable identifier="RESPONSE_1" /></imsqti:isNull></imsqti:not><imsqti:setOutcomeValue identifier="SCORE"><imsqti:sum><imsqti:variable identifier="SCORE" /><imsqti:mapResponse identifier="RESPONSE_1" /></imsqti:sum></imsqti:setOutcomeValue><imsqti:setOutcomeValue identifier="FEEDBACKBASIC"><imsqti:baseValue baseType="identifier">incorrect</imsqti:baseValue></imsqti:setOutcomeValue></imsqti:responseIf></imsqti:responseCondition><imsqti:responseCondition><imsqti:responseIf><imsqti:and><imsqti:not><imsqti:match><imsqti:variable identifier="FEEDBACKBASIC" /><imsqti:baseValue baseType="identifier">empty</imsqti:baseValue></imsqti:match></imsqti:not><imsqti:equal toleranceMode="exact"><imsqti:variable identifier="SCORE" /><imsqti:variable identifier="MAXSCORE" /></imsqti:equal></imsqti:and><imsqti:setOutcomeValue identifier="FEEDBACKBASIC"><imsqti:baseValue baseType="identifier">correct</imsqti:baseValue></imsqti:setOutcomeValue></imsqti:responseIf></imsqti:responseCondition><imsqti:responseCondition><imsqti:responseIf><imsqti:and><imsqti:match><imsqti:baseValue baseType="identifier">incorrect</imsqti:baseValue><imsqti:variable identifier="FEEDBACKBASIC" /></imsqti:match></imsqti:and><imsqti:setOutcomeValue identifier="FEEDBACKMODAL"><imsqti:multiple><imsqti:variable identifier="FEEDBACKMODAL" /><imsqti:baseValue baseType="identifier">Feedback76135396</imsqti:baseValue></imsqti:multiple></imsqti:setOutcomeValue></imsqti:responseIf></imsqti:responseCondition></imsqti:responseProcessing><modalFeedback  identifier="Feedback76135396" outcomeIdentifier="FEEDBACKMODAL" showHide="show" title="Man beachte:"><p>Lagrange-Polynome nehmen den Wert 1 nur in genau einer Stützstelle an!</p><p>Die Lagrange-Polynome zu 3 Stützstellen haben den Grad 2.<br />Eines der hier abgebildeten Polynome ist offenbar von höherer Ordnung!</p></modalFeedback></assessmentItem>
