<?xml version="1.0" encoding="UTF-8"?>
<assessmentItem xmlns="http://www.imsglobal.org/xsd/imsqti_v2p1" xmlns:xsi="http://www.w3.org/2001/XMLSchema-instance" xsi:schemaLocation="http://www.imsglobal.org/xsd/imsqti_v2p1 http://www.imsglobal.org/xsd/qti/qtiv2p1/imsqti_v2p1p1.xsd http://www.w3.org/1998/Math/MathML http://www.w3.org/Math/XMLSchema/mathml2/mathml2.xsd" identifier="id0eb4d846-548f-4b36-b7b7-c9ce8dd6ea61" title="VerknüpfteEreignisse" adaptive="false" timeDependent="false"><responseDeclaration identifier="RESPONSE_1400676517126" cardinality="single" baseType="float"><correctResponse><value>0</value></correctResponse></responseDeclaration><responseDeclaration identifier="RESPONSE_1400676640148" cardinality="single" baseType="float"><correctResponse><value>0</value></correctResponse></responseDeclaration><responseDeclaration identifier="RESPONSE_1400676686611" cardinality="single" baseType="float"><correctResponse><value>0</value></correctResponse></responseDeclaration><outcomeDeclaration identifier="SCORE" cardinality="single" baseType="float"><defaultValue><value>0</value></defaultValue></outcomeDeclaration><outcomeDeclaration identifier="MAXSCORE" cardinality="single" baseType="float"><defaultValue><value>6</value></defaultValue></outcomeDeclaration><outcomeDeclaration identifier="FEEDBACKBASIC" cardinality="single" baseType="identifier" view="testConstructor"><defaultValue><value>empty</value></defaultValue></outcomeDeclaration><outcomeDeclaration identifier="FEEDBACKMODAL" cardinality="multiple" baseType="identifier" view="testConstructor" /><templateDeclaration identifier="m1" cardinality="single" baseType="string" /><templateDeclaration identifier="m2" cardinality="single" baseType="string" /><templateDeclaration identifier="m3" cardinality="single" baseType="string" /><templateDeclaration identifier="m4" cardinality="single" baseType="string" /><templateDeclaration identifier="b" cardinality="single" baseType="float" /><templateDeclaration identifier="a" cardinality="single" baseType="float" /><templateDeclaration identifier="c" cardinality="single" baseType="float" /><templateProcessing><setTemplateValue identifier="m1"><random><multiple><baseValue baseType="string">92</baseValue><baseValue baseType="string">93</baseValue><baseValue baseType="string">94</baseValue><baseValue baseType="string">95</baseValue><baseValue baseType="string">96</baseValue><baseValue baseType="string">97</baseValue><baseValue baseType="string">98</baseValue><baseValue baseType="string">99</baseValue></multiple></random></setTemplateValue><setTemplateValue identifier="m2"><random><multiple><baseValue baseType="string">91</baseValue><baseValue baseType="string">92</baseValue><baseValue baseType="string">93</baseValue><baseValue baseType="string">94</baseValue><baseValue baseType="string">95</baseValue></multiple></random></setTemplateValue><setTemplateValue identifier="m3"><random><multiple><baseValue baseType="string">96</baseValue><baseValue baseType="string">97</baseValue><baseValue baseType="string">98</baseValue><baseValue baseType="string">88</baseValue><baseValue baseType="string">89</baseValue><baseValue baseType="string">90</baseValue></multiple></random></setTemplateValue><setTemplateValue identifier="m4"><random><multiple><baseValue baseType="string">92</baseValue><baseValue baseType="string">93</baseValue><baseValue baseType="string">94</baseValue><baseValue baseType="string">95</baseValue><baseValue baseType="string">96</baseValue><baseValue baseType="string">97</baseValue><baseValue baseType="string">98</baseValue><baseValue baseType="string">99</baseValue></multiple></random></setTemplateValue><setTemplateValue identifier="b"><customOperator definition="MAXIMA" value="float(($(1)*$(2)*$(3)*$(4)+(100-$(5))*$(6)*$(7)*$(8)+(100-$(9))*$(10)*$(11)*$(12)+(100-$(13))*$(14)*$(15)*$(16)+(100-$(17))*$(18)*$(19)*$(20))/100^3);"><variable identifier="m1" /><variable identifier="m2" /><variable identifier="m3" /><variable identifier="m4" /><variable identifier="m1" /><variable identifier="m2" /><variable identifier="m3" /><variable identifier="m4" /><variable identifier="m2" /><variable identifier="m1" /><variable identifier="m3" /><variable identifier="m4" /><variable identifier="m3" /><variable identifier="m1" /><variable identifier="m2" /><variable identifier="m4" /><variable identifier="m4" /><variable identifier="m1" /><variable identifier="m2" /><variable identifier="m3" /></customOperator></setTemplateValue><setTemplateValue identifier="a"><customOperator definition="MAXIMA" value="float($(1)*$(2)*$(3)*$(4)/100^3);"><variable identifier="m1" /><variable identifier="m2" /><variable identifier="m3" /><variable identifier="m4" /></customOperator></setTemplateValue><setTemplateValue identifier="c"><customOperator definition="MAXIMA" value="float(100-$(1));"><variable identifier="b" /></customOperator></setTemplateValue><setCorrectResponse identifier="RESPONSE_1400676517126"><variable identifier="a" /></setCorrectResponse><setCorrectResponse identifier="RESPONSE_1400676640148"><variable identifier="b" /></setCorrectResponse><setCorrectResponse identifier="RESPONSE_1400676686611"><variable identifier="c" /></setCorrectResponse></templateProcessing><itemBody ><p><p>Die Aufträge einer Druckerei werden auf vier gleichwertigen Maschinen bearbeitet.</p><p style="-qt-block-indent: 0; text-indent: 0px; margin: 0px;">Im Alltagsgeschäft würde es genügen wenn drei Maschinen ständig laufen um alle Druckaufträge termingerecht zu bearbeiten. Aber sobald nur zwei Maschinen oder weniger betriebsbereit sind, müssen Aufträge ausgelagert werden. Der Hersteller der Maschinen garantiert für die Maschinen eine tägliche Verfügbarkeit von <printedVariable identifier="m1" />%, <printedVariable identifier="m2" />%, <printedVariable identifier="m3" />% bzw. <printedVariable identifier="m4" />%.</p><p style="-qt-block-indent: 0; text-indent: 0px; margin: 0px;">Rechne zunächst exakt, dann runde alle einzugebende  Ergebnisse auf eine Stelle nach dem Komma.</p><p style="-qt-block-indent: 0; text-indent: 0px; margin: 0px;"> </p><p style="-qt-block-indent: 0; text-indent: 0px; margin: 0px;">a.) Mit welcher Wahrscheinlichkeit WA in % sind alle vier Maschinen verfügbar? WA = <textEntryInteraction responseIdentifier="RESPONSE_1400676517126" expectedLength="4" /> %</p><p style="-qt-block-indent: 0; text-indent: 0px; margin: 0px;">b.) Mit welcher Wahrscheinlichkeit WH in % können alle Aufträge auf den hauseigenen Druckmaschinen bearbeitet werden? WH = <textEntryInteraction responseIdentifier="RESPONSE_1400676640148" expectedLength="5" /> %</p><p style="-qt-block-indent: 0; text-indent: 0px; margin: 0px;">c.) Mit welcher Wahrscheinlichkeit WE in % muss die Druckerei Aufträge extern drucken lassen?</p><p> WE = <textEntryInteraction responseIdentifier="RESPONSE_1400676686611" expectedLength="5" /> %</p><p> </p></p></itemBody><responseProcessing><responseCondition><responseIf><equal toleranceMode="absolute" tolerance="0.1 0.1" includeLowerBound="true" includeUpperBound="true"><variable identifier="RESPONSE_1400676517126" /><correct identifier="RESPONSE_1400676517126" /></equal><setOutcomeValue identifier="SCORE"><sum><variable identifier="SCORE" /><baseValue baseType="float">1</baseValue></sum></setOutcomeValue></responseIf></responseCondition><responseCondition><responseIf><not><isNull><variable identifier="RESPONSE_1400676517126" /></isNull></not><setOutcomeValue identifier="FEEDBACKBASIC"><baseValue baseType="identifier">incorrect</baseValue></setOutcomeValue></responseIf></responseCondition><responseCondition><responseIf><equal toleranceMode="absolute" tolerance="0.1 0.1" includeLowerBound="true" includeUpperBound="true"><variable identifier="RESPONSE_1400676640148" /><correct identifier="RESPONSE_1400676640148" /></equal><setOutcomeValue identifier="SCORE"><sum><variable identifier="SCORE" /><baseValue baseType="float">4</baseValue></sum></setOutcomeValue></responseIf></responseCondition><responseCondition><responseIf><not><isNull><variable identifier="RESPONSE_1400676640148" /></isNull></not><setOutcomeValue identifier="FEEDBACKBASIC"><baseValue baseType="identifier">incorrect</baseValue></setOutcomeValue></responseIf></responseCondition><responseCondition><responseIf><equal toleranceMode="absolute" tolerance="0.1 0.1" includeLowerBound="true" includeUpperBound="true"><variable identifier="RESPONSE_1400676686611" /><correct identifier="RESPONSE_1400676686611" /></equal><setOutcomeValue identifier="SCORE"><sum><variable identifier="SCORE" /><baseValue baseType="float">1</baseValue></sum></setOutcomeValue></responseIf></responseCondition><responseCondition><responseIf><not><isNull><variable identifier="RESPONSE_1400676686611" /></isNull></not><setOutcomeValue identifier="FEEDBACKBASIC"><baseValue baseType="identifier">incorrect</baseValue></setOutcomeValue></responseIf></responseCondition><responseCondition><responseIf><and><not><match><variable identifier="FEEDBACKBASIC" /><baseValue baseType="identifier">empty</baseValue></match></not><equal toleranceMode="exact"><variable identifier="SCORE" /><variable identifier="MAXSCORE" /></equal></and><setOutcomeValue identifier="FEEDBACKBASIC"><baseValue baseType="identifier">correct</baseValue></setOutcomeValue></responseIf></responseCondition><responseCondition><responseIf><and><match><baseValue baseType="identifier">correct</baseValue><variable identifier="FEEDBACKBASIC" /></match></and><setOutcomeValue identifier="FEEDBACKMODAL"><multiple><variable identifier="FEEDBACKMODAL" /><baseValue baseType="identifier">Feedback25165764</baseValue></multiple></setOutcomeValue></responseIf></responseCondition><responseCondition><responseIf><and><match><baseValue baseType="identifier">incorrect</baseValue><variable identifier="FEEDBACKBASIC" /></match></and><setOutcomeValue identifier="FEEDBACKMODAL"><multiple><variable identifier="FEEDBACKMODAL" /><baseValue baseType="identifier">Feedback2054200736</baseValue></multiple></setOutcomeValue></responseIf></responseCondition></responseProcessing><modalFeedback  identifier="Feedback25165764" outcomeIdentifier="FEEDBACKMODAL" showHide="show"><p><strong>Ihre Lösungen zur Aufgabe 10.1 sind zu den Eich Lösungen äquivalent. Volle Punkte für diese Aufgabe.</strong></p></modalFeedback><modalFeedback  identifier="Feedback2054200736" outcomeIdentifier="FEEDBACKMODAL" showHide="show"><p><strong>Ihre Lösung für mindestens eine der Lücken zu Aufgabe 10.1 war nicht äquivalent zur Eich Lösung. Es gab einen Punkteabzug.</strong></p><p> </p><p><strong>Lösungsansätze: a.) Sei M die Anzahl der Maschinen die zu einem Zeitpunkt des Tages betriebsbereit sind. Dies ist eine Zufallsgröße. Zu berechnen ist \(P(M=4)\) die Wahrscheinlichkeit dafür, dass zu einem beliebigen Zeitpunkt des Tages alle vier Maschinen einsatzbereit sind. Da wir davon ausgehen, dass die Bereitschaft einer Maschine stochastisch unabhängig ist, von der Bereitschaft der anderen Maschinen, müssen nur die Wahrscheinlichkeiten für die einzelnen Maschinen multipliziert werden.<br /></strong></p><p> </p><p><strong>b.) Zu berechnen ist \(P(M\ge 3)\) die Wahrscheinlichkeit dafür, dass mindestens 3 Maschinen betriebsbereit sind. Dies ist die Summe der Wahrscheinlichkeiten aller Ereignisse bei denen mindestens drei Maschinen einsatzbereit sind. Es gibt bei 4 Maschinen 5 solcher Ereignisse:</strong></p><p><strong>- alle 4 Maschinen laufen (die Wahrscheinlichkeit hierzu ist in a.) berechnet</strong></p><p><strong>- jeweils eine der 4 Maschinen fällt gerade aus, während die anderen laufen: Hier lassen sich vier solcher Ereignisse formulieren und die Wahrscheinlichkeit für jedes dieser Ereignisse besteht dann aus dem Produkt der Bereitschaftswahrscheinlichkeiten der laufenden Maschinen mit der Ausfallswahrscheinlichkeit der in Betrachtung stehenden ausfallenden Maschine. </strong></p><p><strong>c.) Ergibt sich schnell aus b.) </strong></p><p> </p></modalFeedback></assessmentItem>
