<?xml version="1.0" encoding="UTF-8"?>
<assessmentItem xmlns="http://www.imsglobal.org/xsd/imsqti_v2p1" xmlns:xsi="http://www.w3.org/2001/XMLSchema-instance" xsi:schemaLocation="http://www.imsglobal.org/xsd/imsqti_v2p1 http://www.imsglobal.org/xsd/qti/qtiv2p1/imsqti_v2p1p1.xsd http://www.w3.org/1998/Math/MathML http://www.w3.org/Math/XMLSchema/mathml2/mathml2.xsd" identifier="idacfd5a0e-f8f3-40a6-a32c-78f5645473df" title="matrixmultiplikation_ja/nein" adaptive="false" timeDependent="false"><responseDeclaration identifier="RESPONSE_1" cardinality="multiple" baseType="directedPair"><correctResponse><value>id81882afa-6274-4fd0-ab8f-6ad4993ec000 id51300077-d5bd-4a83-9d58-754ce84f20ab</value><value>id81882afa-6274-4fd0-ab8f-6ad4993ec000 idff28d203-7291-4523-8054-5d13c41295b6</value><value>idccf1e8c0-cf2f-42ac-9ef4-0ad1e19ba279 id51300077-d5bd-4a83-9d58-754ce84f20ab</value><value>idccf1e8c0-cf2f-42ac-9ef4-0ad1e19ba279 idff28d203-7291-4523-8054-5d13c41295b6</value><value>id745a6ea5-b073-4021-9319-3ed37168cc15 id18959744-570a-4800-8055-f0be7064b974</value><value>id745a6ea5-b073-4021-9319-3ed37168cc15 idcc05461c-3312-4955-b051-d7354ee85d17</value><value>id745a6ea5-b073-4021-9319-3ed37168cc15 iddcc744ed-3e09-423d-a014-360b496236f1</value><value>id4b21487b-2493-4b5f-8ef3-12275b599fb5 id18959744-570a-4800-8055-f0be7064b974</value><value>id4b21487b-2493-4b5f-8ef3-12275b599fb5 idcc05461c-3312-4955-b051-d7354ee85d17</value><value>id4b21487b-2493-4b5f-8ef3-12275b599fb5 iddcc744ed-3e09-423d-a014-360b496236f1</value></correctResponse><mapping defaultValue="0" lowerBound="0.0"><mapEntry mapKey="id81882afa-6274-4fd0-ab8f-6ad4993ec000 id51300077-d5bd-4a83-9d58-754ce84f20ab" mappedValue="0.2" /><mapEntry mapKey="id81882afa-6274-4fd0-ab8f-6ad4993ec000 idff28d203-7291-4523-8054-5d13c41295b6" mappedValue="0.2" /><mapEntry mapKey="idccf1e8c0-cf2f-42ac-9ef4-0ad1e19ba279 id51300077-d5bd-4a83-9d58-754ce84f20ab" mappedValue="0.2" /><mapEntry mapKey="idccf1e8c0-cf2f-42ac-9ef4-0ad1e19ba279 idff28d203-7291-4523-8054-5d13c41295b6" mappedValue="0.2" /><mapEntry mapKey="id745a6ea5-b073-4021-9319-3ed37168cc15 id18959744-570a-4800-8055-f0be7064b974" mappedValue="0.2" /><mapEntry mapKey="id745a6ea5-b073-4021-9319-3ed37168cc15 idcc05461c-3312-4955-b051-d7354ee85d17" mappedValue="0.2" /><mapEntry mapKey="id745a6ea5-b073-4021-9319-3ed37168cc15 iddcc744ed-3e09-423d-a014-360b496236f1" mappedValue="0.2" /><mapEntry mapKey="id4b21487b-2493-4b5f-8ef3-12275b599fb5 id18959744-570a-4800-8055-f0be7064b974" mappedValue="0.2" /><mapEntry mapKey="id4b21487b-2493-4b5f-8ef3-12275b599fb5 idcc05461c-3312-4955-b051-d7354ee85d17" mappedValue="0.2" /><mapEntry mapKey="id4b21487b-2493-4b5f-8ef3-12275b599fb5 iddcc744ed-3e09-423d-a014-360b496236f1" mappedValue="0.2" /><mapEntry mapKey="id81882afa-6274-4fd0-ab8f-6ad4993ec000 idff28d203-7291-4523-8054-5d13c41295b6" mappedValue="0.2" /><mapEntry mapKey="idccf1e8c0-cf2f-42ac-9ef4-0ad1e19ba279 id51300077-d5bd-4a83-9d58-754ce84f20ab" mappedValue="0.2" /><mapEntry mapKey="idccf1e8c0-cf2f-42ac-9ef4-0ad1e19ba279 idff28d203-7291-4523-8054-5d13c41295b6" mappedValue="0.2" /><mapEntry mapKey="id745a6ea5-b073-4021-9319-3ed37168cc15 id18959744-570a-4800-8055-f0be7064b974" mappedValue="0.2" /><mapEntry mapKey="id745a6ea5-b073-4021-9319-3ed37168cc15 idcc05461c-3312-4955-b051-d7354ee85d17" mappedValue="0.2" /><mapEntry mapKey="id745a6ea5-b073-4021-9319-3ed37168cc15 iddcc744ed-3e09-423d-a014-360b496236f1" mappedValue="0.2" /><mapEntry mapKey="id4b21487b-2493-4b5f-8ef3-12275b599fb5 id18959744-570a-4800-8055-f0be7064b974" mappedValue="0.2" /><mapEntry mapKey="id4b21487b-2493-4b5f-8ef3-12275b599fb5 idcc05461c-3312-4955-b051-d7354ee85d17" mappedValue="0.2" /><mapEntry mapKey="id4b21487b-2493-4b5f-8ef3-12275b599fb5 iddcc744ed-3e09-423d-a014-360b496236f1" mappedValue="0.2" /><mapEntry mapKey="id81882afa-6274-4fd0-ab8f-6ad4993ec000 id18959744-570a-4800-8055-f0be7064b974" mappedValue="-0.2" /><mapEntry mapKey="id4b21487b-2493-4b5f-8ef3-12275b599fb5 id51300077-d5bd-4a83-9d58-754ce84f20ab" mappedValue="-0.2" /><mapEntry mapKey="id81882afa-6274-4fd0-ab8f-6ad4993ec000 idcc05461c-3312-4955-b051-d7354ee85d17" mappedValue="-0.2" /><mapEntry mapKey="idccf1e8c0-cf2f-42ac-9ef4-0ad1e19ba279 id18959744-570a-4800-8055-f0be7064b974" mappedValue="-0.2" /><mapEntry mapKey="idccf1e8c0-cf2f-42ac-9ef4-0ad1e19ba279 idcc05461c-3312-4955-b051-d7354ee85d17" mappedValue="-0.2" /><mapEntry mapKey="id4b21487b-2493-4b5f-8ef3-12275b599fb5 idff28d203-7291-4523-8054-5d13c41295b6" mappedValue="-0.2" /><mapEntry mapKey="id745a6ea5-b073-4021-9319-3ed37168cc15 id51300077-d5bd-4a83-9d58-754ce84f20ab" mappedValue="-0.2" /><mapEntry mapKey="id745a6ea5-b073-4021-9319-3ed37168cc15 idff28d203-7291-4523-8054-5d13c41295b6" mappedValue="-0.2" /><mapEntry mapKey="id81882afa-6274-4fd0-ab8f-6ad4993ec000 iddcc744ed-3e09-423d-a014-360b496236f1" mappedValue="-0.2" /><mapEntry mapKey="idccf1e8c0-cf2f-42ac-9ef4-0ad1e19ba279 iddcc744ed-3e09-423d-a014-360b496236f1" mappedValue="-0.2" /></mapping></responseDeclaration><outcomeDeclaration identifier="SCORE" cardinality="single" baseType="float"><defaultValue><value>0</value></defaultValue></outcomeDeclaration><outcomeDeclaration identifier="MAXSCORE" cardinality="single" baseType="float"><defaultValue><value>1.9999999999999998</value></defaultValue></outcomeDeclaration><outcomeDeclaration identifier="FEEDBACKBASIC" cardinality="single" baseType="identifier" view="testConstructor"><defaultValue><value>empty</value></defaultValue></outcomeDeclaration><itemBody ><p>Welche der folgenden Matrizen können miteinander multipliziert werden? Kreuze an!</p><p><strong>Hinweis:</strong> Die Matrizen in den Zeilen sollen bei der Bildung des Produkts immer links stehen, d.h. für \(AB\) gilt: \(A\) steht in der Zeile, \(B\) in der Spalte.</p><matchInteraction responseIdentifier="RESPONSE_1" shuffle="true" maxAssociations="0"><simpleMatchSet><simpleAssociableChoice identifier="id4b21487b-2493-4b5f-8ef3-12275b599fb5" fixed="false" matchMax="0"><p>\begin{pmatrix} 1 &amp; 1 \\ 1 &amp; 1\end{pmatrix}</p></simpleAssociableChoice><simpleAssociableChoice identifier="id81882afa-6274-4fd0-ab8f-6ad4993ec000" fixed="false" matchMax="0"><p>\begin{pmatrix} 9 &amp; 0 &amp; 2 \\ 7 &amp; 2&amp; 1 \\ 8 &amp; 8 &amp; 1 \end{pmatrix}</p></simpleAssociableChoice><simpleAssociableChoice identifier="idccf1e8c0-cf2f-42ac-9ef4-0ad1e19ba279" fixed="false" matchMax="0"><p>\begin{pmatrix} 1 &amp; 2&amp; 4 \\ 11 &amp; 8 &amp; 1 \end{pmatrix}</p></simpleAssociableChoice><simpleAssociableChoice identifier="id745a6ea5-b073-4021-9319-3ed37168cc15" fixed="false" matchMax="0"><p>\begin{pmatrix} 1 &amp; 16 \\ 17 &amp;  1 \\ 0  &amp; 1 \end{pmatrix}</p></simpleAssociableChoice></simpleMatchSet><simpleMatchSet><simpleAssociableChoice identifier="id18959744-570a-4800-8055-f0be7064b974" fixed="false" matchMax="0"><p>\begin{pmatrix} 1  \\ 4\end{pmatrix}</p></simpleAssociableChoice><simpleAssociableChoice identifier="iddcc744ed-3e09-423d-a014-360b496236f1" fixed="false" matchMax="0"><p>\begin{pmatrix} 6 &amp; 4 \\ 11 &amp; 1\end{pmatrix}</p></simpleAssociableChoice><simpleAssociableChoice identifier="id51300077-d5bd-4a83-9d58-754ce84f20ab" fixed="false" matchMax="0"><p>\begin{pmatrix} 9 &amp; 8 &amp; 7 \\ 1 &amp; 2&amp; 3 \\ 4 &amp; 5 &amp; 6 \end{pmatrix}</p></simpleAssociableChoice><simpleAssociableChoice identifier="idcc05461c-3312-4955-b051-d7354ee85d17" fixed="false" matchMax="0"><p>\begin{pmatrix} 1 &amp; 0&amp; 1 \\ 0 &amp; 1 &amp; 0 \end{pmatrix}</p></simpleAssociableChoice><simpleAssociableChoice identifier="idff28d203-7291-4523-8054-5d13c41295b6" fixed="false" matchMax="0"><p>\begin{pmatrix} 1 &amp; 1 \\ 1 &amp;  1 \\ 1  &amp; 1 \end{pmatrix}</p></simpleAssociableChoice></simpleMatchSet></matchInteraction></itemBody><responseProcessing><responseCondition><responseIf><not><isNull><variable identifier="RESPONSE_1" /></isNull></not><setOutcomeValue identifier="SCORE"><sum><variable identifier="SCORE" /><mapResponse identifier="RESPONSE_1" /></sum></setOutcomeValue><setOutcomeValue identifier="FEEDBACKBASIC"><baseValue baseType="identifier">incorrect</baseValue></setOutcomeValue></responseIf></responseCondition><responseCondition><responseIf><and><not><match><variable identifier="FEEDBACKBASIC" /><baseValue baseType="identifier">empty</baseValue></match></not><equal toleranceMode="exact"><variable identifier="SCORE" /><variable identifier="MAXSCORE" /></equal></and><setOutcomeValue identifier="FEEDBACKBASIC"><baseValue baseType="identifier">correct</baseValue></setOutcomeValue></responseIf></responseCondition></responseProcessing></assessmentItem>
