<?xml version="1.0" encoding="UTF-8"?>
<assessmentItem xmlns="http://www.imsglobal.org/xsd/imsqti_v2p1" xmlns:xsi="http://www.w3.org/2001/XMLSchema-instance" xsi:schemaLocation="http://www.imsglobal.org/xsd/imsqti_v2p1 http://www.imsglobal.org/xsd/qti/qtiv2p1/imsqti_v2p1p1.xsd http://www.w3.org/1998/Math/MathML http://www.w3.org/Math/XMLSchema/mathml2/mathml2.xsd" identifier="id8aca30b4-887d-4326-a8be-a02e287c0226" title="graph_zuordnen_02" adaptive="false" timeDependent="false"><responseDeclaration identifier="RESPONSE_1" cardinality="multiple" baseType="directedPair"><correctResponse><value>idf13509f1-5101-4aa6-8178-aff32840e1e6 id9cdd2c07-9918-41e9-9eb5-04ba62b2e0e8</value><value>idf2131d77-dd2f-4b32-ac2c-48bacb4dea92 id590eca17-1f91-43b8-a5d8-994ac712effa</value><value>id74558008-ad3e-42f9-b9dd-ce2e1af7563d idbbd093ec-be63-4323-8012-0b70e2a841de</value><value>idfe0e6154-6576-4113-b813-4e5e9a020994 ida9835a1b-dacc-497c-9e03-c53f070a5252</value><value>id4e195d0d-9338-4956-91fb-a51546310b89 id404f10f2-fc90-43b2-bfa7-a5100b9b80fe</value><value>iddaa6207c-2f4c-490f-a84f-ad6610d80965 id294b73d4-7b9e-4687-9ba7-8d6beca50570</value></correctResponse></responseDeclaration><outcomeDeclaration identifier="SCORE" cardinality="single" baseType="float"><defaultValue><value>0</value></defaultValue></outcomeDeclaration><outcomeDeclaration identifier="MAXSCORE" cardinality="single" baseType="float"><defaultValue><value>2</value></defaultValue></outcomeDeclaration><outcomeDeclaration identifier="FEEDBACKBASIC" cardinality="single" baseType="identifier"><defaultValue><value>empty</value></defaultValue></outcomeDeclaration><itemBody ><p>Ordnen Sie die folgenden Funktionen richtig zu!</p><matchInteraction responseIdentifier="RESPONSE_1" shuffle="true" maxAssociations="0"><simpleMatchSet><simpleAssociableChoice identifier="idfe0e6154-6576-4113-b813-4e5e9a020994" fixed="false" matchMax="1"><p><img src="media%2Fmedium8444457204963991221x.png" alt="" width="350" /></p></simpleAssociableChoice><simpleAssociableChoice identifier="id4e195d0d-9338-4956-91fb-a51546310b89" fixed="false" matchMax="1"><p><img src="media%2Fmedium73731189986542020452-x.png" alt="" width="350" /></p></simpleAssociableChoice><simpleAssociableChoice identifier="iddaa6207c-2f4c-490f-a84f-ad6610d80965" fixed="false" matchMax="1"><p><img src="media%2Fmedium1920805405556716592x%5E2.png" alt="" width="350" /></p></simpleAssociableChoice><simpleAssociableChoice identifier="id74558008-ad3e-42f9-b9dd-ce2e1af7563d" fixed="false" matchMax="1"><p><img src="media%2Fmedium5287447087005505008x%5E3.png" alt="" width="350" /></p></simpleAssociableChoice><simpleAssociableChoice identifier="idf13509f1-5101-4aa6-8178-aff32840e1e6" fixed="false" matchMax="1"><p><img src="media%2Fmedium5152123646839904138e%5Ex.png" alt="" width="350" /></p></simpleAssociableChoice><simpleAssociableChoice identifier="idf2131d77-dd2f-4b32-ac2c-48bacb4dea92" fixed="false" matchMax="1"><p><img src="media%2Fmedium183238323120314739lnx.png" alt="" width="350" /></p></simpleAssociableChoice></simpleMatchSet><simpleMatchSet><simpleAssociableChoice identifier="ida9835a1b-dacc-497c-9e03-c53f070a5252" fixed="false" matchMax="1"><p>$$f(x) = x$$</p></simpleAssociableChoice><simpleAssociableChoice identifier="id404f10f2-fc90-43b2-bfa7-a5100b9b80fe" fixed="false" matchMax="1"><p>$$f(x) = 2-x$$</p></simpleAssociableChoice><simpleAssociableChoice identifier="id294b73d4-7b9e-4687-9ba7-8d6beca50570" fixed="false" matchMax="1"><p>$$f(x) = x^2$$</p></simpleAssociableChoice><simpleAssociableChoice identifier="idbbd093ec-be63-4323-8012-0b70e2a841de" fixed="false" matchMax="1"><p>$$f(x) = x^3$$</p></simpleAssociableChoice><simpleAssociableChoice identifier="id9cdd2c07-9918-41e9-9eb5-04ba62b2e0e8" fixed="false" matchMax="1"><p>$$f(x) = \mathrm e^x$$</p></simpleAssociableChoice><simpleAssociableChoice identifier="id590eca17-1f91-43b8-a5d8-994ac712effa" fixed="false" matchMax="1"><p>$$f(x) = \ln x$$</p></simpleAssociableChoice></simpleMatchSet></matchInteraction></itemBody><responseProcessing><responseCondition><responseIf><isNull><variable identifier="RESPONSE_1" /></isNull><setOutcomeValue identifier="FEEDBACKBASIC"><baseValue baseType="identifier">empty</baseValue></setOutcomeValue></responseIf><responseElseIf><match><variable identifier="RESPONSE_1" /><correct identifier="RESPONSE_1" /></match><setOutcomeValue identifier="SCORE"><sum><variable identifier="SCORE" /><variable identifier="MAXSCORE" /></sum></setOutcomeValue><setOutcomeValue identifier="FEEDBACKBASIC"><baseValue baseType="identifier">correct</baseValue></setOutcomeValue></responseElseIf><responseElse><setOutcomeValue identifier="FEEDBACKBASIC"><baseValue baseType="identifier">incorrect</baseValue></setOutcomeValue></responseElse></responseCondition></responseProcessing></assessmentItem>
