<?xml version="1.0" encoding="UTF-8"?>
<assessmentItem xmlns="http://www.imsglobal.org/xsd/imsqti_v2p1" xmlns:xsi="http://www.w3.org/2001/XMLSchema-instance" xsi:schemaLocation="http://www.imsglobal.org/xsd/imsqti_v2p1 http://www.imsglobal.org/xsd/qti/qtiv2p1/imsqti_v2p1p1.xsd http://www.w3.org/1998/Math/MathML http://www.w3.org/Math/XMLSchema/mathml2/mathml2.xsd" identifier="id31c0617c-7947-40ff-85a2-501a903197fb" title="betragsgleichung_02" adaptive="false" timeDependent="false"><responseDeclaration identifier="RESPONSE_1409315840920" cardinality="single" baseType="string" /><responseDeclaration identifier="RESPONSE_1409315831497" cardinality="single" baseType="string" /><outcomeDeclaration identifier="SCORE" cardinality="single" baseType="float"><defaultValue><value>0</value></defaultValue></outcomeDeclaration><outcomeDeclaration identifier="MAXSCORE" cardinality="single" baseType="float"><defaultValue><value>1</value></defaultValue></outcomeDeclaration><outcomeDeclaration identifier="FEEDBACKBASIC" cardinality="single" baseType="identifier" view="testConstructor"><defaultValue><value>empty</value></defaultValue></outcomeDeclaration><outcomeDeclaration identifier="FEEDBACKMODAL" cardinality="multiple" baseType="identifier" view="testConstructor" /><templateDeclaration identifier="a" cardinality="single" baseType="integer" /><templateDeclaration identifier="b" cardinality="single" baseType="integer" /><templateDeclaration identifier="c" cardinality="single" baseType="integer" /><templateDeclaration identifier="-b-c" cardinality="single" baseType="integer" /><templateDeclaration identifier="c-b" cardinality="single" baseType="integer" /><templateDeclaration identifier="max" cardinality="single" baseType="integer" /><templateDeclaration identifier="min" cardinality="single" baseType="integer" /><templateDeclaration identifier="l1_tex" cardinality="single" baseType="string" /><templateDeclaration identifier="l2_tex" cardinality="single" baseType="string" /><templateProcessing><setTemplateValue identifier="a"><randomInteger min="2" max="9" /></setTemplateValue><setTemplateValue identifier="b"><randomInteger min="1" max="12" /></setTemplateValue><setTemplateValue identifier="c"><randomInteger min="1" max="20" /></setTemplateValue><setTemplateValue identifier="-b-c"><customOperator definition="MAXIMA" value="float(-$(1)-$(2));"><variable identifier="b" /><variable identifier="c" /></customOperator></setTemplateValue><setTemplateValue identifier="c-b"><customOperator definition="MAXIMA" value="float($(1)-$(2));"><variable identifier="c" /><variable identifier="b" /></customOperator></setTemplateValue><setTemplateValue identifier="max"><customOperator definition="MAXIMA" value="float(max($(1),$(2)));"><variable identifier="-b-c" /><variable identifier="c-b" /></customOperator></setTemplateValue><setTemplateValue identifier="min"><customOperator definition="MAXIMA" value="float(min($(1),$(2)));"><variable identifier="-b-c" /><variable identifier="c-b" /></customOperator></setTemplateValue><setTemplateValue identifier="l1_tex"><customOperator definition="MAXIMA" value="tex1($(1)/$(2))"><variable identifier="-b-c" /><variable identifier="a" /></customOperator></setTemplateValue><setTemplateValue identifier="l2_tex"><customOperator definition="MAXIMA" value="tex1($(1)/$(2))"><variable identifier="c-b" /><variable identifier="a" /></customOperator></setTemplateValue><setCorrectResponse identifier="RESPONSE_1409315840920"><customOperator definition="VARIABLESTRING" value="$(2)/$(1)"><variable identifier="a" /><variable identifier="min" /></customOperator></setCorrectResponse><setCorrectResponse identifier="RESPONSE_1409315831497"><customOperator definition="VARIABLESTRING" value="$(2)/$(1)"><variable identifier="a" /><variable identifier="max" /></customOperator></setCorrectResponse></templateProcessing><itemBody ><p>Geben Sie die beiden Lösungen der Gleichung $$|<printedVariable identifier="a" />x+<printedVariable identifier="b" />|=<printedVariable identifier="c" />$$ an! Beginnen Sie mit der kleineren Zahl!</p><p>\(x_1=\) <textEntryInteraction responseIdentifier="RESPONSE_1409315840920" expectedLength="3" /> (kleinere der beiden Lösungen)</p><p>\(x_2=\) <textEntryInteraction responseIdentifier="RESPONSE_1409315831497" expectedLength="3" /> (größere der beiden Lösungen)</p><p><strong>Hinweis:  </strong>Geben Sie Brüche bitte wie folgt ein: \[\tfrac xy =\] <strong>x/y</strong>. Geben Sie bitte <strong>keine Kommazahlen</strong> ein!</p><p>                z.B. \[\tfrac13 =\] <strong>1/3</strong> und <span style="text-decoration: underline;">nicht</span> <strong>0.3333</strong>...!</p></itemBody><responseProcessing><responseCondition><responseIf><customOperator definition="MAXIMA" value="is(equal(ev($(1)),ev($(2))));"><variable identifier="RESPONSE_1409315840920" /><correct identifier="RESPONSE_1409315840920" /></customOperator><setOutcomeValue identifier="SCORE"><sum><variable identifier="SCORE" /><baseValue baseType="float">0.5</baseValue></sum></setOutcomeValue></responseIf></responseCondition><responseCondition><responseIf><not><isNull><variable identifier="RESPONSE_1409315840920" /></isNull></not><setOutcomeValue identifier="FEEDBACKBASIC"><baseValue baseType="identifier">incorrect</baseValue></setOutcomeValue></responseIf></responseCondition><responseCondition><responseIf><customOperator definition="MAXIMA" value="is(equal(ev($(1)),ev($(2))));"><variable identifier="RESPONSE_1409315831497" /><correct identifier="RESPONSE_1409315831497" /></customOperator><setOutcomeValue identifier="SCORE"><sum><variable identifier="SCORE" /><baseValue baseType="float">0.5</baseValue></sum></setOutcomeValue></responseIf></responseCondition><responseCondition><responseIf><not><isNull><variable identifier="RESPONSE_1409315831497" /></isNull></not><setOutcomeValue identifier="FEEDBACKBASIC"><baseValue baseType="identifier">incorrect</baseValue></setOutcomeValue></responseIf></responseCondition><responseCondition><responseIf><and><not><match><variable identifier="FEEDBACKBASIC" /><baseValue baseType="identifier">empty</baseValue></match></not><equal toleranceMode="exact"><variable identifier="SCORE" /><variable identifier="MAXSCORE" /></equal></and><setOutcomeValue identifier="FEEDBACKBASIC"><baseValue baseType="identifier">correct</baseValue></setOutcomeValue></responseIf></responseCondition><responseCondition><responseIf><and><match><baseValue baseType="identifier">correct</baseValue><variable identifier="FEEDBACKBASIC" /></match></and><setOutcomeValue identifier="FEEDBACKMODAL"><multiple><variable identifier="FEEDBACKMODAL" /><baseValue baseType="identifier">Feedback337539480</baseValue></multiple></setOutcomeValue></responseIf></responseCondition><responseCondition><responseIf><and><match><baseValue baseType="identifier">incorrect</baseValue><variable identifier="FEEDBACKBASIC" /></match></and><setOutcomeValue identifier="FEEDBACKMODAL"><multiple><variable identifier="FEEDBACKMODAL" /><baseValue baseType="identifier">Feedback1327214301</baseValue></multiple></setOutcomeValue></responseIf></responseCondition></responseProcessing><modalFeedback  identifier="Feedback337539480" outcomeIdentifier="FEEDBACKMODAL" showHide="show" title="Richtig!"><p>Lösung:</p><p> $$<printedVariable identifier="a" />x_1+<printedVariable identifier="b" />=-<printedVariable identifier="c" /> \iff x_1 = \frac{-<printedVariable identifier="c" />-<printedVariable identifier="b" />}{<printedVariable identifier="a" />} = <printedVariable identifier="l1_tex" />$$</p><p> $$<printedVariable identifier="a" />x_2+<printedVariable identifier="b" />=<printedVariable identifier="c" /> \iff x_2 = \frac{<printedVariable identifier="c" />-<printedVariable identifier="b" />}{<printedVariable identifier="a" />} = <printedVariable identifier="l2_tex" />$$</p></modalFeedback><modalFeedback  identifier="Feedback1327214301" outcomeIdentifier="FEEDBACKMODAL" showHide="show" title="Leider falsch!"><p>Lösung:</p><p> $$<printedVariable identifier="a" />x_1+<printedVariable identifier="b" />=-<printedVariable identifier="c" /> \iff x_1 = \frac{-<printedVariable identifier="c" />-<printedVariable identifier="b" />}{<printedVariable identifier="a" />} = <printedVariable identifier="l1_tex" />$$</p><p> $$<printedVariable identifier="a" />x_2+<printedVariable identifier="b" />=<printedVariable identifier="c" /> \iff x_2 = \frac{<printedVariable identifier="c" />-<printedVariable identifier="b" />}{<printedVariable identifier="a" />} = <printedVariable identifier="l2_tex" />$$</p></modalFeedback></assessmentItem>
