<?xml version="1.0" encoding="UTF-8"?>
<assessmentItem xmlns="http://www.imsglobal.org/xsd/imsqti_v2p1" xmlns:xsi="http://www.w3.org/2001/XMLSchema-instance" xsi:schemaLocation="http://www.imsglobal.org/xsd/imsqti_v2p1 imsqti_v2p1.xsd" identifier="id45202ac9-b945-4e11-ad6d-698550f1979e" title="14. Grundlagen Projektmanagement" adaptive="false" timeDependent="false"><responseDeclaration identifier="RESPONSE_1" cardinality="multiple" baseType="identifier"><correctResponse><value>idfc248676-9782-4dfe-a86d-6e1dd730f0f0</value><value>idabc7b4c2-60e1-490b-ba6b-92ec268639d0</value><value>id53c0185f-65e0-4a5f-9334-565669695db0</value><value>idfda6fbaa-17b8-46ce-81b2-587814ba0594</value><value>id6196339d-e7e9-49fa-a832-e4120857db3f</value></correctResponse><mapping defaultValue="0" lowerBound="0.0"><mapEntry mapKey="idfc248676-9782-4dfe-a86d-6e1dd730f0f0" mappedValue="1.0" /><mapEntry mapKey="idabc7b4c2-60e1-490b-ba6b-92ec268639d0" mappedValue="1.0" /><mapEntry mapKey="id53c0185f-65e0-4a5f-9334-565669695db0" mappedValue="1.0" /><mapEntry mapKey="idfda6fbaa-17b8-46ce-81b2-587814ba0594" mappedValue="1.0" /><mapEntry mapKey="id6196339d-e7e9-49fa-a832-e4120857db3f" mappedValue="1.0" /><mapEntry mapKey="id08225fe1-cd12-4515-995a-6961e4271813" mappedValue="-2.0" /><mapEntry mapKey="id777abe17-fda9-4c1e-aefd-4dbb1b05d500" mappedValue="-2.0" /><mapEntry mapKey="id1a5d9e5f-b99f-41f2-98c4-c0f70f276f5c" mappedValue="-2.0" /><mapEntry mapKey="idbc4c231f-b511-4916-a629-c85de7c00941" mappedValue="-2.0" /><mapEntry mapKey="id8032867f-bb7c-4e2c-abd0-59b21df4be6d" mappedValue="-2.0" /><mapEntry mapKey="id184e0669-f111-49b5-b7f8-6e3a8f97cbf5" mappedValue="-2.0" /><mapEntry mapKey="ida93124b8-fe7e-4c8f-b5e6-2f5fa402310a" mappedValue="-2.0" /></mapping></responseDeclaration><outcomeDeclaration identifier="SCORE" cardinality="single" baseType="float"><defaultValue><value>0</value></defaultValue></outcomeDeclaration><outcomeDeclaration identifier="MAXSCORE" cardinality="single" baseType="float"><defaultValue><value>5</value></defaultValue></outcomeDeclaration><outcomeDeclaration identifier="FEEDBACKBASIC" cardinality="single" baseType="identifier" view="testConstructor"><defaultValue><value>empty</value></defaultValue></outcomeDeclaration><itemBody><p xmlns=""><strong>Was versteht man bei der Bestimmung der Projektziele unter dem "SMART-Prinzip"? (Was gehört dazu?)<br /></strong></p><p xmlns="">(Klicken Sie die richtige(n) Anwort(en) an)</p><p xmlns=""> </p><p xmlns=""><strong>Antwort:</strong></p><choiceInteraction responseIdentifier="RESPONSE_1" shuffle="true" maxChoices="0"><simpleChoice identifier="idfc248676-9782-4dfe-a86d-6e1dd730f0f0"><p xmlns="">Die Zielstellung muss eindeutig definiert sein</p></simpleChoice><simpleChoice identifier="idabc7b4c2-60e1-490b-ba6b-92ec268639d0"><p xmlns="">Ziele müssen messbar sein (klare Messkriterien)</p></simpleChoice><simpleChoice identifier="id53c0185f-65e0-4a5f-9334-565669695db0"><p xmlns="">Ziele müssen relativ zum Aufwand verhältnismässig sein</p></simpleChoice><simpleChoice identifier="idfda6fbaa-17b8-46ce-81b2-587814ba0594"><p xmlns="">Ziele müssen erreichbar sein</p></simpleChoice><simpleChoice identifier="id6196339d-e7e9-49fa-a832-e4120857db3f"><p xmlns="">zu jedem Ziel gehört eine klare Terminvorgabe</p></simpleChoice><simpleChoice identifier="id08225fe1-cd12-4515-995a-6961e4271813"><p xmlns="">an der Umsetzung der Ziele müssen mehrere Menschen tätig sein</p></simpleChoice><simpleChoice identifier="id777abe17-fda9-4c1e-aefd-4dbb1b05d500"><p xmlns="">die Ziele müssen im Zielkatalog alphabetisch georndet werden</p></simpleChoice><simpleChoice identifier="id1a5d9e5f-b99f-41f2-98c4-c0f70f276f5c"><p xmlns="">die Ziele müssen der Allgemeinheit nützen</p></simpleChoice><simpleChoice identifier="idbc4c231f-b511-4916-a629-c85de7c00941"><p xmlns="">die wichtigsten Ziele müssen rot markiert werden</p></simpleChoice><simpleChoice identifier="id8032867f-bb7c-4e2c-abd0-59b21df4be6d"><p xmlns="">jeder Projektmitarbeiter ist das Ziel verantwortlich für dessen Erreichung er am talentiertesten ist</p></simpleChoice><simpleChoice identifier="id184e0669-f111-49b5-b7f8-6e3a8f97cbf5"><p xmlns="">bei der Bestimmung der Projektziele müssen auch Meinungen von Minderheiten toleriert werden</p></simpleChoice><simpleChoice identifier="ida93124b8-fe7e-4c8f-b5e6-2f5fa402310a"><p xmlns="">bei der Bestimmung der Projektziele muss sequentiell vorgegangen werden</p></simpleChoice></choiceInteraction></itemBody><responseProcessing><responseCondition><responseIf><not><isNull><variable identifier="RESPONSE_1" /></isNull></not><setOutcomeValue identifier="SCORE"><sum><variable identifier="SCORE" /><mapResponse identifier="RESPONSE_1" /></sum></setOutcomeValue><setOutcomeValue identifier="FEEDBACKBASIC"><baseValue baseType="identifier">incorrect</baseValue></setOutcomeValue></responseIf></responseCondition><responseCondition><responseIf><and><not><match><variable identifier="FEEDBACKBASIC" /><baseValue baseType="identifier">empty</baseValue></match></not><equal toleranceMode="exact"><variable identifier="SCORE" /><variable identifier="MAXSCORE" /></equal></and><setOutcomeValue identifier="FEEDBACKBASIC"><baseValue baseType="identifier">correct</baseValue></setOutcomeValue></responseIf></responseCondition></responseProcessing></assessmentItem>
