<?xml version="1.0" encoding="UTF-8"?>
<assessmentItem xmlns="http://www.imsglobal.org/xsd/imsqti_v2p1" xmlns:xsi="http://www.w3.org/2001/XMLSchema-instance" xsi:schemaLocation="http://www.imsglobal.org/xsd/imsqti_v2p1 http://www.imsglobal.org/xsd/qti/qtiv2p1/imsqti_v2p1p1.xsd http://www.w3.org/1998/Math/MathML http://www.w3.org/Math/XMLSchema/mathml2/mathml2.xsd" identifier="idf9012984-59cd-4f40-9805-1d2b880d3774" title="IdentifyValuePowerSeries" adaptive="false" timeDependent="false"><responseDeclaration identifier="RESPONSE_1414870833246" cardinality="single" baseType="string" /><outcomeDeclaration identifier="SCORE" cardinality="single" baseType="float"><defaultValue><value>0</value></defaultValue></outcomeDeclaration><outcomeDeclaration identifier="MAXSCORE" cardinality="single" baseType="float"><defaultValue><value>2</value></defaultValue></outcomeDeclaration><outcomeDeclaration identifier="FEEDBACKBASIC" cardinality="single" baseType="identifier" view="testConstructor"><defaultValue><value>empty</value></defaultValue></outcomeDeclaration><outcomeDeclaration identifier="FEEDBACKMODAL" cardinality="multiple" baseType="identifier" view="testConstructor" /><templateDeclaration identifier="a" cardinality="single" baseType="integer" /><templateDeclaration identifier="b" cardinality="single" baseType="integer" /><templateDeclaration identifier="-a" cardinality="single" baseType="float" /><templateProcessing><setTemplateValue identifier="a"><randomInteger min="-6" max="7" /></setTemplateValue><setTemplateValue identifier="b"><randomInteger min="2" max="7" /></setTemplateValue><templateCondition><templateIf><match><variable identifier="a" /><baseValue baseType="integer">0</baseValue></match><setTemplateValue identifier="a"><customOperator definition="MAXIMA" value="float(2);" /></setTemplateValue></templateIf></templateCondition><setTemplateValue identifier="-a"><customOperator definition="MAXIMA" value="float(-$(1));"><variable identifier="a" /></customOperator></setTemplateValue><setCorrectResponse identifier="RESPONSE_1414870833246"><customOperator definition="VARIABLESTRING" value="%i*$(1)*z*%e^($(2)*%i*z)-%i*z*$(1)"><variable identifier="b" /><variable identifier="-a" /></customOperator></setCorrectResponse></templateProcessing><itemBody ><p><p> Compute(identify) the value f(z)  of the power series for each z within the disc of convergence:</p><p>$$ \sum_{k=1}^{\infty} \frac{(<printedVariable identifier="a" />)^k}{k!}\cdot <printedVariable identifier="b" />\cdot (-\mathrm i)^{k-1}\cdot z^{k+1} $$</p><p>Use %i for the imaginary unit i and * for any multiplication. Use %e for Euler's number e.</p><p> f(z) = <textEntryInteraction responseIdentifier="RESPONSE_1414870833246" expectedLength="20" class="maxima-formula show-latex show-syntax-error" /></p><p> </p></p></itemBody><responseProcessing><responseCondition><responseIf><customOperator definition="MAXIMA" value="is(equal(ev($(1)),ev($(2))));"><variable identifier="RESPONSE_1414870833246" /><correct identifier="RESPONSE_1414870833246" /></customOperator><setOutcomeValue identifier="SCORE"><sum><variable identifier="SCORE" /><baseValue baseType="float">2</baseValue></sum></setOutcomeValue></responseIf></responseCondition><responseCondition><responseIf><not><isNull><variable identifier="RESPONSE_1414870833246" /></isNull></not><setOutcomeValue identifier="FEEDBACKBASIC"><baseValue baseType="identifier">incorrect</baseValue></setOutcomeValue></responseIf></responseCondition><responseCondition><responseIf><and><not><match><variable identifier="FEEDBACKBASIC" /><baseValue baseType="identifier">empty</baseValue></match></not><equal toleranceMode="exact"><variable identifier="SCORE" /><variable identifier="MAXSCORE" /></equal></and><setOutcomeValue identifier="FEEDBACKBASIC"><baseValue baseType="identifier">correct</baseValue></setOutcomeValue></responseIf></responseCondition><responseCondition><responseIf><and><match><baseValue baseType="identifier">incorrect</baseValue><variable identifier="FEEDBACKBASIC" /></match></and><setOutcomeValue identifier="FEEDBACKMODAL"><multiple><variable identifier="FEEDBACKMODAL" /><baseValue baseType="identifier">Feedback1326096571</baseValue></multiple></setOutcomeValue></responseIf></responseCondition></responseProcessing><modalFeedback  identifier="Feedback1326096571" outcomeIdentifier="FEEDBACKMODAL" showHide="show"><p>Note that $$ \sum_{k=1}^{\infty} a_k \cdot z^{k+1} =  z \cdot \sum_{k=1}^{\infty} a_k \cdot z^{k} = (z \cdot \sum_{k=0}^{\infty} a_k \cdot z^{k})  - z \cdot a_0$$  for any power series.</p></modalFeedback></assessmentItem>
