<?xml version="1.0" encoding="UTF-8"?>
<assessmentItem xmlns="http://www.imsglobal.org/xsd/imsqti_v2p1" xmlns:xsi="http://www.w3.org/2001/XMLSchema-instance" xsi:schemaLocation="http://www.imsglobal.org/xsd/imsqti_v2p1 imsqti_v2p1.xsd" identifier="id35518c8d-4184-4bd0-8db7-cdfbdf7ff9f5" title="5. Grundlagen Projektmanagement" adaptive="false" timeDependent="false"><responseDeclaration identifier="RESPONSE_1" cardinality="multiple" baseType="directedPair"><correctResponse><value>id71f07723-890f-4af8-82e5-379604afbd5f id4b823b85-ed2b-47ef-9673-b6c39214734a</value><value>idcd7fde3b-0b76-4fa7-9e93-ea33f20b304f idcf45f34b-aa37-440c-807a-fec0ebb0f98c</value><value>idd52a9473-d6d7-458c-b663-725e12193c1d id4b823b85-ed2b-47ef-9673-b6c39214734a</value><value>ida1eb7263-8dae-4ef1-a6e6-fb02d79175c4 id4b823b85-ed2b-47ef-9673-b6c39214734a</value><value>id5525f549-7d67-4466-bc14-48b34699b7c0 idcf45f34b-aa37-440c-807a-fec0ebb0f98c</value><value>idd6b19177-3966-4c19-8651-827f95ab07aa id4b823b85-ed2b-47ef-9673-b6c39214734a</value><value>id76ce485e-7058-4de6-8486-d700bdf47341 id4b823b85-ed2b-47ef-9673-b6c39214734a</value><value>id2c8b663c-0a2c-4ea3-8202-c4d623f68a2d id4b823b85-ed2b-47ef-9673-b6c39214734a</value></correctResponse><mapping defaultValue="0" lowerBound="0.0"><mapEntry mapKey="id71f07723-890f-4af8-82e5-379604afbd5f id4b823b85-ed2b-47ef-9673-b6c39214734a" mappedValue="1" /><mapEntry mapKey="idcd7fde3b-0b76-4fa7-9e93-ea33f20b304f idcf45f34b-aa37-440c-807a-fec0ebb0f98c" mappedValue="1" /><mapEntry mapKey="idd52a9473-d6d7-458c-b663-725e12193c1d id4b823b85-ed2b-47ef-9673-b6c39214734a" mappedValue="1" /><mapEntry mapKey="ida1eb7263-8dae-4ef1-a6e6-fb02d79175c4 id4b823b85-ed2b-47ef-9673-b6c39214734a" mappedValue="1" /><mapEntry mapKey="id5525f549-7d67-4466-bc14-48b34699b7c0 idcf45f34b-aa37-440c-807a-fec0ebb0f98c" mappedValue="1" /><mapEntry mapKey="idd6b19177-3966-4c19-8651-827f95ab07aa id4b823b85-ed2b-47ef-9673-b6c39214734a" mappedValue="1" /><mapEntry mapKey="id76ce485e-7058-4de6-8486-d700bdf47341 id4b823b85-ed2b-47ef-9673-b6c39214734a" mappedValue="1" /><mapEntry mapKey="id2c8b663c-0a2c-4ea3-8202-c4d623f68a2d id4b823b85-ed2b-47ef-9673-b6c39214734a" mappedValue="1" /><mapEntry mapKey="idd52a9473-d6d7-458c-b663-725e12193c1d idcf45f34b-aa37-440c-807a-fec0ebb0f98c" mappedValue="-1" /><mapEntry mapKey="id5525f549-7d67-4466-bc14-48b34699b7c0 id4b823b85-ed2b-47ef-9673-b6c39214734a" mappedValue="-1" /><mapEntry mapKey="ida1eb7263-8dae-4ef1-a6e6-fb02d79175c4 idcf45f34b-aa37-440c-807a-fec0ebb0f98c" mappedValue="-1" /><mapEntry mapKey="id2c8b663c-0a2c-4ea3-8202-c4d623f68a2d idcf45f34b-aa37-440c-807a-fec0ebb0f98c" mappedValue="-1" /><mapEntry mapKey="id71f07723-890f-4af8-82e5-379604afbd5f idcf45f34b-aa37-440c-807a-fec0ebb0f98c" mappedValue="-1" /><mapEntry mapKey="idd6b19177-3966-4c19-8651-827f95ab07aa idcf45f34b-aa37-440c-807a-fec0ebb0f98c" mappedValue="-1" /></mapping></responseDeclaration><outcomeDeclaration identifier="SCORE" cardinality="single" baseType="float"><defaultValue><value>0</value></defaultValue></outcomeDeclaration><outcomeDeclaration identifier="MAXSCORE" cardinality="single" baseType="float"><defaultValue><value>8</value></defaultValue></outcomeDeclaration><outcomeDeclaration identifier="FEEDBACKBASIC" cardinality="single" baseType="identifier" view="testConstructor"><defaultValue><value>empty</value></defaultValue></outcomeDeclaration><itemBody><p xmlns=""><strong>Was sind Meilensteine? Geben Sie an ob die folgenden Aussagen theoretisch zutreffen oder nicht.</strong></p><p xmlns="">(Klicken Sie die entsprechende Antwort an)</p><matchInteraction responseIdentifier="RESPONSE_1" shuffle="false" maxAssociations="0"><simpleMatchSet><simpleAssociableChoice identifier="id5525f549-7d67-4466-bc14-48b34699b7c0" fixed="false" matchMax="0"><p xmlns="">In der Projektsitzung wurde der Zielkatalog beschlossen</p></simpleAssociableChoice><simpleAssociableChoice identifier="id2c8b663c-0a2c-4ea3-8202-c4d623f68a2d" fixed="false" matchMax="0"><p xmlns="">Aufgrund einer Ausschreibung konnte eine Zulieferer ausgewählt werden</p></simpleAssociableChoice><simpleAssociableChoice identifier="ida1eb7263-8dae-4ef1-a6e6-fb02d79175c4" fixed="false" matchMax="0"><p xmlns="">Während der Auswertung einer Fragebogenaktion hat Herr Schmidt eine Tabelle erstellt</p></simpleAssociableChoice><simpleAssociableChoice identifier="idcd7fde3b-0b76-4fa7-9e93-ea33f20b304f" fixed="false" matchMax="0"><p xmlns="">Der Projektleiter gibt das nächste Teilprojekt frei</p></simpleAssociableChoice><simpleAssociableChoice identifier="id71f07723-890f-4af8-82e5-379604afbd5f" fixed="false" matchMax="0"><p xmlns="">Der Projektleieiter überprüft das Projekt anhand der erstellten Kosten- und Terminpläne</p></simpleAssociableChoice><simpleAssociableChoice identifier="id76ce485e-7058-4de6-8486-d700bdf47341" fixed="false" matchMax="0"><p xmlns="">Das Softwarepaket zur Optimierung des Projektcontrolings wurde termingerecht geliefert</p></simpleAssociableChoice><simpleAssociableChoice identifier="idd6b19177-3966-4c19-8651-827f95ab07aa" fixed="false" matchMax="0"><p xmlns="">In der Verwaltung wird eine elektronische Zeiterfassung getestet</p></simpleAssociableChoice><simpleAssociableChoice identifier="idd52a9473-d6d7-458c-b663-725e12193c1d" fixed="false" matchMax="0"><p xmlns="">Am Rande der Projektsitzung tauschen der Winkelmann und Frau Meier in einem Gespräch die Vermutung aus, dass das Projekt mehr Kosten verursacht als geplant</p></simpleAssociableChoice></simpleMatchSet><simpleMatchSet><simpleAssociableChoice identifier="idcf45f34b-aa37-440c-807a-fec0ebb0f98c" fixed="false" matchMax="0"><p xmlns="">ja / richtig</p></simpleAssociableChoice><simpleAssociableChoice identifier="id4b823b85-ed2b-47ef-9673-b6c39214734a" fixed="false" matchMax="0"><p xmlns="">nein / falsch</p></simpleAssociableChoice></simpleMatchSet></matchInteraction></itemBody><responseProcessing><responseCondition><responseIf><not><isNull><variable identifier="RESPONSE_1" /></isNull></not><setOutcomeValue identifier="SCORE"><sum><variable identifier="SCORE" /><mapResponse identifier="RESPONSE_1" /></sum></setOutcomeValue><setOutcomeValue identifier="FEEDBACKBASIC"><baseValue baseType="identifier">incorrect</baseValue></setOutcomeValue></responseIf></responseCondition><responseCondition><responseIf><and><not><match><variable identifier="FEEDBACKBASIC" /><baseValue baseType="identifier">empty</baseValue></match></not><equal toleranceMode="exact"><variable identifier="SCORE" /><variable identifier="MAXSCORE" /></equal></and><setOutcomeValue identifier="FEEDBACKBASIC"><baseValue baseType="identifier">correct</baseValue></setOutcomeValue></responseIf></responseCondition></responseProcessing></assessmentItem>
