<?xml version="1.0" encoding="UTF-8"?>
<assessmentItem xmlns="http://www.imsglobal.org/xsd/imsqti_v2p1" xmlns:xsi="http://www.w3.org/2001/XMLSchema-instance" xsi:schemaLocation="http://www.imsglobal.org/xsd/imsqti_v2p1 http://www.imsglobal.org/xsd/qti/qtiv2p1/imsqti_v2p1p1.xsd http://www.w3.org/1998/Math/MathML http://www.w3.org/Math/XMLSchema/mathml2/mathml2.xsd" identifier="id801b9980-f73f-464a-b958-8d50078a7a88" title="mantisse4_exp2_darstellbare_zahlen_01" adaptive="false" timeDependent="false"><responseDeclaration identifier="RESPONSE_1" cardinality="multiple" baseType="identifier"><correctResponse><value>id3b804873-f2db-48a4-80dd-ca9c12357c6e</value><value>idb79e6c71-5598-4067-9652-dc37a20b8385</value><value>id0927098b-c6d6-4fb1-af8e-ea1824e6f7c0</value></correctResponse><mapping defaultValue="0" lowerBound="0.0"><mapEntry mapKey="id3b804873-f2db-48a4-80dd-ca9c12357c6e" mappedValue="0.5" /><mapEntry mapKey="idb79e6c71-5598-4067-9652-dc37a20b8385" mappedValue="0.5" /><mapEntry mapKey="id0927098b-c6d6-4fb1-af8e-ea1824e6f7c0" mappedValue="0.5" /><mapEntry mapKey="id135fddba-8a95-47ef-9d67-f1651077decc" mappedValue="-0.5" /><mapEntry mapKey="idacc261ca-72dd-4248-b4ab-286b5307f946" mappedValue="-0.5" /><mapEntry mapKey="id305c9e94-fd8c-4eae-8d31-17b66f9614f1" mappedValue="-0.5" /></mapping></responseDeclaration><outcomeDeclaration identifier="SCORE" cardinality="single" baseType="float"><defaultValue><value>0</value></defaultValue></outcomeDeclaration><outcomeDeclaration identifier="MAXSCORE" cardinality="single" baseType="float"><defaultValue><value>1.5</value></defaultValue></outcomeDeclaration><outcomeDeclaration identifier="FEEDBACKBASIC" cardinality="single" baseType="identifier" view="testConstructor"><defaultValue><value>empty</value></defaultValue></outcomeDeclaration><itemBody ><p>Wir betrachten die Menge der Gleitpunktzahlen mit Mantissenlänge 4 und Exponentenlänge 2:</p><p>\(\normalsize x=[x_3 .x_2 x_1 x_0 | e_1 e_0]_2 = (-x_3 2^0 +x_2 2^{-1} +x_1 2^{-2}+x_0 2^{-3}) \cdot 2^{e_1 2^1+ e_0 2^0}\)</p><p>Welche der folgenden Zahlen können <strong>nicht</strong> in diesem Format dargestellt werden?</p><choiceInteraction responseIdentifier="RESPONSE_1" shuffle="true" maxChoices="0" orientation="vertical"><simpleChoice identifier="id3b804873-f2db-48a4-80dd-ca9c12357c6e"><p>\(\normalsize\frac 92\)</p></simpleChoice><simpleChoice identifier="idb79e6c71-5598-4067-9652-dc37a20b8385"><p>\(\normalsize\frac{15}4\)</p></simpleChoice><simpleChoice identifier="id0927098b-c6d6-4fb1-af8e-ea1824e6f7c0"><p>\(8\)</p></simpleChoice><simpleChoice identifier="id135fddba-8a95-47ef-9d67-f1651077decc"><p>\(\normalsize-\frac72\)</p></simpleChoice><simpleChoice identifier="idacc261ca-72dd-4248-b4ab-286b5307f946"><p>\(\normalsize\frac54\)</p></simpleChoice><simpleChoice identifier="id305c9e94-fd8c-4eae-8d31-17b66f9614f1"><p>\(-7\)</p></simpleChoice></choiceInteraction></itemBody><responseProcessing><responseCondition><responseIf><not><isNull><variable identifier="RESPONSE_1" /></isNull></not><setOutcomeValue identifier="SCORE"><sum><variable identifier="SCORE" /><mapResponse identifier="RESPONSE_1" /></sum></setOutcomeValue><setOutcomeValue identifier="FEEDBACKBASIC"><baseValue baseType="identifier">incorrect</baseValue></setOutcomeValue></responseIf></responseCondition><responseCondition><responseIf><and><not><match><variable identifier="FEEDBACKBASIC" /><baseValue baseType="identifier">empty</baseValue></match></not><equal toleranceMode="exact"><variable identifier="SCORE" /><variable identifier="MAXSCORE" /></equal></and><setOutcomeValue identifier="FEEDBACKBASIC"><baseValue baseType="identifier">correct</baseValue></setOutcomeValue></responseIf></responseCondition></responseProcessing></assessmentItem>
