<?xml version="1.0" encoding="UTF-8"?>
<assessmentItem xmlns="http://www.imsglobal.org/xsd/imsqti_v2p1" xmlns:xsi="http://www.w3.org/2001/XMLSchema-instance" xsi:schemaLocation="http://www.imsglobal.org/xsd/imsqti_v2p1 http://www.imsglobal.org/xsd/qti/qtiv2p1/imsqti_v2p1p1.xsd http://www.w3.org/1998/Math/MathML http://www.w3.org/Math/XMLSchema/mathml2/mathml2.xsd" identifier="id8f069957-6bea-4bda-9cfc-a7c9d80960c5" title="CauchyRiemannVerifizierung" adaptive="false" timeDependent="false"><responseDeclaration identifier="RESPONSE_1414692324321" cardinality="single" baseType="string" /><outcomeDeclaration identifier="SCORE" cardinality="single" baseType="float"><defaultValue><value>0</value></defaultValue></outcomeDeclaration><outcomeDeclaration identifier="MAXSCORE" cardinality="single" baseType="float"><defaultValue><value>4</value></defaultValue></outcomeDeclaration><outcomeDeclaration identifier="FEEDBACKBASIC" cardinality="single" baseType="identifier" view="testConstructor"><defaultValue><value>empty</value></defaultValue></outcomeDeclaration><outcomeDeclaration identifier="FEEDBACKMODAL" cardinality="multiple" baseType="identifier" view="testConstructor" /><templateDeclaration identifier="a" cardinality="single" baseType="integer" /><templateDeclaration identifier="2a" cardinality="single" baseType="integer" /><templateDeclaration identifier="b" cardinality="single" baseType="integer" /><templateDeclaration identifier="2b" cardinality="single" baseType="integer" /><templateDeclaration identifier="e" cardinality="single" baseType="integer" /><templateDeclaration identifier="f" cardinality="single" baseType="integer" /><templateDeclaration identifier="c" cardinality="single" baseType="integer" /><templateDeclaration identifier="d" cardinality="single" baseType="integer" /><templateDeclaration identifier="rez" cardinality="single" baseType="float" /><templateDeclaration identifier="imz" cardinality="single" baseType="float" /><templateDeclaration identifier="absimz" cardinality="single" baseType="float" /><templateDeclaration identifier="vz" cardinality="single" baseType="string" /><templateProcessing><setTemplateValue identifier="a"><randomInteger min="2" max="7" /></setTemplateValue><setTemplateValue identifier="2a"><customOperator definition="MAXIMA" value="float(2*$(1));"><variable identifier="a" /></customOperator></setTemplateValue><setTemplateValue identifier="b"><randomInteger min="1" max="7" /></setTemplateValue><setTemplateValue identifier="2b"><customOperator definition="MAXIMA" value="float(2*$(1));"><variable identifier="b" /></customOperator></setTemplateValue><setTemplateValue identifier="e"><randomInteger min="1" max="5" /></setTemplateValue><setTemplateValue identifier="f"><randomInteger min="1" max="6" /></setTemplateValue><setTemplateValue identifier="c"><randomInteger min="1" max="10" /></setTemplateValue><setTemplateValue identifier="d"><randomInteger min="1" max="6" /></setTemplateValue><setTemplateValue identifier="rez"><customOperator definition="MAXIMA" value="float(2*($(1)*$(2)+$(3)*$(4))+1);"><variable identifier="a" /><variable identifier="e" /><variable identifier="b" /><variable identifier="f" /></customOperator></setTemplateValue><setTemplateValue identifier="imz"><customOperator definition="MAXIMA" value="float(2*($(1)*$(2)-$(3)*$(4)));"><variable identifier="b" /><variable identifier="e" /><variable identifier="a" /><variable identifier="f" /></customOperator></setTemplateValue><setTemplateValue identifier="absimz"><customOperator definition="MAXIMA" value="float(abs($(1)));"><variable identifier="imz" /></customOperator></setTemplateValue><setTemplateValue identifier="vz"><customOperator definition="MAXIMA" value="+" /></setTemplateValue><templateCondition><templateIf><lt><variable identifier="imz" /><baseValue baseType="integer">0</baseValue></lt><setTemplateValue identifier="vz"><customOperator definition="MAXIMA" value="-" /></setTemplateValue></templateIf></templateCondition><setCorrectResponse identifier="RESPONSE_1414692324321"><customOperator definition="VARIABLESTRING" value="$(1)+$(2)*%i"><variable identifier="rez" /><variable identifier="imz" /></customOperator></setCorrectResponse></templateProcessing><itemBody ><p><p>Betrachte die Funktion:</p><p>\( f: \mathbb C \rightarrow \mathbb C, \ z \mapsto f(z) := <printedVariable identifier="a" /> x^2-<printedVariable identifier="a" />y^2-<printedVariable identifier="2b" />xy+x+<printedVariable identifier="c" /> + (<printedVariable identifier="b" />x^2-<printedVariable identifier="b" />y^2+<printedVariable identifier="2a" />xy+y+<printedVariable identifier="d" />)\cdot \bf{i} \ \) for z = x+ y<strong> i</strong> \( \in \mathbb C\).</p><p>Verifziere, dass that \(f\) an der Stelle \( z_0 := <printedVariable identifier="e" /> - <printedVariable identifier="f" />\bf{i}\) differenzierbar ist und berechne dann \( f'(z_0) \).</p><p>Enter \( f'(z_0) \) in der Form \( f'(z_0) \) = a + b<strong> i</strong>. Benutze %<strong>i</strong> für die imaginäre Einheit<strong> i</strong> und * für jede Multiplikation</p><p>Beispiel: Für \(2+ 3\cdot \bf{i}\) gebe ein 2+ 3*%<strong>i</strong></p><p>\( f'(z_0) \) = <textEntryInteraction responseIdentifier="RESPONSE_1414692324321" expectedLength="10" class="maxima-formula show-latex show-syntax-error" /></p><p> </p><p> </p></p></itemBody><responseProcessing><responseCondition><responseIf><customOperator definition="MAXIMA" value="is(equal(ev($(1)),ev($(2))));"><variable identifier="RESPONSE_1414692324321" /><correct identifier="RESPONSE_1414692324321" /></customOperator><setOutcomeValue identifier="SCORE"><sum><variable identifier="SCORE" /><baseValue baseType="float">4</baseValue></sum></setOutcomeValue></responseIf></responseCondition><responseCondition><responseIf><not><isNull><variable identifier="RESPONSE_1414692324321" /></isNull></not><setOutcomeValue identifier="FEEDBACKBASIC"><baseValue baseType="identifier">incorrect</baseValue></setOutcomeValue></responseIf></responseCondition><responseCondition><responseIf><and><not><match><variable identifier="FEEDBACKBASIC" /><baseValue baseType="identifier">empty</baseValue></match></not><equal toleranceMode="exact"><variable identifier="SCORE" /><variable identifier="MAXSCORE" /></equal></and><setOutcomeValue identifier="FEEDBACKBASIC"><baseValue baseType="identifier">correct</baseValue></setOutcomeValue></responseIf></responseCondition><responseCondition><responseIf><and><match><baseValue baseType="identifier">incorrect</baseValue><variable identifier="FEEDBACKBASIC" /></match></and><setOutcomeValue identifier="FEEDBACKMODAL"><multiple><variable identifier="FEEDBACKMODAL" /><baseValue baseType="identifier">Feedback1649337837</baseValue></multiple></setOutcomeValue></responseIf></responseCondition></responseProcessing><modalFeedback  identifier="Feedback1649337837" outcomeIdentifier="FEEDBACKMODAL" showHide="show"><p>Sei \(f(z) = u(x,y)+ v(x,y)i\). Verifiziere die Cauchy-Riema'schen Gleichungen um die Differenzierbarkeit zu zeigen.Dann berechne \(f'(z)\) über die partiellen Ableitungen von \(u(x,y)\)  bzw. \(v(x,y)\).</p></modalFeedback></assessmentItem>
