<?xml version="1.0" encoding="UTF-8"?>
<assessmentItem xmlns="http://www.imsglobal.org/xsd/imsqti_v2p1" xmlns:xsi="http://www.w3.org/2001/XMLSchema-instance" xsi:schemaLocation="http://www.imsglobal.org/xsd/imsqti_v2p1 http://www.imsglobal.org/xsd/qti/qtiv2p1/imsqti_v2p1p1.xsd http://www.w3.org/1998/Math/MathML http://www.w3.org/Math/XMLSchema/mathml2/mathml2.xsd" identifier="iddeb4037c-e4c5-4f67-a6ce-a812ea311a26" title="Unterjährige Verzinsung" adaptive="false" timeDependent="false"><responseDeclaration identifier="RESPONSE_1" cardinality="single" baseType="identifier"><correctResponse><value>id42fb5499-5660-49f2-9352-62d32f1de286</value></correctResponse></responseDeclaration><outcomeDeclaration identifier="SCORE" cardinality="single" baseType="float"><defaultValue><value>0</value></defaultValue></outcomeDeclaration><outcomeDeclaration identifier="MAXSCORE" cardinality="single" baseType="float"><defaultValue><value>1</value></defaultValue></outcomeDeclaration><outcomeDeclaration identifier="FEEDBACKBASIC" cardinality="single" baseType="identifier"><defaultValue><value>empty</value></defaultValue></outcomeDeclaration><itemBody ><p>Es sei $$K_0$$ das Kapital eines Fonds zum Zeitpunkt $$t_0$$ und $$K_1=(1+\frac{r}{n})^n K_0$$ das Kapital des Fonds ein Jahr später. Dabei wird von einer Verzinsung mit einer Zinsrate $$r&gt;0$$ und $$n$$ Zinszahlungen verteilt über das Jahr ausgegangen.</p><choiceInteraction responseIdentifier="RESPONSE_1" shuffle="true" maxChoices="1"><simpleChoice identifier="id42fb5499-5660-49f2-9352-62d32f1de286"><p>Das Kapital $$K_1$$ fällt bei festem Wert für $$r$$ umso größer aus, je größer $$n$$ ist.</p></simpleChoice><simpleChoice identifier="ide22d131b-b63e-4e27-bced-b646b748ba64"><p>Das Kapital $$K_1$$ ist am größten, wenn $$n=1$$ ist.</p></simpleChoice><simpleChoice identifier="id7e6d7507-d83e-489d-923e-f92d4894527c"><p>Es gibt ein eindeutiges $$n&gt;1$$, für das der entsprechende Wert von $$K_1$$ bei beliebigem Wert von $$r$$ am größten ist.</p></simpleChoice><simpleChoice identifier="idc32dc7de-3547-4555-b163-491011e55b2f"><p>Zu jedem Wert von $$r$$ gibt es ein von $$r$$ abhängendes, eindeutiges $$n&gt;1$$, für das der entsprechende Wert von $$K_1$$ am größten ist.</p></simpleChoice></choiceInteraction></itemBody><responseProcessing><responseCondition><responseIf><isNull><variable identifier="RESPONSE_1" /></isNull><setOutcomeValue identifier="FEEDBACKBASIC"><baseValue baseType="identifier">empty</baseValue></setOutcomeValue></responseIf><responseElseIf><match><variable identifier="RESPONSE_1" /><correct identifier="RESPONSE_1" /></match><setOutcomeValue identifier="SCORE"><sum><variable identifier="SCORE" /><variable identifier="MAXSCORE" /></sum></setOutcomeValue><setOutcomeValue identifier="FEEDBACKBASIC"><baseValue baseType="identifier">correct</baseValue></setOutcomeValue></responseElseIf><responseElse><setOutcomeValue identifier="FEEDBACKBASIC"><baseValue baseType="identifier">incorrect</baseValue></setOutcomeValue></responseElse></responseCondition></responseProcessing></assessmentItem>
