<?xml version="1.0" encoding="UTF-8"?>
<assessmentItem xmlns="http://www.imsglobal.org/xsd/imsqti_v2p1" xmlns:xsi="http://www.w3.org/2001/XMLSchema-instance" xsi:schemaLocation="http://www.imsglobal.org/xsd/imsqti_v2p1 http://www.imsglobal.org/xsd/qti/qtiv2p1/imsqti_v2p1p1.xsd http://www.w3.org/1998/Math/MathML http://www.w3.org/Math/XMLSchema/mathml2/mathml2.xsd" identifier="id6118201c-a67d-4a73-954f-a1f62d5a8b4b" title="anfangswertproblem_homogen_02" adaptive="false" timeDependent="false"><imsqti:responseDeclaration xmlns:imsqti="http://www.imsglobal.org/xsd/imsqti_v2p1" identifier="RESPONSE_1402047623254" cardinality="single" baseType="string" /><imsqti:outcomeDeclaration xmlns:imsqti="http://www.imsglobal.org/xsd/imsqti_v2p1" identifier="SCORE" cardinality="single" baseType="float"><imsqti:defaultValue><imsqti:value>0</imsqti:value></imsqti:defaultValue></imsqti:outcomeDeclaration><imsqti:outcomeDeclaration xmlns:imsqti="http://www.imsglobal.org/xsd/imsqti_v2p1" identifier="MAXSCORE" cardinality="single" baseType="float"><imsqti:defaultValue><imsqti:value>1</imsqti:value></imsqti:defaultValue></imsqti:outcomeDeclaration><imsqti:outcomeDeclaration xmlns:imsqti="http://www.imsglobal.org/xsd/imsqti_v2p1" identifier="FEEDBACKBASIC" cardinality="single" baseType="identifier" view="testConstructor"><imsqti:defaultValue><imsqti:value>empty</imsqti:value></imsqti:defaultValue></imsqti:outcomeDeclaration><imsqti:outcomeDeclaration xmlns:imsqti="http://www.imsglobal.org/xsd/imsqti_v2p1" identifier="FEEDBACKMODAL" cardinality="multiple" baseType="identifier" view="testConstructor" /><imsqti:templateDeclaration xmlns:imsqti="http://www.imsglobal.org/xsd/imsqti_v2p1" identifier="n" cardinality="single" baseType="integer" /><imsqti:templateDeclaration xmlns:imsqti="http://www.imsglobal.org/xsd/imsqti_v2p1" identifier="c" cardinality="single" baseType="integer" /><imsqti:templateProcessing xmlns:imsqti="http://www.imsglobal.org/xsd/imsqti_v2p1"><imsqti:setTemplateValue identifier="n"><imsqti:randomInteger min="2" max="6" /></imsqti:setTemplateValue><imsqti:setTemplateValue identifier="c"><imsqti:random><imsqti:multiple><imsqti:baseValue baseType="integer">-9</imsqti:baseValue><imsqti:baseValue baseType="integer">-8</imsqti:baseValue><imsqti:baseValue baseType="integer">-7</imsqti:baseValue><imsqti:baseValue baseType="integer">-6</imsqti:baseValue><imsqti:baseValue baseType="integer">-5</imsqti:baseValue><imsqti:baseValue baseType="integer">-4</imsqti:baseValue><imsqti:baseValue baseType="integer">-3</imsqti:baseValue><imsqti:baseValue baseType="integer">-2</imsqti:baseValue><imsqti:baseValue baseType="integer">-1</imsqti:baseValue><imsqti:baseValue baseType="integer">1</imsqti:baseValue><imsqti:baseValue baseType="integer">2</imsqti:baseValue><imsqti:baseValue baseType="integer">3</imsqti:baseValue><imsqti:baseValue baseType="integer">4</imsqti:baseValue><imsqti:baseValue baseType="integer">5</imsqti:baseValue><imsqti:baseValue baseType="integer">6</imsqti:baseValue><imsqti:baseValue baseType="integer">7</imsqti:baseValue><imsqti:baseValue baseType="integer">8</imsqti:baseValue><imsqti:baseValue baseType="integer">9</imsqti:baseValue></imsqti:multiple></imsqti:random></imsqti:setTemplateValue><imsqti:setCorrectResponse identifier="RESPONSE_1402047623254"><imsqti:customOperator definition="VARIABLESTRING" value="$(2)/(x^$(1))"><imsqti:variable identifier="n" /><imsqti:variable identifier="c" /></imsqti:customOperator></imsqti:setCorrectResponse></imsqti:templateProcessing><itemBody ><p><span style="font-size: 10pt;">Wir betrachten die Differentialgleichung \(x\cdot y'(x)+<printedVariable identifier="n" />\cdot y(x)=0\) bzw. in verkürzter Form \(x\cdot y'+<printedVariable identifier="n" />\cdot y=0\).</span></p><p><span style="font-size: 10pt;">Geben Sie diejenige Lösung an, für die \(y(1)=<printedVariable identifier="c" />\) gilt!</span></p><p><span style="font-size: 10pt;"><strong>Lösung:</strong> \(y(x) =\) <textEntryInteraction responseIdentifier="RESPONSE_1402047623254" class="maxima-formula show-latex" /></span></p><p><span style="font-size: 10pt;"><strong>Hinweise zur Formeleingabe: </strong>\(x\cdot y\) = <strong>x*y</strong>, \(\frac{x}{y}\) = <strong>x/y</strong>, \(x^y\) = <strong>x^y</strong></span></p><p><span style="font-size: 10pt;">Durch Klicken auf die <strong>?</strong>-Schaltfläche können Sie ihre Formel vor Speichern der Antwort zunächst überprüfen!</span></p></itemBody><imsqti:responseProcessing xmlns:imsqti="http://www.imsglobal.org/xsd/imsqti_v2p1"><imsqti:responseCondition><imsqti:responseIf><imsqti:customOperator definition="MAXIMA" value="is(equal(ev($(1)),ev($(2))));"><imsqti:variable identifier="RESPONSE_1402047623254" /><imsqti:correct identifier="RESPONSE_1402047623254" /></imsqti:customOperator><imsqti:setOutcomeValue identifier="SCORE"><imsqti:sum><imsqti:variable identifier="SCORE" /><imsqti:baseValue baseType="float">1</imsqti:baseValue></imsqti:sum></imsqti:setOutcomeValue></imsqti:responseIf></imsqti:responseCondition><imsqti:responseCondition><imsqti:responseIf><imsqti:not><imsqti:isNull><imsqti:variable identifier="RESPONSE_1402047623254" /></imsqti:isNull></imsqti:not><imsqti:setOutcomeValue identifier="FEEDBACKBASIC"><imsqti:baseValue baseType="identifier">incorrect</imsqti:baseValue></imsqti:setOutcomeValue></imsqti:responseIf></imsqti:responseCondition><imsqti:responseCondition><imsqti:responseIf><imsqti:and><imsqti:not><imsqti:match><imsqti:variable identifier="FEEDBACKBASIC" /><imsqti:baseValue baseType="identifier">empty</imsqti:baseValue></imsqti:match></imsqti:not><imsqti:equal toleranceMode="exact"><imsqti:variable identifier="SCORE" /><imsqti:variable identifier="MAXSCORE" /></imsqti:equal></imsqti:and><imsqti:setOutcomeValue identifier="FEEDBACKBASIC"><imsqti:baseValue baseType="identifier">correct</imsqti:baseValue></imsqti:setOutcomeValue></imsqti:responseIf></imsqti:responseCondition><imsqti:responseCondition><imsqti:responseIf><imsqti:and><imsqti:match><imsqti:baseValue baseType="identifier">incorrect</imsqti:baseValue><imsqti:variable identifier="FEEDBACKBASIC" /></imsqti:match></imsqti:and><imsqti:setOutcomeValue identifier="FEEDBACKMODAL"><imsqti:multiple><imsqti:variable identifier="FEEDBACKMODAL" /><imsqti:baseValue baseType="identifier">Feedback609812462</imsqti:baseValue></imsqti:multiple></imsqti:setOutcomeValue></imsqti:responseIf></imsqti:responseCondition></imsqti:responseProcessing><modalFeedback  identifier="Feedback609812462" outcomeIdentifier="FEEDBACKMODAL" showHide="show" title="Musterbeispiel"><p>Wir suchen diejenige Lösung der Differentialgleichung \(x\cdot y'(x)+6y(x)=0\), für die \(y(1)=8\) ist.</p><p>Trennung der Veränderlichen liefert mit beliebigem \(c\in\mathbb R\)</p><p>\(\displaystyle \frac{\mathrm dy}{y}=-\frac6x\mathrm dx \iff \ln|y|=-\ln|x|^6+c \iff \ln|y\cdot x^6|=c\).</p><p>Unter Verwendung der Exponentialfunktion ist dann</p><p>\(\displaystyle |y\cdot x^6|=\mathrm e^c \iff y\cdot x^6 =\pm\,\mathrm e^c=: C\in\mathbb R\),</p><p>d.h. für jede reelle Zahl \(C\) ist \(\displaystyle y(x)=\frac{C}{x^6}\) eine Lösung der Differentialgleichung.</p><p>Diejenige Lösung, für die \(y(1)=8\) gilt, ist demnach \(\displaystyle y(x)=\frac{8}{x^6}=\) <strong>8/(x^6)</strong> = <strong>8*x^(-6)</strong>.</p></modalFeedback></assessmentItem>
