<?xml version="1.0" encoding="UTF-8"?>
<assessmentItem xmlns="http://www.imsglobal.org/xsd/imsqti_v2p1" xmlns:xsi="http://www.w3.org/2001/XMLSchema-instance" xsi:schemaLocation="http://www.imsglobal.org/xsd/imsqti_v2p1 http://www.imsglobal.org/xsd/qti/qtiv2p1/imsqti_v2p1p1.xsd http://www.w3.org/1998/Math/MathML http://www.w3.org/Math/XMLSchema/mathml2/mathml2.xsd" identifier="id5a1d22e0-649c-4cc1-a389-29061cdd003c" title="Stammfunktionen zuordnen" adaptive="false" timeDependent="false"><responseDeclaration identifier="RESPONSE_1" cardinality="multiple" baseType="directedPair"><correctResponse><value>id8900398f-2842-48dc-896e-270eaa0c2687 ideb7a51ef-7da7-4bd6-a7a9-bad8b2ff5565</value><value>idcd47bbbe-f6f7-4481-8673-af07cdefddff ida8cefe53-a33f-4ae0-bff1-0fe01563c251</value><value>idff234e03-2865-4988-adf2-63795f440a9d id8505cac9-c885-44e1-aa8b-6d11c18a9e7e</value><value>id6b11ff11-8202-4dcb-a7fb-84356fe9317c id41d7a7c1-c619-45e6-8c84-a692010049f7</value></correctResponse><mapping defaultValue="0" lowerBound="0.0"><mapEntry mapKey="idff234e03-2865-4988-adf2-63795f440a9d id8505cac9-c885-44e1-aa8b-6d11c18a9e7e" mappedValue="1" /><mapEntry mapKey="id6b11ff11-8202-4dcb-a7fb-84356fe9317c id41d7a7c1-c619-45e6-8c84-a692010049f7" mappedValue="1" /><mapEntry mapKey="id8900398f-2842-48dc-896e-270eaa0c2687 ideb7a51ef-7da7-4bd6-a7a9-bad8b2ff5565" mappedValue="1" /><mapEntry mapKey="idcd47bbbe-f6f7-4481-8673-af07cdefddff ida8cefe53-a33f-4ae0-bff1-0fe01563c251" mappedValue="2" /></mapping></responseDeclaration><outcomeDeclaration identifier="SCORE" cardinality="single" baseType="float"><defaultValue><value>0</value></defaultValue></outcomeDeclaration><outcomeDeclaration identifier="MAXSCORE" cardinality="single" baseType="float"><defaultValue><value>5</value></defaultValue></outcomeDeclaration><outcomeDeclaration identifier="FEEDBACKBASIC" cardinality="single" baseType="identifier" view="testConstructor"><defaultValue><value>empty</value></defaultValue></outcomeDeclaration><templateDeclaration identifier="a" cardinality="single" baseType="integer" /><templateDeclaration identifier="2a" cardinality="single" baseType="integer" /><templateDeclaration identifier="4a" cardinality="single" baseType="integer" /><templateDeclaration identifier="b" cardinality="single" baseType="integer" /><templateDeclaration identifier="2b" cardinality="single" baseType="integer" /><templateDeclaration identifier="c" cardinality="single" baseType="integer" /><templateProcessing><setTemplateValue identifier="a"><randomInteger min="2" max="9" /></setTemplateValue><setTemplateValue identifier="2a"><customOperator definition="MAXIMA" value="float(2*($(1)));"><variable identifier="a" /></customOperator></setTemplateValue><setTemplateValue identifier="4a"><customOperator definition="MAXIMA" value="float(4*($(1)));"><variable identifier="a" /></customOperator></setTemplateValue><setTemplateValue identifier="b"><randomInteger min="2" max="9" /></setTemplateValue><setTemplateValue identifier="2b"><customOperator definition="MAXIMA" value="float(2*($(1)));"><variable identifier="b" /></customOperator></setTemplateValue><setTemplateValue identifier="c"><randomInteger min="2" max="9" /></setTemplateValue></templateProcessing><itemBody ><p>Welche der gegebenen Stammfunktionen gehören zu den unbestimmten Integralen? Ordnen Sie zu! </p><matchInteraction responseIdentifier="RESPONSE_1" shuffle="true" maxAssociations="0"><simpleMatchSet><simpleAssociableChoice identifier="idff234e03-2865-4988-adf2-63795f440a9d" fixed="false" matchMax="1"><p>$$F(x)=\frac{x+1}{x-x^2}$$</p></simpleAssociableChoice><simpleAssociableChoice identifier="ideab4a651-6c38-42c6-a0ef-5a2181263f4d" fixed="false" matchMax="1"><p>$$F(x)=\frac{1}{3}\frac{x^3+x^2-x}{x^2-x}$$</p></simpleAssociableChoice><simpleAssociableChoice identifier="id6b11ff11-8202-4dcb-a7fb-84356fe9317c" fixed="false" matchMax="1"><p>$$F(x)=<printedVariable identifier="2a" />\tan(x^2)$$</p></simpleAssociableChoice><simpleAssociableChoice identifier="id110a79ba-1fa0-4f1e-8a0a-22aa5a4eccbd" fixed="false" matchMax="1"><p>$$F(x)=<printedVariable identifier="2a" />\ln|\cos (x^2)|$$</p></simpleAssociableChoice><simpleAssociableChoice identifier="id8900398f-2842-48dc-896e-270eaa0c2687" fixed="false" matchMax="1"><p>$$F(x)=42-<printedVariable identifier="a" />\ln\left|\frac{\cos(2x)}{ <printedVariable identifier="c" /> }\right|$$</p></simpleAssociableChoice><simpleAssociableChoice identifier="idcd47bbbe-f6f7-4481-8673-af07cdefddff" fixed="false" matchMax="1"><p>$$F(x)=e^{<printedVariable identifier="2b" />x-x^2}$$</p></simpleAssociableChoice><simpleAssociableChoice identifier="id7e30bef8-0de9-4f82-9d40-19998c691d20" fixed="false" matchMax="1"><p>$$F(x)=e^{<printedVariable identifier="2b" />x-x^2}(<printedVariable identifier="2b" />x-x^2)$$ </p></simpleAssociableChoice></simpleMatchSet><simpleMatchSet><simpleAssociableChoice identifier="id8505cac9-c885-44e1-aa8b-6d11c18a9e7e" fixed="false" matchMax="1"><p>$$\int \frac{x^2+2x-1}{(x^2-x)^2} dx$$</p></simpleAssociableChoice><simpleAssociableChoice identifier="id41d7a7c1-c619-45e6-8c84-a692010049f7" fixed="false" matchMax="1"><p>$$\int \frac{<printedVariable identifier="4a" />x}{\cos^2(x^2)} dx$$</p></simpleAssociableChoice><simpleAssociableChoice identifier="ideb7a51ef-7da7-4bd6-a7a9-bad8b2ff5565" fixed="false" matchMax="1"><p>$$\int <printedVariable identifier="2a" />\tan(2x) dx $$</p></simpleAssociableChoice><simpleAssociableChoice identifier="ida8cefe53-a33f-4ae0-bff1-0fe01563c251" fixed="false" matchMax="1"><p>$$\int 2e^{<printedVariable identifier="2b" />x-x^2}(<printedVariable identifier="b" />-x) dx$$</p></simpleAssociableChoice></simpleMatchSet></matchInteraction></itemBody><responseProcessing><responseCondition><responseIf><not><isNull><variable identifier="RESPONSE_1" /></isNull></not><setOutcomeValue identifier="SCORE"><sum><variable identifier="SCORE" /><mapResponse identifier="RESPONSE_1" /></sum></setOutcomeValue><setOutcomeValue identifier="FEEDBACKBASIC"><baseValue baseType="identifier">incorrect</baseValue></setOutcomeValue></responseIf></responseCondition><responseCondition><responseIf><and><not><match><variable identifier="FEEDBACKBASIC" /><baseValue baseType="identifier">empty</baseValue></match></not><equal toleranceMode="exact"><variable identifier="SCORE" /><variable identifier="MAXSCORE" /></equal></and><setOutcomeValue identifier="FEEDBACKBASIC"><baseValue baseType="identifier">correct</baseValue></setOutcomeValue></responseIf></responseCondition></responseProcessing></assessmentItem>
