<?xml version="1.0" encoding="UTF-8"?>
<assessmentItem xmlns="http://www.imsglobal.org/xsd/imsqti_v2p1" xmlns:xsi="http://www.w3.org/2001/XMLSchema-instance" xsi:schemaLocation="http://www.imsglobal.org/xsd/imsqti_v2p1 http://www.imsglobal.org/xsd/qti/qtiv2p1/imsqti_v2p1p1.xsd http://www.w3.org/1998/Math/MathML http://www.w3.org/Math/XMLSchema/mathml2/mathml2.xsd" identifier="id9ee5d4a0-5c32-4624-b887-bc8da7f83699" title="quotientenregel_03" adaptive="false" timeDependent="false"><responseDeclaration identifier="RESPONSE_1408541496619" cardinality="single" baseType="string" /><outcomeDeclaration identifier="SCORE" cardinality="single" baseType="float"><defaultValue><value>0</value></defaultValue></outcomeDeclaration><outcomeDeclaration identifier="MAXSCORE" cardinality="single" baseType="float"><defaultValue><value>1</value></defaultValue></outcomeDeclaration><outcomeDeclaration identifier="FEEDBACKBASIC" cardinality="single" baseType="identifier" view="testConstructor"><defaultValue><value>empty</value></defaultValue></outcomeDeclaration><outcomeDeclaration identifier="FEEDBACKMODAL" cardinality="multiple" baseType="identifier" view="testConstructor" /><templateDeclaration identifier="b" cardinality="single" baseType="integer" /><templateDeclaration identifier="d" cardinality="single" baseType="integer" /><templateDeclaration identifier="e" cardinality="single" baseType="integer" /><templateDeclaration identifier="h" cardinality="single" baseType="integer" /><templateDeclaration identifier="i" cardinality="single" baseType="integer" /><templateDeclaration identifier="2b" cardinality="single" baseType="integer" /><templateDeclaration identifier="2h" cardinality="single" baseType="integer" /><templateDeclaration identifier="3i+bh+6d" cardinality="single" baseType="integer" /><templateDeclaration identifier="2bi+8e" cardinality="single" baseType="integer" /><templateDeclaration identifier="dh" cardinality="single" baseType="integer" /><templateDeclaration identifier="2he" cardinality="single" baseType="integer" /><templateDeclaration identifier="ei" cardinality="single" baseType="integer" /><templateProcessing><setTemplateValue identifier="b"><randomInteger min="2" max="4" /></setTemplateValue><setTemplateValue identifier="d"><randomInteger min="2" max="6" /></setTemplateValue><setTemplateValue identifier="e"><randomInteger min="1" max="8" /></setTemplateValue><setTemplateValue identifier="h"><randomInteger min="2" max="5" /></setTemplateValue><setTemplateValue identifier="i"><randomInteger min="1" max="8" /></setTemplateValue><setTemplateValue identifier="2b"><customOperator definition="MAXIMA" value="float(2*$(1));"><variable identifier="b" /></customOperator></setTemplateValue><setTemplateValue identifier="2h"><customOperator definition="MAXIMA" value="float(2*$(1));"><variable identifier="h" /></customOperator></setTemplateValue><setTemplateValue identifier="3i+bh+6d"><customOperator definition="MAXIMA" value="float(3*$(1)+$(2)*$(3)+6*$(4));"><variable identifier="i" /><variable identifier="b" /><variable identifier="h" /><variable identifier="d" /></customOperator></setTemplateValue><setTemplateValue identifier="2bi+8e"><customOperator definition="MAXIMA" value="float(2*$(1)*$(2)+8*$(3));"><variable identifier="b" /><variable identifier="i" /><variable identifier="e" /></customOperator></setTemplateValue><setTemplateValue identifier="dh"><customOperator definition="MAXIMA" value="float($(1)*$(2));"><variable identifier="d" /><variable identifier="h" /></customOperator></setTemplateValue><setTemplateValue identifier="2he"><customOperator definition="MAXIMA" value="float(2*$(1)*$(2));"><variable identifier="h" /><variable identifier="e" /></customOperator></setTemplateValue><setTemplateValue identifier="ei"><customOperator definition="MAXIMA" value="float($(1)*$(2));"><variable identifier="e" /><variable identifier="i" /></customOperator></setTemplateValue><setCorrectResponse identifier="RESPONSE_1408541496619"><customOperator definition="VARIABLESTRING" value="$(1)*x^6+$(2)*x^5-$(3)*x^4+$(4)*x^3-$(5)*x^2+$(6)*x-$(7)"><variable identifier="2b" /><variable identifier="2h" /><variable identifier="3i+bh+6d" /><variable identifier="2bi+8e" /><variable identifier="dh" /><variable identifier="2he" /><variable identifier="ei" /></customOperator></setCorrectResponse></templateProcessing><itemBody ><p>Geben Sie die Ableitung der Funktion $$f(x) = \frac{x^4 - <printedVariable identifier="b" />x^3 +<printedVariable identifier="d" />x -<printedVariable identifier="e" />}{2x^4 +<printedVariable identifier="h" />x^2 -<printedVariable identifier="i" />x}$$ an! Bitte vereinfachen Sie Ihre Lösung soweit wie möglich.</p><p><strong>Ergebnis:</strong> $$f'(x) = \frac{g(x)}{h(x)}$$ </p><p>$$g(x) = $$ <textEntryInteraction responseIdentifier="RESPONSE_1408541496619" class="maxima-formula show-latex" /> $$\qquad h(x) = (2x^4 +<printedVariable identifier="h" />x^2 -<printedVariable identifier="i" />x)^2$$</p><p> </p><p>Hinweise zur Formeleingabe:</p><ul><li>\(\frac{x}{y}\) = x/y, \(x^y\) = x^y</li><li>\(x\cdot y\) = x*y, z.B. \(3x\) = 3*x  \(\Rightarrow\)  Bitte keine * vergessen!</li><li>Durch Klicken auf die ?-Schaltfläche können Sie Ihre Formel vor Speichern der Antwort zunächst überprüfen.</li></ul></itemBody><responseProcessing><responseCondition><responseIf><customOperator definition="MAXIMA" value="is(equal(ev($(1)),ev($(2))));"><variable identifier="RESPONSE_1408541496619" /><correct identifier="RESPONSE_1408541496619" /></customOperator><setOutcomeValue identifier="SCORE"><sum><variable identifier="SCORE" /><baseValue baseType="float">1</baseValue></sum></setOutcomeValue></responseIf></responseCondition><responseCondition><responseIf><not><isNull><variable identifier="RESPONSE_1408541496619" /></isNull></not><setOutcomeValue identifier="FEEDBACKBASIC"><baseValue baseType="identifier">incorrect</baseValue></setOutcomeValue></responseIf></responseCondition><responseCondition><responseIf><and><not><match><variable identifier="FEEDBACKBASIC" /><baseValue baseType="identifier">empty</baseValue></match></not><equal toleranceMode="exact"><variable identifier="SCORE" /><variable identifier="MAXSCORE" /></equal></and><setOutcomeValue identifier="FEEDBACKBASIC"><baseValue baseType="identifier">correct</baseValue></setOutcomeValue></responseIf></responseCondition><responseCondition><responseIf><and><match><baseValue baseType="identifier">correct</baseValue><variable identifier="FEEDBACKBASIC" /></match></and><setOutcomeValue identifier="FEEDBACKMODAL"><multiple><variable identifier="FEEDBACKMODAL" /><baseValue baseType="identifier">Feedback1151682332</baseValue></multiple></setOutcomeValue></responseIf></responseCondition><responseCondition><responseIf><and><match><baseValue baseType="identifier">incorrect</baseValue><variable identifier="FEEDBACKBASIC" /></match></and><setOutcomeValue identifier="FEEDBACKMODAL"><multiple><variable identifier="FEEDBACKMODAL" /><baseValue baseType="identifier">Feedback2045628457</baseValue></multiple></setOutcomeValue></responseIf></responseCondition></responseProcessing><modalFeedback  identifier="Feedback1151682332" outcomeIdentifier="FEEDBACKMODAL" showHide="show" title="Richtig!" /><modalFeedback  identifier="Feedback2045628457" outcomeIdentifier="FEEDBACKMODAL" showHide="show" title="Lösung:"><p>$$\qquad\qquad f'(x) = \frac{(4x^3-3 \cdot <printedVariable identifier="b" />x^2+<printedVariable identifier="d" />)(2x^4 +<printedVariable identifier="h" />x^2 -<printedVariable identifier="i" />x)-(x^4 - <printedVariable identifier="b" />x^3 +<printedVariable identifier="d" />x -<printedVariable identifier="e" />)(8x^3+2 \cdot <printedVariable identifier="h" />x - <printedVariable identifier="i" />)}{(2x^4 +<printedVariable identifier="h" />x^2 -<printedVariable identifier="i" />x)^2} = \dots = \dots = \frac{<printedVariable identifier="2b" />x^6+<printedVariable identifier="2h" />x^5-<printedVariable identifier="3i+bh+6d" />x^4+<printedVariable identifier="2bi+8e" />x^3-<printedVariable identifier="dh" />x^2+<printedVariable identifier="2he" />x-<printedVariable identifier="ei" />}{(2x^4 +<printedVariable identifier="h" />x^2 -<printedVariable identifier="i" />x)^2}$$</p></modalFeedback></assessmentItem>
