<?xml version="1.0" encoding="UTF-8"?>
<assessmentItem xmlns="http://www.imsglobal.org/xsd/imsqti_v2p1" xmlns:xsi="http://www.w3.org/2001/XMLSchema-instance" xsi:schemaLocation="http://www.imsglobal.org/xsd/imsqti_v2p1 http://www.imsglobal.org/xsd/qti/qtiv2p1/imsqti_v2p1p1.xsd http://www.w3.org/1998/Math/MathML http://www.w3.org/Math/XMLSchema/mathml2/mathml2.xsd" identifier="idf299e36f-1aaf-4404-ac34-9fbead559206" title="textaufgabe_2variablen_01" adaptive="false" timeDependent="false"><responseDeclaration identifier="RESPONSE_1417706086390" cardinality="single" baseType="float"><correctResponse><value>0</value></correctResponse></responseDeclaration><responseDeclaration identifier="RESPONSE_1417706092920" cardinality="single" baseType="float"><correctResponse><value>0</value></correctResponse></responseDeclaration><outcomeDeclaration identifier="SCORE" cardinality="single" baseType="float"><defaultValue><value>0</value></defaultValue></outcomeDeclaration><outcomeDeclaration identifier="MAXSCORE" cardinality="single" baseType="float"><defaultValue><value>1</value></defaultValue></outcomeDeclaration><outcomeDeclaration identifier="FEEDBACKBASIC" cardinality="single" baseType="identifier" view="testConstructor"><defaultValue><value>empty</value></defaultValue></outcomeDeclaration><outcomeDeclaration identifier="FEEDBACKMODAL" cardinality="multiple" baseType="identifier" view="testConstructor" /><templateDeclaration identifier="k" cardinality="single" baseType="integer" /><templateDeclaration identifier="s" cardinality="single" baseType="integer" /><templateDeclaration identifier="a" cardinality="single" baseType="integer" /><templateDeclaration identifier="b" cardinality="single" baseType="integer" /><templateProcessing><setTemplateValue identifier="k"><randomInteger min="15" max="30" /></setTemplateValue><setTemplateValue identifier="s"><randomInteger min="6" max="17" /></setTemplateValue><setTemplateValue identifier="a"><customOperator definition="MAXIMA" value="float($(1)+$(2));"><variable identifier="s" /><variable identifier="k" /></customOperator></setTemplateValue><setTemplateValue identifier="b"><customOperator definition="MAXIMA" value="float(8*$(1)+6*$(2));"><variable identifier="s" /><variable identifier="k" /></customOperator></setTemplateValue><setCorrectResponse identifier="RESPONSE_1417706086390"><variable identifier="k" /></setCorrectResponse><setCorrectResponse identifier="RESPONSE_1417706092920"><variable identifier="s" /></setCorrectResponse></templateProcessing><itemBody ><p><strong>Lösen Sie mithilfe eines Gleichungssystems!</strong></p><p>In einem Terrarium sitzen Käfer und Spinnen. Die insgesamt <printedVariable identifier="a" /> Tiere haben zusammen <printedVariable identifier="b" /> Beine. <br /> Wieviele Tiere sind es jeweils?</p><p><textEntryInteraction responseIdentifier="RESPONSE_1417706086390" expectedLength="3" /> Käfer und <textEntryInteraction responseIdentifier="RESPONSE_1417706092920" expectedLength="3" /> Spinnen.</p></itemBody><responseProcessing><responseCondition><responseIf><equal toleranceMode="exact"><variable identifier="RESPONSE_1417706086390" /><correct identifier="RESPONSE_1417706086390" /></equal><setOutcomeValue identifier="SCORE"><sum><variable identifier="SCORE" /><baseValue baseType="float">0.5</baseValue></sum></setOutcomeValue></responseIf></responseCondition><responseCondition><responseIf><not><isNull><variable identifier="RESPONSE_1417706086390" /></isNull></not><setOutcomeValue identifier="FEEDBACKBASIC"><baseValue baseType="identifier">incorrect</baseValue></setOutcomeValue></responseIf></responseCondition><responseCondition><responseIf><equal toleranceMode="exact"><variable identifier="RESPONSE_1417706092920" /><correct identifier="RESPONSE_1417706092920" /></equal><setOutcomeValue identifier="SCORE"><sum><variable identifier="SCORE" /><baseValue baseType="float">0.5</baseValue></sum></setOutcomeValue></responseIf></responseCondition><responseCondition><responseIf><not><isNull><variable identifier="RESPONSE_1417706092920" /></isNull></not><setOutcomeValue identifier="FEEDBACKBASIC"><baseValue baseType="identifier">incorrect</baseValue></setOutcomeValue></responseIf></responseCondition><responseCondition><responseIf><and><not><match><variable identifier="FEEDBACKBASIC" /><baseValue baseType="identifier">empty</baseValue></match></not><equal toleranceMode="exact"><variable identifier="SCORE" /><variable identifier="MAXSCORE" /></equal></and><setOutcomeValue identifier="FEEDBACKBASIC"><baseValue baseType="identifier">correct</baseValue></setOutcomeValue></responseIf></responseCondition><responseCondition><responseIf><and><match><baseValue baseType="identifier">correct</baseValue><variable identifier="FEEDBACKBASIC" /></match></and><setOutcomeValue identifier="FEEDBACKMODAL"><multiple><variable identifier="FEEDBACKMODAL" /><baseValue baseType="identifier">Feedback809541251</baseValue></multiple></setOutcomeValue></responseIf></responseCondition><responseCondition><responseIf><and><match><baseValue baseType="identifier">incorrect</baseValue><variable identifier="FEEDBACKBASIC" /></match></and><setOutcomeValue identifier="FEEDBACKMODAL"><multiple><variable identifier="FEEDBACKMODAL" /><baseValue baseType="identifier">Feedback1327111301</baseValue></multiple></setOutcomeValue></responseIf></responseCondition></responseProcessing><modalFeedback  identifier="Feedback809541251" outcomeIdentifier="FEEDBACKMODAL" showHide="show" title="Richtig!" /><modalFeedback  identifier="Feedback1327111301" outcomeIdentifier="FEEDBACKMODAL" showHide="show" title="Leider falsch!"><p>Lösung:</p><p>\(x_1 - \) Anzahl der Käfer \(\qquad\qquad x_2 - \) Anzahl der Spinnen</p><p> </p><p>\( \begin{matrix} x_1 &amp; + &amp; x_2 &amp; = &amp; <printedVariable identifier="a" /> \\ 6x_1 &amp; + &amp; 8x_2 &amp; = &amp; <printedVariable identifier="b" /> \end{matrix}\) \(\Big\} \qquad\Rightarrow x_1 = {<printedVariable identifier="k" />} , x_2 = <printedVariable identifier="s" />\)</p></modalFeedback></assessmentItem>
