<?xml version="1.0" encoding="UTF-8"?>
<assessmentItem xmlns="http://www.imsglobal.org/xsd/imsqti_v2p1" xmlns:xsi="http://www.w3.org/2001/XMLSchema-instance" xsi:schemaLocation="http://www.imsglobal.org/xsd/imsqti_v2p1 http://www.imsglobal.org/xsd/qti/qtiv2p1/imsqti_v2p1p1.xsd http://www.w3.org/1998/Math/MathML http://www.w3.org/Math/XMLSchema/mathml2/mathml2.xsd" identifier="idf65da7b5-b88c-44c8-8ff0-47fdf25cc9bc" title="Komplexe Nullstelle" adaptive="false" timeDependent="false"><imsqti:responseDeclaration xmlns:imsqti="http://www.imsglobal.org/xsd/imsqti_v2p1" identifier="RESPONSE_1412795830787" cardinality="single" baseType="float"><imsqti:correctResponse><imsqti:value>0</imsqti:value></imsqti:correctResponse></imsqti:responseDeclaration><imsqti:responseDeclaration xmlns:imsqti="http://www.imsglobal.org/xsd/imsqti_v2p1" identifier="RESPONSE_1412795865611" cardinality="single" baseType="float"><imsqti:correctResponse><imsqti:value>0</imsqti:value></imsqti:correctResponse></imsqti:responseDeclaration><imsqti:outcomeDeclaration xmlns:imsqti="http://www.imsglobal.org/xsd/imsqti_v2p1" identifier="SCORE" cardinality="single" baseType="float"><imsqti:defaultValue><imsqti:value>0</imsqti:value></imsqti:defaultValue></imsqti:outcomeDeclaration><imsqti:outcomeDeclaration xmlns:imsqti="http://www.imsglobal.org/xsd/imsqti_v2p1" identifier="MAXSCORE" cardinality="single" baseType="float"><imsqti:defaultValue><imsqti:value>2</imsqti:value></imsqti:defaultValue></imsqti:outcomeDeclaration><imsqti:outcomeDeclaration xmlns:imsqti="http://www.imsglobal.org/xsd/imsqti_v2p1" identifier="FEEDBACKBASIC" cardinality="single" baseType="identifier" view="testConstructor"><imsqti:defaultValue><imsqti:value>empty</imsqti:value></imsqti:defaultValue></imsqti:outcomeDeclaration><imsqti:templateDeclaration xmlns:imsqti="http://www.imsglobal.org/xsd/imsqti_v2p1" identifier="r" cardinality="single" baseType="integer" /><imsqti:templateDeclaration xmlns:imsqti="http://www.imsglobal.org/xsd/imsqti_v2p1" identifier="i" cardinality="single" baseType="integer" /><imsqti:templateDeclaration xmlns:imsqti="http://www.imsglobal.org/xsd/imsqti_v2p1" identifier="c" cardinality="single" baseType="integer" /><imsqti:templateDeclaration xmlns:imsqti="http://www.imsglobal.org/xsd/imsqti_v2p1" identifier="a2" cardinality="single" baseType="integer" /><imsqti:templateDeclaration xmlns:imsqti="http://www.imsglobal.org/xsd/imsqti_v2p1" identifier="a1" cardinality="single" baseType="integer" /><imsqti:templateDeclaration xmlns:imsqti="http://www.imsglobal.org/xsd/imsqti_v2p1" identifier="sign" cardinality="single" baseType="string" /><imsqti:templateDeclaration xmlns:imsqti="http://www.imsglobal.org/xsd/imsqti_v2p1" identifier="Quadrant" cardinality="single" baseType="string" /><imsqti:templateProcessing xmlns:imsqti="http://www.imsglobal.org/xsd/imsqti_v2p1"><imsqti:setTemplateValue identifier="r"><imsqti:random><imsqti:multiple><imsqti:baseValue baseType="integer">-10</imsqti:baseValue><imsqti:baseValue baseType="integer">-9</imsqti:baseValue><imsqti:baseValue baseType="integer">-8</imsqti:baseValue><imsqti:baseValue baseType="integer">-7</imsqti:baseValue><imsqti:baseValue baseType="integer">-6</imsqti:baseValue><imsqti:baseValue baseType="integer">-5</imsqti:baseValue><imsqti:baseValue baseType="integer">-4</imsqti:baseValue><imsqti:baseValue baseType="integer">-3</imsqti:baseValue><imsqti:baseValue baseType="integer">-2</imsqti:baseValue><imsqti:baseValue baseType="integer">-1</imsqti:baseValue><imsqti:baseValue baseType="integer">1</imsqti:baseValue><imsqti:baseValue baseType="integer">2</imsqti:baseValue><imsqti:baseValue baseType="integer">3</imsqti:baseValue><imsqti:baseValue baseType="integer">4</imsqti:baseValue><imsqti:baseValue baseType="integer">5</imsqti:baseValue><imsqti:baseValue baseType="integer">6</imsqti:baseValue><imsqti:baseValue baseType="integer">7</imsqti:baseValue><imsqti:baseValue baseType="integer">8</imsqti:baseValue><imsqti:baseValue baseType="integer">9</imsqti:baseValue><imsqti:baseValue baseType="integer">10</imsqti:baseValue></imsqti:multiple></imsqti:random></imsqti:setTemplateValue><imsqti:setTemplateValue identifier="i"><imsqti:randomInteger min="1" max="10" /></imsqti:setTemplateValue><imsqti:setTemplateValue identifier="c"><imsqti:randomInteger min="1" max="9" /></imsqti:setTemplateValue><imsqti:setTemplateValue identifier="a2"><imsqti:customOperator definition="MAXIMA" value="float(abs(2*($(1))*($(2))));"><imsqti:variable identifier="r" /><imsqti:variable identifier="c" /></imsqti:customOperator></imsqti:setTemplateValue><imsqti:setTemplateValue identifier="a1"><imsqti:customOperator definition="MAXIMA" value="float((($(1))^2+($(2))^2)*($(3)));"><imsqti:variable identifier="r" /><imsqti:variable identifier="i" /><imsqti:variable identifier="c" /></imsqti:customOperator></imsqti:setTemplateValue><imsqti:setTemplateValue identifier="sign"><imsqti:random><imsqti:multiple><imsqti:baseValue baseType="string">+</imsqti:baseValue><imsqti:baseValue baseType="string">-</imsqti:baseValue></imsqti:multiple></imsqti:random></imsqti:setTemplateValue><imsqti:setTemplateValue identifier="Quadrant"><imsqti:random><imsqti:multiple><imsqti:baseValue baseType="string">ersten</imsqti:baseValue><imsqti:baseValue baseType="string">zweiten</imsqti:baseValue></imsqti:multiple></imsqti:random></imsqti:setTemplateValue><imsqti:templateCondition><imsqti:templateIf><imsqti:gte><imsqti:variable identifier="r" /><imsqti:baseValue baseType="integer">0</imsqti:baseValue></imsqti:gte><imsqti:setTemplateValue identifier="sign"><imsqti:random><imsqti:multiple><imsqti:baseValue baseType="string">-</imsqti:baseValue></imsqti:multiple></imsqti:random></imsqti:setTemplateValue></imsqti:templateIf><imsqti:templateElse><imsqti:setTemplateValue identifier="sign"><imsqti:random><imsqti:multiple><imsqti:baseValue baseType="string">+</imsqti:baseValue></imsqti:multiple></imsqti:random></imsqti:setTemplateValue></imsqti:templateElse></imsqti:templateCondition><imsqti:templateCondition><imsqti:templateIf><imsqti:gte><imsqti:variable identifier="r" /><imsqti:baseValue baseType="integer">0</imsqti:baseValue></imsqti:gte><imsqti:setTemplateValue identifier="Quadrant"><imsqti:random><imsqti:multiple><imsqti:baseValue baseType="string">ersten</imsqti:baseValue></imsqti:multiple></imsqti:random></imsqti:setTemplateValue></imsqti:templateIf><imsqti:templateElse><imsqti:setTemplateValue identifier="Quadrant"><imsqti:random><imsqti:multiple><imsqti:baseValue baseType="string">zweiten</imsqti:baseValue></imsqti:multiple></imsqti:random></imsqti:setTemplateValue></imsqti:templateElse></imsqti:templateCondition><imsqti:setCorrectResponse identifier="RESPONSE_1412795830787"><imsqti:variable identifier="r" /></imsqti:setCorrectResponse><imsqti:setCorrectResponse identifier="RESPONSE_1412795865611"><imsqti:variable identifier="i" /></imsqti:setCorrectResponse></imsqti:templateProcessing><itemBody ><p><p><p>Das Polynom $$p(z)=<printedVariable identifier="c" />z^3<printedVariable identifier="sign" /><printedVariable identifier="a2" />z^2+<printedVariable identifier="a1" />z$$ besitzt eine komplexe Nullstelle $$z_0$$ im <printedVariable identifier="Quadrant" /> Quadranten. Bestimmen Sie</p><p>$$\text{Re}z_0=$$<textEntryInteraction responseIdentifier="RESPONSE_1412795830787" expectedLength="2" /> und $$\text{Im}z_0=$$<textEntryInteraction responseIdentifier="RESPONSE_1412795865611" expectedLength="2" /> !</p></p></p></itemBody><imsqti:responseProcessing xmlns:imsqti="http://www.imsglobal.org/xsd/imsqti_v2p1"><imsqti:responseCondition><imsqti:responseIf><imsqti:equal toleranceMode="exact"><imsqti:variable identifier="RESPONSE_1412795830787" /><imsqti:correct identifier="RESPONSE_1412795830787" /></imsqti:equal><imsqti:setOutcomeValue identifier="SCORE"><imsqti:sum><imsqti:variable identifier="SCORE" /><imsqti:baseValue baseType="float">1</imsqti:baseValue></imsqti:sum></imsqti:setOutcomeValue></imsqti:responseIf></imsqti:responseCondition><imsqti:responseCondition><imsqti:responseIf><imsqti:not><imsqti:isNull><imsqti:variable identifier="RESPONSE_1412795830787" /></imsqti:isNull></imsqti:not><imsqti:setOutcomeValue identifier="FEEDBACKBASIC"><imsqti:baseValue baseType="identifier">incorrect</imsqti:baseValue></imsqti:setOutcomeValue></imsqti:responseIf></imsqti:responseCondition><imsqti:responseCondition><imsqti:responseIf><imsqti:equal toleranceMode="exact"><imsqti:variable identifier="RESPONSE_1412795865611" /><imsqti:correct identifier="RESPONSE_1412795865611" /></imsqti:equal><imsqti:setOutcomeValue identifier="SCORE"><imsqti:sum><imsqti:variable identifier="SCORE" /><imsqti:baseValue baseType="float">1</imsqti:baseValue></imsqti:sum></imsqti:setOutcomeValue></imsqti:responseIf></imsqti:responseCondition><imsqti:responseCondition><imsqti:responseIf><imsqti:not><imsqti:isNull><imsqti:variable identifier="RESPONSE_1412795865611" /></imsqti:isNull></imsqti:not><imsqti:setOutcomeValue identifier="FEEDBACKBASIC"><imsqti:baseValue baseType="identifier">incorrect</imsqti:baseValue></imsqti:setOutcomeValue></imsqti:responseIf></imsqti:responseCondition><imsqti:responseCondition><imsqti:responseIf><imsqti:and><imsqti:not><imsqti:match><imsqti:variable identifier="FEEDBACKBASIC" /><imsqti:baseValue baseType="identifier">empty</imsqti:baseValue></imsqti:match></imsqti:not><imsqti:equal toleranceMode="exact"><imsqti:variable identifier="SCORE" /><imsqti:variable identifier="MAXSCORE" /></imsqti:equal></imsqti:and><imsqti:setOutcomeValue identifier="FEEDBACKBASIC"><imsqti:baseValue baseType="identifier">correct</imsqti:baseValue></imsqti:setOutcomeValue></imsqti:responseIf></imsqti:responseCondition></imsqti:responseProcessing></assessmentItem>
