<?xml version="1.0" encoding="UTF-8"?>
<assessmentItem xmlns="http://www.imsglobal.org/xsd/imsqti_v2p1" xmlns:xsi="http://www.w3.org/2001/XMLSchema-instance" xsi:schemaLocation="http://www.imsglobal.org/xsd/imsqti_v2p1 http://www.imsglobal.org/xsd/qti/qtiv2p1/imsqti_v2p1p1.xsd http://www.w3.org/1998/Math/MathML http://www.w3.org/Math/XMLSchema/mathml2/mathml2.xsd" identifier="idf9012984-59cd-4f40-9805-1d2b880d3774" title="IdentifyValuePowerSeries" adaptive="false" timeDependent="false"><imsqti:responseDeclaration xmlns:imsqti="http://www.imsglobal.org/xsd/imsqti_v2p1" identifier="RESPONSE_1414870833246" cardinality="single" baseType="string" /><imsqti:outcomeDeclaration xmlns:imsqti="http://www.imsglobal.org/xsd/imsqti_v2p1" identifier="SCORE" cardinality="single" baseType="float"><imsqti:defaultValue><imsqti:value>0</imsqti:value></imsqti:defaultValue></imsqti:outcomeDeclaration><imsqti:outcomeDeclaration xmlns:imsqti="http://www.imsglobal.org/xsd/imsqti_v2p1" identifier="MAXSCORE" cardinality="single" baseType="float"><imsqti:defaultValue><imsqti:value>2</imsqti:value></imsqti:defaultValue></imsqti:outcomeDeclaration><imsqti:outcomeDeclaration xmlns:imsqti="http://www.imsglobal.org/xsd/imsqti_v2p1" identifier="FEEDBACKBASIC" cardinality="single" baseType="identifier" view="testConstructor"><imsqti:defaultValue><imsqti:value>empty</imsqti:value></imsqti:defaultValue></imsqti:outcomeDeclaration><imsqti:outcomeDeclaration xmlns:imsqti="http://www.imsglobal.org/xsd/imsqti_v2p1" identifier="FEEDBACKMODAL" cardinality="multiple" baseType="identifier" view="testConstructor" /><imsqti:templateDeclaration xmlns:imsqti="http://www.imsglobal.org/xsd/imsqti_v2p1" identifier="a" cardinality="single" baseType="integer" /><imsqti:templateDeclaration xmlns:imsqti="http://www.imsglobal.org/xsd/imsqti_v2p1" identifier="b" cardinality="single" baseType="integer" /><imsqti:templateDeclaration xmlns:imsqti="http://www.imsglobal.org/xsd/imsqti_v2p1" identifier="-a" cardinality="single" baseType="float" /><imsqti:templateProcessing xmlns:imsqti="http://www.imsglobal.org/xsd/imsqti_v2p1"><imsqti:setTemplateValue identifier="a"><imsqti:randomInteger min="-6" max="7" /></imsqti:setTemplateValue><imsqti:setTemplateValue identifier="b"><imsqti:randomInteger min="2" max="7" /></imsqti:setTemplateValue><imsqti:templateCondition><imsqti:templateIf><imsqti:match><imsqti:variable identifier="a" /><imsqti:baseValue baseType="integer">0</imsqti:baseValue></imsqti:match><imsqti:setTemplateValue identifier="a"><imsqti:customOperator definition="MAXIMA" value="float(2);" /></imsqti:setTemplateValue></imsqti:templateIf></imsqti:templateCondition><imsqti:setTemplateValue identifier="-a"><imsqti:customOperator definition="MAXIMA" value="float(-$(1));"><imsqti:variable identifier="a" /></imsqti:customOperator></imsqti:setTemplateValue><imsqti:setCorrectResponse identifier="RESPONSE_1414870833246"><imsqti:customOperator definition="VARIABLESTRING" value="%i*$(1)*z*%e^($(2)*%i*z)-%i*z*$(1)"><imsqti:variable identifier="b" /><imsqti:variable identifier="-a" /></imsqti:customOperator></imsqti:setCorrectResponse></imsqti:templateProcessing><itemBody ><p> Compute(identify) the value f(z)  of the power series for each z within the disc of convergence:</p><p>$$ \sum_{k=1}^{\infty} \frac{(<printedVariable identifier="a" />)^k}{k!}\cdot <printedVariable identifier="b" />\cdot (-\mathrm i)^{k-1}\cdot z^{k+1} $$</p><p>Use %i for the imaginary unit i and * for any multiplication. Use %e for Euler's number e.</p><p> f(z) = <textEntryInteraction responseIdentifier="RESPONSE_1414870833246" expectedLength="20" class="maxima-formula show-latex show-syntax-error" /></p><p> </p></itemBody><imsqti:responseProcessing xmlns:imsqti="http://www.imsglobal.org/xsd/imsqti_v2p1"><imsqti:responseCondition><imsqti:responseIf><imsqti:customOperator definition="MAXIMA" value="is(equal(ev($(1)),ev($(2))));"><imsqti:variable identifier="RESPONSE_1414870833246" /><imsqti:correct identifier="RESPONSE_1414870833246" /></imsqti:customOperator><imsqti:setOutcomeValue identifier="SCORE"><imsqti:sum><imsqti:variable identifier="SCORE" /><imsqti:baseValue baseType="float">2</imsqti:baseValue></imsqti:sum></imsqti:setOutcomeValue></imsqti:responseIf></imsqti:responseCondition><imsqti:responseCondition><imsqti:responseIf><imsqti:not><imsqti:isNull><imsqti:variable identifier="RESPONSE_1414870833246" /></imsqti:isNull></imsqti:not><imsqti:setOutcomeValue identifier="FEEDBACKBASIC"><imsqti:baseValue baseType="identifier">incorrect</imsqti:baseValue></imsqti:setOutcomeValue></imsqti:responseIf></imsqti:responseCondition><imsqti:responseCondition><imsqti:responseIf><imsqti:and><imsqti:not><imsqti:match><imsqti:variable identifier="FEEDBACKBASIC" /><imsqti:baseValue baseType="identifier">empty</imsqti:baseValue></imsqti:match></imsqti:not><imsqti:equal toleranceMode="exact"><imsqti:variable identifier="SCORE" /><imsqti:variable identifier="MAXSCORE" /></imsqti:equal></imsqti:and><imsqti:setOutcomeValue identifier="FEEDBACKBASIC"><imsqti:baseValue baseType="identifier">correct</imsqti:baseValue></imsqti:setOutcomeValue></imsqti:responseIf></imsqti:responseCondition><imsqti:responseCondition><imsqti:responseIf><imsqti:and><imsqti:match><imsqti:baseValue baseType="identifier">incorrect</imsqti:baseValue><imsqti:variable identifier="FEEDBACKBASIC" /></imsqti:match></imsqti:and><imsqti:setOutcomeValue identifier="FEEDBACKMODAL"><imsqti:multiple><imsqti:variable identifier="FEEDBACKMODAL" /><imsqti:baseValue baseType="identifier">Feedback852359058</imsqti:baseValue></imsqti:multiple></imsqti:setOutcomeValue></imsqti:responseIf></imsqti:responseCondition></imsqti:responseProcessing><modalFeedback  identifier="Feedback852359058" outcomeIdentifier="FEEDBACKMODAL" showHide="show"><p>Note that $$ \sum_{k=1}^{\infty} a_k \cdot z^{k+1} =  z \cdot \sum_{k=1}^{\infty} a_k \cdot z^{k} = (z \cdot \sum_{k=0}^{\infty} a_k \cdot z^{k})  - z \cdot a_0$$  for any power series.</p></modalFeedback></assessmentItem>
