<?xml version="1.0" encoding="UTF-8"?>
<assessmentItem xmlns="http://www.imsglobal.org/xsd/imsqti_v2p1" xmlns:xsi="http://www.w3.org/2001/XMLSchema-instance" xsi:schemaLocation="http://www.imsglobal.org/xsd/imsqti_v2p1 http://www.imsglobal.org/xsd/qti/qtiv2p1/imsqti_v2p1p1.xsd http://www.w3.org/1998/Math/MathML http://www.w3.org/Math/XMLSchema/mathml2/mathml2.xsd" identifier="id36f6f372-ed0e-4784-8f6b-49fb92b4f392" title="Fehlerfortpflanzung" adaptive="false" timeDependent="false"><responseDeclaration identifier="RESPONSE_1389088432511" cardinality="single" baseType="float"><correctResponse><value>0</value></correctResponse></responseDeclaration><responseDeclaration identifier="RESPONSE_1389089513241" cardinality="single" baseType="float"><correctResponse><value>0</value></correctResponse></responseDeclaration><responseDeclaration identifier="RESPONSE_1389088537772" cardinality="single" baseType="float"><correctResponse><value>0</value></correctResponse></responseDeclaration><responseDeclaration identifier="RESPONSE_1389092461245" cardinality="single" baseType="float"><correctResponse><value>0</value></correctResponse></responseDeclaration><responseDeclaration identifier="RESPONSE_1389092466250" cardinality="single" baseType="float"><correctResponse><value>0</value></correctResponse></responseDeclaration><outcomeDeclaration identifier="SCORE" cardinality="single" baseType="float"><defaultValue><value>0</value></defaultValue></outcomeDeclaration><outcomeDeclaration identifier="MAXSCORE" cardinality="single" baseType="float"><defaultValue><value>8</value></defaultValue></outcomeDeclaration><outcomeDeclaration identifier="FEEDBACKBASIC" cardinality="single" baseType="identifier" view="testConstructor"><defaultValue><value>empty</value></defaultValue></outcomeDeclaration><outcomeDeclaration identifier="FEEDBACKMODAL" cardinality="multiple" baseType="identifier" view="testConstructor" /><templateDeclaration identifier="r" cardinality="single" baseType="float" /><templateDeclaration identifier="dr" cardinality="single" baseType="float" /><templateDeclaration identifier="h" cardinality="single" baseType="float" /><templateDeclaration identifier="dh" cardinality="single" baseType="float" /><templateDeclaration identifier="v" cardinality="single" baseType="float" /><templateDeclaration identifier="dv" cardinality="single" baseType="float" /><templateDeclaration identifier="dvv" cardinality="single" baseType="float" /><templateDeclaration identifier="dvg" cardinality="single" baseType="float" /><templateDeclaration identifier="dvgv" cardinality="single" baseType="float" /><templateProcessing><setTemplateValue identifier="r"><random><multiple><baseValue baseType="float">8</baseValue><baseValue baseType="float">9</baseValue><baseValue baseType="float">10</baseValue><baseValue baseType="float">11</baseValue><baseValue baseType="float">12</baseValue><baseValue baseType="float">13</baseValue><baseValue baseType="float">14</baseValue></multiple></random></setTemplateValue><setTemplateValue identifier="dr"><random><multiple><baseValue baseType="float">0.03</baseValue><baseValue baseType="float">0.04</baseValue><baseValue baseType="float">0.05</baseValue><baseValue baseType="float">0.06</baseValue><baseValue baseType="float">0.07</baseValue><baseValue baseType="float">0.08</baseValue></multiple></random></setTemplateValue><setTemplateValue identifier="h"><random><multiple><baseValue baseType="float">9</baseValue><baseValue baseType="float">10</baseValue><baseValue baseType="float">11</baseValue><baseValue baseType="float">12</baseValue><baseValue baseType="float">13</baseValue><baseValue baseType="float">14</baseValue><baseValue baseType="float">15</baseValue></multiple></random></setTemplateValue><setTemplateValue identifier="dh"><random><multiple><baseValue baseType="float">0.03</baseValue><baseValue baseType="float">0.04</baseValue><baseValue baseType="float">0.05</baseValue><baseValue baseType="float">0.06</baseValue><baseValue baseType="float">0.07</baseValue></multiple></random></setTemplateValue><setTemplateValue identifier="v"><customOperator definition="MAXIMA" value="float($(1)^2*%pi*$(2));"><variable identifier="r" /><variable identifier="h" /></customOperator></setTemplateValue><setTemplateValue identifier="dv"><customOperator definition="MAXIMA" value="float(2*$(1)*%pi*$(2)*$(3)+$(4)^2*%pi*$(5));"><variable identifier="r" /><variable identifier="h" /><variable identifier="dr" /><variable identifier="r" /><variable identifier="dh" /></customOperator></setTemplateValue><setTemplateValue identifier="dvv"><customOperator definition="MAXIMA" value="float($(1)/$(2));"><variable identifier="dv" /><variable identifier="v" /></customOperator></setTemplateValue><setTemplateValue identifier="dvg"><customOperator definition="MAXIMA" value="float(sqrt((2*$(1)*%pi*$(2)*$(3))^2+($(4)^2*%pi*$(5))^2));"><variable identifier="r" /><variable identifier="h" /><variable identifier="dr" /><variable identifier="r" /><variable identifier="dh" /></customOperator></setTemplateValue><setTemplateValue identifier="dvgv"><customOperator definition="MAXIMA" value="float($(1)/$(2));"><variable identifier="dvg" /><variable identifier="v" /></customOperator></setTemplateValue><setCorrectResponse identifier="RESPONSE_1389088432511"><variable identifier="v" /></setCorrectResponse><setCorrectResponse identifier="RESPONSE_1389089513241"><variable identifier="dv" /></setCorrectResponse><setCorrectResponse identifier="RESPONSE_1389088537772"><variable identifier="dvv" /></setCorrectResponse><setCorrectResponse identifier="RESPONSE_1389092461245"><variable identifier="dvg" /></setCorrectResponse><setCorrectResponse identifier="RESPONSE_1389092466250"><variable identifier="dvgv" /></setCorrectResponse></templateProcessing><itemBody ><p><p><strong>Für das Volumen V(r,h) eines Zylinders mit Radius r und Höhe h gilt:</strong></p><p><strong> \(V(r,h) = \pi r^2 h\). </strong></p><p><strong>Für einen Zylinder wurden der Radius </strong></p><p><strong>\(r = (<printedVariable xmlns="http://www.imsglobal.org/xsd/imsqti_v2p1" identifier="r" />,00 \pm  <printedVariable xmlns="http://www.imsglobal.org/xsd/imsqti_v2p1" identifier="dr" />)\) cm und die Höhe </strong></p><p><strong>\(h = (<printedVariable xmlns="http://www.imsglobal.org/xsd/imsqti_v2p1" identifier="h" />,00 \pm <printedVariable xmlns="http://www.imsglobal.org/xsd/imsqti_v2p1" identifier="dh" />) \) cm gemessen.</strong></p><p><strong>a.) Berechne das Volumen V des Zylinders unter Ausnutzung der angegebenen Zentralwerte von Radius und Höhe, d.h. bei einer Angabe vom Typ \( a\pm s\) verwende a.</strong></p><p><strong>b.) Berechne mit Hilfe der linearen Fehlerfortpflanzung, den resultierenden maximalen Absolutfehler und den resultierenden maximalen Relativfehler des Volumens.</strong></p><p><strong>c.) Berechne mit Hilfe der quadratischen Fehlerfortpflanzung nach Gauß den resultierenden maximalen Absolutfehler und den resultierenden maximalen Relativfehler des Volumens.</strong></p><p><strong>Runde alle Ergebnisse auf 2 Nachkommstellen.</strong></p><p><strong>Lösungen:</strong></p><p><strong>a.) Das Volumen des Zylinders ist V = <textEntryInteraction responseIdentifier="RESPONSE_1389088432511" expectedLength="5" placeholderText="0,00" /> \(cm^3\)<br /></strong></p><p><strong>b.) Maximaler Absolutfehler nach dem linearen Fehlerfortpflanzungsgesetz: \( \Delta V\) = <textEntryInteraction responseIdentifier="RESPONSE_1389089513241" expectedLength="2" placeholderText="0,00" /><strong>\(cm^3\)</strong></strong></p><p><strong>Maximaler Relativfehler nach dem linearen Fehlerfortpflanzungsgesetz: \( \frac{\Delta V}{V}\) = <textEntryInteraction responseIdentifier="RESPONSE_1389088537772" expectedLength="4" placeholderText="0.00" /></strong></p><p><strong> </strong></p><p><strong>c.) Maximaler Absolutfehler nach dem quadratischen Fehlerfortpflanzungsgesetz von Gauß: \( (\Delta V)_{Gauß}\) = <textEntryInteraction responseIdentifier="RESPONSE_1389092461245" expectedLength="4" placeholderText="0,00" /> <strong>\(cm^3\)</strong><br /></strong></p><p><strong>Maximaler Relativfehler nach dem quadratischen Fehlerfortpflanzungsgesetz von Gauß: \( \frac{(\Delta V)_{Gauß} }{V}\) = <textEntryInteraction responseIdentifier="RESPONSE_1389092466250" expectedLength="5" placeholderText="0,00" /></strong></p><p> </p></p></itemBody><responseProcessing><responseCondition><responseIf><equal toleranceMode="relative" tolerance="0.01 0.01" includeLowerBound="true" includeUpperBound="true"><variable identifier="RESPONSE_1389088432511" /><correct identifier="RESPONSE_1389088432511" /></equal><setOutcomeValue identifier="SCORE"><sum><variable identifier="SCORE" /><baseValue baseType="float">2</baseValue></sum></setOutcomeValue></responseIf></responseCondition><responseCondition><responseIf><not><isNull><variable identifier="RESPONSE_1389088432511" /></isNull></not><setOutcomeValue identifier="FEEDBACKBASIC"><baseValue baseType="identifier">incorrect</baseValue></setOutcomeValue></responseIf></responseCondition><responseCondition><responseIf><equal toleranceMode="absolute" tolerance="0.01 0.01" includeLowerBound="true" includeUpperBound="true"><variable identifier="RESPONSE_1389089513241" /><correct identifier="RESPONSE_1389089513241" /></equal><setOutcomeValue identifier="SCORE"><sum><variable identifier="SCORE" /><baseValue baseType="float">2</baseValue></sum></setOutcomeValue></responseIf></responseCondition><responseCondition><responseIf><not><isNull><variable identifier="RESPONSE_1389089513241" /></isNull></not><setOutcomeValue identifier="FEEDBACKBASIC"><baseValue baseType="identifier">incorrect</baseValue></setOutcomeValue></responseIf></responseCondition><responseCondition><responseIf><equal toleranceMode="absolute" tolerance="0.01 0.01" includeLowerBound="true" includeUpperBound="true"><variable identifier="RESPONSE_1389088537772" /><correct identifier="RESPONSE_1389088537772" /></equal><setOutcomeValue identifier="SCORE"><sum><variable identifier="SCORE" /><baseValue baseType="float">1</baseValue></sum></setOutcomeValue></responseIf></responseCondition><responseCondition><responseIf><not><isNull><variable identifier="RESPONSE_1389088537772" /></isNull></not><setOutcomeValue identifier="FEEDBACKBASIC"><baseValue baseType="identifier">incorrect</baseValue></setOutcomeValue></responseIf></responseCondition><responseCondition><responseIf><equal toleranceMode="absolute" tolerance="0.01 0.01" includeLowerBound="true" includeUpperBound="true"><variable identifier="RESPONSE_1389092461245" /><correct identifier="RESPONSE_1389092461245" /></equal><setOutcomeValue identifier="SCORE"><sum><variable identifier="SCORE" /><baseValue baseType="float">2</baseValue></sum></setOutcomeValue></responseIf></responseCondition><responseCondition><responseIf><not><isNull><variable identifier="RESPONSE_1389092461245" /></isNull></not><setOutcomeValue identifier="FEEDBACKBASIC"><baseValue baseType="identifier">incorrect</baseValue></setOutcomeValue></responseIf></responseCondition><responseCondition><responseIf><equal toleranceMode="absolute" tolerance="0.01 0.015" includeLowerBound="true" includeUpperBound="true"><variable identifier="RESPONSE_1389092466250" /><correct identifier="RESPONSE_1389092466250" /></equal><setOutcomeValue identifier="SCORE"><sum><variable identifier="SCORE" /><baseValue baseType="float">1</baseValue></sum></setOutcomeValue></responseIf></responseCondition><responseCondition><responseIf><not><isNull><variable identifier="RESPONSE_1389092466250" /></isNull></not><setOutcomeValue identifier="FEEDBACKBASIC"><baseValue baseType="identifier">incorrect</baseValue></setOutcomeValue></responseIf></responseCondition><responseCondition><responseIf><and><not><match><variable identifier="FEEDBACKBASIC" /><baseValue baseType="identifier">empty</baseValue></match></not><equal toleranceMode="exact"><variable identifier="SCORE" /><variable identifier="MAXSCORE" /></equal></and><setOutcomeValue identifier="FEEDBACKBASIC"><baseValue baseType="identifier">correct</baseValue></setOutcomeValue></responseIf></responseCondition><responseCondition><responseIf><and><match><baseValue baseType="identifier">incorrect</baseValue><variable identifier="FEEDBACKBASIC" /></match></and><setOutcomeValue identifier="FEEDBACKMODAL"><multiple><variable identifier="FEEDBACKMODAL" /><baseValue baseType="identifier">Feedback1688175442</baseValue></multiple></setOutcomeValue></responseIf></responseCondition></responseProcessing><modalFeedback  identifier="Feedback1688175442" outcomeIdentifier="FEEDBACKMODAL" showHide="show"><p>Musterlösung für ein Beispiel. Sei</p><p><strong>\(r = (11,00 \pm  0,03)\) cm sowie \(h = (9,00 \pm 0,04) \) cm :<br /></strong></p><p>\( V = r^2 \pi h = 11^2 \cdot 3.1416 \cdot 9 = 3421.2024 \)</p><p>Mit \(\Delta r = 0.03\) und \( \Delta h = 0.04\) erhält man:</p><p>\( \Delta V = 2 r \pi \cdot h \Delta r + r^2 \pi \Delta h = 2 \cdot 11 \cdot 3.1416 \cdot 9 \cdot 0.03 + 11^2 \cdot 3.1416 \cdot 0.04 =  33.8664\)</p><p>\(\frac{\Delta V}{V} = \frac{33.8664}{3421.2024} = 0.0099\)</p><p> Nach Gauß:</p><p>\( (\Delta V)_{Gauß}\) = \( \sqrt{(2 r \pi \cdot h \Delta r)^2 + (r^2 \pi \Delta h)^2} = \sqrt{(2 \cdot 11 \cdot 3.1416 \cdot 9 \cdot 0.039)^2 + (11^2 \cdot 3.1416 \cdot 0.04)^2} =  24.0715\)</p><p>\( \frac{\Delta V)_{Gauß}}{V} = \frac {24.0715}{3421.2024} = 0.0070\)</p><p> </p></modalFeedback></assessmentItem>
