<?xml version="1.0" encoding="UTF-8"?>
<assessmentItem xmlns="http://www.imsglobal.org/xsd/imsqti_v2p1" xmlns:xsi="http://www.w3.org/2001/XMLSchema-instance" xsi:schemaLocation="http://www.imsglobal.org/xsd/imsqti_v2p1 http://www.imsglobal.org/xsd/qti/qtiv2p1/imsqti_v2p1p1.xsd http://www.w3.org/1998/Math/MathML http://www.w3.org/Math/XMLSchema/mathml2/mathml2.xsd" identifier="id9c8f55fd-e994-46e6-bb4a-2f053ad324d3" title="produktregel_e^x_02" adaptive="false" timeDependent="false"><responseDeclaration identifier="RESPONSE_1" cardinality="single" baseType="identifier"><correctResponse><value>idf6379d20-87af-4a70-bd1e-33f0c4007690</value></correctResponse></responseDeclaration><outcomeDeclaration identifier="SCORE" cardinality="single" baseType="float"><defaultValue><value>0</value></defaultValue></outcomeDeclaration><outcomeDeclaration identifier="MAXSCORE" cardinality="single" baseType="float"><defaultValue><value>1</value></defaultValue></outcomeDeclaration><outcomeDeclaration identifier="FEEDBACKBASIC" cardinality="single" baseType="identifier"><defaultValue><value>empty</value></defaultValue></outcomeDeclaration><outcomeDeclaration identifier="FEEDBACKMODAL" cardinality="multiple" baseType="identifier" view="testConstructor" /><itemBody ><p>Welche der Funktionen \(g(x)\) beschreibt die erste Ableitung der Funktion \(f(x) = x^2 \cdot \mathrm e^{x^2}\)?</p><choiceInteraction responseIdentifier="RESPONSE_1" shuffle="true" maxChoices="1"><simpleChoice identifier="idf6379d20-87af-4a70-bd1e-33f0c4007690"><p>\(g(x) = 2x \cdot \mathrm e^{x^2} + x^2 \cdot e^{x^2} \cdot 2x\)</p></simpleChoice><simpleChoice identifier="idc1aa38af-9f30-4dca-adb8-ab2c1bfb6e86"><p>\(g(x) = 2x \cdot \mathrm e^{x^2} + 2x \cdot e^{x^2} \cdot 2x\)</p></simpleChoice><simpleChoice identifier="id68d721b9-cc9d-4d17-966c-4427e5efed9c"><p>\(g(x) = 2x \cdot \mathrm e^{x^2} + x^2 \cdot e^{x} \cdot 2x\)</p></simpleChoice><simpleChoice identifier="id9892cffa-0f8d-4eed-a247-efbce8123e63"><p>\(g(x) = x^2 \cdot e^{x^2} \cdot 2x\)</p></simpleChoice><simpleChoice identifier="id5b0f6793-0612-4e0d-aeb7-261300a86e48"><p>\(g(x) = 2x \cdot \mathrm e^{x^2}\)</p></simpleChoice></choiceInteraction></itemBody><responseProcessing><responseCondition><responseIf><isNull><variable identifier="RESPONSE_1" /></isNull><setOutcomeValue identifier="FEEDBACKBASIC"><baseValue baseType="identifier">empty</baseValue></setOutcomeValue></responseIf><responseElseIf><match><variable identifier="RESPONSE_1" /><correct identifier="RESPONSE_1" /></match><setOutcomeValue identifier="SCORE"><sum><variable identifier="SCORE" /><variable identifier="MAXSCORE" /></sum></setOutcomeValue><setOutcomeValue identifier="FEEDBACKBASIC"><baseValue baseType="identifier">correct</baseValue></setOutcomeValue></responseElseIf><responseElse><setOutcomeValue identifier="FEEDBACKBASIC"><baseValue baseType="identifier">incorrect</baseValue></setOutcomeValue></responseElse></responseCondition><responseCondition><responseIf><and><match><baseValue baseType="identifier">correct</baseValue><variable identifier="FEEDBACKBASIC" /></match></and><setOutcomeValue identifier="FEEDBACKMODAL"><multiple><variable identifier="FEEDBACKMODAL" /><baseValue baseType="identifier">Feedback777350922</baseValue></multiple></setOutcomeValue></responseIf></responseCondition><responseCondition><responseIf><and><match><baseValue baseType="identifier">incorrect</baseValue><variable identifier="FEEDBACKBASIC" /></match></and><setOutcomeValue identifier="FEEDBACKMODAL"><multiple><variable identifier="FEEDBACKMODAL" /><baseValue baseType="identifier">Feedback1793921353</baseValue></multiple></setOutcomeValue></responseIf></responseCondition></responseProcessing><modalFeedback  identifier="Feedback777350922" outcomeIdentifier="FEEDBACKMODAL" showHide="show" title="Richtig!" /><modalFeedback  identifier="Feedback1793921353" outcomeIdentifier="FEEDBACKMODAL" showHide="show" title="Leider falsch!"><p>Beachte: Produkt- und Kettenregel anwenden!</p></modalFeedback></assessmentItem>
