<?xml version="1.0" encoding="UTF-8"?>
<assessmentItem xmlns="http://www.imsglobal.org/xsd/imsqti_v2p1" xmlns:xsi="http://www.w3.org/2001/XMLSchema-instance" xsi:schemaLocation="http://www.imsglobal.org/xsd/imsqti_v2p1 http://www.imsglobal.org/xsd/qti/qtiv2p1/imsqti_v2p1p1.xsd http://www.w3.org/1998/Math/MathML http://www.w3.org/Math/XMLSchema/mathml2/mathml2.xsd" identifier="idf67ae7ff-e5ab-47f5-8f54-a80dfe991684" title="gültigkeit_integralsatz" adaptive="false" timeDependent="false"><responseDeclaration identifier="RESPONSE_1" cardinality="single" baseType="identifier"><correctResponse><value>ide600f718-2358-407d-bf24-ff2bef41ae87</value></correctResponse></responseDeclaration><outcomeDeclaration identifier="SCORE" cardinality="single" baseType="float"><defaultValue><value>0</value></defaultValue></outcomeDeclaration><outcomeDeclaration identifier="MAXSCORE" cardinality="single" baseType="float"><defaultValue><value>1</value></defaultValue></outcomeDeclaration><outcomeDeclaration identifier="FEEDBACKBASIC" cardinality="single" baseType="identifier"><defaultValue><value>empty</value></defaultValue></outcomeDeclaration><itemBody ><p>Eine komplexe Funktion \(f\) sei holomorph im grau dargestellten Gebiet, außer jedoch im mit 'x' gekennzeichneten Punkt.</p><p><img src="media%2F7feab3e164bd4f7eb00453c014d73ba7.png" alt="" /></p><p>Für welche der in rot dargestellten Integrationswege garantiert der Cauchy'sche Integralsatz die Gültigkeit von \(\displaystyle \int_\gamma f(z)\,\mathrm dz=0\) ?</p><choiceInteraction responseIdentifier="RESPONSE_1" shuffle="false" maxChoices="1"><simpleChoice identifier="id6cf0fc48-c526-4128-b24b-1ff3dbbd6ab1"><p>für den Weg in Fall (a)</p></simpleChoice><simpleChoice identifier="idb719a6ce-f89c-4a63-a1d0-e567ec1cdb45"><p>für den Weg in Fall (b)</p></simpleChoice><simpleChoice identifier="id1cc72f07-a08f-4841-af60-9e56fca896cf"><p>für den Weg in Fall (c)</p></simpleChoice><simpleChoice identifier="ide600f718-2358-407d-bf24-ff2bef41ae87"><p>für keinen</p></simpleChoice></choiceInteraction></itemBody><responseProcessing><responseCondition><responseIf><isNull><variable identifier="RESPONSE_1" /></isNull><setOutcomeValue identifier="FEEDBACKBASIC"><baseValue baseType="identifier">empty</baseValue></setOutcomeValue></responseIf><responseElseIf><match><variable identifier="RESPONSE_1" /><correct identifier="RESPONSE_1" /></match><setOutcomeValue identifier="SCORE"><sum><variable identifier="SCORE" /><variable identifier="MAXSCORE" /></sum></setOutcomeValue><setOutcomeValue identifier="FEEDBACKBASIC"><baseValue baseType="identifier">correct</baseValue></setOutcomeValue></responseElseIf><responseElse><setOutcomeValue identifier="FEEDBACKBASIC"><baseValue baseType="identifier">incorrect</baseValue></setOutcomeValue></responseElse></responseCondition></responseProcessing></assessmentItem>
