<?xml version="1.0" encoding="UTF-8"?>
<assessmentItem xmlns="http://www.imsglobal.org/xsd/imsqti_v2p1" xmlns:xsi="http://www.w3.org/2001/XMLSchema-instance" xsi:schemaLocation="http://www.imsglobal.org/xsd/imsqti_v2p1 http://www.imsglobal.org/xsd/qti/qtiv2p1/imsqti_v2p1p1.xsd http://www.w3.org/1998/Math/MathML http://www.w3.org/Math/XMLSchema/mathml2/mathml2.xsd" identifier="id07419b85-3603-4e43-a714-993a67c7878b" title="NormalverteilungGrundlagen" adaptive="false" timeDependent="false"><responseDeclaration identifier="RESPONSE_1402584011709" cardinality="single" baseType="float"><correctResponse><value>0</value></correctResponse></responseDeclaration><responseDeclaration identifier="RESPONSE_1402584059531" cardinality="single" baseType="float"><correctResponse><value>0</value></correctResponse></responseDeclaration><responseDeclaration identifier="RESPONSE_1402584084750" cardinality="single" baseType="float"><correctResponse><value>0</value></correctResponse></responseDeclaration><responseDeclaration identifier="RESPONSE_1402584124900" cardinality="single" baseType="float"><correctResponse><value>0</value></correctResponse></responseDeclaration><responseDeclaration identifier="RESPONSE_1402584156426" cardinality="single" baseType="float"><correctResponse><value>0</value></correctResponse></responseDeclaration><outcomeDeclaration identifier="SCORE" cardinality="single" baseType="float"><defaultValue><value>0</value></defaultValue></outcomeDeclaration><outcomeDeclaration identifier="MAXSCORE" cardinality="single" baseType="float"><defaultValue><value>5</value></defaultValue></outcomeDeclaration><outcomeDeclaration identifier="FEEDBACKBASIC" cardinality="single" baseType="identifier" view="testConstructor"><defaultValue><value>empty</value></defaultValue></outcomeDeclaration><outcomeDeclaration identifier="FEEDBACKMODAL" cardinality="multiple" baseType="identifier" view="testConstructor" /><templateDeclaration identifier="Dummyboy" cardinality="single" baseType="float" /><templateDeclaration identifier="u" cardinality="single" baseType="integer" /><templateDeclaration identifier="v" cardinality="single" baseType="integer" /><templateDeclaration identifier="x" cardinality="single" baseType="integer" /><templateDeclaration identifier="s1" cardinality="single" baseType="integer" /><templateDeclaration identifier="s2" cardinality="single" baseType="integer" /><templateDeclaration identifier="p" cardinality="single" baseType="integer" /><templateDeclaration identifier="w1" cardinality="single" baseType="float" /><templateDeclaration identifier="w2" cardinality="single" baseType="float" /><templateDeclaration identifier="w3" cardinality="single" baseType="float" /><templateDeclaration identifier="x0" cardinality="single" baseType="float" /><templateDeclaration identifier="x1" cardinality="single" baseType="float" /><templateProcessing><setTemplateValue identifier="Dummyboy"><customOperator definition="MAXIMA" value="float(load(distrib));" /></setTemplateValue><setTemplateValue identifier="u"><randomInteger min="-10" max="10" /></setTemplateValue><setTemplateValue identifier="v"><randomInteger min="1" max="10" /></setTemplateValue><setTemplateValue identifier="x"><customOperator definition="MAXIMA" value="float($(1)+1);"><variable identifier="u" /></customOperator></setTemplateValue><setTemplateValue identifier="s1"><customOperator definition="MAXIMA" value="float($(1)-2);"><variable identifier="u" /></customOperator></setTemplateValue><setTemplateValue identifier="s2"><customOperator definition="MAXIMA" value="float($(1)+1);"><variable identifier="u" /></customOperator></setTemplateValue><setTemplateValue identifier="p"><randomInteger min="80" max="95" /></setTemplateValue><setTemplateValue identifier="w1"><customOperator definition="MAXIMA" value="float(cdf_normal($(1),$(2),sqrt($(3)))*100)"><variable identifier="x" /><variable identifier="u" /><variable identifier="v" /></customOperator></setTemplateValue><setTemplateValue identifier="w2"><customOperator definition="MAXIMA" value="float(100-$(1));"><variable identifier="w1" /></customOperator></setTemplateValue><setTemplateValue identifier="w3"><customOperator definition="MAXIMA" value="float(cdf_normal($(1),$(2),sqrt($(3)))-cdf_normal($(4),$(5),sqrt($(6))))*100"><variable identifier="s2" /><variable identifier="u" /><variable identifier="v" /><variable identifier="s1" /><variable identifier="u" /><variable identifier="v" /></customOperator></setTemplateValue><setTemplateValue identifier="x0"><customOperator definition="MAXIMA" value="float(quantile_normal($(1)/100,$(2),sqrt($(3))))"><variable identifier="p" /><variable identifier="u" /><variable identifier="v" /></customOperator></setTemplateValue><setTemplateValue identifier="x1"><customOperator definition="MAXIMA" value="float(quantile_normal((100-$(1))/100, $(2),sqrt($(3))))"><variable identifier="p" /><variable identifier="u" /><variable identifier="v" /></customOperator></setTemplateValue><setCorrectResponse identifier="RESPONSE_1402584011709"><variable identifier="w1" /></setCorrectResponse><setCorrectResponse identifier="RESPONSE_1402584059531"><variable identifier="w2" /></setCorrectResponse><setCorrectResponse identifier="RESPONSE_1402584084750"><variable identifier="w3" /></setCorrectResponse><setCorrectResponse identifier="RESPONSE_1402584124900"><variable identifier="x0" /></setCorrectResponse><setCorrectResponse identifier="RESPONSE_1402584156426"><variable identifier="x1" /></setCorrectResponse></templateProcessing><itemBody ><p><p>Eine Zufallsvariable X sei normalverteilt mit den Parametern Erwartungswert \(\mu \) = <printedVariable identifier="u" /> und</p><p>Varianz \(\sigma ^2\) = <printedVariable identifier="v" />:</p><p>Alle Eingaben sind auf zwei Stellen nach dem Komma genau zu berechnen.</p><p>a.) Berechne die Wahrscheinlichkeit W in Prozent dafür, dass die Zufallsgröße X kleiner gleich <printedVariable identifier="x" /> ausfällt.</p><p>W = <textEntryInteraction responseIdentifier="RESPONSE_1402584011709" expectedLength="2" /> %</p><p>b.) Berechne die Wahrscheinlichkeit W in Prozent dafür, dass die Zufallsgröße X größer als <printedVariable identifier="x" /> ausfällt.</p><p>W = <textEntryInteraction responseIdentifier="RESPONSE_1402584059531" expectedLength="2" /> %</p><p>c.) Berechne die Wahrscheinlichkeit W  in Prozent dafür, dass der Wert der Zufallsgröße zwischen <printedVariable identifier="s1" /> und <printedVariable identifier="s2" /> liegt.</p><p>W = <textEntryInteraction responseIdentifier="RESPONSE_1402584084750" expectedLength="1" /> %</p><p>d.) Berechne ein \(x_0\), so dass die Wahrscheinlichkeit W in Prozent dafür, dass die Zufallsgröße X kleiner gleich  \(x_0\) ist, <printedVariable identifier="p" />% beträgt.</p><p>\(x_0\) = <textEntryInteraction responseIdentifier="RESPONSE_1402584124900" /></p><p>e.) Berechne ein \(x_1\), so dass die Wahrscheinlichkeit, dass die Zufallsgröße X größer als \(x_1\) ist, <printedVariable identifier="p" />% beträgt.</p><p>\(x_1\) = <textEntryInteraction responseIdentifier="RESPONSE_1402584156426" /></p><p> </p><p> </p></p></itemBody><responseProcessing><responseCondition><responseIf><equal toleranceMode="absolute" tolerance="0.1 0.1" includeLowerBound="true" includeUpperBound="true"><variable identifier="RESPONSE_1402584011709" /><correct identifier="RESPONSE_1402584011709" /></equal><setOutcomeValue identifier="SCORE"><sum><variable identifier="SCORE" /><baseValue baseType="float">1</baseValue></sum></setOutcomeValue></responseIf></responseCondition><responseCondition><responseIf><not><isNull><variable identifier="RESPONSE_1402584011709" /></isNull></not><setOutcomeValue identifier="FEEDBACKBASIC"><baseValue baseType="identifier">incorrect</baseValue></setOutcomeValue></responseIf></responseCondition><responseCondition><responseIf><equal toleranceMode="absolute" tolerance="0.1 0.1" includeLowerBound="true" includeUpperBound="true"><variable identifier="RESPONSE_1402584059531" /><correct identifier="RESPONSE_1402584059531" /></equal><setOutcomeValue identifier="SCORE"><sum><variable identifier="SCORE" /><baseValue baseType="float">1</baseValue></sum></setOutcomeValue></responseIf></responseCondition><responseCondition><responseIf><not><isNull><variable identifier="RESPONSE_1402584059531" /></isNull></not><setOutcomeValue identifier="FEEDBACKBASIC"><baseValue baseType="identifier">incorrect</baseValue></setOutcomeValue></responseIf></responseCondition><responseCondition><responseIf><equal toleranceMode="absolute" tolerance="0.1 0.1" includeLowerBound="true" includeUpperBound="true"><variable identifier="RESPONSE_1402584084750" /><correct identifier="RESPONSE_1402584084750" /></equal><setOutcomeValue identifier="SCORE"><sum><variable identifier="SCORE" /><baseValue baseType="float">1</baseValue></sum></setOutcomeValue></responseIf></responseCondition><responseCondition><responseIf><not><isNull><variable identifier="RESPONSE_1402584084750" /></isNull></not><setOutcomeValue identifier="FEEDBACKBASIC"><baseValue baseType="identifier">incorrect</baseValue></setOutcomeValue></responseIf></responseCondition><responseCondition><responseIf><equal toleranceMode="absolute" tolerance="0.1 0.1" includeLowerBound="true" includeUpperBound="true"><variable identifier="RESPONSE_1402584124900" /><correct identifier="RESPONSE_1402584124900" /></equal><setOutcomeValue identifier="SCORE"><sum><variable identifier="SCORE" /><baseValue baseType="float">1</baseValue></sum></setOutcomeValue></responseIf></responseCondition><responseCondition><responseIf><not><isNull><variable identifier="RESPONSE_1402584124900" /></isNull></not><setOutcomeValue identifier="FEEDBACKBASIC"><baseValue baseType="identifier">incorrect</baseValue></setOutcomeValue></responseIf></responseCondition><responseCondition><responseIf><equal toleranceMode="absolute" tolerance="0.1 0.1" includeLowerBound="true" includeUpperBound="true"><variable identifier="RESPONSE_1402584156426" /><correct identifier="RESPONSE_1402584156426" /></equal><setOutcomeValue identifier="SCORE"><sum><variable identifier="SCORE" /><baseValue baseType="float">1</baseValue></sum></setOutcomeValue></responseIf></responseCondition><responseCondition><responseIf><not><isNull><variable identifier="RESPONSE_1402584156426" /></isNull></not><setOutcomeValue identifier="FEEDBACKBASIC"><baseValue baseType="identifier">incorrect</baseValue></setOutcomeValue></responseIf></responseCondition><responseCondition><responseIf><and><not><match><variable identifier="FEEDBACKBASIC" /><baseValue baseType="identifier">empty</baseValue></match></not><equal toleranceMode="exact"><variable identifier="SCORE" /><variable identifier="MAXSCORE" /></equal></and><setOutcomeValue identifier="FEEDBACKBASIC"><baseValue baseType="identifier">correct</baseValue></setOutcomeValue></responseIf></responseCondition><responseCondition><responseIf><and><match><baseValue baseType="identifier">incorrect</baseValue><variable identifier="FEEDBACKBASIC" /></match></and><setOutcomeValue identifier="FEEDBACKMODAL"><multiple><variable identifier="FEEDBACKMODAL" /><baseValue baseType="identifier">Feedback135826950</baseValue></multiple></setOutcomeValue></responseIf></responseCondition></responseProcessing><modalFeedback  identifier="Feedback135826950" outcomeIdentifier="FEEDBACKMODAL" showHide="show"><p>Lösungsskizzen:</p><p>Sei X eine normalverteilte Zufallsgröße mit den Parametern Erwartungswert/Varianz \(\mu, \ \sigma^2 \). Sei F die zugehörige Verteilungsfunktion:</p><p>\[F(x) = \frac{1}{\sigma\cdot \sqrt{2 \cdot \pi}}\int_{-\infty}^<printedVariable identifier="x" /> e^{-\frac{1}{2} \frac{(t-\mu)^2}{\sigma ^2}} \ dt\]</p><p>Sei \( 0 \lt p \lt 1\), seien \(x, \ s_0, \ s_1\) reelle Zahlen.</p><p>a.) \(P(X \le x) = F(x)\) Zur Berechnung von F darf alles verwendet werden: Tabellen, TR, Computeralgebrasystem, etc...</p><p>b.)\(P(X \gt x) =  1- F(x)\)</p><p>c.) \(P(s_0 \lt X \le s_1) = F(s_1)- F(s_0)\)</p><p>d.) \(P(X \le x_0) = p \leftrightarrow x_0 = F^{-1}(p)\) . Hier ist \(F^{-1}\) die Umkehrfunktion zu F die in der Statistik Quantil Funktion zu F genannt wird.</p><p>e.) \(P(X \gt x_1) = p \leftrightarrow 1- P(X \le x_1) = p \leftrightarrow x_1 = F^{-1}(1-p)\) </p></modalFeedback></assessmentItem>
