<?xml version="1.0" encoding="UTF-8"?>
<assessmentItem xmlns="http://www.imsglobal.org/xsd/imsqti_v2p1" xmlns:xsi="http://www.w3.org/2001/XMLSchema-instance" xsi:schemaLocation="http://www.imsglobal.org/xsd/imsqti_v2p1 http://www.imsglobal.org/xsd/qti/qtiv2p1/imsqti_v2p1p1.xsd http://www.w3.org/1998/Math/MathML http://www.w3.org/Math/XMLSchema/mathml2/mathml2.xsd" identifier="idd73b62bf-6c7b-4bdb-ae8a-022e35587eba" title="Teilaufgabe simple Mengenoperation 2" adaptive="false" timeDependent="false"><responseDeclaration identifier="RESPONSE_1" cardinality="single" baseType="identifier"><correctResponse><value>id72ad1e85-1274-473c-9a15-29de83f30732</value></correctResponse></responseDeclaration><outcomeDeclaration identifier="SCORE" cardinality="single" baseType="float"><defaultValue><value>0</value></defaultValue></outcomeDeclaration><outcomeDeclaration identifier="MAXSCORE" cardinality="single" baseType="float"><defaultValue><value>1</value></defaultValue></outcomeDeclaration><outcomeDeclaration identifier="FEEDBACKBASIC" cardinality="single" baseType="identifier"><defaultValue><value>empty</value></defaultValue></outcomeDeclaration><itemBody ><p>Die Aussage $$"\mbox{E}\cap\mbox{Wi}\subseteq\mbox{We}^c"$$ bedeutet, dass</p><choiceInteraction responseIdentifier="RESPONSE_1" shuffle="true" maxChoices="1"><simpleChoice identifier="id72ad1e85-1274-473c-9a15-29de83f30732"><p>kein Studierender der Wirtschaftswissenschaften im ersten Semester des Masters zuvor sein Studienfach gewechselt hat.</p></simpleChoice><simpleChoice identifier="id517bc3be-fe09-4a59-ad22-08690d6253ba"><p>jeder Studierende, der nicht Wirtschaftswissenschaften studiert, nicht gleichzeitig sein Studienfach gewechselt hat und im ersten Semester des Masters ist.</p></simpleChoice><simpleChoice identifier="idcff9c97b-e565-42e4-977f-1179162c3641"><p>jeder Studienfachwechsler zu den Wirtschaftswissenschaften nicht im ersten Semester des Masters ist.</p></simpleChoice><simpleChoice identifier="idabe615b9-f5d1-4d6c-96c9-ce822efe385d"><p>jeder Studierende, der im ersten Semester des Masters ist, Wirtschaftswissenschaften studiert, falls er nicht zuvor das Studienfach gewechselt hat.</p></simpleChoice></choiceInteraction></itemBody><responseProcessing><responseCondition><responseIf><isNull><variable identifier="RESPONSE_1" /></isNull><setOutcomeValue identifier="FEEDBACKBASIC"><baseValue baseType="identifier">empty</baseValue></setOutcomeValue></responseIf><responseElseIf><match><variable identifier="RESPONSE_1" /><correct identifier="RESPONSE_1" /></match><setOutcomeValue identifier="SCORE"><sum><variable identifier="SCORE" /><variable identifier="MAXSCORE" /></sum></setOutcomeValue><setOutcomeValue identifier="FEEDBACKBASIC"><baseValue baseType="identifier">correct</baseValue></setOutcomeValue></responseElseIf><responseElse><setOutcomeValue identifier="FEEDBACKBASIC"><baseValue baseType="identifier">incorrect</baseValue></setOutcomeValue></responseElse></responseCondition></responseProcessing></assessmentItem>
