<?xml version="1.0" encoding="UTF-8"?>
<manifest
	xmlns="http://www.imsglobal.org/xsd/imscp_v1p1"
	xmlns:xsi="http://www.w3.org/2001/XMLSchema-instance" 
	xsi:schemaLocation="http://www.imsglobal.org/xsd/imscp_v1p1 http://www.imsglobal.org/xsd/qti/qtiv2p1/qtiv2p1_imscpv1p2_v1p0.xsd 
											http://www.imsglobal.org/xsd/imsqti_v2p1 http://www.imsglobal.org/xsd/qti/qtiv2p1/imsqti_v2p1p1.xsd 
											http://www.imsglobal.org/xsd/imsqti_metadata_v2p1 http://www.imsglobal.org/xsd/qti/qtiv2p1/imsqti_metadata_v2p1p1.xsd
											http://ltsc.ieee.org/xsd/LOM http://www.imsglobal.org/xsd/imsmd_loose_v1p3p2.xsd"
	identifier="manifestID">
	<metadata>
		<schema>QTIv2.1 Package</schema>
    <schemaversion>1.0.0</schemaversion>
  </metadata>
	<organizations />
	<resources>
		<resource identifier="idd73b62bf_6c7b_4bdb_ae8a_022e35587eba" type="imsqti_item_xmlv2p1" href="idd73b62bf-6c7b-4bdb-ae8a-022e35587eba.xml"><metadata><lom xmlns="http://ltsc.ieee.org/xsd/LOM"><general ><identifier><entry>idd73b62bf-6c7b-4bdb-ae8a-022e35587eba</entry></identifier><title><string language="de">Teilaufgabe simple Mengenoperation 2</string></title><description><string language="de">Teilaufgabe zur Aufgabenstellung: Es sei $$\Omega$$ die Menge aller Studierenden an der TU Chemnitz und es seien&#xD;
&#xD;
$$mbox{E}=\{x\in\Omega;\, x\mbox{ ist im ersten Semester des Masters}\}$$&#xD;
$$\mbox{Wi}=\{x\in\Omega;\, x\mbox{ studiert Wirtschaftswissenschaften}\}$$&#xD;
$$\mbox{We}=\{x\in\Omega;\,x\mbox{ hat das Studienfach gewechselt}\}$$</string></description></general><lifeCycle ><contribute><date><dateTime>2015-01-09T15:38:19</dateTime></date><role><source>LOMv1.0</source><value>author</value></role><entity>BEGIN:VCARD&#xD;
VERSION:4.0&#xD;
N;LANGUAGE=de:Kalmes;Thomas;;;&#xD;
FN:Thomas Kalmes&#xD;
EMAIL:thomas.kalmes@mathematik.tu-chemnitz.de&#xD;
PRODID:ONYX Editor 5.9.12&#xD;
END:VCARD&#xD;
</entity></contribute></lifeCycle><educational ><learningResourceType><source>QTIv2.1</source><value>AssessmentItem</value></learningResourceType></educational><qtiMetadata xmlns="http://www.imsglobal.org/xsd/imsqti_metadata_v2p1"><interactionType >choiceInteraction</interactionType><toolName >ONYX Editor</toolName><toolVersion >5.9.12</toolVersion><toolVendor >BPS Bildungsportal Sachsen GmbH</toolVendor></qtiMetadata></lom></metadata><file href="idd73b62bf-6c7b-4bdb-ae8a-022e35587eba.xml" /></resource>
	</resources>
</manifest>
