<?xml version="1.0" encoding="UTF-8"?>
<assessmentItem xmlns="http://www.imsglobal.org/xsd/imsqti_v2p1" xmlns:xsi="http://www.w3.org/2001/XMLSchema-instance" xsi:schemaLocation="http://www.imsglobal.org/xsd/imsqti_v2p1 http://www.imsglobal.org/xsd/qti/qtiv2p1/imsqti_v2p1p1.xsd http://www.w3.org/1998/Math/MathML http://www.w3.org/Math/XMLSchema/mathml2/mathml2.xsd" identifier="id118df24f-bcc5-409e-af29-fbc56402d0cd" title="zusammenfassung_potenzen_03" adaptive="false" timeDependent="false"><responseDeclaration identifier="RESPONSE_1414069010924" cardinality="single" baseType="float"><correctResponse><value>5</value></correctResponse></responseDeclaration><outcomeDeclaration identifier="SCORE" cardinality="single" baseType="float"><defaultValue><value>0</value></defaultValue></outcomeDeclaration><outcomeDeclaration identifier="MAXSCORE" cardinality="single" baseType="float"><defaultValue><value>1</value></defaultValue></outcomeDeclaration><outcomeDeclaration identifier="FEEDBACKBASIC" cardinality="single" baseType="identifier" view="testConstructor"><defaultValue><value>empty</value></defaultValue></outcomeDeclaration><outcomeDeclaration identifier="FEEDBACKMODAL" cardinality="multiple" baseType="identifier" view="testConstructor" /><templateDeclaration identifier="a" cardinality="single" baseType="integer" /><templateDeclaration identifier="b" cardinality="single" baseType="integer" /><templateDeclaration identifier="c" cardinality="single" baseType="integer" /><templateDeclaration identifier="b+c" cardinality="single" baseType="integer" /><templateProcessing><setTemplateValue identifier="a"><randomInteger min="2" max="6" /></setTemplateValue><setTemplateValue identifier="b"><random><multiple><baseValue baseType="integer">2</baseValue><baseValue baseType="integer">3</baseValue><baseValue baseType="integer">4</baseValue><baseValue baseType="integer">6</baseValue><baseValue baseType="integer">7</baseValue><baseValue baseType="integer">8</baseValue></multiple></random></setTemplateValue><setTemplateValue identifier="c"><customOperator definition="MAXIMA" value="float(10-$(1));"><variable identifier="b" /></customOperator></setTemplateValue><setTemplateValue identifier="b+c"><customOperator definition="MAXIMA" value="float($(1)+$(2));"><variable identifier="b" /><variable identifier="c" /></customOperator></setTemplateValue></templateProcessing><itemBody ><p><p><p><p>Formen Sie um und ergänzen Sie die Lösung!</p><p>$$\qquad\large \sqrt{<printedVariable identifier="a" />^<printedVariable identifier="b" />} \cdot \sqrt{<printedVariable identifier="a" />^<printedVariable identifier="c" />} = <printedVariable identifier="a" />^x$$$$\qquad\qquad x = $$<textEntryInteraction responseIdentifier="RESPONSE_1414069010924" expectedLength="3" /></p></p></p></p></itemBody><responseProcessing><responseCondition><responseIf><equal toleranceMode="exact"><variable identifier="RESPONSE_1414069010924" /><correct identifier="RESPONSE_1414069010924" /></equal><setOutcomeValue identifier="SCORE"><sum><variable identifier="SCORE" /><baseValue baseType="float">1</baseValue></sum></setOutcomeValue></responseIf></responseCondition><responseCondition><responseIf><not><isNull><variable identifier="RESPONSE_1414069010924" /></isNull></not><setOutcomeValue identifier="FEEDBACKBASIC"><baseValue baseType="identifier">incorrect</baseValue></setOutcomeValue></responseIf></responseCondition><responseCondition><responseIf><and><not><match><variable identifier="FEEDBACKBASIC" /><baseValue baseType="identifier">empty</baseValue></match></not><equal toleranceMode="exact"><variable identifier="SCORE" /><variable identifier="MAXSCORE" /></equal></and><setOutcomeValue identifier="FEEDBACKBASIC"><baseValue baseType="identifier">correct</baseValue></setOutcomeValue></responseIf></responseCondition><responseCondition><responseIf><and><match><baseValue baseType="identifier">correct</baseValue><variable identifier="FEEDBACKBASIC" /></match></and><setOutcomeValue identifier="FEEDBACKMODAL"><multiple><variable identifier="FEEDBACKMODAL" /><baseValue baseType="identifier">Feedback1255199086</baseValue></multiple></setOutcomeValue></responseIf></responseCondition><responseCondition><responseIf><and><match><baseValue baseType="identifier">incorrect</baseValue><variable identifier="FEEDBACKBASIC" /></match></and><setOutcomeValue identifier="FEEDBACKMODAL"><multiple><variable identifier="FEEDBACKMODAL" /><baseValue baseType="identifier">Feedback1399173921</baseValue></multiple></setOutcomeValue></responseIf></responseCondition></responseProcessing><modalFeedback  identifier="Feedback1255199086" outcomeIdentifier="FEEDBACKMODAL" showHide="show" title="Richtig!"><p> </p><p>$$\qquad \sqrt{<printedVariable identifier="a" />^<printedVariable identifier="b" />} \cdot \sqrt{<printedVariable identifier="a" />^<printedVariable identifier="c" />} = \sqrt{<printedVariable identifier="a" />^<printedVariable identifier="b" /> \cdot <printedVariable identifier="a" />^<printedVariable identifier="c" />} = \sqrt{<printedVariable identifier="a" />^{<printedVariable identifier="b" />+<printedVariable identifier="c" />}} = <printedVariable identifier="a" />^{\frac{<printedVariable identifier="b+c" />}{2}} = <printedVariable identifier="a" />^5$$</p></modalFeedback><modalFeedback  identifier="Feedback1399173921" outcomeIdentifier="FEEDBACKMODAL" showHide="show" title="Leider falsch!"><p>Es gilt:</p><p>$$\qquad \sqrt{<printedVariable identifier="a" />^<printedVariable identifier="b" />} \cdot \sqrt{<printedVariable identifier="a" />^<printedVariable identifier="c" />} = \sqrt{<printedVariable identifier="a" />^<printedVariable identifier="b" /> \cdot <printedVariable identifier="a" />^<printedVariable identifier="c" />} = \sqrt{<printedVariable identifier="a" />^{<printedVariable identifier="b" />+<printedVariable identifier="c" />}} = <printedVariable identifier="a" />^{\frac{<printedVariable identifier="b+c" />}{2}} = <printedVariable identifier="a" />^5$$.</p></modalFeedback></assessmentItem>
