<?xml version="1.0" encoding="UTF-8"?>
<assessmentItem xmlns="http://www.imsglobal.org/xsd/imsqti_v2p1" xmlns:xsi="http://www.w3.org/2001/XMLSchema-instance" xsi:schemaLocation="http://www.imsglobal.org/xsd/imsqti_v2p1 http://www.imsglobal.org/xsd/qti/qtiv2p1/imsqti_v2p1p1.xsd http://www.w3.org/1998/Math/MathML http://www.w3.org/Math/XMLSchema/mathml2/mathml2.xsd" identifier="id57031a8d-35f2-439d-8441-b503ff4ee003" title="spiegelung_an_gerade_2d" adaptive="false" timeDependent="false"><imsqti:responseDeclaration xmlns:imsqti="http://www.imsglobal.org/xsd/imsqti_v2p1" identifier="RESPONSE_1416991410605" cardinality="single" baseType="string" /><imsqti:responseDeclaration xmlns:imsqti="http://www.imsglobal.org/xsd/imsqti_v2p1" identifier="RESPONSE_1416991967530" cardinality="single" baseType="string" /><imsqti:responseDeclaration xmlns:imsqti="http://www.imsglobal.org/xsd/imsqti_v2p1" identifier="RESPONSE_1416992043118" cardinality="single" baseType="string" /><imsqti:responseDeclaration xmlns:imsqti="http://www.imsglobal.org/xsd/imsqti_v2p1" identifier="RESPONSE_1416992079318" cardinality="single" baseType="string" /><imsqti:outcomeDeclaration xmlns:imsqti="http://www.imsglobal.org/xsd/imsqti_v2p1" identifier="SCORE" cardinality="single" baseType="float"><imsqti:defaultValue><imsqti:value>0</imsqti:value></imsqti:defaultValue></imsqti:outcomeDeclaration><imsqti:outcomeDeclaration xmlns:imsqti="http://www.imsglobal.org/xsd/imsqti_v2p1" identifier="MAXSCORE" cardinality="single" baseType="float"><imsqti:defaultValue><imsqti:value>2</imsqti:value></imsqti:defaultValue></imsqti:outcomeDeclaration><imsqti:outcomeDeclaration xmlns:imsqti="http://www.imsglobal.org/xsd/imsqti_v2p1" identifier="FEEDBACKBASIC" cardinality="single" baseType="identifier" view="testConstructor"><imsqti:defaultValue><imsqti:value>empty</imsqti:value></imsqti:defaultValue></imsqti:outcomeDeclaration><imsqti:outcomeDeclaration xmlns:imsqti="http://www.imsglobal.org/xsd/imsqti_v2p1" identifier="FEEDBACKMODAL" cardinality="multiple" baseType="identifier" view="testConstructor" /><imsqti:templateDeclaration xmlns:imsqti="http://www.imsglobal.org/xsd/imsqti_v2p1" identifier="n" cardinality="single" baseType="integer" /><imsqti:templateDeclaration xmlns:imsqti="http://www.imsglobal.org/xsd/imsqti_v2p1" identifier="m" cardinality="single" baseType="string" /><imsqti:templateDeclaration xmlns:imsqti="http://www.imsglobal.org/xsd/imsqti_v2p1" identifier="a11" cardinality="single" baseType="string" /><imsqti:templateDeclaration xmlns:imsqti="http://www.imsglobal.org/xsd/imsqti_v2p1" identifier="a12" cardinality="single" baseType="string" /><imsqti:templateDeclaration xmlns:imsqti="http://www.imsglobal.org/xsd/imsqti_v2p1" identifier="a22" cardinality="single" baseType="string" /><imsqti:templateDeclaration xmlns:imsqti="http://www.imsglobal.org/xsd/imsqti_v2p1" identifier="alpha" cardinality="single" baseType="string" /><imsqti:templateDeclaration xmlns:imsqti="http://www.imsglobal.org/xsd/imsqti_v2p1" identifier="sina" cardinality="single" baseType="string" /><imsqti:templateDeclaration xmlns:imsqti="http://www.imsglobal.org/xsd/imsqti_v2p1" identifier="cosa" cardinality="single" baseType="string" /><imsqti:templateProcessing xmlns:imsqti="http://www.imsglobal.org/xsd/imsqti_v2p1"><imsqti:setTemplateValue identifier="n"><imsqti:random><imsqti:multiple><imsqti:baseValue baseType="integer">-3</imsqti:baseValue><imsqti:baseValue baseType="integer">3</imsqti:baseValue><imsqti:baseValue baseType="integer">-6</imsqti:baseValue><imsqti:baseValue baseType="integer">6</imsqti:baseValue></imsqti:multiple></imsqti:random></imsqti:setTemplateValue><imsqti:setTemplateValue identifier="m"><imsqti:customOperator definition="MAXIMA" value="tex1(tan(%pi/$(1)))"><imsqti:variable identifier="n" /></imsqti:customOperator></imsqti:setTemplateValue><imsqti:setTemplateValue identifier="a11"><imsqti:customOperator definition="MAXIMA" value="string(cos(2*%pi/$(1)))"><imsqti:variable identifier="n" /></imsqti:customOperator></imsqti:setTemplateValue><imsqti:setTemplateValue identifier="a12"><imsqti:customOperator definition="MAXIMA" value="string(sin(2*%pi/$(1)))"><imsqti:variable identifier="n" /></imsqti:customOperator></imsqti:setTemplateValue><imsqti:setTemplateValue identifier="a22"><imsqti:customOperator definition="MAXIMA" value="string(-cos(2*%pi/$(1)))"><imsqti:variable identifier="n" /></imsqti:customOperator></imsqti:setTemplateValue><imsqti:setTemplateValue identifier="alpha"><imsqti:customOperator definition="MAXIMA" value="tex1(%pi/$(1))"><imsqti:variable identifier="n" /></imsqti:customOperator></imsqti:setTemplateValue><imsqti:setTemplateValue identifier="sina"><imsqti:customOperator definition="MAXIMA" value="tex1(sin(%pi/$(1)))"><imsqti:variable identifier="n" /></imsqti:customOperator></imsqti:setTemplateValue><imsqti:setTemplateValue identifier="cosa"><imsqti:customOperator definition="MAXIMA" value="tex1(cos(%pi/$(1)))"><imsqti:variable identifier="n" /></imsqti:customOperator></imsqti:setTemplateValue><imsqti:setCorrectResponse identifier="RESPONSE_1416991410605"><imsqti:customOperator definition="VARIABLESTRING" value="$(1)"><imsqti:variable identifier="a11" /></imsqti:customOperator></imsqti:setCorrectResponse><imsqti:setCorrectResponse identifier="RESPONSE_1416991967530"><imsqti:customOperator definition="VARIABLESTRING" value="$(1)"><imsqti:variable identifier="a12" /></imsqti:customOperator></imsqti:setCorrectResponse><imsqti:setCorrectResponse identifier="RESPONSE_1416992043118"><imsqti:customOperator definition="VARIABLESTRING" value="$(1)"><imsqti:variable identifier="a12" /></imsqti:customOperator></imsqti:setCorrectResponse><imsqti:setCorrectResponse identifier="RESPONSE_1416992079318"><imsqti:customOperator definition="VARIABLESTRING" value="$(1)"><imsqti:variable identifier="a22" /></imsqti:customOperator></imsqti:setCorrectResponse></imsqti:templateProcessing><itemBody ><p>Bestimmen Sie die Matrix $$A=\begin{pmatrix}a_{11} &amp; a_{12}\\a_{21} &amp; a_{22}\end{pmatrix}\in\mathbb R^{2\times2}$$ so, dass das Matrix-Vektor-Produkt $$A\vec v$$ die Spiegelung von $$\vec v=\begin{pmatrix}x\\ y\end{pmatrix}$$ an der Geraden $$y=<printedVariable identifier="m" />x$$ ergibt.</p><p>$$\quad a_{11}=$$ <textEntryInteraction responseIdentifier="RESPONSE_1416991410605" expectedLength="7" class="maxima-formula show-latex" /> $$\qquad a_{12}=$$ <textEntryInteraction responseIdentifier="RESPONSE_1416991967530" expectedLength="7" class="maxima-formula show-latex" /></p><p>$$\quad a_{21}=$$ <textEntryInteraction responseIdentifier="RESPONSE_1416992043118" expectedLength="7" class="maxima-formula show-latex" /> $$\qquad a_{22}=$$ <textEntryInteraction responseIdentifier="RESPONSE_1416992079318" expectedLength="7" class="maxima-formula show-latex" /></p><p> </p><p><strong>Hinweise zur Formeleingabe:</strong> \(\frac xy=\) <strong>x/y</strong>, \(x\cdot y=\) <strong>x*y</strong>, \(\sqrt{x}=\) <strong>sqrt(x)</strong>.</p><p><strong>Beispiel:</strong> \(\frac{2\sqrt 5}{7}=\) <strong>2*sqrt(5)/7</strong>. Bitte geben Sie <strong>keine Kommazahlen</strong> ein!</p></itemBody><imsqti:responseProcessing xmlns:imsqti="http://www.imsglobal.org/xsd/imsqti_v2p1"><imsqti:responseCondition><imsqti:responseIf><imsqti:customOperator definition="MAXIMA" value="is(equal(ev($(1)),ev($(2))));" caseSensitive="false"><imsqti:variable identifier="RESPONSE_1416991410605" /><imsqti:correct identifier="RESPONSE_1416991410605" /></imsqti:customOperator><imsqti:setOutcomeValue identifier="SCORE"><imsqti:sum><imsqti:variable identifier="SCORE" /><imsqti:baseValue baseType="float">0.5</imsqti:baseValue></imsqti:sum></imsqti:setOutcomeValue></imsqti:responseIf></imsqti:responseCondition><imsqti:responseCondition><imsqti:responseIf><imsqti:not><imsqti:isNull><imsqti:variable identifier="RESPONSE_1416991410605" /></imsqti:isNull></imsqti:not><imsqti:setOutcomeValue identifier="FEEDBACKBASIC"><imsqti:baseValue baseType="identifier">incorrect</imsqti:baseValue></imsqti:setOutcomeValue></imsqti:responseIf></imsqti:responseCondition><imsqti:responseCondition><imsqti:responseIf><imsqti:customOperator definition="MAXIMA" value="is(equal(ev($(1)),ev($(2))));" caseSensitive="false"><imsqti:variable identifier="RESPONSE_1416991967530" /><imsqti:correct identifier="RESPONSE_1416991967530" /></imsqti:customOperator><imsqti:setOutcomeValue identifier="SCORE"><imsqti:sum><imsqti:variable identifier="SCORE" /><imsqti:baseValue baseType="float">0.5</imsqti:baseValue></imsqti:sum></imsqti:setOutcomeValue></imsqti:responseIf></imsqti:responseCondition><imsqti:responseCondition><imsqti:responseIf><imsqti:not><imsqti:isNull><imsqti:variable identifier="RESPONSE_1416991967530" /></imsqti:isNull></imsqti:not><imsqti:setOutcomeValue identifier="FEEDBACKBASIC"><imsqti:baseValue baseType="identifier">incorrect</imsqti:baseValue></imsqti:setOutcomeValue></imsqti:responseIf></imsqti:responseCondition><imsqti:responseCondition><imsqti:responseIf><imsqti:customOperator definition="MAXIMA" value="is(equal(ev($(1)),ev($(2))));" caseSensitive="false"><imsqti:variable identifier="RESPONSE_1416992043118" /><imsqti:correct identifier="RESPONSE_1416992043118" /></imsqti:customOperator><imsqti:setOutcomeValue identifier="SCORE"><imsqti:sum><imsqti:variable identifier="SCORE" /><imsqti:baseValue baseType="float">0.5</imsqti:baseValue></imsqti:sum></imsqti:setOutcomeValue></imsqti:responseIf></imsqti:responseCondition><imsqti:responseCondition><imsqti:responseIf><imsqti:not><imsqti:isNull><imsqti:variable identifier="RESPONSE_1416992043118" /></imsqti:isNull></imsqti:not><imsqti:setOutcomeValue identifier="FEEDBACKBASIC"><imsqti:baseValue baseType="identifier">incorrect</imsqti:baseValue></imsqti:setOutcomeValue></imsqti:responseIf></imsqti:responseCondition><imsqti:responseCondition><imsqti:responseIf><imsqti:customOperator definition="MAXIMA" value="is(equal(ev($(1)),ev($(2))));" caseSensitive="false"><imsqti:variable identifier="RESPONSE_1416992079318" /><imsqti:correct identifier="RESPONSE_1416992079318" /></imsqti:customOperator><imsqti:setOutcomeValue identifier="SCORE"><imsqti:sum><imsqti:variable identifier="SCORE" /><imsqti:baseValue baseType="float">0.5</imsqti:baseValue></imsqti:sum></imsqti:setOutcomeValue></imsqti:responseIf></imsqti:responseCondition><imsqti:responseCondition><imsqti:responseIf><imsqti:not><imsqti:isNull><imsqti:variable identifier="RESPONSE_1416992079318" /></imsqti:isNull></imsqti:not><imsqti:setOutcomeValue identifier="FEEDBACKBASIC"><imsqti:baseValue baseType="identifier">incorrect</imsqti:baseValue></imsqti:setOutcomeValue></imsqti:responseIf></imsqti:responseCondition><imsqti:responseCondition><imsqti:responseIf><imsqti:and><imsqti:not><imsqti:match><imsqti:variable identifier="FEEDBACKBASIC" /><imsqti:baseValue baseType="identifier">empty</imsqti:baseValue></imsqti:match></imsqti:not><imsqti:equal toleranceMode="exact"><imsqti:variable identifier="SCORE" /><imsqti:variable identifier="MAXSCORE" /></imsqti:equal></imsqti:and><imsqti:setOutcomeValue identifier="FEEDBACKBASIC"><imsqti:baseValue baseType="identifier">correct</imsqti:baseValue></imsqti:setOutcomeValue></imsqti:responseIf></imsqti:responseCondition><imsqti:responseCondition><imsqti:responseIf><imsqti:and><imsqti:match><imsqti:baseValue baseType="identifier">correct</imsqti:baseValue><imsqti:variable identifier="FEEDBACKBASIC" /></imsqti:match></imsqti:and><imsqti:setOutcomeValue identifier="FEEDBACKMODAL"><imsqti:multiple><imsqti:variable identifier="FEEDBACKMODAL" /><imsqti:baseValue baseType="identifier">Feedback1603012438</imsqti:baseValue></imsqti:multiple></imsqti:setOutcomeValue></imsqti:responseIf></imsqti:responseCondition><imsqti:responseCondition><imsqti:responseIf><imsqti:and><imsqti:match><imsqti:baseValue baseType="identifier">incorrect</imsqti:baseValue><imsqti:variable identifier="FEEDBACKBASIC" /></imsqti:match></imsqti:and><imsqti:setOutcomeValue identifier="FEEDBACKMODAL"><imsqti:multiple><imsqti:variable identifier="FEEDBACKMODAL" /><imsqti:baseValue baseType="identifier">Feedback704212387</imsqti:baseValue></imsqti:multiple></imsqti:setOutcomeValue></imsqti:responseIf></imsqti:responseCondition></imsqti:responseProcessing><modalFeedback  identifier="Feedback1603012438" outcomeIdentifier="FEEDBACKMODAL" showHide="show" title="Richtig!"><p>Die Gerade und die \(x\)-Achse schließen den Winkel \(\alpha=<printedVariable identifier="alpha" />\) ein.</p><p>Spiegeln an der Geraden kann man wiefolgt.</p><ul><li>Schritt 1: Drehung des Punktes um den Winkel \(-\alpha\).</li><li>Schritt 2: Spiegelung an der \(x\)-Achse.</li><li>Schritt 3: Drehung um den Winkel \(\alpha\).</li></ul><p>Die Matrix \(A\) ergibt sich also wiefolgt:</p><p>$$A=\begin{pmatrix}\cos\alpha &amp; -\sin\alpha\\\sin\alpha &amp;\cos\alpha\end{pmatrix}\begin{pmatrix}1 &amp; 0\\0 &amp;-1\end{pmatrix}\begin{pmatrix}\cos(-\alpha) &amp; -\sin(-\alpha)\\\sin(-\alpha) &amp;\cos(-\alpha)\end{pmatrix}=\begin{pmatrix}\textbf{<printedVariable identifier="a11" />} &amp; \textbf{<printedVariable identifier="a12" />}\\\textbf{<printedVariable identifier="a12" />} &amp;\textbf{<printedVariable identifier="a22" />}\end{pmatrix}$$</p><p>Es gilt: \(\quad\sin\alpha=-\sin(-\alpha)=<printedVariable identifier="sina" />\), \(\cos\alpha=\cos(-\alpha)=<printedVariable identifier="cosa" />\).</p></modalFeedback><modalFeedback  identifier="Feedback704212387" outcomeIdentifier="FEEDBACKMODAL" showHide="show" title="Leider nicht (vollständig) richtig!"><p>Die Gerade und die \(x\)-Achse schließen den Winkel \(\alpha=<printedVariable identifier="alpha" />\) ein.</p><p>Spiegeln an der Geraden kann man wiefolgt.</p><ul><li>Schritt 1: Drehung des Punktes um den Winkel \(-\alpha\).</li><li>Schritt 2: Spiegelung an der \(x\)-Achse.</li><li>Schritt 3: Drehung um den Winkel \(\alpha\).</li></ul><p>Die Matrix \(A\) ergibt sich also wiefolgt:</p><p>$$A=\begin{pmatrix}\cos\alpha &amp; -\sin\alpha\\\sin\alpha &amp;\cos\alpha\end{pmatrix}\begin{pmatrix}1 &amp; 0\\0 &amp;-1\end{pmatrix}\begin{pmatrix}\cos(-\alpha) &amp; -\sin(-\alpha)\\\sin(-\alpha) &amp;\cos(-\alpha)\end{pmatrix}=\begin{pmatrix}\textbf{<printedVariable identifier="a11" />} &amp; \textbf{<printedVariable identifier="a12" />}\\\textbf{<printedVariable identifier="a12" />} &amp;\textbf{<printedVariable identifier="a22" />}\end{pmatrix}$$</p><p>Es gilt: \(\quad\sin\alpha=-\sin(-\alpha)=<printedVariable identifier="sina" />\), \(\cos\alpha=\cos(-\alpha)=<printedVariable identifier="cosa" />\).</p></modalFeedback></assessmentItem>
