<?xml version="1.0" encoding="UTF-8"?>
<assessmentItem xmlns="http://www.imsglobal.org/xsd/imsqti_v2p1" xmlns:xsi="http://www.w3.org/2001/XMLSchema-instance" xsi:schemaLocation="http://www.imsglobal.org/xsd/imsqti_v2p1 http://www.imsglobal.org/xsd/qti/qtiv2p1/imsqti_v2p1p1.xsd http://www.w3.org/1998/Math/MathML http://www.w3.org/Math/XMLSchema/mathml2/mathml2.xsd" identifier="id83aba90a-37de-482a-8054-c6ddea7e3e6b" title="quotientenregel_02" adaptive="false" timeDependent="false"><responseDeclaration identifier="RESPONSE_1408523797324" cardinality="single" baseType="string" /><outcomeDeclaration identifier="SCORE" cardinality="single" baseType="float"><defaultValue><value>0</value></defaultValue></outcomeDeclaration><outcomeDeclaration identifier="MAXSCORE" cardinality="single" baseType="float"><defaultValue><value>1</value></defaultValue></outcomeDeclaration><outcomeDeclaration identifier="FEEDBACKBASIC" cardinality="single" baseType="identifier" view="testConstructor"><defaultValue><value>empty</value></defaultValue></outcomeDeclaration><outcomeDeclaration identifier="FEEDBACKMODAL" cardinality="multiple" baseType="identifier" view="testConstructor" /><templateDeclaration identifier="a" cardinality="single" baseType="integer" /><templateDeclaration identifier="b" cardinality="single" baseType="integer" /><templateDeclaration identifier="c" cardinality="single" baseType="integer" /><templateDeclaration identifier="d" cardinality="single" baseType="integer" /><templateDeclaration identifier="pm" cardinality="single" baseType="string" /><templateDeclaration identifier="qm" cardinality="single" baseType="string" /><templateDeclaration identifier="rm" cardinality="single" baseType="string" /><templateDeclaration identifier="2ad" cardinality="single" baseType="integer" /><templateDeclaration identifier="bd-c" cardinality="single" baseType="integer" /><templateDeclaration identifier="|bd-c|" cardinality="single" baseType="integer" /><templateDeclaration identifier="h" cardinality="single" baseType="string" /><templateDeclaration identifier="2a" cardinality="single" baseType="integer" /><templateProcessing><setTemplateValue identifier="a"><randomInteger min="2" max="7" /></setTemplateValue><setTemplateValue identifier="b"><randomInteger min="2" max="5" /></setTemplateValue><setTemplateValue identifier="c"><randomInteger min="1" max="12" /></setTemplateValue><setTemplateValue identifier="d"><randomInteger min="1" max="24" /></setTemplateValue><setTemplateValue identifier="pm"><random><multiple><baseValue baseType="string">+</baseValue><baseValue baseType="string">-</baseValue></multiple></random></setTemplateValue><setTemplateValue identifier="qm"><random><multiple><baseValue baseType="string">+</baseValue><baseValue baseType="string">-</baseValue></multiple></random></setTemplateValue><setTemplateValue identifier="rm"><random><multiple><baseValue baseType="string">+</baseValue><baseValue baseType="string">-</baseValue></multiple></random></setTemplateValue><setTemplateValue identifier="2ad"><customOperator definition="MAXIMA" value="float(2*$(1)*$(2));"><variable identifier="a" /><variable identifier="d" /></customOperator></setTemplateValue><setTemplateValue identifier="bd-c"><customOperator definition="MAXIMA" value="float($(1)$(2)*$(3)$(4) -$(5)$(6));"><variable identifier="pm" /><variable identifier="b" /><variable identifier="rm" /><variable identifier="d" /><variable identifier="qm" /><variable identifier="c" /></customOperator></setTemplateValue><setTemplateValue identifier="|bd-c|"><customOperator definition="MAXIMA" value="float(abs($(1)));"><variable identifier="bd-c" /></customOperator></setTemplateValue><setTemplateValue identifier="h"><random><multiple><baseValue baseType="string">+</baseValue><baseValue baseType="string">-</baseValue></multiple></random></setTemplateValue><templateCondition><templateIf><lt><variable identifier="bd-c" /><baseValue baseType="integer">0</baseValue></lt><setTemplateValue identifier="h"><random><multiple><baseValue baseType="string">-</baseValue></multiple></random></setTemplateValue></templateIf><templateElse><setTemplateValue identifier="h"><random><multiple><baseValue baseType="string">+</baseValue></multiple></random></setTemplateValue></templateElse></templateCondition><setTemplateValue identifier="2a"><customOperator definition="MAXIMA" value="float(2*$(1));"><variable identifier="a" /></customOperator></setTemplateValue><setCorrectResponse identifier="RESPONSE_1408523797324"><customOperator definition="VARIABLESTRING" value="$(1)*x^2$(2)$(3)*x$(5)$(4)"><variable identifier="a" /><variable identifier="rm" /><variable identifier="2ad" /><variable identifier="|bd-c|" /><variable identifier="h" /></customOperator></setCorrectResponse></templateProcessing><itemBody ><p>Geben Sie die Ableitung der Funktion $$f(x) = \frac{<printedVariable identifier="a" />x^2 <printedVariable identifier="pm" /> <printedVariable identifier="b" />x <printedVariable identifier="qm" /><printedVariable identifier="c" />}{x <printedVariable identifier="rm" /> <printedVariable identifier="d" />}$$ an! Bitte vereinfachen Sie Ihre Lösung soweit wie möglich.</p><p><strong>Ergebnis:</strong> $$f'(x) = \frac{g(x)}{ h(x)}$$</p><p>$$g(x) = $$ <textEntryInteraction responseIdentifier="RESPONSE_1408523797324" class="maxima-formula show-latex" /> $$\qquad h(x) = (x <printedVariable identifier="rm" /> <printedVariable identifier="d" />)^2$$ </p><p> </p><p>Hinweise zur Formeleingabe:</p><ul><li>\(\frac{x}{y}\) = x/y, \(x^y\) = x^y</li><li>\(x\cdot y\) = x*y, z.B. \(3x\) = 3*x  \(\Rightarrow\)  Bitte keine * vergessen!</li><li>Durch Klicken auf die ?-Schaltfläche können Sie Ihre Formel vor Speichern der Antwort zunächst überprüfen.</li></ul></itemBody><responseProcessing><responseCondition><responseIf><customOperator definition="MAXIMA" value="is(equal(ev($(1)),ev($(2))));"><variable identifier="RESPONSE_1408523797324" /><correct identifier="RESPONSE_1408523797324" /></customOperator><setOutcomeValue identifier="SCORE"><sum><variable identifier="SCORE" /><baseValue baseType="float">1</baseValue></sum></setOutcomeValue></responseIf></responseCondition><responseCondition><responseIf><not><isNull><variable identifier="RESPONSE_1408523797324" /></isNull></not><setOutcomeValue identifier="FEEDBACKBASIC"><baseValue baseType="identifier">incorrect</baseValue></setOutcomeValue></responseIf></responseCondition><responseCondition><responseIf><and><not><match><variable identifier="FEEDBACKBASIC" /><baseValue baseType="identifier">empty</baseValue></match></not><equal toleranceMode="exact"><variable identifier="SCORE" /><variable identifier="MAXSCORE" /></equal></and><setOutcomeValue identifier="FEEDBACKBASIC"><baseValue baseType="identifier">correct</baseValue></setOutcomeValue></responseIf></responseCondition><responseCondition><responseIf><and><match><baseValue baseType="identifier">correct</baseValue><variable identifier="FEEDBACKBASIC" /></match></and><setOutcomeValue identifier="FEEDBACKMODAL"><multiple><variable identifier="FEEDBACKMODAL" /><baseValue baseType="identifier">Feedback2127342592</baseValue></multiple></setOutcomeValue></responseIf></responseCondition><responseCondition><responseIf><and><match><baseValue baseType="identifier">incorrect</baseValue><variable identifier="FEEDBACKBASIC" /></match></and><setOutcomeValue identifier="FEEDBACKMODAL"><multiple><variable identifier="FEEDBACKMODAL" /><baseValue baseType="identifier">Feedback2116153330</baseValue></multiple></setOutcomeValue></responseIf></responseCondition></responseProcessing><modalFeedback  identifier="Feedback2127342592" outcomeIdentifier="FEEDBACKMODAL" showHide="show" title="Richtig!" /><modalFeedback  identifier="Feedback2116153330" outcomeIdentifier="FEEDBACKMODAL" showHide="show" title="Lösung:"><p>$$\qquad\qquad f'(x) = \frac{(<printedVariable identifier="2a" />x <printedVariable identifier="pm" /> <printedVariable identifier="b" />)(x <printedVariable identifier="rm" /> <printedVariable identifier="d" />) - (<printedVariable identifier="a" />x^2 <printedVariable identifier="pm" /> <printedVariable identifier="b" />x <printedVariable identifier="qm" /><printedVariable identifier="c" />)}{(x <printedVariable identifier="rm" /> <printedVariable identifier="d" />)^2} = \dots = \frac{<printedVariable identifier="a" />x^2 <printedVariable identifier="rm" /> <printedVariable identifier="2ad" />x <printedVariable identifier="h" /> <printedVariable identifier="|bd-c|" />}{(x <printedVariable identifier="rm" /> <printedVariable identifier="d" />)^2}$$</p><p> </p></modalFeedback></assessmentItem>
