<?xml version="1.0" encoding="UTF-8"?>
<assessmentItem xmlns="http://www.imsglobal.org/xsd/imsqti_v2p1" xmlns:xsi="http://www.w3.org/2001/XMLSchema-instance" xsi:schemaLocation="http://www.imsglobal.org/xsd/imsqti_v2p1 http://www.imsglobal.org/xsd/qti/qtiv2p1/imsqti_v2p1p1.xsd http://www.w3.org/1998/Math/MathML http://www.w3.org/Math/XMLSchema/mathml2/mathml2.xsd" identifier="ida342e794-b5ad-44c8-ab42-592896680dda" title="IsolierteSingularität2" adaptive="false" timeDependent="false"><responseDeclaration identifier="RESPONSE_1417429939956" cardinality="single" baseType="string" /><outcomeDeclaration identifier="SCORE" cardinality="single" baseType="float"><defaultValue><value>0</value></defaultValue></outcomeDeclaration><outcomeDeclaration identifier="MAXSCORE" cardinality="single" baseType="float"><defaultValue><value>3</value></defaultValue></outcomeDeclaration><outcomeDeclaration identifier="FEEDBACKBASIC" cardinality="single" baseType="identifier" view="testConstructor"><defaultValue><value>empty</value></defaultValue></outcomeDeclaration><templateDeclaration identifier="a" cardinality="single" baseType="integer" /><templateDeclaration identifier="b" cardinality="single" baseType="integer" /><templateDeclaration identifier="c" cardinality="single" baseType="integer" /><templateDeclaration identifier="k" cardinality="single" baseType="integer" /><templateDeclaration identifier="m" cardinality="single" baseType="integer" /><templateDeclaration identifier="d" cardinality="single" baseType="integer" /><templateDeclaration identifier="pol" cardinality="single" baseType="integer" /><templateProcessing><setTemplateValue identifier="a"><randomInteger min="1" max="10" /></setTemplateValue><setTemplateValue identifier="b"><randomInteger min="1" max="10" /></setTemplateValue><setTemplateValue identifier="c"><randomInteger min="1" max="10" /></setTemplateValue><setTemplateValue identifier="k"><randomInteger min="-9" max="9" /></setTemplateValue><templateCondition><templateIf><match><variable identifier="k" /><baseValue baseType="integer">0</baseValue></match><setTemplateValue identifier="k"><randomInteger min="1" max="9" /></setTemplateValue></templateIf></templateCondition><setTemplateValue identifier="m"><randomInteger min="1" max="20" /></setTemplateValue><setTemplateValue identifier="d"><customOperator definition="MAXIMA" value="float(2*$(1)-$(2));"><variable identifier="k" /><variable identifier="m" /></customOperator></setTemplateValue><setTemplateValue identifier="pol"><customOperator definition="MAXIMA" value="float(abs($(1)));"><variable identifier="d" /></customOperator></setTemplateValue><templateCondition><templateIf><lt><variable identifier="k" /><baseValue baseType="integer">0</baseValue></lt><setTemplateValue identifier="pol"><customOperator definition="MAXIMA" value="float(-1);" /></setTemplateValue></templateIf></templateCondition><templateCondition><templateIf><gte><variable identifier="d" /><baseValue baseType="integer">0</baseValue></gte><setTemplateValue identifier="pol"><customOperator definition="MAXIMA" value="float(0);" /></setTemplateValue></templateIf></templateCondition><setCorrectResponse identifier="RESPONSE_1417429939956"><customOperator definition="VARIABLESTRING" value="$(1)"><variable identifier="pol" /></customOperator></setCorrectResponse></templateProcessing><itemBody ><p><p>Bestimme die isolierte Singularität $$z_0:= <printedVariable identifier="a" />+<printedVariable identifier="b" />\mathbb i$$ von</p><p>$$ f(z):= \frac{e^{(z-z_0)^{<printedVariable identifier="k" />}}-1-(z-z_0)^{<printedVariable identifier="k" />}}{(z-z_0)^{<printedVariable identifier="m" />}}$$:</p><p>Wenn die Singularität hebbar ist, gebe 0 ein.</p><p>Falls die Singularität ein Pol der Ordnung  \(m \in \mathbb N\) ist, gebe  \( m\) ein.</p><p>Wenn die Singularität wesentlich ist, gebe ein:   -1</p><p><textEntryInteraction responseIdentifier="RESPONSE_1417429939956" expectedLength="4" class="maxima-formula show-latex show-syntax-error" /></p><p> </p></p></itemBody><responseProcessing><responseCondition><responseIf><customOperator definition="MAXIMA" value="is(equal(ev($(1)),ev($(2))));"><variable identifier="RESPONSE_1417429939956" /><correct identifier="RESPONSE_1417429939956" /></customOperator><setOutcomeValue identifier="SCORE"><sum><variable identifier="SCORE" /><baseValue baseType="float">3</baseValue></sum></setOutcomeValue></responseIf></responseCondition><responseCondition><responseIf><not><isNull><variable identifier="RESPONSE_1417429939956" /></isNull></not><setOutcomeValue identifier="FEEDBACKBASIC"><baseValue baseType="identifier">incorrect</baseValue></setOutcomeValue></responseIf></responseCondition><responseCondition><responseIf><and><not><match><variable identifier="FEEDBACKBASIC" /><baseValue baseType="identifier">empty</baseValue></match></not><equal toleranceMode="exact"><variable identifier="SCORE" /><variable identifier="MAXSCORE" /></equal></and><setOutcomeValue identifier="FEEDBACKBASIC"><baseValue baseType="identifier">correct</baseValue></setOutcomeValue></responseIf></responseCondition></responseProcessing></assessmentItem>
