<?xml version="1.0" encoding="UTF-8"?>
<manifest
	xmlns="http://www.imsglobal.org/xsd/imscp_v1p1"
	xmlns:xsi="http://www.w3.org/2001/XMLSchema-instance" 
	xsi:schemaLocation="http://www.imsglobal.org/xsd/imscp_v1p1 http://www.imsglobal.org/xsd/qti/qtiv2p1/qtiv2p1_imscpv1p2_v1p0.xsd 
											http://www.imsglobal.org/xsd/imsqti_v2p1 http://www.imsglobal.org/xsd/qti/qtiv2p1/imsqti_v2p1p1.xsd 
											http://www.imsglobal.org/xsd/imsqti_metadata_v2p1 http://www.imsglobal.org/xsd/qti/qtiv2p1/imsqti_metadata_v2p1p1.xsd
											http://ltsc.ieee.org/xsd/LOM http://www.imsglobal.org/xsd/imsmd_loose_v1p3p2.xsd"
	identifier="manifestID">
	<metadata>
		<schema>QTIv2.1 Package</schema>
    <schemaversion>1.0.0</schemaversion>
  </metadata>
	<organizations />
	<resources>
		<resource identifier="id87262be6_08d0_4d4a_802d_3cde573cfb13" type="imsqti_item_xmlv2p1" href="id87262be6-08d0-4d4a-802d-3cde573cfb13.xml"><metadata><lom xmlns="http://ltsc.ieee.org/xsd/LOM"><general ><identifier><entry>id87262be6-08d0-4d4a-802d-3cde573cfb13</entry></identifier><title><string language="en_US">verkettung_quadrat_wurzel_02</string></title><language>de</language><keyword><string language="en_US">Hintereinanderausführung</string></keyword><keyword><string language="en_US">Komposition</string></keyword><keyword><string language="en_US">Verkettung</string></keyword></general><lifeCycle ><contribute><date><dateTime>2014-07-09T10:17:39</dateTime></date><role><source>LOMv1.0</source><value>author</value></role><entity>BEGIN:VCARD&#xD;
VERSION:4.0&#xD;
FN:nesfr@tu-chemnitz.de&#xD;
PRODID:ONYX Editor 5.7.1&#xD;
END:VCARD&#xD;
</entity></contribute></lifeCycle><educational ><learningResourceType><source>QTIv2.1</source><value>AssessmentItem</value></learningResourceType></educational><classification ><purpose><source>LOMv1.0</source><value>discipline</value></purpose><taxonPath><source><string language="en_US">Unknown</string></source><taxon><entry><string language="en_US">Mathematik.Analysis.Funktionen.Verkettung und Umkehrfunktion</string></entry></taxon></taxonPath></classification><qtiMetadata xmlns="http://www.imsglobal.org/xsd/imsqti_metadata_v2p1"><interactionType >choiceInteraction</interactionType><toolName >ONYX Editor</toolName><toolVersion >5.5</toolVersion><toolVendor >BPS Bildungsportal Sachsen GmbH</toolVendor></qtiMetadata></lom></metadata><file href="id87262be6-08d0-4d4a-802d-3cde573cfb13.xml" /><file href="media/medium7920391483822965570y_gleich_absx.png" /><file href="media/medium3992834054505156408y_gleich_plus_minus_x.png" /><file href="media/medium5115171626836123004y_gleich_x.png" /><file href="media/medium8619807208618859060y_gleich_x_b.png" /></resource>
	</resources>
</manifest>
