<?xml version="1.0" encoding="UTF-8"?>
<assessmentItem xmlns="http://www.imsglobal.org/xsd/imsqti_v2p1" xmlns:xsi="http://www.w3.org/2001/XMLSchema-instance" xsi:schemaLocation="http://www.imsglobal.org/xsd/imsqti_v2p1 http://www.imsglobal.org/xsd/qti/qtiv2p1/imsqti_v2p1p1.xsd http://www.w3.org/1998/Math/MathML http://www.w3.org/Math/XMLSchema/mathml2/mathml2.xsd" identifier="ideeef6ea3-ebb2-4435-880e-76583dcf8799" title="VolumenRotKörperX-Achse" adaptive="false" timeDependent="false"><responseDeclaration identifier="RESPONSE_1399043669260" cardinality="single" baseType="float"><correctResponse><value>0</value></correctResponse></responseDeclaration><responseDeclaration identifier="RESPONSE_1399043709379" cardinality="single" baseType="float"><correctResponse><value>0</value></correctResponse></responseDeclaration><responseDeclaration identifier="RESPONSE_1399043738789" cardinality="single" baseType="string" /><responseDeclaration identifier="RESPONSE_1399043302597" cardinality="single" baseType="float"><correctResponse><value>0</value></correctResponse></responseDeclaration><outcomeDeclaration identifier="SCORE" cardinality="single" baseType="float"><defaultValue><value>0</value></defaultValue></outcomeDeclaration><outcomeDeclaration identifier="MAXSCORE" cardinality="single" baseType="float"><defaultValue><value>6</value></defaultValue></outcomeDeclaration><outcomeDeclaration identifier="FEEDBACKBASIC" cardinality="single" baseType="identifier" view="testConstructor"><defaultValue><value>empty</value></defaultValue></outcomeDeclaration><outcomeDeclaration identifier="FEEDBACKMODAL" cardinality="multiple" baseType="identifier" view="testConstructor" /><templateDeclaration identifier="a" cardinality="single" baseType="integer" /><templateDeclaration identifier="b" cardinality="single" baseType="integer" /><templateDeclaration identifier="c" cardinality="single" baseType="integer" /><templateDeclaration identifier="V" cardinality="single" baseType="float" /><templateProcessing><setTemplateValue identifier="a"><randomInteger min="0" max="7" /></setTemplateValue><setTemplateValue identifier="b"><randomInteger min="-5" max="5" /></setTemplateValue><setTemplateValue identifier="c"><customOperator definition="MAXIMA" value="float($(1)+2);"><variable identifier="a" /></customOperator></setTemplateValue><setTemplateValue identifier="V"><customOperator definition="MAXIMA" value="float(integrate(x-$(1)+2*$(2)*sqrt(x-$(3))+($(4))^2,x,$(5),$(6)))"><variable identifier="a" /><variable identifier="b" /><variable identifier="a" /><variable identifier="b" /><variable identifier="a" /><variable identifier="c" /></customOperator></setTemplateValue><setCorrectResponse identifier="RESPONSE_1399043738789"><customOperator definition="VARIABLESTRING" value="x-$(1)+2*$(2)*sqrt(x-$(1))+($(2))^2"><variable identifier="a" /><variable identifier="b" /></customOperator></setCorrectResponse><setCorrectResponse identifier="RESPONSE_1399043669260"><variable identifier="a" /></setCorrectResponse><setCorrectResponse identifier="RESPONSE_1399043709379"><variable identifier="c" /></setCorrectResponse><setCorrectResponse identifier="RESPONSE_1399043302597"><variable identifier="V" /></setCorrectResponse></templateProcessing><itemBody ><p><p>Berechnen Sie das <strong>Volumen</strong> <strong>V</strong> des Rotationskörpers (Kegelabschnitt) der durch Drehung von</p><p>\(y = \sqrt{x-<printedVariable identifier="a" />} + <printedVariable identifier="b" />, \ \quad <printedVariable identifier="a" />\le x \le <printedVariable identifier="c" />\)</p><p>um die x-Achse ensteht.</p><p>Die Anwendung der Volumenformel zur Berechnung von V führt auf folgendes Integral:</p><p>\( V = \pi \int_a^b g(x) \ dx \) mit einer Funktion g(x) und reellen Zahlen a und b. <strong>Geben Sie a, b und g(x) exakt </strong><strong>in Maxima-Schreibweise ein. <br /></strong></p><p>a = <textEntryInteraction responseIdentifier="RESPONSE_1399043669260" /> , b = <textEntryInteraction responseIdentifier="RESPONSE_1399043709379" /></p><p>g(x) = <textEntryInteraction responseIdentifier="RESPONSE_1399043738789" expectedLength="13" class="maxima-formula show-latex show-syntax-error" /></p><p>Berechnen Sie jetzt das Volumen V und geben Sie das Ergebnis als Dezimalzahl auf zwei Stellen nach dem Komma gerundet an:</p><p>V = <textEntryInteraction responseIdentifier="RESPONSE_1399043302597" expectedLength="3" /></p></p></itemBody><responseProcessing><responseCondition><responseIf><equal toleranceMode="exact"><variable identifier="RESPONSE_1399043669260" /><correct identifier="RESPONSE_1399043669260" /></equal><setOutcomeValue identifier="SCORE"><sum><variable identifier="SCORE" /><baseValue baseType="float">1</baseValue></sum></setOutcomeValue></responseIf></responseCondition><responseCondition><responseIf><not><isNull><variable identifier="RESPONSE_1399043669260" /></isNull></not><setOutcomeValue identifier="FEEDBACKBASIC"><baseValue baseType="identifier">incorrect</baseValue></setOutcomeValue></responseIf></responseCondition><responseCondition><responseIf><equal toleranceMode="exact"><variable identifier="RESPONSE_1399043709379" /><correct identifier="RESPONSE_1399043709379" /></equal><setOutcomeValue identifier="SCORE"><sum><variable identifier="SCORE" /><baseValue baseType="float">1</baseValue></sum></setOutcomeValue></responseIf></responseCondition><responseCondition><responseIf><not><isNull><variable identifier="RESPONSE_1399043709379" /></isNull></not><setOutcomeValue identifier="FEEDBACKBASIC"><baseValue baseType="identifier">incorrect</baseValue></setOutcomeValue></responseIf></responseCondition><responseCondition><responseIf><customOperator definition="MAXIMA" value="is(equal(ev($(1)),ev($(2))));"><variable identifier="RESPONSE_1399043738789" /><correct identifier="RESPONSE_1399043738789" /></customOperator><setOutcomeValue identifier="SCORE"><sum><variable identifier="SCORE" /><baseValue baseType="float">1</baseValue></sum></setOutcomeValue></responseIf></responseCondition><responseCondition><responseIf><not><isNull><variable identifier="RESPONSE_1399043738789" /></isNull></not><setOutcomeValue identifier="FEEDBACKBASIC"><baseValue baseType="identifier">incorrect</baseValue></setOutcomeValue></responseIf></responseCondition><responseCondition><responseIf><equal toleranceMode="absolute" tolerance="0.01 0.01" includeLowerBound="true" includeUpperBound="true"><variable identifier="RESPONSE_1399043302597" /><correct identifier="RESPONSE_1399043302597" /></equal><setOutcomeValue identifier="SCORE"><sum><variable identifier="SCORE" /><baseValue baseType="float">3</baseValue></sum></setOutcomeValue></responseIf></responseCondition><responseCondition><responseIf><not><isNull><variable identifier="RESPONSE_1399043302597" /></isNull></not><setOutcomeValue identifier="FEEDBACKBASIC"><baseValue baseType="identifier">incorrect</baseValue></setOutcomeValue></responseIf></responseCondition><responseCondition><responseIf><and><not><match><variable identifier="FEEDBACKBASIC" /><baseValue baseType="identifier">empty</baseValue></match></not><equal toleranceMode="exact"><variable identifier="SCORE" /><variable identifier="MAXSCORE" /></equal></and><setOutcomeValue identifier="FEEDBACKBASIC"><baseValue baseType="identifier">correct</baseValue></setOutcomeValue></responseIf></responseCondition><responseCondition><responseIf><and><match><baseValue baseType="identifier">correct</baseValue><variable identifier="FEEDBACKBASIC" /></match></and><setOutcomeValue identifier="FEEDBACKMODAL"><multiple><variable identifier="FEEDBACKMODAL" /><baseValue baseType="identifier">Feedback1176214180</baseValue></multiple></setOutcomeValue></responseIf></responseCondition><responseCondition><responseIf><and><match><baseValue baseType="identifier">incorrect</baseValue><variable identifier="FEEDBACKBASIC" /></match></and><setOutcomeValue identifier="FEEDBACKMODAL"><multiple><variable identifier="FEEDBACKMODAL" /><baseValue baseType="identifier">Feedback1044752625</baseValue></multiple></setOutcomeValue></responseIf></responseCondition></responseProcessing><modalFeedback  identifier="Feedback1176214180" outcomeIdentifier="FEEDBACKMODAL" showHide="show"><p><strong> </strong></p></modalFeedback><modalFeedback  identifier="Feedback1044752625" outcomeIdentifier="FEEDBACKMODAL" showHide="show"><p>Die Volumensformel des Rotationskörpers, der entsteht wenn y(x) im Bereich \( <printedVariable identifier="a" /> \le x \le <printedVariable identifier="c" />\) um die x-Achse rotiert, ist:</p><p>V =\( \pi \int_<printedVariable identifier="a" />^<printedVariable identifier="c" /> (y(x))^2 \ dx \)<strong><br /></strong></p></modalFeedback></assessmentItem>
