<?xml version="1.0" encoding="UTF-8"?>
<assessmentItem xmlns="http://www.imsglobal.org/xsd/imsqti_v2p1" xmlns:xsi="http://www.w3.org/2001/XMLSchema-instance" xsi:schemaLocation="http://www.imsglobal.org/xsd/imsqti_v2p1 http://www.imsglobal.org/xsd/qti/qtiv2p1/imsqti_v2p1p1.xsd http://www.w3.org/1998/Math/MathML http://www.w3.org/Math/XMLSchema/mathml2/mathml2.xsd" identifier="ide7d391cd-6320-4501-a247-61563d7d8dc2" title="Funktionsgrenzwerte 2" adaptive="false" timeDependent="false"><responseDeclaration identifier="RESPONSE_1" cardinality="single" baseType="identifier"><correctResponse><value>id23c04cb3-a2f7-48fd-a851-7bada8da60d8</value></correctResponse></responseDeclaration><outcomeDeclaration identifier="SCORE" cardinality="single" baseType="float"><defaultValue><value>0</value></defaultValue></outcomeDeclaration><outcomeDeclaration identifier="MAXSCORE" cardinality="single" baseType="float"><defaultValue><value>1</value></defaultValue></outcomeDeclaration><outcomeDeclaration identifier="FEEDBACKBASIC" cardinality="single" baseType="identifier"><defaultValue><value>empty</value></defaultValue></outcomeDeclaration><itemBody ><p>Für den Grenzwert $$\lim_{x\rightarrow 2}\frac{x^3+3x+5}{x^2-2x+1}$$ gilt:</p><choiceInteraction responseIdentifier="RESPONSE_1" shuffle="true" maxChoices="1"><simpleChoice identifier="ida60a9079-84de-4c19-8c94-0d9e81d4a8cf"><p>$$\lim_{x\rightarrow 2}\frac{x^3+3x+5}{x^2-2x+1}=2$$</p></simpleChoice><simpleChoice identifier="idda15719d-6d02-4277-a4e7-857adb1f227b"><p>Der Grenzwert existiert nicht!</p></simpleChoice><simpleChoice identifier="id23c04cb3-a2f7-48fd-a851-7bada8da60d8"><p>$$\lim_{x\rightarrow 2}\frac{x^3+3x+5}{x^2-2x+1}=19$$</p></simpleChoice><simpleChoice identifier="ida3c12b84-f479-4f95-9dcd-0a2a34acf32f"><p>$$\lim_{x\rightarrow 2}\frac{x^3+3x+5}{x^2-2x+1}=+\infty$$</p></simpleChoice></choiceInteraction></itemBody><responseProcessing><responseCondition><responseIf><isNull><variable identifier="RESPONSE_1" /></isNull><setOutcomeValue identifier="FEEDBACKBASIC"><baseValue baseType="identifier">empty</baseValue></setOutcomeValue></responseIf><responseElseIf><match><variable identifier="RESPONSE_1" /><correct identifier="RESPONSE_1" /></match><setOutcomeValue identifier="SCORE"><sum><variable identifier="SCORE" /><variable identifier="MAXSCORE" /></sum></setOutcomeValue><setOutcomeValue identifier="FEEDBACKBASIC"><baseValue baseType="identifier">correct</baseValue></setOutcomeValue></responseElseIf><responseElse><setOutcomeValue identifier="FEEDBACKBASIC"><baseValue baseType="identifier">incorrect</baseValue></setOutcomeValue></responseElse></responseCondition></responseProcessing></assessmentItem>
