<?xml version="1.0" encoding="UTF-8"?>
<assessmentItem xmlns="http://www.imsglobal.org/xsd/imsqti_v2p1" xmlns:xsi="http://www.w3.org/2001/XMLSchema-instance" xsi:schemaLocation="http://www.imsglobal.org/xsd/imsqti_v2p1 http://www.imsglobal.org/xsd/qti/qtiv2p1/imsqti_v2p1p1.xsd http://www.w3.org/1998/Math/MathML http://www.w3.org/Math/XMLSchema/mathml2/mathml2.xsd" identifier="idb905fc81-72f0-4b50-9071-33ee4f8c9b0e" title="simple Teilmengenaufgabe" adaptive="false" timeDependent="false"><responseDeclaration identifier="RESPONSE_1" cardinality="single" baseType="identifier"><correctResponse><value>idf7dd76ed-aa80-45aa-b401-2c986bde58a9</value></correctResponse></responseDeclaration><outcomeDeclaration identifier="SCORE" cardinality="single" baseType="float"><defaultValue><value>0</value></defaultValue></outcomeDeclaration><outcomeDeclaration identifier="MAXSCORE" cardinality="single" baseType="float"><defaultValue><value>1</value></defaultValue></outcomeDeclaration><outcomeDeclaration identifier="FEEDBACKBASIC" cardinality="single" baseType="identifier"><defaultValue><value>empty</value></defaultValue></outcomeDeclaration><itemBody ><p>Gegeben sei die Menge $$X=\{0,2,*,x,\{a,b\}\}$$. Welche der folgenden Alternativen besteht nur aus Teilmengen von $$X$$?</p><choiceInteraction responseIdentifier="RESPONSE_1" shuffle="true" maxChoices="1"><simpleChoice identifier="idf7dd76ed-aa80-45aa-b401-2c986bde58a9"><p>$$\emptyset, \{\{a,b\},*,0,0\}$$</p></simpleChoice><simpleChoice identifier="id20af547c-6213-46b0-9062-c1b19c72aa0b"><p>$$\{a,b\},\{\{x\}\}, \{0\}$$</p></simpleChoice><simpleChoice identifier="id643241d8-90e3-4141-9608-a0ecff64eae3"><p>$$\{\emptyset\},\{x\},\{\{a\}\}$$</p></simpleChoice><simpleChoice identifier="ida5b207ea-0c2d-4056-8877-29485571cfc4"><p>$$\{0,2,a,b\},\{X\}$$</p></simpleChoice></choiceInteraction></itemBody><responseProcessing><responseCondition><responseIf><isNull><variable identifier="RESPONSE_1" /></isNull><setOutcomeValue identifier="FEEDBACKBASIC"><baseValue baseType="identifier">empty</baseValue></setOutcomeValue></responseIf><responseElseIf><match><variable identifier="RESPONSE_1" /><correct identifier="RESPONSE_1" /></match><setOutcomeValue identifier="SCORE"><sum><variable identifier="SCORE" /><variable identifier="MAXSCORE" /></sum></setOutcomeValue><setOutcomeValue identifier="FEEDBACKBASIC"><baseValue baseType="identifier">correct</baseValue></setOutcomeValue></responseElseIf><responseElse><setOutcomeValue identifier="FEEDBACKBASIC"><baseValue baseType="identifier">incorrect</baseValue></setOutcomeValue></responseElse></responseCondition></responseProcessing></assessmentItem>
