<?xml version="1.0" encoding="UTF-8"?>
<assessmentItem xmlns="http://www.imsglobal.org/xsd/imsqti_v2p1" xmlns:xsi="http://www.w3.org/2001/XMLSchema-instance" xsi:schemaLocation="http://www.imsglobal.org/xsd/imsqti_v2p1 http://www.imsglobal.org/xsd/qti/qtiv2p1/imsqti_v2p1p1.xsd http://www.w3.org/1998/Math/MathML http://www.w3.org/Math/XMLSchema/mathml2/mathml2.xsd" identifier="idb94b18b7-a7c8-41f4-a7b7-986e2ec5b113" title="parabel_nullstellen_02" adaptive="false" timeDependent="false"><responseDeclaration identifier="RESPONSE_1386159204215" cardinality="single" baseType="float"><correctResponse><value>0</value></correctResponse></responseDeclaration><responseDeclaration identifier="RESPONSE_1386159216597" cardinality="single" baseType="float"><correctResponse><value>0</value></correctResponse></responseDeclaration><outcomeDeclaration identifier="SCORE" cardinality="single" baseType="float"><defaultValue><value>0</value></defaultValue></outcomeDeclaration><outcomeDeclaration identifier="MAXSCORE" cardinality="single" baseType="float"><defaultValue><value>2</value></defaultValue></outcomeDeclaration><outcomeDeclaration identifier="FEEDBACKBASIC" cardinality="single" baseType="identifier" view="testConstructor"><defaultValue><value>empty</value></defaultValue></outcomeDeclaration><templateDeclaration identifier="x1abs" cardinality="single" baseType="integer" /><templateDeclaration identifier="x1sign" cardinality="single" baseType="integer" /><templateDeclaration identifier="x1" cardinality="single" baseType="float" /><templateDeclaration identifier="x2abs" cardinality="single" baseType="integer" /><templateDeclaration identifier="x2sign" cardinality="single" baseType="integer" /><templateDeclaration identifier="x2" cardinality="single" baseType="float" /><templateDeclaration identifier="sum" cardinality="single" baseType="float" /><templateDeclaration identifier="prod" cardinality="single" baseType="float" /><templateDeclaration identifier="s1" cardinality="single" baseType="string" /><templateDeclaration identifier="s2" cardinality="single" baseType="string" /><templateDeclaration identifier="sumabs" cardinality="single" baseType="float" /><templateDeclaration identifier="prodabs" cardinality="single" baseType="float" /><templateDeclaration identifier="nullstelle1" cardinality="single" baseType="float" /><templateDeclaration identifier="nullstelle2" cardinality="single" baseType="float" /><templateProcessing><setTemplateValue identifier="x1abs"><randomInteger min="2" max="10" step="2" /></setTemplateValue><setTemplateValue identifier="x1sign"><randomInteger min="-1" max="1" step="2" /></setTemplateValue><setTemplateValue identifier="x1"><customOperator definition="MAXIMA" value="float($(1)*$(2));"><variable identifier="x1sign" /><variable identifier="x1abs" /></customOperator></setTemplateValue><setTemplateValue identifier="x2abs"><randomInteger min="1" max="9" step="2" /></setTemplateValue><setTemplateValue identifier="x2sign"><randomInteger min="-1" max="1" step="2" /></setTemplateValue><setTemplateValue identifier="x2"><customOperator definition="MAXIMA" value="float($(1)*$(2));"><variable identifier="x2sign" /><variable identifier="x2abs" /></customOperator></setTemplateValue><setTemplateValue identifier="sum"><customOperator definition="MAXIMA" value="float($(1)+$(2));"><variable identifier="x1" /><variable identifier="x2" /></customOperator></setTemplateValue><setTemplateValue identifier="prod"><customOperator definition="MAXIMA" value="float($(1)*$(2));"><variable identifier="x1" /><variable identifier="x2" /></customOperator></setTemplateValue><setTemplateValue identifier="s1"><random><multiple><baseValue baseType="string">+</baseValue><baseValue baseType="string">-</baseValue></multiple></random></setTemplateValue><templateCondition><templateIf><gt><variable identifier="sum" /><baseValue baseType="integer">0</baseValue></gt><setTemplateValue identifier="s1"><random><multiple><baseValue baseType="string">-</baseValue></multiple></random></setTemplateValue></templateIf><templateElse><setTemplateValue identifier="s1"><random><multiple><baseValue baseType="string">+</baseValue></multiple></random></setTemplateValue></templateElse></templateCondition><setTemplateValue identifier="s2"><random><multiple><baseValue baseType="string">+</baseValue><baseValue baseType="string">-</baseValue></multiple></random></setTemplateValue><templateCondition><templateIf><gte><variable identifier="prod" /><baseValue baseType="integer">0</baseValue></gte><setTemplateValue identifier="s2"><random><multiple><baseValue baseType="string">+</baseValue></multiple></random></setTemplateValue></templateIf><templateElse><setTemplateValue identifier="s2"><random><multiple><baseValue baseType="string">-</baseValue></multiple></random></setTemplateValue></templateElse></templateCondition><setTemplateValue identifier="sumabs"><customOperator definition="MAXIMA" value="float(abs($(1)));"><variable identifier="sum" /></customOperator></setTemplateValue><setTemplateValue identifier="prodabs"><customOperator definition="MAXIMA" value="float(abs($(1)));"><variable identifier="prod" /></customOperator></setTemplateValue><setTemplateValue identifier="nullstelle1"><customOperator definition="MAXIMA" value="float(min($(1),$(2)));"><variable identifier="x1" /><variable identifier="x2" /></customOperator></setTemplateValue><setTemplateValue identifier="nullstelle2"><customOperator definition="MAXIMA" value="float(max($(1),$(2)));"><variable identifier="x1" /><variable identifier="x2" /></customOperator></setTemplateValue><setCorrectResponse identifier="RESPONSE_1386159204215"><variable identifier="nullstelle1" /></setCorrectResponse><setCorrectResponse identifier="RESPONSE_1386159216597"><variable identifier="nullstelle2" /></setCorrectResponse></templateProcessing><itemBody ><p>Berechnen Sie die Nullstellen der Parabel \(p(x)=x^2<printedVariable identifier="s1" /><printedVariable identifier="sumabs" />x<printedVariable identifier="s2" /><printedVariable identifier="prodabs" />\).</p><p>Beginnen Sie mit der kleineren Nullstelle.</p><p>Nullstelle 1: <textEntryInteraction responseIdentifier="RESPONSE_1386159204215" /></p><p>Nullstelle 2: <textEntryInteraction responseIdentifier="RESPONSE_1386159216597" /></p></itemBody><responseProcessing><responseCondition><responseIf><equal toleranceMode="exact"><variable identifier="RESPONSE_1386159204215" /><correct identifier="RESPONSE_1386159204215" /></equal><setOutcomeValue identifier="SCORE"><sum><variable identifier="SCORE" /><baseValue baseType="float">1</baseValue></sum></setOutcomeValue></responseIf></responseCondition><responseCondition><responseIf><not><isNull><variable identifier="RESPONSE_1386159204215" /></isNull></not><setOutcomeValue identifier="FEEDBACKBASIC"><baseValue baseType="identifier">incorrect</baseValue></setOutcomeValue></responseIf></responseCondition><responseCondition><responseIf><equal toleranceMode="exact"><variable identifier="RESPONSE_1386159216597" /><correct identifier="RESPONSE_1386159216597" /></equal><setOutcomeValue identifier="SCORE"><sum><variable identifier="SCORE" /><baseValue baseType="float">1</baseValue></sum></setOutcomeValue></responseIf></responseCondition><responseCondition><responseIf><not><isNull><variable identifier="RESPONSE_1386159216597" /></isNull></not><setOutcomeValue identifier="FEEDBACKBASIC"><baseValue baseType="identifier">incorrect</baseValue></setOutcomeValue></responseIf></responseCondition><responseCondition><responseIf><and><not><match><variable identifier="FEEDBACKBASIC" /><baseValue baseType="identifier">empty</baseValue></match></not><equal toleranceMode="exact"><variable identifier="SCORE" /><variable identifier="MAXSCORE" /></equal></and><setOutcomeValue identifier="FEEDBACKBASIC"><baseValue baseType="identifier">correct</baseValue></setOutcomeValue></responseIf></responseCondition></responseProcessing></assessmentItem>
