<?xml version="1.0" encoding="UTF-8"?>
<assessmentItem xmlns="http://www.imsglobal.org/xsd/imsqti_v2p1" xmlns:xsi="http://www.w3.org/2001/XMLSchema-instance" xsi:schemaLocation="http://www.imsglobal.org/xsd/imsqti_v2p1 http://www.imsglobal.org/xsd/qti/qtiv2p1/imsqti_v2p1p1.xsd http://www.w3.org/1998/Math/MathML http://www.w3.org/Math/XMLSchema/mathml2/mathml2.xsd" identifier="ida9c5a4a9-80fb-44a7-87b9-b2056fd2635b" title="Formelnach1Variablenauflösen" adaptive="false" timeDependent="false"><responseDeclaration identifier="RESPONSE_1406096647993" cardinality="single" baseType="string" /><responseDeclaration identifier="RESPONSE_1406096906024" cardinality="single" baseType="string" /><outcomeDeclaration identifier="SCORE" cardinality="single" baseType="float"><defaultValue><value>0</value></defaultValue></outcomeDeclaration><outcomeDeclaration identifier="MAXSCORE" cardinality="single" baseType="float"><defaultValue><value>2</value></defaultValue></outcomeDeclaration><outcomeDeclaration identifier="FEEDBACKBASIC" cardinality="single" baseType="identifier" view="testConstructor"><defaultValue><value>empty</value></defaultValue></outcomeDeclaration><templateDeclaration identifier="a" cardinality="single" baseType="integer" /><templateDeclaration identifier="b" cardinality="single" baseType="integer" /><templateDeclaration identifier="c" cardinality="single" baseType="integer" /><templateProcessing><setTemplateValue identifier="a"><randomInteger min="1" max="5" /></setTemplateValue><setTemplateValue identifier="b"><randomInteger min="1" max="5" /></setTemplateValue><setTemplateValue identifier="c"><randomInteger min="-5" max="5" /></setTemplateValue><templateCondition><templateIf><match><variable identifier="c" /><baseValue baseType="integer">0</baseValue></match><setTemplateValue identifier="c"><randomInteger min="-4" max="-1" /></setTemplateValue></templateIf></templateCondition><setCorrectResponse identifier="RESPONSE_1406096647993"><customOperator definition="VARIABLESTRING" value="($(2)*y*h-z*y-U*y)/(U*$(3)-z*$(1))"><variable identifier="a" /><variable identifier="b" /><variable identifier="c" /></customOperator></setCorrectResponse><setCorrectResponse identifier="RESPONSE_1406096906024"><customOperator definition="VARIABLESTRING" value="(U*($(3)*x+y)-z*($(1)*(x-y))/($(2)*y)"><variable identifier="a" /><variable identifier="b" /><variable identifier="c" /></customOperator></setCorrectResponse></templateProcessing><itemBody ><p><p>Lösen Sie die Formel einmal nach \(x\) und einmal nach \(h \) auf:</p><p>\[U = \frac{z\cdot (<printedVariable identifier="a" />\cdot x-y)+<printedVariable identifier="b" />\cdot y\cdot h}{<printedVariable identifier="c" />\cdot x+y}  \]</p><p>Geben Sie die Ausdrücke  in Maxima Schreibweise ein, ohne zu runden und unter Beachtung von Groß- und Kleinschreibung der Variablen.</p><p>\(x \) = <textEntryInteraction responseIdentifier="RESPONSE_1406096647993" class="maxima-formula show-latex show-syntax-error" /></p><p>\( h \) = <textEntryInteraction responseIdentifier="RESPONSE_1406096906024" expectedLength="7" class="maxima-formula show-latex show-syntax-error" /></p></p></itemBody><responseProcessing><responseCondition><responseIf><customOperator definition="MAXIMA" value="is(equal(ev($(1)),ev($(2))));"><variable identifier="RESPONSE_1406096647993" /><correct identifier="RESPONSE_1406096647993" /></customOperator><setOutcomeValue identifier="SCORE"><sum><variable identifier="SCORE" /><baseValue baseType="float">1</baseValue></sum></setOutcomeValue></responseIf></responseCondition><responseCondition><responseIf><not><isNull><variable identifier="RESPONSE_1406096647993" /></isNull></not><setOutcomeValue identifier="FEEDBACKBASIC"><baseValue baseType="identifier">incorrect</baseValue></setOutcomeValue></responseIf></responseCondition><responseCondition><responseIf><customOperator definition="MAXIMA" value="is(equal(ev($(1)),ev($(2))));"><variable identifier="RESPONSE_1406096906024" /><correct identifier="RESPONSE_1406096906024" /></customOperator><setOutcomeValue identifier="SCORE"><sum><variable identifier="SCORE" /><baseValue baseType="float">1</baseValue></sum></setOutcomeValue></responseIf></responseCondition><responseCondition><responseIf><not><isNull><variable identifier="RESPONSE_1406096906024" /></isNull></not><setOutcomeValue identifier="FEEDBACKBASIC"><baseValue baseType="identifier">incorrect</baseValue></setOutcomeValue></responseIf></responseCondition><responseCondition><responseIf><and><not><match><variable identifier="FEEDBACKBASIC" /><baseValue baseType="identifier">empty</baseValue></match></not><equal toleranceMode="exact"><variable identifier="SCORE" /><variable identifier="MAXSCORE" /></equal></and><setOutcomeValue identifier="FEEDBACKBASIC"><baseValue baseType="identifier">correct</baseValue></setOutcomeValue></responseIf></responseCondition></responseProcessing></assessmentItem>
