<?xml version="1.0" encoding="UTF-8"?>
<assessmentItem xmlns="http://www.imsglobal.org/xsd/imsqti_v2p1" xmlns:xsi="http://www.w3.org/2001/XMLSchema-instance" xsi:schemaLocation="http://www.imsglobal.org/xsd/imsqti_v2p1 http://www.imsglobal.org/xsd/qti/qtiv2p1/imsqti_v2p1p1.xsd http://www.w3.org/1998/Math/MathML http://www.w3.org/Math/XMLSchema/mathml2/mathml2.xsd" identifier="id28d0a498-0da1-40bf-a5e2-546346d4a99b" title="summen_notation_01" adaptive="false" timeDependent="false"><responseDeclaration identifier="RESPONSE_1389890877862_51624" cardinality="single" baseType="float"><correctResponse><value>0</value></correctResponse></responseDeclaration><responseDeclaration identifier="RESPONSE_1389891070194_28233" cardinality="single" baseType="float"><correctResponse><value>0</value></correctResponse></responseDeclaration><responseDeclaration identifier="RESPONSE_1389891291655_71848" cardinality="single" baseType="float"><correctResponse><value>0</value></correctResponse></responseDeclaration><responseDeclaration identifier="RESPONSE_1389890958531_25287" cardinality="single" baseType="float"><correctResponse><value>0</value></correctResponse></responseDeclaration><responseDeclaration identifier="RESPONSE_1389891219953_4408" cardinality="single" baseType="float"><correctResponse><value>0</value></correctResponse></responseDeclaration><responseDeclaration identifier="RESPONSE_1389891357763_11617" cardinality="single" baseType="float"><correctResponse><value>0</value></correctResponse></responseDeclaration><outcomeDeclaration identifier="SCORE" cardinality="single" baseType="float"><defaultValue><value>0</value></defaultValue></outcomeDeclaration><outcomeDeclaration identifier="MAXSCORE" cardinality="single" baseType="float"><defaultValue><value>3</value></defaultValue></outcomeDeclaration><outcomeDeclaration identifier="FEEDBACKBASIC" cardinality="single" baseType="identifier" view="testConstructor"><defaultValue><value>empty</value></defaultValue></outcomeDeclaration><outcomeDeclaration identifier="FEEDBACKMODAL" cardinality="multiple" baseType="identifier" view="testConstructor" /><templateDeclaration identifier="a1" cardinality="single" baseType="integer" /><templateDeclaration identifier="a2" cardinality="single" baseType="integer" /><templateDeclaration identifier="a3" cardinality="single" baseType="integer" /><templateDeclaration identifier="a4" cardinality="single" baseType="integer" /><templateDeclaration identifier="a5" cardinality="single" baseType="integer" /><templateDeclaration identifier="b1" cardinality="single" baseType="integer" /><templateDeclaration identifier="b2" cardinality="single" baseType="integer" /><templateDeclaration identifier="b3" cardinality="single" baseType="integer" /><templateDeclaration identifier="b4" cardinality="single" baseType="integer" /><templateDeclaration identifier="b5" cardinality="single" baseType="integer" /><templateDeclaration identifier="sum1" cardinality="single" baseType="float" /><templateDeclaration identifier="sum2" cardinality="single" baseType="float" /><templateDeclaration identifier="sum3" cardinality="single" baseType="float" /><templateDeclaration identifier="sum4" cardinality="single" baseType="float" /><templateDeclaration identifier="sum5" cardinality="single" baseType="float" /><templateDeclaration identifier="sum6" cardinality="single" baseType="float" /><templateProcessing><setTemplateValue identifier="a1"><randomInteger min="-3" max="-1" /></setTemplateValue><setTemplateValue identifier="a2"><randomInteger min="0" max="3" /></setTemplateValue><setTemplateValue identifier="a3"><randomInteger min="-3" max="-1" /></setTemplateValue><setTemplateValue identifier="a4"><randomInteger min="-3" max="3" /></setTemplateValue><setTemplateValue identifier="a5"><randomInteger min="1" max="5" /></setTemplateValue><setTemplateValue identifier="b1"><randomInteger min="1" max="6" /></setTemplateValue><setTemplateValue identifier="b2"><randomInteger min="-3" max="-1" /></setTemplateValue><setTemplateValue identifier="b3"><randomInteger min="1" max="5" /></setTemplateValue><setTemplateValue identifier="b4"><randomInteger min="-3" max="-1" /></setTemplateValue><setTemplateValue identifier="b5"><randomInteger min="1" max="3" /></setTemplateValue><setTemplateValue identifier="sum1"><customOperator definition="MAXIMA" value="float($(1)+$(2)+$(3)+$(4)+$(5));"><variable identifier="a1" /><variable identifier="a2" /><variable identifier="a3" /><variable identifier="a4" /><variable identifier="a5" /></customOperator></setTemplateValue><setTemplateValue identifier="sum2"><customOperator definition="MAXIMA" value="float($(1)+$(2)+$(3));"><variable identifier="b2" /><variable identifier="b3" /><variable identifier="b4" /></customOperator></setTemplateValue><setTemplateValue identifier="sum3"><customOperator definition="MAXIMA" value="float($(1)*$(2)+$(3)*$(4)+$(5)*$(6));"><variable identifier="a3" /><variable identifier="b3" /><variable identifier="a4" /><variable identifier="b4" /><variable identifier="a5" /><variable identifier="b5" /></customOperator></setTemplateValue><setTemplateValue identifier="sum4"><customOperator definition="MAXIMA" value="float($(1)+$(2)+$(3)+$(4)+$(5)+$(6));"><variable identifier="a1" /><variable identifier="b1" /><variable identifier="a2" /><variable identifier="b2" /><variable identifier="a3" /><variable identifier="b3" /></customOperator></setTemplateValue><setTemplateValue identifier="sum5"><customOperator definition="MAXIMA" value="float($(1)+2*$(2)+3*$(3)+4*$(4));"><variable identifier="a1" /><variable identifier="a2" /><variable identifier="a3" /><variable identifier="a4" /></customOperator></setTemplateValue><setTemplateValue identifier="sum6"><customOperator definition="MAXIMA" value="float(5);" /></setTemplateValue><setCorrectResponse identifier="RESPONSE_1389890877862_51624"><variable identifier="sum1" /></setCorrectResponse><setCorrectResponse identifier="RESPONSE_1389891070194_28233"><variable identifier="sum3" /></setCorrectResponse><setCorrectResponse identifier="RESPONSE_1389891291655_71848"><variable identifier="sum5" /></setCorrectResponse><setCorrectResponse identifier="RESPONSE_1389890958531_25287"><variable identifier="sum2" /></setCorrectResponse><setCorrectResponse identifier="RESPONSE_1389891219953_4408"><variable identifier="sum4" /></setCorrectResponse><setCorrectResponse identifier="RESPONSE_1389891357763_11617"><variable identifier="sum6" /></setCorrectResponse></templateProcessing><itemBody ><p>Gegeben sind die Zahlen</p><p>\(a_1=<printedVariable identifier="a1" />, a_2=<printedVariable identifier="a2" />, a_3=<printedVariable identifier="a3" />, a_4=<printedVariable identifier="a4" />, a_5=<printedVariable identifier="a5" />,\)</p><p>\(b_1=<printedVariable identifier="b1" />, b_2=<printedVariable identifier="b2" />, b_3=<printedVariable identifier="b3" />, b_4=<printedVariable identifier="b4" />, b_5=<printedVariable identifier="b5" />\).</p><p>Berechnen Sie die folgenden Summen:</p><table><tbody><tr><td>\(\displaystyle\sum_{i=1}^5 a_i\) = <textEntryInteraction responseIdentifier="RESPONSE_1389890877862_51624" expectedLength="3" /></td><td>\(\displaystyle\sum_{i=3}^5 (a_i\cdot b_i)\) = <textEntryInteraction responseIdentifier="RESPONSE_1389891070194_28233" expectedLength="3" /> </td><td>\(\displaystyle\sum_{i=1}^4 (i\cdot a_i)\) = <textEntryInteraction responseIdentifier="RESPONSE_1389891291655_71848" expectedLength="3" /> </td></tr><tr><td>\(\displaystyle\sum_{i=2}^4 b_i\) = <textEntryInteraction responseIdentifier="RESPONSE_1389890958531_25287" expectedLength="3" />      </td><td>\(\displaystyle\sum_{i=1}^3 (a_i+b_i)\) = <textEntryInteraction responseIdentifier="RESPONSE_1389891219953_4408" expectedLength="3" />      </td><td>\(\displaystyle\sum_{i=1}^5 1\) = <textEntryInteraction responseIdentifier="RESPONSE_1389891357763_11617" expectedLength="3" /></td></tr></tbody></table></itemBody><responseProcessing><responseCondition><responseIf><equal toleranceMode="exact"><variable identifier="RESPONSE_1389890877862_51624" /><correct identifier="RESPONSE_1389890877862_51624" /></equal><setOutcomeValue identifier="SCORE"><sum><variable identifier="SCORE" /><baseValue baseType="float">0.5</baseValue></sum></setOutcomeValue></responseIf></responseCondition><responseCondition><responseIf><not><isNull><variable identifier="RESPONSE_1389890877862_51624" /></isNull></not><setOutcomeValue identifier="FEEDBACKBASIC"><baseValue baseType="identifier">incorrect</baseValue></setOutcomeValue></responseIf></responseCondition><responseCondition><responseIf><equal toleranceMode="exact"><variable identifier="RESPONSE_1389891070194_28233" /><correct identifier="RESPONSE_1389891070194_28233" /></equal><setOutcomeValue identifier="SCORE"><sum><variable identifier="SCORE" /><baseValue baseType="float">0.5</baseValue></sum></setOutcomeValue></responseIf></responseCondition><responseCondition><responseIf><not><isNull><variable identifier="RESPONSE_1389891070194_28233" /></isNull></not><setOutcomeValue identifier="FEEDBACKBASIC"><baseValue baseType="identifier">incorrect</baseValue></setOutcomeValue></responseIf></responseCondition><responseCondition><responseIf><equal toleranceMode="exact"><variable identifier="RESPONSE_1389891291655_71848" /><correct identifier="RESPONSE_1389891291655_71848" /></equal><setOutcomeValue identifier="SCORE"><sum><variable identifier="SCORE" /><baseValue baseType="float">0.5</baseValue></sum></setOutcomeValue></responseIf></responseCondition><responseCondition><responseIf><not><isNull><variable identifier="RESPONSE_1389891291655_71848" /></isNull></not><setOutcomeValue identifier="FEEDBACKBASIC"><baseValue baseType="identifier">incorrect</baseValue></setOutcomeValue></responseIf></responseCondition><responseCondition><responseIf><equal toleranceMode="exact"><variable identifier="RESPONSE_1389890958531_25287" /><correct identifier="RESPONSE_1389890958531_25287" /></equal><setOutcomeValue identifier="SCORE"><sum><variable identifier="SCORE" /><baseValue baseType="float">0.5</baseValue></sum></setOutcomeValue></responseIf></responseCondition><responseCondition><responseIf><not><isNull><variable identifier="RESPONSE_1389890958531_25287" /></isNull></not><setOutcomeValue identifier="FEEDBACKBASIC"><baseValue baseType="identifier">incorrect</baseValue></setOutcomeValue></responseIf></responseCondition><responseCondition><responseIf><equal toleranceMode="exact"><variable identifier="RESPONSE_1389891219953_4408" /><correct identifier="RESPONSE_1389891219953_4408" /></equal><setOutcomeValue identifier="SCORE"><sum><variable identifier="SCORE" /><baseValue baseType="float">0.5</baseValue></sum></setOutcomeValue></responseIf></responseCondition><responseCondition><responseIf><not><isNull><variable identifier="RESPONSE_1389891219953_4408" /></isNull></not><setOutcomeValue identifier="FEEDBACKBASIC"><baseValue baseType="identifier">incorrect</baseValue></setOutcomeValue></responseIf></responseCondition><responseCondition><responseIf><equal toleranceMode="exact"><variable identifier="RESPONSE_1389891357763_11617" /><correct identifier="RESPONSE_1389891357763_11617" /></equal><setOutcomeValue identifier="SCORE"><sum><variable identifier="SCORE" /><baseValue baseType="float">0.5</baseValue></sum></setOutcomeValue></responseIf></responseCondition><responseCondition><responseIf><not><isNull><variable identifier="RESPONSE_1389891357763_11617" /></isNull></not><setOutcomeValue identifier="FEEDBACKBASIC"><baseValue baseType="identifier">incorrect</baseValue></setOutcomeValue></responseIf></responseCondition><responseCondition><responseIf><and><not><match><variable identifier="FEEDBACKBASIC" /><baseValue baseType="identifier">empty</baseValue></match></not><equal toleranceMode="exact"><variable identifier="SCORE" /><variable identifier="MAXSCORE" /></equal></and><setOutcomeValue identifier="FEEDBACKBASIC"><baseValue baseType="identifier">correct</baseValue></setOutcomeValue></responseIf></responseCondition><responseCondition><responseIf><and><match><baseValue baseType="identifier">correct</baseValue><variable identifier="FEEDBACKBASIC" /></match></and><setOutcomeValue identifier="FEEDBACKMODAL"><multiple><variable identifier="FEEDBACKMODAL" /><baseValue baseType="identifier">Feedback663528133</baseValue></multiple></setOutcomeValue></responseIf></responseCondition><responseCondition><responseIf><and><match><baseValue baseType="identifier">incorrect</baseValue><variable identifier="FEEDBACKBASIC" /></match></and><setOutcomeValue identifier="FEEDBACKMODAL"><multiple><variable identifier="FEEDBACKMODAL" /><baseValue baseType="identifier">Feedback1298765630</baseValue></multiple></setOutcomeValue></responseIf></responseCondition></responseProcessing><modalFeedback  identifier="Feedback663528133" outcomeIdentifier="FEEDBACKMODAL" showHide="show" title="Richtig!"><p>\(\displaystyle\sum_{i=1}^5 a_i=a_1+a_2+a_3+a_4+a_5=<printedVariable identifier="sum1" />\)</p><p>\(\displaystyle\sum_{i=2}^4 b_i=b_2+b_3+b_4=<printedVariable identifier="sum2" />\)</p><p>\(\displaystyle\sum_{i=3}^5 (a_i\cdot b_i)=a_3\cdot b_3+a_4\cdot b_4+a_5\cdot b_5=<printedVariable identifier="sum3" />\)</p><p>\(\displaystyle\sum_{i=1}^3 (a_i+b_i)=a_1+b_1+a_2+b_2+a_3+b_3=<printedVariable identifier="sum4" />\)</p><p>\(\displaystyle\sum_{i=1}^4 (i\cdot a_i)=1\cdot a_1+2\cdot a_2+3\cdot a_3+4\cdot a_4=<printedVariable identifier="sum5" />\)</p><p>\(\displaystyle\sum_{i=1}^5 1=1+1+1+1+1=<printedVariable identifier="sum6" />\) ... es wird einfach für jedes $$i=1,\dots,5$$ eine $$1$$ addiert!</p></modalFeedback><modalFeedback  identifier="Feedback1298765630" outcomeIdentifier="FEEDBACKMODAL" showHide="show" title="Leider (nicht vollständig) richtig!"><p>\(\displaystyle\sum_{i=1}^5 a_i=a_1+a_2+a_3+a_4+a_5=<printedVariable identifier="sum1" />\)</p><p>\(\displaystyle\sum_{i=2}^4 b_i=b_2+b_3+b_4=<printedVariable identifier="sum2" />\)</p><p>\(\displaystyle\sum_{i=3}^5 (a_i\cdot b_i)=a_3\cdot b_3+a_4\cdot b_4+a_5\cdot b_5=<printedVariable identifier="sum3" />\)</p><p>\(\displaystyle\sum_{i=1}^3 (a_i+b_i)=a_1+b_1+a_2+b_2+a_3+b_3=<printedVariable identifier="sum4" />\)</p><p>\(\displaystyle\sum_{i=1}^4 (i\cdot a_i)=1\cdot a_1+2\cdot a_2+3\cdot a_3+4\cdot a_4=<printedVariable identifier="sum5" />\)</p><p>\(\displaystyle\sum_{i=1}^5 1=1+1+1+1+1=<printedVariable identifier="sum6" />\) ... es wird einfach für jedes $$i=1,\dots,5$$ eine $$1$$ addiert!</p></modalFeedback></assessmentItem>
