<?xml version="1.0" encoding="UTF-8"?>
<assessmentItem xmlns="http://www.imsglobal.org/xsd/imsqti_v2p1" xmlns:xsi="http://www.w3.org/2001/XMLSchema-instance" xsi:schemaLocation="http://www.imsglobal.org/xsd/imsqti_v2p1 http://www.imsglobal.org/xsd/qti/qtiv2p1/imsqti_v2p1p1.xsd http://www.w3.org/1998/Math/MathML http://www.w3.org/Math/XMLSchema/mathml2/mathml2.xsd" identifier="id96d082fe-7ffc-41de-8e21-efa2379c710f" title="ProduktzeichenBasics" adaptive="false" timeDependent="false"><responseDeclaration identifier="RESPONSE_1406614169918" cardinality="single" baseType="float"><correctResponse><value>0</value></correctResponse></responseDeclaration><responseDeclaration identifier="RESPONSE_1406614509785" cardinality="single" baseType="float"><correctResponse><value>0</value></correctResponse></responseDeclaration><responseDeclaration identifier="RESPONSE_1406620021247" cardinality="single" baseType="string" /><outcomeDeclaration identifier="SCORE" cardinality="single" baseType="float"><defaultValue><value>0</value></defaultValue></outcomeDeclaration><outcomeDeclaration identifier="MAXSCORE" cardinality="single" baseType="float"><defaultValue><value>3</value></defaultValue></outcomeDeclaration><outcomeDeclaration identifier="FEEDBACKBASIC" cardinality="single" baseType="identifier" view="testConstructor"><defaultValue><value>empty</value></defaultValue></outcomeDeclaration><templateDeclaration identifier="a1" cardinality="single" baseType="integer" /><templateDeclaration identifier="a2" cardinality="single" baseType="integer" /><templateDeclaration identifier="a3" cardinality="single" baseType="integer" /><templateDeclaration identifier="b" cardinality="single" baseType="integer" /><templateDeclaration identifier="e1" cardinality="single" baseType="float" /><templateDeclaration identifier="e2" cardinality="single" baseType="float" /><templateProcessing><setTemplateValue identifier="a1"><randomInteger min="0" max="4" /></setTemplateValue><setTemplateValue identifier="a2"><randomInteger min="0" max="5" /></setTemplateValue><setTemplateValue identifier="a3"><customOperator definition="MAXIMA" value="float($(1)+$(2));"><variable identifier="a1" /><variable identifier="a2" /></customOperator></setTemplateValue><setTemplateValue identifier="b"><randomInteger min="1" max="4" /></setTemplateValue><setTemplateValue identifier="e1"><customOperator definition="MAXIMA" value="float($(1)^($(2)+1));"><variable identifier="b" /><variable identifier="a2" /></customOperator></setTemplateValue><setTemplateValue identifier="e2"><customOperator definition="MAXIMA" value="float(prod(k,k,$(1),$(2)));"><variable identifier="a1" /><variable identifier="a3" /></customOperator></setTemplateValue><setCorrectResponse identifier="RESPONSE_1406620021247"><customOperator definition="VARIABLESTRING" value="k^($(2)-$(1)+1)"><variable identifier="a1" /><variable identifier="a3" /></customOperator></setCorrectResponse><setCorrectResponse identifier="RESPONSE_1406614169918"><variable identifier="e1" /></setCorrectResponse><setCorrectResponse identifier="RESPONSE_1406614509785"><variable identifier="e2" /></setCorrectResponse></templateProcessing><itemBody ><p><p>Berechne die folgenden Produkte exakt und ohne Taschenrechner:</p><p>Lücken die ein ? rechts neben der Lücke haben, erfordern korrekte Maxima Eingaben. Durch Klick auf das ? - Zeichen kann überprüft werden ob eine zulässige Maxima Eingabe vorliegt.</p><p>a.) \[ \prod_{k = <printedVariable identifier="a1" />}^<printedVariable identifier="a3" /> <printedVariable identifier="b" />\] = <textEntryInteraction responseIdentifier="RESPONSE_1406614169918" />  b.) \[ \prod_{k = <printedVariable identifier="a1" />}^<printedVariable identifier="a3" /> k \] = <textEntryInteraction responseIdentifier="RESPONSE_1406614509785" /></p><p>\[ \prod_{i = <printedVariable identifier="a1" />}^<printedVariable identifier="a3" />  k \] = <textEntryInteraction responseIdentifier="RESPONSE_1406620021247" expectedLength="6" class="maxima-formula show-latex show-syntax-error" /></p><p> </p><p> </p></p></itemBody><responseProcessing><responseCondition><responseIf><equal toleranceMode="exact"><variable identifier="RESPONSE_1406614169918" /><correct identifier="RESPONSE_1406614169918" /></equal><setOutcomeValue identifier="SCORE"><sum><variable identifier="SCORE" /><baseValue baseType="float">1</baseValue></sum></setOutcomeValue></responseIf></responseCondition><responseCondition><responseIf><not><isNull><variable identifier="RESPONSE_1406614169918" /></isNull></not><setOutcomeValue identifier="FEEDBACKBASIC"><baseValue baseType="identifier">incorrect</baseValue></setOutcomeValue></responseIf></responseCondition><responseCondition><responseIf><equal toleranceMode="exact"><variable identifier="RESPONSE_1406614509785" /><correct identifier="RESPONSE_1406614509785" /></equal><setOutcomeValue identifier="SCORE"><sum><variable identifier="SCORE" /><baseValue baseType="float">1</baseValue></sum></setOutcomeValue></responseIf></responseCondition><responseCondition><responseIf><not><isNull><variable identifier="RESPONSE_1406614509785" /></isNull></not><setOutcomeValue identifier="FEEDBACKBASIC"><baseValue baseType="identifier">incorrect</baseValue></setOutcomeValue></responseIf></responseCondition><responseCondition><responseIf><customOperator definition="MAXIMA" value="is(equal(ev($(1)),ev($(2))));"><variable identifier="RESPONSE_1406620021247" /><correct identifier="RESPONSE_1406620021247" /></customOperator><setOutcomeValue identifier="SCORE"><sum><variable identifier="SCORE" /><baseValue baseType="float">1</baseValue></sum></setOutcomeValue></responseIf></responseCondition><responseCondition><responseIf><not><isNull><variable identifier="RESPONSE_1406620021247" /></isNull></not><setOutcomeValue identifier="FEEDBACKBASIC"><baseValue baseType="identifier">incorrect</baseValue></setOutcomeValue></responseIf></responseCondition><responseCondition><responseIf><and><not><match><variable identifier="FEEDBACKBASIC" /><baseValue baseType="identifier">empty</baseValue></match></not><equal toleranceMode="exact"><variable identifier="SCORE" /><variable identifier="MAXSCORE" /></equal></and><setOutcomeValue identifier="FEEDBACKBASIC"><baseValue baseType="identifier">correct</baseValue></setOutcomeValue></responseIf></responseCondition></responseProcessing></assessmentItem>
