<?xml version="1.0" encoding="UTF-8"?>
<assessmentItem xmlns="http://www.imsglobal.org/xsd/imsqti_v2p1" xmlns:xsi="http://www.w3.org/2001/XMLSchema-instance" xsi:schemaLocation="http://www.imsglobal.org/xsd/imsqti_v2p1 http://www.imsglobal.org/xsd/qti/qtiv2p1/imsqti_v2p1p1.xsd http://www.w3.org/1998/Math/MathML http://www.w3.org/Math/XMLSchema/mathml2/mathml2.xsd" identifier="idb4533743-76bd-49d2-a400-07d4f8860034" title="Graph_1" adaptive="false" timeDependent="false"><responseDeclaration identifier="RESPONSE_1" cardinality="single" baseType="identifier"><correctResponse><value>id89733662-87c4-42a6-bce0-5cdf3ad8707d</value></correctResponse></responseDeclaration><outcomeDeclaration identifier="SCORE" cardinality="single" baseType="float"><defaultValue><value>0</value></defaultValue></outcomeDeclaration><outcomeDeclaration identifier="MAXSCORE" cardinality="single" baseType="float"><defaultValue><value>1</value></defaultValue></outcomeDeclaration><outcomeDeclaration identifier="FEEDBACKBASIC" cardinality="single" baseType="identifier"><defaultValue><value>empty</value></defaultValue></outcomeDeclaration><itemBody ><p>Welcher der nachfolgenden Graphen stellt die Funktion $$f:[-4,4]\rightarrow\mathbb{R}, f(x)=|x-2|+2$$ dar?</p><choiceInteraction responseIdentifier="RESPONSE_1" shuffle="true" maxChoices="1"><simpleChoice identifier="id41680a63-739d-4b3c-a331-d43b25454128"><p><img src="media%2Fmedium406384501852753387Graph_1_2_png" alt="" width="640" height="480" /></p></simpleChoice><simpleChoice identifier="id89733662-87c4-42a6-bce0-5cdf3ad8707d"><p><img src="media%2Fmedium8535916985558276555Graph_1_1_png" alt="" width="640" height="480" /></p></simpleChoice><simpleChoice identifier="idc20d3b2a-b8e7-4764-8920-ffdedf72490b"><p><img src="media%2Fmedium9032164179606073276Graph_1_3_png" alt="" width="640" height="480" /></p></simpleChoice><simpleChoice identifier="idc049ae3a-9eda-4b88-8ea3-865d3521b86b"><p><img src="media%2Fmedium2302826367358924301Graph_1_4_png" alt="" width="640" height="480" /></p></simpleChoice></choiceInteraction></itemBody><responseProcessing><responseCondition><responseIf><isNull><variable identifier="RESPONSE_1" /></isNull><setOutcomeValue identifier="FEEDBACKBASIC"><baseValue baseType="identifier">empty</baseValue></setOutcomeValue></responseIf><responseElseIf><match><variable identifier="RESPONSE_1" /><correct identifier="RESPONSE_1" /></match><setOutcomeValue identifier="SCORE"><sum><variable identifier="SCORE" /><variable identifier="MAXSCORE" /></sum></setOutcomeValue><setOutcomeValue identifier="FEEDBACKBASIC"><baseValue baseType="identifier">correct</baseValue></setOutcomeValue></responseElseIf><responseElse><setOutcomeValue identifier="FEEDBACKBASIC"><baseValue baseType="identifier">incorrect</baseValue></setOutcomeValue></responseElse></responseCondition></responseProcessing></assessmentItem>
