<?xml version="1.0" encoding="UTF-8"?>
<org.olat.course.Structure>
  <rootNode class="org.olat.course.nodes.STCourseNode">
    <ident>91381614849996</ident>
    <children>
      <de.htwk.autolat.BBautOLAT.structure.BBautOLATStructureNode>
        <ident>91381614873700</ident>
        <parent class="org.olat.course.nodes.STCourseNode" reference="../../.."/>
        <children>
          <de.htwk.autolat.BBautOLAT.BBautOLATCourseNode>
            <ident>91381614873703</ident>
            <parent class="de.htwk.autolat.BBautOLAT.structure.BBautOLATStructureNode" reference="../../.."/>
            <type>autOLAT</type>
            <shortTitle>A 1.1</shortTitle>
            <longTitle>A 1.1</longTitle>
            <learningObjectives></learningObjectives>
            <displayOption>title+desc+content</displayOption>
            <moduleConfiguration>
              <config>
                <entry>
                  <string>TaskTypeValid</string>
                  <string>true</string>
                </entry>
                <entry>
                  <string>startpage</string>
                  <string>false</string>
                </entry>
                <entry>
                  <string>ServerConnectionSet</string>
                  <string>true</string>
                </entry>
                <entry>
                  <string>GradingTimeSet</string>
                  <string>true</string>
                </entry>
                <entry>
                  <string>ConfigurationCreated</string>
                  <string>true</string>
                </entry>
                <entry>
                  <string>configversion</string>
                  <int>1</int>
                </entry>
              </config>
            </moduleConfiguration>
            <noAccessExplanation>&lt;p&gt;Dieses Kurselement ist nicht zug&amp;auml;nglich.&lt;/p&gt;</noAccessExplanation>
            <preConditionVisibility>
              <expertMode>false</expertMode>
              <easyModeCoachesAndAdmins>false</easyModeCoachesAndAdmins>
              <easyModeAlwaysAllowCoachesAndAdmins>true</easyModeAlwaysAllowCoachesAndAdmins>
            </preConditionVisibility>
            <additionalConditions/>
            <preConditionAccess>
              <expertMode>false</expertMode>
              <easyModeCoachesAndAdmins>false</easyModeCoachesAndAdmins>
              <easyModeAlwaysAllowCoachesAndAdmins>false</easyModeAlwaysAllowCoachesAndAdmins>
            </preConditionAccess>
          </de.htwk.autolat.BBautOLAT.BBautOLATCourseNode>
          <de.htwk.autolat.BBautOLAT.BBautOLATCourseNode>
            <ident>91381614957608</ident>
            <parent class="de.htwk.autolat.BBautOLAT.structure.BBautOLATStructureNode" reference="../../.."/>
            <type>autOLAT</type>
            <shortTitle>A 1.2</shortTitle>
            <longTitle>A 1.2</longTitle>
            <learningObjectives></learningObjectives>
            <displayOption>title+desc+content</displayOption>
            <moduleConfiguration>
              <config>
                <entry>
                  <string>TaskTypeValid</string>
                  <string>true</string>
                </entry>
                <entry>
                  <string>startpage</string>
                  <string>false</string>
                </entry>
                <entry>
                  <string>ServerConnectionSet</string>
                  <string>true</string>
                </entry>
                <entry>
                  <string>GradingTimeSet</string>
                  <string>true</string>
                </entry>
                <entry>
                  <string>ConfigurationCreated</string>
                  <string>true</string>
                </entry>
                <entry>
                  <string>configversion</string>
                  <int>1</int>
                </entry>
              </config>
            </moduleConfiguration>
            <noAccessExplanation>Dieses Kurselement ist nicht zugänglich.</noAccessExplanation>
            <preConditionVisibility>
              <expertMode>false</expertMode>
              <easyModeCoachesAndAdmins>false</easyModeCoachesAndAdmins>
              <easyModeAlwaysAllowCoachesAndAdmins>false</easyModeAlwaysAllowCoachesAndAdmins>
            </preConditionVisibility>
            <additionalConditions/>
            <preConditionAccess>
              <expertMode>false</expertMode>
              <easyModeCoachesAndAdmins>false</easyModeCoachesAndAdmins>
              <easyModeAlwaysAllowCoachesAndAdmins>false</easyModeAlwaysAllowCoachesAndAdmins>
            </preConditionAccess>
          </de.htwk.autolat.BBautOLAT.BBautOLATCourseNode>
          <de.htwk.autolat.BBautOLAT.BBautOLATCourseNode>
            <ident>91381614958004</ident>
            <parent class="de.htwk.autolat.BBautOLAT.structure.BBautOLATStructureNode" reference="../../.."/>
            <type>autOLAT</type>
            <shortTitle>A 1.3</shortTitle>
            <longTitle>A 1.3</longTitle>
            <learningObjectives></learningObjectives>
            <displayOption>title+desc+content</displayOption>
            <moduleConfiguration>
              <config>
                <entry>
                  <string>TaskTypeValid</string>
                  <string>true</string>
                </entry>
                <entry>
                  <string>startpage</string>
                  <string>false</string>
                </entry>
                <entry>
                  <string>ServerConnectionSet</string>
                  <string>true</string>
                </entry>
                <entry>
                  <string>GradingTimeSet</string>
                  <string>true</string>
                </entry>
                <entry>
                  <string>ConfigurationCreated</string>
                  <string>true</string>
                </entry>
                <entry>
                  <string>configversion</string>
                  <int>1</int>
                </entry>
              </config>
            </moduleConfiguration>
            <noAccessExplanation>Dieses Kurselement ist nicht zugänglich.</noAccessExplanation>
            <preConditionVisibility>
              <expertMode>false</expertMode>
              <easyModeCoachesAndAdmins>false</easyModeCoachesAndAdmins>
              <easyModeAlwaysAllowCoachesAndAdmins>false</easyModeAlwaysAllowCoachesAndAdmins>
            </preConditionVisibility>
            <additionalConditions/>
            <preConditionAccess>
              <expertMode>false</expertMode>
              <easyModeCoachesAndAdmins>false</easyModeCoachesAndAdmins>
              <easyModeAlwaysAllowCoachesAndAdmins>false</easyModeAlwaysAllowCoachesAndAdmins>
            </preConditionAccess>
          </de.htwk.autolat.BBautOLAT.BBautOLATCourseNode>
          <de.htwk.autolat.BBautOLAT.BBautOLATCourseNode>
            <ident>91519133545905</ident>
            <parent class="de.htwk.autolat.BBautOLAT.structure.BBautOLATStructureNode" reference="../../.."/>
            <type>autOLAT</type>
            <shortTitle>A 1.4</shortTitle>
            <longTitle>A 1.4</longTitle>
            <learningObjectives></learningObjectives>
            <displayOption>title+desc+content</displayOption>
            <moduleConfiguration>
              <config>
                <entry>
                  <string>TaskTypeValid</string>
                  <string>true</string>
                </entry>
                <entry>
                  <string>startpage</string>
                  <string>false</string>
                </entry>
                <entry>
                  <string>ServerConnectionSet</string>
                  <string>true</string>
                </entry>
                <entry>
                  <string>GradingTimeSet</string>
                  <string>true</string>
                </entry>
                <entry>
                  <string>ConfigurationCreated</string>
                  <string>true</string>
                </entry>
                <entry>
                  <string>configversion</string>
                  <int>1</int>
                </entry>
              </config>
            </moduleConfiguration>
            <noAccessExplanation>Dieses Kurselement ist nicht zugänglich.</noAccessExplanation>
            <preConditionVisibility>
              <expertMode>false</expertMode>
              <easyModeCoachesAndAdmins>false</easyModeCoachesAndAdmins>
              <easyModeAlwaysAllowCoachesAndAdmins>false</easyModeAlwaysAllowCoachesAndAdmins>
            </preConditionVisibility>
            <additionalConditions/>
            <preConditionAccess>
              <expertMode>false</expertMode>
              <easyModeCoachesAndAdmins>false</easyModeCoachesAndAdmins>
              <easyModeAlwaysAllowCoachesAndAdmins>false</easyModeAlwaysAllowCoachesAndAdmins>
            </preConditionAccess>
          </de.htwk.autolat.BBautOLAT.BBautOLATCourseNode>
          <de.htwk.autolat.BBautOLAT.BBautOLATCourseNode>
            <ident>91519133546281</ident>
            <parent class="de.htwk.autolat.BBautOLAT.structure.BBautOLATStructureNode" reference="../../.."/>
            <type>autOLAT</type>
            <shortTitle>A 1.5</shortTitle>
            <longTitle>A 1.5</longTitle>
            <learningObjectives></learningObjectives>
            <displayOption>title+desc+content</displayOption>
            <moduleConfiguration>
              <config>
                <entry>
                  <string>TaskTypeValid</string>
                  <string>true</string>
                </entry>
                <entry>
                  <string>startpage</string>
                  <string>false</string>
                </entry>
                <entry>
                  <string>ServerConnectionSet</string>
                  <string>true</string>
                </entry>
                <entry>
                  <string>GradingTimeSet</string>
                  <string>true</string>
                </entry>
                <entry>
                  <string>ConfigurationCreated</string>
                  <string>true</string>
                </entry>
                <entry>
                  <string>configversion</string>
                  <int>1</int>
                </entry>
              </config>
            </moduleConfiguration>
            <noAccessExplanation>Dieses Kurselement ist nicht zugänglich.</noAccessExplanation>
            <preConditionVisibility>
              <expertMode>false</expertMode>
              <easyModeCoachesAndAdmins>false</easyModeCoachesAndAdmins>
              <easyModeAlwaysAllowCoachesAndAdmins>false</easyModeAlwaysAllowCoachesAndAdmins>
            </preConditionVisibility>
            <additionalConditions/>
            <preConditionAccess>
              <expertMode>false</expertMode>
              <easyModeCoachesAndAdmins>false</easyModeCoachesAndAdmins>
              <easyModeAlwaysAllowCoachesAndAdmins>false</easyModeAlwaysAllowCoachesAndAdmins>
            </preConditionAccess>
          </de.htwk.autolat.BBautOLAT.BBautOLATCourseNode>
          <de.htwk.autolat.BBautOLAT.BBautOLATCourseNode>
            <ident>91519133682186</ident>
            <parent class="de.htwk.autolat.BBautOLAT.structure.BBautOLATStructureNode" reference="../../.."/>
            <type>autOLAT</type>
            <shortTitle>A 2.1</shortTitle>
            <longTitle>A 2.1</longTitle>
            <learningObjectives></learningObjectives>
            <displayOption>title+desc+content</displayOption>
            <moduleConfiguration>
              <config>
                <entry>
                  <string>TaskTypeValid</string>
                  <string>true</string>
                </entry>
                <entry>
                  <string>startpage</string>
                  <string>false</string>
                </entry>
                <entry>
                  <string>ServerConnectionSet</string>
                  <string>true</string>
                </entry>
                <entry>
                  <string>GradingTimeSet</string>
                  <string>true</string>
                </entry>
                <entry>
                  <string>ConfigurationCreated</string>
                  <string>true</string>
                </entry>
                <entry>
                  <string>configversion</string>
                  <int>1</int>
                </entry>
              </config>
            </moduleConfiguration>
            <noAccessExplanation>Dieses Kurselement ist nicht zugänglich.</noAccessExplanation>
            <preConditionVisibility>
              <expertMode>false</expertMode>
              <easyModeCoachesAndAdmins>false</easyModeCoachesAndAdmins>
              <easyModeAlwaysAllowCoachesAndAdmins>false</easyModeAlwaysAllowCoachesAndAdmins>
            </preConditionVisibility>
            <additionalConditions/>
            <preConditionAccess>
              <expertMode>false</expertMode>
              <easyModeCoachesAndAdmins>false</easyModeCoachesAndAdmins>
              <easyModeAlwaysAllowCoachesAndAdmins>false</easyModeAlwaysAllowCoachesAndAdmins>
            </preConditionAccess>
          </de.htwk.autolat.BBautOLAT.BBautOLATCourseNode>
          <de.htwk.autolat.BBautOLAT.BBautOLATCourseNode>
            <ident>91519133700358</ident>
            <parent class="de.htwk.autolat.BBautOLAT.structure.BBautOLATStructureNode" reference="../../.."/>
            <type>autOLAT</type>
            <shortTitle>A 2.1 fixed</shortTitle>
            <longTitle>A 2.1 fixed</longTitle>
            <learningObjectives>&lt;p&gt;Aufgabe A 2.1 mit erweiterter Grenze f&amp;uuml;r die Berechnungsschritte.&lt;/p&gt;
&lt;p&gt;(Leider ist es nicht m&amp;ouml;glich bestehende Aufgaben anzupassen).&lt;/p&gt;</learningObjectives>
            <displayOption>title+desc+content</displayOption>
            <moduleConfiguration>
              <config>
                <entry>
                  <string>TaskTypeValid</string>
                  <string>true</string>
                </entry>
                <entry>
                  <string>startpage</string>
                  <string>false</string>
                </entry>
                <entry>
                  <string>ServerConnectionSet</string>
                  <string>true</string>
                </entry>
                <entry>
                  <string>GradingTimeSet</string>
                  <string>true</string>
                </entry>
                <entry>
                  <string>ConfigurationCreated</string>
                  <string>true</string>
                </entry>
                <entry>
                  <string>configversion</string>
                  <int>1</int>
                </entry>
              </config>
            </moduleConfiguration>
            <noAccessExplanation>Dieses Kurselement ist nicht zugänglich.</noAccessExplanation>
            <preConditionVisibility>
              <expertMode>false</expertMode>
              <easyModeCoachesAndAdmins>false</easyModeCoachesAndAdmins>
              <easyModeAlwaysAllowCoachesAndAdmins>false</easyModeAlwaysAllowCoachesAndAdmins>
            </preConditionVisibility>
            <additionalConditions/>
            <preConditionAccess>
              <expertMode>false</expertMode>
              <easyModeCoachesAndAdmins>false</easyModeCoachesAndAdmins>
              <easyModeAlwaysAllowCoachesAndAdmins>false</easyModeAlwaysAllowCoachesAndAdmins>
            </preConditionAccess>
          </de.htwk.autolat.BBautOLAT.BBautOLATCourseNode>
          <de.htwk.autolat.BBautOLAT.BBautOLATCourseNode>
            <ident>91519133682622</ident>
            <parent class="de.htwk.autolat.BBautOLAT.structure.BBautOLATStructureNode" reference="../../.."/>
            <type>autOLAT</type>
            <shortTitle>A 2.2</shortTitle>
            <longTitle>A 2.2</longTitle>
            <learningObjectives></learningObjectives>
            <displayOption>title+desc+content</displayOption>
            <moduleConfiguration>
              <config>
                <entry>
                  <string>TaskTypeValid</string>
                  <string>true</string>
                </entry>
                <entry>
                  <string>startpage</string>
                  <string>false</string>
                </entry>
                <entry>
                  <string>ServerConnectionSet</string>
                  <string>true</string>
                </entry>
                <entry>
                  <string>GradingTimeSet</string>
                  <string>true</string>
                </entry>
                <entry>
                  <string>ConfigurationCreated</string>
                  <string>true</string>
                </entry>
                <entry>
                  <string>configversion</string>
                  <int>1</int>
                </entry>
              </config>
            </moduleConfiguration>
            <noAccessExplanation>Dieses Kurselement ist nicht zugänglich.</noAccessExplanation>
            <preConditionVisibility>
              <expertMode>false</expertMode>
              <easyModeCoachesAndAdmins>false</easyModeCoachesAndAdmins>
              <easyModeAlwaysAllowCoachesAndAdmins>false</easyModeAlwaysAllowCoachesAndAdmins>
            </preConditionVisibility>
            <additionalConditions/>
            <preConditionAccess>
              <expertMode>false</expertMode>
              <easyModeCoachesAndAdmins>false</easyModeCoachesAndAdmins>
              <easyModeAlwaysAllowCoachesAndAdmins>false</easyModeAlwaysAllowCoachesAndAdmins>
            </preConditionAccess>
          </de.htwk.autolat.BBautOLAT.BBautOLATCourseNode>
          <de.htwk.autolat.BBautOLAT.BBautOLATCourseNode>
            <ident>91519133701643</ident>
            <parent class="de.htwk.autolat.BBautOLAT.structure.BBautOLATStructureNode" reference="../../.."/>
            <type>autOLAT</type>
            <shortTitle>A* 2.3</shortTitle>
            <longTitle>A* 2.3</longTitle>
            <learningObjectives>&lt;p&gt;Diese Aufgabe ist schwer!&lt;/p&gt;</learningObjectives>
            <displayOption>title+desc+content</displayOption>
            <moduleConfiguration>
              <config>
                <entry>
                  <string>TaskTypeValid</string>
                  <string>true</string>
                </entry>
                <entry>
                  <string>startpage</string>
                  <string>false</string>
                </entry>
                <entry>
                  <string>ServerConnectionSet</string>
                  <string>true</string>
                </entry>
                <entry>
                  <string>GradingTimeSet</string>
                  <string>true</string>
                </entry>
                <entry>
                  <string>ConfigurationCreated</string>
                  <string>true</string>
                </entry>
                <entry>
                  <string>configversion</string>
                  <int>1</int>
                </entry>
              </config>
            </moduleConfiguration>
            <noAccessExplanation>Dieses Kurselement ist nicht zugänglich.</noAccessExplanation>
            <preConditionVisibility>
              <expertMode>false</expertMode>
              <easyModeCoachesAndAdmins>false</easyModeCoachesAndAdmins>
              <easyModeAlwaysAllowCoachesAndAdmins>false</easyModeAlwaysAllowCoachesAndAdmins>
            </preConditionVisibility>
            <additionalConditions/>
            <preConditionAccess>
              <expertMode>false</expertMode>
              <easyModeCoachesAndAdmins>false</easyModeCoachesAndAdmins>
              <easyModeAlwaysAllowCoachesAndAdmins>false</easyModeAlwaysAllowCoachesAndAdmins>
            </preConditionAccess>
          </de.htwk.autolat.BBautOLAT.BBautOLATCourseNode>
          <de.htwk.autolat.BBautOLAT.BBautOLATCourseNode>
            <ident>91519133807761</ident>
            <parent class="de.htwk.autolat.BBautOLAT.structure.BBautOLATStructureNode" reference="../../.."/>
            <type>autOLAT</type>
            <shortTitle>A 4.1</shortTitle>
            <longTitle>A 4.1</longTitle>
            <learningObjectives></learningObjectives>
            <displayOption>title+desc+content</displayOption>
            <moduleConfiguration>
              <config>
                <entry>
                  <string>TaskTypeValid</string>
                  <string>true</string>
                </entry>
                <entry>
                  <string>startpage</string>
                  <string>false</string>
                </entry>
                <entry>
                  <string>ServerConnectionSet</string>
                  <string>true</string>
                </entry>
                <entry>
                  <string>GradingTimeSet</string>
                  <string>true</string>
                </entry>
                <entry>
                  <string>ConfigurationCreated</string>
                  <string>true</string>
                </entry>
                <entry>
                  <string>configversion</string>
                  <int>1</int>
                </entry>
              </config>
            </moduleConfiguration>
            <noAccessExplanation>Dieses Kurselement ist nicht zugänglich.</noAccessExplanation>
            <preConditionVisibility>
              <expertMode>false</expertMode>
              <easyModeCoachesAndAdmins>false</easyModeCoachesAndAdmins>
              <easyModeAlwaysAllowCoachesAndAdmins>false</easyModeAlwaysAllowCoachesAndAdmins>
            </preConditionVisibility>
            <additionalConditions/>
            <preConditionAccess>
              <expertMode>false</expertMode>
              <easyModeCoachesAndAdmins>false</easyModeCoachesAndAdmins>
              <easyModeAlwaysAllowCoachesAndAdmins>false</easyModeAlwaysAllowCoachesAndAdmins>
            </preConditionAccess>
          </de.htwk.autolat.BBautOLAT.BBautOLATCourseNode>
          <de.htwk.autolat.BBautOLAT.BBautOLATCourseNode>
            <ident>91519133808137</ident>
            <parent class="de.htwk.autolat.BBautOLAT.structure.BBautOLATStructureNode" reference="../../.."/>
            <type>autOLAT</type>
            <shortTitle>A 4.2</shortTitle>
            <longTitle>A 4.2</longTitle>
            <learningObjectives></learningObjectives>
            <displayOption>title+desc+content</displayOption>
            <moduleConfiguration>
              <config>
                <entry>
                  <string>TaskTypeValid</string>
                  <string>true</string>
                </entry>
                <entry>
                  <string>startpage</string>
                  <string>false</string>
                </entry>
                <entry>
                  <string>ServerConnectionSet</string>
                  <string>true</string>
                </entry>
                <entry>
                  <string>GradingTimeSet</string>
                  <string>true</string>
                </entry>
                <entry>
                  <string>ConfigurationCreated</string>
                  <string>true</string>
                </entry>
                <entry>
                  <string>configversion</string>
                  <int>1</int>
                </entry>
              </config>
            </moduleConfiguration>
            <noAccessExplanation>Dieses Kurselement ist nicht zugänglich.</noAccessExplanation>
            <preConditionVisibility>
              <expertMode>false</expertMode>
              <easyModeCoachesAndAdmins>false</easyModeCoachesAndAdmins>
              <easyModeAlwaysAllowCoachesAndAdmins>false</easyModeAlwaysAllowCoachesAndAdmins>
            </preConditionVisibility>
            <additionalConditions/>
            <preConditionAccess>
              <expertMode>false</expertMode>
              <easyModeCoachesAndAdmins>false</easyModeCoachesAndAdmins>
              <easyModeAlwaysAllowCoachesAndAdmins>false</easyModeAlwaysAllowCoachesAndAdmins>
            </preConditionAccess>
          </de.htwk.autolat.BBautOLAT.BBautOLATCourseNode>
          <de.htwk.autolat.BBautOLAT.BBautOLATCourseNode>
            <ident>91519133808723</ident>
            <parent class="de.htwk.autolat.BBautOLAT.structure.BBautOLATStructureNode" reference="../../.."/>
            <type>autOLAT</type>
            <shortTitle>A 4.3</shortTitle>
            <longTitle>A 4.3</longTitle>
            <learningObjectives></learningObjectives>
            <displayOption>title+desc+content</displayOption>
            <moduleConfiguration>
              <config>
                <entry>
                  <string>TaskTypeValid</string>
                  <string>true</string>
                </entry>
                <entry>
                  <string>startpage</string>
                  <string>false</string>
                </entry>
                <entry>
                  <string>ServerConnectionSet</string>
                  <string>true</string>
                </entry>
                <entry>
                  <string>GradingTimeSet</string>
                  <string>true</string>
                </entry>
                <entry>
                  <string>ConfigurationCreated</string>
                  <string>true</string>
                </entry>
                <entry>
                  <string>configversion</string>
                  <int>1</int>
                </entry>
              </config>
            </moduleConfiguration>
            <noAccessExplanation>Dieses Kurselement ist nicht zugänglich.</noAccessExplanation>
            <preConditionVisibility>
              <expertMode>false</expertMode>
              <easyModeCoachesAndAdmins>false</easyModeCoachesAndAdmins>
              <easyModeAlwaysAllowCoachesAndAdmins>false</easyModeAlwaysAllowCoachesAndAdmins>
            </preConditionVisibility>
            <additionalConditions/>
            <preConditionAccess>
              <expertMode>false</expertMode>
              <easyModeCoachesAndAdmins>false</easyModeCoachesAndAdmins>
              <easyModeAlwaysAllowCoachesAndAdmins>false</easyModeAlwaysAllowCoachesAndAdmins>
            </preConditionAccess>
          </de.htwk.autolat.BBautOLAT.BBautOLATCourseNode>
          <de.htwk.autolat.BBautOLAT.BBautOLATCourseNode>
            <ident>91519133878806</ident>
            <parent class="de.htwk.autolat.BBautOLAT.structure.BBautOLATStructureNode" reference="../../.."/>
            <type>autOLAT</type>
            <shortTitle>A 5.1</shortTitle>
            <longTitle>A 5.1</longTitle>
            <learningObjectives></learningObjectives>
            <displayOption>title+desc+content</displayOption>
            <moduleConfiguration>
              <config>
                <entry>
                  <string>TaskTypeValid</string>
                  <string>true</string>
                </entry>
                <entry>
                  <string>startpage</string>
                  <string>false</string>
                </entry>
                <entry>
                  <string>ServerConnectionSet</string>
                  <string>true</string>
                </entry>
                <entry>
                  <string>GradingTimeSet</string>
                  <string>true</string>
                </entry>
                <entry>
                  <string>ConfigurationCreated</string>
                  <string>true</string>
                </entry>
                <entry>
                  <string>configversion</string>
                  <int>1</int>
                </entry>
              </config>
            </moduleConfiguration>
            <noAccessExplanation>Dieses Kurselement ist nicht zugänglich.</noAccessExplanation>
            <preConditionVisibility>
              <expertMode>false</expertMode>
              <easyModeCoachesAndAdmins>false</easyModeCoachesAndAdmins>
              <easyModeAlwaysAllowCoachesAndAdmins>false</easyModeAlwaysAllowCoachesAndAdmins>
            </preConditionVisibility>
            <additionalConditions/>
            <preConditionAccess>
              <expertMode>false</expertMode>
              <easyModeCoachesAndAdmins>false</easyModeCoachesAndAdmins>
              <easyModeAlwaysAllowCoachesAndAdmins>false</easyModeAlwaysAllowCoachesAndAdmins>
            </preConditionAccess>
          </de.htwk.autolat.BBautOLAT.BBautOLATCourseNode>
          <de.htwk.autolat.BBautOLAT.BBautOLATCourseNode>
            <ident>91519133879264</ident>
            <parent class="de.htwk.autolat.BBautOLAT.structure.BBautOLATStructureNode" reference="../../.."/>
            <type>autOLAT</type>
            <shortTitle>A 5.2</shortTitle>
            <longTitle>A 5.2</longTitle>
            <learningObjectives></learningObjectives>
            <displayOption>title+desc+content</displayOption>
            <moduleConfiguration>
              <config>
                <entry>
                  <string>TaskTypeValid</string>
                  <string>true</string>
                </entry>
                <entry>
                  <string>startpage</string>
                  <string>false</string>
                </entry>
                <entry>
                  <string>ServerConnectionSet</string>
                  <string>true</string>
                </entry>
                <entry>
                  <string>GradingTimeSet</string>
                  <string>true</string>
                </entry>
                <entry>
                  <string>ConfigurationCreated</string>
                  <string>true</string>
                </entry>
                <entry>
                  <string>configversion</string>
                  <int>1</int>
                </entry>
              </config>
            </moduleConfiguration>
            <noAccessExplanation>Dieses Kurselement ist nicht zugänglich.</noAccessExplanation>
            <preConditionVisibility>
              <expertMode>false</expertMode>
              <easyModeCoachesAndAdmins>false</easyModeCoachesAndAdmins>
              <easyModeAlwaysAllowCoachesAndAdmins>false</easyModeAlwaysAllowCoachesAndAdmins>
            </preConditionVisibility>
            <additionalConditions/>
            <preConditionAccess>
              <expertMode>false</expertMode>
              <easyModeCoachesAndAdmins>false</easyModeCoachesAndAdmins>
              <easyModeAlwaysAllowCoachesAndAdmins>false</easyModeAlwaysAllowCoachesAndAdmins>
            </preConditionAccess>
          </de.htwk.autolat.BBautOLAT.BBautOLATCourseNode>
          <de.htwk.autolat.BBautOLAT.BBautOLATCourseNode>
            <ident>91519133900817</ident>
            <parent class="de.htwk.autolat.BBautOLAT.structure.BBautOLATStructureNode" reference="../../.."/>
            <type>autOLAT</type>
            <shortTitle>A 6.1</shortTitle>
            <longTitle>A 6.1</longTitle>
            <learningObjectives></learningObjectives>
            <displayOption>title+desc+content</displayOption>
            <moduleConfiguration>
              <config>
                <entry>
                  <string>TaskTypeValid</string>
                  <string>true</string>
                </entry>
                <entry>
                  <string>startpage</string>
                  <string>false</string>
                </entry>
                <entry>
                  <string>ServerConnectionSet</string>
                  <string>true</string>
                </entry>
                <entry>
                  <string>GradingTimeSet</string>
                  <string>true</string>
                </entry>
                <entry>
                  <string>ConfigurationCreated</string>
                  <string>true</string>
                </entry>
                <entry>
                  <string>configversion</string>
                  <int>1</int>
                </entry>
              </config>
            </moduleConfiguration>
            <noAccessExplanation>Dieses Kurselement ist nicht zugänglich.</noAccessExplanation>
            <preConditionVisibility>
              <expertMode>false</expertMode>
              <easyModeCoachesAndAdmins>false</easyModeCoachesAndAdmins>
              <easyModeAlwaysAllowCoachesAndAdmins>false</easyModeAlwaysAllowCoachesAndAdmins>
            </preConditionVisibility>
            <additionalConditions/>
            <preConditionAccess>
              <expertMode>false</expertMode>
              <easyModeCoachesAndAdmins>false</easyModeCoachesAndAdmins>
              <easyModeAlwaysAllowCoachesAndAdmins>false</easyModeAlwaysAllowCoachesAndAdmins>
            </preConditionAccess>
          </de.htwk.autolat.BBautOLAT.BBautOLATCourseNode>
          <de.htwk.autolat.BBautOLAT.BBautOLATCourseNode>
            <ident>91519133901194</ident>
            <parent class="de.htwk.autolat.BBautOLAT.structure.BBautOLATStructureNode" reference="../../.."/>
            <type>autOLAT</type>
            <shortTitle>A 6.2</shortTitle>
            <longTitle>A 6.2</longTitle>
            <learningObjectives></learningObjectives>
            <displayOption>title+desc+content</displayOption>
            <moduleConfiguration>
              <config>
                <entry>
                  <string>TaskTypeValid</string>
                  <string>true</string>
                </entry>
                <entry>
                  <string>startpage</string>
                  <string>false</string>
                </entry>
                <entry>
                  <string>ServerConnectionSet</string>
                  <string>true</string>
                </entry>
                <entry>
                  <string>GradingTimeSet</string>
                  <string>true</string>
                </entry>
                <entry>
                  <string>ConfigurationCreated</string>
                  <string>true</string>
                </entry>
                <entry>
                  <string>configversion</string>
                  <int>1</int>
                </entry>
              </config>
            </moduleConfiguration>
            <noAccessExplanation>Dieses Kurselement ist nicht zugänglich.</noAccessExplanation>
            <preConditionVisibility>
              <expertMode>false</expertMode>
              <easyModeCoachesAndAdmins>false</easyModeCoachesAndAdmins>
              <easyModeAlwaysAllowCoachesAndAdmins>false</easyModeAlwaysAllowCoachesAndAdmins>
            </preConditionVisibility>
            <additionalConditions/>
            <preConditionAccess>
              <expertMode>false</expertMode>
              <easyModeCoachesAndAdmins>false</easyModeCoachesAndAdmins>
              <easyModeAlwaysAllowCoachesAndAdmins>false</easyModeAlwaysAllowCoachesAndAdmins>
            </preConditionAccess>
          </de.htwk.autolat.BBautOLAT.BBautOLATCourseNode>
          <de.htwk.autolat.BBautOLAT.BBautOLATCourseNode>
            <ident>91519133926660</ident>
            <parent class="de.htwk.autolat.BBautOLAT.structure.BBautOLATStructureNode" reference="../../.."/>
            <type>autOLAT</type>
            <shortTitle>A 6.3</shortTitle>
            <longTitle>A 6.3</longTitle>
            <learningObjectives></learningObjectives>
            <displayOption>title+desc+content</displayOption>
            <moduleConfiguration>
              <config>
                <entry>
                  <string>TaskTypeValid</string>
                  <string>true</string>
                </entry>
                <entry>
                  <string>startpage</string>
                  <string>false</string>
                </entry>
                <entry>
                  <string>ServerConnectionSet</string>
                  <string>true</string>
                </entry>
                <entry>
                  <string>GradingTimeSet</string>
                  <string>true</string>
                </entry>
                <entry>
                  <string>ConfigurationCreated</string>
                  <string>true</string>
                </entry>
                <entry>
                  <string>configversion</string>
                  <int>1</int>
                </entry>
              </config>
            </moduleConfiguration>
            <noAccessExplanation>Dieses Kurselement ist nicht zugänglich.</noAccessExplanation>
            <preConditionVisibility>
              <expertMode>false</expertMode>
              <easyModeCoachesAndAdmins>false</easyModeCoachesAndAdmins>
              <easyModeAlwaysAllowCoachesAndAdmins>false</easyModeAlwaysAllowCoachesAndAdmins>
            </preConditionVisibility>
            <additionalConditions/>
            <preConditionAccess>
              <expertMode>false</expertMode>
              <easyModeCoachesAndAdmins>false</easyModeCoachesAndAdmins>
              <easyModeAlwaysAllowCoachesAndAdmins>false</easyModeAlwaysAllowCoachesAndAdmins>
            </preConditionAccess>
          </de.htwk.autolat.BBautOLAT.BBautOLATCourseNode>
          <de.htwk.autolat.BBautOLAT.BBautOLATCourseNode>
            <ident>91519133927432</ident>
            <parent class="de.htwk.autolat.BBautOLAT.structure.BBautOLATStructureNode" reference="../../.."/>
            <type>autOLAT</type>
            <shortTitle>A 6.4</shortTitle>
            <longTitle>Kursbaustein vom Typ AutoTool-Aufgabe</longTitle>
            <learningObjectives></learningObjectives>
            <displayOption>title+desc+content</displayOption>
            <moduleConfiguration>
              <config>
                <entry>
                  <string>TaskTypeValid</string>
                  <string>true</string>
                </entry>
                <entry>
                  <string>startpage</string>
                  <string>false</string>
                </entry>
                <entry>
                  <string>ServerConnectionSet</string>
                  <string>true</string>
                </entry>
                <entry>
                  <string>GradingTimeSet</string>
                  <string>true</string>
                </entry>
                <entry>
                  <string>ConfigurationCreated</string>
                  <string>true</string>
                </entry>
                <entry>
                  <string>configversion</string>
                  <int>1</int>
                </entry>
              </config>
            </moduleConfiguration>
            <noAccessExplanation>Dieses Kurselement ist nicht zugänglich.</noAccessExplanation>
            <preConditionVisibility>
              <expertMode>false</expertMode>
              <easyModeCoachesAndAdmins>false</easyModeCoachesAndAdmins>
              <easyModeAlwaysAllowCoachesAndAdmins>false</easyModeAlwaysAllowCoachesAndAdmins>
            </preConditionVisibility>
            <additionalConditions/>
            <preConditionAccess>
              <expertMode>false</expertMode>
              <easyModeCoachesAndAdmins>false</easyModeCoachesAndAdmins>
              <easyModeAlwaysAllowCoachesAndAdmins>false</easyModeAlwaysAllowCoachesAndAdmins>
            </preConditionAccess>
          </de.htwk.autolat.BBautOLAT.BBautOLATCourseNode>
          <de.htwk.autolat.BBautOLAT.BBautOLATCourseNode>
            <ident>91519133927810</ident>
            <parent class="de.htwk.autolat.BBautOLAT.structure.BBautOLATStructureNode" reference="../../.."/>
            <type>autOLAT</type>
            <shortTitle>A 6.5</shortTitle>
            <longTitle>A 6.5</longTitle>
            <learningObjectives></learningObjectives>
            <displayOption>title+desc+content</displayOption>
            <moduleConfiguration>
              <config>
                <entry>
                  <string>TaskTypeValid</string>
                  <string>true</string>
                </entry>
                <entry>
                  <string>startpage</string>
                  <string>false</string>
                </entry>
                <entry>
                  <string>ServerConnectionSet</string>
                  <string>true</string>
                </entry>
                <entry>
                  <string>GradingTimeSet</string>
                  <string>true</string>
                </entry>
                <entry>
                  <string>ConfigurationCreated</string>
                  <string>true</string>
                </entry>
                <entry>
                  <string>configversion</string>
                  <int>1</int>
                </entry>
              </config>
            </moduleConfiguration>
            <noAccessExplanation>Dieses Kurselement ist nicht zugänglich.</noAccessExplanation>
            <preConditionVisibility>
              <expertMode>false</expertMode>
              <easyModeCoachesAndAdmins>false</easyModeCoachesAndAdmins>
              <easyModeAlwaysAllowCoachesAndAdmins>false</easyModeAlwaysAllowCoachesAndAdmins>
            </preConditionVisibility>
            <additionalConditions/>
            <preConditionAccess>
              <expertMode>false</expertMode>
              <easyModeCoachesAndAdmins>false</easyModeCoachesAndAdmins>
              <easyModeAlwaysAllowCoachesAndAdmins>false</easyModeAlwaysAllowCoachesAndAdmins>
            </preConditionAccess>
          </de.htwk.autolat.BBautOLAT.BBautOLATCourseNode>
        </children>
        <type>autolatst</type>
        <shortTitle>AutoTool Aufgaben</shortTitle>
        <longTitle>AutoTool Aufgaben</longTitle>
        <learningObjectives></learningObjectives>
        <displayOption>title+desc+content</displayOption>
        <moduleConfiguration>
          <config>
            <entry>
              <string>columns</string>
              <int>1</int>
            </entry>
            <entry>
              <string>display</string>
              <string>delegate</string>
            </entry>
            <entry>
              <string>allowRelativeLinks</string>
              <string>false</string>
            </entry>
            <entry>
              <string>configversion</string>
              <int>2</int>
            </entry>
          </config>
        </moduleConfiguration>
        <noAccessExplanation>&lt;p&gt;Bitte erst einschreiben!&lt;/p&gt;</noAccessExplanation>
        <preConditionVisibility>
          <expertMode>false</expertMode>
          <easyModeCoachesAndAdmins>false</easyModeCoachesAndAdmins>
          <easyModeAlwaysAllowCoachesAndAdmins>true</easyModeAlwaysAllowCoachesAndAdmins>
        </preConditionVisibility>
        <additionalConditions/>
        <preConditionAccess>
          <condition>( inLearningGroup(&quot;66453507&quot;) ) |  ( isCourseCoach(0) | isCourseAdministrator(0) )</condition>
          <expertMode>false</expertMode>
          <easyModeGroupAccessIds>66453507</easyModeGroupAccessIds>
          <easyModeCoachesAndAdmins>false</easyModeCoachesAndAdmins>
          <easyModeAlwaysAllowCoachesAndAdmins>true</easyModeAlwaysAllowCoachesAndAdmins>
        </preConditionAccess>
        <scoreCalculator>
          <expertMode>false</expertMode>
          <passedCutValue>0</passedCutValue>
        </scoreCalculator>
      </de.htwk.autolat.BBautOLAT.structure.BBautOLATStructureNode>
      <org.olat.course.nodes.ENCourseNode>
        <ident>91381614958502</ident>
        <parent class="org.olat.course.nodes.STCourseNode" reference="../../.."/>
        <type>en</type>
        <shortTitle>Einschreibung</shortTitle>
        <longTitle>Einschreibung</longTitle>
        <learningObjectives>&lt;p&gt;Um die AutoTool Aufgaben l&amp;ouml;sen zu k&amp;ouml;nnen, m&amp;uuml;ssen sie sich zuvor einschreiben!&lt;/p&gt;</learningObjectives>
        <displayOption>title+desc+content</displayOption>
        <moduleConfiguration>
          <config>
            <entry>
              <string>areaname</string>
              <string></string>
            </entry>
            <entry>
              <string>groupkeys</string>
              <list>
                <long>66453507</long>
              </list>
            </entry>
            <entry>
              <string>areakeys</string>
              <empty-list/>
            </entry>
            <entry>
              <string>cancel_enroll_enabled</string>
              <boolean>true</boolean>
            </entry>
            <entry>
              <string>groupname</string>
              <string>s15.inf.berechenbarkeit</string>
            </entry>
            <entry>
              <string>configversion</string>
              <int>2</int>
            </entry>
          </config>
        </moduleConfiguration>
        <noAccessExplanation>Dieses Kurselement ist nicht zugänglich.</noAccessExplanation>
        <preConditionVisibility>
          <expertMode>false</expertMode>
          <easyModeCoachesAndAdmins>false</easyModeCoachesAndAdmins>
          <easyModeAlwaysAllowCoachesAndAdmins>false</easyModeAlwaysAllowCoachesAndAdmins>
        </preConditionVisibility>
        <additionalConditions/>
        <preConditionAccess>
          <expertMode>false</expertMode>
          <easyModeCoachesAndAdmins>false</easyModeCoachesAndAdmins>
          <easyModeAlwaysAllowCoachesAndAdmins>false</easyModeAlwaysAllowCoachesAndAdmins>
        </preConditionAccess>
      </org.olat.course.nodes.ENCourseNode>
      <org.olat.course.nodes.BCCourseNode>
        <ident>91381614961058</ident>
        <parent class="org.olat.course.nodes.STCourseNode" reference="../../.."/>
        <type>bc</type>
        <shortTitle>Hausaufgaben</shortTitle>
        <longTitle>Hausaufgaben</longTitle>
        <learningObjectives></learningObjectives>
        <displayOption>title+desc+content</displayOption>
        <moduleConfiguration>
          <config/>
        </moduleConfiguration>
        <noAccessExplanation>Dieses Kurselement ist nicht zugänglich.</noAccessExplanation>
        <preConditionVisibility>
          <expertMode>false</expertMode>
          <easyModeCoachesAndAdmins>false</easyModeCoachesAndAdmins>
          <easyModeAlwaysAllowCoachesAndAdmins>false</easyModeAlwaysAllowCoachesAndAdmins>
        </preConditionVisibility>
        <additionalConditions/>
        <preConditionAccess>
          <expertMode>false</expertMode>
          <easyModeCoachesAndAdmins>false</easyModeCoachesAndAdmins>
          <easyModeAlwaysAllowCoachesAndAdmins>false</easyModeAlwaysAllowCoachesAndAdmins>
        </preConditionAccess>
        <preConditionUploaders>
          <condition>(  ( isCourseCoach(0) | isCourseAdministrator(0) ) )</condition>
          <expertMode>false</expertMode>
          <easyModeCoachesAndAdmins>true</easyModeCoachesAndAdmins>
          <easyModeAlwaysAllowCoachesAndAdmins>false</easyModeAlwaysAllowCoachesAndAdmins>
        </preConditionUploaders>
        <preConditionDownloaders>
          <expertMode>false</expertMode>
          <easyModeCoachesAndAdmins>false</easyModeCoachesAndAdmins>
          <easyModeAlwaysAllowCoachesAndAdmins>false</easyModeAlwaysAllowCoachesAndAdmins>
        </preConditionDownloaders>
      </org.olat.course.nodes.BCCourseNode>
      <org.olat.course.nodes.BCCourseNode>
        <ident>91519134023306</ident>
        <parent class="org.olat.course.nodes.STCourseNode" reference="../../.."/>
        <type>bc</type>
        <shortTitle>Alte Klausuren</shortTitle>
        <longTitle>Alte Klausuren</longTitle>
        <learningObjectives></learningObjectives>
        <displayOption>title+desc+content</displayOption>
        <moduleConfiguration>
          <config/>
        </moduleConfiguration>
        <noAccessExplanation>Dieses Kurselement ist nicht zugänglich.</noAccessExplanation>
        <preConditionVisibility>
          <expertMode>false</expertMode>
          <easyModeCoachesAndAdmins>false</easyModeCoachesAndAdmins>
          <easyModeAlwaysAllowCoachesAndAdmins>false</easyModeAlwaysAllowCoachesAndAdmins>
        </preConditionVisibility>
        <additionalConditions/>
        <preConditionAccess>
          <expertMode>false</expertMode>
          <easyModeCoachesAndAdmins>false</easyModeCoachesAndAdmins>
          <easyModeAlwaysAllowCoachesAndAdmins>false</easyModeAlwaysAllowCoachesAndAdmins>
        </preConditionAccess>
        <preConditionUploaders>
          <condition>(  ( isCourseCoach(0) | isCourseAdministrator(0) ) )</condition>
          <expertMode>false</expertMode>
          <easyModeCoachesAndAdmins>true</easyModeCoachesAndAdmins>
          <easyModeAlwaysAllowCoachesAndAdmins>false</easyModeAlwaysAllowCoachesAndAdmins>
        </preConditionUploaders>
        <preConditionDownloaders>
          <expertMode>false</expertMode>
          <easyModeCoachesAndAdmins>false</easyModeCoachesAndAdmins>
          <easyModeAlwaysAllowCoachesAndAdmins>false</easyModeAlwaysAllowCoachesAndAdmins>
        </preConditionDownloaders>
      </org.olat.course.nodes.BCCourseNode>
      <org.olat.course.nodes.MSCourseNode>
        <ident>91519134158317</ident>
        <parent class="org.olat.course.nodes.STCourseNode" reference="../../.."/>
        <type>ms</type>
        <shortTitle>Klausurergebnis</shortTitle>
        <longTitle></longTitle>
        <learningObjectives>&lt;h1&gt;Einsichtnahme&lt;/h1&gt;
&lt;p&gt;Aufgrund der geringen Teilnehmerzahl wird es keinen eigens eingerichteten Einsichtstermin geben. Sollten Sie in ihre Klausur Einsicht nehmen wollen, wenden Sie sich bitte an &lt;a href=&quot;mailto:weidner@informatik.uni-leipzig.de&quot;&gt;Thomas Weidner&lt;/a&gt; oder &lt;a href=&quot;mailto:dheusel@informatik.uni-leipzig.de&quot;&gt;Doreen Heusel&lt;/a&gt;.&amp;nbsp;&lt;/p&gt;
&lt;p&gt;Nehmen Sie die M&amp;ouml;glichkeit zur Einsichtnahme wahr um Ihre eigenen Fehler zu verstehen und die Korrektur zu &amp;uuml;berpr&amp;uuml;fen.&lt;/p&gt;
&lt;h1&gt;Notenverteilung&lt;/h1&gt;
&lt;table border=&quot;0&quot; cellspacing=&quot;0&quot;&gt;
&lt;tbody&gt;
&lt;tr&gt;
&lt;td align=&quot;left&quot; height=&quot;16&quot;&gt;&lt;strong&gt;&lt;span style=&quot;font-family: DejaVu Sans;&quot;&gt;Note&amp;nbsp;&amp;nbsp;&amp;nbsp; &lt;br /&gt;&lt;/span&gt;&lt;/strong&gt;&lt;/td&gt;
&lt;td align=&quot;left&quot;&gt;&lt;strong&gt;&lt;span style=&quot;font-family: DejaVu Sans;&quot;&gt;&amp;nbsp;&amp;nbsp; Ab Punkte&amp;nbsp;&amp;nbsp;&amp;nbsp; &lt;br /&gt;&lt;/span&gt;&lt;/strong&gt;&lt;/td&gt;
&lt;td align=&quot;left&quot;&gt;&lt;strong&gt;&lt;span style=&quot;font-family: DejaVu Sans;&quot;&gt;&amp;nbsp;&amp;nbsp; Anzahl&amp;nbsp;&amp;nbsp; &lt;br /&gt;&lt;/span&gt;&lt;/strong&gt;&lt;/td&gt;
&lt;/tr&gt;
&lt;tr&gt;
&lt;td align=&quot;right&quot; height=&quot;16&quot;&gt;&lt;strong&gt;&lt;span style=&quot;font-family: DejaVu Sans;&quot;&gt;1&lt;/span&gt;&lt;/strong&gt;&lt;/td&gt;
&lt;td align=&quot;right&quot;&gt;&lt;span style=&quot;font-family: DejaVu Sans;&quot;&gt;46&lt;/span&gt;&lt;/td&gt;
&lt;td align=&quot;right&quot;&gt;&lt;span style=&quot;font-family: DejaVu Sans;&quot;&gt;1&lt;/span&gt;&lt;/td&gt;
&lt;/tr&gt;
&lt;tr&gt;
&lt;td align=&quot;right&quot; height=&quot;16&quot;&gt;&lt;strong&gt;&lt;span style=&quot;font-family: DejaVu Sans;&quot;&gt;1,3&lt;/span&gt;&lt;/strong&gt;&lt;/td&gt;
&lt;td align=&quot;right&quot;&gt;&lt;span style=&quot;font-family: DejaVu Sans;&quot;&gt;44&lt;/span&gt;&lt;/td&gt;
&lt;td align=&quot;right&quot;&gt;&lt;span style=&quot;font-family: DejaVu Sans;&quot;&gt;1&lt;/span&gt;&lt;/td&gt;
&lt;/tr&gt;
&lt;tr&gt;
&lt;td align=&quot;right&quot; height=&quot;16&quot;&gt;&lt;strong&gt;&lt;span style=&quot;font-family: DejaVu Sans;&quot;&gt;1,7&lt;/span&gt;&lt;/strong&gt;&lt;/td&gt;
&lt;td align=&quot;right&quot;&gt;&lt;span style=&quot;font-family: DejaVu Sans;&quot;&gt;41&lt;/span&gt;&lt;/td&gt;
&lt;td align=&quot;right&quot;&gt;&lt;span style=&quot;font-family: DejaVu Sans;&quot;&gt;2&lt;/span&gt;&lt;/td&gt;
&lt;/tr&gt;
&lt;tr&gt;
&lt;td align=&quot;right&quot; height=&quot;16&quot;&gt;&lt;strong&gt;&lt;span style=&quot;font-family: DejaVu Sans;&quot;&gt;2&lt;/span&gt;&lt;/strong&gt;&lt;/td&gt;
&lt;td align=&quot;right&quot;&gt;&lt;span style=&quot;font-family: DejaVu Sans;&quot;&gt;39&lt;/span&gt;&lt;/td&gt;
&lt;td align=&quot;right&quot;&gt;&lt;span style=&quot;font-family: DejaVu Sans;&quot;&gt;1&lt;/span&gt;&lt;/td&gt;
&lt;/tr&gt;
&lt;tr&gt;
&lt;td align=&quot;right&quot; height=&quot;16&quot;&gt;&lt;strong&gt;&lt;span style=&quot;font-family: DejaVu Sans;&quot;&gt;2,3&lt;/span&gt;&lt;/strong&gt;&lt;/td&gt;
&lt;td align=&quot;right&quot;&gt;&lt;span style=&quot;font-family: DejaVu Sans;&quot;&gt;36&lt;/span&gt;&lt;/td&gt;
&lt;td align=&quot;right&quot;&gt;&lt;span style=&quot;font-family: DejaVu Sans;&quot;&gt;0&lt;/span&gt;&lt;/td&gt;
&lt;/tr&gt;
&lt;tr&gt;
&lt;td align=&quot;right&quot; height=&quot;16&quot;&gt;&lt;strong&gt;&lt;span style=&quot;font-family: DejaVu Sans;&quot;&gt;2,7&lt;/span&gt;&lt;/strong&gt;&lt;/td&gt;
&lt;td align=&quot;right&quot;&gt;&lt;span style=&quot;font-family: DejaVu Sans;&quot;&gt;34&lt;/span&gt;&lt;/td&gt;
&lt;td align=&quot;right&quot;&gt;&lt;span style=&quot;font-family: DejaVu Sans;&quot;&gt;0&lt;/span&gt;&lt;/td&gt;
&lt;/tr&gt;
&lt;tr&gt;
&lt;td align=&quot;right&quot; height=&quot;16&quot;&gt;&lt;strong&gt;&lt;span style=&quot;font-family: DejaVu Sans;&quot;&gt;3&lt;/span&gt;&lt;/strong&gt;&lt;/td&gt;
&lt;td align=&quot;right&quot;&gt;&lt;span style=&quot;font-family: DejaVu Sans;&quot;&gt;29&lt;/span&gt;&lt;/td&gt;
&lt;td align=&quot;right&quot;&gt;&lt;span style=&quot;font-family: DejaVu Sans;&quot;&gt;3&lt;/span&gt;&lt;/td&gt;
&lt;/tr&gt;
&lt;tr&gt;
&lt;td align=&quot;right&quot; height=&quot;16&quot;&gt;&lt;strong&gt;&lt;span style=&quot;font-family: DejaVu Sans;&quot;&gt;3,3&lt;/span&gt;&lt;/strong&gt;&lt;/td&gt;
&lt;td align=&quot;right&quot;&gt;&lt;span style=&quot;font-family: DejaVu Sans;&quot;&gt;24&lt;/span&gt;&lt;/td&gt;
&lt;td align=&quot;right&quot;&gt;&lt;span style=&quot;font-family: DejaVu Sans;&quot;&gt;5&lt;/span&gt;&lt;/td&gt;
&lt;/tr&gt;
&lt;tr&gt;
&lt;td align=&quot;right&quot; height=&quot;16&quot;&gt;&lt;strong&gt;&lt;span style=&quot;font-family: DejaVu Sans;&quot;&gt;3,7&lt;/span&gt;&lt;/strong&gt;&lt;/td&gt;
&lt;td align=&quot;right&quot;&gt;&lt;span style=&quot;font-family: DejaVu Sans;&quot;&gt;20&lt;/span&gt;&lt;/td&gt;
&lt;td align=&quot;right&quot;&gt;&lt;span style=&quot;font-family: DejaVu Sans;&quot;&gt;6&lt;/span&gt;&lt;/td&gt;
&lt;/tr&gt;
&lt;tr&gt;
&lt;td align=&quot;right&quot; height=&quot;16&quot;&gt;&lt;strong&gt;&lt;span style=&quot;font-family: DejaVu Sans;&quot;&gt;4&lt;/span&gt;&lt;/strong&gt;&lt;/td&gt;
&lt;td align=&quot;right&quot;&gt;&lt;span style=&quot;font-family: DejaVu Sans;&quot;&gt;16&lt;/span&gt;&lt;/td&gt;
&lt;td align=&quot;right&quot;&gt;&lt;span style=&quot;font-family: DejaVu Sans;&quot;&gt;8&lt;/span&gt;&lt;/td&gt;
&lt;/tr&gt;
&lt;tr&gt;
&lt;td align=&quot;right&quot; height=&quot;16&quot;&gt;&lt;strong&gt;&lt;span style=&quot;font-family: DejaVu Sans;&quot;&gt;5&lt;/span&gt;&lt;/strong&gt;&lt;/td&gt;
&lt;td align=&quot;right&quot;&gt;&lt;span style=&quot;font-family: DejaVu Sans;&quot;&gt;0&lt;/span&gt;&lt;/td&gt;
&lt;td align=&quot;right&quot;&gt;&lt;span style=&quot;font-family: DejaVu Sans;&quot;&gt;9&lt;/span&gt;&lt;/td&gt;
&lt;/tr&gt;
&lt;/tbody&gt;
&lt;/table&gt;</learningObjectives>
        <displayOption>title+desc+content</displayOption>
        <moduleConfiguration>
          <config>
            <entry>
              <string>hasPassedField</string>
              <boolean>true</boolean>
            </entry>
            <entry>
              <string>hasScoreField</string>
              <boolean>true</boolean>
            </entry>
            <entry>
              <string>scoreMax</string>
              <float>5.0</float>
            </entry>
            <entry>
              <string>scoreMin</string>
              <float>1.0</float>
            </entry>
            <entry>
              <string>hasCommentField</string>
              <boolean>false</boolean>
            </entry>
          </config>
        </moduleConfiguration>
        <noAccessExplanation>Dieses Kurselement ist nicht zugänglich.</noAccessExplanation>
        <preConditionVisibility>
          <expertMode>false</expertMode>
          <easyModeCoachesAndAdmins>false</easyModeCoachesAndAdmins>
          <easyModeAlwaysAllowCoachesAndAdmins>true</easyModeAlwaysAllowCoachesAndAdmins>
        </preConditionVisibility>
        <additionalConditions/>
        <preConditionAccess>
          <condition>( inLearningGroup(&quot;66453507&quot;) ) |  ( isCourseCoach(0) | isCourseAdministrator(0) )</condition>
          <expertMode>false</expertMode>
          <easyModeGroupAccessIds>66453507</easyModeGroupAccessIds>
          <easyModeCoachesAndAdmins>false</easyModeCoachesAndAdmins>
          <easyModeAlwaysAllowCoachesAndAdmins>true</easyModeAlwaysAllowCoachesAndAdmins>
        </preConditionAccess>
      </org.olat.course.nodes.MSCourseNode>
    </children>
    <type>st</type>
    <shortTitle>Berechenbarkeit</shortTitle>
    <longTitle>S15.Inf.Berechenbarkeit</longTitle>
    <learningObjectives>&lt;p&gt;Vorlesung &amp;quot;Berechenbarkeit&amp;quot; bei Prof. Johannes Waldmann.&lt;/p&gt;</learningObjectives>
    <displayOption>title+content</displayOption>
    <moduleConfiguration>
      <config>
        <entry>
          <string>file</string>
          <string>/berechenbarkeit/berechenbarkeit.html</string>
        </entry>
        <entry>
          <string>columns</string>
          <int>2</int>
        </entry>
        <entry>
          <string>display</string>
          <string>file</string>
        </entry>
        <entry>
          <string>allowRelativeLinks</string>
          <string>false</string>
        </entry>
        <entry>
          <string>deliveryOptions</string>
          <org.olat.core.gui.control.generic.iframe.DeliveryOptions>
            <standardMode>false</standardMode>
            <jQueryEnabled>true</jQueryEnabled>
            <glossaryEnabled>true</glossaryEnabled>
            <openolatCss>true</openolatCss>
          </org.olat.core.gui.control.generic.iframe.DeliveryOptions>
        </entry>
        <entry>
          <string>configversion</string>
          <int>4</int>
        </entry>
      </config>
    </moduleConfiguration>
    <preConditionVisibility>
      <expertMode>false</expertMode>
      <easyModeCoachesAndAdmins>false</easyModeCoachesAndAdmins>
      <easyModeAlwaysAllowCoachesAndAdmins>false</easyModeAlwaysAllowCoachesAndAdmins>
    </preConditionVisibility>
    <additionalConditions/>
    <preConditionAccess>
      <expertMode>false</expertMode>
      <easyModeCoachesAndAdmins>false</easyModeCoachesAndAdmins>
      <easyModeAlwaysAllowCoachesAndAdmins>false</easyModeAlwaysAllowCoachesAndAdmins>
    </preConditionAccess>
    <scoreCalculator>
      <expertMode>false</expertMode>
      <passedCutValue>0</passedCutValue>
    </scoreCalculator>
  </rootNode>
  <version>3</version>
</org.olat.course.Structure>