<?xml version="1.0" encoding="UTF-8"?>
<assessmentItem xmlns="http://www.imsglobal.org/xsd/imsqti_v2p1" xmlns:xsi="http://www.w3.org/2001/XMLSchema-instance" xsi:schemaLocation="http://www.imsglobal.org/xsd/imsqti_v2p1 http://www.imsglobal.org/xsd/qti/qtiv2p1/imsqti_v2p1p1.xsd http://www.w3.org/1998/Math/MathML http://www.w3.org/Math/XMLSchema/mathml2/mathml2.xsd" identifier="id4a3591b7-5706-4509-9163-bed5c43139fe" title="Termalgebra1" adaptive="false" timeDependent="false"><responseDeclaration identifier="RESPONSE_1405507077421" cardinality="single" baseType="string" /><outcomeDeclaration identifier="SCORE" cardinality="single" baseType="float"><defaultValue><value>0</value></defaultValue></outcomeDeclaration><outcomeDeclaration identifier="MAXSCORE" cardinality="single" baseType="float"><defaultValue><value>2</value></defaultValue></outcomeDeclaration><outcomeDeclaration identifier="FEEDBACKBASIC" cardinality="single" baseType="identifier" view="testConstructor"><defaultValue><value>empty</value></defaultValue></outcomeDeclaration><templateDeclaration identifier="x" cardinality="single" baseType="integer" /><templateDeclaration identifier="y" cardinality="single" baseType="integer" /><templateDeclaration identifier="z" cardinality="single" baseType="integer" /><templateDeclaration identifier="ausdruck" cardinality="single" baseType="integer" /><templateProcessing><setTemplateValue identifier="x"><randomInteger min="1" max="4" /></setTemplateValue><setTemplateValue identifier="y"><randomInteger min="1" max="6" /></setTemplateValue><setTemplateValue identifier="z"><randomInteger min="1" max="4" /></setTemplateValue><setTemplateValue identifier="ausdruck"><randomInteger min="1" max="10" /></setTemplateValue><setCorrectResponse identifier="RESPONSE_1405507077421"><customOperator definition="VARIABLESTRING" value="$(1)*b^3-$(1)*$(3)*a^3+($(1)^2-$(2)*$(3)+$(1)*$(3))*a^2*b+(-$(3)-$(1)^2+$(1)*$(2))*b^2*a"><variable identifier="x" /><variable identifier="y" /><variable identifier="z" /></customOperator></setCorrectResponse></templateProcessing><itemBody ><p><p> Multiplizieren Sie den Ausdruck aus und vereinfachen Sie so weit wie möglich:</p><p>\((<printedVariable identifier="x" />a +<printedVariable identifier="y" />b)(<printedVariable identifier="x" />ab-<printedVariable identifier="z" />a^2)+(<printedVariable identifier="x" />ba-b^2)(<printedVariable identifier="z" />a-<printedVariable identifier="x" />b)\) = <textEntryInteraction responseIdentifier="RESPONSE_1405507077421" expectedLength="9" class="maxima-formula show-latex show-syntax-error" /></p><p> </p><p> </p></p></itemBody><responseProcessing><responseCondition><responseIf><customOperator definition="MAXIMA" value="is(equal(ev($(1)),ev($(2))));"><variable identifier="RESPONSE_1405507077421" /><correct identifier="RESPONSE_1405507077421" /></customOperator><setOutcomeValue identifier="SCORE"><sum><variable identifier="SCORE" /><baseValue baseType="float">2</baseValue></sum></setOutcomeValue></responseIf></responseCondition><responseCondition><responseIf><not><isNull><variable identifier="RESPONSE_1405507077421" /></isNull></not><setOutcomeValue identifier="FEEDBACKBASIC"><baseValue baseType="identifier">incorrect</baseValue></setOutcomeValue></responseIf></responseCondition><responseCondition><responseIf><and><not><match><variable identifier="FEEDBACKBASIC" /><baseValue baseType="identifier">empty</baseValue></match></not><equal toleranceMode="exact"><variable identifier="SCORE" /><variable identifier="MAXSCORE" /></equal></and><setOutcomeValue identifier="FEEDBACKBASIC"><baseValue baseType="identifier">correct</baseValue></setOutcomeValue></responseIf></responseCondition></responseProcessing></assessmentItem>
