<?xml version="1.0" encoding="UTF-8"?>
<assessmentItem xmlns="http://www.imsglobal.org/xsd/imsqti_v2p1" xmlns:xsi="http://www.w3.org/2001/XMLSchema-instance" xsi:schemaLocation="http://www.imsglobal.org/xsd/imsqti_v2p1 http://www.imsglobal.org/xsd/qti/qtiv2p1/imsqti_v2p1p1.xsd http://www.w3.org/1998/Math/MathML http://www.w3.org/Math/XMLSchema/mathml2/mathml2.xsd" identifier="id23fe66b3-60be-423e-a473-5d20eeabd33e" title="ComplexPlaneText" adaptive="false" timeDependent="false"><responseDeclaration identifier="RESPONSE_1" cardinality="multiple" baseType="directedPair"><correctResponse><value>id22b80a6b-c81e-4458-9ad1-8b07bd9a1370 ideb34a8ff-b563-494e-b2a1-c52e273c0dbe</value><value>id8971e0cd-c9d3-44b0-b8fe-a68779171a85 id8b499aa5-b24c-4516-8e9c-f81d4e83bf7e</value><value>idbec2a963-927e-439a-a236-e9bffbb7cdd7 id11c2d18f-822b-408c-9af6-2945f43f2c70</value><value>idc032cded-89e7-48c5-90f7-6d86e7f80770 id3e57541e-57a4-48f9-a3ae-f4aa99a3cd84</value><value>id73ac381c-dceb-43fb-92e9-b7f2314680e6 idcb19cc56-a298-42c7-9fec-7e64cbc06cac</value><value>id19a5fc3c-1cb8-4e18-8236-9bc29c79181f idc45d31b6-97d3-444f-b530-e9a2c75ae167</value><value>id9cb17433-1253-4cd4-90be-4754607fe748 id7c19c513-53bf-430f-8f1c-06cf4655f160</value><value>id61e6c0b1-67c9-415c-8c17-4de8975b1e6a id6c8f1c80-8e20-4744-8e7a-df82116f8e0d</value><value>id2b3cd629-70bd-440c-adf1-c59830dd376c id7eacffd2-c891-49e3-aa5c-d61b4c45f0a3</value><value>id59cb143f-5681-4de3-bf43-55507abd9088 idf8a1fe59-a078-437b-afd2-2e4b3190914c</value></correctResponse><mapping defaultValue="0" lowerBound="0.0"><mapEntry mapKey="id59cb143f-5681-4de3-bf43-55507abd9088 idf8a1fe59-a078-437b-afd2-2e4b3190914c" mappedValue="1" /><mapEntry mapKey="id8971e0cd-c9d3-44b0-b8fe-a68779171a85 id8b499aa5-b24c-4516-8e9c-f81d4e83bf7e" mappedValue="1" /><mapEntry mapKey="id61e6c0b1-67c9-415c-8c17-4de8975b1e6a id6c8f1c80-8e20-4744-8e7a-df82116f8e0d" mappedValue="1" /><mapEntry mapKey="id9cb17433-1253-4cd4-90be-4754607fe748 id7c19c513-53bf-430f-8f1c-06cf4655f160" mappedValue="1" /><mapEntry mapKey="id73ac381c-dceb-43fb-92e9-b7f2314680e6 idcb19cc56-a298-42c7-9fec-7e64cbc06cac" mappedValue="1" /><mapEntry mapKey="idc032cded-89e7-48c5-90f7-6d86e7f80770 id3e57541e-57a4-48f9-a3ae-f4aa99a3cd84" mappedValue="1" /><mapEntry mapKey="idbec2a963-927e-439a-a236-e9bffbb7cdd7 id11c2d18f-822b-408c-9af6-2945f43f2c70" mappedValue="1" /><mapEntry mapKey="id2b3cd629-70bd-440c-adf1-c59830dd376c id7eacffd2-c891-49e3-aa5c-d61b4c45f0a3" mappedValue="1" /><mapEntry mapKey="id22b80a6b-c81e-4458-9ad1-8b07bd9a1370 ideb34a8ff-b563-494e-b2a1-c52e273c0dbe" mappedValue="1" /><mapEntry mapKey="id19a5fc3c-1cb8-4e18-8236-9bc29c79181f idc45d31b6-97d3-444f-b530-e9a2c75ae167" mappedValue="1" /></mapping></responseDeclaration><outcomeDeclaration identifier="SCORE" cardinality="single" baseType="float"><defaultValue><value>0</value></defaultValue></outcomeDeclaration><outcomeDeclaration identifier="MAXSCORE" cardinality="single" baseType="float"><defaultValue><value>10</value></defaultValue></outcomeDeclaration><outcomeDeclaration identifier="FEEDBACKBASIC" cardinality="single" baseType="identifier" view="testConstructor"><defaultValue><value>empty</value></defaultValue></outcomeDeclaration><itemBody ><p>Find where the points in the complex plane are if</p><matchInteraction responseIdentifier="RESPONSE_1" shuffle="true" maxAssociations="0"><simpleMatchSet><simpleAssociableChoice identifier="id59cb143f-5681-4de3-bf43-55507abd9088" fixed="false" matchMax="1"><p>\( |z-1| \le 2  \)</p></simpleAssociableChoice><simpleAssociableChoice identifier="id8971e0cd-c9d3-44b0-b8fe-a68779171a85" fixed="false" matchMax="1"><p>\( |z + \mathrm{i}| &gt; 1  \)</p></simpleAssociableChoice><simpleAssociableChoice identifier="id61e6c0b1-67c9-415c-8c17-4de8975b1e6a" fixed="false" matchMax="1"><p>\( |z-z_0| &lt; r \)</p></simpleAssociableChoice><simpleAssociableChoice identifier="id9cb17433-1253-4cd4-90be-4754607fe748" fixed="false" matchMax="1"><p>\(  \arg(z-1) = \frac{\pi}{4} \)</p></simpleAssociableChoice><simpleAssociableChoice identifier="id73ac381c-dceb-43fb-92e9-b7f2314680e6" fixed="false" matchMax="1"><p>\( \frac{\pi}{4} &lt; \arg(z+\mathrm{i}) \le \frac{\pi}{4}  \)</p></simpleAssociableChoice><simpleAssociableChoice identifier="idc032cded-89e7-48c5-90f7-6d86e7f80770" fixed="false" matchMax="1"><p>\( |\arg(z-z_0)| &lt; \theta  \)</p></simpleAssociableChoice><simpleAssociableChoice identifier="idbec2a963-927e-439a-a236-e9bffbb7cdd7" fixed="false" matchMax="1"><p>\( {\rm Re}(z_0 \cdot z) = 0\), for \(z_0 \in {\mathbb R}  \)</p></simpleAssociableChoice><simpleAssociableChoice identifier="id2b3cd629-70bd-440c-adf1-c59830dd376c" fixed="false" matchMax="1"><p>\(  \left|\frac{1}{z}\right| &lt; r \)</p></simpleAssociableChoice><simpleAssociableChoice identifier="id22b80a6b-c81e-4458-9ad1-8b07bd9a1370" fixed="false" matchMax="1"><p>\(  {\rm Re}\,(\mathrm{i} z) = \frac{1}{3} \)</p></simpleAssociableChoice><simpleAssociableChoice identifier="id19a5fc3c-1cb8-4e18-8236-9bc29c79181f" fixed="false" matchMax="1"><p>\( \frac{z}{z} = \mathrm{i}  \)</p></simpleAssociableChoice></simpleMatchSet><simpleMatchSet><simpleAssociableChoice identifier="idf8a1fe59-a078-437b-afd2-2e4b3190914c" fixed="false" matchMax="1"><p>The closed disc with center at \((1,0)\) and radius \(r = 2\).</p></simpleAssociableChoice><simpleAssociableChoice identifier="id8b499aa5-b24c-4516-8e9c-f81d4e83bf7e" fixed="false" matchMax="1"><p>Whole complex plane without disc with center \(-\mathrm{i}\) and radius \(r = 1\).</p></simpleAssociableChoice><simpleAssociableChoice identifier="id6c8f1c80-8e20-4744-8e7a-df82116f8e0d" fixed="false" matchMax="1"><p>The disc with center \(z_0\) and radius \(r\) (without the circle \(|z-z_0| = r\) ).</p></simpleAssociableChoice><simpleAssociableChoice identifier="id7c19c513-53bf-430f-8f1c-06cf4655f160" fixed="false" matchMax="1"><p>The straight half-line \(y = x-1, y \ge 0\).</p></simpleAssociableChoice><simpleAssociableChoice identifier="idcb19cc56-a298-42c7-9fec-7e64cbc06cac" fixed="false" matchMax="1"><p>The region between the straight half-lines \(y = x-1, \, y = \sqrt{3x}-1\) and \(y \ge 1\) including the last straight half-line.</p></simpleAssociableChoice><simpleAssociableChoice identifier="id3e57541e-57a4-48f9-a3ae-f4aa99a3cd84" fixed="false" matchMax="1"><p>For \(z_0 = a+\mathrm{i} b\) the points \(z\):\( -\theta &lt; \arg (z-z_0) &lt; 0\) are in the region between straight half-lines \(y-b = (x-a) \tan \theta\) and  \( y-b = (x-a) \tan(-\theta), \, x \ge a\) and \(y \ge b\,  (y \le b\) for the second), \(\theta \in \left[0,\frac{\pi}{2}\right]\), and \(x \ge a\) and \(y \ge b (y \le b \) for the second).</p></simpleAssociableChoice><simpleAssociableChoice identifier="id11c2d18f-822b-408c-9af6-2945f43f2c70" fixed="false" matchMax="1"><p>The points \(z\) are on the imaginary axis for \(z_0 \not= 0\).  For \(z_0 = 0\) the points \(z\) are arbitrary complex numbers (Examine the case<br />\(z_0 \in {\mathbb C}; \, y = kx, k = \frac{{\rm Re}\,z_0}{\mathrm{i} z_0}\) ).<br /><br /></p></simpleAssociableChoice><simpleAssociableChoice identifier="id7eacffd2-c891-49e3-aa5c-d61b4c45f0a3" fixed="false" matchMax="1"><p>From \(\left|\frac{1}{z}\right| &lt; r\) we obtain \(|z| &gt; \frac{1}{r}\), the points \(z\) are outside of the circle \(|z| = \frac{1}{r}\).</p></simpleAssociableChoice><simpleAssociableChoice identifier="ideb34a8ff-b563-494e-b2a1-c52e273c0dbe" fixed="false" matchMax="1"><p>The points \(z\) are on the straight line \(y = -\frac{1}{3}\).</p></simpleAssociableChoice><simpleAssociableChoice identifier="idc45d31b6-97d3-444f-b530-e9a2c75ae167" fixed="false" matchMax="1"><p>Using the Euler representation \(z = \rho e^{\mathrm{i}\varphi}\) we obtain from \(\frac{z}{z} = \mathrm{i}\) that<br />$$<br />\frac{e^{\mathrm{i}\varphi}}{e^{-\mathrm{i}\varphi}} = \mathrm{i}, \, \mbox{ i.e., }\, e^{2\mathrm{i} \varphi} = 1\,.<br />$$<br />Therefore the points \(z = \rho e^{\mathrm{i} \pi/4}\) satisfy the condition<br />$$<br />\frac{z}{z} = \mathrm{i}\,, \, y = x\,.<br />$$</p></simpleAssociableChoice></simpleMatchSet></matchInteraction></itemBody><responseProcessing><responseCondition><responseIf><not><isNull><variable identifier="RESPONSE_1" /></isNull></not><setOutcomeValue identifier="SCORE"><sum><variable identifier="SCORE" /><mapResponse identifier="RESPONSE_1" /></sum></setOutcomeValue><setOutcomeValue identifier="FEEDBACKBASIC"><baseValue baseType="identifier">incorrect</baseValue></setOutcomeValue></responseIf></responseCondition><responseCondition><responseIf><and><not><match><variable identifier="FEEDBACKBASIC" /><baseValue baseType="identifier">empty</baseValue></match></not><equal toleranceMode="exact"><variable identifier="SCORE" /><variable identifier="MAXSCORE" /></equal></and><setOutcomeValue identifier="FEEDBACKBASIC"><baseValue baseType="identifier">correct</baseValue></setOutcomeValue></responseIf></responseCondition></responseProcessing></assessmentItem>
