<?xml version="1.0" encoding="UTF-8"?>
<assessmentItem xmlns="http://www.imsglobal.org/xsd/imsqti_v2p1" xmlns:xsi="http://www.w3.org/2001/XMLSchema-instance" xsi:schemaLocation="http://www.imsglobal.org/xsd/imsqti_v2p1 http://www.imsglobal.org/xsd/qti/qtiv2p1/imsqti_v2p1p1.xsd http://www.w3.org/1998/Math/MathML http://www.w3.org/Math/XMLSchema/mathml2/mathml2.xsd" identifier="id9e89dd24-7c82-4b22-b52e-c8e87798dece" title="Punkt-Gerade_01" adaptive="false" timeDependent="false"><responseDeclaration identifier="RESPONSE_1416048983098" cardinality="single" baseType="string" /><responseDeclaration identifier="RESPONSE_1416175009843" cardinality="single" baseType="string" /><responseDeclaration identifier="RESPONSE_1416175030958" cardinality="single" baseType="string" /><responseDeclaration identifier="RESPONSE_1416175060701" cardinality="single" baseType="string" /><outcomeDeclaration identifier="SCORE" cardinality="single" baseType="float"><defaultValue><value>0</value></defaultValue></outcomeDeclaration><outcomeDeclaration identifier="MAXSCORE" cardinality="single" baseType="float"><defaultValue><value>5</value></defaultValue></outcomeDeclaration><outcomeDeclaration identifier="FEEDBACKBASIC" cardinality="single" baseType="identifier" view="testConstructor"><defaultValue><value>empty</value></defaultValue></outcomeDeclaration><outcomeDeclaration identifier="FEEDBACKMODAL" cardinality="multiple" baseType="identifier" view="testConstructor" /><templateDeclaration identifier="a1" cardinality="single" baseType="integer" /><templateDeclaration identifier="a2" cardinality="single" baseType="integer" /><templateDeclaration identifier="a3" cardinality="single" baseType="integer" /><templateDeclaration identifier="c1" cardinality="single" baseType="integer" /><templateDeclaration identifier="c2" cardinality="single" baseType="integer" /><templateDeclaration identifier="c3" cardinality="single" baseType="integer" /><templateDeclaration identifier="p1" cardinality="single" baseType="integer" /><templateDeclaration identifier="p2" cardinality="single" baseType="integer" /><templateDeclaration identifier="p3" cardinality="single" baseType="integer" /><templateDeclaration identifier="cc" cardinality="single" baseType="string" /><templateDeclaration identifier="prop" cardinality="single" baseType="string" /><templateDeclaration identifier="l1" cardinality="single" baseType="string" /><templateDeclaration identifier="l2" cardinality="single" baseType="string" /><templateDeclaration identifier="l3" cardinality="single" baseType="string" /><templateDeclaration identifier="f1" cardinality="single" baseType="string" /><templateDeclaration identifier="f2" cardinality="single" baseType="string" /><templateDeclaration identifier="f3" cardinality="single" baseType="string" /><templateDeclaration identifier="dp" cardinality="single" baseType="string" /><templateDeclaration identifier="d" cardinality="single" baseType="string" /><templateDeclaration identifier="s" cardinality="single" baseType="string" /><templateDeclaration identifier="tl1" cardinality="single" baseType="string" /><templateDeclaration identifier="tl2" cardinality="single" baseType="string" /><templateDeclaration identifier="tl3" cardinality="single" baseType="string" /><templateDeclaration identifier="tdp" cardinality="single" baseType="string" /><templateDeclaration identifier="tf1" cardinality="single" baseType="string" /><templateDeclaration identifier="tf2" cardinality="single" baseType="string" /><templateDeclaration identifier="tf3" cardinality="single" baseType="string" /><templateProcessing><setTemplateValue identifier="a1"><random><multiple><baseValue baseType="integer">-3</baseValue><baseValue baseType="integer">-2</baseValue><baseValue baseType="integer">-1</baseValue><baseValue baseType="integer">1</baseValue><baseValue baseType="integer">2</baseValue><baseValue baseType="integer">3</baseValue></multiple></random></setTemplateValue><setTemplateValue identifier="a2"><random><multiple><baseValue baseType="integer">-3</baseValue><baseValue baseType="integer">-2</baseValue><baseValue baseType="integer">-1</baseValue><baseValue baseType="integer">1</baseValue><baseValue baseType="integer">2</baseValue><baseValue baseType="integer">3</baseValue></multiple></random></setTemplateValue><setTemplateValue identifier="a3"><random><multiple><baseValue baseType="integer">-3</baseValue><baseValue baseType="integer">-2</baseValue><baseValue baseType="integer">-1</baseValue><baseValue baseType="integer">1</baseValue><baseValue baseType="integer">2</baseValue><baseValue baseType="integer">3</baseValue></multiple></random></setTemplateValue><setTemplateValue identifier="c1"><randomInteger min="-4" max="4" /></setTemplateValue><setTemplateValue identifier="c2"><randomInteger min="-4" max="4" /></setTemplateValue><setTemplateValue identifier="c3"><random><multiple><baseValue baseType="integer">-4</baseValue><baseValue baseType="integer">-3</baseValue><baseValue baseType="integer">-2</baseValue><baseValue baseType="integer">-1</baseValue><baseValue baseType="integer">1</baseValue><baseValue baseType="integer">2</baseValue><baseValue baseType="integer">3</baseValue><baseValue baseType="integer">4</baseValue></multiple></random></setTemplateValue><setTemplateValue identifier="p1"><randomInteger min="-5" max="5" /></setTemplateValue><setTemplateValue identifier="p2"><randomInteger min="-5" max="5" /></setTemplateValue><setTemplateValue identifier="p3"><random><multiple><baseValue baseType="integer">-5</baseValue><baseValue baseType="integer">-4</baseValue><baseValue baseType="integer">-3</baseValue><baseValue baseType="integer">-2</baseValue><baseValue baseType="integer">-1</baseValue><baseValue baseType="integer">1</baseValue><baseValue baseType="integer">2</baseValue><baseValue baseType="integer">3</baseValue><baseValue baseType="integer">4</baseValue><baseValue baseType="integer">5</baseValue></multiple></random></setTemplateValue><setTemplateValue identifier="cc"><customOperator definition="MAXIMA" value="string($(1)*$(2)+$(3)*$(4)+$(5)*$(6))"><variable identifier="c1" /><variable identifier="c1" /><variable identifier="c2" /><variable identifier="c2" /><variable identifier="c3" /><variable identifier="c3" /></customOperator></setTemplateValue><setTemplateValue identifier="prop"><customOperator definition="MAXIMA" value="string((($(1)-$(2))*$(3)+($(4)-$(5))*$(6)+($(7)-$(8))*$(9))/$(10))"><variable identifier="p1" /><variable identifier="a1" /><variable identifier="c1" /><variable identifier="p2" /><variable identifier="a2" /><variable identifier="c2" /><variable identifier="p3" /><variable identifier="a3" /><variable identifier="c3" /><variable identifier="cc" /></customOperator></setTemplateValue><setTemplateValue identifier="l1"><customOperator definition="MAXIMA" value="string(-($(1)-$(2)-$(3)*$(4)))"><variable identifier="p1" /><variable identifier="a1" /><variable identifier="prop" /><variable identifier="c1" /></customOperator></setTemplateValue><setTemplateValue identifier="l2"><customOperator definition="MAXIMA" value="string(-($(1)-$(2)-$(3)*$(4)))"><variable identifier="p2" /><variable identifier="a2" /><variable identifier="prop" /><variable identifier="c2" /></customOperator></setTemplateValue><setTemplateValue identifier="l3"><customOperator definition="MAXIMA" value="string(-($(1)-$(2)-$(3)*$(4)))"><variable identifier="p3" /><variable identifier="a3" /><variable identifier="prop" /><variable identifier="c3" /></customOperator></setTemplateValue><setTemplateValue identifier="f1"><customOperator definition="MAXIMA" value="string($(1)+$(2))"><variable identifier="p1" /><variable identifier="l1" /></customOperator></setTemplateValue><setTemplateValue identifier="f2"><customOperator definition="MAXIMA" value="string($(1)+$(2))"><variable identifier="p2" /><variable identifier="l2" /></customOperator></setTemplateValue><setTemplateValue identifier="f3"><customOperator definition="MAXIMA" value="string($(1)+$(2))"><variable identifier="p3" /><variable identifier="l3" /></customOperator></setTemplateValue><setTemplateValue identifier="dp"><customOperator definition="MAXIMA" value="string(sqrt($(1)*$(2)+$(3)*$(4)+$(5)*$(6)))"><variable identifier="l1" /><variable identifier="l1" /><variable identifier="l2" /><variable identifier="l2" /><variable identifier="l3" /><variable identifier="l3" /></customOperator></setTemplateValue><setTemplateValue identifier="d"><customOperator definition="MAXIMA" value="string([$(1)-$(2),$(3)-$(4),$(5)-$(6)])"><variable identifier="f1" /><variable identifier="a1" /><variable identifier="f2" /><variable identifier="a2" /><variable identifier="f3" /><variable identifier="a3" /></customOperator></setTemplateValue><setTemplateValue identifier="s"><customOperator definition="MAXIMA" value="string($(1)*$(2)+$(3)*$(4)+$(5)*$(6))"><variable identifier="l1" /><variable identifier="c1" /><variable identifier="l2" /><variable identifier="c2" /><variable identifier="l3" /><variable identifier="c3" /></customOperator></setTemplateValue><setTemplateValue identifier="tl1"><customOperator definition="MAXIMA" value="tex1($(1))"><variable identifier="l1" /></customOperator></setTemplateValue><setTemplateValue identifier="tl2"><customOperator definition="MAXIMA" value="tex1($(1))"><variable identifier="l2" /></customOperator></setTemplateValue><setTemplateValue identifier="tl3"><customOperator definition="MAXIMA" value="tex1($(1))"><variable identifier="l3" /></customOperator></setTemplateValue><setTemplateValue identifier="tdp"><customOperator definition="MAXIMA" value="tex1($(1))"><variable identifier="dp" /></customOperator></setTemplateValue><setTemplateValue identifier="tf1"><customOperator definition="MAXIMA" value="tex1($(1))"><variable identifier="f1" /></customOperator></setTemplateValue><setTemplateValue identifier="tf2"><customOperator definition="MAXIMA" value="tex1($(1))"><variable identifier="f2" /></customOperator></setTemplateValue><setTemplateValue identifier="tf3"><customOperator definition="MAXIMA" value="tex1($(1))"><variable identifier="f3" /></customOperator></setTemplateValue><setCorrectResponse identifier="RESPONSE_1416048983098"><customOperator definition="VARIABLESTRING" value="$(1)"><variable identifier="dp" /></customOperator></setCorrectResponse><setCorrectResponse identifier="RESPONSE_1416175009843"><customOperator definition="VARIABLESTRING" value="$(1)"><variable identifier="f1" /></customOperator></setCorrectResponse><setCorrectResponse identifier="RESPONSE_1416175030958"><customOperator definition="VARIABLESTRING" value="$(1)"><variable identifier="f2" /></customOperator></setCorrectResponse><setCorrectResponse identifier="RESPONSE_1416175060701"><customOperator definition="VARIABLESTRING" value="$(1)"><variable identifier="f3" /></customOperator></setCorrectResponse></templateProcessing><itemBody ><p><p>Für die Gerade \(g=\{(<printedVariable identifier="a1" />,<printedVariable identifier="a2" />,<printedVariable identifier="a3" />)+t\cdot (<printedVariable identifier="c1" />,<printedVariable identifier="c2" />,<printedVariable identifier="c3" />)\colon  t\in \mathbb R\}\) und den Punkt \(P=(<printedVariable identifier="p1" />,<printedVariable identifier="p2" />,<printedVariable identifier="p3" />)\) geben Sie den exakten Abstand von \(P\) zu \(g\) und den Lotfußpunkt \(F\) des Lotes von \(P\) auf \(g\) an!</p><p>\(d(P,g)=\) <textEntryInteraction responseIdentifier="RESPONSE_1416048983098" expectedLength="3" class="maxima-formula show-latex show-syntax-error" /> </p><p>\(F=\) (<textEntryInteraction responseIdentifier="RESPONSE_1416175009843" expectedLength="3" class="maxima-formula show-latex show-syntax-error" />,<textEntryInteraction responseIdentifier="RESPONSE_1416175030958" expectedLength="3" class="maxima-formula show-latex show-syntax-error" />,<textEntryInteraction responseIdentifier="RESPONSE_1416175060701" expectedLength="3" class="maxima-formula show-latex show-syntax-error" />) </p></p></itemBody><responseProcessing><responseCondition><responseIf><customOperator definition="MAXIMA" value="is(equal(ev($(1)),ev($(2))));"><variable identifier="RESPONSE_1416048983098" /><correct identifier="RESPONSE_1416048983098" /></customOperator><setOutcomeValue identifier="SCORE"><sum><variable identifier="SCORE" /><baseValue baseType="float">2</baseValue></sum></setOutcomeValue></responseIf></responseCondition><responseCondition><responseIf><not><isNull><variable identifier="RESPONSE_1416048983098" /></isNull></not><setOutcomeValue identifier="FEEDBACKBASIC"><baseValue baseType="identifier">incorrect</baseValue></setOutcomeValue></responseIf></responseCondition><responseCondition><responseIf><customOperator definition="MAXIMA" value="is(equal(ev($(1)),ev($(2))));"><variable identifier="RESPONSE_1416175009843" /><correct identifier="RESPONSE_1416175009843" /></customOperator><setOutcomeValue identifier="SCORE"><sum><variable identifier="SCORE" /><baseValue baseType="float">1</baseValue></sum></setOutcomeValue></responseIf></responseCondition><responseCondition><responseIf><not><isNull><variable identifier="RESPONSE_1416175009843" /></isNull></not><setOutcomeValue identifier="FEEDBACKBASIC"><baseValue baseType="identifier">incorrect</baseValue></setOutcomeValue></responseIf></responseCondition><responseCondition><responseIf><customOperator definition="MAXIMA" value="is(equal(ev($(1)),ev($(2))));"><variable identifier="RESPONSE_1416175030958" /><correct identifier="RESPONSE_1416175030958" /></customOperator><setOutcomeValue identifier="SCORE"><sum><variable identifier="SCORE" /><baseValue baseType="float">1</baseValue></sum></setOutcomeValue></responseIf></responseCondition><responseCondition><responseIf><not><isNull><variable identifier="RESPONSE_1416175030958" /></isNull></not><setOutcomeValue identifier="FEEDBACKBASIC"><baseValue baseType="identifier">incorrect</baseValue></setOutcomeValue></responseIf></responseCondition><responseCondition><responseIf><customOperator definition="MAXIMA" value="is(equal(ev($(1)),ev($(2))));"><variable identifier="RESPONSE_1416175060701" /><correct identifier="RESPONSE_1416175060701" /></customOperator><setOutcomeValue identifier="SCORE"><sum><variable identifier="SCORE" /><baseValue baseType="float">1</baseValue></sum></setOutcomeValue></responseIf></responseCondition><responseCondition><responseIf><not><isNull><variable identifier="RESPONSE_1416175060701" /></isNull></not><setOutcomeValue identifier="FEEDBACKBASIC"><baseValue baseType="identifier">incorrect</baseValue></setOutcomeValue></responseIf></responseCondition><responseCondition><responseIf><and><not><match><variable identifier="FEEDBACKBASIC" /><baseValue baseType="identifier">empty</baseValue></match></not><equal toleranceMode="exact"><variable identifier="SCORE" /><variable identifier="MAXSCORE" /></equal></and><setOutcomeValue identifier="FEEDBACKBASIC"><baseValue baseType="identifier">correct</baseValue></setOutcomeValue></responseIf></responseCondition><responseCondition><responseIf><and><match><baseValue baseType="identifier">correct</baseValue><variable identifier="FEEDBACKBASIC" /></match></and><setOutcomeValue identifier="FEEDBACKMODAL"><multiple><variable identifier="FEEDBACKMODAL" /><baseValue baseType="identifier">Feedback1559545019</baseValue></multiple></setOutcomeValue></responseIf></responseCondition><responseCondition><responseIf><and><match><baseValue baseType="identifier">incorrect</baseValue><variable identifier="FEEDBACKBASIC" /></match></and><setOutcomeValue identifier="FEEDBACKMODAL"><multiple><variable identifier="FEEDBACKMODAL" /><baseValue baseType="identifier">Feedback1235222698</baseValue></multiple></setOutcomeValue></responseIf></responseCondition></responseProcessing><modalFeedback  identifier="Feedback1559545019" outcomeIdentifier="FEEDBACKMODAL" showHide="show" title="Richtig!" /><modalFeedback  identifier="Feedback1235222698" outcomeIdentifier="FEEDBACKMODAL" showHide="show" title="Leider nicht alles richtig!"><p>Die Gerade \(g\) hat die Darstellung \(g=\{\underline a+t\cdot \underline c\colon t\in \mathbb R \}\) mit \(\underline a=(<printedVariable identifier="a1" />,<printedVariable identifier="a2" />,<printedVariable identifier="a3" />)\) und \(\underline c=(<printedVariable identifier="c1" />,<printedVariable identifier="c2" />,<printedVariable identifier="c3" />)\).</p><p>Mit dem Ortsvektor \(\underline p=(<printedVariable identifier="p1" />,<printedVariable identifier="p2" />,<printedVariable identifier="p3" />)\) von \(P\) erhalten wir den Lotvektor von \(P\) auf \(g\) durch</p><p>\(\underline \ell (P,g)=\frac{\langle \underline p-\underline a,\underline c\rangle}{\langle \underline c,\underline c\rangle }\cdot \underline c-\underline p+\underline a=(<printedVariable identifier="tl1" />,<printedVariable identifier="tl2" />,<printedVariable identifier="tl3" />)\).</p><p>Hieraus ergeben sich \(d(P,g)=\Vert \underline \ell (P,g)\Vert =<printedVariable identifier="tdp" />\) und der Ortsvektor \(\underline f\) von \(F\) durch \(\underline f=\underline p+\underline \ell (P,g)=(<printedVariable identifier="tf1" />,<printedVariable identifier="tf2" />,<printedVariable identifier="tf3" />)\).</p></modalFeedback></assessmentItem>
