<?xml version="1.0" encoding="UTF-8"?>
<assessmentItem xmlns="http://www.imsglobal.org/xsd/imsqti_v2p1" xmlns:xsi="http://www.w3.org/2001/XMLSchema-instance" xsi:schemaLocation="http://www.imsglobal.org/xsd/imsqti_v2p1 http://www.imsglobal.org/xsd/qti/qtiv2p1/imsqti_v2p1p1.xsd http://www.w3.org/1998/Math/MathML http://www.w3.org/Math/XMLSchema/mathml2/mathml2.xsd" identifier="idd6af025e-cc54-4096-ad0c-4f170bbc404b" title="integral_pxe^(qx)" adaptive="false" timeDependent="false"><responseDeclaration identifier="RESPONSE_1403688592667" cardinality="single" baseType="float"><correctResponse><value>0</value></correctResponse></responseDeclaration><outcomeDeclaration identifier="SCORE" cardinality="single" baseType="float"><defaultValue><value>0</value></defaultValue></outcomeDeclaration><outcomeDeclaration identifier="MAXSCORE" cardinality="single" baseType="float"><defaultValue><value>3</value></defaultValue></outcomeDeclaration><outcomeDeclaration identifier="FEEDBACKBASIC" cardinality="single" baseType="identifier" view="testConstructor"><defaultValue><value>empty</value></defaultValue></outcomeDeclaration><templateDeclaration identifier="q" cardinality="single" baseType="integer" /><templateDeclaration identifier="a" cardinality="single" baseType="float" /><templateDeclaration identifier="b" cardinality="single" baseType="float" /><templateDeclaration identifier="solution" cardinality="single" baseType="float" /><templateProcessing><setTemplateValue identifier="q"><random><multiple><baseValue baseType="integer">2</baseValue><baseValue baseType="integer">3</baseValue></multiple></random></setTemplateValue><setTemplateValue identifier="a"><random><multiple><baseValue baseType="float">0.2</baseValue><baseValue baseType="float">0.4</baseValue><baseValue baseType="float">0.6</baseValue><baseValue baseType="float">0.8</baseValue><baseValue baseType="float">1</baseValue><baseValue baseType="float">1.2</baseValue><baseValue baseType="float">1.4</baseValue></multiple></random></setTemplateValue><setTemplateValue identifier="b"><random><multiple><baseValue baseType="float">1.6</baseValue><baseValue baseType="float">1.8</baseValue><baseValue baseType="float">2</baseValue><baseValue baseType="float">2.2</baseValue><baseValue baseType="float">2.4</baseValue><baseValue baseType="float">2.6</baseValue><baseValue baseType="float">2.8</baseValue></multiple></random></setTemplateValue><setTemplateValue identifier="solution"><customOperator definition="MAXIMA" value="float(1/$(1))*float($(2)*exp($(3)*$(4))-$(5)*exp($(6)*$(7)))-float(1/$(8)^2)*float(exp($(9)*$(10))-exp($(11)*$(12)))"><variable identifier="q" /><variable identifier="b" /><variable identifier="q" /><variable identifier="b" /><variable identifier="a" /><variable identifier="q" /><variable identifier="a" /><variable identifier="q" /><variable identifier="q" /><variable identifier="b" /><variable identifier="q" /><variable identifier="a" /></customOperator></setTemplateValue><setCorrectResponse identifier="RESPONSE_1403688592667"><variable identifier="solution" /></setCorrectResponse></templateProcessing><itemBody ><p><p>Berechnen Sie das bestimmte Integral:</p><p>\[\int_{<printedVariable identifier="a" />}^{<printedVariable identifier="b" />}xe^{<printedVariable identifier="q" />x} \, \mathrm{d}x = \]<textEntryInteraction responseIdentifier="RESPONSE_1403688592667" expectedLength="6" /></p><p>Geben Sie die Lösung als Dezimalbruch mit mindestens zwei Nachkommastellen an.</p></p></itemBody><responseProcessing><responseCondition><responseIf><equal toleranceMode="relative" tolerance="10.0 10.0" includeLowerBound="true" includeUpperBound="true"><variable identifier="RESPONSE_1403688592667" /><correct identifier="RESPONSE_1403688592667" /></equal><setOutcomeValue identifier="SCORE"><sum><variable identifier="SCORE" /><baseValue baseType="float">3</baseValue></sum></setOutcomeValue></responseIf></responseCondition><responseCondition><responseIf><not><isNull><variable identifier="RESPONSE_1403688592667" /></isNull></not><setOutcomeValue identifier="FEEDBACKBASIC"><baseValue baseType="identifier">incorrect</baseValue></setOutcomeValue></responseIf></responseCondition><responseCondition><responseIf><and><not><match><variable identifier="FEEDBACKBASIC" /><baseValue baseType="identifier">empty</baseValue></match></not><equal toleranceMode="exact"><variable identifier="SCORE" /><variable identifier="MAXSCORE" /></equal></and><setOutcomeValue identifier="FEEDBACKBASIC"><baseValue baseType="identifier">correct</baseValue></setOutcomeValue></responseIf></responseCondition></responseProcessing></assessmentItem>
