<?xml version="1.0" encoding="UTF-8"?>
<assessmentItem xmlns="http://www.imsglobal.org/xsd/imsqti_v2p1" xmlns:xsi="http://www.w3.org/2001/XMLSchema-instance" xsi:schemaLocation="http://www.imsglobal.org/xsd/imsqti_v2p1 http://www.imsglobal.org/xsd/qti/qtiv2p1/imsqti_v2p1p1.xsd http://www.w3.org/1998/Math/MathML http://www.w3.org/Math/XMLSchema/mathml2/mathml2.xsd" identifier="id542ebfc4-d1a4-486f-95b4-5144b6c860bb" title="LängeParametrisierteKurve" adaptive="false" timeDependent="false"><responseDeclaration identifier="RESPONSE_1399039063794" cardinality="single" baseType="string" /><responseDeclaration identifier="RESPONSE_1399453447639" cardinality="single" baseType="string" /><responseDeclaration identifier="RESPONSE_1398764736144" cardinality="single" baseType="float"><correctResponse><value>0</value></correctResponse></responseDeclaration><outcomeDeclaration identifier="SCORE" cardinality="single" baseType="float"><defaultValue><value>0</value></defaultValue></outcomeDeclaration><outcomeDeclaration identifier="MAXSCORE" cardinality="single" baseType="float"><defaultValue><value>6</value></defaultValue></outcomeDeclaration><outcomeDeclaration identifier="FEEDBACKBASIC" cardinality="single" baseType="identifier" view="testConstructor"><defaultValue><value>empty</value></defaultValue></outcomeDeclaration><outcomeDeclaration identifier="FEEDBACKMODAL" cardinality="multiple" baseType="identifier" view="testConstructor" /><templateDeclaration identifier="a" cardinality="single" baseType="integer" /><templateDeclaration identifier="b" cardinality="single" baseType="integer" /><templateDeclaration identifier="c" cardinality="single" baseType="integer" /><templateDeclaration identifier="d" cardinality="single" baseType="integer" /><templateDeclaration identifier="3ab" cardinality="single" baseType="integer" /><templateDeclaration identifier="2ab" cardinality="single" baseType="integer" /><templateDeclaration identifier="b2" cardinality="single" baseType="integer" /><templateDeclaration identifier="t0" cardinality="single" baseType="integer" /><templateDeclaration identifier="t1" cardinality="single" baseType="integer" /><templateDeclaration identifier="L" cardinality="single" baseType="float" /><templateProcessing><setTemplateValue identifier="a"><randomInteger min="1" max="6" /></setTemplateValue><setTemplateValue identifier="b"><randomInteger min="1" max="7" /></setTemplateValue><setTemplateValue identifier="c"><randomInteger min="-5" max="6" /></setTemplateValue><setTemplateValue identifier="d"><randomInteger min="-4" max="5" /></setTemplateValue><setTemplateValue identifier="3ab"><customOperator definition="MAXIMA" value="float(3*$(1)*$(2));"><variable identifier="a" /><variable identifier="b" /></customOperator></setTemplateValue><setTemplateValue identifier="2ab"><customOperator definition="MAXIMA" value="float(2*$(1)*$(2));"><variable identifier="a" /><variable identifier="b" /></customOperator></setTemplateValue><setTemplateValue identifier="b2"><customOperator definition="MAXIMA" value="float(($(1))^2);"><variable identifier="b" /></customOperator></setTemplateValue><setTemplateValue identifier="t0"><randomInteger min="1" max="3" /></setTemplateValue><setTemplateValue identifier="t1"><randomInteger min="4" max="6" /></setTemplateValue><setTemplateValue identifier="L"><customOperator definition="MAXIMA" value="float(integrate($(1)*t+$(2),t,$(3),$(4)))"><variable identifier="a" /><variable identifier="b" /><variable identifier="t0" /><variable identifier="t1" /></customOperator></setTemplateValue><setCorrectResponse identifier="RESPONSE_1399039063794"><customOperator definition="VARIABLESTRING" value="$(1)*t"><variable identifier="a" /></customOperator></setCorrectResponse><setCorrectResponse identifier="RESPONSE_1399453447639"><customOperator definition="VARIABLESTRING" value="sqrt($(1)*t+ $(2))"><variable identifier="2ab" /><variable identifier="b2" /></customOperator></setCorrectResponse><setCorrectResponse identifier="RESPONSE_1398764736144"><variable identifier="L" /></setCorrectResponse></templateProcessing><itemBody ><p><p>Gegeben sei eine Kurve C in Parameterform mit:</p><p>\( x = x(t) = \frac{<printedVariable identifier="a" />}{2} t^2 +<printedVariable identifier="c" />\)   und \( y = y(t) = \frac{1}{<printedVariable identifier="3ab" />} \sqrt{(<printedVariable identifier="2ab" />t+<printedVariable identifier="b2" />)^3} + <printedVariable identifier="d" />\)</p><p>für \(<printedVariable identifier="t0" /> \le t \le <printedVariable identifier="t1" /> \).</p><p>Berechnen Sie die <strong>Bogenlänge B</strong> der Kurve C.</p><p>Berechnen Sie zunächst die Ableitungen x'(t) und y'(t) und geben Sie das Ergebnis in Maxima-Schreibweise ein:</p><p>x'(t) = <textEntryInteraction responseIdentifier="RESPONSE_1399039063794" expectedLength="5" class="maxima-formula show-latex show-syntax-error" /></p><p>y'(t) = <textEntryInteraction responseIdentifier="RESPONSE_1399453447639" expectedLength="10" class="maxima-formula show-latex show-syntax-error" /></p><p>Geben Sie nun das Ergebnis auf zwei Stellen nach dem Komma genau an:</p><p>B = <textEntryInteraction responseIdentifier="RESPONSE_1398764736144" expectedLength="3" /></p><p> </p><p> </p><p> </p><p> </p></p></itemBody><responseProcessing><responseCondition><responseIf><customOperator definition="MAXIMA" value="is(equal(ev($(1)),ev($(2))));"><variable identifier="RESPONSE_1399039063794" /><correct identifier="RESPONSE_1399039063794" /></customOperator><setOutcomeValue identifier="SCORE"><sum><variable identifier="SCORE" /><baseValue baseType="float">1</baseValue></sum></setOutcomeValue></responseIf></responseCondition><responseCondition><responseIf><not><isNull><variable identifier="RESPONSE_1399039063794" /></isNull></not><setOutcomeValue identifier="FEEDBACKBASIC"><baseValue baseType="identifier">incorrect</baseValue></setOutcomeValue></responseIf></responseCondition><responseCondition><responseIf><customOperator definition="MAXIMA" value="is(equal(ev($(1)),ev($(2))));"><variable identifier="RESPONSE_1399453447639" /><correct identifier="RESPONSE_1399453447639" /></customOperator><setOutcomeValue identifier="SCORE"><sum><variable identifier="SCORE" /><baseValue baseType="float">2</baseValue></sum></setOutcomeValue></responseIf></responseCondition><responseCondition><responseIf><not><isNull><variable identifier="RESPONSE_1399453447639" /></isNull></not><setOutcomeValue identifier="FEEDBACKBASIC"><baseValue baseType="identifier">incorrect</baseValue></setOutcomeValue></responseIf></responseCondition><responseCondition><responseIf><equal toleranceMode="absolute" tolerance="0.1 0.1" includeLowerBound="true" includeUpperBound="true"><variable identifier="RESPONSE_1398764736144" /><correct identifier="RESPONSE_1398764736144" /></equal><setOutcomeValue identifier="SCORE"><sum><variable identifier="SCORE" /><baseValue baseType="float">3</baseValue></sum></setOutcomeValue></responseIf></responseCondition><responseCondition><responseIf><not><isNull><variable identifier="RESPONSE_1398764736144" /></isNull></not><setOutcomeValue identifier="FEEDBACKBASIC"><baseValue baseType="identifier">incorrect</baseValue></setOutcomeValue></responseIf></responseCondition><responseCondition><responseIf><and><not><match><variable identifier="FEEDBACKBASIC" /><baseValue baseType="identifier">empty</baseValue></match></not><equal toleranceMode="exact"><variable identifier="SCORE" /><variable identifier="MAXSCORE" /></equal></and><setOutcomeValue identifier="FEEDBACKBASIC"><baseValue baseType="identifier">correct</baseValue></setOutcomeValue></responseIf></responseCondition><responseCondition><responseIf><and><match><baseValue baseType="identifier">correct</baseValue><variable identifier="FEEDBACKBASIC" /></match></and><setOutcomeValue identifier="FEEDBACKMODAL"><multiple><variable identifier="FEEDBACKMODAL" /><baseValue baseType="identifier">Feedback1553337394</baseValue></multiple></setOutcomeValue></responseIf></responseCondition><responseCondition><responseIf><and><match><baseValue baseType="identifier">incorrect</baseValue><variable identifier="FEEDBACKBASIC" /></match></and><setOutcomeValue identifier="FEEDBACKMODAL"><multiple><variable identifier="FEEDBACKMODAL" /><baseValue baseType="identifier">Feedback2130368026</baseValue></multiple></setOutcomeValue></responseIf></responseCondition></responseProcessing><modalFeedback  identifier="Feedback1553337394" outcomeIdentifier="FEEDBACKMODAL" showHide="show"><p><strong> </strong></p></modalFeedback><modalFeedback  identifier="Feedback2130368026" outcomeIdentifier="FEEDBACKMODAL" showHide="show"><p>Hinweis: In der gegebenen Situation kann zur Vereinfachung von \( \sqrt{x'(t)^2 + y'(t)^2} \) eine binomische Formel verwendet werden.</p><p> </p></modalFeedback></assessmentItem>
