<?xml version="1.0" encoding="UTF-8"?>
<assessmentItem xmlns="http://www.imsglobal.org/xsd/imsqti_v2p1" xmlns:xsi="http://www.w3.org/2001/XMLSchema-instance" xsi:schemaLocation="http://www.imsglobal.org/xsd/imsqti_v2p1 imsqti_v2p1.xsd" identifier="id7be482ea-a89f-465d-b73e-0e44e9a4b6a6" title="29. Grundlagen Projektmanagement" adaptive="false" timeDependent="false"><responseDeclaration identifier="RESPONSE_1" cardinality="ordered" baseType="identifier"><correctResponse><value>idd9312e20-6d48-44a5-acbd-016173a88002</value><value>id9dd1fba1-370b-4269-b0be-79921a60d4eb</value><value>iddcf911e5-5f49-42fe-b70e-74b1186181e1</value><value>id5abe0236-03a8-4a4a-a8f1-5ef2f6b7d018</value><value>id5a3c5cb4-a5ee-45ae-bf49-fd545f75c2ce</value></correctResponse></responseDeclaration><outcomeDeclaration identifier="SCORE" cardinality="single" baseType="float"><defaultValue><value>0</value></defaultValue></outcomeDeclaration><outcomeDeclaration identifier="MAXSCORE" cardinality="single" baseType="float"><defaultValue><value>1</value></defaultValue></outcomeDeclaration><outcomeDeclaration identifier="FEEDBACKBASIC" cardinality="single" baseType="identifier"><defaultValue><value>empty</value></defaultValue></outcomeDeclaration><itemBody><p xmlns=""><strong><span class="null">Welchen Ablauf hat der Risikomanagement-Prozess?</span></strong></p><p xmlns=""><span class="null">(Ordnen Sie die Phasen in der richtigen Reihenfolge an)</span></p><p xmlns=""> </p><orderInteraction responseIdentifier="RESPONSE_1" shuffle="true"><simpleChoice identifier="idd9312e20-6d48-44a5-acbd-016173a88002"><p xmlns=""><span class="null">Risikoidentifikation</span></p></simpleChoice><simpleChoice identifier="id9dd1fba1-370b-4269-b0be-79921a60d4eb"><p xmlns=""><span class="null">Risikobewertung</span></p></simpleChoice><simpleChoice identifier="iddcf911e5-5f49-42fe-b70e-74b1186181e1"><p xmlns=""><span class="null">Risikominderung</span></p></simpleChoice><simpleChoice identifier="id5abe0236-03a8-4a4a-a8f1-5ef2f6b7d018"><p xmlns=""><span class="null">Eventualfallplanung</span></p></simpleChoice><simpleChoice identifier="id5a3c5cb4-a5ee-45ae-bf49-fd545f75c2ce"><p xmlns=""><span class="null">Risikoüberwachung</span></p></simpleChoice></orderInteraction></itemBody><responseProcessing><responseCondition><responseIf><isNull><variable identifier="RESPONSE_1" /></isNull><setOutcomeValue identifier="FEEDBACKBASIC"><baseValue baseType="identifier">empty</baseValue></setOutcomeValue></responseIf><responseElseIf><match><variable identifier="RESPONSE_1" /><correct identifier="RESPONSE_1" /></match><setOutcomeValue identifier="SCORE"><sum><variable identifier="SCORE" /><variable identifier="MAXSCORE" /></sum></setOutcomeValue><setOutcomeValue identifier="FEEDBACKBASIC"><baseValue baseType="identifier">correct</baseValue></setOutcomeValue></responseElseIf><responseElse><setOutcomeValue identifier="FEEDBACKBASIC"><baseValue baseType="identifier">incorrect</baseValue></setOutcomeValue></responseElse></responseCondition></responseProcessing></assessmentItem>
