<?xml version="1.0" encoding="UTF-8"?>
<assessmentItem xmlns="http://www.imsglobal.org/xsd/imsqti_v2p1" xmlns:xsi="http://www.w3.org/2001/XMLSchema-instance" xsi:schemaLocation="http://www.imsglobal.org/xsd/imsqti_v2p1 http://www.imsglobal.org/xsd/qti/qtiv2p1/imsqti_v2p1p1.xsd http://www.w3.org/1998/Math/MathML http://www.w3.org/Math/XMLSchema/mathml2/mathml2.xsd" identifier="id90e4252f-4cc6-4795-8d53-970c0e952f05" title="FlächeSchnittkurven" adaptive="false" timeDependent="false"><responseDeclaration identifier="RESPONSE_1410792876269" cardinality="single" baseType="float"><correctResponse><value>0</value></correctResponse></responseDeclaration><responseDeclaration identifier="RESPONSE_1398435814033" cardinality="single" baseType="float"><correctResponse><value>0</value></correctResponse></responseDeclaration><responseDeclaration identifier="RESPONSE_1410793824065" cardinality="single" baseType="float"><correctResponse><value>0</value></correctResponse></responseDeclaration><outcomeDeclaration identifier="SCORE" cardinality="single" baseType="float"><defaultValue><value>0</value></defaultValue></outcomeDeclaration><outcomeDeclaration identifier="MAXSCORE" cardinality="single" baseType="float"><defaultValue><value>7</value></defaultValue></outcomeDeclaration><outcomeDeclaration identifier="FEEDBACKBASIC" cardinality="single" baseType="identifier" view="testConstructor"><defaultValue><value>empty</value></defaultValue></outcomeDeclaration><outcomeDeclaration identifier="FEEDBACKMODAL" cardinality="multiple" baseType="identifier" view="testConstructor" /><templateDeclaration identifier="a" cardinality="single" baseType="integer" /><templateDeclaration identifier="b" cardinality="single" baseType="integer" /><templateDeclaration identifier="c" cardinality="single" baseType="integer" /><templateDeclaration identifier="c1" cardinality="single" baseType="integer" /><templateDeclaration identifier="c2" cardinality="single" baseType="integer" /><templateDeclaration identifier="c3" cardinality="single" baseType="integer" /><templateDeclaration identifier="Int" cardinality="single" baseType="float" /><templateProcessing><setTemplateValue identifier="a"><random><multiple><baseValue baseType="integer">-5</baseValue><baseValue baseType="integer">-4</baseValue><baseValue baseType="integer">-3</baseValue><baseValue baseType="integer">-2</baseValue><baseValue baseType="integer">-1</baseValue><baseValue baseType="integer">0</baseValue></multiple></random></setTemplateValue><setTemplateValue identifier="b"><random><multiple><baseValue baseType="integer">1</baseValue><baseValue baseType="integer">2</baseValue><baseValue baseType="integer">3</baseValue><baseValue baseType="integer">4</baseValue><baseValue baseType="integer">5</baseValue><baseValue baseType="integer">6</baseValue></multiple></random></setTemplateValue><setTemplateValue identifier="c"><random><multiple><baseValue baseType="integer">2</baseValue><baseValue baseType="integer">3</baseValue><baseValue baseType="integer">4</baseValue><baseValue baseType="integer">5</baseValue></multiple></random></setTemplateValue><setTemplateValue identifier="c1"><customOperator definition="MAXIMA" value="float(-$(1)+1);"><variable identifier="c" /></customOperator></setTemplateValue><setTemplateValue identifier="c2"><customOperator definition="MAXIMA" value="float(1-$(1)*$(2)*$(3));"><variable identifier="c" /><variable identifier="b" /><variable identifier="a" /></customOperator></setTemplateValue><setTemplateValue identifier="c3"><customOperator definition="MAXIMA" value="float($(1)*($(2)+$(3))-1);"><variable identifier="c" /><variable identifier="b" /><variable identifier="a" /></customOperator></setTemplateValue><setTemplateValue identifier="Int"><customOperator definition="MAXIMA" value="float(integrate( $(1)*x^2+x+$(2) - x^2+$(3)*x-1, x, $(4), $(5)))"><variable identifier="c1" /><variable identifier="c2" /><variable identifier="c3" /><variable identifier="a" /><variable identifier="b" /></customOperator></setTemplateValue><setCorrectResponse identifier="RESPONSE_1410792876269"><variable identifier="a" /></setCorrectResponse><setCorrectResponse identifier="RESPONSE_1398435814033"><variable identifier="b" /></setCorrectResponse><setCorrectResponse identifier="RESPONSE_1410793824065"><variable identifier="Int" /></setCorrectResponse></templateProcessing><itemBody ><p><p>Berechnen Sie die Fläche A ,die die beiden folgenden Funktionen einschliessen:</p><p style="-qt-paragraph-type: empty; -qt-block-indent: 0; text-indent: 0px; margin: 0px;"> </p><p style="-qt-block-indent: 0; text-indent: 0px; margin: 0px;">\( f_1(x) = <printedVariable identifier="c1" />x^2+x+<printedVariable identifier="c2" />, \quad f_2(x) = x^2-<printedVariable identifier="c3" />*x+1\)</p><p style="-qt-block-indent: 0; text-indent: 0px; margin: 0px;"> </p><p style="-qt-block-indent: 0; text-indent: 0px; margin: 0px;">Fertigen Sie zunächst eine Skizze der beiden Funktionen an, aus der man ersehen kann, dass es sich um eine sinnvolle Aufgabe handelt.</p><p style="-qt-block-indent: 0; text-indent: 0px; margin: 0px;"> </p><p style="-qt-block-indent: 0; text-indent: 0px; margin: 0px;">Berechnen Sie dann die Schnittstellen \(s_1\), \(s_2\) von \(f_1\) und \(f_2\) und geben diese in aufsteigender Reihenfolge ein:</p><p style="-qt-block-indent: 0; text-indent: 0px; margin: 0px;"> </p><p style="-qt-block-indent: 0; text-indent: 0px; margin: 0px;">\(s_1\) = <textEntryInteraction responseIdentifier="RESPONSE_1410792876269" expectedLength="2" />     \(s_2\) = <textEntryInteraction responseIdentifier="RESPONSE_1398435814033" expectedLength="1" /></p><p style="-qt-block-indent: 0; text-indent: 0px; margin: 0px;"> </p><p style="-qt-block-indent: 0; text-indent: 0px; margin: 0px;">Berechnen Sie jetzt A auf zwei Stellen nach dem Komma genau:</p><p style="-qt-block-indent: 0; text-indent: 0px; margin: 0px;"> </p><p style="-qt-block-indent: 0; text-indent: 0px; margin: 0px;">A = <textEntryInteraction responseIdentifier="RESPONSE_1410793824065" expectedLength="2" /></p></p></itemBody><responseProcessing><responseCondition><responseIf><equal toleranceMode="exact"><variable identifier="RESPONSE_1410792876269" /><correct identifier="RESPONSE_1410792876269" /></equal><setOutcomeValue identifier="SCORE"><sum><variable identifier="SCORE" /><baseValue baseType="float">2</baseValue></sum></setOutcomeValue></responseIf></responseCondition><responseCondition><responseIf><not><isNull><variable identifier="RESPONSE_1410792876269" /></isNull></not><setOutcomeValue identifier="FEEDBACKBASIC"><baseValue baseType="identifier">incorrect</baseValue></setOutcomeValue></responseIf></responseCondition><responseCondition><responseIf><equal toleranceMode="exact"><variable identifier="RESPONSE_1398435814033" /><correct identifier="RESPONSE_1398435814033" /></equal><setOutcomeValue identifier="SCORE"><sum><variable identifier="SCORE" /><baseValue baseType="float">2</baseValue></sum></setOutcomeValue></responseIf></responseCondition><responseCondition><responseIf><not><isNull><variable identifier="RESPONSE_1398435814033" /></isNull></not><setOutcomeValue identifier="FEEDBACKBASIC"><baseValue baseType="identifier">incorrect</baseValue></setOutcomeValue></responseIf></responseCondition><responseCondition><responseIf><equal toleranceMode="absolute" tolerance="0.1 0.1" includeLowerBound="true" includeUpperBound="true"><variable identifier="RESPONSE_1410793824065" /><correct identifier="RESPONSE_1410793824065" /></equal><setOutcomeValue identifier="SCORE"><sum><variable identifier="SCORE" /><baseValue baseType="float">3</baseValue></sum></setOutcomeValue></responseIf></responseCondition><responseCondition><responseIf><not><isNull><variable identifier="RESPONSE_1410793824065" /></isNull></not><setOutcomeValue identifier="FEEDBACKBASIC"><baseValue baseType="identifier">incorrect</baseValue></setOutcomeValue></responseIf></responseCondition><responseCondition><responseIf><and><not><match><variable identifier="FEEDBACKBASIC" /><baseValue baseType="identifier">empty</baseValue></match></not><equal toleranceMode="exact"><variable identifier="SCORE" /><variable identifier="MAXSCORE" /></equal></and><setOutcomeValue identifier="FEEDBACKBASIC"><baseValue baseType="identifier">correct</baseValue></setOutcomeValue></responseIf></responseCondition><responseCondition><responseIf><and><match><baseValue baseType="identifier">incorrect</baseValue><variable identifier="FEEDBACKBASIC" /></match></and><setOutcomeValue identifier="FEEDBACKMODAL"><multiple><variable identifier="FEEDBACKMODAL" /><baseValue baseType="identifier">Feedback1361936782</baseValue></multiple></setOutcomeValue></responseIf></responseCondition></responseProcessing><modalFeedback  identifier="Feedback1361936782" outcomeIdentifier="FEEDBACKMODAL" showHide="show"><p> Die Schnittpunkte sind die Lösungen der Gleichung \(f_1(s) = f_2(s)\).</p><p style="-qt-block-indent: 0; text-indent: 0px; margin: 0px;">f1 ist offenbar eine nach unten geöffnete Parabel und f2 eine nach oben geöffnete Parabel. Die eingeschlossene Fläche A kann jetzt durch</p><p style="-qt-block-indent: 0; text-indent: 0px; margin: 0px;">\( A = \int_{s_1}^{s_2} f_1(x)- f_2(x) \ dx \) berechnet werden.</p></modalFeedback></assessmentItem>
