<?xml version="1.0" encoding="UTF-8"?>
<assessmentItem xmlns="http://www.imsglobal.org/xsd/imsqti_v2p1" xmlns:xsi="http://www.w3.org/2001/XMLSchema-instance" xsi:schemaLocation="http://www.imsglobal.org/xsd/imsqti_v2p1 http://www.imsglobal.org/xsd/qti/qtiv2p1/imsqti_v2p1p1.xsd http://www.w3.org/1998/Math/MathML http://www.w3.org/Math/XMLSchema/mathml2/mathml2.xsd" identifier="id616e4d0d-d541-4145-b595-ecc89edddb40" title="AbleitenGrundlegendeFunktionen" adaptive="false" timeDependent="false"><responseDeclaration identifier="RESPONSE_1409228093852" cardinality="single" baseType="string" /><responseDeclaration identifier="RESPONSE_1409228130361" cardinality="single" baseType="string" /><responseDeclaration identifier="RESPONSE_1409228534437" cardinality="single" baseType="string" /><responseDeclaration identifier="RESPONSE_1409228576267" cardinality="single" baseType="string" /><responseDeclaration identifier="RESPONSE_1409228633919" cardinality="single" baseType="string" /><responseDeclaration identifier="RESPONSE_1409228944595" cardinality="single" baseType="string" /><outcomeDeclaration identifier="SCORE" cardinality="single" baseType="float"><defaultValue><value>0</value></defaultValue></outcomeDeclaration><outcomeDeclaration identifier="MAXSCORE" cardinality="single" baseType="float"><defaultValue><value>6</value></defaultValue></outcomeDeclaration><outcomeDeclaration identifier="FEEDBACKBASIC" cardinality="single" baseType="identifier" view="testConstructor"><defaultValue><value>empty</value></defaultValue></outcomeDeclaration><templateDeclaration identifier="var1" cardinality="single" baseType="integer" /><templateDeclaration identifier="var2" cardinality="single" baseType="integer" /><templateDeclaration identifier="solution" cardinality="single" baseType="integer" /><templateDeclaration identifier="a" cardinality="single" baseType="integer" /><templateDeclaration identifier="b" cardinality="single" baseType="integer" /><templateDeclaration identifier="c" cardinality="single" baseType="integer" /><templateDeclaration identifier="d" cardinality="single" baseType="integer" /><templateDeclaration identifier="e" cardinality="single" baseType="integer" /><templateDeclaration identifier="f" cardinality="single" baseType="integer" /><templateProcessing><setTemplateValue identifier="var1"><randomInteger min="1" max="10" /></setTemplateValue><setTemplateValue identifier="var2"><randomInteger min="1" max="10" /></setTemplateValue><setTemplateValue identifier="solution"><customOperator definition="MAXIMA" value="float($(1)+$(2));"><variable identifier="var1" /><variable identifier="var2" /></customOperator></setTemplateValue><setTemplateValue identifier="a"><randomInteger min="-7" max="7" /></setTemplateValue><setTemplateValue identifier="b"><randomInteger min="-7" max="7" /></setTemplateValue><setTemplateValue identifier="c"><randomInteger min="-7" max="7" /></setTemplateValue><setTemplateValue identifier="d"><randomInteger min="-7" max="7" /></setTemplateValue><setTemplateValue identifier="e"><randomInteger min="-7" max="-1" /></setTemplateValue><setTemplateValue identifier="f"><randomInteger min="3" max="9" /></setTemplateValue><setCorrectResponse identifier="RESPONSE_1409228093852"><customOperator definition="VARIABLESTRING" value="0" /></setCorrectResponse><setCorrectResponse identifier="RESPONSE_1409228130361"><customOperator definition="VARIABLESTRING" value="$(3)*$(1)*x^($(3)-1)- 2*$(2)*x"><variable identifier="a" /><variable identifier="b" /><variable identifier="f" /></customOperator></setCorrectResponse><setCorrectResponse identifier="RESPONSE_1409228534437"><customOperator definition="VARIABLESTRING" value="$(1)*%e^x"><variable identifier="d" /></customOperator></setCorrectResponse><setCorrectResponse identifier="RESPONSE_1409228576267"><customOperator definition="VARIABLESTRING" value="$(1)*x^($(1)-1)"><variable identifier="e" /></customOperator></setCorrectResponse><setCorrectResponse identifier="RESPONSE_1409228633919"><customOperator definition="VARIABLESTRING" value="$(1)*cos(x)"><variable identifier="f" /></customOperator></setCorrectResponse><setCorrectResponse identifier="RESPONSE_1409228944595"><customOperator definition="VARIABLESTRING" value="$(1)/(2*sqrt(x))"><variable identifier="b" /></customOperator></setCorrectResponse></templateProcessing><itemBody ><p><p>Leiten Sie folgende Funktionen nach der Variablen x ab und geben Sie das Ergebnis in Maxima Schreibweise an: <em>Benutze %e für die eulersche Zahl e:</em></p><p>a.) \( f(x) = <printedVariable identifier="a" />\) :                                    </p><p>\( f'(x) = \) <textEntryInteraction responseIdentifier="RESPONSE_1409228093852" class="maxima-formula show-latex show-syntax-error" /></p><p>b.) \( g(x) =  <printedVariable identifier="a" />x^<printedVariable identifier="f" /> - <printedVariable identifier="b" />x^2+ <printedVariable identifier="c" />\):  </p><p>\( g'(x) = \) <textEntryInteraction responseIdentifier="RESPONSE_1409228130361" expectedLength="5" class="maxima-formula show-latex show-syntax-error" /></p><p>c.) \( h(x) =  <printedVariable identifier="d" />e^x \):                         </p><p>\( h'(x) = \) <textEntryInteraction responseIdentifier="RESPONSE_1409228534437" expectedLength="4" class="maxima-formula show-latex show-syntax-error" /></p><p>d.) \( u(x) =  x^{<printedVariable identifier="e" />}\):                        </p><p>\( u'(x) = \) <textEntryInteraction responseIdentifier="RESPONSE_1409228576267" expectedLength="4" class="maxima-formula show-latex show-syntax-error" /></p><p>e.) \(  k(x) = <printedVariable identifier="f" /> \cdot sin(x)\) :           </p><p>\( k'(x) = \) <textEntryInteraction responseIdentifier="RESPONSE_1409228633919" class="maxima-formula show-latex show-syntax-error" /></p><p>f.) \( r(x) = <printedVariable identifier="b" />\sqrt{x} \):                    </p><p>\( r'(x) = \) <textEntryInteraction responseIdentifier="RESPONSE_1409228944595" expectedLength="6" class="maxima-formula show-latex show-syntax-error" /></p><p> </p><p> </p></p></itemBody><responseProcessing><responseCondition><responseIf><customOperator definition="MAXIMA" value="is(equal(ev($(1)),ev($(2))));"><variable identifier="RESPONSE_1409228093852" /><correct identifier="RESPONSE_1409228093852" /></customOperator><setOutcomeValue identifier="SCORE"><sum><variable identifier="SCORE" /><baseValue baseType="float">1</baseValue></sum></setOutcomeValue></responseIf></responseCondition><responseCondition><responseIf><not><isNull><variable identifier="RESPONSE_1409228093852" /></isNull></not><setOutcomeValue identifier="FEEDBACKBASIC"><baseValue baseType="identifier">incorrect</baseValue></setOutcomeValue></responseIf></responseCondition><responseCondition><responseIf><customOperator definition="MAXIMA" value="is(equal(ev($(1)),ev($(2))));"><variable identifier="RESPONSE_1409228130361" /><correct identifier="RESPONSE_1409228130361" /></customOperator><setOutcomeValue identifier="SCORE"><sum><variable identifier="SCORE" /><baseValue baseType="float">1</baseValue></sum></setOutcomeValue></responseIf></responseCondition><responseCondition><responseIf><not><isNull><variable identifier="RESPONSE_1409228130361" /></isNull></not><setOutcomeValue identifier="FEEDBACKBASIC"><baseValue baseType="identifier">incorrect</baseValue></setOutcomeValue></responseIf></responseCondition><responseCondition><responseIf><customOperator definition="MAXIMA" value="is(equal(ev($(1)),ev($(2))));"><variable identifier="RESPONSE_1409228534437" /><correct identifier="RESPONSE_1409228534437" /></customOperator><setOutcomeValue identifier="SCORE"><sum><variable identifier="SCORE" /><baseValue baseType="float">1</baseValue></sum></setOutcomeValue></responseIf></responseCondition><responseCondition><responseIf><not><isNull><variable identifier="RESPONSE_1409228534437" /></isNull></not><setOutcomeValue identifier="FEEDBACKBASIC"><baseValue baseType="identifier">incorrect</baseValue></setOutcomeValue></responseIf></responseCondition><responseCondition><responseIf><customOperator definition="MAXIMA" value="is(equal(ev($(1)),ev($(2))));"><variable identifier="RESPONSE_1409228576267" /><correct identifier="RESPONSE_1409228576267" /></customOperator><setOutcomeValue identifier="SCORE"><sum><variable identifier="SCORE" /><baseValue baseType="float">1</baseValue></sum></setOutcomeValue></responseIf></responseCondition><responseCondition><responseIf><not><isNull><variable identifier="RESPONSE_1409228576267" /></isNull></not><setOutcomeValue identifier="FEEDBACKBASIC"><baseValue baseType="identifier">incorrect</baseValue></setOutcomeValue></responseIf></responseCondition><responseCondition><responseIf><customOperator definition="MAXIMA" value="is(equal(ev($(1)),ev($(2))));"><variable identifier="RESPONSE_1409228633919" /><correct identifier="RESPONSE_1409228633919" /></customOperator><setOutcomeValue identifier="SCORE"><sum><variable identifier="SCORE" /><baseValue baseType="float">1</baseValue></sum></setOutcomeValue></responseIf></responseCondition><responseCondition><responseIf><not><isNull><variable identifier="RESPONSE_1409228633919" /></isNull></not><setOutcomeValue identifier="FEEDBACKBASIC"><baseValue baseType="identifier">incorrect</baseValue></setOutcomeValue></responseIf></responseCondition><responseCondition><responseIf><customOperator definition="MAXIMA" value="is(equal(ev($(1)),ev($(2))));"><variable identifier="RESPONSE_1409228944595" /><correct identifier="RESPONSE_1409228944595" /></customOperator><setOutcomeValue identifier="SCORE"><sum><variable identifier="SCORE" /><baseValue baseType="float">1</baseValue></sum></setOutcomeValue></responseIf></responseCondition><responseCondition><responseIf><not><isNull><variable identifier="RESPONSE_1409228944595" /></isNull></not><setOutcomeValue identifier="FEEDBACKBASIC"><baseValue baseType="identifier">incorrect</baseValue></setOutcomeValue></responseIf></responseCondition><responseCondition><responseIf><and><not><match><variable identifier="FEEDBACKBASIC" /><baseValue baseType="identifier">empty</baseValue></match></not><equal toleranceMode="exact"><variable identifier="SCORE" /><variable identifier="MAXSCORE" /></equal></and><setOutcomeValue identifier="FEEDBACKBASIC"><baseValue baseType="identifier">correct</baseValue></setOutcomeValue></responseIf></responseCondition></responseProcessing></assessmentItem>
