<?xml version="1.0" encoding="UTF-8"?>
<assessmentItem xmlns="http://www.imsglobal.org/xsd/imsqti_v2p1" xmlns:xsi="http://www.w3.org/2001/XMLSchema-instance" xsi:schemaLocation="http://www.imsglobal.org/xsd/imsqti_v2p1 http://www.imsglobal.org/xsd/qti/qtiv2p1/imsqti_v2p1p1.xsd http://www.w3.org/1998/Math/MathML http://www.w3.org/Math/XMLSchema/mathml2/mathml2.xsd" identifier="idcab6b43f-b4d7-497f-8536-787bd475ef72" title="Determinanten" adaptive="false" timeDependent="false"><responseDeclaration identifier="RESPONSE_1412623491984" cardinality="single" baseType="float"><correctResponse><value>0</value></correctResponse></responseDeclaration><responseDeclaration identifier="RESPONSE_1412623524559" cardinality="single" baseType="float"><correctResponse><value>0</value></correctResponse></responseDeclaration><responseDeclaration identifier="RESPONSE_1412623560737" cardinality="single" baseType="float"><correctResponse><value>0</value></correctResponse></responseDeclaration><responseDeclaration identifier="RESPONSE_1412623660142" cardinality="single" baseType="float"><correctResponse><value>0</value></correctResponse></responseDeclaration><outcomeDeclaration identifier="SCORE" cardinality="single" baseType="float"><defaultValue><value>0</value></defaultValue></outcomeDeclaration><outcomeDeclaration identifier="MAXSCORE" cardinality="single" baseType="float"><defaultValue><value>4</value></defaultValue></outcomeDeclaration><outcomeDeclaration identifier="FEEDBACKBASIC" cardinality="single" baseType="identifier" view="testConstructor"><defaultValue><value>empty</value></defaultValue></outcomeDeclaration><templateDeclaration identifier="a11" cardinality="single" baseType="integer" /><templateDeclaration identifier="a12" cardinality="single" baseType="integer" /><templateDeclaration identifier="a13" cardinality="single" baseType="integer" /><templateDeclaration identifier="a21" cardinality="single" baseType="integer" /><templateDeclaration identifier="a22" cardinality="single" baseType="integer" /><templateDeclaration identifier="a23" cardinality="single" baseType="integer" /><templateDeclaration identifier="a31" cardinality="single" baseType="integer" /><templateDeclaration identifier="a32" cardinality="single" baseType="integer" /><templateDeclaration identifier="a33" cardinality="single" baseType="integer" /><templateDeclaration identifier="b11" cardinality="single" baseType="integer" /><templateDeclaration identifier="b12" cardinality="single" baseType="integer" /><templateDeclaration identifier="b21" cardinality="single" baseType="integer" /><templateDeclaration identifier="b22" cardinality="single" baseType="integer" /><templateDeclaration identifier="c11" cardinality="single" baseType="integer" /><templateDeclaration identifier="c22" cardinality="single" baseType="integer" /><templateDeclaration identifier="cdet" cardinality="single" baseType="integer" /><templateDeclaration identifier="c12" cardinality="single" baseType="integer" /><templateDeclaration identifier="adet" cardinality="single" baseType="integer" /><templateDeclaration identifier="bdet" cardinality="single" baseType="integer" /><templateDeclaration identifier="inv" cardinality="single" baseType="integer" /><templateProcessing><setTemplateValue identifier="a11"><randomInteger min="-2" max="2" /></setTemplateValue><setTemplateValue identifier="a12"><randomInteger min="-2" max="2" /></setTemplateValue><setTemplateValue identifier="a13"><randomInteger min="-2" max="2" /></setTemplateValue><setTemplateValue identifier="a21"><randomInteger min="-2" max="2" /></setTemplateValue><setTemplateValue identifier="a22"><randomInteger min="-2" max="2" /></setTemplateValue><setTemplateValue identifier="a23"><randomInteger min="-2" max="2" /></setTemplateValue><setTemplateValue identifier="a31"><randomInteger min="-2" max="2" /></setTemplateValue><setTemplateValue identifier="a32"><randomInteger min="-2" max="2" /></setTemplateValue><setTemplateValue identifier="a33"><randomInteger min="-2" max="2" /></setTemplateValue><setTemplateValue identifier="b11"><randomInteger min="-5" max="5" /></setTemplateValue><setTemplateValue identifier="b12"><randomInteger min="-5" max="5" /></setTemplateValue><setTemplateValue identifier="b21"><randomInteger min="-5" max="5" /></setTemplateValue><setTemplateValue identifier="b22"><randomInteger min="-5" max="5" /></setTemplateValue><setTemplateValue identifier="c11"><randomInteger min="-1" max="7" /></setTemplateValue><setTemplateValue identifier="c22"><randomInteger min="-4" max="4" /></setTemplateValue><setTemplateValue identifier="cdet"><random><multiple><baseValue baseType="integer">-1</baseValue><baseValue baseType="integer">0</baseValue><baseValue baseType="integer">0</baseValue><baseValue baseType="integer">0</baseValue><baseValue baseType="integer">1</baseValue></multiple></random></setTemplateValue><setTemplateValue identifier="c12"><customOperator definition="MAXIMA" value="float($(1)*$(2)-$(3));"><variable identifier="c11" /><variable identifier="c22" /><variable identifier="cdet" /></customOperator></setTemplateValue><setTemplateValue identifier="adet"><customOperator definition="MAXIMA" value="float(determinant(matrix([$(1), $(2), $(3)], [$(4), $(5), $(6)], [$(7), $(8), $(9)])));"><variable identifier="a11" /><variable identifier="a12" /><variable identifier="a13" /><variable identifier="a21" /><variable identifier="a22" /><variable identifier="a23" /><variable identifier="a31" /><variable identifier="a32" /><variable identifier="a33" /></customOperator></setTemplateValue><setTemplateValue identifier="bdet"><customOperator definition="MAXIMA" value="float(determinant(matrix([$(1), $(2)], [$(3), $(4)])));"><variable identifier="b11" /><variable identifier="b12" /><variable identifier="b21" /><variable identifier="b22" /></customOperator></setTemplateValue><setTemplateValue identifier="inv"><customOperator definition="MAXIMA" value="float(abs(signum($(1)))+abs(signum($(2)))+abs(signum($(3))));"><variable identifier="adet" /><variable identifier="bdet" /><variable identifier="cdet" /></customOperator></setTemplateValue><setCorrectResponse identifier="RESPONSE_1412623491984"><variable identifier="adet" /></setCorrectResponse><setCorrectResponse identifier="RESPONSE_1412623524559"><variable identifier="bdet" /></setCorrectResponse><setCorrectResponse identifier="RESPONSE_1412623560737"><variable identifier="cdet" /></setCorrectResponse><setCorrectResponse identifier="RESPONSE_1412623660142"><variable identifier="inv" /></setCorrectResponse></templateProcessing><itemBody ><p>Berechnen Sie zu folgenden Matrizen die Determinante:</p><p>$$A=\begin{pmatrix} <printedVariable identifier="a11" /> &amp; <printedVariable identifier="a12" /> &amp; <printedVariable identifier="a13" /> \\ <printedVariable identifier="a21" /> &amp; <printedVariable identifier="a22" /> &amp; <printedVariable identifier="a23" /> \\ <printedVariable identifier="a31" /> &amp; <printedVariable identifier="a32" /> &amp; <printedVariable identifier="a33" /> \end{pmatrix}      \quad B=\begin{pmatrix} <printedVariable identifier="b11" /> &amp; <printedVariable identifier="b12" /> \\ <printedVariable identifier="b21" /> &amp; <printedVariable identifier="b22" /> \end{pmatrix}      \quad C=\begin{pmatrix}  <printedVariable identifier="c11" /> &amp; <printedVariable identifier="c12" /> \\  1 &amp; <printedVariable identifier="c22" /> \end{pmatrix}$$</p><p>$$\det A=$$<textEntryInteraction responseIdentifier="RESPONSE_1412623491984" expectedLength="3" /></p><p>$$\det B=$$<textEntryInteraction responseIdentifier="RESPONSE_1412623524559" expectedLength="3" /></p><p>$$\det C=$$<textEntryInteraction responseIdentifier="RESPONSE_1412623560737" expectedLength="3" /></p><p> </p><p>Wieviele der Matrizen $$A, B, C$$ sind invertierbar? (0, 1, 2 oder 3)</p><p><textEntryInteraction responseIdentifier="RESPONSE_1412623660142" expectedLength="3" /></p></itemBody><responseProcessing><responseCondition><responseIf><equal toleranceMode="exact"><variable identifier="RESPONSE_1412623491984" /><correct identifier="RESPONSE_1412623491984" /></equal><setOutcomeValue identifier="SCORE"><sum><variable identifier="SCORE" /><baseValue baseType="float">1</baseValue></sum></setOutcomeValue></responseIf></responseCondition><responseCondition><responseIf><not><isNull><variable identifier="RESPONSE_1412623491984" /></isNull></not><setOutcomeValue identifier="FEEDBACKBASIC"><baseValue baseType="identifier">incorrect</baseValue></setOutcomeValue></responseIf></responseCondition><responseCondition><responseIf><equal toleranceMode="exact"><variable identifier="RESPONSE_1412623524559" /><correct identifier="RESPONSE_1412623524559" /></equal><setOutcomeValue identifier="SCORE"><sum><variable identifier="SCORE" /><baseValue baseType="float">1</baseValue></sum></setOutcomeValue></responseIf></responseCondition><responseCondition><responseIf><not><isNull><variable identifier="RESPONSE_1412623524559" /></isNull></not><setOutcomeValue identifier="FEEDBACKBASIC"><baseValue baseType="identifier">incorrect</baseValue></setOutcomeValue></responseIf></responseCondition><responseCondition><responseIf><equal toleranceMode="exact"><variable identifier="RESPONSE_1412623560737" /><correct identifier="RESPONSE_1412623560737" /></equal><setOutcomeValue identifier="SCORE"><sum><variable identifier="SCORE" /><baseValue baseType="float">1</baseValue></sum></setOutcomeValue></responseIf></responseCondition><responseCondition><responseIf><not><isNull><variable identifier="RESPONSE_1412623560737" /></isNull></not><setOutcomeValue identifier="FEEDBACKBASIC"><baseValue baseType="identifier">incorrect</baseValue></setOutcomeValue></responseIf></responseCondition><responseCondition><responseIf><equal toleranceMode="exact"><variable identifier="RESPONSE_1412623660142" /><correct identifier="RESPONSE_1412623660142" /></equal><setOutcomeValue identifier="SCORE"><sum><variable identifier="SCORE" /><baseValue baseType="float">1</baseValue></sum></setOutcomeValue></responseIf></responseCondition><responseCondition><responseIf><not><isNull><variable identifier="RESPONSE_1412623660142" /></isNull></not><setOutcomeValue identifier="FEEDBACKBASIC"><baseValue baseType="identifier">incorrect</baseValue></setOutcomeValue></responseIf></responseCondition><responseCondition><responseIf><and><not><match><variable identifier="FEEDBACKBASIC" /><baseValue baseType="identifier">empty</baseValue></match></not><equal toleranceMode="exact"><variable identifier="SCORE" /><variable identifier="MAXSCORE" /></equal></and><setOutcomeValue identifier="FEEDBACKBASIC"><baseValue baseType="identifier">correct</baseValue></setOutcomeValue></responseIf></responseCondition></responseProcessing></assessmentItem>
