<?xml version="1.0" encoding="UTF-8"?>
<assessmentItem xmlns="http://www.imsglobal.org/xsd/imsqti_v2p1" xmlns:xsi="http://www.w3.org/2001/XMLSchema-instance" xsi:schemaLocation="http://www.imsglobal.org/xsd/imsqti_v2p1 http://www.imsglobal.org/xsd/qti/qtiv2p1/imsqti_v2p1p1.xsd http://www.w3.org/1998/Math/MathML http://www.w3.org/Math/XMLSchema/mathml2/mathml2.xsd" identifier="idf5f680bb-fc5d-47fe-a59a-d41922ed225d" title="anfangswertproblem_lineares_störglied_01" adaptive="false" timeDependent="false"><responseDeclaration identifier="RESPONSE_1402386921242" cardinality="single" baseType="string" /><outcomeDeclaration identifier="SCORE" cardinality="single" baseType="float"><defaultValue><value>0</value></defaultValue></outcomeDeclaration><outcomeDeclaration identifier="MAXSCORE" cardinality="single" baseType="float"><defaultValue><value>1</value></defaultValue></outcomeDeclaration><outcomeDeclaration identifier="FEEDBACKBASIC" cardinality="single" baseType="identifier" view="testConstructor"><defaultValue><value>empty</value></defaultValue></outcomeDeclaration><outcomeDeclaration identifier="FEEDBACKMODAL" cardinality="multiple" baseType="identifier" view="testConstructor" /><templateDeclaration identifier="a" cardinality="single" baseType="integer" /><templateDeclaration identifier="b" cardinality="single" baseType="integer" /><templateDeclaration identifier="a_quad" cardinality="single" baseType="integer" /><templateProcessing><setTemplateValue identifier="a"><randomInteger min="2" max="6" /></setTemplateValue><setTemplateValue identifier="b"><randomInteger min="2" max="10" /></setTemplateValue><setTemplateValue identifier="a_quad"><customOperator definition="MAXIMA" value="float($(1)^2);"><variable identifier="a" /></customOperator></setTemplateValue><setCorrectResponse identifier="RESPONSE_1402386921242"><customOperator definition="VARIABLESTRING" value="$(2)/$(3)*%e^($(1)*x)-$(2)/$(1)*x-$(2)/$(3)"><variable identifier="a" /><variable identifier="b" /><variable identifier="a_quad" /></customOperator></setCorrectResponse></templateProcessing><itemBody ><p><span style="font-size: 10pt;">Wir betrachten die Differentialgleichung \(y'(x)-<printedVariable identifier="a" /> y(x)=<printedVariable identifier="b" />x\) bzw. in verkürzter Form \(y'-<printedVariable identifier="a" /> y=<printedVariable identifier="b" /> x\).</span></p><p><span style="font-size: 10pt;">Geben Sie diejenige Lösung der Differentialgleichung an, für die \(y(0)=0\) gilt!</span></p><p><span style="font-size: 10pt;"><strong>Lösung:</strong> \(y(x) =\) <textEntryInteraction responseIdentifier="RESPONSE_1402386921242" expectedLength="30" class="maxima-formula show-latex" /></span></p><p><span style="font-size: 10pt;"><strong>Hinweis:</strong> Zum Finden einer partikulären Lösung \(y_p\) hilft der Störgliedansatz \(y_p(x)=mx+n\).</span></p><p><span style="font-size: 10pt;"><strong>Hinweise zur Formeleingabe: </strong>\(x\cdot y\) = <strong>x*y</strong>, \(\frac{x}{y}\) = <strong>x/y</strong>, \(x^y\) = <strong>x^y</strong>, \(\mathrm e^{xy}\) = <strong>%e^(x*y)</strong> </span></p><p><span style="font-size: 10pt;">Durch Klicken auf die <strong>?</strong>-Schaltfläche können Sie ihre Formel vor Speichern der Antwort zunächst überprüfen!</span></p></itemBody><responseProcessing><responseCondition><responseIf><customOperator definition="MAXIMA" value="is(equal(ev($(1)),ev($(2))));"><variable identifier="RESPONSE_1402386921242" /><correct identifier="RESPONSE_1402386921242" /></customOperator><setOutcomeValue identifier="SCORE"><sum><variable identifier="SCORE" /><baseValue baseType="float">1</baseValue></sum></setOutcomeValue></responseIf></responseCondition><responseCondition><responseIf><not><isNull><variable identifier="RESPONSE_1402386921242" /></isNull></not><setOutcomeValue identifier="FEEDBACKBASIC"><baseValue baseType="identifier">incorrect</baseValue></setOutcomeValue></responseIf></responseCondition><responseCondition><responseIf><and><not><match><variable identifier="FEEDBACKBASIC" /><baseValue baseType="identifier">empty</baseValue></match></not><equal toleranceMode="exact"><variable identifier="SCORE" /><variable identifier="MAXSCORE" /></equal></and><setOutcomeValue identifier="FEEDBACKBASIC"><baseValue baseType="identifier">correct</baseValue></setOutcomeValue></responseIf></responseCondition><responseCondition><responseIf><and><match><baseValue baseType="identifier">incorrect</baseValue><variable identifier="FEEDBACKBASIC" /></match></and><setOutcomeValue identifier="FEEDBACKMODAL"><multiple><variable identifier="FEEDBACKMODAL" /><baseValue baseType="identifier">Feedback930790836</baseValue></multiple></setOutcomeValue></responseIf></responseCondition></responseProcessing><modalFeedback  identifier="Feedback930790836" outcomeIdentifier="FEEDBACKMODAL" showHide="show" title="Musterbeispiel"><p>Es sei die Differentialgleichung \(y'(x)-2y(x)=4x\) gegeben.</p><p>Lösung der homogenen Differentialgleichung \(y'(x)-2y(x)=0\) sind offenbar alle Funktionen der Form \(y_h(x)=c\cdot\mathrm e^{2x}\).</p><p>Für eine partikuläre Lösung machen wir den Ansatz \(y_p(x)=mx+n\).</p><p>Einsetzen in die Dgl. liefert \(m-2(mx+n)=4x\), woraus \(m=-2\) und \(n=-1\) folgt.</p><p>Wir haben also \(y(x)=c\cdot\mathrm e^{2x}-2x-1\). Da \(y(0)=0\) sein soll, ist also \(c=1\) zu setzen.</p><p><strong>Endergebnis:</strong> \(y(x)=\mathrm e^{2x}-2x-1=\) <strong>%e^(2*x)-2*x-1</strong></p></modalFeedback></assessmentItem>
