<?xml version="1.0" encoding="UTF-8"?>
<assessmentItem xmlns="http://www.imsglobal.org/xsd/imsqti_v2p1" xmlns:xsi="http://www.w3.org/2001/XMLSchema-instance" xsi:schemaLocation="http://www.imsglobal.org/xsd/imsqti_v2p1 imsqti_v2p1.xsd" identifier="idc5581c70-bac0-4937-b982-74470e59fa22" title="30. Grundlagen Projektmanagement" adaptive="false" timeDependent="false"><responseDeclaration identifier="RESPONSE_1" cardinality="single" baseType="identifier"><correctResponse><value>id3234fcea-73f5-4615-9acf-d66483513cc2</value></correctResponse></responseDeclaration><outcomeDeclaration identifier="SCORE" cardinality="single" baseType="float"><defaultValue><value>0</value></defaultValue></outcomeDeclaration><outcomeDeclaration identifier="MAXSCORE" cardinality="single" baseType="float"><defaultValue><value>1</value></defaultValue></outcomeDeclaration><outcomeDeclaration identifier="FEEDBACKBASIC" cardinality="single" baseType="identifier"><defaultValue><value>empty</value></defaultValue></outcomeDeclaration><itemBody><p xmlns=""><strong><span class="null">Was ist Simultaneous Engineering?</span></strong></p><p xmlns=""><span class="null">(Klicken Sie die richtige Antwort an)</span></p><p xmlns=""> </p><p xmlns=""><strong><span class="null">Antwort:</span></strong></p><choiceInteraction responseIdentifier="RESPONSE_1" shuffle="false" maxChoices="1"><simpleChoice identifier="id830bf27c-5eb6-4250-ba0b-fb960d558f0e"><p xmlns=""><span class="null">Wiederkehrende Abfolge von Phasen nach einem bestimmten Projektergebnis <span class="null">(Iterative Ausführung)</span><br /></span></p></simpleChoice><simpleChoice identifier="iddd9b385c-85bf-41c3-bcee-71b08784c15b"><p xmlns=""><span class="null">Parallele Bearbeitung von Arbeitspaketen (parallelisierte Ausführung)</span></p></simpleChoice><simpleChoice identifier="id3234fcea-73f5-4615-9acf-d66483513cc2"><p xmlns=""><span class="null">In Phasen gegliederte Ablaufstruktur (sequentielle Ausführung)</span></p></simpleChoice></choiceInteraction></itemBody><responseProcessing><responseCondition><responseIf><isNull><variable identifier="RESPONSE_1" /></isNull><setOutcomeValue identifier="FEEDBACKBASIC"><baseValue baseType="identifier">empty</baseValue></setOutcomeValue></responseIf><responseElseIf><match><variable identifier="RESPONSE_1" /><correct identifier="RESPONSE_1" /></match><setOutcomeValue identifier="SCORE"><sum><variable identifier="SCORE" /><variable identifier="MAXSCORE" /></sum></setOutcomeValue><setOutcomeValue identifier="FEEDBACKBASIC"><baseValue baseType="identifier">correct</baseValue></setOutcomeValue></responseElseIf><responseElse><setOutcomeValue identifier="FEEDBACKBASIC"><baseValue baseType="identifier">incorrect</baseValue></setOutcomeValue></responseElse></responseCondition></responseProcessing></assessmentItem>
