<?xml version="1.0" encoding="UTF-8"?>
<assessmentItem xmlns="http://www.imsglobal.org/xsd/imsqti_v2p1" xmlns:xsi="http://www.w3.org/2001/XMLSchema-instance" xsi:schemaLocation="http://www.imsglobal.org/xsd/imsqti_v2p1 http://www.imsglobal.org/xsd/qti/qtiv2p1/imsqti_v2p1p1.xsd http://www.w3.org/1998/Math/MathML http://www.w3.org/Math/XMLSchema/mathml2/mathml2.xsd" identifier="ida83d4e3c-dfcf-443a-951b-ff13a0c3d471" title="komplexität_verfahren_01" adaptive="false" timeDependent="false"><responseDeclaration identifier="RESPONSE_1" cardinality="multiple" baseType="directedPair"><correctResponse><value>idf962d7bb-bcf6-4588-8cfb-ee50c2efcf52 id95c3c286-48a3-4005-9c6c-f1e5280981d9</value><value>id5740c577-c353-42a0-8fbd-5d573b910476 id794db860-e94d-4e0a-baaf-f76d682de7fc</value><value>id5740c577-c353-42a0-8fbd-5d573b910476 id794db860-e94d-4e0a-baaf-f76d682de7fc</value><value>id0e61c1ec-9895-451a-a381-740b644b7183 id95c3c286-48a3-4005-9c6c-f1e5280981d9</value><value>id0e61c1ec-9895-451a-a381-740b644b7183 id95c3c286-48a3-4005-9c6c-f1e5280981d9</value><value>idc955a026-6055-4139-a645-34ff56c0adff id9577fef6-cba4-4862-b55a-3645364aed7c</value><value>idc955a026-6055-4139-a645-34ff56c0adff id9577fef6-cba4-4862-b55a-3645364aed7c</value></correctResponse><mapping defaultValue="0" lowerBound="0.0"><mapEntry mapKey="idf962d7bb-bcf6-4588-8cfb-ee50c2efcf52 id95c3c286-48a3-4005-9c6c-f1e5280981d9" mappedValue="1" /><mapEntry mapKey="id5740c577-c353-42a0-8fbd-5d573b910476 id794db860-e94d-4e0a-baaf-f76d682de7fc" mappedValue="1" /><mapEntry mapKey="id0e61c1ec-9895-451a-a381-740b644b7183 id95c3c286-48a3-4005-9c6c-f1e5280981d9" mappedValue="1" /><mapEntry mapKey="idc955a026-6055-4139-a645-34ff56c0adff id9577fef6-cba4-4862-b55a-3645364aed7c" mappedValue="1" /><mapEntry mapKey="id5740c577-c353-42a0-8fbd-5d573b910476 id794db860-e94d-4e0a-baaf-f76d682de7fc" mappedValue="1" /><mapEntry mapKey="idc955a026-6055-4139-a645-34ff56c0adff id9577fef6-cba4-4862-b55a-3645364aed7c" mappedValue="1" /><mapEntry mapKey="id0e61c1ec-9895-451a-a381-740b644b7183 id95c3c286-48a3-4005-9c6c-f1e5280981d9" mappedValue="1" /></mapping></responseDeclaration><outcomeDeclaration identifier="SCORE" cardinality="single" baseType="float"><defaultValue><value>0</value></defaultValue></outcomeDeclaration><outcomeDeclaration identifier="MAXSCORE" cardinality="single" baseType="float"><defaultValue><value>4</value></defaultValue></outcomeDeclaration><outcomeDeclaration identifier="FEEDBACKBASIC" cardinality="single" baseType="identifier" view="testConstructor"><defaultValue><value>empty</value></defaultValue></outcomeDeclaration><itemBody ><p>Sei \(A\in\mathbb R^{n\times n}\) und \(b\in\mathbb R^n\).</p><p>Geben Sie jeweils die arithmetische Komplexität der aufgeführten Verfahren zur Lösung des Gleichungssystems \(Ax=b\) an!</p><matchInteraction responseIdentifier="RESPONSE_1" shuffle="false" maxAssociations="0"><simpleMatchSet><simpleAssociableChoice identifier="id0e61c1ec-9895-451a-a381-740b644b7183" fixed="false" matchMax="1"><p>Vorwärts- bzw. Rückwärsteinsetzen bei gestaffelten Systemen</p></simpleAssociableChoice><simpleAssociableChoice identifier="idc955a026-6055-4139-a645-34ff56c0adff" fixed="false" matchMax="1"><p>Thomas-Algorithmus für Tridiagonalsysteme</p></simpleAssociableChoice><simpleAssociableChoice identifier="id5740c577-c353-42a0-8fbd-5d573b910476" fixed="false" matchMax="1"><p>Lösung mit dem Gaußverfahren</p></simpleAssociableChoice><simpleAssociableChoice identifier="idf962d7bb-bcf6-4588-8cfb-ee50c2efcf52" fixed="false" matchMax="1"><p>Einzelschrittverfahren (Aufwand pro Iteration)</p></simpleAssociableChoice></simpleMatchSet><simpleMatchSet><simpleAssociableChoice identifier="id9577fef6-cba4-4862-b55a-3645364aed7c" fixed="false" matchMax="0"><p>\(\mathcal O(n)\)</p></simpleAssociableChoice><simpleAssociableChoice identifier="id95c3c286-48a3-4005-9c6c-f1e5280981d9" fixed="false" matchMax="0"><p>\(\mathcal O(n^2)\)</p></simpleAssociableChoice><simpleAssociableChoice identifier="id794db860-e94d-4e0a-baaf-f76d682de7fc" fixed="false" matchMax="0"><p>\(\mathcal O(n^3)\)</p></simpleAssociableChoice><simpleAssociableChoice identifier="id203ccb0d-5fa4-4836-a158-fc17fe89a37f" fixed="false" matchMax="0"><p>\(\mathcal O(n^4)\)</p></simpleAssociableChoice></simpleMatchSet></matchInteraction></itemBody><responseProcessing><responseCondition><responseIf><not><isNull><variable identifier="RESPONSE_1" /></isNull></not><setOutcomeValue identifier="SCORE"><sum><variable identifier="SCORE" /><mapResponse identifier="RESPONSE_1" /></sum></setOutcomeValue><setOutcomeValue identifier="FEEDBACKBASIC"><baseValue baseType="identifier">incorrect</baseValue></setOutcomeValue></responseIf></responseCondition><responseCondition><responseIf><and><not><match><variable identifier="FEEDBACKBASIC" /><baseValue baseType="identifier">empty</baseValue></match></not><equal toleranceMode="exact"><variable identifier="SCORE" /><variable identifier="MAXSCORE" /></equal></and><setOutcomeValue identifier="FEEDBACKBASIC"><baseValue baseType="identifier">correct</baseValue></setOutcomeValue></responseIf></responseCondition></responseProcessing></assessmentItem>
