<?xml version="1.0" encoding="UTF-8"?>
<manifest
	xmlns="http://www.imsglobal.org/xsd/imscp_v1p1"
	xmlns:xsi="http://www.w3.org/2001/XMLSchema-instance" 
	xsi:schemaLocation="http://www.imsglobal.org/xsd/imscp_v1p1 http://www.imsglobal.org/xsd/qti/qtiv2p1/qtiv2p1_imscpv1p2_v1p0.xsd 
											http://www.imsglobal.org/xsd/imsqti_v2p1 http://www.imsglobal.org/xsd/qti/qtiv2p1/imsqti_v2p1p1.xsd 
											http://www.imsglobal.org/xsd/imsqti_metadata_v2p1 http://www.imsglobal.org/xsd/qti/qtiv2p1/imsqti_metadata_v2p1p1.xsd
											http://ltsc.ieee.org/xsd/LOM http://www.imsglobal.org/xsd/imsmd_loose_v1p3p2.xsd"
	identifier="manifestID">
	<metadata>
		<schema>QTIv2.1 Package</schema>
    <schemaversion>1.0.0</schemaversion>
  </metadata>
	<organizations />
	<resources>
		<resource identifier="ida83d4e3c_dfcf_443a_951b_ff13a0c3d471" type="imsqti_item_xmlv2p1" href="ida83d4e3c-dfcf-443a-951b-ff13a0c3d471.xml"><metadata><lom xmlns="http://ltsc.ieee.org/xsd/LOM"><general ><identifier><entry>ida83d4e3c-dfcf-443a-951b-ff13a0c3d471</entry></identifier><title><string language="en_US">komplexität_verfahren_01</string></title></general><lifeCycle ><contribute><role><source>LOMv1.0</source><value>author</value></role><entity>nesfr@tu-chemnitz.de</entity><date><dateTime>2014-04-28T17:41:00</dateTime></date></contribute></lifeCycle><educational ><learningResourceType><source>QTIv2.1</source><value>AssessmentItem</value></learningResourceType></educational><qtiMetadata xmlns="http://www.imsglobal.org/xsd/imsqti_metadata_v2p1"><interactionType >MATRIX</interactionType><toolName >ONYX Editor</toolName><toolVersion >5.4</toolVersion><toolVendor >BPS Bildungsportal Sachsen GmbH</toolVendor></qtiMetadata></lom></metadata><file href="ida83d4e3c-dfcf-443a-951b-ff13a0c3d471.xml" /></resource>
	</resources>
</manifest>
