<?xml version="1.0" encoding="UTF-8"?>
<assessmentItem xmlns="http://www.imsglobal.org/xsd/imsqti_v2p1" xmlns:xsi="http://www.w3.org/2001/XMLSchema-instance" xsi:schemaLocation="http://www.imsglobal.org/xsd/imsqti_v2p1 http://www.imsglobal.org/xsd/qti/qtiv2p1/imsqti_v2p1p1.xsd http://www.w3.org/1998/Math/MathML http://www.w3.org/Math/XMLSchema/mathml2/mathml2.xsd" identifier="idf07881e4-c81d-4f2e-976d-5f6e10943964" title="vereinfachung_brüche_12" adaptive="false" timeDependent="false"><responseDeclaration identifier="RESPONSE_1409901892130" cardinality="single" baseType="string" /><responseDeclaration identifier="RESPONSE_1409901888308" cardinality="single" baseType="string" /><outcomeDeclaration identifier="SCORE" cardinality="single" baseType="float"><defaultValue><value>0</value></defaultValue></outcomeDeclaration><outcomeDeclaration identifier="MAXSCORE" cardinality="single" baseType="float"><defaultValue><value>1</value></defaultValue></outcomeDeclaration><outcomeDeclaration identifier="FEEDBACKBASIC" cardinality="single" baseType="identifier" view="testConstructor"><defaultValue><value>empty</value></defaultValue></outcomeDeclaration><outcomeDeclaration identifier="FEEDBACKMODAL" cardinality="multiple" baseType="identifier" view="testConstructor" /><templateDeclaration identifier="e" cardinality="single" baseType="integer" /><templateDeclaration identifier="a" cardinality="single" baseType="integer" /><templateDeclaration identifier="b" cardinality="single" baseType="integer" /><templateDeclaration identifier="c" cardinality="single" baseType="integer" /><templateDeclaration identifier="d" cardinality="single" baseType="integer" /><templateDeclaration identifier="f" cardinality="single" baseType="integer" /><templateDeclaration identifier="g" cardinality="single" baseType="integer" /><templateDeclaration identifier="h" cardinality="single" baseType="integer" /><templateDeclaration identifier="fh" cardinality="single" baseType="integer" /><templateDeclaration identifier="ch" cardinality="single" baseType="integer" /><templateDeclaration identifier="dh" cardinality="single" baseType="integer" /><templateDeclaration identifier="bc" cardinality="single" baseType="integer" /><templateDeclaration identifier="bd" cardinality="single" baseType="integer" /><templateProcessing><setTemplateValue identifier="e"><random><multiple><baseValue baseType="integer">12</baseValue><baseValue baseType="integer">18</baseValue><baseValue baseType="integer">20</baseValue><baseValue baseType="integer">24</baseValue><baseValue baseType="integer">30</baseValue><baseValue baseType="integer">40</baseValue></multiple></random></setTemplateValue><setTemplateValue identifier="a"><random><multiple><baseValue baseType="integer">1</baseValue></multiple></random></setTemplateValue><templateCondition><templateIf><match><variable identifier="e" /><baseValue baseType="integer">12</baseValue></match><setTemplateValue identifier="a"><random><multiple><baseValue baseType="integer">2</baseValue><baseValue baseType="integer">4</baseValue></multiple></random></setTemplateValue></templateIf><templateElseIf><match><variable identifier="e" /><baseValue baseType="integer">18</baseValue></match><setTemplateValue identifier="a"><random><multiple><baseValue baseType="integer">2</baseValue></multiple></random></setTemplateValue></templateElseIf><templateElseIf><match><variable identifier="e" /><baseValue baseType="integer">20</baseValue></match><setTemplateValue identifier="a"><random><multiple><baseValue baseType="integer">2</baseValue><baseValue baseType="integer">4</baseValue></multiple></random></setTemplateValue></templateElseIf><templateElseIf><match><variable identifier="e" /><baseValue baseType="integer">24</baseValue></match><setTemplateValue identifier="a"><random><multiple><baseValue baseType="integer">2</baseValue><baseValue baseType="integer">4</baseValue></multiple></random></setTemplateValue></templateElseIf><templateElseIf><match><variable identifier="e" /><baseValue baseType="integer">30</baseValue></match><setTemplateValue identifier="a"><random><multiple><baseValue baseType="integer">2</baseValue><baseValue baseType="integer">3</baseValue><baseValue baseType="integer">6</baseValue></multiple></random></setTemplateValue></templateElseIf><templateElseIf><match><variable identifier="e" /><baseValue baseType="integer">40</baseValue></match><setTemplateValue identifier="a"><random><multiple><baseValue baseType="integer">2</baseValue><baseValue baseType="integer">4</baseValue><baseValue baseType="integer">8</baseValue></multiple></random></setTemplateValue></templateElseIf></templateCondition><setTemplateValue identifier="b"><random><multiple><baseValue baseType="integer">1</baseValue></multiple></random></setTemplateValue><templateCondition><templateIf><match><variable identifier="e" /><baseValue baseType="integer">12</baseValue></match><setTemplateValue identifier="b"><random><multiple><baseValue baseType="integer">3</baseValue></multiple></random></setTemplateValue></templateIf><templateElseIf><match><variable identifier="e" /><baseValue baseType="integer">18</baseValue></match><setTemplateValue identifier="b"><random><multiple><baseValue baseType="integer">3</baseValue></multiple></random></setTemplateValue></templateElseIf><templateElseIf><match><variable identifier="e" /><baseValue baseType="integer">20</baseValue></match><setTemplateValue identifier="b"><random><multiple><baseValue baseType="integer">5</baseValue></multiple></random></setTemplateValue></templateElseIf><templateElseIf><match><variable identifier="e" /><baseValue baseType="integer">24</baseValue></match><setTemplateValue identifier="b"><random><multiple><baseValue baseType="integer">3</baseValue></multiple></random></setTemplateValue></templateElseIf><templateElseIf><match><variable identifier="e" /><baseValue baseType="integer">30</baseValue></match><setTemplateValue identifier="b"><random><multiple><baseValue baseType="integer">5</baseValue></multiple></random></setTemplateValue></templateElseIf><templateElseIf><match><variable identifier="e" /><baseValue baseType="integer">40</baseValue></match><setTemplateValue identifier="b"><random><multiple><baseValue baseType="integer">5</baseValue></multiple></random></setTemplateValue></templateElseIf></templateCondition><setTemplateValue identifier="c"><randomInteger min="2" max="6" /></setTemplateValue><setTemplateValue identifier="d"><random><multiple><baseValue baseType="integer">3</baseValue><baseValue baseType="integer">5</baseValue><baseValue baseType="integer">7</baseValue></multiple></random></setTemplateValue><setTemplateValue identifier="f"><customOperator definition="MAXIMA" value="float($(1)/$(2));"><variable identifier="e" /><variable identifier="b" /></customOperator></setTemplateValue><setTemplateValue identifier="g"><customOperator definition="MAXIMA" value="float($(1)/$(2));"><variable identifier="e" /><variable identifier="a" /></customOperator></setTemplateValue><setTemplateValue identifier="h"><randomInteger min="2" max="5" /></setTemplateValue><setTemplateValue identifier="fh"><customOperator definition="MAXIMA" value="float($(1)*$(2));"><variable identifier="f" /><variable identifier="h" /></customOperator></setTemplateValue><setTemplateValue identifier="ch"><customOperator definition="MAXIMA" value="float($(1)*$(2));"><variable identifier="c" /><variable identifier="h" /></customOperator></setTemplateValue><setTemplateValue identifier="dh"><customOperator definition="MAXIMA" value="float($(1)*$(2));"><variable identifier="d" /><variable identifier="h" /></customOperator></setTemplateValue><setTemplateValue identifier="bc"><customOperator definition="MAXIMA" value="float($(1)*$(2));"><variable identifier="b" /><variable identifier="c" /></customOperator></setTemplateValue><setTemplateValue identifier="bd"><customOperator definition="MAXIMA" value="float($(1)*$(2));"><variable identifier="b" /><variable identifier="d" /></customOperator></setTemplateValue><setCorrectResponse identifier="RESPONSE_1409901892130"><customOperator definition="VARIABLESTRING" value="-$(1)*a"><variable identifier="a" /></customOperator></setCorrectResponse><setCorrectResponse identifier="RESPONSE_1409901888308"><customOperator definition="VARIABLESTRING" value="$(1)*b*($(2)*b-$(3)*a)"><variable identifier="b" /><variable identifier="c" /><variable identifier="d" /></customOperator></setCorrectResponse></templateProcessing><itemBody ><p>Vereinfachen Sie den folgenden Ausdruck soweit wie möglich.</p><p>$$\qquad\frac{<printedVariable identifier="fh" />a}{<printedVariable identifier="ch" />ab-<printedVariable identifier="dh" />a^2} - \frac{<printedVariable identifier="a" />(a+<printedVariable identifier="g" />b)}{<printedVariable identifier="bc" />b^2-<printedVariable identifier="bd" />ab} = \ldots = \frac{u}{v}$$</p><p> </p><p>Bitte ergänzen Sie die Lösung so, dass sowohl im Zähler als auch im Nenner <strong>keine Brüche</strong> und <strong>keine negativen Exponenten</strong> auftauchen!</p><p><strong>Lösung:</strong> \(\qquad u = \) <textEntryInteraction responseIdentifier="RESPONSE_1409901892130" expectedLength="10" class="maxima-formula show-latex" />, \(v = \) <textEntryInteraction responseIdentifier="RESPONSE_1409901888308" expectedLength="10" class="maxima-formula show-latex" /></p><p> </p><p>Hinweise zur Formeleingabe:</p><ul><li>\(x\cdot y\) = x*y, z.B. \(3x\) = 3*x \(\Rightarrow\) Bitte keine * vergessen!</li><li>Durch Klicken auf die ?-Schaltfläche können Sie Ihre Formel vor Speichern der Antwort zunächst überprüfen.</li><li>z.B. Lösung: \(-\displaystyle\frac{9}{7z^3}\); Eingabe: \(u=\) -9, \(v=\)7*z^3; <span style="text-decoration: underline;">nicht:</span> \(u=\) 9/7*z^-3, \(v=\) -1</li></ul></itemBody><responseProcessing><responseCondition><responseIf><customOperator definition="MAXIMA" value="is(equal(ev($(1)),ev($(2))));"><variable identifier="RESPONSE_1409901892130" /><correct identifier="RESPONSE_1409901892130" /></customOperator><setOutcomeValue identifier="SCORE"><sum><variable identifier="SCORE" /><baseValue baseType="float">0.5</baseValue></sum></setOutcomeValue></responseIf></responseCondition><responseCondition><responseIf><not><isNull><variable identifier="RESPONSE_1409901892130" /></isNull></not><setOutcomeValue identifier="FEEDBACKBASIC"><baseValue baseType="identifier">incorrect</baseValue></setOutcomeValue></responseIf></responseCondition><responseCondition><responseIf><customOperator definition="MAXIMA" value="is(equal(ev($(1)),ev($(2))));"><variable identifier="RESPONSE_1409901888308" /><correct identifier="RESPONSE_1409901888308" /></customOperator><setOutcomeValue identifier="SCORE"><sum><variable identifier="SCORE" /><baseValue baseType="float">0.5</baseValue></sum></setOutcomeValue></responseIf></responseCondition><responseCondition><responseIf><not><isNull><variable identifier="RESPONSE_1409901888308" /></isNull></not><setOutcomeValue identifier="FEEDBACKBASIC"><baseValue baseType="identifier">incorrect</baseValue></setOutcomeValue></responseIf></responseCondition><responseCondition><responseIf><and><not><match><variable identifier="FEEDBACKBASIC" /><baseValue baseType="identifier">empty</baseValue></match></not><equal toleranceMode="exact"><variable identifier="SCORE" /><variable identifier="MAXSCORE" /></equal></and><setOutcomeValue identifier="FEEDBACKBASIC"><baseValue baseType="identifier">correct</baseValue></setOutcomeValue></responseIf></responseCondition><responseCondition><responseIf><and><match><baseValue baseType="identifier">correct</baseValue><variable identifier="FEEDBACKBASIC" /></match></and><setOutcomeValue identifier="FEEDBACKMODAL"><multiple><variable identifier="FEEDBACKMODAL" /><baseValue baseType="identifier">Feedback218055046</baseValue></multiple></setOutcomeValue></responseIf></responseCondition><responseCondition><responseIf><and><match><baseValue baseType="identifier">incorrect</baseValue><variable identifier="FEEDBACKBASIC" /></match></and><setOutcomeValue identifier="FEEDBACKMODAL"><multiple><variable identifier="FEEDBACKMODAL" /><baseValue baseType="identifier">Feedback959698227</baseValue></multiple></setOutcomeValue></responseIf></responseCondition></responseProcessing><modalFeedback  identifier="Feedback218055046" outcomeIdentifier="FEEDBACKMODAL" showHide="show" title="Richtig!"><p>Lösung:</p><p>$$\qquad\qquad\frac{<printedVariable identifier="fh" />a}{<printedVariable identifier="ch" />ab-<printedVariable identifier="dh" />a^2} - \frac{<printedVariable identifier="a" />(a+<printedVariable identifier="g" />b)}{<printedVariable identifier="bc" />b^2-<printedVariable identifier="bd" />ab} = \frac{<printedVariable identifier="f" />}{<printedVariable identifier="c" />b-<printedVariable identifier="d" />a} - \frac{<printedVariable identifier="a" />(a+<printedVariable identifier="g" />b)}{<printedVariable identifier="b" />b(<printedVariable identifier="c" />b-<printedVariable identifier="d" />a)} = \frac{<printedVariable identifier="f" />\cdot<printedVariable identifier="b" />b-<printedVariable identifier="a" />(a+<printedVariable identifier="g" />b)}{<printedVariable identifier="b" />b(<printedVariable identifier="c" />b-<printedVariable identifier="d" />a)} = \frac{<printedVariable identifier="e" />b-<printedVariable identifier="a" />a-<printedVariable identifier="e" />b}{<printedVariable identifier="b" />b(<printedVariable identifier="c" />b-<printedVariable identifier="d" />a)} = \frac{-<printedVariable identifier="a" />a}{<printedVariable identifier="b" />b(<printedVariable identifier="c" />b-<printedVariable identifier="d" />a)}$$</p></modalFeedback><modalFeedback  identifier="Feedback959698227" outcomeIdentifier="FEEDBACKMODAL" showHide="show" title="Leider falsch!"><p>Lösung:</p><p>$$\qquad\qquad\frac{<printedVariable identifier="fh" />a}{<printedVariable identifier="ch" />ab-<printedVariable identifier="dh" />a^2} - \frac{<printedVariable identifier="a" />(a+<printedVariable identifier="g" />b)}{<printedVariable identifier="bc" />b^2-<printedVariable identifier="bd" />ab} = \frac{<printedVariable identifier="f" />}{<printedVariable identifier="c" />b-<printedVariable identifier="d" />a} - \frac{<printedVariable identifier="a" />(a+<printedVariable identifier="g" />b)}{<printedVariable identifier="b" />b(<printedVariable identifier="c" />b-<printedVariable identifier="d" />a)} = \frac{<printedVariable identifier="f" />\cdot<printedVariable identifier="b" />b-<printedVariable identifier="a" />(a+<printedVariable identifier="g" />b)}{<printedVariable identifier="b" />b(<printedVariable identifier="c" />b-<printedVariable identifier="d" />a)} = \frac{<printedVariable identifier="e" />b-<printedVariable identifier="a" />a-<printedVariable identifier="e" />b}{<printedVariable identifier="b" />b(<printedVariable identifier="c" />b-<printedVariable identifier="d" />a)} = \frac{-<printedVariable identifier="a" />a}{<printedVariable identifier="b" />b(<printedVariable identifier="c" />b-<printedVariable identifier="d" />a)}$$</p></modalFeedback></assessmentItem>
