<?xml version="1.0" encoding="UTF-8"?>
<manifest
	xmlns="http://www.imsglobal.org/xsd/imscp_v1p1"
	xmlns:xsi="http://www.w3.org/2001/XMLSchema-instance" 
	xsi:schemaLocation="http://www.imsglobal.org/xsd/imscp_v1p1 http://www.imsglobal.org/xsd/qti/qtiv2p1/qtiv2p1_imscpv1p2_v1p0.xsd 
											http://www.imsglobal.org/xsd/imsqti_v2p1 http://www.imsglobal.org/xsd/qti/qtiv2p1/imsqti_v2p1p1.xsd 
											http://www.imsglobal.org/xsd/imsqti_metadata_v2p1 http://www.imsglobal.org/xsd/qti/qtiv2p1/imsqti_metadata_v2p1p1.xsd
											http://ltsc.ieee.org/xsd/LOM http://www.imsglobal.org/xsd/imsmd_loose_v1p3p2.xsd"
	identifier="manifestID">
	<metadata>
		<schema>QTIv2.1 Package</schema>
    <schemaversion>1.0.0</schemaversion>
  </metadata>
	<organizations />
	<resources>
		<resource identifier="idf07881e4_c81d_4f2e_976d_5f6e10943964" type="imsqti_item_xmlv2p1" href="idf07881e4-c81d-4f2e-976d-5f6e10943964.xml"><metadata><lom xmlns="http://ltsc.ieee.org/xsd/LOM"><general ><identifier><entry>idf07881e4-c81d-4f2e-976d-5f6e10943964</entry></identifier><title><string language="de">vereinfachung_brüche_12</string></title><language>de</language><description><string language="de"></string></description><keyword><string language="de">Brüche</string></keyword><keyword><string language="de">Termumformung</string></keyword><keyword><string language="de">Termvereinfachung</string></keyword><keyword><string language="de">Vereinfachung</string></keyword></general><lifeCycle ><contribute><date><dateTime>2014-11-06T13:27:15</dateTime></date><role><source>LOMv1.0</source><value>author</value></role><entity>BEGIN:VCARD&#xD;
VERSION:4.0&#xD;
N;LANGUAGE=de:Kircheis;Melanie;;;&#xD;
FN:Melanie Kircheis&#xD;
EMAIL:melanie.kircheis@s2013.tu-chemnitz.de&#xD;
PRODID:ONYX Editor 5.9.8&#xD;
END:VCARD&#xD;
</entity></contribute></lifeCycle><educational ><learningResourceType><source>QTIv2.1</source><value>AssessmentItem</value></learningResourceType><difficulty><source>LOMv1.0</source><value></value></difficulty><typicalLearningTime><duration></duration></typicalLearningTime></educational><qtiMetadata xmlns="http://www.imsglobal.org/xsd/imsqti_metadata_v2p1"><interactionType >textEntryInteraction</interactionType><toolName >ONYX Editor</toolName><toolVersion >5.9.5</toolVersion><toolVendor >BPS Bildungsportal Sachsen GmbH</toolVendor></qtiMetadata></lom></metadata><file href="idf07881e4-c81d-4f2e-976d-5f6e10943964.xml" /></resource>
	</resources>
</manifest>
