<?xml version="1.0" encoding="UTF-8"?>
<assessmentItem xmlns="http://www.imsglobal.org/xsd/imsqti_v2p1" xmlns:xsi="http://www.w3.org/2001/XMLSchema-instance" xsi:schemaLocation="http://www.imsglobal.org/xsd/imsqti_v2p1 http://www.imsglobal.org/xsd/qti/qtiv2p1/imsqti_v2p1p1.xsd http://www.w3.org/1998/Math/MathML http://www.w3.org/Math/XMLSchema/mathml2/mathml2.xsd" identifier="id00d303d1-5a4f-4cf5-8934-cba0ee6c704a" title="parabel_fit_01" adaptive="false" timeDependent="false"><responseDeclaration identifier="RESPONSE_1386168297164" cardinality="single" baseType="float"><correctResponse><value>0</value></correctResponse></responseDeclaration><responseDeclaration identifier="RESPONSE_1386168317480" cardinality="single" baseType="float"><correctResponse><value>0</value></correctResponse></responseDeclaration><responseDeclaration identifier="RESPONSE_1386168328153" cardinality="single" baseType="float"><correctResponse><value>0</value></correctResponse></responseDeclaration><outcomeDeclaration identifier="SCORE" cardinality="single" baseType="float"><defaultValue><value>0</value></defaultValue></outcomeDeclaration><outcomeDeclaration identifier="MAXSCORE" cardinality="single" baseType="float"><defaultValue><value>3</value></defaultValue></outcomeDeclaration><outcomeDeclaration identifier="FEEDBACKBASIC" cardinality="single" baseType="identifier" view="testConstructor"><defaultValue><value>empty</value></defaultValue></outcomeDeclaration><templateDeclaration identifier="x1" cardinality="single" baseType="integer" /><templateDeclaration identifier="dx2" cardinality="single" baseType="integer" /><templateDeclaration identifier="dx3" cardinality="single" baseType="integer" /><templateDeclaration identifier="x2" cardinality="single" baseType="float" /><templateDeclaration identifier="x3" cardinality="single" baseType="float" /><templateDeclaration identifier="a_sign" cardinality="single" baseType="integer" /><templateDeclaration identifier="a_abs" cardinality="single" baseType="integer" /><templateDeclaration identifier="a" cardinality="single" baseType="float" /><templateDeclaration identifier="b_sign" cardinality="single" baseType="integer" /><templateDeclaration identifier="b_abs" cardinality="single" baseType="integer" /><templateDeclaration identifier="b" cardinality="single" baseType="float" /><templateDeclaration identifier="c_sign" cardinality="single" baseType="integer" /><templateDeclaration identifier="c_abs" cardinality="single" baseType="integer" /><templateDeclaration identifier="c" cardinality="single" baseType="float" /><templateDeclaration identifier="y1" cardinality="single" baseType="float" /><templateDeclaration identifier="y2" cardinality="single" baseType="float" /><templateDeclaration identifier="y3" cardinality="single" baseType="float" /><templateProcessing><setTemplateValue identifier="x1"><randomInteger min="0" max="3" /></setTemplateValue><setTemplateValue identifier="dx2"><randomInteger min="1" max="4" /></setTemplateValue><setTemplateValue identifier="dx3"><randomInteger min="-4" max="-1" /></setTemplateValue><setTemplateValue identifier="x2"><customOperator definition="MAXIMA" value="float($(1)+$(2));"><variable identifier="x1" /><variable identifier="dx2" /></customOperator></setTemplateValue><setTemplateValue identifier="x3"><customOperator definition="MAXIMA" value="float($(1)+$(2));"><variable identifier="x1" /><variable identifier="dx3" /></customOperator></setTemplateValue><setTemplateValue identifier="a_sign"><randomInteger min="-1" max="1" step="2" /></setTemplateValue><setTemplateValue identifier="a_abs"><randomInteger min="1" max="3" /></setTemplateValue><setTemplateValue identifier="a"><customOperator definition="MAXIMA" value="float($(1)*$(2));"><variable identifier="a_sign" /><variable identifier="a_abs" /></customOperator></setTemplateValue><setTemplateValue identifier="b_sign"><randomInteger min="-1" max="1" step="2" /></setTemplateValue><setTemplateValue identifier="b_abs"><randomInteger min="1" max="3" /></setTemplateValue><setTemplateValue identifier="b"><customOperator definition="MAXIMA" value="float($(1)*$(2));"><variable identifier="b_sign" /><variable identifier="b_abs" /></customOperator></setTemplateValue><setTemplateValue identifier="c_sign"><randomInteger min="-1" max="1" step="2" /></setTemplateValue><setTemplateValue identifier="c_abs"><randomInteger min="1" max="3" /></setTemplateValue><setTemplateValue identifier="c"><customOperator definition="MAXIMA" value="float($(1)*$(2));"><variable identifier="c_sign" /><variable identifier="c_abs" /></customOperator></setTemplateValue><setTemplateValue identifier="y1"><customOperator definition="MAXIMA" value="float($(1)*($(2))^2+$(3)*$(4)+$(5));"><variable identifier="a" /><variable identifier="x1" /><variable identifier="b" /><variable identifier="x1" /><variable identifier="c" /></customOperator></setTemplateValue><setTemplateValue identifier="y2"><customOperator definition="MAXIMA" value="float($(1)*($(2))^2+$(3)*$(4)+$(5));"><variable identifier="a" /><variable identifier="x2" /><variable identifier="b" /><variable identifier="x2" /><variable identifier="c" /></customOperator></setTemplateValue><setTemplateValue identifier="y3"><customOperator definition="MAXIMA" value="float($(1)*($(2))^2+$(3)*$(4)+$(5));"><variable identifier="a" /><variable identifier="x3" /><variable identifier="b" /><variable identifier="x3" /><variable identifier="c" /></customOperator></setTemplateValue><setCorrectResponse identifier="RESPONSE_1386168297164"><variable identifier="a" /></setCorrectResponse><setCorrectResponse identifier="RESPONSE_1386168317480"><variable identifier="b" /></setCorrectResponse><setCorrectResponse identifier="RESPONSE_1386168328153"><variable identifier="c" /></setCorrectResponse></templateProcessing><itemBody ><p><p><p>Gegeben sind die Punkte \((<printedVariable identifier="x1" />,<printedVariable identifier="y1" />)\), \((<printedVariable identifier="x2" />,<printedVariable identifier="y2" />)\) und \((<printedVariable identifier="x3" />,<printedVariable identifier="y3" />)\).</p><p>Die drei Punkte werden durch eine Funktion der Form $$f(x)=ax^2+bx+c$$ miteinander verbunden.</p><p>Berechnen Sie \(a\), \(b\) und \(c\)!</p><p>\(a\) = <textEntryInteraction responseIdentifier="RESPONSE_1386168297164" /></p><p>\(b\) = <textEntryInteraction responseIdentifier="RESPONSE_1386168317480" /></p><p>\(c\) = <textEntryInteraction responseIdentifier="RESPONSE_1386168328153" /></p></p></p></itemBody><responseProcessing><responseCondition><responseIf><equal toleranceMode="exact"><variable identifier="RESPONSE_1386168297164" /><correct identifier="RESPONSE_1386168297164" /></equal><setOutcomeValue identifier="SCORE"><sum><variable identifier="SCORE" /><baseValue baseType="float">1</baseValue></sum></setOutcomeValue></responseIf></responseCondition><responseCondition><responseIf><not><isNull><variable identifier="RESPONSE_1386168297164" /></isNull></not><setOutcomeValue identifier="FEEDBACKBASIC"><baseValue baseType="identifier">incorrect</baseValue></setOutcomeValue></responseIf></responseCondition><responseCondition><responseIf><equal toleranceMode="exact"><variable identifier="RESPONSE_1386168317480" /><correct identifier="RESPONSE_1386168317480" /></equal><setOutcomeValue identifier="SCORE"><sum><variable identifier="SCORE" /><baseValue baseType="float">1</baseValue></sum></setOutcomeValue></responseIf></responseCondition><responseCondition><responseIf><not><isNull><variable identifier="RESPONSE_1386168317480" /></isNull></not><setOutcomeValue identifier="FEEDBACKBASIC"><baseValue baseType="identifier">incorrect</baseValue></setOutcomeValue></responseIf></responseCondition><responseCondition><responseIf><equal toleranceMode="exact"><variable identifier="RESPONSE_1386168328153" /><correct identifier="RESPONSE_1386168328153" /></equal><setOutcomeValue identifier="SCORE"><sum><variable identifier="SCORE" /><baseValue baseType="float">1</baseValue></sum></setOutcomeValue></responseIf></responseCondition><responseCondition><responseIf><not><isNull><variable identifier="RESPONSE_1386168328153" /></isNull></not><setOutcomeValue identifier="FEEDBACKBASIC"><baseValue baseType="identifier">incorrect</baseValue></setOutcomeValue></responseIf></responseCondition><responseCondition><responseIf><and><not><match><variable identifier="FEEDBACKBASIC" /><baseValue baseType="identifier">empty</baseValue></match></not><equal toleranceMode="exact"><variable identifier="SCORE" /><variable identifier="MAXSCORE" /></equal></and><setOutcomeValue identifier="FEEDBACKBASIC"><baseValue baseType="identifier">correct</baseValue></setOutcomeValue></responseIf></responseCondition></responseProcessing></assessmentItem>
