<?xml version="1.0" encoding="UTF-8"?>
<assessmentItem xmlns="http://www.imsglobal.org/xsd/imsqti_v2p1" xmlns:xsi="http://www.w3.org/2001/XMLSchema-instance" xsi:schemaLocation="http://www.imsglobal.org/xsd/imsqti_v2p1 http://www.imsglobal.org/xsd/qti/qtiv2p1/imsqti_v2p1p1.xsd http://www.w3.org/1998/Math/MathML http://www.w3.org/Math/XMLSchema/mathml2/mathml2.xsd" identifier="id58caf5b5-9cc6-496e-94d4-6c2424788d3c" title="verschiebung_02" adaptive="false" timeDependent="false"><responseDeclaration identifier="RESPONSE_1" cardinality="single" baseType="identifier"><correctResponse><value>ide7a37d11-0730-487a-868b-3201113ebf51</value></correctResponse></responseDeclaration><outcomeDeclaration identifier="SCORE" cardinality="single" baseType="float"><defaultValue><value>0</value></defaultValue></outcomeDeclaration><outcomeDeclaration identifier="MAXSCORE" cardinality="single" baseType="float"><defaultValue><value>1</value></defaultValue></outcomeDeclaration><outcomeDeclaration identifier="FEEDBACKBASIC" cardinality="single" baseType="identifier"><defaultValue><value>empty</value></defaultValue></outcomeDeclaration><outcomeDeclaration identifier="FEEDBACKMODAL" cardinality="multiple" baseType="identifier" view="testConstructor" /><templateDeclaration identifier="a" cardinality="single" baseType="integer" /><templateProcessing><setTemplateValue identifier="a"><randomInteger min="1" max="8" /></setTemplateValue></templateProcessing><itemBody ><p>Wir betrachten die Funktionen \(f(x)=x^5\) und \(g(x)=x^5+<printedVariable identifier="a" />\).</p><p>Wie sieht der Graph der Funktion \(g(x)\) im Vergleich zu \(f(x)\) aus? </p><choiceInteraction responseIdentifier="RESPONSE_1" shuffle="false" maxChoices="1"><simpleChoice identifier="idabc86f68-7fe2-4de8-8b45-f25b68c6e3c4"><p>wie \(f\) verschoben um \(+<printedVariable identifier="a" />\) in x-Richtung</p></simpleChoice><simpleChoice identifier="id1868b2c3-1389-4038-969d-049872a4e9d2"><p>wie \(f\) verschoben um \(–<printedVariable identifier="a" />\) in x-Richtung</p></simpleChoice><simpleChoice identifier="ide7a37d11-0730-487a-868b-3201113ebf51"><p>wie \(f\) verschoben um \(+<printedVariable identifier="a" />\) in y-Richtung</p></simpleChoice><simpleChoice identifier="id06db9d2f-3d7f-4b3c-9e91-05cf3d036b7e"><p>wie \(f\) verschoben um \(–<printedVariable identifier="a" />\) in y-Richtung</p></simpleChoice><simpleChoice identifier="id76230c6d-f566-4b78-b514-900b5acd369c"><p>genau wie \(f\)</p></simpleChoice></choiceInteraction></itemBody><responseProcessing><responseCondition><responseIf><isNull><variable identifier="RESPONSE_1" /></isNull><setOutcomeValue identifier="FEEDBACKBASIC"><baseValue baseType="identifier">empty</baseValue></setOutcomeValue></responseIf><responseElseIf><match><variable identifier="RESPONSE_1" /><correct identifier="RESPONSE_1" /></match><setOutcomeValue identifier="SCORE"><sum><variable identifier="SCORE" /><variable identifier="MAXSCORE" /></sum></setOutcomeValue><setOutcomeValue identifier="FEEDBACKBASIC"><baseValue baseType="identifier">correct</baseValue></setOutcomeValue></responseElseIf><responseElse><setOutcomeValue identifier="FEEDBACKBASIC"><baseValue baseType="identifier">incorrect</baseValue></setOutcomeValue></responseElse></responseCondition><responseCondition><responseIf><and><match><baseValue baseType="identifier">correct</baseValue><variable identifier="FEEDBACKBASIC" /></match></and><setOutcomeValue identifier="FEEDBACKMODAL"><multiple><variable identifier="FEEDBACKMODAL" /><baseValue baseType="identifier">Feedback2066765923</baseValue></multiple></setOutcomeValue></responseIf></responseCondition><responseCondition><responseIf><and><match><baseValue baseType="identifier">incorrect</baseValue><variable identifier="FEEDBACKBASIC" /></match></and><setOutcomeValue identifier="FEEDBACKMODAL"><multiple><variable identifier="FEEDBACKMODAL" /><baseValue baseType="identifier">Feedback1738439902</baseValue></multiple></setOutcomeValue></responseIf></responseCondition></responseProcessing><modalFeedback  identifier="Feedback2066765923" outcomeIdentifier="FEEDBACKMODAL" showHide="show" title="Richtig!"><p>Der Graph von \(g(x)\) ist im Vergleich zu \(f(x)\) um \(+<printedVariable identifier="a" />\) in y-Richtung verschoben, denn z.B. für \(x=0\) gilt nun \(g(0)=<printedVariable identifier="a" />\), aber \(f(0) = 0\).</p><p> </p><p><img src="media%2Fmedium8853453051008356295verschiedung_x%5E5.png" alt="" width="500" /></p></modalFeedback><modalFeedback  identifier="Feedback1738439902" outcomeIdentifier="FEEDBACKMODAL" showHide="show" title="Leider falsch!"><p>Der Graph von \(g(x)\) ist im Vergleich zu \(f(x)\) um \(+<printedVariable identifier="a" />\) in y-Richtung verschoben, denn z.B. für \(x=0\) gilt nun \(g(0)=<printedVariable identifier="a" />\), aber \(f(0) = 0\).</p><p> </p><p><img src="media%2Fmedium8853453051008356295verschiedung_x%5E5.png" alt="" width="500" /></p></modalFeedback></assessmentItem>
