<?xml version="1.0" encoding="UTF-8"?>
<assessmentItem xmlns="http://www.imsglobal.org/xsd/imsqti_v2p1" xmlns:xsi="http://www.w3.org/2001/XMLSchema-instance" xsi:schemaLocation="http://www.imsglobal.org/xsd/imsqti_v2p1 http://www.imsglobal.org/xsd/qti/qtiv2p1/imsqti_v2p1p1.xsd http://www.w3.org/1998/Math/MathML http://www.w3.org/Math/XMLSchema/mathml2/mathml2.xsd" identifier="idcba072a8-fc1b-4838-824b-9b279df323b6" title="Teilaufgabe simple Mengenoperation 1" adaptive="false" timeDependent="false"><responseDeclaration identifier="RESPONSE_1" cardinality="single" baseType="identifier"><correctResponse><value>id10b84b2b-f342-48e3-8e82-552b69dd6ec4</value></correctResponse></responseDeclaration><outcomeDeclaration identifier="SCORE" cardinality="single" baseType="float"><defaultValue><value>0</value></defaultValue></outcomeDeclaration><outcomeDeclaration identifier="MAXSCORE" cardinality="single" baseType="float"><defaultValue><value>1</value></defaultValue></outcomeDeclaration><outcomeDeclaration identifier="FEEDBACKBASIC" cardinality="single" baseType="identifier"><defaultValue><value>empty</value></defaultValue></outcomeDeclaration><itemBody ><p>Die Menge $$(\mbox{Wi}\cap\mbox{E}^c)\cup\mbox{We}$$ ist die Menge der Studierenden an der TU Chemnitz, die</p><choiceInteraction responseIdentifier="RESPONSE_1" shuffle="true" maxChoices="1"><simpleChoice identifier="id10b84b2b-f342-48e3-8e82-552b69dd6ec4"><p>das Studienfach gewechselt haben oder in einem anderen als dem ersten Semester des Masters Wirtschaftswissenschaften studieren.</p></simpleChoice><simpleChoice identifier="id066f5d93-a407-470a-8e08-c4a6d0726438"><p>das Studienfach gewechselt haben und im zweiten oder einem höheren Semester des Masterstudiengangs der Wirtschaftswissenschaften sind.</p></simpleChoice><simpleChoice identifier="id3785678d-35f9-4e3a-bc23-2cb3c32c1fe4"><p>Wirtschaftswissenschaften studieren und im ersten Semester des Masters das Fach gewechselt haben.</p></simpleChoice><simpleChoice identifier="ide93fe17e-ed8a-48f8-88a4-0ca55d1e300f"><p>entweder im Masterstudiengang Wirtschaftswissenschaften nicht im ersten Semester eingeschrieben sind oder das Studienfach gewechselt haben.</p></simpleChoice></choiceInteraction></itemBody><responseProcessing><responseCondition><responseIf><isNull><variable identifier="RESPONSE_1" /></isNull><setOutcomeValue identifier="FEEDBACKBASIC"><baseValue baseType="identifier">empty</baseValue></setOutcomeValue></responseIf><responseElseIf><match><variable identifier="RESPONSE_1" /><correct identifier="RESPONSE_1" /></match><setOutcomeValue identifier="SCORE"><sum><variable identifier="SCORE" /><variable identifier="MAXSCORE" /></sum></setOutcomeValue><setOutcomeValue identifier="FEEDBACKBASIC"><baseValue baseType="identifier">correct</baseValue></setOutcomeValue></responseElseIf><responseElse><setOutcomeValue identifier="FEEDBACKBASIC"><baseValue baseType="identifier">incorrect</baseValue></setOutcomeValue></responseElse></responseCondition></responseProcessing></assessmentItem>
