<?xml version="1.0" encoding="UTF-8"?>
<assessmentItem xmlns="http://www.imsglobal.org/xsd/imsqti_v2p1" xmlns:xsi="http://www.w3.org/2001/XMLSchema-instance" xsi:schemaLocation="http://www.imsglobal.org/xsd/imsqti_v2p1 http://www.imsglobal.org/xsd/qti/qtiv2p1/imsqti_v2p1p1.xsd http://www.w3.org/1998/Math/MathML http://www.w3.org/Math/XMLSchema/mathml2/mathml2.xsd" identifier="id52c8b568-37a4-4f53-ae15-3826807e8fb0" title="symmetrie_transpose(A)*A" adaptive="false" timeDependent="false"><responseDeclaration identifier="RESPONSE_1" cardinality="single" baseType="identifier"><correctResponse><value>id261d6465-b062-4d2a-9060-c037f97c2dc9</value></correctResponse></responseDeclaration><outcomeDeclaration identifier="SCORE" cardinality="single" baseType="float"><defaultValue><value>0</value></defaultValue></outcomeDeclaration><outcomeDeclaration identifier="MAXSCORE" cardinality="single" baseType="float"><defaultValue><value>1</value></defaultValue></outcomeDeclaration><outcomeDeclaration identifier="FEEDBACKBASIC" cardinality="single" baseType="identifier"><defaultValue><value>empty</value></defaultValue></outcomeDeclaration><outcomeDeclaration identifier="FEEDBACKMODAL" cardinality="multiple" baseType="identifier" view="testConstructor" /><itemBody ><p>Gegeben sei die Matrix \(A\in\mathbb R^{n\times n}\).</p><p>Behauptung: Die Matrix \(M=A^\top A\) ist stets symmetrisch.</p><choiceInteraction responseIdentifier="RESPONSE_1" shuffle="false" maxChoices="1"><simpleChoice identifier="id261d6465-b062-4d2a-9060-c037f97c2dc9"><p>richtig</p></simpleChoice><simpleChoice identifier="id7fbea023-cd22-4a94-b272-b6b6f9b75aa4"><p>falsch</p></simpleChoice></choiceInteraction></itemBody><responseProcessing><responseCondition><responseIf><isNull><variable identifier="RESPONSE_1" /></isNull><setOutcomeValue identifier="FEEDBACKBASIC"><baseValue baseType="identifier">empty</baseValue></setOutcomeValue></responseIf><responseElseIf><match><variable identifier="RESPONSE_1" /><correct identifier="RESPONSE_1" /></match><setOutcomeValue identifier="SCORE"><sum><variable identifier="SCORE" /><variable identifier="MAXSCORE" /></sum></setOutcomeValue><setOutcomeValue identifier="FEEDBACKBASIC"><baseValue baseType="identifier">correct</baseValue></setOutcomeValue></responseElseIf><responseElse><setOutcomeValue identifier="FEEDBACKBASIC"><baseValue baseType="identifier">incorrect</baseValue></setOutcomeValue></responseElse></responseCondition><responseCondition><responseIf><and><match><baseValue baseType="identifier">correct</baseValue><variable identifier="FEEDBACKBASIC" /></match></and><setOutcomeValue identifier="FEEDBACKMODAL"><multiple><variable identifier="FEEDBACKMODAL" /><baseValue baseType="identifier">Feedback1488197700</baseValue></multiple></setOutcomeValue></responseIf></responseCondition><responseCondition><responseIf><and><match><baseValue baseType="identifier">incorrect</baseValue><variable identifier="FEEDBACKBASIC" /></match></and><setOutcomeValue identifier="FEEDBACKMODAL"><multiple><variable identifier="FEEDBACKMODAL" /><baseValue baseType="identifier">Feedback668945046</baseValue></multiple></setOutcomeValue></responseIf></responseCondition></responseProcessing><modalFeedback  identifier="Feedback1488197700" outcomeIdentifier="FEEDBACKMODAL" showHide="show" title="Richtig!"><p>Eine Matrix \(M\in\mathbb R^{n\times n}\) heißt symmetrisch, wenn \(M=M^\top\) gilt.</p><p>Mit den bekannten Rechenregeln für Matrizen erhält man</p><p>\(\quad M^\top=(A^\top A)^\top=A^\top(A^\top)^\top=A^\top A=M,\)</p><p>d.h. die Matrix \(M\) ist tatsächlich symmetrisch.</p></modalFeedback><modalFeedback  identifier="Feedback668945046" outcomeIdentifier="FEEDBACKMODAL" showHide="show" title="Leider falsch!"><p>Eine Matrix \(M\in\mathbb R^{n\times n}\) heißt symmetrisch, wenn \(M=M^\top\) gilt.</p><p>Mit den bekannten Rechenregeln für Matrizen erhält man</p><p>\(\quad M^\top=(A^\top A)^\top=A^\top(A^\top)^\top=A^\top A=M,\)</p><p>d.h. die Matrix \(M\) ist tatsächlich symmetrisch.</p></modalFeedback></assessmentItem>
