<?xml version="1.0" encoding="UTF-8"?>
<assessmentItem xmlns="http://www.imsglobal.org/xsd/imsqti_v2p1" xmlns:xsi="http://www.w3.org/2001/XMLSchema-instance" xsi:schemaLocation="http://www.imsglobal.org/xsd/imsqti_v2p1 http://www.imsglobal.org/xsd/qti/qtiv2p1/imsqti_v2p1p1.xsd http://www.w3.org/1998/Math/MathML http://www.w3.org/Math/XMLSchema/mathml2/mathml2.xsd" identifier="id3562b097-b384-413b-9e13-655e0a9d3326" title="matrixmultiplikation_01" adaptive="false" timeDependent="false"><responseDeclaration identifier="RESPONSE_1416495254761" cardinality="single" baseType="float"><correctResponse><value>0</value></correctResponse></responseDeclaration><responseDeclaration identifier="RESPONSE_1416495260246" cardinality="single" baseType="float"><correctResponse><value>0</value></correctResponse></responseDeclaration><responseDeclaration identifier="RESPONSE_1416495266084" cardinality="single" baseType="float"><correctResponse><value>0</value></correctResponse></responseDeclaration><responseDeclaration identifier="RESPONSE_1416495272521" cardinality="single" baseType="float"><correctResponse><value>0</value></correctResponse></responseDeclaration><outcomeDeclaration identifier="SCORE" cardinality="single" baseType="float"><defaultValue><value>0</value></defaultValue></outcomeDeclaration><outcomeDeclaration identifier="MAXSCORE" cardinality="single" baseType="float"><defaultValue><value>2</value></defaultValue></outcomeDeclaration><outcomeDeclaration identifier="FEEDBACKBASIC" cardinality="single" baseType="identifier" view="testConstructor"><defaultValue><value>empty</value></defaultValue></outcomeDeclaration><outcomeDeclaration identifier="FEEDBACKMODAL" cardinality="multiple" baseType="identifier" view="testConstructor" /><templateDeclaration identifier="a" cardinality="single" baseType="integer" /><templateDeclaration identifier="b" cardinality="single" baseType="integer" /><templateDeclaration identifier="c" cardinality="single" baseType="integer" /><templateDeclaration identifier="d" cardinality="single" baseType="integer" /><templateDeclaration identifier="e" cardinality="single" baseType="integer" /><templateDeclaration identifier="f" cardinality="single" baseType="integer" /><templateDeclaration identifier="g" cardinality="single" baseType="integer" /><templateDeclaration identifier="h" cardinality="single" baseType="integer" /><templateDeclaration identifier="c11" cardinality="single" baseType="integer" /><templateDeclaration identifier="c12" cardinality="single" baseType="integer" /><templateDeclaration identifier="c21" cardinality="single" baseType="integer" /><templateDeclaration identifier="c22" cardinality="single" baseType="integer" /><templateProcessing><setTemplateValue identifier="a"><randomInteger min="-7" max="7" /></setTemplateValue><setTemplateValue identifier="b"><randomInteger min="-7" max="7" /></setTemplateValue><setTemplateValue identifier="c"><randomInteger min="-7" max="7" /></setTemplateValue><setTemplateValue identifier="d"><randomInteger min="-7" max="7" /></setTemplateValue><setTemplateValue identifier="e"><randomInteger min="-9" max="8" /></setTemplateValue><setTemplateValue identifier="f"><randomInteger min="-9" max="8" /></setTemplateValue><setTemplateValue identifier="g"><randomInteger min="-9" max="8" /></setTemplateValue><setTemplateValue identifier="h"><randomInteger min="-9" max="8" /></setTemplateValue><setTemplateValue identifier="c11"><customOperator definition="MAXIMA" value="float($(1)*$(2)+$(3)*$(4));"><variable identifier="a" /><variable identifier="e" /><variable identifier="b" /><variable identifier="g" /></customOperator></setTemplateValue><setTemplateValue identifier="c12"><customOperator definition="MAXIMA" value="float($(1)*$(2)+$(3)*$(4));"><variable identifier="a" /><variable identifier="f" /><variable identifier="b" /><variable identifier="h" /></customOperator></setTemplateValue><setTemplateValue identifier="c21"><customOperator definition="MAXIMA" value="float($(1)*$(2)+$(3)*$(4));"><variable identifier="c" /><variable identifier="e" /><variable identifier="d" /><variable identifier="g" /></customOperator></setTemplateValue><setTemplateValue identifier="c22"><customOperator definition="MAXIMA" value="float($(1)*$(2)+$(3)*$(4));"><variable identifier="c" /><variable identifier="f" /><variable identifier="d" /><variable identifier="h" /></customOperator></setTemplateValue><setCorrectResponse identifier="RESPONSE_1416495254761"><variable identifier="c11" /></setCorrectResponse><setCorrectResponse identifier="RESPONSE_1416495260246"><variable identifier="c12" /></setCorrectResponse><setCorrectResponse identifier="RESPONSE_1416495266084"><variable identifier="c21" /></setCorrectResponse><setCorrectResponse identifier="RESPONSE_1416495272521"><variable identifier="c22" /></setCorrectResponse></templateProcessing><itemBody ><p><p>Berechnen Sie das Matrixprodukt \(AB\) für folgende Matrizen!</p><p>\(\qquad A = \begin{pmatrix} <printedVariable identifier="a" /> &amp; <printedVariable identifier="b" /> \\ <printedVariable identifier="c" /> &amp; <printedVariable identifier="d" /> \end{pmatrix} \qquad B = \begin{pmatrix} <printedVariable identifier="e" /> &amp; <printedVariable identifier="f" /> \\ <printedVariable identifier="g" /> &amp; <printedVariable identifier="h" />\end{pmatrix} \)\(\qquad AB = \begin{pmatrix} c_{11} &amp; c_{12} \\ c_{21} &amp; c_{22}\end{pmatrix}\)</p><p> </p><p>\(\qquad c_{11} =\)<textEntryInteraction responseIdentifier="RESPONSE_1416495254761" expectedLength="4" />\(\qquad\qquad c_{12} = \)<textEntryInteraction responseIdentifier="RESPONSE_1416495260246" expectedLength="4" /></p><p>\(\qquad c_{21} = \)<textEntryInteraction responseIdentifier="RESPONSE_1416495266084" expectedLength="4" />\(\qquad\qquad c_{22} = \)<textEntryInteraction responseIdentifier="RESPONSE_1416495272521" expectedLength="4" /></p></p></itemBody><responseProcessing><responseCondition><responseIf><equal toleranceMode="exact"><variable identifier="RESPONSE_1416495254761" /><correct identifier="RESPONSE_1416495254761" /></equal><setOutcomeValue identifier="SCORE"><sum><variable identifier="SCORE" /><baseValue baseType="float">0.5</baseValue></sum></setOutcomeValue></responseIf></responseCondition><responseCondition><responseIf><not><isNull><variable identifier="RESPONSE_1416495254761" /></isNull></not><setOutcomeValue identifier="FEEDBACKBASIC"><baseValue baseType="identifier">incorrect</baseValue></setOutcomeValue></responseIf></responseCondition><responseCondition><responseIf><equal toleranceMode="exact"><variable identifier="RESPONSE_1416495260246" /><correct identifier="RESPONSE_1416495260246" /></equal><setOutcomeValue identifier="SCORE"><sum><variable identifier="SCORE" /><baseValue baseType="float">0.5</baseValue></sum></setOutcomeValue></responseIf></responseCondition><responseCondition><responseIf><not><isNull><variable identifier="RESPONSE_1416495260246" /></isNull></not><setOutcomeValue identifier="FEEDBACKBASIC"><baseValue baseType="identifier">incorrect</baseValue></setOutcomeValue></responseIf></responseCondition><responseCondition><responseIf><equal toleranceMode="exact"><variable identifier="RESPONSE_1416495266084" /><correct identifier="RESPONSE_1416495266084" /></equal><setOutcomeValue identifier="SCORE"><sum><variable identifier="SCORE" /><baseValue baseType="float">0.5</baseValue></sum></setOutcomeValue></responseIf></responseCondition><responseCondition><responseIf><not><isNull><variable identifier="RESPONSE_1416495266084" /></isNull></not><setOutcomeValue identifier="FEEDBACKBASIC"><baseValue baseType="identifier">incorrect</baseValue></setOutcomeValue></responseIf></responseCondition><responseCondition><responseIf><equal toleranceMode="exact"><variable identifier="RESPONSE_1416495272521" /><correct identifier="RESPONSE_1416495272521" /></equal><setOutcomeValue identifier="SCORE"><sum><variable identifier="SCORE" /><baseValue baseType="float">0.5</baseValue></sum></setOutcomeValue></responseIf></responseCondition><responseCondition><responseIf><not><isNull><variable identifier="RESPONSE_1416495272521" /></isNull></not><setOutcomeValue identifier="FEEDBACKBASIC"><baseValue baseType="identifier">incorrect</baseValue></setOutcomeValue></responseIf></responseCondition><responseCondition><responseIf><and><not><match><variable identifier="FEEDBACKBASIC" /><baseValue baseType="identifier">empty</baseValue></match></not><equal toleranceMode="exact"><variable identifier="SCORE" /><variable identifier="MAXSCORE" /></equal></and><setOutcomeValue identifier="FEEDBACKBASIC"><baseValue baseType="identifier">correct</baseValue></setOutcomeValue></responseIf></responseCondition><responseCondition><responseIf><and><match><baseValue baseType="identifier">correct</baseValue><variable identifier="FEEDBACKBASIC" /></match></and><setOutcomeValue identifier="FEEDBACKMODAL"><multiple><variable identifier="FEEDBACKMODAL" /><baseValue baseType="identifier">Feedback1065722395</baseValue></multiple></setOutcomeValue></responseIf></responseCondition><responseCondition><responseIf><and><match><baseValue baseType="identifier">incorrect</baseValue><variable identifier="FEEDBACKBASIC" /></match></and><setOutcomeValue identifier="FEEDBACKMODAL"><multiple><variable identifier="FEEDBACKMODAL" /><baseValue baseType="identifier">Feedback1582676785</baseValue></multiple></setOutcomeValue></responseIf></responseCondition></responseProcessing><modalFeedback  identifier="Feedback1065722395" outcomeIdentifier="FEEDBACKMODAL" showHide="show" title="Richtig!" /><modalFeedback  identifier="Feedback1582676785" outcomeIdentifier="FEEDBACKMODAL" showHide="show" title="Leider falsch!"><p>\(\begin{pmatrix} <printedVariable identifier="a" /> &amp; <printedVariable identifier="b" /> \\ <printedVariable identifier="c" /> &amp; <printedVariable identifier="d" /> \end{pmatrix}\begin{pmatrix} <printedVariable identifier="e" /> &amp; <printedVariable identifier="f" /> \\ <printedVariable identifier="g" /> &amp; <printedVariable identifier="h" />\end{pmatrix} = \)\(\begin{pmatrix}(<printedVariable identifier="a" />\cdot<printedVariable identifier="e" />+<printedVariable identifier="b" />\cdot<printedVariable identifier="g" />) &amp; (<printedVariable identifier="a" /> \cdot <printedVariable identifier="f" /> +<printedVariable identifier="b" />\cdot<printedVariable identifier="h" />)\\ (<printedVariable identifier="c" /> \cdot <printedVariable identifier="e" />+<printedVariable identifier="d" /> \cdot <printedVariable identifier="g" />) &amp; (<printedVariable identifier="c" /> \cdot<printedVariable identifier="f" />+<printedVariable identifier="d" /> \cdot <printedVariable identifier="h" />)\end{pmatrix}\)\(= \begin{pmatrix} <printedVariable identifier="c11" /> &amp; <printedVariable identifier="c12" /> \\ <printedVariable identifier="c21" /> &amp; <printedVariable identifier="c22" />\end{pmatrix} \)</p></modalFeedback></assessmentItem>
