<?xml version="1.0" encoding="UTF-8"?>
<assessmentItem xmlns="http://www.imsglobal.org/xsd/imsqti_v2p1" xmlns:xsi="http://www.w3.org/2001/XMLSchema-instance" xsi:schemaLocation="http://www.imsglobal.org/xsd/imsqti_v2p1 http://www.imsglobal.org/xsd/qti/qtiv2p1/imsqti_v2p1p1.xsd http://www.w3.org/1998/Math/MathML http://www.w3.org/Math/XMLSchema/mathml2/mathml2.xsd" identifier="idf5c5771a-84b7-451d-a577-e881e2dc9923" title="verbindungsgerade_01" adaptive="false" timeDependent="false"><responseDeclaration identifier="RESPONSE_1412837448458" cardinality="single" baseType="string" /><responseDeclaration identifier="RESPONSE_1412837473994" cardinality="single" baseType="string" /><outcomeDeclaration identifier="SCORE" cardinality="single" baseType="float"><defaultValue><value>0</value></defaultValue></outcomeDeclaration><outcomeDeclaration identifier="MAXSCORE" cardinality="single" baseType="float"><defaultValue><value>2</value></defaultValue></outcomeDeclaration><outcomeDeclaration identifier="FEEDBACKBASIC" cardinality="single" baseType="identifier" view="testConstructor"><defaultValue><value>empty</value></defaultValue></outcomeDeclaration><templateDeclaration identifier="x1" cardinality="single" baseType="integer" /><templateDeclaration identifier="y1" cardinality="single" baseType="integer" /><templateDeclaration identifier="fx" cardinality="single" baseType="integer" /><templateDeclaration identifier="fy" cardinality="single" baseType="integer" /><templateDeclaration identifier="dx" cardinality="single" baseType="integer" /><templateDeclaration identifier="dy" cardinality="single" baseType="integer" /><templateDeclaration identifier="x2" cardinality="single" baseType="integer" /><templateDeclaration identifier="y2" cardinality="single" baseType="integer" /><templateDeclaration identifier="anstieg" cardinality="single" baseType="float" /><templateDeclaration identifier="verschiebung" cardinality="single" baseType="float" /><templateDeclaration identifier="anstieg_z" cardinality="single" baseType="integer" /><templateDeclaration identifier="anstieg_n" cardinality="single" baseType="integer" /><templateDeclaration identifier="verschiebung_z" cardinality="single" baseType="integer" /><templateDeclaration identifier="verschiebung_n" cardinality="single" baseType="integer" /><templateProcessing><setTemplateValue identifier="x1"><randomInteger min="-5" max="5" /></setTemplateValue><setTemplateValue identifier="y1"><randomInteger min="-5" max="5" /></setTemplateValue><setTemplateValue identifier="fx"><randomInteger min="-1" max="1" step="2" /></setTemplateValue><setTemplateValue identifier="fy"><randomInteger min="-1" max="1" step="2" /></setTemplateValue><setTemplateValue identifier="dx"><randomInteger min="1" max="5" /></setTemplateValue><setTemplateValue identifier="dy"><randomInteger min="1" max="10" /></setTemplateValue><setTemplateValue identifier="x2"><customOperator definition="MAXIMA" value="float($(1)+$(2)*$(3));"><variable identifier="x1" /><variable identifier="fx" /><variable identifier="dx" /></customOperator></setTemplateValue><setTemplateValue identifier="y2"><customOperator definition="MAXIMA" value="float($(1)+$(2)*$(3));"><variable identifier="y1" /><variable identifier="fy" /><variable identifier="dy" /></customOperator></setTemplateValue><setTemplateValue identifier="anstieg"><customOperator definition="MAXIMA" value="float(($(1)-$(2))/($(3)-$(4)));"><variable identifier="y1" /><variable identifier="y2" /><variable identifier="x1" /><variable identifier="x2" /></customOperator></setTemplateValue><setTemplateValue identifier="verschiebung"><customOperator definition="MAXIMA" value="float($(1)-$(2)*$(3));"><variable identifier="y1" /><variable identifier="anstieg" /><variable identifier="x1" /></customOperator></setTemplateValue><setTemplateValue identifier="anstieg_z"><customOperator definition="MAXIMA" value="float($(1)-$(2));"><variable identifier="y1" /><variable identifier="y2" /></customOperator></setTemplateValue><setTemplateValue identifier="anstieg_n"><customOperator definition="MAXIMA" value="float($(1)-$(2));"><variable identifier="x1" /><variable identifier="x2" /></customOperator></setTemplateValue><setTemplateValue identifier="verschiebung_z"><customOperator definition="MAXIMA" value="float($(1)*$(2)-$(3)*$(4));"><variable identifier="y1" /><variable identifier="anstieg_n" /><variable identifier="anstieg_z" /><variable identifier="x1" /></customOperator></setTemplateValue><setTemplateValue identifier="verschiebung_n"><customOperator definition="MAXIMA" value="float($(1));"><variable identifier="anstieg_n" /></customOperator></setTemplateValue><setCorrectResponse identifier="RESPONSE_1412837448458"><customOperator definition="VARIABLESTRING" value="$(1)/$(2)"><variable identifier="anstieg_z" /><variable identifier="anstieg_n" /></customOperator></setCorrectResponse><setCorrectResponse identifier="RESPONSE_1412837473994"><customOperator definition="VARIABLESTRING" value="$(1)/$(2)"><variable identifier="verschiebung_z" /><variable identifier="verschiebung_n" /></customOperator></setCorrectResponse></templateProcessing><itemBody ><p>Gegeben seien die Punkte \((<printedVariable identifier="x1" />,<printedVariable identifier="y1" />)\) und \((<printedVariable identifier="x2" />,<printedVariable identifier="y2" />)\).</p><p>Die beiden Punkte werden durch eine Funktion der Form $$f(x)=mx+n$$ miteinander verbunden.</p><p>Berechnen Sie \(m\) und \(n\). Geben Sie deren exakte Werte ein.</p><p>\(m=\) <textEntryInteraction responseIdentifier="RESPONSE_1412837448458" expectedLength="3" /></p><p>\(n=\) <textEntryInteraction responseIdentifier="RESPONSE_1412837473994" expectedLength="3" /></p><p><strong>Hinweis: </strong></p><ul><li>Sie können Brüche in der Form \(\frac xy=\) <strong>x/y</strong> eingeben.</li><li>Beispiel: \(\frac13=\) <strong>1/3</strong>, nicht 0.33333!</li></ul></itemBody><responseProcessing><responseCondition><responseIf><customOperator definition="MAXIMA" value="is(equal(ev($(1)),ev($(2))));"><variable identifier="RESPONSE_1412837448458" /><correct identifier="RESPONSE_1412837448458" /></customOperator><setOutcomeValue identifier="SCORE"><sum><variable identifier="SCORE" /><baseValue baseType="float">1</baseValue></sum></setOutcomeValue></responseIf></responseCondition><responseCondition><responseIf><not><isNull><variable identifier="RESPONSE_1412837448458" /></isNull></not><setOutcomeValue identifier="FEEDBACKBASIC"><baseValue baseType="identifier">incorrect</baseValue></setOutcomeValue></responseIf></responseCondition><responseCondition><responseIf><customOperator definition="MAXIMA" value="is(equal(ev($(1)),ev($(2))));"><variable identifier="RESPONSE_1412837473994" /><correct identifier="RESPONSE_1412837473994" /></customOperator><setOutcomeValue identifier="SCORE"><sum><variable identifier="SCORE" /><baseValue baseType="float">1</baseValue></sum></setOutcomeValue></responseIf></responseCondition><responseCondition><responseIf><not><isNull><variable identifier="RESPONSE_1412837473994" /></isNull></not><setOutcomeValue identifier="FEEDBACKBASIC"><baseValue baseType="identifier">incorrect</baseValue></setOutcomeValue></responseIf></responseCondition><responseCondition><responseIf><and><not><match><variable identifier="FEEDBACKBASIC" /><baseValue baseType="identifier">empty</baseValue></match></not><equal toleranceMode="exact"><variable identifier="SCORE" /><variable identifier="MAXSCORE" /></equal></and><setOutcomeValue identifier="FEEDBACKBASIC"><baseValue baseType="identifier">correct</baseValue></setOutcomeValue></responseIf></responseCondition></responseProcessing></assessmentItem>
