<?xml version="1.0" encoding="UTF-8"?>
<assessmentItem xmlns="http://www.imsglobal.org/xsd/imsqti_v2p1" xmlns:xsi="http://www.w3.org/2001/XMLSchema-instance" xsi:schemaLocation="http://www.imsglobal.org/xsd/imsqti_v2p1 http://www.imsglobal.org/xsd/qti/qtiv2p1/imsqti_v2p1p1.xsd http://www.w3.org/1998/Math/MathML http://www.w3.org/Math/XMLSchema/mathml2/mathml2.xsd" identifier="id53f87e6c-ea93-4693-9102-c45e834e342b" title="mehrwertsteuer_01" adaptive="false" timeDependent="false"><responseDeclaration identifier="RESPONSE_1390896222375" cardinality="single" baseType="float"><correctResponse><value>0</value></correctResponse></responseDeclaration><outcomeDeclaration identifier="SCORE" cardinality="single" baseType="float"><defaultValue><value>0</value></defaultValue></outcomeDeclaration><outcomeDeclaration identifier="MAXSCORE" cardinality="single" baseType="float"><defaultValue><value>1</value></defaultValue></outcomeDeclaration><outcomeDeclaration identifier="FEEDBACKBASIC" cardinality="single" baseType="identifier" view="testConstructor"><defaultValue><value>empty</value></defaultValue></outcomeDeclaration><outcomeDeclaration identifier="FEEDBACKMODAL" cardinality="multiple" baseType="identifier" view="testConstructor" /><templateDeclaration identifier="netto" cardinality="single" baseType="integer" /><templateDeclaration identifier="brutto" cardinality="single" baseType="float" /><templateDeclaration identifier="euro" cardinality="single" baseType="integer" /><templateDeclaration identifier="cent" cardinality="single" baseType="integer" /><templateProcessing><setTemplateValue identifier="netto"><randomInteger min="30" max="990" step="20" /></setTemplateValue><setTemplateValue identifier="brutto"><customOperator definition="MAXIMA" value="float(1.19*$(1));"><variable identifier="netto" /></customOperator></setTemplateValue><setTemplateValue identifier="euro"><customOperator definition="MAXIMA" value="float(floor($(1)));"><variable identifier="brutto" /></customOperator></setTemplateValue><setTemplateValue identifier="cent"><customOperator definition="MAXIMA" value="float(($(1)-$(2))*100);"><variable identifier="brutto" /><variable identifier="euro" /></customOperator></setTemplateValue><setCorrectResponse identifier="RESPONSE_1390896222375"><variable identifier="netto" /></setCorrectResponse></templateProcessing><itemBody ><p><span style="font-size: 10pt;">Ein Produkt kostet inkl. \(19\)% Mehrwertsteuer \(<printedVariable identifier="euro" />,<printedVariable identifier="cent" />\) €. Was würde das Produkt ohne die Mehrwertsteuer kosten?</span></p><p><span style="font-size: 10pt;">Ergebnis: <textEntryInteraction responseIdentifier="RESPONSE_1390896222375" /> €</span></p></itemBody><responseProcessing><responseCondition><responseIf><equal toleranceMode="exact"><variable identifier="RESPONSE_1390896222375" /><correct identifier="RESPONSE_1390896222375" /></equal><setOutcomeValue identifier="SCORE"><sum><variable identifier="SCORE" /><baseValue baseType="float">1</baseValue></sum></setOutcomeValue></responseIf></responseCondition><responseCondition><responseIf><not><isNull><variable identifier="RESPONSE_1390896222375" /></isNull></not><setOutcomeValue identifier="FEEDBACKBASIC"><baseValue baseType="identifier">incorrect</baseValue></setOutcomeValue></responseIf></responseCondition><responseCondition><responseIf><and><not><match><variable identifier="FEEDBACKBASIC" /><baseValue baseType="identifier">empty</baseValue></match></not><equal toleranceMode="exact"><variable identifier="SCORE" /><variable identifier="MAXSCORE" /></equal></and><setOutcomeValue identifier="FEEDBACKBASIC"><baseValue baseType="identifier">correct</baseValue></setOutcomeValue></responseIf></responseCondition><responseCondition><responseIf><and><match><baseValue baseType="identifier">correct</baseValue><variable identifier="FEEDBACKBASIC" /></match></and><setOutcomeValue identifier="FEEDBACKMODAL"><multiple><variable identifier="FEEDBACKMODAL" /><baseValue baseType="identifier">Feedback1334955000</baseValue></multiple></setOutcomeValue></responseIf></responseCondition><responseCondition><responseIf><and><match><baseValue baseType="identifier">incorrect</baseValue><variable identifier="FEEDBACKBASIC" /></match></and><setOutcomeValue identifier="FEEDBACKMODAL"><multiple><variable identifier="FEEDBACKMODAL" /><baseValue baseType="identifier">Feedback1330222079</baseValue></multiple></setOutcomeValue></responseIf></responseCondition></responseProcessing><modalFeedback  identifier="Feedback1334955000" outcomeIdentifier="FEEDBACKMODAL" showHide="show" title="richtig!" /><modalFeedback  identifier="Feedback1330222079" outcomeIdentifier="FEEDBACKMODAL" showHide="show" title="leider falsch!"><p>Hier ist die Lösung:</p><p>Der Nettopreis (100%) ist der Preis des Produktes ohne die Mehrwertsteuer, wir bezeichnen diesen einmal mit \(x\).</p><p>Nettopreis + 19 Prozent des Nettopreises ergeben dann den tatsächlichen Preis (119%).</p><p>Es muss also gelten: \(\displaystyle\frac{x}{100}=\frac{<printedVariable identifier="euro" />,<printedVariable identifier="cent" />}{119}\).</p><p>Diese Gleichung umgestellt ergibt die richtige Lösung \(x=<printedVariable identifier="netto" />\).</p></modalFeedback></assessmentItem>
