<?xml version="1.0" encoding="UTF-8"?>
<assessmentItem xmlns="http://www.imsglobal.org/xsd/imsqti_v2p1" xmlns:xsi="http://www.w3.org/2001/XMLSchema-instance" xsi:schemaLocation="http://www.imsglobal.org/xsd/imsqti_v2p1 imsqti_v2p1.xsd" identifier="ida758de36-85a9-4ca2-a759-f7ec28b8b038" title="4. Grundlagen Projektmanagement" adaptive="false" timeDependent="false"><responseDeclaration identifier="RESPONSE_1" cardinality="multiple" baseType="identifier"><correctResponse><value>id7555b87c-0ee0-441e-906d-8f6c5ceaca7a</value><value>idb065f5d0-8919-4cb7-b769-c695069bef49</value><value>id0d531261-1ff3-4cb9-aac6-47144e6ac1e4</value><value>idfc12cf55-ae1e-4a52-952a-397de7ad164b</value></correctResponse><mapping defaultValue="0" lowerBound="0.0"><mapEntry mapKey="id7555b87c-0ee0-441e-906d-8f6c5ceaca7a" mappedValue="1.0" /><mapEntry mapKey="id83493e3b-4b11-464a-90a2-29d8dec14453" mappedValue="-1.0" /><mapEntry mapKey="idb065f5d0-8919-4cb7-b769-c695069bef49" mappedValue="1.0" /><mapEntry mapKey="id0d531261-1ff3-4cb9-aac6-47144e6ac1e4" mappedValue="1.0" /><mapEntry mapKey="id10fd8a9f-7bc2-4d2e-9860-9d1f626a2963" mappedValue="-1.0" /><mapEntry mapKey="idfc12cf55-ae1e-4a52-952a-397de7ad164b" mappedValue="1.0" /></mapping></responseDeclaration><outcomeDeclaration identifier="SCORE" cardinality="single" baseType="float"><defaultValue><value>0</value></defaultValue></outcomeDeclaration><outcomeDeclaration identifier="MAXSCORE" cardinality="single" baseType="float"><defaultValue><value>4</value></defaultValue></outcomeDeclaration><outcomeDeclaration identifier="FEEDBACKBASIC" cardinality="single" baseType="identifier" view="testConstructor"><defaultValue><value>empty</value></defaultValue></outcomeDeclaration><itemBody><p xmlns=""><strong>Was ist ein Meilenstein?</strong></p><p xmlns="">(Klicken Sie die richtige(n) Antwort(en) an)</p><p xmlns=""> </p><p xmlns=""><strong>Antwort:</strong></p><choiceInteraction responseIdentifier="RESPONSE_1" shuffle="false" maxChoices="0"><simpleChoice identifier="id7555b87c-0ee0-441e-906d-8f6c5ceaca7a"><p xmlns="">Ein Meilenstein  ist ein Ereignis besonderer Bedeutung meist Unter- bzw. Zwischenziele eines Projekts.</p></simpleChoice><simpleChoice identifier="id83493e3b-4b11-464a-90a2-29d8dec14453"><p xmlns="">Ein Meilenstein erfolgt über einen vorher festgelegten Zeitraum.</p></simpleChoice><simpleChoice identifier="idb065f5d0-8919-4cb7-b769-c695069bef49"><p xmlns="">Ein Meilenstein ist ein Arbeitspaket, das der Projektleiter allein durchführt.</p></simpleChoice><simpleChoice identifier="id0d531261-1ff3-4cb9-aac6-47144e6ac1e4"><p xmlns="">Ein Meilenstein hat keine die Zeitdauer 0.</p></simpleChoice><simpleChoice identifier="id10fd8a9f-7bc2-4d2e-9860-9d1f626a2963"><p xmlns="">Ein Meilenstein ist über eine Zeitdauer von 3 Arbeitspaketen definiert.</p></simpleChoice><simpleChoice identifier="idfc12cf55-ae1e-4a52-952a-397de7ad164b"><p xmlns="">Meilensteine bilden die Basis für dokumentierte Zwischenprüfungen.</p></simpleChoice></choiceInteraction></itemBody><responseProcessing><responseCondition><responseIf><not><isNull><variable identifier="RESPONSE_1" /></isNull></not><setOutcomeValue identifier="SCORE"><sum><variable identifier="SCORE" /><mapResponse identifier="RESPONSE_1" /></sum></setOutcomeValue><setOutcomeValue identifier="FEEDBACKBASIC"><baseValue baseType="identifier">incorrect</baseValue></setOutcomeValue></responseIf></responseCondition><responseCondition><responseIf><and><not><match><variable identifier="FEEDBACKBASIC" /><baseValue baseType="identifier">empty</baseValue></match></not><equal toleranceMode="exact"><variable identifier="SCORE" /><variable identifier="MAXSCORE" /></equal></and><setOutcomeValue identifier="FEEDBACKBASIC"><baseValue baseType="identifier">correct</baseValue></setOutcomeValue></responseIf></responseCondition></responseProcessing></assessmentItem>
