<?xml version="1.0" encoding="UTF-8"?>
<assessmentItem xmlns="http://www.imsglobal.org/xsd/imsqti_v2p1" xmlns:xsi="http://www.w3.org/2001/XMLSchema-instance" xsi:schemaLocation="http://www.imsglobal.org/xsd/imsqti_v2p1 http://www.imsglobal.org/xsd/qti/qtiv2p1/imsqti_v2p1p1.xsd http://www.w3.org/1998/Math/MathML http://www.w3.org/Math/XMLSchema/mathml2/mathml2.xsd" identifier="id46b57ac2-289e-455d-b7d1-1fa821b1faf8" title="gleichung_01" adaptive="false" timeDependent="false"><responseDeclaration identifier="RESPONSE_1409130265454" cardinality="single" baseType="string" /><outcomeDeclaration identifier="SCORE" cardinality="single" baseType="float"><defaultValue><value>0</value></defaultValue></outcomeDeclaration><outcomeDeclaration identifier="MAXSCORE" cardinality="single" baseType="float"><defaultValue><value>1</value></defaultValue></outcomeDeclaration><outcomeDeclaration identifier="FEEDBACKBASIC" cardinality="single" baseType="identifier" view="testConstructor"><defaultValue><value>empty</value></defaultValue></outcomeDeclaration><outcomeDeclaration identifier="FEEDBACKMODAL" cardinality="multiple" baseType="identifier" view="testConstructor" /><templateDeclaration identifier="a" cardinality="single" baseType="integer" /><templateDeclaration identifier="b" cardinality="single" baseType="integer" /><templateDeclaration identifier="help" cardinality="single" baseType="integer" /><templateDeclaration identifier="sgn_b" cardinality="single" baseType="string" /><templateDeclaration identifier="c" cardinality="single" baseType="integer" /><templateDeclaration identifier="ax" cardinality="single" baseType="integer" /><templateDeclaration identifier="h" cardinality="single" baseType="string" /><templateDeclaration identifier="l_tex" cardinality="single" baseType="string" /><templateProcessing><setTemplateValue identifier="a"><random><multiple><baseValue baseType="integer">2</baseValue><baseValue baseType="integer">3</baseValue><baseValue baseType="integer">4</baseValue><baseValue baseType="integer">5</baseValue><baseValue baseType="integer">-2</baseValue><baseValue baseType="integer">-3</baseValue><baseValue baseType="integer">-4</baseValue><baseValue baseType="integer">-5</baseValue></multiple></random></setTemplateValue><setTemplateValue identifier="b"><randomInteger min="1" max="8" /></setTemplateValue><setTemplateValue identifier="help"><random><multiple><baseValue baseType="integer">-1</baseValue><baseValue baseType="integer">1</baseValue></multiple></random></setTemplateValue><setTemplateValue identifier="sgn_b"><random><multiple><baseValue baseType="string">+</baseValue><baseValue baseType="string">-</baseValue></multiple></random></setTemplateValue><templateCondition><templateIf><lt><variable identifier="help" /><baseValue baseType="integer">0</baseValue></lt><setTemplateValue identifier="sgn_b"><random><multiple><baseValue baseType="string">-</baseValue></multiple></random></setTemplateValue></templateIf><templateElse><setTemplateValue identifier="sgn_b"><random><multiple><baseValue baseType="string">+</baseValue></multiple></random></setTemplateValue></templateElse></templateCondition><setTemplateValue identifier="c"><randomInteger min="1" max="12" /></setTemplateValue><setTemplateValue identifier="ax"><customOperator definition="MAXIMA" value="float($(1)-$(2)$(3));"><variable identifier="c" /><variable identifier="sgn_b" /><variable identifier="b" /></customOperator></setTemplateValue><setTemplateValue identifier="h"><random><multiple><baseValue baseType="string">+</baseValue></multiple></random></setTemplateValue><templateCondition><templateIf><gt><variable identifier="help" /><baseValue baseType="integer">0</baseValue></gt><setTemplateValue identifier="h"><random><multiple><baseValue baseType="string">-</baseValue></multiple></random></setTemplateValue></templateIf><templateElse><setTemplateValue identifier="h"><random><multiple><baseValue baseType="string">+</baseValue></multiple></random></setTemplateValue></templateElse></templateCondition><setTemplateValue identifier="l_tex"><customOperator definition="MAXIMA" value="tex1($(1)/$(2))"><variable identifier="ax" /><variable identifier="a" /></customOperator></setTemplateValue><setCorrectResponse identifier="RESPONSE_1409130265454"><customOperator definition="VARIABLESTRING" value="$(2)/$(1)"><variable identifier="a" /><variable identifier="ax" /></customOperator></setCorrectResponse></templateProcessing><itemBody ><p>Bestimmen Sie die Lösung der Gleichung \( <printedVariable identifier="a" />x<printedVariable identifier="sgn_b" /><printedVariable identifier="b" />=<printedVariable identifier="c" /> \).</p><p>\( x = \) <textEntryInteraction responseIdentifier="RESPONSE_1409130265454" expectedLength="5" /></p><p><strong>Hinweis:  </strong>Geben Sie Brüche bitte wie folgt ein: \[\frac xy =\] <strong>x/y. </strong>Geben Sie bitte <strong>keine Kommazahlen</strong> ein!</p><p>                z.B. \[\tfrac13 =\] <strong>1/3</strong> und <span style="text-decoration: underline;">nicht</span> <strong>0.3333</strong>...!</p><p> </p></itemBody><responseProcessing><responseCondition><responseIf><customOperator definition="MAXIMA" value="is(equal(ev($(1)),ev($(2))));"><variable identifier="RESPONSE_1409130265454" /><correct identifier="RESPONSE_1409130265454" /></customOperator><setOutcomeValue identifier="SCORE"><sum><variable identifier="SCORE" /><baseValue baseType="float">1</baseValue></sum></setOutcomeValue></responseIf></responseCondition><responseCondition><responseIf><not><isNull><variable identifier="RESPONSE_1409130265454" /></isNull></not><setOutcomeValue identifier="FEEDBACKBASIC"><baseValue baseType="identifier">incorrect</baseValue></setOutcomeValue></responseIf></responseCondition><responseCondition><responseIf><and><not><match><variable identifier="FEEDBACKBASIC" /><baseValue baseType="identifier">empty</baseValue></match></not><equal toleranceMode="exact"><variable identifier="SCORE" /><variable identifier="MAXSCORE" /></equal></and><setOutcomeValue identifier="FEEDBACKBASIC"><baseValue baseType="identifier">correct</baseValue></setOutcomeValue></responseIf></responseCondition><responseCondition><responseIf><and><match><baseValue baseType="identifier">correct</baseValue><variable identifier="FEEDBACKBASIC" /></match></and><setOutcomeValue identifier="FEEDBACKMODAL"><multiple><variable identifier="FEEDBACKMODAL" /><baseValue baseType="identifier">Feedback1076193636</baseValue></multiple></setOutcomeValue></responseIf></responseCondition><responseCondition><responseIf><and><match><baseValue baseType="identifier">incorrect</baseValue><variable identifier="FEEDBACKBASIC" /></match></and><setOutcomeValue identifier="FEEDBACKMODAL"><multiple><variable identifier="FEEDBACKMODAL" /><baseValue baseType="identifier">Feedback1787462949</baseValue></multiple></setOutcomeValue></responseIf></responseCondition></responseProcessing><modalFeedback  identifier="Feedback1076193636" outcomeIdentifier="FEEDBACKMODAL" showHide="show" title="Richtig!"><p>Lösung:</p><p>$$\quad <printedVariable identifier="a" />x<printedVariable identifier="sgn_b" /><printedVariable identifier="b" />=<printedVariable identifier="c" /> \iff x = \frac{<printedVariable identifier="c" /><printedVariable identifier="h" /><printedVariable identifier="b" />}{<printedVariable identifier="a" />} = <printedVariable identifier="l_tex" />$$</p></modalFeedback><modalFeedback  identifier="Feedback1787462949" outcomeIdentifier="FEEDBACKMODAL" showHide="show" title="Leider falsch!"><p>Lösung:</p><p>$$\quad <printedVariable identifier="a" />x<printedVariable identifier="sgn_b" /><printedVariable identifier="b" />=<printedVariable identifier="c" /> \iff x = \frac{<printedVariable identifier="c" /><printedVariable identifier="h" /><printedVariable identifier="b" />}{<printedVariable identifier="a" />} = <printedVariable identifier="l_tex" />$$</p></modalFeedback></assessmentItem>
