<?xml version="1.0" encoding="UTF-8"?>
<assessmentItem xmlns="http://www.imsglobal.org/xsd/imsqti_v2p1" xmlns:xsi="http://www.w3.org/2001/XMLSchema-instance" xsi:schemaLocation="http://www.imsglobal.org/xsd/imsqti_v2p1 http://www.imsglobal.org/xsd/qti/qtiv2p1/imsqti_v2p1p1.xsd http://www.w3.org/1998/Math/MathML http://www.w3.org/Math/XMLSchema/mathml2/mathml2.xsd" identifier="id9732ca23-515f-49ef-9211-369c54c70d16" title="n-te_ableitung_05" adaptive="false" timeDependent="false"><responseDeclaration identifier="RESPONSE_1410426814485" cardinality="single" baseType="string" /><responseDeclaration identifier="RESPONSE_1410426835484" cardinality="single" baseType="string" /><responseDeclaration identifier="RESPONSE_1410426873314" cardinality="single" baseType="string" /><responseDeclaration identifier="RESPONSE_1410426895124" cardinality="single" baseType="string" /><outcomeDeclaration identifier="SCORE" cardinality="single" baseType="float"><defaultValue><value>0</value></defaultValue></outcomeDeclaration><outcomeDeclaration identifier="MAXSCORE" cardinality="single" baseType="float"><defaultValue><value>4</value></defaultValue></outcomeDeclaration><outcomeDeclaration identifier="FEEDBACKBASIC" cardinality="single" baseType="identifier" view="testConstructor"><defaultValue><value>empty</value></defaultValue></outcomeDeclaration><outcomeDeclaration identifier="FEEDBACKMODAL" cardinality="multiple" baseType="identifier" view="testConstructor" /><templateProcessing><setCorrectResponse identifier="RESPONSE_1410426814485"><customOperator definition="VARIABLESTRING" value="cos(x)" /></setCorrectResponse><setCorrectResponse identifier="RESPONSE_1410426835484"><customOperator definition="VARIABLESTRING" value="-sin(x)" /></setCorrectResponse><setCorrectResponse identifier="RESPONSE_1410426873314"><customOperator definition="VARIABLESTRING" value="-cos(x)" /></setCorrectResponse><setCorrectResponse identifier="RESPONSE_1410426895124"><customOperator definition="VARIABLESTRING" value="sin(x)" /></setCorrectResponse></templateProcessing><itemBody ><p><p>Wir betrachten die Funktion \(f(x) = \cos x\). Wie lautet die n-te Ableitung von \(f\)?</p><p><strong>Lösung:</strong> $$\qquad\qquad f^{(n)}(x) = \left\{\begin{array}{l l} u_1(x) &amp; \quad :\ n\ =4m,\ m\in\mathbb N \\ u_2(x) &amp; \quad : n\ =4m+1,\ m\in\mathbb N \\ u_3(x) &amp; \quad : n\ =4m+2,\ m\in\mathbb N \\ u_4(x) &amp; \quad : n\ =4m+3,\ m\in\mathbb N \end{array} \right. \qquad (n\in\mathbb N) $$</p><p> </p><p>\(\qquad\qquad\qquad\qquad\) \(u_1(x) = \)<textEntryInteraction responseIdentifier="RESPONSE_1410426814485" expectedLength="5" class="maxima-formula show-latex" /> \(\qquad u_2(x) = \)<textEntryInteraction responseIdentifier="RESPONSE_1410426835484" expectedLength="5" class="maxima-formula show-latex" /> \(\qquad u_3(x) = \)<textEntryInteraction responseIdentifier="RESPONSE_1410426873314" expectedLength="5" class="maxima-formula show-latex" /> \(\qquad u_4(x) = \)<textEntryInteraction responseIdentifier="RESPONSE_1410426895124" expectedLength="5" class="maxima-formula show-latex" /></p><p> </p><p>Hinweise zur Formeleingabe:</p><ul><li>\(\sin x =\) sin(x), \(\cos x = \) cos(x)</li><li>Durch Klicken auf die ?-Schaltfläche können Sie Ihre Formel vor Speichern der Antwort zunächst überprüfen.</li></ul></p></itemBody><responseProcessing><responseCondition><responseIf><customOperator definition="MAXIMA" value="is(equal(ev($(1)),ev($(2))));"><variable identifier="RESPONSE_1410426814485" /><correct identifier="RESPONSE_1410426814485" /></customOperator><setOutcomeValue identifier="SCORE"><sum><variable identifier="SCORE" /><baseValue baseType="float">1</baseValue></sum></setOutcomeValue></responseIf></responseCondition><responseCondition><responseIf><not><isNull><variable identifier="RESPONSE_1410426814485" /></isNull></not><setOutcomeValue identifier="FEEDBACKBASIC"><baseValue baseType="identifier">incorrect</baseValue></setOutcomeValue></responseIf></responseCondition><responseCondition><responseIf><customOperator definition="MAXIMA" value="is(equal(ev($(1)),ev($(2))));"><variable identifier="RESPONSE_1410426835484" /><correct identifier="RESPONSE_1410426835484" /></customOperator><setOutcomeValue identifier="SCORE"><sum><variable identifier="SCORE" /><baseValue baseType="float">1</baseValue></sum></setOutcomeValue></responseIf></responseCondition><responseCondition><responseIf><not><isNull><variable identifier="RESPONSE_1410426835484" /></isNull></not><setOutcomeValue identifier="FEEDBACKBASIC"><baseValue baseType="identifier">incorrect</baseValue></setOutcomeValue></responseIf></responseCondition><responseCondition><responseIf><customOperator definition="MAXIMA" value="is(equal(ev($(1)),ev($(2))));"><variable identifier="RESPONSE_1410426873314" /><correct identifier="RESPONSE_1410426873314" /></customOperator><setOutcomeValue identifier="SCORE"><sum><variable identifier="SCORE" /><baseValue baseType="float">1</baseValue></sum></setOutcomeValue></responseIf></responseCondition><responseCondition><responseIf><not><isNull><variable identifier="RESPONSE_1410426873314" /></isNull></not><setOutcomeValue identifier="FEEDBACKBASIC"><baseValue baseType="identifier">incorrect</baseValue></setOutcomeValue></responseIf></responseCondition><responseCondition><responseIf><customOperator definition="MAXIMA" value="is(equal(ev($(1)),ev($(2))));"><variable identifier="RESPONSE_1410426895124" /><correct identifier="RESPONSE_1410426895124" /></customOperator><setOutcomeValue identifier="SCORE"><sum><variable identifier="SCORE" /><baseValue baseType="float">1</baseValue></sum></setOutcomeValue></responseIf></responseCondition><responseCondition><responseIf><not><isNull><variable identifier="RESPONSE_1410426895124" /></isNull></not><setOutcomeValue identifier="FEEDBACKBASIC"><baseValue baseType="identifier">incorrect</baseValue></setOutcomeValue></responseIf></responseCondition><responseCondition><responseIf><and><not><match><variable identifier="FEEDBACKBASIC" /><baseValue baseType="identifier">empty</baseValue></match></not><equal toleranceMode="exact"><variable identifier="SCORE" /><variable identifier="MAXSCORE" /></equal></and><setOutcomeValue identifier="FEEDBACKBASIC"><baseValue baseType="identifier">correct</baseValue></setOutcomeValue></responseIf></responseCondition><responseCondition><responseIf><and><match><baseValue baseType="identifier">correct</baseValue><variable identifier="FEEDBACKBASIC" /></match></and><setOutcomeValue identifier="FEEDBACKMODAL"><multiple><variable identifier="FEEDBACKMODAL" /><baseValue baseType="identifier">Feedback1561788729</baseValue></multiple></setOutcomeValue></responseIf></responseCondition><responseCondition><responseIf><and><match><baseValue baseType="identifier">incorrect</baseValue><variable identifier="FEEDBACKBASIC" /></match></and><setOutcomeValue identifier="FEEDBACKMODAL"><multiple><variable identifier="FEEDBACKMODAL" /><baseValue baseType="identifier">Feedback290551022</baseValue></multiple></setOutcomeValue></responseIf></responseCondition></responseProcessing><modalFeedback  identifier="Feedback1561788729" outcomeIdentifier="FEEDBACKMODAL" showHide="show" title="Richtig!" /><modalFeedback  identifier="Feedback290551022" outcomeIdentifier="FEEDBACKMODAL" showHide="show" title="Leider falsch!"><p>Es gilt: \(\quad f(x) = f^{(0)}(x) = \cos x\), \(\quad f'(x) = -\sin x\), \(\quad f''(x) = -\cos x\), \(\quad f'''(x) = \sin x, \quad f^{(4)}(x) = \cos x,\quad \dots\)</p></modalFeedback></assessmentItem>
