<?xml version="1.0" encoding="UTF-8"?>
<assessmentItem xmlns="http://www.imsglobal.org/xsd/imsqti_v2p1" xmlns:xsi="http://www.w3.org/2001/XMLSchema-instance" xsi:schemaLocation="http://www.imsglobal.org/xsd/imsqti_v2p1 http://www.imsglobal.org/xsd/qti/qtiv2p1/imsqti_v2p1p1.xsd http://www.w3.org/1998/Math/MathML http://www.w3.org/Math/XMLSchema/mathml2/mathml2.xsd" identifier="id9549176c-1e81-4971-a508-7db53f5cdceb" title="negation_menge_02" adaptive="false" timeDependent="false"><responseDeclaration identifier="RESPONSE_1" cardinality="single" baseType="identifier"><correctResponse><value>idf2a72aa9-151b-4772-8da3-411b1387965a</value></correctResponse></responseDeclaration><outcomeDeclaration identifier="SCORE" cardinality="single" baseType="float"><defaultValue><value>0</value></defaultValue></outcomeDeclaration><outcomeDeclaration identifier="MAXSCORE" cardinality="single" baseType="float"><defaultValue><value>1</value></defaultValue></outcomeDeclaration><outcomeDeclaration identifier="FEEDBACKBASIC" cardinality="single" baseType="identifier"><defaultValue><value>empty</value></defaultValue></outcomeDeclaration><itemBody ><p>Es sei \(M\subset\mathbb N\). Wie lautet die Negation der folgenden Aussage?</p><p>Jedes Element \(m\in M\) ist durch 2 oder durch 3 teilbar.</p><choiceInteraction responseIdentifier="RESPONSE_1" shuffle="true" maxChoices="1"><simpleChoice identifier="id0d370cfc-a71a-4aa9-bd03-65d2fb9cd10e"><p>\(\forall m\in M\) ist \(m\neq 2k\) und \(m\neq 3k\) für alle \(k\in\mathbb N\)</p></simpleChoice><simpleChoice identifier="id47ed0cf7-d576-4272-a863-1f23c3f32104"><p>\(\forall m\in M\) ist \(m\neq 2k\) oder \(m\neq 3k\) für alle \(k\in\mathbb N\)</p></simpleChoice><simpleChoice identifier="idf2a72aa9-151b-4772-8da3-411b1387965a"><p>\(\exists m\in M:\) \(m\neq 2k\) und \(m\neq 3k\) für alle \(k\in\mathbb N\)</p></simpleChoice><simpleChoice identifier="idf34d82da-afa0-441d-8d7e-e5e501d52214"><p>\(\exists m\in M:\) \(m\neq 2k\) oder \(m\neq 3k\) für alle \(k\in\mathbb N\)</p></simpleChoice></choiceInteraction></itemBody><responseProcessing><responseCondition><responseIf><isNull><variable identifier="RESPONSE_1" /></isNull><setOutcomeValue identifier="FEEDBACKBASIC"><baseValue baseType="identifier">empty</baseValue></setOutcomeValue></responseIf><responseElseIf><match><variable identifier="RESPONSE_1" /><correct identifier="RESPONSE_1" /></match><setOutcomeValue identifier="SCORE"><sum><variable identifier="SCORE" /><variable identifier="MAXSCORE" /></sum></setOutcomeValue><setOutcomeValue identifier="FEEDBACKBASIC"><baseValue baseType="identifier">correct</baseValue></setOutcomeValue></responseElseIf><responseElse><setOutcomeValue identifier="FEEDBACKBASIC"><baseValue baseType="identifier">incorrect</baseValue></setOutcomeValue></responseElse></responseCondition></responseProcessing></assessmentItem>
