<?xml version="1.0" encoding="UTF-8"?>
<assessmentItem xmlns="http://www.imsglobal.org/xsd/imsqti_v2p1" xmlns:xsi="http://www.w3.org/2001/XMLSchema-instance" xsi:schemaLocation="http://www.imsglobal.org/xsd/imsqti_v2p1 http://www.imsglobal.org/xsd/qti/qtiv2p1/imsqti_v2p1p1.xsd http://www.w3.org/1998/Math/MathML http://www.w3.org/Math/XMLSchema/mathml2/mathml2.xsd" identifier="ida2678f24-bb68-4742-8b00-1cc2508235c0" title="sin(a i)" adaptive="false" timeDependent="false"><imsqti:responseDeclaration xmlns:imsqti="http://www.imsglobal.org/xsd/imsqti_v2p1" identifier="RESPONSE_1" cardinality="single" baseType="identifier"><imsqti:correctResponse><imsqti:value>idd5e24a88-46b7-4769-af41-6ec2f9eecff1</imsqti:value></imsqti:correctResponse></imsqti:responseDeclaration><imsqti:outcomeDeclaration xmlns:imsqti="http://www.imsglobal.org/xsd/imsqti_v2p1" identifier="SCORE" cardinality="single" baseType="float"><imsqti:defaultValue><imsqti:value>0</imsqti:value></imsqti:defaultValue></imsqti:outcomeDeclaration><imsqti:outcomeDeclaration xmlns:imsqti="http://www.imsglobal.org/xsd/imsqti_v2p1" identifier="MAXSCORE" cardinality="single" baseType="float"><imsqti:defaultValue><imsqti:value>2</imsqti:value></imsqti:defaultValue></imsqti:outcomeDeclaration><imsqti:outcomeDeclaration xmlns:imsqti="http://www.imsglobal.org/xsd/imsqti_v2p1" identifier="FEEDBACKBASIC" cardinality="single" baseType="identifier"><imsqti:defaultValue><imsqti:value>empty</imsqti:value></imsqti:defaultValue></imsqti:outcomeDeclaration><imsqti:templateDeclaration xmlns:imsqti="http://www.imsglobal.org/xsd/imsqti_v2p1" identifier="a" cardinality="single" baseType="integer" /><imsqti:templateProcessing xmlns:imsqti="http://www.imsglobal.org/xsd/imsqti_v2p1"><imsqti:setTemplateValue identifier="a"><imsqti:randomInteger min="1" max="9" /></imsqti:setTemplateValue></imsqti:templateProcessing><itemBody ><p>Consider \( \bf \sin(<printedVariable identifier="a" />\cdot \mathrm i) = a + b \cdot \mathrm i \). What can be said about a and b ?</p><choiceInteraction responseIdentifier="RESPONSE_1" shuffle="false" maxChoices="1"><simpleChoice identifier="idc77641d6-b9f0-4f47-99b8-e3cf022b23d6"><p>\( a \lt 0 \) and \( b \gt  0\)</p></simpleChoice><simpleChoice identifier="ide06340dd-f9fc-488e-9dbe-b951a58b5a08"><p>\( a \gt 0 \) and \( b \gt  0\)</p></simpleChoice><simpleChoice identifier="idd5e24a88-46b7-4769-af41-6ec2f9eecff1"><p>\( a = 0 \) and \( b \gt  0\)</p></simpleChoice><simpleChoice identifier="id53c9b2ce-f549-4953-9817-b33ad3719765"><p>\( a \lt 0 \) and \( b =  0\)</p></simpleChoice><simpleChoice identifier="id87544701-9536-4682-883b-f1f048e1473b"><p>\( a = 0 \) and \( b \lt  0\)</p></simpleChoice><simpleChoice identifier="idf8a8aed9-2176-4ece-9aa6-3f3a032e27e1"><p>\( a \lt 0 \) and \( b \lt  0\)</p></simpleChoice></choiceInteraction></itemBody><imsqti:responseProcessing xmlns:imsqti="http://www.imsglobal.org/xsd/imsqti_v2p1"><imsqti:responseCondition><imsqti:responseIf><imsqti:isNull><imsqti:variable identifier="RESPONSE_1" /></imsqti:isNull><imsqti:setOutcomeValue identifier="FEEDBACKBASIC"><imsqti:baseValue baseType="identifier">empty</imsqti:baseValue></imsqti:setOutcomeValue></imsqti:responseIf><imsqti:responseElseIf><imsqti:match><imsqti:variable identifier="RESPONSE_1" /><imsqti:correct identifier="RESPONSE_1" /></imsqti:match><imsqti:setOutcomeValue identifier="SCORE"><imsqti:sum><imsqti:variable identifier="SCORE" /><imsqti:variable identifier="MAXSCORE" /></imsqti:sum></imsqti:setOutcomeValue><imsqti:setOutcomeValue identifier="FEEDBACKBASIC"><imsqti:baseValue baseType="identifier">correct</imsqti:baseValue></imsqti:setOutcomeValue></imsqti:responseElseIf><imsqti:responseElse><imsqti:setOutcomeValue identifier="FEEDBACKBASIC"><imsqti:baseValue baseType="identifier">incorrect</imsqti:baseValue></imsqti:setOutcomeValue></imsqti:responseElse></imsqti:responseCondition></imsqti:responseProcessing></assessmentItem>
