<?xml version="1.0" encoding="UTF-8"?>
<assessmentItem xmlns="http://www.imsglobal.org/xsd/imsqti_v2p1" xmlns:xsi="http://www.w3.org/2001/XMLSchema-instance" xsi:schemaLocation="http://www.imsglobal.org/xsd/imsqti_v2p1 http://www.imsglobal.org/xsd/qti/qtiv2p1/imsqti_v2p1p1.xsd http://www.w3.org/1998/Math/MathML http://www.w3.org/Math/XMLSchema/mathml2/mathml2.xsd" identifier="ideaa5624c-99ad-4fef-a0e2-72a87d2b6e68" title="NormalverteilungMeßvorgang2" adaptive="false" timeDependent="false"><responseDeclaration identifier="RESPONSE_1402576171207" cardinality="single" baseType="float"><correctResponse><value>0</value></correctResponse></responseDeclaration><outcomeDeclaration identifier="SCORE" cardinality="single" baseType="float"><defaultValue><value>0</value></defaultValue></outcomeDeclaration><outcomeDeclaration identifier="MAXSCORE" cardinality="single" baseType="float"><defaultValue><value>4</value></defaultValue></outcomeDeclaration><outcomeDeclaration identifier="FEEDBACKBASIC" cardinality="single" baseType="identifier" view="testConstructor"><defaultValue><value>empty</value></defaultValue></outcomeDeclaration><outcomeDeclaration identifier="FEEDBACKMODAL" cardinality="multiple" baseType="identifier" view="testConstructor" /><templateDeclaration identifier="Dummy" cardinality="single" baseType="float" /><templateDeclaration identifier="r" cardinality="single" baseType="float" /><templateDeclaration identifier="v" cardinality="single" baseType="integer" /><templateDeclaration identifier="w" cardinality="single" baseType="float" /><templateProcessing><setTemplateValue identifier="Dummy"><customOperator definition="MAXIMA" value="float(load(distrib));" /></setTemplateValue><setTemplateValue identifier="r"><random><multiple><baseValue baseType="float">2.5</baseValue><baseValue baseType="float">2.6</baseValue><baseValue baseType="float">2.7</baseValue><baseValue baseType="float">2.8</baseValue><baseValue baseType="float">2.9</baseValue><baseValue baseType="float">3.1</baseValue><baseValue baseType="float">3.2</baseValue><baseValue baseType="float">3.3</baseValue><baseValue baseType="float">3.4</baseValue><baseValue baseType="float">3.5</baseValue><baseValue baseType="float">3.6</baseValue></multiple></random></setTemplateValue><setTemplateValue identifier="v"><random><multiple><baseValue baseType="integer">3</baseValue><baseValue baseType="integer">4</baseValue><baseValue baseType="integer">5</baseValue><baseValue baseType="integer">6</baseValue></multiple></random></setTemplateValue><setTemplateValue identifier="w"><customOperator definition="MAXIMA" value="float(2*cdf_normal($(1)/$(2), 0,1)-1) *100"><variable identifier="r" /><variable identifier="v" /></customOperator></setTemplateValue><setCorrectResponse identifier="RESPONSE_1402576171207"><variable identifier="w" /></setCorrectResponse></templateProcessing><itemBody ><p><p style="-qt-block-indent: 0; text-indent: 0px; margin: 0px;">Ein Werkstück besitzt die gewünschte Qualität, wenn die Abweichung r eines bestimmten Maßes vom entsprechenden Nennmaß dem Betrage nach nicht grösser</p><p style="-qt-block-indent: 0; text-indent: 0px; margin: 0px;">als <printedVariable identifier="r" />mm ist. Der Herstellungsprozess sei so beschaffen, dass dieses Maß als</p><p style="-qt-block-indent: 0; text-indent: 0px; margin: 0px;">eine normalverteilte Zufallsgröße angesehen werden kann, deren Erwartungswert \( \mu\)</p><p style="-qt-block-indent: 0; text-indent: 0px; margin: 0px;">mit dem Nennmaß übereinstimmt. Weiterhin sei \(\sigma = \)<printedVariable identifier="v" />mm bekannt. Wieviel</p><p style="-qt-block-indent: 0; text-indent: 0px; margin: 0px;">Prozent W (gerundet auf eine Stelle nach dem Komma) der Werkstücke einer Serie werden durchschnittlich mit gewünschter Qualität produziert?</p><p> W = <textEntryInteraction responseIdentifier="RESPONSE_1402576171207" expectedLength="4" /></p><p>Bemerkung: Diese Aufgabe ist lösbar obwohl der Erwartungswert \( \mu\) nicht bekannt ist.</p></p></itemBody><responseProcessing><responseCondition><responseIf><equal toleranceMode="absolute" tolerance="0.1 0.1" includeLowerBound="true" includeUpperBound="true"><variable identifier="RESPONSE_1402576171207" /><correct identifier="RESPONSE_1402576171207" /></equal><setOutcomeValue identifier="SCORE"><sum><variable identifier="SCORE" /><baseValue baseType="float">4</baseValue></sum></setOutcomeValue></responseIf></responseCondition><responseCondition><responseIf><not><isNull><variable identifier="RESPONSE_1402576171207" /></isNull></not><setOutcomeValue identifier="FEEDBACKBASIC"><baseValue baseType="identifier">incorrect</baseValue></setOutcomeValue></responseIf></responseCondition><responseCondition><responseIf><and><not><match><variable identifier="FEEDBACKBASIC" /><baseValue baseType="identifier">empty</baseValue></match></not><equal toleranceMode="exact"><variable identifier="SCORE" /><variable identifier="MAXSCORE" /></equal></and><setOutcomeValue identifier="FEEDBACKBASIC"><baseValue baseType="identifier">correct</baseValue></setOutcomeValue></responseIf></responseCondition><responseCondition><responseIf><and><match><baseValue baseType="identifier">incorrect</baseValue><variable identifier="FEEDBACKBASIC" /></match></and><setOutcomeValue identifier="FEEDBACKMODAL"><multiple><variable identifier="FEEDBACKMODAL" /><baseValue baseType="identifier">Feedback933287980</baseValue></multiple></setOutcomeValue></responseIf></responseCondition></responseProcessing><modalFeedback  identifier="Feedback933287980" outcomeIdentifier="FEEDBACKMODAL" showHide="show"><p>Skizze:</p><p>Sei Y die (normalverteilte) Zufallsvariable der gegebenen Meßgröße. Sei \(\mu\) der Erwartungswert und \( \sigma\) die Standartabweichung von Y.Wir wollen wissen, wie groß ist die Wahrscheinlicheit dafür, dass \( |Y-\mu| \le r\) mit r vorgegebener akzeptabler Abweichung, d.h. gesucht ist \( P(|Y-\mu| \le r)\). Das können wir umformen zu \( P(|Y-\mu| \le r) = P( \mu - r \le  Y \le \mu+r) = P(  - r \le  Y-\mu  \le +r) = P(\frac{ - r}{\sigma} \le \frac{ Y-\mu}{\sigma}  \le \frac<printedVariable identifier="r" />{\sigma})\). Wir wissen aus der Vorlesung dass, \(\frac{ Y-\mu}{\sigma}\) Standartnormalverteilt ist, daher können wir mit einer Tabelle oder einem Computeralgebrasystem \(P(\frac{ -r}{\sigma})\) und \(P(\frac{ r}{\sigma})\) bestimmen (berechnen). Man bilde die Differenz um die gesuchte Wahrscheinlichkeit zu erhalten oder man verwende, dass für eine Standartnormalverteilte Zufalls größe X gilt: \( P(-s \le X \le s) = 2 \cdot P(X\le s) -1\) für s reell.</p></modalFeedback></assessmentItem>
