<?xml version="1.0" encoding="UTF-8"?>
<assessmentItem xmlns="http://www.imsglobal.org/xsd/imsqti_v2p1" xmlns:xsi="http://www.w3.org/2001/XMLSchema-instance" xsi:schemaLocation="http://www.imsglobal.org/xsd/imsqti_v2p1 http://www.imsglobal.org/xsd/qti/qtiv2p1/imsqti_v2p1p1.xsd http://www.w3.org/1998/Math/MathML http://www.w3.org/Math/XMLSchema/mathml2/mathml2.xsd" identifier="id7ae89997-b603-49b7-83e3-9beeb3f36d5d" title="OrthogonalProjektion-R3" adaptive="false" timeDependent="false"><responseDeclaration identifier="RESPONSE_1415811148143" cardinality="single" baseType="string" /><responseDeclaration identifier="RESPONSE_1415811148143_46544" cardinality="single" baseType="string" /><responseDeclaration identifier="RESPONSE_1415811318735" cardinality="single" baseType="string" /><responseDeclaration identifier="RESPONSE_1415811467691" cardinality="single" baseType="string" /><responseDeclaration identifier="RESPONSE_1415979637937" cardinality="single" baseType="float"><correctResponse><value>0</value></correctResponse></responseDeclaration><responseDeclaration identifier="RESPONSE_1415813159795" cardinality="single" baseType="string" /><responseDeclaration identifier="RESPONSE_1415981649642" cardinality="single" baseType="string" /><responseDeclaration identifier="RESPONSE_1415981681618" cardinality="single" baseType="string" /><responseDeclaration identifier="RESPONSE_1415813187350" cardinality="single" baseType="string" /><responseDeclaration identifier="RESPONSE_1415981805496" cardinality="single" baseType="string" /><responseDeclaration identifier="RESPONSE_1415981832993" cardinality="single" baseType="string" /><outcomeDeclaration identifier="SCORE" cardinality="single" baseType="float"><defaultValue><value>0</value></defaultValue></outcomeDeclaration><outcomeDeclaration identifier="MAXSCORE" cardinality="single" baseType="float"><defaultValue><value>9</value></defaultValue></outcomeDeclaration><outcomeDeclaration identifier="FEEDBACKBASIC" cardinality="single" baseType="identifier" view="testConstructor"><defaultValue><value>empty</value></defaultValue></outcomeDeclaration><outcomeDeclaration identifier="FEEDBACKMODAL" cardinality="multiple" baseType="identifier" view="testConstructor" /><templateDeclaration identifier="u1" cardinality="single" baseType="integer" /><templateDeclaration identifier="u2" cardinality="single" baseType="integer" /><templateDeclaration identifier="u3" cardinality="single" baseType="integer" /><templateDeclaration identifier="uu" cardinality="single" baseType="integer" /><templateDeclaration identifier="nu" cardinality="single" baseType="string" /><templateDeclaration identifier="v1" cardinality="single" baseType="integer" /><templateDeclaration identifier="v2" cardinality="single" baseType="integer" /><templateDeclaration identifier="v3" cardinality="single" baseType="integer" /><templateDeclaration identifier="vv" cardinality="single" baseType="integer" /><templateDeclaration identifier="nv" cardinality="single" baseType="string" /><templateDeclaration identifier="uv" cardinality="single" baseType="string" /><templateDeclaration identifier="tu" cardinality="single" baseType="string" /><templateDeclaration identifier="tv" cardinality="single" baseType="string" /><templateDeclaration identifier="cosw" cardinality="single" baseType="string" /><templateDeclaration identifier="faktor" cardinality="single" baseType="string" /><templateDeclaration identifier="upv" cardinality="single" baseType="string" /><templateDeclaration identifier="uov" cardinality="single" baseType="string" /><templateDeclaration identifier="tnu" cardinality="single" baseType="string" /><templateDeclaration identifier="w" cardinality="single" baseType="float" /><templateDeclaration identifier="upv1" cardinality="single" baseType="string" /><templateDeclaration identifier="upv2" cardinality="single" baseType="string" /><templateDeclaration identifier="upv3" cardinality="single" baseType="string" /><templateDeclaration identifier="uov1" cardinality="single" baseType="string" /><templateDeclaration identifier="uov2" cardinality="single" baseType="string" /><templateDeclaration identifier="uov3" cardinality="single" baseType="string" /><templateProcessing><setTemplateValue identifier="u1"><randomInteger min="-5" max="5" /></setTemplateValue><setTemplateValue identifier="u2"><randomInteger min="-5" max="5" /></setTemplateValue><setTemplateValue identifier="u3"><randomInteger min="-5" max="5" /></setTemplateValue><setTemplateValue identifier="uu"><customOperator definition="MAXIMA" value="float($(1)*$(2)+$(3)*$(4)+$(5)*$(6));"><variable identifier="u1" /><variable identifier="u1" /><variable identifier="u2" /><variable identifier="u2" /><variable identifier="u3" /><variable identifier="u3" /></customOperator></setTemplateValue><templateCondition><templateIf><match><variable identifier="uu" /><baseValue baseType="integer">0</baseValue></match><setTemplateValue identifier="u2"><random><multiple><baseValue baseType="integer">-5</baseValue><baseValue baseType="integer">-4</baseValue><baseValue baseType="integer">-3</baseValue><baseValue baseType="integer">-2</baseValue><baseValue baseType="integer">-1</baseValue><baseValue baseType="integer">1</baseValue><baseValue baseType="integer">2</baseValue><baseValue baseType="integer">4</baseValue><baseValue baseType="integer">5</baseValue></multiple></random></setTemplateValue></templateIf></templateCondition><setTemplateValue identifier="nu"><customOperator definition="MAXIMA" value="string(sqrt($(1)*$(2)+$(3)*$(4)+$(5)*$(6)))"><variable identifier="u1" /><variable identifier="u1" /><variable identifier="u2" /><variable identifier="u2" /><variable identifier="u3" /><variable identifier="u3" /></customOperator></setTemplateValue><setTemplateValue identifier="v1"><randomInteger min="-5" max="5" /></setTemplateValue><setTemplateValue identifier="v2"><randomInteger min="-5" max="5" /></setTemplateValue><setTemplateValue identifier="v3"><randomInteger min="-5" max="5" /></setTemplateValue><setTemplateValue identifier="vv"><customOperator definition="MAXIMA" value="float($(1)*$(2)+$(3)*$(4)+$(5)*$(6));"><variable identifier="v1" /><variable identifier="v1" /><variable identifier="v2" /><variable identifier="v2" /><variable identifier="v3" /><variable identifier="v3" /></customOperator></setTemplateValue><templateCondition><templateIf><match><variable identifier="vv" /><baseValue baseType="integer">0</baseValue></match><setTemplateValue identifier="v3"><random><multiple><baseValue baseType="integer">-5</baseValue><baseValue baseType="integer">-4</baseValue><baseValue baseType="integer">-3</baseValue><baseValue baseType="integer">-2</baseValue><baseValue baseType="integer">-1</baseValue><baseValue baseType="integer">1</baseValue><baseValue baseType="integer">2</baseValue><baseValue baseType="integer">3</baseValue><baseValue baseType="integer">4</baseValue></multiple></random></setTemplateValue></templateIf></templateCondition><setTemplateValue identifier="nv"><customOperator definition="MAXIMA" value="string(sqrt($(1)*$(2)+$(3)*$(4)+$(5)*$(6)))"><variable identifier="v1" /><variable identifier="v1" /><variable identifier="v2" /><variable identifier="v2" /><variable identifier="v3" /><variable identifier="v3" /></customOperator></setTemplateValue><setTemplateValue identifier="uv"><customOperator definition="MAXIMA" value="string($(1)*$(2)+$(3)*$(4)+$(5)*$(6))"><variable identifier="u1" /><variable identifier="v1" /><variable identifier="u2" /><variable identifier="v2" /><variable identifier="u3" /><variable identifier="v3" /></customOperator></setTemplateValue><setTemplateValue identifier="tu"><customOperator definition="MAXIMA" value="tex1(($(1),$(2),$(3)))"><variable identifier="u1" /><variable identifier="u2" /><variable identifier="u3" /></customOperator></setTemplateValue><setTemplateValue identifier="tv"><customOperator definition="MAXIMA" value="tex1([$(1),$(2),$(3)])"><variable identifier="v1" /><variable identifier="v2" /><variable identifier="v3" /></customOperator></setTemplateValue><setTemplateValue identifier="cosw"><customOperator definition="MAXIMA" value="string($(1)/($(2)*$(3)))"><variable identifier="uv" /><variable identifier="nu" /><variable identifier="nv" /></customOperator></setTemplateValue><setTemplateValue identifier="faktor"><customOperator definition="MAXIMA" value="string($(1)/($(2)*$(3)))"><variable identifier="uv" /><variable identifier="nv" /><variable identifier="nv" /></customOperator></setTemplateValue><setTemplateValue identifier="upv"><customOperator definition="MAXIMA" value="string([$(1)*$(2),$(3)*$(4),$(5)*$(6)])"><variable identifier="faktor" /><variable identifier="v1" /><variable identifier="faktor" /><variable identifier="v2" /><variable identifier="faktor" /><variable identifier="v3" /></customOperator></setTemplateValue><setTemplateValue identifier="uov"><customOperator definition="MAXIMA" value="string([$(1)-$(2)*$(3),$(4)-$(5)*$(6),$(7)-$(8)*$(9)])"><variable identifier="u1" /><variable identifier="faktor" /><variable identifier="v1" /><variable identifier="u2" /><variable identifier="faktor" /><variable identifier="v2" /><variable identifier="u3" /><variable identifier="faktor" /><variable identifier="v3" /></customOperator></setTemplateValue><setTemplateValue identifier="tnu"><customOperator definition="MAXIMA" value="tex1($(1))"><variable identifier="nu" /></customOperator></setTemplateValue><setTemplateValue identifier="w"><customOperator definition="MAXIMA" value="float(acos($(1)))"><variable identifier="cosw" /></customOperator></setTemplateValue><setTemplateValue identifier="upv1"><customOperator definition="MAXIMA" value="string($(1)*$(2))"><variable identifier="faktor" /><variable identifier="u1" /></customOperator></setTemplateValue><setTemplateValue identifier="upv2"><customOperator definition="MAXIMA" value="string($(1)*$(2))"><variable identifier="faktor" /><variable identifier="u2" /></customOperator></setTemplateValue><setTemplateValue identifier="upv3"><customOperator definition="MAXIMA" value="string($(1)*$(2))"><variable identifier="faktor" /><variable identifier="u3" /></customOperator></setTemplateValue><setTemplateValue identifier="uov1"><customOperator definition="MAXIMA" value="string($(1)-$(2)*$(3))"><variable identifier="v1" /><variable identifier="faktor" /><variable identifier="u1" /></customOperator></setTemplateValue><setTemplateValue identifier="uov2"><customOperator definition="MAXIMA" value="string($(1)-$(2)*$(3))"><variable identifier="v2" /><variable identifier="faktor" /><variable identifier="u2" /></customOperator></setTemplateValue><setTemplateValue identifier="uov3"><customOperator definition="MAXIMA" value="string($(1)-$(2)*$(3))"><variable identifier="v3" /><variable identifier="faktor" /><variable identifier="u3" /></customOperator></setTemplateValue><setCorrectResponse identifier="RESPONSE_1415811148143"><customOperator definition="VARIABLESTRING" value="$(1)"><variable identifier="nu" /></customOperator></setCorrectResponse><setCorrectResponse identifier="RESPONSE_1415811148143_46544"><customOperator definition="VARIABLESTRING" value="$(1)"><variable identifier="nv" /></customOperator></setCorrectResponse><setCorrectResponse identifier="RESPONSE_1415811318735"><customOperator definition="VARIABLESTRING" value="$(1)"><variable identifier="uv" /></customOperator></setCorrectResponse><setCorrectResponse identifier="RESPONSE_1415811467691"><customOperator definition="VARIABLESTRING" value="$(1)"><variable identifier="cosw" /></customOperator></setCorrectResponse><setCorrectResponse identifier="RESPONSE_1415813159795"><customOperator definition="VARIABLESTRING" value="$(1)"><variable identifier="upv1" /></customOperator></setCorrectResponse><setCorrectResponse identifier="RESPONSE_1415981649642"><customOperator definition="VARIABLESTRING" value="$(1)"><variable identifier="upv2" /></customOperator></setCorrectResponse><setCorrectResponse identifier="RESPONSE_1415981681618"><customOperator definition="VARIABLESTRING" value="$(1)"><variable identifier="upv3" /></customOperator></setCorrectResponse><setCorrectResponse identifier="RESPONSE_1415813187350"><customOperator definition="VARIABLESTRING" value="$(1)"><variable identifier="uov1" /></customOperator></setCorrectResponse><setCorrectResponse identifier="RESPONSE_1415981805496"><customOperator definition="VARIABLESTRING" value="$(1)"><variable identifier="uov2" /></customOperator></setCorrectResponse><setCorrectResponse identifier="RESPONSE_1415981832993"><customOperator definition="VARIABLESTRING" value="$(1)"><variable identifier="uov3" /></customOperator></setCorrectResponse><setCorrectResponse identifier="RESPONSE_1415979637937"><variable identifier="w" /></setCorrectResponse></templateProcessing><itemBody ><p>Berechnen Sie für die Vektoren  \(\underline u=(<printedVariable identifier="u1" />,<printedVariable identifier="u2" />,<printedVariable identifier="u3" />)\) und \(\underline v=(<printedVariable identifier="v1" />,<printedVariable identifier="v2" />,<printedVariable identifier="v3" />)\) die folgenden Größen.</p><p>Bis auf die Größe des Winkels sind die Werte exakt anzugeben, z.B. \(2\sqrt{3}\) als 2*sqrt(3).</p><ul><li>die euklidische Norm von \(\underline u\):   \(\Vert\underline u\Vert=\) <textEntryInteraction responseIdentifier="RESPONSE_1415811148143" class="maxima-formula show-latex show-syntax-error" /></li><li>die euklidische Norm von \(\underline v\):   \(\Vert\underline v\Vert=\) <textEntryInteraction responseIdentifier="RESPONSE_1415811148143_46544" class="maxima-formula show-latex show-syntax-error" /></li><li>das euklidische Skalarprodukt von \(\underline u\) und \(\underline v\):   \(\langle \underline u,\underline v\rangle=\) <textEntryInteraction responseIdentifier="RESPONSE_1415811318735" class="maxima-formula show-latex show-syntax-error" /></li><li>den Kosinus des Winkels \(\measuredangle(\underline u,\underline v)\) zwischen \(\underline u\) und \(\underline v\):   \(\cos\measuredangle(\underline u,\underline v)=\) <textEntryInteraction responseIdentifier="RESPONSE_1415811467691" class="maxima-formula show-latex show-syntax-error" /></li><li>den Wert des Winkels \(\measuredangle(\underline u,\underline v)\) im Bogenmaß auf 4 Dezimalen genau:   \(\measuredangle(\underline u,\underline v)=\)  <textEntryInteraction responseIdentifier="RESPONSE_1415979637937" /></li><li>den zu \(\underline v\) parallelen Anteil von \(\underline u\):   \(\underline u_{\underline v}=\) (<textEntryInteraction responseIdentifier="RESPONSE_1415813159795" expectedLength="4" class="maxima-formula show-latex show-syntax-error" />, <textEntryInteraction responseIdentifier="RESPONSE_1415981649642" expectedLength="4" class="maxima-formula show-latex show-syntax-error" />, <textEntryInteraction responseIdentifier="RESPONSE_1415981681618" expectedLength="4" class="maxima-formula show-latex show-syntax-error" />)</li><li>den zu \(\underline v\) orthogonalen  Anteil von \(\underline u\):   \(\underline u_{\perp\underline v}=\) (<textEntryInteraction responseIdentifier="RESPONSE_1415813187350" expectedLength="4" class="maxima-formula show-latex show-syntax-error" />, <textEntryInteraction responseIdentifier="RESPONSE_1415981805496" expectedLength="4" class="maxima-formula show-latex show-syntax-error" />, <textEntryInteraction responseIdentifier="RESPONSE_1415981832993" expectedLength="4" class="maxima-formula show-latex show-syntax-error" />)</li></ul></itemBody><responseProcessing><responseCondition><responseIf><customOperator definition="MAXIMA" value="is(equal(ev($(1)),ev($(2))));"><variable identifier="RESPONSE_1415811148143" /><correct identifier="RESPONSE_1415811148143" /></customOperator><setOutcomeValue identifier="SCORE"><sum><variable identifier="SCORE" /><baseValue baseType="float">1</baseValue></sum></setOutcomeValue></responseIf></responseCondition><responseCondition><responseIf><not><isNull><variable identifier="RESPONSE_1415811148143" /></isNull></not><setOutcomeValue identifier="FEEDBACKBASIC"><baseValue baseType="identifier">incorrect</baseValue></setOutcomeValue></responseIf></responseCondition><responseCondition><responseIf><customOperator definition="MAXIMA" value="is(equal(ev($(1)),ev($(2))));"><variable identifier="RESPONSE_1415811148143_46544" /><correct identifier="RESPONSE_1415811148143_46544" /></customOperator><setOutcomeValue identifier="SCORE"><sum><variable identifier="SCORE" /><baseValue baseType="float">1</baseValue></sum></setOutcomeValue></responseIf></responseCondition><responseCondition><responseIf><not><isNull><variable identifier="RESPONSE_1415811148143_46544" /></isNull></not><setOutcomeValue identifier="FEEDBACKBASIC"><baseValue baseType="identifier">incorrect</baseValue></setOutcomeValue></responseIf></responseCondition><responseCondition><responseIf><customOperator definition="MAXIMA" value="is(equal(ev($(1)),ev($(2))));"><variable identifier="RESPONSE_1415811318735" /><correct identifier="RESPONSE_1415811318735" /></customOperator><setOutcomeValue identifier="SCORE"><sum><variable identifier="SCORE" /><baseValue baseType="float">1</baseValue></sum></setOutcomeValue></responseIf></responseCondition><responseCondition><responseIf><not><isNull><variable identifier="RESPONSE_1415811318735" /></isNull></not><setOutcomeValue identifier="FEEDBACKBASIC"><baseValue baseType="identifier">incorrect</baseValue></setOutcomeValue></responseIf></responseCondition><responseCondition><responseIf><customOperator definition="MAXIMA" value="is(equal(ev($(1)),ev($(2))));"><variable identifier="RESPONSE_1415811467691" /><correct identifier="RESPONSE_1415811467691" /></customOperator><setOutcomeValue identifier="SCORE"><sum><variable identifier="SCORE" /><baseValue baseType="float">1</baseValue></sum></setOutcomeValue></responseIf></responseCondition><responseCondition><responseIf><not><isNull><variable identifier="RESPONSE_1415811467691" /></isNull></not><setOutcomeValue identifier="FEEDBACKBASIC"><baseValue baseType="identifier">incorrect</baseValue></setOutcomeValue></responseIf></responseCondition><responseCondition><responseIf><equal toleranceMode="absolute" tolerance="0.00005 0.00005" includeLowerBound="true" includeUpperBound="true"><variable identifier="RESPONSE_1415979637937" /><correct identifier="RESPONSE_1415979637937" /></equal><setOutcomeValue identifier="SCORE"><sum><variable identifier="SCORE" /><baseValue baseType="float">2</baseValue></sum></setOutcomeValue></responseIf></responseCondition><responseCondition><responseIf><not><isNull><variable identifier="RESPONSE_1415979637937" /></isNull></not><setOutcomeValue identifier="FEEDBACKBASIC"><baseValue baseType="identifier">incorrect</baseValue></setOutcomeValue></responseIf></responseCondition><responseCondition><responseIf><customOperator definition="MAXIMA" value="is(equal(ev($(1)),ev($(2))));"><variable identifier="RESPONSE_1415813159795" /><correct identifier="RESPONSE_1415813159795" /></customOperator><setOutcomeValue identifier="SCORE"><sum><variable identifier="SCORE" /><baseValue baseType="float">0.5</baseValue></sum></setOutcomeValue></responseIf></responseCondition><responseCondition><responseIf><not><isNull><variable identifier="RESPONSE_1415813159795" /></isNull></not><setOutcomeValue identifier="FEEDBACKBASIC"><baseValue baseType="identifier">incorrect</baseValue></setOutcomeValue></responseIf></responseCondition><responseCondition><responseIf><customOperator definition="MAXIMA" value="is(equal(ev($(1)),ev($(2))));"><variable identifier="RESPONSE_1415981649642" /><correct identifier="RESPONSE_1415981649642" /></customOperator><setOutcomeValue identifier="SCORE"><sum><variable identifier="SCORE" /><baseValue baseType="float">0.5</baseValue></sum></setOutcomeValue></responseIf></responseCondition><responseCondition><responseIf><not><isNull><variable identifier="RESPONSE_1415981649642" /></isNull></not><setOutcomeValue identifier="FEEDBACKBASIC"><baseValue baseType="identifier">incorrect</baseValue></setOutcomeValue></responseIf></responseCondition><responseCondition><responseIf><customOperator definition="MAXIMA" value="is(equal(ev($(1)),ev($(2))));"><variable identifier="RESPONSE_1415981681618" /><correct identifier="RESPONSE_1415981681618" /></customOperator><setOutcomeValue identifier="SCORE"><sum><variable identifier="SCORE" /><baseValue baseType="float">0.5</baseValue></sum></setOutcomeValue></responseIf></responseCondition><responseCondition><responseIf><not><isNull><variable identifier="RESPONSE_1415981681618" /></isNull></not><setOutcomeValue identifier="FEEDBACKBASIC"><baseValue baseType="identifier">incorrect</baseValue></setOutcomeValue></responseIf></responseCondition><responseCondition><responseIf><customOperator definition="MAXIMA" value="is(equal(ev($(1)),ev($(2))));"><variable identifier="RESPONSE_1415813187350" /><correct identifier="RESPONSE_1415813187350" /></customOperator><setOutcomeValue identifier="SCORE"><sum><variable identifier="SCORE" /><baseValue baseType="float">0.5</baseValue></sum></setOutcomeValue></responseIf></responseCondition><responseCondition><responseIf><not><isNull><variable identifier="RESPONSE_1415813187350" /></isNull></not><setOutcomeValue identifier="FEEDBACKBASIC"><baseValue baseType="identifier">incorrect</baseValue></setOutcomeValue></responseIf></responseCondition><responseCondition><responseIf><customOperator definition="MAXIMA" value="is(equal(ev($(1)),ev($(2))));"><variable identifier="RESPONSE_1415981805496" /><correct identifier="RESPONSE_1415981805496" /></customOperator><setOutcomeValue identifier="SCORE"><sum><variable identifier="SCORE" /><baseValue baseType="float">0.5</baseValue></sum></setOutcomeValue></responseIf></responseCondition><responseCondition><responseIf><not><isNull><variable identifier="RESPONSE_1415981805496" /></isNull></not><setOutcomeValue identifier="FEEDBACKBASIC"><baseValue baseType="identifier">incorrect</baseValue></setOutcomeValue></responseIf></responseCondition><responseCondition><responseIf><customOperator definition="MAXIMA" value="is(equal(ev($(1)),ev($(2))));"><variable identifier="RESPONSE_1415981832993" /><correct identifier="RESPONSE_1415981832993" /></customOperator><setOutcomeValue identifier="SCORE"><sum><variable identifier="SCORE" /><baseValue baseType="float">0.5</baseValue></sum></setOutcomeValue></responseIf></responseCondition><responseCondition><responseIf><not><isNull><variable identifier="RESPONSE_1415981832993" /></isNull></not><setOutcomeValue identifier="FEEDBACKBASIC"><baseValue baseType="identifier">incorrect</baseValue></setOutcomeValue></responseIf></responseCondition><responseCondition><responseIf><and><not><match><variable identifier="FEEDBACKBASIC" /><baseValue baseType="identifier">empty</baseValue></match></not><equal toleranceMode="exact"><variable identifier="SCORE" /><variable identifier="MAXSCORE" /></equal></and><setOutcomeValue identifier="FEEDBACKBASIC"><baseValue baseType="identifier">correct</baseValue></setOutcomeValue></responseIf></responseCondition><responseCondition><responseIf><and><match><baseValue baseType="identifier">correct</baseValue><variable identifier="FEEDBACKBASIC" /></match></and><setOutcomeValue identifier="FEEDBACKMODAL"><multiple><variable identifier="FEEDBACKMODAL" /><baseValue baseType="identifier">Feedback1507894654</baseValue></multiple></setOutcomeValue></responseIf></responseCondition><responseCondition><responseIf><and><match><baseValue baseType="identifier">incorrect</baseValue><variable identifier="FEEDBACKBASIC" /></match></and><setOutcomeValue identifier="FEEDBACKMODAL"><multiple><variable identifier="FEEDBACKMODAL" /><baseValue baseType="identifier">Feedback258038977</baseValue></multiple></setOutcomeValue></responseIf></responseCondition></responseProcessing><modalFeedback  identifier="Feedback1507894654" outcomeIdentifier="FEEDBACKMODAL" showHide="show" title="Richtig!" /><modalFeedback  identifier="Feedback258038977" outcomeIdentifier="FEEDBACKMODAL" showHide="show" title="Leider nicht alles richtig!" /></assessmentItem>
