<?xml version="1.0" encoding="UTF-8"?>
<assessmentItem xmlns="http://www.imsglobal.org/xsd/imsqti_v2p1" xmlns:xsi="http://www.w3.org/2001/XMLSchema-instance" xsi:schemaLocation="http://www.imsglobal.org/xsd/imsqti_v2p1 http://www.imsglobal.org/xsd/qti/qtiv2p1/imsqti_v2p1p1.xsd http://www.w3.org/1998/Math/MathML http://www.w3.org/Math/XMLSchema/mathml2/mathml2.xsd" identifier="id7f642032-9bdb-4428-ac41-6c09c0ee9f60" title="betragsgleichung_01" adaptive="false" timeDependent="false"><responseDeclaration identifier="RESPONSE_1408441160809" cardinality="single" baseType="string" /><responseDeclaration identifier="RESPONSE_1408441213853" cardinality="single" baseType="string" /><outcomeDeclaration identifier="SCORE" cardinality="single" baseType="float"><defaultValue><value>0</value></defaultValue></outcomeDeclaration><outcomeDeclaration identifier="MAXSCORE" cardinality="single" baseType="float"><defaultValue><value>1</value></defaultValue></outcomeDeclaration><outcomeDeclaration identifier="FEEDBACKBASIC" cardinality="single" baseType="identifier" view="testConstructor"><defaultValue><value>empty</value></defaultValue></outcomeDeclaration><outcomeDeclaration identifier="FEEDBACKMODAL" cardinality="multiple" baseType="identifier" view="testConstructor" /><templateDeclaration identifier="a" cardinality="single" baseType="integer" /><templateDeclaration identifier="b" cardinality="single" baseType="integer" /><templateDeclaration identifier="c" cardinality="single" baseType="integer" /><templateDeclaration identifier="n1" cardinality="single" baseType="integer" /><templateDeclaration identifier="n2" cardinality="single" baseType="integer" /><templateDeclaration identifier="x1_tex" cardinality="single" baseType="string" /><templateDeclaration identifier="x2_tex" cardinality="single" baseType="string" /><templateProcessing><setTemplateValue identifier="a"><randomInteger min="2" max="9" /></setTemplateValue><setTemplateValue identifier="b"><randomInteger min="2" max="12" step="2" /></setTemplateValue><setTemplateValue identifier="c"><randomInteger min="1" max="13" step="2" /></setTemplateValue><setTemplateValue identifier="n1"><customOperator definition="MAXIMA" value="float($(1)-$(2));"><variable identifier="b" /><variable identifier="c" /></customOperator></setTemplateValue><setTemplateValue identifier="n2"><customOperator definition="MAXIMA" value="float($(1)+$(2));"><variable identifier="b" /><variable identifier="c" /></customOperator></setTemplateValue><setTemplateValue identifier="x1_tex"><customOperator definition="MAXIMA" value="tex1($(1)/$(2))"><variable identifier="n1" /><variable identifier="a" /></customOperator></setTemplateValue><setTemplateValue identifier="x2_tex"><customOperator definition="MAXIMA" value="tex1($(1)/$(2))"><variable identifier="n2" /><variable identifier="a" /></customOperator></setTemplateValue><setCorrectResponse identifier="RESPONSE_1408441160809"><customOperator definition="VARIABLESTRING" value="$(2)/$(1)"><variable identifier="a" /><variable identifier="n1" /></customOperator></setCorrectResponse><setCorrectResponse identifier="RESPONSE_1408441213853"><customOperator definition="VARIABLESTRING" value="$(2)/$(1)"><variable identifier="a" /><variable identifier="n2" /></customOperator></setCorrectResponse></templateProcessing><itemBody ><p>Geben Sie die beiden Lösungen der Gleichung $$|<printedVariable identifier="a" />x-<printedVariable identifier="b" />|=<printedVariable identifier="c" />$$ an! Beginnen Sie mit der kleineren Zahl!</p><p>\(x_1=\) <textEntryInteraction responseIdentifier="RESPONSE_1408441160809" expectedLength="5" /> (kleinere der beiden Lösungen)</p><p>\(x_2=\) <textEntryInteraction responseIdentifier="RESPONSE_1408441213853" expectedLength="5" /> (größere der beiden Lösungen)</p><p><strong>Hinweis:</strong> Sie können Brüche wiefolgt eingeben: $$\frac xy=$$ <strong>x/y. </strong>Geben Sie bitte <strong>keine Kommazahlen</strong> ein!</p><p>                z.B. \(\frac13=\) <strong>1/3</strong>, <span style="text-decoration: underline;">nicht</span> <strong>0.3333</strong> !</p></itemBody><responseProcessing><responseCondition><responseIf><customOperator definition="MAXIMA" value="is(equal(ev($(1)),ev($(2))));" caseSensitive="false"><variable identifier="RESPONSE_1408441160809" /><correct identifier="RESPONSE_1408441160809" /></customOperator><setOutcomeValue identifier="SCORE"><sum><variable identifier="SCORE" /><baseValue baseType="float">0.5</baseValue></sum></setOutcomeValue></responseIf></responseCondition><responseCondition><responseIf><not><isNull><variable identifier="RESPONSE_1408441160809" /></isNull></not><setOutcomeValue identifier="FEEDBACKBASIC"><baseValue baseType="identifier">incorrect</baseValue></setOutcomeValue></responseIf></responseCondition><responseCondition><responseIf><customOperator definition="MAXIMA" value="is(equal(ev($(1)),ev($(2))));" caseSensitive="false"><variable identifier="RESPONSE_1408441213853" /><correct identifier="RESPONSE_1408441213853" /></customOperator><setOutcomeValue identifier="SCORE"><sum><variable identifier="SCORE" /><baseValue baseType="float">0.5</baseValue></sum></setOutcomeValue></responseIf></responseCondition><responseCondition><responseIf><not><isNull><variable identifier="RESPONSE_1408441213853" /></isNull></not><setOutcomeValue identifier="FEEDBACKBASIC"><baseValue baseType="identifier">incorrect</baseValue></setOutcomeValue></responseIf></responseCondition><responseCondition><responseIf><and><not><match><variable identifier="FEEDBACKBASIC" /><baseValue baseType="identifier">empty</baseValue></match></not><equal toleranceMode="exact"><variable identifier="SCORE" /><variable identifier="MAXSCORE" /></equal></and><setOutcomeValue identifier="FEEDBACKBASIC"><baseValue baseType="identifier">correct</baseValue></setOutcomeValue></responseIf></responseCondition><responseCondition><responseIf><and><match><baseValue baseType="identifier">correct</baseValue><variable identifier="FEEDBACKBASIC" /></match></and><setOutcomeValue identifier="FEEDBACKMODAL"><multiple><variable identifier="FEEDBACKMODAL" /><baseValue baseType="identifier">Feedback1643657697</baseValue></multiple></setOutcomeValue></responseIf></responseCondition><responseCondition><responseIf><and><match><baseValue baseType="identifier">incorrect</baseValue><variable identifier="FEEDBACKBASIC" /></match></and><setOutcomeValue identifier="FEEDBACKMODAL"><multiple><variable identifier="FEEDBACKMODAL" /><baseValue baseType="identifier">Feedback2118651751</baseValue></multiple></setOutcomeValue></responseIf></responseCondition></responseProcessing><modalFeedback  identifier="Feedback1643657697" outcomeIdentifier="FEEDBACKMODAL" showHide="show" title="Richtig!"><p>Die Lösungen lassen sich wiefolgt berechnen:</p><p>$$<printedVariable identifier="a" />x_1-<printedVariable identifier="b" />=-<printedVariable identifier="c" />\iff x_1=\frac{<printedVariable identifier="b" />-<printedVariable identifier="c" />}{<printedVariable identifier="a" />}=<printedVariable identifier="x1_tex" />$$</p><p>$$<printedVariable identifier="a" />x_2-<printedVariable identifier="b" />=<printedVariable identifier="c" />\iff x_2=\frac{<printedVariable identifier="b" />+<printedVariable identifier="c" />}{<printedVariable identifier="a" />}=<printedVariable identifier="x2_tex" />$$</p></modalFeedback><modalFeedback  identifier="Feedback2118651751" outcomeIdentifier="FEEDBACKMODAL" showHide="show" title="Leider falsch!"><p>Die Lösungen lassen sich wiefolgt berechnen:</p><p>$$<printedVariable identifier="a" />x_1-<printedVariable identifier="b" />=-<printedVariable identifier="c" />\iff x_1=\frac{<printedVariable identifier="b" />-<printedVariable identifier="c" />}{<printedVariable identifier="a" />}=<printedVariable identifier="x1_tex" />$$</p><p>$$<printedVariable identifier="a" />x_2-<printedVariable identifier="b" />=<printedVariable identifier="c" />\iff x_2=\frac{<printedVariable identifier="b" />+<printedVariable identifier="c" />}{<printedVariable identifier="a" />}=<printedVariable identifier="x2_tex" />$$</p></modalFeedback></assessmentItem>
