<?xml version="1.0" encoding="UTF-8"?>
<assessmentItem xmlns="http://www.imsglobal.org/xsd/imsqti_v2p1" xmlns:xsi="http://www.w3.org/2001/XMLSchema-instance" xsi:schemaLocation="http://www.imsglobal.org/xsd/imsqti_v2p1 http://www.imsglobal.org/xsd/qti/qtiv2p1/imsqti_v2p1p1.xsd http://www.w3.org/1998/Math/MathML http://www.w3.org/Math/XMLSchema/mathml2/mathml2.xsd" identifier="id0ab3aebf-c6e1-4980-ba25-9c2a817487f9" title="Aussage zu natürlichen Zahlen" adaptive="false" timeDependent="false"><responseDeclaration identifier="RESPONSE_1" cardinality="single" baseType="identifier"><correctResponse><value>idbe1a102c-10d0-4d4f-b753-5034bbeb8fd9</value></correctResponse></responseDeclaration><outcomeDeclaration identifier="SCORE" cardinality="single" baseType="float"><defaultValue><value>0</value></defaultValue></outcomeDeclaration><outcomeDeclaration identifier="MAXSCORE" cardinality="single" baseType="float"><defaultValue><value>1</value></defaultValue></outcomeDeclaration><outcomeDeclaration identifier="FEEDBACKBASIC" cardinality="single" baseType="identifier"><defaultValue><value>empty</value></defaultValue></outcomeDeclaration><itemBody ><p>Welche der folgenden Aussagen ist wahr?</p><choiceInteraction responseIdentifier="RESPONSE_1" shuffle="true" maxChoices="1"><simpleChoice identifier="idbe1a102c-10d0-4d4f-b753-5034bbeb8fd9"><p>$$\forall\,x\in\mathbb{N}\,\exists\,y\in\mathbb{N}:\,x^2=y$$</p></simpleChoice><simpleChoice identifier="idf07ac68a-57c6-4571-805c-fda75a00437e"><p>$$\forall\,x\in\mathbb{N}\,\exists\,y\in\mathbb{N}:\,x=y^2$$</p></simpleChoice><simpleChoice identifier="id56aa8eca-efe2-4acf-bfd6-1b0f4bc33805"><p>$$\exists\,z\in\mathbb{N}\,\forall\,x\in\mathbb{N}:\,x+z=0$$</p></simpleChoice><simpleChoice identifier="id51f302af-dbb3-4a17-b947-585490b87e49"><p>$$\forall\,x\in\mathbb{N}\,\exists\,y\in\mathbb{N}:\,x+y=0$$</p></simpleChoice></choiceInteraction></itemBody><responseProcessing><responseCondition><responseIf><isNull><variable identifier="RESPONSE_1" /></isNull><setOutcomeValue identifier="FEEDBACKBASIC"><baseValue baseType="identifier">empty</baseValue></setOutcomeValue></responseIf><responseElseIf><match><variable identifier="RESPONSE_1" /><correct identifier="RESPONSE_1" /></match><setOutcomeValue identifier="SCORE"><sum><variable identifier="SCORE" /><variable identifier="MAXSCORE" /></sum></setOutcomeValue><setOutcomeValue identifier="FEEDBACKBASIC"><baseValue baseType="identifier">correct</baseValue></setOutcomeValue></responseElseIf><responseElse><setOutcomeValue identifier="FEEDBACKBASIC"><baseValue baseType="identifier">incorrect</baseValue></setOutcomeValue></responseElse></responseCondition></responseProcessing></assessmentItem>
