<?xml version="1.0" encoding="UTF-8"?>
<assessmentItem xmlns="http://www.imsglobal.org/xsd/imsqti_v2p1" xmlns:xsi="http://www.w3.org/2001/XMLSchema-instance" xsi:schemaLocation="http://www.imsglobal.org/xsd/imsqti_v2p1 http://www.imsglobal.org/xsd/qti/qtiv2p1/imsqti_v2p1p1.xsd http://www.w3.org/1998/Math/MathML http://www.w3.org/Math/XMLSchema/mathml2/mathml2.xsd" identifier="id1bbf6fa8-806f-4388-9067-c735df40e96f" title="Fläche unter quadrat. Funktion" adaptive="false" timeDependent="false"><responseDeclaration identifier="RESPONSE_1420393899773" cardinality="single" baseType="float"><correctResponse><value>0</value></correctResponse></responseDeclaration><responseDeclaration identifier="RESPONSE_1420395883971" cardinality="single" baseType="float"><correctResponse><value>0</value></correctResponse></responseDeclaration><outcomeDeclaration identifier="SCORE" cardinality="single" baseType="float"><defaultValue><value>0</value></defaultValue></outcomeDeclaration><outcomeDeclaration identifier="MAXSCORE" cardinality="single" baseType="float"><defaultValue><value>3</value></defaultValue></outcomeDeclaration><outcomeDeclaration identifier="FEEDBACKBASIC" cardinality="single" baseType="identifier" view="testConstructor"><defaultValue><value>empty</value></defaultValue></outcomeDeclaration><templateDeclaration identifier="a" cardinality="single" baseType="integer" /><templateDeclaration identifier="t1" cardinality="single" baseType="integer" /><templateDeclaration identifier="x0" cardinality="single" baseType="integer" /><templateDeclaration identifier="t2" cardinality="single" baseType="integer" /><templateDeclaration identifier="b" cardinality="single" baseType="integer" /><templateDeclaration identifier="c" cardinality="single" baseType="integer" /><templateDeclaration identifier="x0gl" cardinality="single" baseType="float" /><templateDeclaration identifier="Flaeche" cardinality="single" baseType="float" /><templateDeclaration identifier="ftext" cardinality="single" baseType="string" /><templateProcessing><setTemplateValue identifier="a"><randomInteger min="-3" max="0" /></setTemplateValue><setTemplateValue identifier="t1"><randomInteger min="1" max="3" /></setTemplateValue><setTemplateValue identifier="x0"><customOperator definition="MAXIMA" value="float(($(1))+($(2)));"><variable identifier="a" /><variable identifier="t1" /></customOperator></setTemplateValue><setTemplateValue identifier="t2"><randomInteger min="1" max="2" /></setTemplateValue><setTemplateValue identifier="b"><customOperator definition="MAXIMA" value="float(($(1))+($(2)));"><variable identifier="x0" /><variable identifier="t2" /></customOperator></setTemplateValue><setTemplateValue identifier="c"><customOperator definition="MAXIMA" value="float(($(1))^2-($(2))^2);"><variable identifier="a" /><variable identifier="t1" /></customOperator></setTemplateValue><setTemplateValue identifier="x0gl"><customOperator definition="MAXIMA" value="float($(1));"><variable identifier="x0" /></customOperator></setTemplateValue><setTemplateValue identifier="Flaeche"><customOperator definition="MAXIMA" value="float(1/3*($(1))^3-($(2))*($(3))^2+($(4))*($(5)) + 1/3*($(6))^3-($(7))*($(8))^2+($(9))*($(10)) -2*(1/3*($(11))^3-($(12))*($(13))^2+($(14))*($(15))));"><variable identifier="a" /><variable identifier="a" /><variable identifier="a" /><variable identifier="c" /><variable identifier="a" /><variable identifier="b" /><variable identifier="a" /><variable identifier="b" /><variable identifier="c" /><variable identifier="b" /><variable identifier="x0" /><variable identifier="a" /><variable identifier="x0" /><variable identifier="c" /><variable identifier="x0" /></customOperator></setTemplateValue><setTemplateValue identifier="ftext"><customOperator definition="MAXIMA" value="sremove(&quot;*&quot;,string(x^2-2*$(1)*x+$(2)))"><variable identifier="a" /><variable identifier="c" /></customOperator></setTemplateValue><setCorrectResponse identifier="RESPONSE_1420393899773"><variable identifier="x0gl" /></setCorrectResponse><setCorrectResponse identifier="RESPONSE_1420395883971"><variable identifier="Flaeche" /></setCorrectResponse></templateProcessing><itemBody ><p><p><p>Die Funktion $$f(x)=<printedVariable identifier="ftext" />$$ hat im Intervall $$[<printedVariable identifier="a" />; <printedVariable identifier="b" />]$$ eine Nullstelle $$x_0$$.</p><p>Folglich besteht die Fläche $$A$$ zwischen der $$x$$-Achse und dem Graph von $$f$$ über dem Intervall $$[<printedVariable identifier="a" />; <printedVariable identifier="b" />]$$ aus zwei Teilflächen.</p><p>Berechnen Sie diese Nullstelle $$x_0$$, und anschließend den Inhalt der Gesamtfläche $$A$$.</p><p> </p><p>$$x_0=$$<textEntryInteraction responseIdentifier="RESPONSE_1420393899773" expectedLength="5" /></p><p>$$A=$$<textEntryInteraction responseIdentifier="RESPONSE_1420395883971" expectedLength="5" /></p></p></p></itemBody><responseProcessing><responseCondition><responseIf><equal toleranceMode="absolute" tolerance="0.01 0.01" includeLowerBound="true" includeUpperBound="true"><variable identifier="RESPONSE_1420393899773" /><correct identifier="RESPONSE_1420393899773" /></equal><setOutcomeValue identifier="SCORE"><sum><variable identifier="SCORE" /><baseValue baseType="float">1</baseValue></sum></setOutcomeValue></responseIf></responseCondition><responseCondition><responseIf><not><isNull><variable identifier="RESPONSE_1420393899773" /></isNull></not><setOutcomeValue identifier="FEEDBACKBASIC"><baseValue baseType="identifier">incorrect</baseValue></setOutcomeValue></responseIf></responseCondition><responseCondition><responseIf><equal toleranceMode="absolute" tolerance="0.01 0.01" includeLowerBound="true" includeUpperBound="true"><variable identifier="RESPONSE_1420395883971" /><correct identifier="RESPONSE_1420395883971" /></equal><setOutcomeValue identifier="SCORE"><sum><variable identifier="SCORE" /><baseValue baseType="float">2</baseValue></sum></setOutcomeValue></responseIf></responseCondition><responseCondition><responseIf><not><isNull><variable identifier="RESPONSE_1420395883971" /></isNull></not><setOutcomeValue identifier="FEEDBACKBASIC"><baseValue baseType="identifier">incorrect</baseValue></setOutcomeValue></responseIf></responseCondition><responseCondition><responseIf><and><not><match><variable identifier="FEEDBACKBASIC" /><baseValue baseType="identifier">empty</baseValue></match></not><equal toleranceMode="exact"><variable identifier="SCORE" /><variable identifier="MAXSCORE" /></equal></and><setOutcomeValue identifier="FEEDBACKBASIC"><baseValue baseType="identifier">correct</baseValue></setOutcomeValue></responseIf></responseCondition></responseProcessing></assessmentItem>
