<?xml version="1.0" encoding="UTF-8"?>
<assessmentItem xmlns="http://www.imsglobal.org/xsd/imsqti_v2p1" xmlns:xsi="http://www.w3.org/2001/XMLSchema-instance" xsi:schemaLocation="http://www.imsglobal.org/xsd/imsqti_v2p1 http://www.imsglobal.org/xsd/qti/qtiv2p1/imsqti_v2p1p1.xsd http://www.w3.org/1998/Math/MathML http://www.w3.org/Math/XMLSchema/mathml2/mathml2.xsd" identifier="id5da91894-3391-42fa-b7d6-f3f8d18de07e" title="integral_(x+1)^2" adaptive="false" timeDependent="false"><responseDeclaration identifier="RESPONSE_1407409170191" cardinality="single" baseType="string" /><outcomeDeclaration identifier="SCORE" cardinality="single" baseType="float"><defaultValue><value>0</value></defaultValue></outcomeDeclaration><outcomeDeclaration identifier="MAXSCORE" cardinality="single" baseType="float"><defaultValue><value>1</value></defaultValue></outcomeDeclaration><outcomeDeclaration identifier="FEEDBACKBASIC" cardinality="single" baseType="identifier" view="testConstructor"><defaultValue><value>empty</value></defaultValue></outcomeDeclaration><outcomeDeclaration identifier="FEEDBACKMODAL" cardinality="multiple" baseType="identifier" view="testConstructor" /><templateProcessing><setCorrectResponse identifier="RESPONSE_1407409170191"><customOperator definition="VARIABLESTRING" value="1/3*(x+1)^3" /></setCorrectResponse></templateProcessing><itemBody ><p>Geben Sie eine mögliche Stammfunktion an!</p><p>$$\int_a^b (x+1)^2\mathrm dx =$$ <textEntryInteraction responseIdentifier="RESPONSE_1407409170191" class="maxima-formula show-latex show-syntax-error" />\(\Bigr|_a^b\).</p><p>Hinweise zur Formeleingabe:</p><ul><li>\(xy=x\cdot y=\) <strong>x*y</strong> (jedes Malzeichen mitschreiben)</li><li>\(\frac xy=\) <strong>x/y</strong>, \(x^y=\) <strong>x^y</strong></li><li>Beispiel: \(\frac{x^2}{6}(1-x)^6=\) <strong>1/6*x^2*(1-x)^6</strong></li><li>Durch Klicken auf die "<strong>?</strong>" Schaltfläche können Sie Ihre Formel zunächst überprüfen.</li></ul></itemBody><responseProcessing><responseCondition><responseIf><customOperator definition="MAXIMA" value="is(equal(diff($(1),x),diff($(2),x)));"><variable identifier="RESPONSE_1407409170191" /><correct identifier="RESPONSE_1407409170191" /></customOperator><setOutcomeValue identifier="SCORE"><sum><variable identifier="SCORE" /><baseValue baseType="float">1</baseValue></sum></setOutcomeValue></responseIf></responseCondition><responseCondition><responseIf><not><isNull><variable identifier="RESPONSE_1407409170191" /></isNull></not><setOutcomeValue identifier="FEEDBACKBASIC"><baseValue baseType="identifier">incorrect</baseValue></setOutcomeValue></responseIf></responseCondition><responseCondition><responseIf><and><not><match><variable identifier="FEEDBACKBASIC" /><baseValue baseType="identifier">empty</baseValue></match></not><equal toleranceMode="exact"><variable identifier="SCORE" /><variable identifier="MAXSCORE" /></equal></and><setOutcomeValue identifier="FEEDBACKBASIC"><baseValue baseType="identifier">correct</baseValue></setOutcomeValue></responseIf></responseCondition><responseCondition><responseIf><and><match><baseValue baseType="identifier">correct</baseValue><variable identifier="FEEDBACKBASIC" /></match></and><setOutcomeValue identifier="FEEDBACKMODAL"><multiple><variable identifier="FEEDBACKMODAL" /><baseValue baseType="identifier">Feedback1837880031</baseValue></multiple></setOutcomeValue></responseIf></responseCondition><responseCondition><responseIf><and><match><baseValue baseType="identifier">incorrect</baseValue><variable identifier="FEEDBACKBASIC" /></match></and><setOutcomeValue identifier="FEEDBACKMODAL"><multiple><variable identifier="FEEDBACKMODAL" /><baseValue baseType="identifier">Feedback335878180</baseValue></multiple></setOutcomeValue></responseIf></responseCondition></responseProcessing><modalFeedback  identifier="Feedback1837880031" outcomeIdentifier="FEEDBACKMODAL" showHide="show" title="Richtig!"><p>Musterlösung:</p><p><strong>Variante 1 (Substitution):</strong> $$\int_a^b (x+1)^2\mathrm dx=\frac13(x+1)^3+c\Bigr|_a^b=$$ <strong>1/3*(x+1)^3+c</strong> \(\Bigr|_a^b\)oder auch <strong>1/3*(x+1)^3 </strong>\(\Bigr|_a^b\)<strong><br /></strong></p><p><strong>Variante 2:</strong> $$\int_a^b (x^2+2x+1)\mathrm dx=\frac13x^3+x^2+x+c\Bigr|_a^b=$$ <strong>1/3*x^3+x^2+x+c </strong>\(\Bigr|_a^b\) oder auch <strong>1/3*x^3+x^2+x</strong> \(\Bigr|_a^b\)</p></modalFeedback><modalFeedback  identifier="Feedback335878180" outcomeIdentifier="FEEDBACKMODAL" showHide="show" title="Leider falsch!"><p>Musterlösung:</p><p><strong>Variante 1 (Substitution):</strong> $$\int_a^b (x+1)^2\mathrm dx=\frac13(x+1)^3+c\Bigr|_a^b=$$ <strong>1/3*(x+1)^3+c</strong> \(\Bigr|_a^b\)oder auch <strong>1/3*(x+1)^3 </strong>\(\Bigr|_a^b\)<strong><br /></strong></p><p><strong>Variante 2:</strong> $$\int_a^b (x^2+2x+1)\mathrm dx=\frac13x^3+x^2+x+c\Bigr|_a^b=$$ <strong>1/3*x^3+x^2+x+c </strong>\(\Bigr|_a^b\) oder auch <strong>1/3*x^3+x^2+x</strong> \(\Bigr|_a^b\)</p></modalFeedback></assessmentItem>
