<?xml version="1.0" encoding="UTF-8"?>
<assessmentItem xmlns="http://www.imsglobal.org/xsd/imsqti_v2p1" xmlns:xsi="http://www.w3.org/2001/XMLSchema-instance" xsi:schemaLocation="http://www.imsglobal.org/xsd/imsqti_v2p1 http://www.imsglobal.org/xsd/qti/qtiv2p1/imsqti_v2p1p1.xsd http://www.w3.org/1998/Math/MathML http://www.w3.org/Math/XMLSchema/mathml2/mathml2.xsd" identifier="id4be00736-a1da-41cd-9ef4-025d538827dc" title="symbolik_02" adaptive="false" timeDependent="false"><responseDeclaration identifier="RESPONSE_1" cardinality="multiple" baseType="identifier"><correctResponse><value>id2f60e5ed-ecf5-493b-9edb-b1e64ec098a5</value><value>id2262dc8c-408d-413d-a542-2f1ed91e0be1</value><value>ida3782ba7-87b1-47f0-a197-6707782a6cd5</value><value>id4b608e19-21f5-4d71-948b-728d74f69605</value></correctResponse><mapping defaultValue="0" lowerBound="0.0"><mapEntry mapKey="id2f60e5ed-ecf5-493b-9edb-b1e64ec098a5" mappedValue="0.5" /><mapEntry mapKey="id2262dc8c-408d-413d-a542-2f1ed91e0be1" mappedValue="0.5" /><mapEntry mapKey="id4994972d-9b5d-414f-92b6-8ce50fa26755" mappedValue="-1.0" /><mapEntry mapKey="idc4c134cb-a2b3-4ee4-9f92-4530565c6604" mappedValue="-1.0" /><mapEntry mapKey="ida3782ba7-87b1-47f0-a197-6707782a6cd5" mappedValue="0.5" /><mapEntry mapKey="id4b608e19-21f5-4d71-948b-728d74f69605" mappedValue="0.5" /></mapping></responseDeclaration><outcomeDeclaration identifier="SCORE" cardinality="single" baseType="float"><defaultValue><value>0</value></defaultValue></outcomeDeclaration><outcomeDeclaration identifier="MAXSCORE" cardinality="single" baseType="float"><defaultValue><value>2</value></defaultValue></outcomeDeclaration><outcomeDeclaration identifier="FEEDBACKBASIC" cardinality="single" baseType="identifier" view="testConstructor"><defaultValue><value>empty</value></defaultValue></outcomeDeclaration><outcomeDeclaration identifier="FEEDBACKMODAL" cardinality="multiple" baseType="identifier" view="testConstructor" /><itemBody ><p>Welche der folgenden Aussagen sind korrekt?</p><choiceInteraction responseIdentifier="RESPONSE_1" shuffle="false" maxChoices="0"><simpleChoice identifier="id2f60e5ed-ecf5-493b-9edb-b1e64ec098a5"><p>$$\forall x\in\mathbb Q: x\in\mathbb R$$.</p></simpleChoice><simpleChoice identifier="id2262dc8c-408d-413d-a542-2f1ed91e0be1"><p>$$\exists x\in\mathbb R: x\notin\mathbb Q$$.</p></simpleChoice><simpleChoice identifier="id4994972d-9b5d-414f-92b6-8ce50fa26755"><p>$$\exists x\in\mathbb N: x^2=2$$.</p></simpleChoice><simpleChoice identifier="idc4c134cb-a2b3-4ee4-9f92-4530565c6604"><p>$$\not\exists x\in\mathbb Z: x\in\mathbb N$$.</p></simpleChoice><simpleChoice identifier="ida3782ba7-87b1-47f0-a197-6707782a6cd5"><p>$$\left(x&gt;0 \text{ und } x\in\mathbb Z\right) \;\iff\; x\in\mathbb N$$.</p></simpleChoice><simpleChoice identifier="id4b608e19-21f5-4d71-948b-728d74f69605"><p>$$\exists x\in\mathbb N: \sqrt x\in\mathbb N$$.</p></simpleChoice></choiceInteraction></itemBody><responseProcessing><responseCondition><responseIf><not><isNull><variable identifier="RESPONSE_1" /></isNull></not><setOutcomeValue identifier="SCORE"><sum><variable identifier="SCORE" /><mapResponse identifier="RESPONSE_1" /></sum></setOutcomeValue><setOutcomeValue identifier="FEEDBACKBASIC"><baseValue baseType="identifier">incorrect</baseValue></setOutcomeValue></responseIf></responseCondition><responseCondition><responseIf><and><not><match><variable identifier="FEEDBACKBASIC" /><baseValue baseType="identifier">empty</baseValue></match></not><equal toleranceMode="exact"><variable identifier="SCORE" /><variable identifier="MAXSCORE" /></equal></and><setOutcomeValue identifier="FEEDBACKBASIC"><baseValue baseType="identifier">correct</baseValue></setOutcomeValue></responseIf></responseCondition><responseCondition><responseIf><and><match><baseValue baseType="identifier">correct</baseValue><variable identifier="FEEDBACKBASIC" /></match></and><setOutcomeValue identifier="FEEDBACKMODAL"><multiple><variable identifier="FEEDBACKMODAL" /><baseValue baseType="identifier">Feedback37100868</baseValue></multiple></setOutcomeValue></responseIf></responseCondition><responseCondition><responseIf><and><match><baseValue baseType="identifier">incorrect</baseValue><variable identifier="FEEDBACKBASIC" /></match></and><setOutcomeValue identifier="FEEDBACKMODAL"><multiple><variable identifier="FEEDBACKMODAL" /><baseValue baseType="identifier">Feedback498949105</baseValue></multiple></setOutcomeValue></responseIf></responseCondition></responseProcessing><modalFeedback  identifier="Feedback37100868" outcomeIdentifier="FEEDBACKMODAL" showHide="show" title="Richtig!"><ul><li>$$\forall x\in\mathbb Q: x\in\mathbb R$$<br />Diese Aussage ist richtig, denn jede rationale Zahl ist auch eine reelle Zahl.</li></ul><ul><li>$$\exists x\in\mathbb R: x\notin\mathbb Q$$<br />Diese Aussage ist richtig, denn es gibt tatsächlich Zahlen, welche zwar zu \(\mathbb R\), aber nicht zu \(\mathbb Q\) gehören, z.B. $$x=\sqrt2$$.</li></ul><ul><li>$$\exists x\in\mathbb N: x^2=2$$<br />Diese Aussage ist falsch, denn es existiert keine natürliche Zahl, deren Quadrat gleich $$2$$ ist:<br />$$\not\exists x\in\mathbb N: x^2=2$$</li></ul><ul><li>$$\not\exists x\in\mathbb Z: x\in\mathbb N$$<br />Diese Aussage ist falsch, denn es gibt ganze Zahlen, welche auch zu den natürliche Zahlen gehören.<br />Dies sind gerade alle natürliche Zahlen ($$1,2,3,4$$ usw.).</li></ul><ul><li>$$\left(x&gt;0 \text{ und } x\in\mathbb Z\right) \;\iff\; x\in\mathbb N$$<br />Diese Aussage ist richtig, denn jede ganze Zahl, welche echt größer als Null ist, ist eine natürliche Zahl.<br />Auch die Umkehrung gilt: Jede natürliche Zahl ist eine ganze Zahl, welche größer als Null ist.</li></ul><ul><li>$$\exists x\in\mathbb N: \sqrt x\in\mathbb N$$<br />Diese Aussage ist richtig, denn es gibt natürliche Zahlen, deren Quadratwurzel wieder eine natürliche Zahl ist,<br />z.B. $$1,4,9,16,25$$ usw.</li></ul></modalFeedback><modalFeedback  identifier="Feedback498949105" outcomeIdentifier="FEEDBACKMODAL" showHide="show" title="Leider (nicht vollsttändig) richtig!"><ul><li>$$\forall x\in\mathbb Q: x\in\mathbb R$$<br />Diese Aussage ist richtig, denn jede rationale Zahl ist auch eine reelle Zahl.</li></ul><ul><li>$$\exists x\in\mathbb R: x\notin\mathbb Q$$<br />Diese Aussage ist richtig, denn es gibt tatsächlich Zahlen, welche zwar zu \(\mathbb R\), aber nicht zu \(\mathbb Q\) gehören, z.B. $$x=\sqrt2$$.</li></ul><ul><li>$$\exists x\in\mathbb N: x^2=2$$<br />Diese Aussage ist falsch, denn es existiert keine natürliche Zahl, deren Quadrat gleich $$2$$ ist:<br />$$\not\exists x\in\mathbb N: x^2=2$$</li></ul><ul><li>$$\not\exists x\in\mathbb Z: x\in\mathbb N$$<br />Diese Aussage ist falsch, denn es gibt ganze Zahlen, welche auch zu den natürliche Zahlen gehören.<br />Dies sind gerade alle natürliche Zahlen ($$1,2,3,4$$ usw.).</li></ul><ul><li>$$\left(x&gt;0 \text{ und } x\in\mathbb Z\right) \;\iff\; x\in\mathbb N$$<br />Diese Aussage ist richtig, denn jede ganze Zahl, welche echt größer als Null ist, ist eine natürliche Zahl.<br />Auch die Umkehrung gilt: Jede natürliche Zahl ist eine ganze Zahl, welche größer als Null ist.</li></ul><ul><li>$$\exists x\in\mathbb N: \sqrt x\in\mathbb N$$<br />Diese Aussage ist richtig, denn es gibt natürliche Zahlen, deren Quadratwurzel wieder eine natürliche Zahl ist,<br />z.B. $$1,4,9,16,25$$ usw.</li></ul></modalFeedback></assessmentItem>
