<?xml version="1.0" encoding="UTF-8"?>
<assessmentItem xmlns="http://www.imsglobal.org/xsd/imsqti_v2p1" xmlns:xsi="http://www.w3.org/2001/XMLSchema-instance" xsi:schemaLocation="http://www.imsglobal.org/xsd/imsqti_v2p1 http://www.imsglobal.org/xsd/qti/qtiv2p1/imsqti_v2p1p1.xsd http://www.w3.org/1998/Math/MathML http://www.w3.org/Math/XMLSchema/mathml2/mathml2.xsd" identifier="id1179180a-c8a6-479f-b600-9719940c7a90" title="wendepunkte_05" adaptive="false" timeDependent="false"><responseDeclaration identifier="RESPONSE_1" cardinality="multiple" baseType="identifier"><correctResponse><value>Choice0</value><value>Choice1</value></correctResponse></responseDeclaration><outcomeDeclaration identifier="SCORE" cardinality="single" baseType="float"><defaultValue><value>0</value></defaultValue></outcomeDeclaration><outcomeDeclaration identifier="MAXSCORE" cardinality="single" baseType="float"><defaultValue><value>1</value></defaultValue></outcomeDeclaration><outcomeDeclaration identifier="FEEDBACKBASIC" cardinality="single" baseType="identifier"><defaultValue><value>empty</value></defaultValue></outcomeDeclaration><itemBody ><p>Markieren Sie in der Grafik alle Wendepunkte der Funktion.</p><hotspotInteraction responseIdentifier="RESPONSE_1" maxChoices="0"><object data="media%2Fhotspot_upload_2356629969120718961_p1.png" type="image/png" class="Flash" /><hotspotChoice xmlns="http://www.imsglobal.org/xsd/imsqti_v2p1" identifier="Choice0" fixed="false" shape="circle" coords="231,197,25" /><hotspotChoice xmlns="http://www.imsglobal.org/xsd/imsqti_v2p1" identifier="Choice1" fixed="false" shape="circle" coords="462,198,25" /><hotspotChoice xmlns="http://www.imsglobal.org/xsd/imsqti_v2p1" identifier="Choice2" fixed="false" shape="circle" coords="504,226,25" /><hotspotChoice xmlns="http://www.imsglobal.org/xsd/imsqti_v2p1" identifier="Choice3" fixed="false" shape="circle" coords="404,159,25" /><hotspotChoice xmlns="http://www.imsglobal.org/xsd/imsqti_v2p1" identifier="Choice4" fixed="false" shape="circle" coords="185,223,25" /><hotspotChoice xmlns="http://www.imsglobal.org/xsd/imsqti_v2p1" identifier="Choice5" fixed="false" shape="circle" coords="136,232,25" /><hotspotChoice xmlns="http://www.imsglobal.org/xsd/imsqti_v2p1" identifier="Choice6" fixed="false" shape="circle" coords="558,234,25" /><hotspotChoice xmlns="http://www.imsglobal.org/xsd/imsqti_v2p1" identifier="Choice7" fixed="false" shape="circle" coords="343,150,25" /><hotspotChoice xmlns="http://www.imsglobal.org/xsd/imsqti_v2p1" identifier="Choice8" fixed="false" shape="circle" coords="283,166,25" /><hotspotChoice xmlns="http://www.imsglobal.org/xsd/imsqti_v2p1" identifier="Choice9" fixed="false" shape="circle" coords="88,208,25" /><hotspotChoice xmlns="http://www.imsglobal.org/xsd/imsqti_v2p1" identifier="Choice10" fixed="false" shape="circle" coords="606,208,25" /><hotspotChoice xmlns="http://www.imsglobal.org/xsd/imsqti_v2p1" identifier="Choice11" fixed="false" shape="circle" coords="631,159,25" /><hotspotChoice xmlns="http://www.imsglobal.org/xsd/imsqti_v2p1" identifier="Choice12" fixed="false" shape="circle" coords="651,109,25" /><hotspotChoice xmlns="http://www.imsglobal.org/xsd/imsqti_v2p1" identifier="Choice13" fixed="false" shape="circle" coords="61,161,25" /><hotspotChoice xmlns="http://www.imsglobal.org/xsd/imsqti_v2p1" identifier="Choice14" fixed="false" shape="circle" coords="664,55,25" /><hotspotChoice xmlns="http://www.imsglobal.org/xsd/imsqti_v2p1" identifier="Choice15" fixed="false" shape="circle" coords="43,105,25" /><hotspotChoice xmlns="http://www.imsglobal.org/xsd/imsqti_v2p1" identifier="Choice16" fixed="false" shape="circle" coords="28,54,25" /></hotspotInteraction></itemBody><responseProcessing><responseCondition><responseIf><isNull><variable identifier="RESPONSE_1" /></isNull><setOutcomeValue identifier="FEEDBACKBASIC"><baseValue baseType="identifier">empty</baseValue></setOutcomeValue></responseIf><responseElseIf><match><variable identifier="RESPONSE_1" /><correct identifier="RESPONSE_1" /></match><setOutcomeValue identifier="SCORE"><sum><variable identifier="SCORE" /><variable identifier="MAXSCORE" /></sum></setOutcomeValue><setOutcomeValue identifier="FEEDBACKBASIC"><baseValue baseType="identifier">correct</baseValue></setOutcomeValue></responseElseIf><responseElse><setOutcomeValue identifier="FEEDBACKBASIC"><baseValue baseType="identifier">incorrect</baseValue></setOutcomeValue></responseElse></responseCondition></responseProcessing></assessmentItem>
