<?xml version="1.0" encoding="UTF-8"?>
<assessmentItem xmlns="http://www.imsglobal.org/xsd/imsqti_v2p1" xmlns:xsi="http://www.w3.org/2001/XMLSchema-instance" xsi:schemaLocation="http://www.imsglobal.org/xsd/imsqti_v2p1 imsqti_v2p1.xsd" identifier="id51a0d3e7-f243-47aa-81ec-40c9e80ee06f" title="18. Grundlagen Projektmanagement" adaptive="false" timeDependent="false"><responseDeclaration identifier="RESPONSE_1" cardinality="multiple" baseType="identifier"><correctResponse><value>id2c121f4c-85c3-4685-90da-e562d58a7142</value></correctResponse></responseDeclaration><outcomeDeclaration identifier="SCORE" cardinality="single" baseType="float"><defaultValue><value>0</value></defaultValue></outcomeDeclaration><outcomeDeclaration identifier="MAXSCORE" cardinality="single" baseType="float"><defaultValue><value>1</value></defaultValue></outcomeDeclaration><outcomeDeclaration identifier="FEEDBACKBASIC" cardinality="single" baseType="identifier"><defaultValue><value>empty</value></defaultValue></outcomeDeclaration><itemBody><p xmlns=""><strong>Wofür steht PMP?</strong></p><p xmlns="">(Klicken Sie die richtige(n) Antwort(en) an)</p><p xmlns=""> </p><p xmlns=""><strong>Antwort:</strong></p><choiceInteraction responseIdentifier="RESPONSE_1" shuffle="true" maxChoices="0"><simpleChoice identifier="id82d490ba-eda9-46f4-be9e-ca74b6f2bccf"><p xmlns="">Perfekter Management-Plan</p></simpleChoice><simpleChoice identifier="id2c121f4c-85c3-4685-90da-e562d58a7142"><p xmlns="">Project Management Professional</p></simpleChoice><simpleChoice identifier="id9a986e7e-0696-4c58-b162-a26dd851e581"><p xmlns="">Projekt-Manager-Prüfung</p></simpleChoice><simpleChoice identifier="id65c55dea-92ab-4d3c-a012-b09caeef4368"><p xmlns="">Project-Managment-Police</p></simpleChoice><simpleChoice identifier="idaa80e73b-540c-4177-969e-43fe3d3391ea"><p xmlns="">Professioneller Manager von Projekten</p></simpleChoice><simpleChoice identifier="id62fdc649-9869-486a-b36f-667b6a5cadf7"><p xmlns="">Projekt Meilenstein Plan</p></simpleChoice><simpleChoice identifier="id1eb75555-10d1-44c2-bd20-915bd2b765de"><p xmlns="">Project Milestone Police</p></simpleChoice></choiceInteraction></itemBody><responseProcessing><responseCondition><responseIf><isNull><variable identifier="RESPONSE_1" /></isNull><setOutcomeValue identifier="FEEDBACKBASIC"><baseValue baseType="identifier">empty</baseValue></setOutcomeValue></responseIf><responseElseIf><match><variable identifier="RESPONSE_1" /><correct identifier="RESPONSE_1" /></match><setOutcomeValue identifier="SCORE"><sum><variable identifier="SCORE" /><variable identifier="MAXSCORE" /></sum></setOutcomeValue><setOutcomeValue identifier="FEEDBACKBASIC"><baseValue baseType="identifier">correct</baseValue></setOutcomeValue></responseElseIf><responseElse><setOutcomeValue identifier="FEEDBACKBASIC"><baseValue baseType="identifier">incorrect</baseValue></setOutcomeValue></responseElse></responseCondition></responseProcessing></assessmentItem>
