<?xml version="1.0" encoding="UTF-8"?>
<assessmentItem xmlns="http://www.imsglobal.org/xsd/imsqti_v2p1" xmlns:xsi="http://www.w3.org/2001/XMLSchema-instance" xsi:schemaLocation="http://www.imsglobal.org/xsd/imsqti_v2p1 http://www.imsglobal.org/xsd/qti/qtiv2p1/imsqti_v2p1p1.xsd http://www.w3.org/1998/Math/MathML http://www.w3.org/Math/XMLSchema/mathml2/mathml2.xsd" identifier="ida8997d4a-7097-4db6-92df-f6c01eb68d17" title="ebene_4punkte" adaptive="false" timeDependent="false"><responseDeclaration identifier="RESPONSE_1416582248928" cardinality="single" baseType="string" /><outcomeDeclaration identifier="SCORE" cardinality="single" baseType="float"><defaultValue><value>0</value></defaultValue></outcomeDeclaration><outcomeDeclaration identifier="MAXSCORE" cardinality="single" baseType="float"><defaultValue><value>1</value></defaultValue></outcomeDeclaration><outcomeDeclaration identifier="FEEDBACKBASIC" cardinality="single" baseType="identifier" view="testConstructor"><defaultValue><value>empty</value></defaultValue></outcomeDeclaration><outcomeDeclaration identifier="FEEDBACKMODAL" cardinality="multiple" baseType="identifier" view="testConstructor" /><templateDeclaration identifier="a1" cardinality="single" baseType="integer" /><templateDeclaration identifier="a2" cardinality="single" baseType="integer" /><templateDeclaration identifier="a3" cardinality="single" baseType="integer" /><templateDeclaration identifier="la" cardinality="single" baseType="integer" /><templateDeclaration identifier="lb" cardinality="single" baseType="integer" /><templateDeclaration identifier="lc" cardinality="single" baseType="integer" /><templateDeclaration identifier="d1" cardinality="single" baseType="integer" /><templateDeclaration identifier="d2" cardinality="single" baseType="integer" /><templateDeclaration identifier="d3" cardinality="single" baseType="integer" /><templateDeclaration identifier="zaehler" cardinality="single" baseType="integer" /><templateDeclaration identifier="nenner" cardinality="single" baseType="integer" /><templateProcessing><setTemplateValue identifier="a1"><randomInteger min="1" max="5" step="2" /></setTemplateValue><setTemplateValue identifier="a2"><randomInteger min="2" max="6" step="2" /></setTemplateValue><setTemplateValue identifier="a3"><randomInteger min="1" max="6" /></setTemplateValue><setTemplateValue identifier="la"><randomInteger min="1" max="2" /></setTemplateValue><setTemplateValue identifier="lb"><randomInteger min="1" max="2" /></setTemplateValue><setTemplateValue identifier="lc"><randomInteger min="1" max="2" /></setTemplateValue><setTemplateValue identifier="d1"><customOperator definition="MAXIMA" value="float($(1)*$(2)+$(3)*$(4));"><variable identifier="lb" /><variable identifier="a1" /><variable identifier="lc" /><variable identifier="a1" /></customOperator></setTemplateValue><setTemplateValue identifier="d2"><customOperator definition="MAXIMA" value="float($(1)*$(2)+$(3)*$(4));"><variable identifier="la" /><variable identifier="a2" /><variable identifier="lc" /><variable identifier="a2" /></customOperator></setTemplateValue><setTemplateValue identifier="d3"><customOperator definition="MAXIMA" value="float($(1)*$(2)+$(3)*$(4));"><variable identifier="la" /><variable identifier="a3" /><variable identifier="lb" /><variable identifier="a3" /></customOperator></setTemplateValue><setTemplateValue identifier="zaehler"><customOperator definition="MAXIMA" value="float(num(2*$(1)*$(2)*$(3)/($(4)*$(5)*$(6)+$(7)*$(8)*$(9)+$(10)*$(11)*$(12))));"><variable identifier="a1" /><variable identifier="a2" /><variable identifier="a3" /><variable identifier="d1" /><variable identifier="a2" /><variable identifier="a3" /><variable identifier="a1" /><variable identifier="d2" /><variable identifier="a3" /><variable identifier="a1" /><variable identifier="a2" /><variable identifier="d3" /></customOperator></setTemplateValue><setTemplateValue identifier="nenner"><customOperator definition="MAXIMA" value="float(denom(2*$(1)*$(2)*$(3)/($(4)*$(5)*$(6)+$(7)*$(8)*$(9)+$(10)*$(11)*$(12))));"><variable identifier="a1" /><variable identifier="a2" /><variable identifier="a3" /><variable identifier="d1" /><variable identifier="a2" /><variable identifier="a3" /><variable identifier="a1" /><variable identifier="d2" /><variable identifier="a3" /><variable identifier="a1" /><variable identifier="a2" /><variable identifier="d3" /></customOperator></setTemplateValue><setCorrectResponse identifier="RESPONSE_1416582248928"><customOperator definition="VARIABLESTRING" value="$(1)/$(2)"><variable identifier="zaehler" /><variable identifier="nenner" /></customOperator></setCorrectResponse></templateProcessing><itemBody ><p>Für welchen Wert von \(\lambda\) liegen die Punkte</p><p>\(\qquad A=(0,<printedVariable identifier="a2" />,<printedVariable identifier="a3" />), B=(<printedVariable identifier="a1" />,0,<printedVariable identifier="a3" />), C=(<printedVariable identifier="a1" />,<printedVariable identifier="a2" />,0)\) und \(D=\lambda\cdot(<printedVariable identifier="d1" />,<printedVariable identifier="d2" />,<printedVariable identifier="d3" />)\)</p><p>in einer Ebene?</p><p><strong>Lösung: </strong>Für \(\lambda =\) <textEntryInteraction responseIdentifier="RESPONSE_1416582248928" class="maxima-formula show-latex show-syntax-error" />.</p><p><strong>Hinweis:</strong> Sie können Brüche mittels \(\frac xy=\) <strong>x/y</strong> eingeben. Bitte geben Sie <strong>keine Kommazahlen</strong> ein!</p></itemBody><responseProcessing><responseCondition><responseIf><customOperator definition="MAXIMA" value="is(equal(ev($(1)),ev($(2))));"><variable identifier="RESPONSE_1416582248928" /><correct identifier="RESPONSE_1416582248928" /></customOperator><setOutcomeValue identifier="SCORE"><sum><variable identifier="SCORE" /><baseValue baseType="float">1</baseValue></sum></setOutcomeValue></responseIf></responseCondition><responseCondition><responseIf><not><isNull><variable identifier="RESPONSE_1416582248928" /></isNull></not><setOutcomeValue identifier="FEEDBACKBASIC"><baseValue baseType="identifier">incorrect</baseValue></setOutcomeValue></responseIf></responseCondition><responseCondition><responseIf><and><not><match><variable identifier="FEEDBACKBASIC" /><baseValue baseType="identifier">empty</baseValue></match></not><equal toleranceMode="exact"><variable identifier="SCORE" /><variable identifier="MAXSCORE" /></equal></and><setOutcomeValue identifier="FEEDBACKBASIC"><baseValue baseType="identifier">correct</baseValue></setOutcomeValue></responseIf></responseCondition><responseCondition><responseIf><and><match><baseValue baseType="identifier">correct</baseValue><variable identifier="FEEDBACKBASIC" /></match></and><setOutcomeValue identifier="FEEDBACKMODAL"><multiple><variable identifier="FEEDBACKMODAL" /><baseValue baseType="identifier">Feedback1700481889</baseValue></multiple></setOutcomeValue></responseIf></responseCondition><responseCondition><responseIf><and><match><baseValue baseType="identifier">incorrect</baseValue><variable identifier="FEEDBACKBASIC" /></match></and><setOutcomeValue identifier="FEEDBACKMODAL"><multiple><variable identifier="FEEDBACKMODAL" /><baseValue baseType="identifier">Feedback1677386698</baseValue></multiple></setOutcomeValue></responseIf></responseCondition></responseProcessing><modalFeedback  identifier="Feedback1700481889" outcomeIdentifier="FEEDBACKMODAL" showHide="show" title="Richtig!"><p><strong>Lösungsvorschlag: </strong>Die Ebene wird von den Vektoren</p><p>$$\vec{AB}=\begin{pmatrix}<printedVariable identifier="a1" />\\-<printedVariable identifier="a2" />\\0\end{pmatrix}$$ und $$\vec{AC}=\begin{pmatrix}<printedVariable identifier="a1" />\\0\\-<printedVariable identifier="a3" />\end{pmatrix}$$</p><p>aufgespannt. Der Punkt \(D\) liegt in dieser Ebene, wenn die drei Vektoren \(\vec{AB}\), \(\vec{AC}\) und \(\vec{AD}\) linear abhängig sind:</p><p>$$\alpha\,\begin{pmatrix}<printedVariable identifier="a1" />\\-<printedVariable identifier="a2" />\\0\end{pmatrix}+\beta\,\begin{pmatrix}<printedVariable identifier="a1" />\\0\\-<printedVariable identifier="a3" />\end{pmatrix}=\lambda\,\begin{pmatrix}<printedVariable identifier="d1" />\\<printedVariable identifier="d2" />\\<printedVariable identifier="d3" />\end{pmatrix}-\begin{pmatrix}0\\<printedVariable identifier="a2" />\\<printedVariable identifier="a3" />\end{pmatrix}.$$</p><p>Umstellen und ineinander Einsetzen liefert, dass $$\lambda=\frac{<printedVariable identifier="zaehler" />}{<printedVariable identifier="nenner" />}$$ sein muss.</p></modalFeedback><modalFeedback  identifier="Feedback1677386698" outcomeIdentifier="FEEDBACKMODAL" showHide="show" title="Leider falsch!"><p><strong>Lösungsvorschlag: </strong>Die Ebene wird von den Vektoren</p><p>$$\vec{AB}=\begin{pmatrix}<printedVariable identifier="a1" />\\-<printedVariable identifier="a2" />\\0\end{pmatrix}$$ und $$\vec{AC}=\begin{pmatrix}<printedVariable identifier="a1" />\\0\\-<printedVariable identifier="a3" />\end{pmatrix}$$</p><p>aufgespannt. Der Punkt \(D\) liegt in dieser Ebene, wenn die drei Vektoren \(\vec{AB}\), \(\vec{AC}\) und \(\vec{AD}\) linear abhängig sind:</p><p>$$\alpha\,\begin{pmatrix}<printedVariable identifier="a1" />\\-<printedVariable identifier="a2" />\\0\end{pmatrix}+\beta\,\begin{pmatrix}<printedVariable identifier="a1" />\\0\\-<printedVariable identifier="a3" />\end{pmatrix}=\lambda\,\begin{pmatrix}<printedVariable identifier="d1" />\\<printedVariable identifier="d2" />\\<printedVariable identifier="d3" />\end{pmatrix}-\begin{pmatrix}0\\<printedVariable identifier="a2" />\\<printedVariable identifier="a3" />\end{pmatrix}.$$</p><p>Umstellen und ineinander Einsetzen liefert, dass $$\lambda=\frac{<printedVariable identifier="zaehler" />}{<printedVariable identifier="nenner" />}$$ sein muss.</p></modalFeedback></assessmentItem>
