<?xml version="1.0" encoding="UTF-8"?>
<assessmentItem xmlns="http://www.imsglobal.org/xsd/imsqti_v2p1" xmlns:xsi="http://www.w3.org/2001/XMLSchema-instance" xsi:schemaLocation="http://www.imsglobal.org/xsd/imsqti_v2p1 http://www.imsglobal.org/xsd/qti/qtiv2p1/imsqti_v2p1p1.xsd http://www.w3.org/1998/Math/MathML http://www.w3.org/Math/XMLSchema/mathml2/mathml2.xsd" identifier="idd8f61505-b0cb-4215-9929-9ea4beb6f6bd" title="textaufgabe_familie" adaptive="false" timeDependent="false"><responseDeclaration identifier="RESPONSE_1417700529700" cardinality="single" baseType="float"><correctResponse><value>0</value></correctResponse></responseDeclaration><responseDeclaration identifier="RESPONSE_1417700541552" cardinality="single" baseType="float"><correctResponse><value>0</value></correctResponse></responseDeclaration><outcomeDeclaration identifier="SCORE" cardinality="single" baseType="float"><defaultValue><value>0</value></defaultValue></outcomeDeclaration><outcomeDeclaration identifier="MAXSCORE" cardinality="single" baseType="float"><defaultValue><value>1</value></defaultValue></outcomeDeclaration><outcomeDeclaration identifier="FEEDBACKBASIC" cardinality="single" baseType="identifier" view="testConstructor"><defaultValue><value>empty</value></defaultValue></outcomeDeclaration><outcomeDeclaration identifier="FEEDBACKMODAL" cardinality="multiple" baseType="identifier" view="testConstructor" /><templateDeclaration identifier="x" cardinality="single" baseType="integer" /><templateDeclaration identifier="y" cardinality="single" baseType="integer" /><templateDeclaration identifier="b1" cardinality="single" baseType="string" /><templateDeclaration identifier="b2" cardinality="single" baseType="string" /><templateDeclaration identifier="toechter" cardinality="single" baseType="integer" /><templateDeclaration identifier="soehne" cardinality="single" baseType="integer" /><templateProcessing><setTemplateValue identifier="x"><randomInteger min="1" max="3" /></setTemplateValue><setTemplateValue identifier="y"><randomInteger min="1" max="3" /></setTemplateValue><templateCondition><templateIf><match><variable identifier="x" /><baseValue baseType="integer">1</baseValue></match><setTemplateValue identifier="y"><random><multiple><baseValue baseType="integer">2</baseValue><baseValue baseType="integer">3</baseValue></multiple></random></setTemplateValue></templateIf><templateElseIf><match><variable identifier="x" /><baseValue baseType="integer">2</baseValue></match><setTemplateValue identifier="y"><random><multiple><baseValue baseType="integer">2</baseValue></multiple></random></setTemplateValue></templateElseIf><templateElseIf><match><variable identifier="x" /><baseValue baseType="integer">3</baseValue></match><setTemplateValue identifier="y"><random><multiple><baseValue baseType="integer">1</baseValue></multiple></random></setTemplateValue></templateElseIf></templateCondition><templateCondition><templateIf><match><variable identifier="x" /><baseValue baseType="integer">1</baseValue></match><setTemplateValue identifier="b1"><random><multiple><baseValue baseType="string">diesselbe Anzahl von</baseValue></multiple></random></setTemplateValue></templateIf><templateElseIf><match><variable identifier="x" /><baseValue baseType="integer">2</baseValue></match><setTemplateValue identifier="b1"><random><multiple><baseValue baseType="string">doppelt so viele</baseValue></multiple></random></setTemplateValue></templateElseIf><templateElseIf><match><variable identifier="x" /><baseValue baseType="integer">3</baseValue></match><setTemplateValue identifier="b1"><random><multiple><baseValue baseType="string">dreimal so viele</baseValue></multiple></random></setTemplateValue></templateElseIf><templateElseIf><match><variable identifier="x" /><baseValue baseType="integer">4</baseValue></match><setTemplateValue identifier="b1"><random><multiple><baseValue baseType="string">viermal so viele</baseValue></multiple></random></setTemplateValue></templateElseIf></templateCondition><templateCondition><templateIf><match><variable identifier="y" /><baseValue baseType="integer">2</baseValue></match><setTemplateValue identifier="b2"><random><multiple><baseValue baseType="string">zweimal</baseValue></multiple></random></setTemplateValue></templateIf><templateElseIf><match><variable identifier="y" /><baseValue baseType="integer">3</baseValue></match><setTemplateValue identifier="b2"><random><multiple><baseValue baseType="string">dreimal</baseValue></multiple></random></setTemplateValue></templateElseIf><templateElseIf><match><variable identifier="y" /><baseValue baseType="integer">4</baseValue></match><setTemplateValue identifier="b2"><random><multiple><baseValue baseType="string">viermal</baseValue></multiple></random></setTemplateValue></templateElseIf><templateElseIf><match><variable identifier="y" /><baseValue baseType="integer">5</baseValue></match><setTemplateValue identifier="b2"><random><multiple><baseValue baseType="string">fünfmal</baseValue></multiple></random></setTemplateValue></templateElseIf></templateCondition><setTemplateValue identifier="toechter"><customOperator definition="MAXIMA" value="float(($(1)+$(2)*$(3))/($(4)*$(5)-1));"><variable identifier="x" /><variable identifier="x" /><variable identifier="y" /><variable identifier="x" /><variable identifier="y" /></customOperator></setTemplateValue><setTemplateValue identifier="soehne"><customOperator definition="MAXIMA" value="float($(1)*(($(2)+1)/($(3)*$(4)-1)));"><variable identifier="y" /><variable identifier="x" /><variable identifier="x" /><variable identifier="y" /></customOperator></setTemplateValue><setCorrectResponse identifier="RESPONSE_1417700529700"><variable identifier="soehne" /></setCorrectResponse><setCorrectResponse identifier="RESPONSE_1417700541552"><variable identifier="toechter" /></setCorrectResponse></templateProcessing><itemBody ><p><strong>Lösen Sie mithilfe eines Gleichungssystems!</strong></p><p>In einer Familie hat jeder Sohn <printedVariable identifier="b1" /> Schwestern wie Brüder. Jede Tochter hat <printedVariable identifier="b2" /> so viele Brüder wie Schwestern.</p><p>Wieviele Söhne und Töchter hat die Familie?</p><p><textEntryInteraction responseIdentifier="RESPONSE_1417700529700" expectedLength="3" /> Söhne und <textEntryInteraction responseIdentifier="RESPONSE_1417700541552" expectedLength="3" /> Töchter.</p></itemBody><responseProcessing><responseCondition><responseIf><equal toleranceMode="exact"><variable identifier="RESPONSE_1417700529700" /><correct identifier="RESPONSE_1417700529700" /></equal><setOutcomeValue identifier="SCORE"><sum><variable identifier="SCORE" /><baseValue baseType="float">0.5</baseValue></sum></setOutcomeValue></responseIf></responseCondition><responseCondition><responseIf><not><isNull><variable identifier="RESPONSE_1417700529700" /></isNull></not><setOutcomeValue identifier="FEEDBACKBASIC"><baseValue baseType="identifier">incorrect</baseValue></setOutcomeValue></responseIf></responseCondition><responseCondition><responseIf><equal toleranceMode="exact"><variable identifier="RESPONSE_1417700541552" /><correct identifier="RESPONSE_1417700541552" /></equal><setOutcomeValue identifier="SCORE"><sum><variable identifier="SCORE" /><baseValue baseType="float">0.5</baseValue></sum></setOutcomeValue></responseIf></responseCondition><responseCondition><responseIf><not><isNull><variable identifier="RESPONSE_1417700541552" /></isNull></not><setOutcomeValue identifier="FEEDBACKBASIC"><baseValue baseType="identifier">incorrect</baseValue></setOutcomeValue></responseIf></responseCondition><responseCondition><responseIf><and><not><match><variable identifier="FEEDBACKBASIC" /><baseValue baseType="identifier">empty</baseValue></match></not><equal toleranceMode="exact"><variable identifier="SCORE" /><variable identifier="MAXSCORE" /></equal></and><setOutcomeValue identifier="FEEDBACKBASIC"><baseValue baseType="identifier">correct</baseValue></setOutcomeValue></responseIf></responseCondition><responseCondition><responseIf><and><match><baseValue baseType="identifier">correct</baseValue><variable identifier="FEEDBACKBASIC" /></match></and><setOutcomeValue identifier="FEEDBACKMODAL"><multiple><variable identifier="FEEDBACKMODAL" /><baseValue baseType="identifier">Feedback1436794260</baseValue></multiple></setOutcomeValue></responseIf></responseCondition><responseCondition><responseIf><and><match><baseValue baseType="identifier">incorrect</baseValue><variable identifier="FEEDBACKBASIC" /></match></and><setOutcomeValue identifier="FEEDBACKMODAL"><multiple><variable identifier="FEEDBACKMODAL" /><baseValue baseType="identifier">Feedback194284326</baseValue></multiple></setOutcomeValue></responseIf></responseCondition></responseProcessing><modalFeedback  identifier="Feedback1436794260" outcomeIdentifier="FEEDBACKMODAL" showHide="show" title="Richtig!" /><modalFeedback  identifier="Feedback194284326" outcomeIdentifier="FEEDBACKMODAL" showHide="show" title="Leider falsch!"><p>Lösung:</p><p>\(s -\) Söhne \(\qquad\qquad t - \) Töchter</p><p> </p><p> \(\begin{matrix} <printedVariable identifier="x" />(s-1) &amp; = &amp; t \\ s &amp; = &amp; <printedVariable identifier="y" />(t-1) \end{matrix} \qquad\quad \Rightarrow t = <printedVariable identifier="toechter" />,\ s = <printedVariable identifier="soehne" />\)</p></modalFeedback></assessmentItem>
