<?xml version="1.0" encoding="UTF-8"?>
<assessmentItem xmlns="http://www.imsglobal.org/xsd/imsqti_v2p1" xmlns:xsi="http://www.w3.org/2001/XMLSchema-instance" xsi:schemaLocation="http://www.imsglobal.org/xsd/imsqti_v2p1 http://www.imsglobal.org/xsd/qti/qtiv2p1/imsqti_v2p1p1.xsd http://www.w3.org/1998/Math/MathML http://www.w3.org/Math/XMLSchema/mathml2/mathml2.xsd" identifier="idcb68acf0-363f-4796-8fbd-a6cab4851853" title="LGS Lösen" adaptive="false" timeDependent="false"><responseDeclaration identifier="RESPONSE_1416257591302" cardinality="single" baseType="float"><correctResponse><value>0</value></correctResponse></responseDeclaration><responseDeclaration identifier="RESPONSE_1416257606081" cardinality="single" baseType="float"><correctResponse><value>0</value></correctResponse></responseDeclaration><responseDeclaration identifier="RESPONSE_1416257623900" cardinality="single" baseType="float"><correctResponse><value>0</value></correctResponse></responseDeclaration><responseDeclaration identifier="RESPONSE_1416257701745" cardinality="single" baseType="float"><correctResponse><value>-1</value></correctResponse></responseDeclaration><outcomeDeclaration identifier="SCORE" cardinality="single" baseType="float"><defaultValue><value>0</value></defaultValue></outcomeDeclaration><outcomeDeclaration identifier="MAXSCORE" cardinality="single" baseType="float"><defaultValue><value>4</value></defaultValue></outcomeDeclaration><outcomeDeclaration identifier="FEEDBACKBASIC" cardinality="single" baseType="identifier" view="testConstructor"><defaultValue><value>empty</value></defaultValue></outcomeDeclaration><templateDeclaration identifier="x1" cardinality="single" baseType="integer" /><templateDeclaration identifier="b1" cardinality="single" baseType="integer" /><templateDeclaration identifier="b2" cardinality="single" baseType="integer" /><templateDeclaration identifier="b3" cardinality="single" baseType="integer" /><templateDeclaration identifier="x2" cardinality="single" baseType="integer" /><templateDeclaration identifier="x3" cardinality="single" baseType="integer" /><templateProcessing><setTemplateValue identifier="x1"><random><multiple><baseValue baseType="integer">-9</baseValue><baseValue baseType="integer">-8</baseValue><baseValue baseType="integer">-7</baseValue><baseValue baseType="integer">-6</baseValue><baseValue baseType="integer">-5</baseValue><baseValue baseType="integer">-4</baseValue><baseValue baseType="integer">-3</baseValue><baseValue baseType="integer">-2</baseValue><baseValue baseType="integer">-1</baseValue><baseValue baseType="integer">1</baseValue><baseValue baseType="integer">2</baseValue><baseValue baseType="integer">3</baseValue><baseValue baseType="integer">4</baseValue><baseValue baseType="integer">5</baseValue><baseValue baseType="integer">6</baseValue><baseValue baseType="integer">7</baseValue><baseValue baseType="integer">8</baseValue><baseValue baseType="integer">9</baseValue></multiple></random></setTemplateValue><setTemplateValue identifier="b1"><customOperator definition="MAXIMA" value="float(2*($(1)));"><variable identifier="x1" /></customOperator></setTemplateValue><setTemplateValue identifier="b2"><randomInteger min="-10" max="10" /></setTemplateValue><setTemplateValue identifier="b3"><randomInteger min="-10" max="10" /></setTemplateValue><setTemplateValue identifier="x2"><customOperator definition="MAXIMA" value="float($(1)+2*($(2)));"><variable identifier="b2" /><variable identifier="b3" /></customOperator></setTemplateValue><setTemplateValue identifier="x3"><customOperator definition="MAXIMA" value="float(-($(1))-($(2)));"><variable identifier="b2" /><variable identifier="b3" /></customOperator></setTemplateValue><setCorrectResponse identifier="RESPONSE_1416257591302"><variable identifier="x1" /></setCorrectResponse><setCorrectResponse identifier="RESPONSE_1416257606081"><variable identifier="x2" /></setCorrectResponse><setCorrectResponse identifier="RESPONSE_1416257623900"><variable identifier="x3" /></setCorrectResponse></templateProcessing><itemBody ><p><p>Lösen Sie das lineare Gleichungssystem</p><p>$$\begin{pmatrix} \lambda^2+\lambda &amp; 0 &amp; 0 \\ 0 &amp; -1 &amp; -2 \\ 0 &amp; 1 &amp; 1 \end{pmatrix}\begin{pmatrix}x\\y\\z\end{pmatrix} = \begin{pmatrix}<printedVariable identifier="b1" />\lambda \\ <printedVariable identifier="b2" />\\<printedVariable identifier="b3" />\end{pmatrix}$$</p><p>für den Spezialfall $$\lambda=1$$!</p><p>$$x=$$<textEntryInteraction responseIdentifier="RESPONSE_1416257591302" expectedLength="2" /></p><p>$$y=$$<textEntryInteraction responseIdentifier="RESPONSE_1416257606081" expectedLength="2" /></p><p>$$z=$$<textEntryInteraction responseIdentifier="RESPONSE_1416257623900" expectedLength="2" /></p><p> </p><p>Für welches $$\lambda$$ ist das Gleichungssystem nicht lösbar?</p><p> $$\lambda=$$<textEntryInteraction responseIdentifier="RESPONSE_1416257701745" expectedLength="2" /></p></p></itemBody><responseProcessing><responseCondition><responseIf><equal toleranceMode="exact"><variable identifier="RESPONSE_1416257591302" /><correct identifier="RESPONSE_1416257591302" /></equal><setOutcomeValue identifier="SCORE"><sum><variable identifier="SCORE" /><baseValue baseType="float">1</baseValue></sum></setOutcomeValue></responseIf></responseCondition><responseCondition><responseIf><not><isNull><variable identifier="RESPONSE_1416257591302" /></isNull></not><setOutcomeValue identifier="FEEDBACKBASIC"><baseValue baseType="identifier">incorrect</baseValue></setOutcomeValue></responseIf></responseCondition><responseCondition><responseIf><equal toleranceMode="exact"><variable identifier="RESPONSE_1416257606081" /><correct identifier="RESPONSE_1416257606081" /></equal><setOutcomeValue identifier="SCORE"><sum><variable identifier="SCORE" /><baseValue baseType="float">1</baseValue></sum></setOutcomeValue></responseIf></responseCondition><responseCondition><responseIf><not><isNull><variable identifier="RESPONSE_1416257606081" /></isNull></not><setOutcomeValue identifier="FEEDBACKBASIC"><baseValue baseType="identifier">incorrect</baseValue></setOutcomeValue></responseIf></responseCondition><responseCondition><responseIf><equal toleranceMode="exact"><variable identifier="RESPONSE_1416257623900" /><correct identifier="RESPONSE_1416257623900" /></equal><setOutcomeValue identifier="SCORE"><sum><variable identifier="SCORE" /><baseValue baseType="float">1</baseValue></sum></setOutcomeValue></responseIf></responseCondition><responseCondition><responseIf><not><isNull><variable identifier="RESPONSE_1416257623900" /></isNull></not><setOutcomeValue identifier="FEEDBACKBASIC"><baseValue baseType="identifier">incorrect</baseValue></setOutcomeValue></responseIf></responseCondition><responseCondition><responseIf><equal toleranceMode="exact"><variable identifier="RESPONSE_1416257701745" /><correct identifier="RESPONSE_1416257701745" /></equal><setOutcomeValue identifier="SCORE"><sum><variable identifier="SCORE" /><baseValue baseType="float">1</baseValue></sum></setOutcomeValue></responseIf></responseCondition><responseCondition><responseIf><not><isNull><variable identifier="RESPONSE_1416257701745" /></isNull></not><setOutcomeValue identifier="FEEDBACKBASIC"><baseValue baseType="identifier">incorrect</baseValue></setOutcomeValue></responseIf></responseCondition><responseCondition><responseIf><and><not><match><variable identifier="FEEDBACKBASIC" /><baseValue baseType="identifier">empty</baseValue></match></not><equal toleranceMode="exact"><variable identifier="SCORE" /><variable identifier="MAXSCORE" /></equal></and><setOutcomeValue identifier="FEEDBACKBASIC"><baseValue baseType="identifier">correct</baseValue></setOutcomeValue></responseIf></responseCondition></responseProcessing></assessmentItem>
