<?xml version="1.0" encoding="UTF-8"?>
<assessmentItem xmlns="http://www.imsglobal.org/xsd/imsqti_v2p1" xmlns:xsi="http://www.w3.org/2001/XMLSchema-instance" xsi:schemaLocation="http://www.imsglobal.org/xsd/imsqti_v2p1 http://www.imsglobal.org/xsd/qti/qtiv2p1/imsqti_v2p1p1.xsd http://www.w3.org/1998/Math/MathML http://www.w3.org/Math/XMLSchema/mathml2/mathml2.xsd" identifier="id8f872c30-c6b6-4bd7-8331-3a757bee59c0" title="IsolierteSingularität1" adaptive="false" timeDependent="false"><responseDeclaration identifier="RESPONSE_1417426286359" cardinality="single" baseType="string" /><outcomeDeclaration identifier="SCORE" cardinality="single" baseType="float"><defaultValue><value>0</value></defaultValue></outcomeDeclaration><outcomeDeclaration identifier="MAXSCORE" cardinality="single" baseType="float"><defaultValue><value>2</value></defaultValue></outcomeDeclaration><outcomeDeclaration identifier="FEEDBACKBASIC" cardinality="single" baseType="identifier" view="testConstructor"><defaultValue><value>empty</value></defaultValue></outcomeDeclaration><templateDeclaration identifier="a" cardinality="single" baseType="integer" /><templateDeclaration identifier="b" cardinality="single" baseType="integer" /><templateDeclaration identifier="pol" cardinality="single" baseType="integer" /><templateProcessing><setTemplateValue identifier="a"><randomInteger min="2" max="9" /></setTemplateValue><setTemplateValue identifier="b"><randomInteger min="1" max="13" /></setTemplateValue><setTemplateValue identifier="pol"><customOperator definition="MAXIMA" value="float($(1)-3);"><variable identifier="b" /></customOperator></setTemplateValue><templateCondition><templateIf><lte><variable identifier="b" /><baseValue baseType="integer">3</baseValue></lte><setTemplateValue identifier="pol"><customOperator definition="MAXIMA" value="float(0);" /></setTemplateValue></templateIf></templateCondition><setCorrectResponse identifier="RESPONSE_1417426286359"><customOperator definition="VARIABLESTRING" value="$(1)"><variable identifier="pol" /></customOperator></setCorrectResponse></templateProcessing><itemBody ><p><p>Bestimme die isolierte Singularität  \( z_0:= 0\) von  $$ f(z):= \frac{<printedVariable identifier="a" />\cdot z - \sin(<printedVariable identifier="a" />\cdot z)}{z^{<printedVariable identifier="b" />}}$$:</p><p>Wenn die Singularität hebbar ist, gebe 0 ein.</p><p>Falls die Singularität ein Pol der Ordnung  \(m \in \mathbb N\) ist, gebe  \( m\) ein.</p><p>Wenn die Singularität wesentlich ist, gebe ein:   -1</p><p><textEntryInteraction responseIdentifier="RESPONSE_1417426286359" expectedLength="6" class="maxima-formula show-latex show-syntax-error" /></p><p> </p></p></itemBody><responseProcessing><responseCondition><responseIf><customOperator definition="MAXIMA" value="is(equal(ev($(1)),ev($(2))));"><variable identifier="RESPONSE_1417426286359" /><correct identifier="RESPONSE_1417426286359" /></customOperator><setOutcomeValue identifier="SCORE"><sum><variable identifier="SCORE" /><baseValue baseType="float">2</baseValue></sum></setOutcomeValue></responseIf></responseCondition><responseCondition><responseIf><not><isNull><variable identifier="RESPONSE_1417426286359" /></isNull></not><setOutcomeValue identifier="FEEDBACKBASIC"><baseValue baseType="identifier">incorrect</baseValue></setOutcomeValue></responseIf></responseCondition><responseCondition><responseIf><and><not><match><variable identifier="FEEDBACKBASIC" /><baseValue baseType="identifier">empty</baseValue></match></not><equal toleranceMode="exact"><variable identifier="SCORE" /><variable identifier="MAXSCORE" /></equal></and><setOutcomeValue identifier="FEEDBACKBASIC"><baseValue baseType="identifier">correct</baseValue></setOutcomeValue></responseIf></responseCondition></responseProcessing></assessmentItem>
