<?xml version="1.0" encoding="UTF-8"?>
<assessmentItem xmlns="http://www.imsglobal.org/xsd/imsqti_v2p1" xmlns:xsi="http://www.w3.org/2001/XMLSchema-instance" xsi:schemaLocation="http://www.imsglobal.org/xsd/imsqti_v2p1 http://www.imsglobal.org/xsd/qti/qtiv2p1/imsqti_v2p1p1.xsd http://www.w3.org/1998/Math/MathML http://www.w3.org/Math/XMLSchema/mathml2/mathml2.xsd" identifier="id4be00736-a1da-41cd-9ef4-025d538827dc" title="symbolik_01" adaptive="false" timeDependent="false"><responseDeclaration identifier="RESPONSE_1" cardinality="multiple" baseType="identifier"><correctResponse><value>id2f60e5ed-ecf5-493b-9edb-b1e64ec098a5</value><value>id2262dc8c-408d-413d-a542-2f1ed91e0be1</value></correctResponse><mapping defaultValue="0" lowerBound="0.0"><mapEntry mapKey="id2f60e5ed-ecf5-493b-9edb-b1e64ec098a5" mappedValue="0.5" /><mapEntry mapKey="id2262dc8c-408d-413d-a542-2f1ed91e0be1" mappedValue="0.5" /><mapEntry mapKey="id4994972d-9b5d-414f-92b6-8ce50fa26755" mappedValue="-0.5" /><mapEntry mapKey="idc4c134cb-a2b3-4ee4-9f92-4530565c6604" mappedValue="-0.5" /></mapping></responseDeclaration><outcomeDeclaration identifier="SCORE" cardinality="single" baseType="float"><defaultValue><value>0</value></defaultValue></outcomeDeclaration><outcomeDeclaration identifier="MAXSCORE" cardinality="single" baseType="float"><defaultValue><value>1</value></defaultValue></outcomeDeclaration><outcomeDeclaration identifier="FEEDBACKBASIC" cardinality="single" baseType="identifier" view="testConstructor"><defaultValue><value>empty</value></defaultValue></outcomeDeclaration><outcomeDeclaration identifier="FEEDBACKMODAL" cardinality="multiple" baseType="identifier" view="testConstructor" /><itemBody ><p>Welche der folgenden Aussagen sind korrekt?</p><choiceInteraction responseIdentifier="RESPONSE_1" shuffle="true" maxChoices="0"><simpleChoice identifier="id2f60e5ed-ecf5-493b-9edb-b1e64ec098a5"><p>$$x\in\mathbb N \Rightarrow x\in\mathbb Z$$</p></simpleChoice><simpleChoice identifier="id2262dc8c-408d-413d-a542-2f1ed91e0be1"><p>$$x\in\mathbb Z \Rightarrow x\in\mathbb Q$$</p></simpleChoice><simpleChoice identifier="id4994972d-9b5d-414f-92b6-8ce50fa26755"><p>$$x\in\mathbb R \Rightarrow x\in\mathbb Q$$</p></simpleChoice><simpleChoice identifier="idc4c134cb-a2b3-4ee4-9f92-4530565c6604"><p>$$x\in\mathbb Q \Rightarrow x\in\mathbb N$$</p></simpleChoice></choiceInteraction></itemBody><responseProcessing><responseCondition><responseIf><not><isNull><variable identifier="RESPONSE_1" /></isNull></not><setOutcomeValue identifier="SCORE"><sum><variable identifier="SCORE" /><mapResponse identifier="RESPONSE_1" /></sum></setOutcomeValue><setOutcomeValue identifier="FEEDBACKBASIC"><baseValue baseType="identifier">incorrect</baseValue></setOutcomeValue></responseIf></responseCondition><responseCondition><responseIf><and><not><match><variable identifier="FEEDBACKBASIC" /><baseValue baseType="identifier">empty</baseValue></match></not><equal toleranceMode="exact"><variable identifier="SCORE" /><variable identifier="MAXSCORE" /></equal></and><setOutcomeValue identifier="FEEDBACKBASIC"><baseValue baseType="identifier">correct</baseValue></setOutcomeValue></responseIf></responseCondition><responseCondition><responseIf><and><match><baseValue baseType="identifier">correct</baseValue><variable identifier="FEEDBACKBASIC" /></match></and><setOutcomeValue identifier="FEEDBACKMODAL"><multiple><variable identifier="FEEDBACKMODAL" /><baseValue baseType="identifier">Feedback957322178</baseValue></multiple></setOutcomeValue></responseIf></responseCondition><responseCondition><responseIf><and><match><baseValue baseType="identifier">incorrect</baseValue><variable identifier="FEEDBACKBASIC" /></match></and><setOutcomeValue identifier="FEEDBACKMODAL"><multiple><variable identifier="FEEDBACKMODAL" /><baseValue baseType="identifier">Feedback1723353232</baseValue></multiple></setOutcomeValue></responseIf></responseCondition></responseProcessing><modalFeedback  identifier="Feedback957322178" outcomeIdentifier="FEEDBACKMODAL" showHide="show" title="Richtig!"><p>Jede natürliche Zahl ist auch eine ganze Zahl, d.h. $$x\in\mathbb N \Rightarrow x\in\mathbb Z$$.</p><p>Jede ganze Zahl ist auch eine rationale Zahl, d.h. $$x\in\mathbb Z \Rightarrow x\in\mathbb Q$$.</p><p>Die anderen Aussagen sind nicht richtig!</p></modalFeedback><modalFeedback  identifier="Feedback1723353232" outcomeIdentifier="FEEDBACKMODAL" showHide="show" title="Leider (nicht vollsttändig) richtig!"><p>Jede natürliche Zahl ist auch eine ganze Zahl, d.h. $$x\in\mathbb N \Rightarrow x\in\mathbb Z$$.</p><p>Jede ganze Zahl ist auch eine rationale Zahl, d.h. $$x\in\mathbb Z \Rightarrow x\in\mathbb Q$$.</p><p>Die anderen Aussagen sind nicht richtig!</p></modalFeedback></assessmentItem>
