<?xml version="1.0" encoding="UTF-8"?>
<assessmentItem xmlns="http://www.imsglobal.org/xsd/imsqti_v2p1" xmlns:xsi="http://www.w3.org/2001/XMLSchema-instance" xsi:schemaLocation="http://www.imsglobal.org/xsd/imsqti_v2p1 http://www.imsglobal.org/xsd/qti/qtiv2p1/imsqti_v2p1p1.xsd http://www.w3.org/1998/Math/MathML http://www.w3.org/Math/XMLSchema/mathml2/mathml2.xsd" identifier="id21a7255a-29b3-4230-a413-417e1ecbbd07" title="WindungsZahlKreis" adaptive="false" timeDependent="false"><responseDeclaration identifier="RESPONSE_1415724425986" cardinality="single" baseType="float"><correctResponse><value>0</value></correctResponse></responseDeclaration><outcomeDeclaration identifier="SCORE" cardinality="single" baseType="float"><defaultValue><value>0</value></defaultValue></outcomeDeclaration><outcomeDeclaration identifier="MAXSCORE" cardinality="single" baseType="float"><defaultValue><value>2</value></defaultValue></outcomeDeclaration><outcomeDeclaration identifier="FEEDBACKBASIC" cardinality="single" baseType="identifier" view="testConstructor"><defaultValue><value>empty</value></defaultValue></outcomeDeclaration><templateDeclaration identifier="a" cardinality="single" baseType="integer" /><templateDeclaration identifier="b" cardinality="single" baseType="integer" /><templateDeclaration identifier="c" cardinality="single" baseType="integer" /><templateDeclaration identifier="n" cardinality="single" baseType="integer" /><templateDeclaration identifier="end" cardinality="single" baseType="integer" /><templateDeclaration identifier="d" cardinality="single" baseType="integer" /><templateDeclaration identifier="e" cardinality="single" baseType="integer" /><templateDeclaration identifier="dist" cardinality="single" baseType="integer" /><templateDeclaration identifier="a2" cardinality="single" baseType="integer" /><templateDeclaration identifier="distrand" cardinality="single" baseType="integer" /><templateDeclaration identifier="wind" cardinality="single" baseType="float" /><templateProcessing><setTemplateValue identifier="a"><randomInteger min="9" max="13" /></setTemplateValue><setTemplateValue identifier="b"><randomInteger min="1" max="8" /></setTemplateValue><setTemplateValue identifier="c"><randomInteger min="1" max="9" /></setTemplateValue><setTemplateValue identifier="n"><random><multiple><baseValue baseType="integer">-2</baseValue><baseValue baseType="integer">-4</baseValue><baseValue baseType="integer">-6</baseValue><baseValue baseType="integer">-8</baseValue><baseValue baseType="integer">-10</baseValue><baseValue baseType="integer">10</baseValue><baseValue baseType="integer">8</baseValue><baseValue baseType="integer">6</baseValue><baseValue baseType="integer">4</baseValue><baseValue baseType="integer">2</baseValue></multiple></random></setTemplateValue><setTemplateValue identifier="end"><randomInteger min="1" max="5" /></setTemplateValue><setTemplateValue identifier="d"><randomInteger min="-3" max="6" /></setTemplateValue><setTemplateValue identifier="e"><randomInteger min="1" max="6" /></setTemplateValue><setTemplateValue identifier="dist"><customOperator definition="MAXIMA" value="float(($(1)-$(2))^2+($(3)+$(4))^2);"><variable identifier="b" /><variable identifier="d" /><variable identifier="c" /><variable identifier="e" /></customOperator></setTemplateValue><setTemplateValue identifier="a2"><customOperator definition="MAXIMA" value="float(($(1))^2);"><variable identifier="a" /></customOperator></setTemplateValue><setTemplateValue identifier="distrand"><customOperator definition="MAXIMA" value="float($(1)-$(2));"><variable identifier="a2" /><variable identifier="dist" /></customOperator></setTemplateValue><templateCondition><templateIf><match><variable identifier="distrand" /><baseValue baseType="integer">0</baseValue></match><setTemplateValue identifier="e"><customOperator definition="MAXIMA" value="float($(1)+1);"><variable identifier="e" /></customOperator></setTemplateValue></templateIf></templateCondition><setTemplateValue identifier="wind"><customOperator definition="MAXIMA" value="float($(1)*$(2)/2);"><variable identifier="end" /><variable identifier="n" /></customOperator></setTemplateValue><templateCondition><templateIf><lt><variable identifier="distrand" /><baseValue baseType="integer">0</baseValue></lt><setTemplateValue identifier="wind"><customOperator definition="MAXIMA" value="float(0);" /></setTemplateValue></templateIf></templateCondition><setCorrectResponse identifier="RESPONSE_1415724425986"><variable identifier="wind" /></setCorrectResponse></templateProcessing><itemBody ><p><p>Bestimme für die Kurve $$ \gamma (t) := <printedVariable identifier="b" />-<printedVariable identifier="c" /> \mathbb i+ <printedVariable identifier="a" />e^{<printedVariable identifier="n" />\cdot \pi \cdot \mathbb i \cdot t }, 0 \le t \le <printedVariable identifier="end" /> $$ die Windungszahl \( w( \gamma, z_1) \) um \( z_1 : = <printedVariable identifier="d" />+ <printedVariable identifier="e" />\cdot \mathbb i\)</p><p> </p><p>\( w(\gamma, z_1) \) = <textEntryInteraction responseIdentifier="RESPONSE_1415724425986" expectedLength="3" /></p><p> </p><p>Hinweis: Bestimme die Windungszahl geometrisch. </p><p> </p></p></itemBody><responseProcessing><responseCondition><responseIf><equal toleranceMode="exact"><variable identifier="RESPONSE_1415724425986" /><correct identifier="RESPONSE_1415724425986" /></equal><setOutcomeValue identifier="SCORE"><sum><variable identifier="SCORE" /><baseValue baseType="float">2</baseValue></sum></setOutcomeValue></responseIf></responseCondition><responseCondition><responseIf><not><isNull><variable identifier="RESPONSE_1415724425986" /></isNull></not><setOutcomeValue identifier="FEEDBACKBASIC"><baseValue baseType="identifier">incorrect</baseValue></setOutcomeValue></responseIf></responseCondition><responseCondition><responseIf><and><not><match><variable identifier="FEEDBACKBASIC" /><baseValue baseType="identifier">empty</baseValue></match></not><equal toleranceMode="exact"><variable identifier="SCORE" /><variable identifier="MAXSCORE" /></equal></and><setOutcomeValue identifier="FEEDBACKBASIC"><baseValue baseType="identifier">correct</baseValue></setOutcomeValue></responseIf></responseCondition></responseProcessing></assessmentItem>
