<?xml version="1.0" encoding="UTF-8"?>
<assessmentItem xmlns="http://www.imsglobal.org/xsd/imsqti_v2p1" xmlns:xsi="http://www.w3.org/2001/XMLSchema-instance" xsi:schemaLocation="http://www.imsglobal.org/xsd/imsqti_v2p1 http://www.imsglobal.org/xsd/qti/qtiv2p1/imsqti_v2p1p1.xsd http://www.w3.org/1998/Math/MathML http://www.w3.org/Math/XMLSchema/mathml2/mathml2.xsd" identifier="id33a8f288-2448-4ebc-90c9-970446819612" title="KonfidenzintervalleVarianzUndErwartungswert" adaptive="false" timeDependent="false"><responseDeclaration identifier="RESPONSE_1403169113649" cardinality="single" baseType="float"><correctResponse><value>0</value></correctResponse></responseDeclaration><responseDeclaration identifier="RESPONSE_1403169137305" cardinality="single" baseType="float"><correctResponse><value>0</value></correctResponse></responseDeclaration><responseDeclaration identifier="RESPONSE_1403169958894" cardinality="single" baseType="float"><correctResponse><value>0</value></correctResponse></responseDeclaration><responseDeclaration identifier="RESPONSE_1403188187519" cardinality="single" baseType="float"><correctResponse><value>0</value></correctResponse></responseDeclaration><responseDeclaration identifier="RESPONSE_1403188230560" cardinality="single" baseType="float"><correctResponse><value>0</value></correctResponse></responseDeclaration><outcomeDeclaration identifier="SCORE" cardinality="single" baseType="float"><defaultValue><value>0</value></defaultValue></outcomeDeclaration><outcomeDeclaration identifier="MAXSCORE" cardinality="single" baseType="float"><defaultValue><value>13</value></defaultValue></outcomeDeclaration><outcomeDeclaration identifier="FEEDBACKBASIC" cardinality="single" baseType="identifier" view="testConstructor"><defaultValue><value>empty</value></defaultValue></outcomeDeclaration><outcomeDeclaration identifier="FEEDBACKMODAL" cardinality="multiple" baseType="identifier" view="testConstructor" /><templateDeclaration identifier="Distribdummy" cardinality="single" baseType="integer" /><templateDeclaration identifier="AnzahlStellendummy" cardinality="single" baseType="integer" /><templateDeclaration identifier="u" cardinality="single" baseType="string" /><templateDeclaration identifier="s" cardinality="single" baseType="float" /><templateDeclaration identifier="w1" cardinality="single" baseType="integer" /><templateDeclaration identifier="w2" cardinality="single" baseType="integer" /><templateDeclaration identifier="w3" cardinality="single" baseType="integer" /><templateDeclaration identifier="w4" cardinality="single" baseType="integer" /><templateDeclaration identifier="w5" cardinality="single" baseType="integer" /><templateDeclaration identifier="w6" cardinality="single" baseType="integer" /><templateDeclaration identifier="w7" cardinality="single" baseType="integer" /><templateDeclaration identifier="w8" cardinality="single" baseType="integer" /><templateDeclaration identifier="w9" cardinality="single" baseType="integer" /><templateDeclaration identifier="wa" cardinality="single" baseType="integer" /><templateDeclaration identifier="y" cardinality="single" baseType="float" /><templateDeclaration identifier="ve" cardinality="single" baseType="float" /><templateDeclaration identifier="a" cardinality="single" baseType="string" /><templateDeclaration identifier="re" cardinality="single" baseType="float" /><templateDeclaration identifier="t1" cardinality="single" baseType="float" /><templateDeclaration identifier="t2" cardinality="single" baseType="float" /><templateProcessing><setTemplateValue identifier="Distribdummy"><customOperator definition="MAXIMA" value="float(load(distrib));" /></setTemplateValue><setTemplateValue identifier="AnzahlStellendummy"><customOperator definition="MAXIMA" value="float(fpprintprec 6);" /></setTemplateValue><setTemplateValue identifier="u"><random><multiple><baseValue baseType="string">15000</baseValue><baseValue baseType="string">10000</baseValue><baseValue baseType="string">5000</baseValue><baseValue baseType="string">1000</baseValue><baseValue baseType="string">500</baseValue><baseValue baseType="string">200</baseValue></multiple></random></setTemplateValue><setTemplateValue identifier="s"><customOperator definition="MAXIMA" value="float($(1)/30);"><variable identifier="u" /></customOperator></setTemplateValue><setTemplateValue identifier="w1"><customOperator definition="MAXIMA" value="float(random_normal($(1),$(2)));"><variable identifier="u" /><variable identifier="s" /></customOperator></setTemplateValue><setTemplateValue identifier="w2"><customOperator definition="MAXIMA" value="float(random_normal($(1),$(2)));"><variable identifier="u" /><variable identifier="s" /></customOperator></setTemplateValue><setTemplateValue identifier="w3"><customOperator definition="MAXIMA" value="float(random_normal($(1),$(2)));"><variable identifier="u" /><variable identifier="s" /></customOperator></setTemplateValue><setTemplateValue identifier="w4"><customOperator definition="MAXIMA" value="float(random_normal($(1),$(2)));"><variable identifier="u" /><variable identifier="s" /></customOperator></setTemplateValue><setTemplateValue identifier="w5"><customOperator definition="MAXIMA" value="float(random_normal($(1),$(2)));"><variable identifier="u" /><variable identifier="s" /></customOperator></setTemplateValue><setTemplateValue identifier="w6"><customOperator definition="MAXIMA" value="float(random_normal($(1),$(2)));"><variable identifier="u" /><variable identifier="s" /></customOperator></setTemplateValue><setTemplateValue identifier="w7"><customOperator definition="MAXIMA" value="float(random_normal($(1),$(2)));"><variable identifier="u" /><variable identifier="s" /></customOperator></setTemplateValue><setTemplateValue identifier="w8"><customOperator definition="MAXIMA" value="float(random_normal($(1),$(2)));"><variable identifier="u" /><variable identifier="s" /></customOperator></setTemplateValue><setTemplateValue identifier="w9"><customOperator definition="MAXIMA" value="float(random_normal($(1),$(2)));"><variable identifier="u" /><variable identifier="s" /></customOperator></setTemplateValue><setTemplateValue identifier="wa"><customOperator definition="MAXIMA" value="float(random_normal($(1),$(2)));"><variable identifier="u" /><variable identifier="s" /></customOperator></setTemplateValue><setTemplateValue identifier="y"><customOperator definition="MAXIMA" value="float(($(1)+$(2)+$(3)+$(4)+$(5)+$(6)+$(7)+$(8)+$(9)+$(10))/10);"><variable identifier="w1" /><variable identifier="w2" /><variable identifier="w3" /><variable identifier="w4" /><variable identifier="w5" /><variable identifier="w6" /><variable identifier="w7" /><variable identifier="w8" /><variable identifier="w9" /><variable identifier="wa" /></customOperator></setTemplateValue><setTemplateValue identifier="ve"><customOperator definition="MAXIMA" value="float((($(1)-$(2))^2+($(3)-$(4))^2+($(5)-$(6))^2+($(7)-$(8))^2+($(9)-$(10))^2+($(11)-$(12))^2+($(13)-$(14))^2+($(15)-$(16))^2+($(17)-$(18))^2+($(19)-$(20))^2)/9);"><variable identifier="w1" /><variable identifier="y" /><variable identifier="w2" /><variable identifier="y" /><variable identifier="w3" /><variable identifier="y" /><variable identifier="w4" /><variable identifier="y" /><variable identifier="w5" /><variable identifier="y" /><variable identifier="w6" /><variable identifier="y" /><variable identifier="w7" /><variable identifier="y" /><variable identifier="w8" /><variable identifier="y" /><variable identifier="w9" /><variable identifier="y" /><variable identifier="wa" /><variable identifier="y" /></customOperator></setTemplateValue><setTemplateValue identifier="a"><random><multiple><baseValue baseType="string">0.8</baseValue><baseValue baseType="string">0.85</baseValue><baseValue baseType="string">0.9</baseValue><baseValue baseType="string">0.95</baseValue><baseValue baseType="string">0.99</baseValue></multiple></random></setTemplateValue><setTemplateValue identifier="re"><customOperator definition="MAXIMA" value="float(quantile_student_t( float(($(1)+1)/2) ,9)*sqrt($(2))/sqrt(10))"><variable identifier="a" /><variable identifier="ve" /></customOperator></setTemplateValue><setTemplateValue identifier="t1"><customOperator definition="MAXIMA" value="float($(1)*9/float(quantile_chi2((1+$(2))/2,9)));"><variable identifier="ve" /><variable identifier="a" /></customOperator></setTemplateValue><setTemplateValue identifier="t2"><customOperator definition="MAXIMA" value="float($(1)*9/float(quantile_chi2((1-$(2))/2,9)));"><variable identifier="ve" /><variable identifier="a" /></customOperator></setTemplateValue><setCorrectResponse identifier="RESPONSE_1403169113649"><variable identifier="y" /></setCorrectResponse><setCorrectResponse identifier="RESPONSE_1403169137305"><variable identifier="ve" /></setCorrectResponse><setCorrectResponse identifier="RESPONSE_1403169958894"><variable identifier="re" /></setCorrectResponse><setCorrectResponse identifier="RESPONSE_1403188187519"><variable identifier="t1" /></setCorrectResponse><setCorrectResponse identifier="RESPONSE_1403188230560"><variable identifier="t2" /></setCorrectResponse></templateProcessing><itemBody ><p><p>Bei der Anpassung eines Klebstoffes an einen neuen Kleberoboter wurden in einer Versuchsreihe folgende Viskositätswerte in mPas mit einem Rheometer (bei 23° C) ermittelt:(<em>Falls hier einige der 10 Zahlen gleich Null sind, starten Sie bitte den Test erneut- der Zufallszahlengenerator muß gelegendlich erst warm werden.)</em></p><p><printedVariable identifier="w1" />, <printedVariable identifier="w2" /> , <printedVariable identifier="w3" /> , <printedVariable identifier="w4" /> , <printedVariable identifier="w5" /> , <printedVariable identifier="w6" /> , <printedVariable identifier="w7" /> , <printedVariable identifier="w8" /> , <printedVariable identifier="w9" /> , <printedVariable identifier="wa" /></p><p>Das Merkmal Viskosität kann als näherungsweise normalverteilt angenommen werden.</p><p>Runden Sie alle Ergebnisse auf eine Stelle nach dem Komma.</p><p>(a) Ermitteln Sie Punktschätzungen \( \overline{x}, \ s^2\) fur Erwartungswert und Varianz (empirisch):</p><p>\(\overline{x} = \) <textEntryInteraction responseIdentifier="RESPONSE_1403169113649" expectedLength="6" /> mPas</p><p>\(s^2 = \) <textEntryInteraction responseIdentifier="RESPONSE_1403169137305" expectedLength="5" /> \((mPas)^2\)</p><p>(b) Ermitteln Sie ein Konfidenzintervall zum Niveau \(\gamma = \) <printedVariable identifier="a" /> für den Erwartungswert \( \mu\) als auch zur Varianz \( \sigma^2\):</p><p>Konfidenzintervall für \( \mu \ : \ I = [\overline{x}-r, \overline{x}+r]\) mit r = <textEntryInteraction responseIdentifier="RESPONSE_1403169958894" expectedLength="4" /></p><p>Konfidenzintervall für \( \sigma^2\): \( V = [ s_1 , s_2 ]\)  mit \(s_1 = \)  <textEntryInteraction responseIdentifier="RESPONSE_1403188187519" expectedLength="1" /> und \( s_2 = \) <textEntryInteraction responseIdentifier="RESPONSE_1403188230560" expectedLength="1" /></p><p> </p><p> </p></p></itemBody><responseProcessing><responseCondition><responseIf><equal toleranceMode="absolute" tolerance="0.1 0.1" includeLowerBound="true" includeUpperBound="true"><variable identifier="RESPONSE_1403169113649" /><correct identifier="RESPONSE_1403169113649" /></equal><setOutcomeValue identifier="SCORE"><sum><variable identifier="SCORE" /><baseValue baseType="float">1</baseValue></sum></setOutcomeValue></responseIf></responseCondition><responseCondition><responseIf><not><isNull><variable identifier="RESPONSE_1403169113649" /></isNull></not><setOutcomeValue identifier="FEEDBACKBASIC"><baseValue baseType="identifier">incorrect</baseValue></setOutcomeValue></responseIf></responseCondition><responseCondition><responseIf><equal toleranceMode="absolute" tolerance="0.1 0.1" includeLowerBound="true" includeUpperBound="true"><variable identifier="RESPONSE_1403169137305" /><correct identifier="RESPONSE_1403169137305" /></equal><setOutcomeValue identifier="SCORE"><sum><variable identifier="SCORE" /><baseValue baseType="float">1</baseValue></sum></setOutcomeValue></responseIf></responseCondition><responseCondition><responseIf><not><isNull><variable identifier="RESPONSE_1403169137305" /></isNull></not><setOutcomeValue identifier="FEEDBACKBASIC"><baseValue baseType="identifier">incorrect</baseValue></setOutcomeValue></responseIf></responseCondition><responseCondition><responseIf><equal toleranceMode="absolute" tolerance="0.1 0.1" includeLowerBound="true" includeUpperBound="true"><variable identifier="RESPONSE_1403169958894" /><correct identifier="RESPONSE_1403169958894" /></equal><setOutcomeValue identifier="SCORE"><sum><variable identifier="SCORE" /><baseValue baseType="float">4</baseValue></sum></setOutcomeValue></responseIf></responseCondition><responseCondition><responseIf><not><isNull><variable identifier="RESPONSE_1403169958894" /></isNull></not><setOutcomeValue identifier="FEEDBACKBASIC"><baseValue baseType="identifier">incorrect</baseValue></setOutcomeValue></responseIf></responseCondition><responseCondition><responseIf><equal toleranceMode="absolute" tolerance="0.1 0.1" includeLowerBound="true" includeUpperBound="true"><variable identifier="RESPONSE_1403188187519" /><correct identifier="RESPONSE_1403188187519" /></equal><setOutcomeValue identifier="SCORE"><sum><variable identifier="SCORE" /><baseValue baseType="float">4</baseValue></sum></setOutcomeValue></responseIf></responseCondition><responseCondition><responseIf><not><isNull><variable identifier="RESPONSE_1403188187519" /></isNull></not><setOutcomeValue identifier="FEEDBACKBASIC"><baseValue baseType="identifier">incorrect</baseValue></setOutcomeValue></responseIf></responseCondition><responseCondition><responseIf><equal toleranceMode="absolute" tolerance="0.1 0.1" includeLowerBound="true" includeUpperBound="true"><variable identifier="RESPONSE_1403188230560" /><correct identifier="RESPONSE_1403188230560" /></equal><setOutcomeValue identifier="SCORE"><sum><variable identifier="SCORE" /><baseValue baseType="float">3</baseValue></sum></setOutcomeValue></responseIf></responseCondition><responseCondition><responseIf><not><isNull><variable identifier="RESPONSE_1403188230560" /></isNull></not><setOutcomeValue identifier="FEEDBACKBASIC"><baseValue baseType="identifier">incorrect</baseValue></setOutcomeValue></responseIf></responseCondition><responseCondition><responseIf><and><not><match><variable identifier="FEEDBACKBASIC" /><baseValue baseType="identifier">empty</baseValue></match></not><equal toleranceMode="exact"><variable identifier="SCORE" /><variable identifier="MAXSCORE" /></equal></and><setOutcomeValue identifier="FEEDBACKBASIC"><baseValue baseType="identifier">correct</baseValue></setOutcomeValue></responseIf></responseCondition><responseCondition><responseIf><and><match><baseValue baseType="identifier">incorrect</baseValue><variable identifier="FEEDBACKBASIC" /></match></and><setOutcomeValue identifier="FEEDBACKMODAL"><multiple><variable identifier="FEEDBACKMODAL" /><baseValue baseType="identifier">Feedback330521018</baseValue></multiple></setOutcomeValue></responseIf></responseCondition></responseProcessing><modalFeedback  identifier="Feedback330521018" outcomeIdentifier="FEEDBACKMODAL" showHide="show"><p>a.)</p><p>Berechnung eines Konfidenzintervalles für den unbekannten Mittelwert bei unbekannter Varianz:</p><p>Berechne eine Schätzung \( \overline{x}\) des Erwartungswertes mit Hilfe der Stichprobendaten durch Mittelwertbildung. Berechne eine Schätzung \(s^2\) der Varianz durch verwenden der Formel zur Ermittlung der empirischen Varianz aus den Stichprobendaten.</p><p>Berechne jetzt die Konstante c aus der Bedingung:</p><p style="-qt-block-indent: 0; text-indent: 0px; margin: 0px;">\[ P(-c\leq \frac{\overline{ X} - \mu}{S/\sqrt n} \leq c) = \gamma \leftrightarrow 2\cdot P( \frac{\overline{ X} - \mu}{S/\sqrt n} \leq c) -1 = \gamma \]</p><p style="-qt-block-indent: 0; text-indent: 0px; margin: 0px;">da  \( \frac{\overline{ X} - \mu}{S/\sqrt n}\) Student-t-verteilt ist (mit f = n-1 Freiheitsgraden). Damit ist c das Student-t (mit n-1 Freiheitsgraden) Quantil zu \( \frac{\gamma +1}{2}\).</p><p style="-qt-block-indent: 0; text-indent: 0px; margin: 0px;">Berechne dieses Quantil mit Hilfe einer Tabelle oder TR, Computeralgebrasystem, etc.</p><p style="-qt-block-indent: 0; text-indent: 0px; margin: 0px;"> </p><p style="-qt-block-indent: 0; text-indent: 0px; margin: 0px;">Ist c berechnet, erhält man das Konfidenzintervall durch Umformen der Ansatzgleichung oben zu:</p><p style="-qt-block-indent: 0; text-indent: 0px; margin: 0px;"> </p><p style="-qt-block-indent: 0; text-indent: 0px; margin: 0px;">\[ \overline{ x} - c\frac<printedVariable identifier="s" />{\sqrt n} \leq \mu \leq \overline{ x} + c\frac<printedVariable identifier="s" />{\sqrt n} \]</p><p style="-qt-block-indent: 0; text-indent: 0px; margin: 0px;"> </p><p style="-qt-block-indent: 0; text-indent: 0px; margin: 0px;">b.) Berechnung eines Konfidenzintervalles für die Varianz:</p><p style="-qt-block-indent: 0; text-indent: 0px; margin: 0px;"> </p><p style="-qt-block-indent: 0; text-indent: 0px; margin: 0px;">Berechne zunächst die Konstanten \(c_1,c_2\) aus den Bedingungen</p><p style="-qt-block-indent: 0; text-indent: 0px; margin: 0px;">\[ P(c_1 \leq (n-1)\frac{S^2}{\sigma^2} \leq c_2) = \gamma \text{ und } P((n-1)\frac{S^2}{\sigma^2} \leq c_1) = \frac12 (1-\gamma) \]</p><p style="-qt-block-indent: 0; text-indent: 0px; margin: 0px;">hierbei ist  \( (n-1)\cdot \frac{S^2}{\sigma^2}\) eine \( \chi^2\)-verteilte Zufallsgröße mit f = n-1 Freiheitsgraden. Diese Bedingungen bedeuten, dass wir nach einem Intervall \( [c_1,c_2]\) schauen, so dass die Wahrscheinlichkeit dass die \( \chi^2\)-verteilte Zufallsgröße in \( [c_1,c_2]\) liegt, gerade \(\gamma\) ist während rechts und links davon jeweils die (gleiche) Restwahrscheinlichkeit \(\frac{1-\gamma}{2}\) verbleibt. Also erhält man  \(c_1\) als das \( \chi^2\) Quantil zu \(\frac12 (1-\gamma)\)  und \(c_2\) als das \( \chi^2\) Quantil zu \(\frac12 (1+\gamma)\) wobei man jeweils mit  f = n-1 Freiheitsgraden arbeitet.</p><p style="-qt-block-indent: 0; text-indent: 0px; margin: 0px;"> </p><p style="-qt-block-indent: 0; text-indent: 0px; margin: 0px;">Man konstruiert jetzt das Vertrauensintervall indem man in der linken der obigen Bedingungsgleichungen innerhalb des P's nach \(\sigma^2\) umformt. Man erhält hiermit:</p><p style="-qt-block-indent: 0; text-indent: 0px; margin: 0px;">\[ \frac{(n-1)s^2}{c_2} \leq \sigma^2 \leq \frac{(n-1)s^2}{c_1} \]</p><p style="-qt-block-indent: 0; text-indent: 0px; margin: 0px;"> </p><p style="-qt-block-indent: 0; text-indent: 0px; margin: 0px;"> </p></modalFeedback></assessmentItem>
