<?xml version="1.0" encoding="UTF-8"?>
<assessmentItem xmlns="http://www.imsglobal.org/xsd/imsqti_v2p1" xmlns:xsi="http://www.w3.org/2001/XMLSchema-instance" xsi:schemaLocation="http://www.imsglobal.org/xsd/imsqti_v2p1 http://www.imsglobal.org/xsd/qti/qtiv2p1/imsqti_v2p1p1.xsd http://www.w3.org/1998/Math/MathML http://www.w3.org/Math/XMLSchema/mathml2/mathml2.xsd" identifier="idc8a439dd-e1bf-41e5-a3d2-880402f7178b" title="Erwartungswert, Varianz, Standardabweichnung einer Zufallsvariablen" adaptive="false" timeDependent="false"><responseDeclaration identifier="RESPONSE_1400101939414" cardinality="single" baseType="float"><correctResponse><value>0</value></correctResponse></responseDeclaration><responseDeclaration identifier="RESPONSE_1400102097808" cardinality="single" baseType="float"><correctResponse><value>0</value></correctResponse></responseDeclaration><responseDeclaration identifier="RESPONSE_1400102395131" cardinality="single" baseType="float"><correctResponse><value>0</value></correctResponse></responseDeclaration><outcomeDeclaration identifier="SCORE" cardinality="single" baseType="float"><defaultValue><value>0</value></defaultValue></outcomeDeclaration><outcomeDeclaration identifier="MAXSCORE" cardinality="single" baseType="float"><defaultValue><value>5</value></defaultValue></outcomeDeclaration><outcomeDeclaration identifier="FEEDBACKBASIC" cardinality="single" baseType="identifier" view="testConstructor"><defaultValue><value>empty</value></defaultValue></outcomeDeclaration><outcomeDeclaration identifier="FEEDBACKMODAL" cardinality="multiple" baseType="identifier" view="testConstructor" /><templateDeclaration identifier="Wert1" cardinality="single" baseType="integer" /><templateDeclaration identifier="Wert2" cardinality="single" baseType="integer" /><templateDeclaration identifier="Wert3" cardinality="single" baseType="integer" /><templateDeclaration identifier="p1" cardinality="single" baseType="float" /><templateDeclaration identifier="p2" cardinality="single" baseType="float" /><templateDeclaration identifier="p3" cardinality="single" baseType="float" /><templateDeclaration identifier="EW" cardinality="single" baseType="float" /><templateDeclaration identifier="Varianz" cardinality="single" baseType="float" /><templateDeclaration identifier="StdAbweichung" cardinality="single" baseType="float" /><templateProcessing><setTemplateValue identifier="Wert1"><randomInteger min="1" max="5" /></setTemplateValue><setTemplateValue identifier="Wert2"><randomInteger min="7" max="10" /></setTemplateValue><setTemplateValue identifier="Wert3"><randomInteger min="11" max="16" /></setTemplateValue><setTemplateValue identifier="p1"><random><multiple><baseValue baseType="float">0.1</baseValue><baseValue baseType="float">0.2</baseValue><baseValue baseType="float">0.3</baseValue><baseValue baseType="float">0.4</baseValue><baseValue baseType="float">0.5</baseValue></multiple></random></setTemplateValue><setTemplateValue identifier="p2"><random><multiple><baseValue baseType="float">0.2</baseValue><baseValue baseType="float">0.3</baseValue><baseValue baseType="float">0.4</baseValue></multiple></random></setTemplateValue><setTemplateValue identifier="p3"><customOperator definition="MAXIMA" value="float(1-$(1)-$(2));"><variable identifier="p1" /><variable identifier="p2" /></customOperator></setTemplateValue><setTemplateValue identifier="EW"><customOperator definition="MAXIMA" value="float($(1)*$(2)+$(3)*$(4)+$(5)*$(6))"><variable identifier="Wert1" /><variable identifier="p1" /><variable identifier="Wert2" /><variable identifier="p2" /><variable identifier="Wert3" /><variable identifier="p3" /></customOperator></setTemplateValue><setTemplateValue identifier="Varianz"><customOperator definition="MAXIMA" value="float(($(1)-$(2))^2*$(3)+($(4)-$(5))^2*$(6)+($(7)-$(8))^2*$(9));"><variable identifier="Wert1" /><variable identifier="EW" /><variable identifier="p1" /><variable identifier="Wert2" /><variable identifier="EW" /><variable identifier="p2" /><variable identifier="Wert3" /><variable identifier="EW" /><variable identifier="p3" /></customOperator></setTemplateValue><setTemplateValue identifier="StdAbweichung"><customOperator definition="MAXIMA" value="float(sqrt($(1)));"><variable identifier="Varianz" /></customOperator></setTemplateValue><setCorrectResponse identifier="RESPONSE_1400101939414"><variable identifier="EW" /></setCorrectResponse><setCorrectResponse identifier="RESPONSE_1400102097808"><variable identifier="Varianz" /></setCorrectResponse><setCorrectResponse identifier="RESPONSE_1400102395131"><variable identifier="StdAbweichung" /></setCorrectResponse></templateProcessing><itemBody ><p>Gegeben ist eine Zufallsvariable \(X\), die die Werte <printedVariable identifier="Wert1" />; <printedVariable identifier="Wert2" /> und <printedVariable identifier="Wert3" /> mit den Wahrscheinlichkeiten <printedVariable identifier="p1" />; <printedVariable identifier="p2" /> bzw. <printedVariable identifier="p3" /> annehmen kann.</p><p>Berechnen Sie</p><ol><li>den Erwartungswert \(E(X)=\mu_X=\)  <textEntryInteraction responseIdentifier="RESPONSE_1400101939414" expectedLength="4" placeholderText="0,00" /></li><li>die Varianz \(Var(X)=\sigma^2_X=\)  <textEntryInteraction responseIdentifier="RESPONSE_1400102097808" expectedLength="4" placeholderText="0,00" /> , und</li><li>die Standardabweichung \(\sigma_X = \)  <textEntryInteraction responseIdentifier="RESPONSE_1400102395131" expectedLength="4" placeholderText="0,00" /> </li></ol><p>von \(X\).</p><p>Hinweis: Geben Sie die Werte mit einer Genauigkeit von 2 Nachkommastellen ein.</p></itemBody><responseProcessing><responseCondition><responseIf><equal toleranceMode="absolute" tolerance="0.01 0.01" includeLowerBound="true" includeUpperBound="true"><variable identifier="RESPONSE_1400101939414" /><correct identifier="RESPONSE_1400101939414" /></equal><setOutcomeValue identifier="SCORE"><sum><variable identifier="SCORE" /><baseValue baseType="float">2</baseValue></sum></setOutcomeValue></responseIf></responseCondition><responseCondition><responseIf><not><isNull><variable identifier="RESPONSE_1400101939414" /></isNull></not><setOutcomeValue identifier="FEEDBACKBASIC"><baseValue baseType="identifier">incorrect</baseValue></setOutcomeValue></responseIf></responseCondition><responseCondition><responseIf><equal toleranceMode="absolute" tolerance="0.01 0.01" includeLowerBound="true" includeUpperBound="true"><variable identifier="RESPONSE_1400102097808" /><correct identifier="RESPONSE_1400102097808" /></equal><setOutcomeValue identifier="SCORE"><sum><variable identifier="SCORE" /><baseValue baseType="float">2</baseValue></sum></setOutcomeValue></responseIf></responseCondition><responseCondition><responseIf><not><isNull><variable identifier="RESPONSE_1400102097808" /></isNull></not><setOutcomeValue identifier="FEEDBACKBASIC"><baseValue baseType="identifier">incorrect</baseValue></setOutcomeValue></responseIf></responseCondition><responseCondition><responseIf><equal toleranceMode="absolute" tolerance="0.01 0.01" includeLowerBound="true" includeUpperBound="true"><variable identifier="RESPONSE_1400102395131" /><correct identifier="RESPONSE_1400102395131" /></equal><setOutcomeValue identifier="SCORE"><sum><variable identifier="SCORE" /><baseValue baseType="float">1</baseValue></sum></setOutcomeValue></responseIf></responseCondition><responseCondition><responseIf><not><isNull><variable identifier="RESPONSE_1400102395131" /></isNull></not><setOutcomeValue identifier="FEEDBACKBASIC"><baseValue baseType="identifier">incorrect</baseValue></setOutcomeValue></responseIf></responseCondition><responseCondition><responseIf><and><not><match><variable identifier="FEEDBACKBASIC" /><baseValue baseType="identifier">empty</baseValue></match></not><equal toleranceMode="exact"><variable identifier="SCORE" /><variable identifier="MAXSCORE" /></equal></and><setOutcomeValue identifier="FEEDBACKBASIC"><baseValue baseType="identifier">correct</baseValue></setOutcomeValue></responseIf></responseCondition><responseCondition><responseIf><and><match><baseValue baseType="identifier">correct</baseValue><variable identifier="FEEDBACKBASIC" /></match></and><setOutcomeValue identifier="FEEDBACKMODAL"><multiple><variable identifier="FEEDBACKMODAL" /><baseValue baseType="identifier">Feedback1795919012</baseValue></multiple></setOutcomeValue></responseIf></responseCondition><responseCondition><responseIf><and><match><baseValue baseType="identifier">incorrect</baseValue><variable identifier="FEEDBACKBASIC" /></match></and><setOutcomeValue identifier="FEEDBACKMODAL"><multiple><variable identifier="FEEDBACKMODAL" /><baseValue baseType="identifier">Feedback1372741090</baseValue></multiple></setOutcomeValue></responseIf></responseCondition><responseCondition><responseIf><and><equal toleranceMode="exact"><variable identifier="SCORE" /><baseValue baseType="float">0</baseValue></equal></and><setOutcomeValue identifier="FEEDBACKMODAL"><multiple><variable identifier="FEEDBACKMODAL" /><baseValue baseType="identifier">Feedback432653434</baseValue></multiple></setOutcomeValue></responseIf></responseCondition><responseCondition><responseIf><and><lte><variable identifier="SCORE" /><baseValue baseType="float">2</baseValue></lte></and><setOutcomeValue identifier="FEEDBACKMODAL"><multiple><variable identifier="FEEDBACKMODAL" /><baseValue baseType="identifier">Feedback1694511242</baseValue></multiple></setOutcomeValue></responseIf></responseCondition><responseCondition><responseIf><and><equal toleranceMode="exact"><variable identifier="SCORE" /><baseValue baseType="float">4</baseValue></equal></and><setOutcomeValue identifier="FEEDBACKMODAL"><multiple><variable identifier="FEEDBACKMODAL" /><baseValue baseType="identifier">Feedback352624829</baseValue></multiple></setOutcomeValue></responseIf></responseCondition></responseProcessing><modalFeedback  identifier="Feedback1795919012" outcomeIdentifier="FEEDBACKMODAL" showHide="show" title="Sehr gut!"><p>Sie haben die Aufgabe vollständig richtig gelöst. Weiter so.</p></modalFeedback><modalFeedback  identifier="Feedback1372741090" outcomeIdentifier="FEEDBACKMODAL" showHide="show" title="Fehlerauswertung"><p>Sie haben eine oder mehrere Teilaufgaben nicht richtig gelöst. Weitere Hinweise zur wahrscheinlichen Fehlerursache finden Sie weiter unten.</p></modalFeedback><modalFeedback  identifier="Feedback432653434" outcomeIdentifier="FEEDBACKMODAL" showHide="show" title="Aufgabe vollständig falsch"><p>Sie haben keine Punkte erhalten und wir empfehlen Ihnen daher, die Aufgabe mit anderen Werten erneut zu bearbeiten.</p><p>Beachten Sie, dass für die zu berechnenden Werte folgendes gilt:</p><ol><li>Erwartungswert: \[\mu_X= \sum_{i=1}^3 x_i \cdot p_i\]</li><li>Varianz \[\sigma^2_X= \sum_{i=1}^3 (x_i-\mu)^2 \cdot p_i\]</li><li>Standardabweichung \[\sigma_X= \sqrt{\sigma^2_X}\]</li></ol><p> </p></modalFeedback><modalFeedback  identifier="Feedback1694511242" outcomeIdentifier="FEEDBACKMODAL" showHide="show" title="Nur wenige Punkte sind nicht ausreichend ..."><p>Sie haben nur einen oder zwei Punkte erhalten und wir empfehlen Ihnen daher, die Aufgabe mit anderen Werten erneut zu bearbeiten.</p><p>Zwei Szenarien sind wahrscheinlich. Sie haben den Erwartungswert richtig berechnet, aber Varianz und damit automatisch die Standardabweichung sind falsch. Prüfen Sie, ob Sie diese korrekt nach den folgenden Formeln berechnet haben:</p><ol><li> </li><li>Varianz \[\sigma^2_X= \sum_{i=1}^3 (x_i-\mu)^2 \cdot p_i\]</li><li>Standardabweichung \[\sigma_X= \sqrt{\sigma^2_X}\]</li></ol><p> Das andere Szenario wäre, dass Sie lediglich die Werte falsch eingetragen haben oder falsch gerundet haben. Dann haben Sie das Prinzip verstanden, und müssen nur noch die Details sorgfältig ausfüllen. Einfach nochmal rechnen.</p></modalFeedback><modalFeedback  identifier="Feedback352624829" outcomeIdentifier="FEEDBACKMODAL" showHide="show" title="Ein Punkt fehlt zur Perfektion ..."><p>Sie haben einen Punkt verloren. Bei dieser Aufgabe deutet dies darauf hin, dass Sie die Lösung von Ihrem Blatt Papier nicht korrekt in die Lücke eingetragen haben, oder dass Sie beim Runden nicht genau waren. Achtung: Wenn Sie bei der Berechnung eine Genauigkeit von 2 Nachkommastellen garantieren wollen, müssen Sie evtl. die Zwischenergebnisse mit einer höheren Genauigkeit als 2 Nachkommastellen eingeben.</p><p>Sie müssen selber entscheiden, ob Sie versuchen den fehlenden Punkt noch zu erreichen, indem Sie die Aufgabe mit neuen Werte erneut angehen; oder ob Sie den grundsätzlichen Ansatz verstanden haben und lieber andere Aufgaben rechnen.</p></modalFeedback></assessmentItem>
