<?xml version="1.0" encoding="UTF-8"?>
<assessmentItem xmlns="http://www.imsglobal.org/xsd/imsqti_v2p1" xmlns:xsi="http://www.w3.org/2001/XMLSchema-instance" xsi:schemaLocation="http://www.imsglobal.org/xsd/imsqti_v2p1 imsqti_v2p1.xsd" identifier="idcd371af2-d751-48f2-913f-176f21002bf8" title="19. Grundlagen Projektmanagement" adaptive="false" timeDependent="false"><responseDeclaration identifier="RESPONSE_1" cardinality="multiple" baseType="identifier"><correctResponse><value>idfd6e7322-f7a2-4a00-b7f4-779afc0d8dcc</value></correctResponse><mapping defaultValue="0" lowerBound="0.0"><mapEntry mapKey="id59a2da43-ae7b-4422-9dc3-69799f623a0a" mappedValue="-1.0" /><mapEntry mapKey="id30fcd7cd-c809-464e-8881-8d64c99fdfdb" mappedValue="-1.0" /><mapEntry mapKey="id6c731465-5b53-4861-b334-ab8cbcf0d4c7" mappedValue="-1.0" /><mapEntry mapKey="idfd6e7322-f7a2-4a00-b7f4-779afc0d8dcc" mappedValue="1.0" /><mapEntry mapKey="id797fca99-1361-4c78-aea8-93288f5c789a" mappedValue="-1.0" /><mapEntry mapKey="id9d032271-63d5-41fb-88de-259dc449b0e3" mappedValue="-1.0" /></mapping></responseDeclaration><outcomeDeclaration identifier="SCORE" cardinality="single" baseType="float"><defaultValue><value>0</value></defaultValue></outcomeDeclaration><outcomeDeclaration identifier="MAXSCORE" cardinality="single" baseType="float"><defaultValue><value>1</value></defaultValue></outcomeDeclaration><outcomeDeclaration identifier="FEEDBACKBASIC" cardinality="single" baseType="identifier" view="testConstructor"><defaultValue><value>empty</value></defaultValue></outcomeDeclaration><itemBody><p xmlns=""><strong>Welche der folgenden Vorhaben beschreiben ein Projekt?</strong></p><p xmlns="">(Klicken Sie die richtige(n) Antwort(en) an)</p><p xmlns=""> </p><p xmlns=""><strong>Antwort:</strong></p><choiceInteraction responseIdentifier="RESPONSE_1" shuffle="true" maxChoices="0"><simpleChoice identifier="id59a2da43-ae7b-4422-9dc3-69799f623a0a"><p xmlns="">Jedes Vorhaben, was der Planung bedarf</p></simpleChoice><simpleChoice identifier="id30fcd7cd-c809-464e-8881-8d64c99fdfdb"><p xmlns="">Ein zeitlich unbegrenztes Vorhaben zur Schaffung eines einmaligen Produktes, einer Dienstleistung oder eines Ergebnisses</p></simpleChoice><simpleChoice identifier="id6c731465-5b53-4861-b334-ab8cbcf0d4c7"><p xmlns="">Ein zeitlich unbegrenztes Vorhaben zur Umsetzung einer Geschäftsidee mit begrenzten finanziellen Ressourcen</p></simpleChoice><simpleChoice identifier="idfd6e7322-f7a2-4a00-b7f4-779afc0d8dcc"><p xmlns="">Ein zeitlich begrenztes Vorhaben zur Schaffung eines einmaligen Produktes, einer Dienstleistung oder eines Ergebnisses</p></simpleChoice><simpleChoice identifier="id797fca99-1361-4c78-aea8-93288f5c789a"><p xmlns="">Das Zusammenkommen unterschiedlicher Menschen, um ein gemeinsames Ziel zu erreichen</p></simpleChoice><simpleChoice identifier="id9d032271-63d5-41fb-88de-259dc449b0e3"><p xmlns="">Jedes Vorhaben was irgendwie erledigt werden muss</p></simpleChoice></choiceInteraction></itemBody><responseProcessing><responseCondition><responseIf><not><isNull><variable identifier="RESPONSE_1" /></isNull></not><setOutcomeValue identifier="SCORE"><sum><variable identifier="SCORE" /><mapResponse identifier="RESPONSE_1" /></sum></setOutcomeValue><setOutcomeValue identifier="FEEDBACKBASIC"><baseValue baseType="identifier">incorrect</baseValue></setOutcomeValue></responseIf></responseCondition><responseCondition><responseIf><and><not><match><variable identifier="FEEDBACKBASIC" /><baseValue baseType="identifier">empty</baseValue></match></not><equal toleranceMode="exact"><variable identifier="SCORE" /><variable identifier="MAXSCORE" /></equal></and><setOutcomeValue identifier="FEEDBACKBASIC"><baseValue baseType="identifier">correct</baseValue></setOutcomeValue></responseIf></responseCondition></responseProcessing></assessmentItem>
