<?xml version="1.0" encoding="UTF-8"?>
<assessmentItem xmlns="http://www.imsglobal.org/xsd/imsqti_v2p1" xmlns:xsi="http://www.w3.org/2001/XMLSchema-instance" xsi:schemaLocation="http://www.imsglobal.org/xsd/imsqti_v2p1 http://www.imsglobal.org/xsd/qti/qtiv2p1/imsqti_v2p1p1.xsd http://www.w3.org/1998/Math/MathML http://www.w3.org/Math/XMLSchema/mathml2/mathml2.xsd" identifier="idae423119-5293-4832-8398-9fdc403054ac" title="mengenoperationen_intervalle_01" adaptive="false" timeDependent="false"><responseDeclaration identifier="RESPONSE_1415347808990" cardinality="single" baseType="string" /><responseDeclaration identifier="RESPONSE_1415347868193" cardinality="single" baseType="string" /><responseDeclaration identifier="RESPONSE_1415348201996" cardinality="single" baseType="string" /><responseDeclaration identifier="RESPONSE_1415348218015" cardinality="single" baseType="string" /><outcomeDeclaration identifier="SCORE" cardinality="single" baseType="float"><defaultValue><value>0</value></defaultValue></outcomeDeclaration><outcomeDeclaration identifier="MAXSCORE" cardinality="single" baseType="float"><defaultValue><value>2</value></defaultValue></outcomeDeclaration><outcomeDeclaration identifier="FEEDBACKBASIC" cardinality="single" baseType="identifier" view="testConstructor"><defaultValue><value>empty</value></defaultValue></outcomeDeclaration><templateDeclaration identifier="a" cardinality="single" baseType="integer" /><templateDeclaration identifier="c" cardinality="single" baseType="integer" /><templateDeclaration identifier="b" cardinality="single" baseType="integer" /><templateDeclaration identifier="d" cardinality="single" baseType="integer" /><templateDeclaration identifier="ka" cardinality="single" baseType="string" /><templateDeclaration identifier="kd" cardinality="single" baseType="string" /><templateDeclaration identifier="vereinigung" cardinality="single" baseType="string" /><templateDeclaration identifier="durchschnitt" cardinality="single" baseType="string" /><templateDeclaration identifier="AohneB" cardinality="single" baseType="string" /><templateDeclaration identifier="BohneA" cardinality="single" baseType="string" /><templateDeclaration identifier="test" cardinality="single" baseType="string" /><templateProcessing><setTemplateValue identifier="a"><randomInteger min="-20" max="-10" /></setTemplateValue><setTemplateValue identifier="c"><randomInteger min="-9" max="0" /></setTemplateValue><setTemplateValue identifier="b"><randomInteger min="1" max="10" /></setTemplateValue><setTemplateValue identifier="d"><randomInteger min="11" max="20" /></setTemplateValue><setTemplateValue identifier="ka"><random><multiple><baseValue baseType="string">[</baseValue><baseValue baseType="string">(</baseValue></multiple></random></setTemplateValue><setTemplateValue identifier="kd"><random><multiple><baseValue baseType="string">]</baseValue><baseValue baseType="string">)</baseValue></multiple></random></setTemplateValue><setTemplateValue identifier="vereinigung"><customOperator definition="MAXIMA" value="&quot;$(1)$(2),$(3)$(4)&quot;"><variable identifier="ka" /><variable identifier="a" /><variable identifier="d" /><variable identifier="kd" /></customOperator></setTemplateValue><setTemplateValue identifier="durchschnitt"><customOperator definition="MAXIMA" value="&quot;[$(1),$(2))&quot;"><variable identifier="c" /><variable identifier="b" /></customOperator></setTemplateValue><setTemplateValue identifier="AohneB"><customOperator definition="MAXIMA" value="&quot;$(1)$(2),$(3))&quot;"><variable identifier="ka" /><variable identifier="a" /><variable identifier="c" /></customOperator></setTemplateValue><setTemplateValue identifier="BohneA"><customOperator definition="MAXIMA" value="&quot;[$(1),$(2)$(3)&quot;"><variable identifier="b" /><variable identifier="d" /><variable identifier="kd" /></customOperator></setTemplateValue><setTemplateValue identifier="test"><customOperator definition="MAXIMA" value="&quot;" /></setTemplateValue><setCorrectResponse identifier="RESPONSE_1415347808990"><customOperator definition="VARIABLESTRING" value="$(1)"><variable identifier="vereinigung" /></customOperator></setCorrectResponse><setCorrectResponse identifier="RESPONSE_1415347868193"><customOperator definition="VARIABLESTRING" value="$(1)"><variable identifier="durchschnitt" /></customOperator></setCorrectResponse><setCorrectResponse identifier="RESPONSE_1415348201996"><customOperator definition="VARIABLESTRING" value="$(1)"><variable identifier="AohneB" /></customOperator></setCorrectResponse><setCorrectResponse identifier="RESPONSE_1415348218015"><customOperator definition="VARIABLESTRING" value="$(1)"><variable identifier="BohneA" /></customOperator></setCorrectResponse></templateProcessing><itemBody ><p>Gegeben seien die Mengen \(A=<printedVariable identifier="ka" /><printedVariable identifier="a" />,<printedVariable identifier="b" />)\subset\mathbb R\) und \(B=[<printedVariable identifier="c" />,<printedVariable identifier="d" /><printedVariable identifier="kd" />\subset\mathbb R\).</p><p>Geben Sie die folgenden Mengen an.</p><p>\(\qquad A\cup B=\) <textEntryInteraction responseIdentifier="RESPONSE_1415347808990" expectedLength="5" /> \(\qquad A\cap B=\) <textEntryInteraction responseIdentifier="RESPONSE_1415347868193" expectedLength="5" /> \(\qquad A\setminus B=\) <textEntryInteraction responseIdentifier="RESPONSE_1415348201996" expectedLength="5" /> \(\qquad B\setminus A=\) <textEntryInteraction responseIdentifier="RESPONSE_1415348218015" expectedLength="5" /></p><p>Verwenden Sie runde Klammern für offene Intervallgrenzen sowie eckige Klammern für geschlossene Intervallgrenzen.</p><p><strong>ACHTUNG: Aufgabe noch in Bearbeitung!</strong><strong><br /></strong></p></itemBody><responseProcessing><responseCondition><responseIf><customOperator definition="MAXIMA" value="is(equal({test}$(1){test},{test}$(2){test}));" caseSensitive="false"><variable identifier="RESPONSE_1415347808990" /><correct identifier="RESPONSE_1415347808990" /></customOperator><setOutcomeValue identifier="SCORE"><sum><variable identifier="SCORE" /><baseValue baseType="float">0.5</baseValue></sum></setOutcomeValue></responseIf></responseCondition><responseCondition><responseIf><not><isNull><variable identifier="RESPONSE_1415347808990" /></isNull></not><setOutcomeValue identifier="FEEDBACKBASIC"><baseValue baseType="identifier">incorrect</baseValue></setOutcomeValue></responseIf></responseCondition><responseCondition><responseIf><customOperator definition="MAXIMA" value="is(equal({test}$(1){test},{test}$(2){test}));" caseSensitive="false"><variable identifier="RESPONSE_1415347868193" /><correct identifier="RESPONSE_1415347868193" /></customOperator><setOutcomeValue identifier="SCORE"><sum><variable identifier="SCORE" /><baseValue baseType="float">0.5</baseValue></sum></setOutcomeValue></responseIf></responseCondition><responseCondition><responseIf><not><isNull><variable identifier="RESPONSE_1415347868193" /></isNull></not><setOutcomeValue identifier="FEEDBACKBASIC"><baseValue baseType="identifier">incorrect</baseValue></setOutcomeValue></responseIf></responseCondition><responseCondition><responseIf><customOperator definition="MAXIMA" value="is(equal({test}$(1){test},$(2)));" caseSensitive="false"><variable identifier="RESPONSE_1415348201996" /><correct identifier="RESPONSE_1415348201996" /></customOperator><setOutcomeValue identifier="SCORE"><sum><variable identifier="SCORE" /><baseValue baseType="float">0.5</baseValue></sum></setOutcomeValue></responseIf></responseCondition><responseCondition><responseIf><not><isNull><variable identifier="RESPONSE_1415348201996" /></isNull></not><setOutcomeValue identifier="FEEDBACKBASIC"><baseValue baseType="identifier">incorrect</baseValue></setOutcomeValue></responseIf></responseCondition><responseCondition><responseIf><customOperator definition="MAXIMA" value="is(equal({test}$(1){test},$(2)));" caseSensitive="false"><variable identifier="RESPONSE_1415348218015" /><correct identifier="RESPONSE_1415348218015" /></customOperator><setOutcomeValue identifier="SCORE"><sum><variable identifier="SCORE" /><baseValue baseType="float">0.5</baseValue></sum></setOutcomeValue></responseIf></responseCondition><responseCondition><responseIf><not><isNull><variable identifier="RESPONSE_1415348218015" /></isNull></not><setOutcomeValue identifier="FEEDBACKBASIC"><baseValue baseType="identifier">incorrect</baseValue></setOutcomeValue></responseIf></responseCondition><responseCondition><responseIf><and><not><match><variable identifier="FEEDBACKBASIC" /><baseValue baseType="identifier">empty</baseValue></match></not><equal toleranceMode="exact"><variable identifier="SCORE" /><variable identifier="MAXSCORE" /></equal></and><setOutcomeValue identifier="FEEDBACKBASIC"><baseValue baseType="identifier">correct</baseValue></setOutcomeValue></responseIf></responseCondition></responseProcessing></assessmentItem>
