<?xml version="1.0" encoding="UTF-8"?>
<manifest
	xmlns="http://www.imsglobal.org/xsd/imscp_v1p1"
	xmlns:xsi="http://www.w3.org/2001/XMLSchema-instance" 
	xsi:schemaLocation="http://www.imsglobal.org/xsd/imscp_v1p1 http://www.imsglobal.org/xsd/qti/qtiv2p1/qtiv2p1_imscpv1p2_v1p0.xsd 
											http://www.imsglobal.org/xsd/imsqti_v2p1 http://www.imsglobal.org/xsd/qti/qtiv2p1/imsqti_v2p1p1.xsd 
											http://www.imsglobal.org/xsd/imsqti_metadata_v2p1 http://www.imsglobal.org/xsd/qti/qtiv2p1/imsqti_metadata_v2p1p1.xsd
											http://ltsc.ieee.org/xsd/LOM http://www.imsglobal.org/xsd/imsmd_loose_v1p3p2.xsd"
	identifier="manifestID">
	<metadata>
		<schema>QTIv2.1 Package</schema>
    <schemaversion>1.0.0</schemaversion>
  </metadata>
	<organizations />
	<resources>
		<resource identifier="idf9a97d8b_8782_4866_a275_4abaed71b05f" type="imsqti_item_xmlv2p1" href="idf9a97d8b-8782-4866-a275-4abaed71b05f.xml"><metadata><lom xmlns="http://ltsc.ieee.org/xsd/LOM"><general ><identifier><entry>idf9a97d8b-8782-4866-a275-4abaed71b05f</entry></identifier><title><string language="de">ableitung_potenzen_02</string></title><language>de</language><description><string language="de"></string></description><keyword><string language="de">Ableitung</string></keyword><keyword><string language="de">Exponentialfunktion</string></keyword><keyword><string language="de">Potenzen</string></keyword></general><educational ><learningResourceType><source>QTIv2.1</source><value>AssessmentItem</value></learningResourceType><difficulty><source>LOMv1.0</source><value></value></difficulty><typicalLearningTime><duration></duration></typicalLearningTime></educational><classification ><purpose><source>LOMv1.0</source><value>discipline</value></purpose><taxonPath><source><string language="de">Unknown</string></source><taxon><entry><string language="de">Mathematik.Analysis.Differentialrechnung einer Veränderlichen.Ableitungen, Tangenten</string></entry></taxon></taxonPath></classification><qtiMetadata xmlns="http://www.imsglobal.org/xsd/imsqti_metadata_v2p1"><interactionType >textEntryInteraction</interactionType><toolName >ONYX Editor</toolName><toolVersion >5.9.4</toolVersion><toolVendor >BPS Bildungsportal Sachsen GmbH</toolVendor></qtiMetadata></lom></metadata><file href="idf9a97d8b-8782-4866-a275-4abaed71b05f.xml" /></resource>
	</resources>
</manifest>
