<?xml version="1.0" encoding="UTF-8"?>
<assessmentItem xmlns="http://www.imsglobal.org/xsd/imsqti_v2p1" xmlns:xsi="http://www.w3.org/2001/XMLSchema-instance" xsi:schemaLocation="http://www.imsglobal.org/xsd/imsqti_v2p1 http://www.imsglobal.org/xsd/qti/qtiv2p1/imsqti_v2p1p1.xsd http://www.w3.org/1998/Math/MathML http://www.w3.org/Math/XMLSchema/mathml2/mathml2.xsd" identifier="id3fad641c-2cfe-412f-a260-775572885634" title="Vektorbeziehungen" adaptive="false" timeDependent="false"><responseDeclaration identifier="RESPONSE_1" cardinality="multiple" baseType="directedPair"><correctResponse><value>idacdeba39-6037-4d64-9dc6-8e74f3b42fba id705a68f0-6c76-47a0-8f9b-18fa8a79e1b7</value><value>id22b0300b-1b4e-4d74-9a3d-bd5e021cd58d id3e31a867-e366-48c0-a852-0f93a125affb</value><value>id4153cf01-ec04-4a2b-b643-00878166581e id3193a853-b350-4340-8167-a21f992fe7b1</value><value>id2fb68e48-a61c-416c-9dd8-c9d9e6278b3d id37f00293-6689-4c86-953a-46e02d8dee49</value><value>idc44fc662-eb84-4fb5-98f6-5c0e287e14bb idb99d20d8-c5bc-4a02-824c-4330868d9c99</value></correctResponse><mapping defaultValue="0" lowerBound="0.0"><mapEntry mapKey="id2fb68e48-a61c-416c-9dd8-c9d9e6278b3d id37f00293-6689-4c86-953a-46e02d8dee49" mappedValue="1" /><mapEntry mapKey="idc44fc662-eb84-4fb5-98f6-5c0e287e14bb idb99d20d8-c5bc-4a02-824c-4330868d9c99" mappedValue="1" /><mapEntry mapKey="id4153cf01-ec04-4a2b-b643-00878166581e id3193a853-b350-4340-8167-a21f992fe7b1" mappedValue="1" /><mapEntry mapKey="id22b0300b-1b4e-4d74-9a3d-bd5e021cd58d id3e31a867-e366-48c0-a852-0f93a125affb" mappedValue="1" /><mapEntry mapKey="idacdeba39-6037-4d64-9dc6-8e74f3b42fba id705a68f0-6c76-47a0-8f9b-18fa8a79e1b7" mappedValue="1" /></mapping></responseDeclaration><outcomeDeclaration identifier="SCORE" cardinality="single" baseType="float"><defaultValue><value>0</value></defaultValue></outcomeDeclaration><outcomeDeclaration identifier="MAXSCORE" cardinality="single" baseType="float"><defaultValue><value>5</value></defaultValue></outcomeDeclaration><outcomeDeclaration identifier="FEEDBACKBASIC" cardinality="single" baseType="identifier" view="testConstructor"><defaultValue><value>empty</value></defaultValue></outcomeDeclaration><outcomeDeclaration identifier="FEEDBACKMODAL" cardinality="multiple" baseType="identifier" view="testConstructor" /><itemBody ><p>Es seien im Raum Vektoren $$\vec{a}$$, $$\vec{b}$$ ungleich $$\vec{0}$$ gegeben. Ordnen Sie zu!</p><matchInteraction responseIdentifier="RESPONSE_1" shuffle="true" maxAssociations="0"><simpleMatchSet><simpleAssociableChoice identifier="id2fb68e48-a61c-416c-9dd8-c9d9e6278b3d" fixed="false" matchMax="1"><p>$$\vec{a}\circ\vec{b}=0$$</p></simpleAssociableChoice><simpleAssociableChoice identifier="idc44fc662-eb84-4fb5-98f6-5c0e287e14bb" fixed="false" matchMax="1"><p>$$\vec{a}\times\vec{b}=\vec{0}$$</p></simpleAssociableChoice><simpleAssociableChoice identifier="id4153cf01-ec04-4a2b-b643-00878166581e" fixed="false" matchMax="1"><p>$$|\vec{b}_{\vec{a}}|=|\vec{b}-\vec{b}_{\vec{a}}|$$</p></simpleAssociableChoice><simpleAssociableChoice identifier="id22b0300b-1b4e-4d74-9a3d-bd5e021cd58d" fixed="false" matchMax="1"><p>$$\vec{a}\times\vec{a}=\vec{b}$$</p></simpleAssociableChoice><simpleAssociableChoice identifier="idacdeba39-6037-4d64-9dc6-8e74f3b42fba" fixed="false" matchMax="1"><p>$$\vec{a}\times\vec{b}=-\vec{b}\times\vec{a}$$</p></simpleAssociableChoice></simpleMatchSet><simpleMatchSet><simpleAssociableChoice identifier="id37f00293-6689-4c86-953a-46e02d8dee49" fixed="false" matchMax="1"><p>$$\vec{a}$$ und $$\vec{b}$$ sind orthogonal.</p></simpleAssociableChoice><simpleAssociableChoice identifier="idb99d20d8-c5bc-4a02-824c-4330868d9c99" fixed="false" matchMax="1"><p>$$\vec{a}$$ und $$\vec{b}$$ sind parallel.</p></simpleAssociableChoice><simpleAssociableChoice identifier="id3193a853-b350-4340-8167-a21f992fe7b1" fixed="false" matchMax="1"><p>$$\angle(\vec{a},\vec{b})=45^\circ$$</p></simpleAssociableChoice><simpleAssociableChoice identifier="id3e31a867-e366-48c0-a852-0f93a125affb" fixed="false" matchMax="1"><p>ist stets eine falsche Aussage</p></simpleAssociableChoice><simpleAssociableChoice identifier="id705a68f0-6c76-47a0-8f9b-18fa8a79e1b7" fixed="false" matchMax="1"><p>ist stets eine wahre Aussage</p></simpleAssociableChoice></simpleMatchSet></matchInteraction></itemBody><responseProcessing><responseCondition><responseIf><not><isNull><variable identifier="RESPONSE_1" /></isNull></not><setOutcomeValue identifier="SCORE"><sum><variable identifier="SCORE" /><mapResponse identifier="RESPONSE_1" /></sum></setOutcomeValue><setOutcomeValue identifier="FEEDBACKBASIC"><baseValue baseType="identifier">incorrect</baseValue></setOutcomeValue></responseIf></responseCondition><responseCondition><responseIf><and><not><match><variable identifier="FEEDBACKBASIC" /><baseValue baseType="identifier">empty</baseValue></match></not><equal toleranceMode="exact"><variable identifier="SCORE" /><variable identifier="MAXSCORE" /></equal></and><setOutcomeValue identifier="FEEDBACKBASIC"><baseValue baseType="identifier">correct</baseValue></setOutcomeValue></responseIf></responseCondition><responseCondition><responseIf><and><match><baseValue baseType="identifier">correct</baseValue><variable identifier="FEEDBACKBASIC" /></match></and><setOutcomeValue identifier="FEEDBACKMODAL"><multiple><variable identifier="FEEDBACKMODAL" /><baseValue baseType="identifier">Feedback230840138</baseValue></multiple></setOutcomeValue></responseIf></responseCondition><responseCondition><responseIf><and><equal toleranceMode="exact"><variable identifier="SCORE" /><baseValue baseType="float">0</baseValue></equal></and><setOutcomeValue identifier="FEEDBACKMODAL"><multiple><variable identifier="FEEDBACKMODAL" /><baseValue baseType="identifier">Feedback1374732884</baseValue></multiple></setOutcomeValue></responseIf></responseCondition></responseProcessing><modalFeedback  identifier="Feedback230840138" outcomeIdentifier="FEEDBACKMODAL" showHide="show" /><modalFeedback  identifier="Feedback1374732884" outcomeIdentifier="FEEDBACKMODAL" showHide="show" /></assessmentItem>
