<?xml version="1.0" encoding="UTF-8"?>
<assessmentItem xmlns="http://www.imsglobal.org/xsd/imsqti_v2p1" xmlns:xsi="http://www.w3.org/2001/XMLSchema-instance" xsi:schemaLocation="http://www.imsglobal.org/xsd/imsqti_v2p1 http://www.imsglobal.org/xsd/qti/qtiv2p1/imsqti_v2p1p1.xsd http://www.w3.org/1998/Math/MathML http://www.w3.org/Math/XMLSchema/mathml2/mathml2.xsd" identifier="id55cfa85e-fe3e-4257-ac04-b3ee08b1cd67" title="verschiedene_raumkurven_01" adaptive="false" timeDependent="false"><responseDeclaration identifier="RESPONSE_1" cardinality="multiple" baseType="directedPair"><correctResponse><value>id6c559f7e-1b5c-4b73-b64a-a1d6a14f0aa7 idf2985d38-7fd7-4f8c-84bc-4707a6fce899</value><value>id992a6c26-2565-4dd6-a840-72fc2742a978 idc62c18ce-c9f9-469b-adeb-3970640447b4</value><value>id992a6c26-2565-4dd6-a840-72fc2742a978 idc62c18ce-c9f9-469b-adeb-3970640447b4</value><value>id0d426292-3926-47e8-87fe-7dab6eabb1dd id7cd1739a-fdde-4b86-8fb8-62c58e00d0a3</value><value>id0d426292-3926-47e8-87fe-7dab6eabb1dd id7cd1739a-fdde-4b86-8fb8-62c58e00d0a3</value><value>id4048edd4-ffc4-498e-936a-6607da517baf id3a1318f8-9d95-4f0b-8953-9135953d4627</value><value>id4048edd4-ffc4-498e-936a-6607da517baf id3a1318f8-9d95-4f0b-8953-9135953d4627</value></correctResponse><mapping defaultValue="0" lowerBound="0.0"><mapEntry mapKey="id6c559f7e-1b5c-4b73-b64a-a1d6a14f0aa7 idf2985d38-7fd7-4f8c-84bc-4707a6fce899" mappedValue="0.5" /><mapEntry mapKey="id992a6c26-2565-4dd6-a840-72fc2742a978 idc62c18ce-c9f9-469b-adeb-3970640447b4" mappedValue="0.5" /><mapEntry mapKey="id0d426292-3926-47e8-87fe-7dab6eabb1dd id7cd1739a-fdde-4b86-8fb8-62c58e00d0a3" mappedValue="0.5" /><mapEntry mapKey="id4048edd4-ffc4-498e-936a-6607da517baf id3a1318f8-9d95-4f0b-8953-9135953d4627" mappedValue="0.5" /><mapEntry mapKey="id0d426292-3926-47e8-87fe-7dab6eabb1dd id7cd1739a-fdde-4b86-8fb8-62c58e00d0a3" mappedValue="0.5" /><mapEntry mapKey="id4048edd4-ffc4-498e-936a-6607da517baf id3a1318f8-9d95-4f0b-8953-9135953d4627" mappedValue="0.5" /><mapEntry mapKey="id992a6c26-2565-4dd6-a840-72fc2742a978 idc62c18ce-c9f9-469b-adeb-3970640447b4" mappedValue="0.5" /></mapping></responseDeclaration><outcomeDeclaration identifier="SCORE" cardinality="single" baseType="float"><defaultValue><value>0</value></defaultValue></outcomeDeclaration><outcomeDeclaration identifier="MAXSCORE" cardinality="single" baseType="float"><defaultValue><value>2</value></defaultValue></outcomeDeclaration><outcomeDeclaration identifier="FEEDBACKBASIC" cardinality="single" baseType="identifier" view="testConstructor"><defaultValue><value>empty</value></defaultValue></outcomeDeclaration><outcomeDeclaration identifier="FEEDBACKMODAL" cardinality="multiple" baseType="identifier" view="testConstructor" /><itemBody ><p>Die in den folgenden Graphiken dargestellten Raumkurven können in der Form</p><p>\(\displaystyle k(t)=\begin{pmatrix}x(t)\\y(t)\\z(t)\end{pmatrix}<br />=\begin{pmatrix}r(t)\cos(8\pi t)\\r(t)\sin(8\pi t)\\ t\end{pmatrix},\quad t\in[-1,1],\)</p><p>dargestellt werden! Wie sieht die Funktion \(r(t)\) für die jeweiligen Kurven aus?</p><table><tbody><tr><td style="text-align: center;"><img src="media%2Fmedium2635636084256227426hyperbelschnecke.png" alt="" width="280" /></td><td style="text-align: center;"><img src="media%2Fmedium2882473983469558688kugelschnecke.png" alt="" width="280" /></td><td style="text-align: center;"><img src="media%2Fmedium967370957693932790raumhelix.png" alt="" width="280" /></td><td style="text-align: center;"><img src="media%2Fmedium4085146180291577274spirale_kanonisch.png" alt="" width="280" /></td></tr><tr style="text-align: center;"><td>Kurve A</td><td>Kurve B</td><td>Kurve C</td><td>Kurve D</td></tr></tbody></table><matchInteraction responseIdentifier="RESPONSE_1" shuffle="false" maxAssociations="0"><simpleMatchSet><simpleAssociableChoice identifier="id992a6c26-2565-4dd6-a840-72fc2742a978" fixed="false" matchMax="1"><p>Kurve A</p></simpleAssociableChoice><simpleAssociableChoice identifier="id0d426292-3926-47e8-87fe-7dab6eabb1dd" fixed="false" matchMax="1"><p>Kurve B</p></simpleAssociableChoice><simpleAssociableChoice identifier="id6c559f7e-1b5c-4b73-b64a-a1d6a14f0aa7" fixed="false" matchMax="1"><p>Kurve C</p></simpleAssociableChoice><simpleAssociableChoice identifier="id4048edd4-ffc4-498e-936a-6607da517baf" fixed="false" matchMax="1"><p>Kurve D</p></simpleAssociableChoice></simpleMatchSet><simpleMatchSet><simpleAssociableChoice identifier="idf2985d38-7fd7-4f8c-84bc-4707a6fce899" fixed="false" matchMax="0"><p>\(r(t)=1\)</p></simpleAssociableChoice><simpleAssociableChoice identifier="idce19c9b4-1e88-46d9-b322-92269ad39185" fixed="false" matchMax="0"><p>\(r(t)=\sqrt t\)</p></simpleAssociableChoice><simpleAssociableChoice identifier="id3a1318f8-9d95-4f0b-8953-9135953d4627" fixed="false" matchMax="0"><p>\(r(t)=t\)</p></simpleAssociableChoice><simpleAssociableChoice identifier="id7cd1739a-fdde-4b86-8fb8-62c58e00d0a3" fixed="false" matchMax="0"><p>\(r(t)=\sqrt{1-t^2}\)</p></simpleAssociableChoice><simpleAssociableChoice identifier="idc62c18ce-c9f9-469b-adeb-3970640447b4" fixed="false" matchMax="0"><p>\(r(t)=2^{-1/2}\sqrt{t^2+1}\)</p></simpleAssociableChoice><simpleAssociableChoice identifier="idaea137a7-0abe-4673-8793-6f9bc3251bef" fixed="false" matchMax="0"><p>\(r(t)=\mathrm e^t\)</p></simpleAssociableChoice></simpleMatchSet></matchInteraction></itemBody><responseProcessing><responseCondition><responseIf><not><isNull><variable identifier="RESPONSE_1" /></isNull></not><setOutcomeValue identifier="SCORE"><sum><variable identifier="SCORE" /><mapResponse identifier="RESPONSE_1" /></sum></setOutcomeValue><setOutcomeValue identifier="FEEDBACKBASIC"><baseValue baseType="identifier">incorrect</baseValue></setOutcomeValue></responseIf></responseCondition><responseCondition><responseIf><and><not><match><variable identifier="FEEDBACKBASIC" /><baseValue baseType="identifier">empty</baseValue></match></not><equal toleranceMode="exact"><variable identifier="SCORE" /><variable identifier="MAXSCORE" /></equal></and><setOutcomeValue identifier="FEEDBACKBASIC"><baseValue baseType="identifier">correct</baseValue></setOutcomeValue></responseIf></responseCondition><responseCondition><responseIf><and><match><baseValue baseType="identifier">incorrect</baseValue><variable identifier="FEEDBACKBASIC" /></match></and><setOutcomeValue identifier="FEEDBACKMODAL"><multiple><variable identifier="FEEDBACKMODAL" /><baseValue baseType="identifier">Feedback791026299</baseValue></multiple></setOutcomeValue></responseIf></responseCondition></responseProcessing><modalFeedback  identifier="Feedback791026299" outcomeIdentifier="FEEDBACKMODAL" showHide="show" title="Hinweise:"><p>\(k(t)\) beschreibt eine Art Spirale, deren Radius von \(t\) und damit von der \(z\)-Koordinate abhängt.</p><p><strong>Kurve A:</strong> Je größer \(|t|\), desto größer \(r(t)\). \(r(t)\) ist symmetrisch in \(t\). \(r(0)&gt;0\). Damit muss \(r(t)=2^{-1/2}\sqrt{t^2+1}\) sein.</p><p><strong>Kurve B:</strong> Für \(t=\pm1\) ist \(r(t)=0\). Daher muss \(r(t)=\sqrt{1-t^2}\) sein.</p><p><strong>Kurve C:</strong> Der Radius ändert sich nicht. Er ist konstant \(=1\), d.h. \(r(t)=1\).</p><p><strong>Kurve D:</strong> Je größer \(|t|\), desto weiter entfernt ist die Kurve von der \(z\)-Achse. Es ist \(r(0)=0\). Daher muss \(r(t)=t\) sein. \(r(t)=\sqrt{t}\) kann man ausschließen, da diese Funktion für negative \(t\) nicht definiert ist.</p></modalFeedback></assessmentItem>
