<?xml version="1.0" encoding="UTF-8"?>
<manifest
	xmlns="http://www.imsglobal.org/xsd/imscp_v1p1"
	xmlns:xsi="http://www.w3.org/2001/XMLSchema-instance" 
	xsi:schemaLocation="http://www.imsglobal.org/xsd/imscp_v1p1 http://www.imsglobal.org/xsd/qti/qtiv2p1/qtiv2p1_imscpv1p2_v1p0.xsd 
											http://www.imsglobal.org/xsd/imsqti_v2p1 http://www.imsglobal.org/xsd/qti/qtiv2p1/imsqti_v2p1p1.xsd 
											http://www.imsglobal.org/xsd/imsqti_metadata_v2p1 http://www.imsglobal.org/xsd/qti/qtiv2p1/imsqti_metadata_v2p1p1.xsd
											http://ltsc.ieee.org/xsd/LOM http://www.imsglobal.org/xsd/imsmd_loose_v1p3p2.xsd"
	identifier="manifestID">
	<metadata>
		<schema>QTIv2.1 Package</schema>
    <schemaversion>1.0.0</schemaversion>
  </metadata>
	<organizations />
	<resources>
		<resource identifier="id55cfa85e_fe3e_4257_ac04_b3ee08b1cd67" type="imsqti_item_xmlv2p1" href="id55cfa85e-fe3e-4257-ac04-b3ee08b1cd67.xml"><metadata><lom xmlns="http://ltsc.ieee.org/xsd/LOM"><general ><identifier><entry>id55cfa85e-fe3e-4257-ac04-b3ee08b1cd67</entry></identifier><title><string language="de">verschiedene_raumkurven_01</string></title><language>de</language><keyword><string language="de">Kugel</string></keyword><keyword><string language="de">Parametrisierung</string></keyword><keyword><string language="de">Radius</string></keyword><keyword><string language="de">Raumkurve</string></keyword><keyword><string language="de">Vektorfunktion</string></keyword><keyword><string language="de">Zylinder</string></keyword></general><lifeCycle ><contribute><date><dateTime>2014-07-09T17:54:22</dateTime></date><role><source>LOMv1.0</source><value>author</value></role><entity>BEGIN:VCARD&#xD;
VERSION:4.0&#xD;
FN:nesfr@tu-chemnitz.de&#xD;
PRODID:ONYX Editor 5.7.1&#xD;
END:VCARD&#xD;
</entity></contribute></lifeCycle><educational ><learningResourceType><source>QTIv2.1</source><value>AssessmentItem</value></learningResourceType></educational><classification ><purpose><source>LOMv1.0</source><value>discipline</value></purpose><taxonPath><source><string language="de">Unknown</string></source><taxon><entry><string language="de">Mathematik.Analysis.Funktionen.vektorwertige Funktionen</string></entry></taxon></taxonPath></classification><qtiMetadata xmlns="http://www.imsglobal.org/xsd/imsqti_metadata_v2p1"><interactionType >matchInteraction</interactionType><toolName >ONYX Editor</toolName><toolVersion >5.6.3</toolVersion><toolVendor >BPS Bildungsportal Sachsen GmbH</toolVendor></qtiMetadata></lom></metadata><file href="id55cfa85e-fe3e-4257-ac04-b3ee08b1cd67.xml" /><file href="media/medium2635636084256227426hyperbelschnecke.png" /><file href="media/medium2882473983469558688kugelschnecke.png" /><file href="media/medium967370957693932790raumhelix.png" /><file href="media/medium4085146180291577274spirale_kanonisch.png" /></resource>
	</resources>
</manifest>
