<?xml version="1.0" encoding="UTF-8"?>
<assessmentItem xmlns="http://www.imsglobal.org/xsd/imsqti_v2p1" xmlns:xsi="http://www.w3.org/2001/XMLSchema-instance" xsi:schemaLocation="http://www.imsglobal.org/xsd/imsqti_v2p1 http://www.imsglobal.org/xsd/qti/qtiv2p1/imsqti_v2p1p1.xsd http://www.w3.org/1998/Math/MathML http://www.w3.org/Math/XMLSchema/mathml2/mathml2.xsd" identifier="id6e1832c2-6078-48e1-be01-46fa92f7dbb2" title="vereinfachung_brüche_11" adaptive="false" timeDependent="false"><responseDeclaration identifier="RESPONSE_1409837589918" cardinality="single" baseType="float"><correctResponse><value>0</value></correctResponse></responseDeclaration><outcomeDeclaration identifier="SCORE" cardinality="single" baseType="float"><defaultValue><value>0</value></defaultValue></outcomeDeclaration><outcomeDeclaration identifier="MAXSCORE" cardinality="single" baseType="float"><defaultValue><value>1</value></defaultValue></outcomeDeclaration><outcomeDeclaration identifier="FEEDBACKBASIC" cardinality="single" baseType="identifier" view="testConstructor"><defaultValue><value>empty</value></defaultValue></outcomeDeclaration><outcomeDeclaration identifier="FEEDBACKMODAL" cardinality="multiple" baseType="identifier" view="testConstructor" /><templateDeclaration identifier="p" cardinality="single" baseType="integer" /><templateDeclaration identifier="q" cardinality="single" baseType="integer" /><templateDeclaration identifier="pq" cardinality="single" baseType="integer" /><templateDeclaration identifier="2p" cardinality="single" baseType="integer" /><templateDeclaration identifier="e" cardinality="single" baseType="integer" /><templateDeclaration identifier="epq" cardinality="single" baseType="integer" /><templateProcessing><setTemplateValue identifier="p"><randomInteger min="2" max="5" /></setTemplateValue><setTemplateValue identifier="q"><randomInteger min="6" max="9" /></setTemplateValue><setTemplateValue identifier="pq"><customOperator definition="MAXIMA" value="float($(1)*$(2));"><variable identifier="p" /><variable identifier="q" /></customOperator></setTemplateValue><setTemplateValue identifier="2p"><customOperator definition="MAXIMA" value="float(2*$(1));"><variable identifier="p" /></customOperator></setTemplateValue><setTemplateValue identifier="e"><randomInteger min="2" max="5" /></setTemplateValue><setTemplateValue identifier="epq"><customOperator definition="MAXIMA" value="float($(1)*$(2));"><variable identifier="e" /><variable identifier="pq" /></customOperator></setTemplateValue><setCorrectResponse identifier="RESPONSE_1409837589918"><variable identifier="e" /></setCorrectResponse></templateProcessing><itemBody ><p>Vereinfachen Sie den folgenden Ausdruck soweit wie möglich und ergänzen Sie die Lösung!</p><p>$$\qquad\Big(\frac{a}{<printedVariable identifier="p" />x} - \frac{b}{<printedVariable identifier="q" />x} + \frac{2c}{<printedVariable identifier="q" />x} \Big) \cdot \frac{<printedVariable identifier="epq" />x}{<printedVariable identifier="q" />a-<printedVariable identifier="p" />b+<printedVariable identifier="2p" />c} = \ldots =$$ <textEntryInteraction responseIdentifier="RESPONSE_1409837589918" expectedLength="5" /></p></itemBody><responseProcessing><responseCondition><responseIf><equal toleranceMode="exact"><variable identifier="RESPONSE_1409837589918" /><correct identifier="RESPONSE_1409837589918" /></equal><setOutcomeValue identifier="SCORE"><sum><variable identifier="SCORE" /><baseValue baseType="float">1</baseValue></sum></setOutcomeValue></responseIf></responseCondition><responseCondition><responseIf><not><isNull><variable identifier="RESPONSE_1409837589918" /></isNull></not><setOutcomeValue identifier="FEEDBACKBASIC"><baseValue baseType="identifier">incorrect</baseValue></setOutcomeValue></responseIf></responseCondition><responseCondition><responseIf><and><not><match><variable identifier="FEEDBACKBASIC" /><baseValue baseType="identifier">empty</baseValue></match></not><equal toleranceMode="exact"><variable identifier="SCORE" /><variable identifier="MAXSCORE" /></equal></and><setOutcomeValue identifier="FEEDBACKBASIC"><baseValue baseType="identifier">correct</baseValue></setOutcomeValue></responseIf></responseCondition><responseCondition><responseIf><and><match><baseValue baseType="identifier">correct</baseValue><variable identifier="FEEDBACKBASIC" /></match></and><setOutcomeValue identifier="FEEDBACKMODAL"><multiple><variable identifier="FEEDBACKMODAL" /><baseValue baseType="identifier">Feedback1620877887</baseValue></multiple></setOutcomeValue></responseIf></responseCondition><responseCondition><responseIf><and><match><baseValue baseType="identifier">incorrect</baseValue><variable identifier="FEEDBACKBASIC" /></match></and><setOutcomeValue identifier="FEEDBACKMODAL"><multiple><variable identifier="FEEDBACKMODAL" /><baseValue baseType="identifier">Feedback84748712</baseValue></multiple></setOutcomeValue></responseIf></responseCondition></responseProcessing><modalFeedback  identifier="Feedback1620877887" outcomeIdentifier="FEEDBACKMODAL" showHide="show" title="Richtig!"><p>Lösung:</p><p>$$\qquad\qquad\Big(\frac{a}{<printedVariable identifier="p" />x} - \frac{b}{<printedVariable identifier="q" />x} + \frac{2c}{<printedVariable identifier="q" />x} \Big) \cdot \frac{<printedVariable identifier="epq" />x}{<printedVariable identifier="q" />a-<printedVariable identifier="p" />b+<printedVariable identifier="2p" />c} = \frac{<printedVariable identifier="q" />a-<printedVariable identifier="p" />b+<printedVariable identifier="2p" />c}{<printedVariable identifier="pq" />x} \cdot \frac{<printedVariable identifier="epq" />x}{<printedVariable identifier="q" />a-<printedVariable identifier="p" />b+<printedVariable identifier="2p" />c} = \frac{<printedVariable identifier="epq" />\not{x}}{<printedVariable identifier="pq" />\not{x}} = \frac{<printedVariable identifier="e" />\cdot<printedVariable identifier="pq" />}{<printedVariable identifier="pq" />} = <printedVariable identifier="e" />$$</p></modalFeedback><modalFeedback  identifier="Feedback84748712" outcomeIdentifier="FEEDBACKMODAL" showHide="show" title="Leider falsch!"><p>Lösung:</p><p>$$\qquad\qquad\Big(\frac{a}{<printedVariable identifier="p" />x} - \frac{b}{<printedVariable identifier="q" />x} + \frac{2c}{<printedVariable identifier="q" />x} \Big) \cdot \frac{<printedVariable identifier="epq" />x}{<printedVariable identifier="q" />a-<printedVariable identifier="p" />b+<printedVariable identifier="2p" />c} = \frac{<printedVariable identifier="q" />a-<printedVariable identifier="p" />b+<printedVariable identifier="2p" />c}{<printedVariable identifier="pq" />x} \cdot \frac{<printedVariable identifier="epq" />x}{<printedVariable identifier="q" />a-<printedVariable identifier="p" />b+<printedVariable identifier="2p" />c} = \frac{<printedVariable identifier="epq" />\not{x}}{<printedVariable identifier="pq" />\not{x}} = \frac{<printedVariable identifier="e" />\cdot<printedVariable identifier="pq" />}{<printedVariable identifier="pq" />} = <printedVariable identifier="e" />$$</p></modalFeedback></assessmentItem>
