<?xml version="1.0" encoding="UTF-8"?>
<assessmentItem xmlns="http://www.imsglobal.org/xsd/imsqti_v2p1" xmlns:xsi="http://www.w3.org/2001/XMLSchema-instance" xsi:schemaLocation="http://www.imsglobal.org/xsd/imsqti_v2p1 imsqti_v2p1.xsd" identifier="id51f1df7b-e7da-4e17-9744-5c32315ec1a0" title="12. Grundlagen Projektmanagement" adaptive="false" timeDependent="false"><responseDeclaration identifier="RESPONSE_1" cardinality="multiple" baseType="identifier"><correctResponse><value>idbf57a86f-1c30-4dee-a759-5a8f8334f04e</value><value>id86769360-d0bf-4721-a749-551722895c15</value><value>id1003f266-c784-4668-abd8-3f45f6c0c304</value></correctResponse><mapping defaultValue="0" lowerBound="0.0"><mapEntry mapKey="idbf57a86f-1c30-4dee-a759-5a8f8334f04e" mappedValue="1.0" /><mapEntry mapKey="id86769360-d0bf-4721-a749-551722895c15" mappedValue="1.0" /><mapEntry mapKey="id1003f266-c784-4668-abd8-3f45f6c0c304" mappedValue="1.0" /><mapEntry mapKey="id4f944762-cb9f-43c6-a0ec-30252d69a4f6" mappedValue="-2.0" /></mapping></responseDeclaration><outcomeDeclaration identifier="SCORE" cardinality="single" baseType="float"><defaultValue><value>0</value></defaultValue></outcomeDeclaration><outcomeDeclaration identifier="MAXSCORE" cardinality="single" baseType="float"><defaultValue><value>3</value></defaultValue></outcomeDeclaration><outcomeDeclaration identifier="FEEDBACKBASIC" cardinality="single" baseType="identifier" view="testConstructor"><defaultValue><value>empty</value></defaultValue></outcomeDeclaration><itemBody><p xmlns=""><strong>Was enthält in der Regel ein Projektanalysebericht?</strong></p><p xmlns="">(Klicken Sie die richtige(n) Anwort(en) an)</p><p xmlns=""> </p><p xmlns=""><strong>Antwort:</strong></p><choiceInteraction responseIdentifier="RESPONSE_1" shuffle="true" maxChoices="0"><simpleChoice identifier="idbf57a86f-1c30-4dee-a759-5a8f8334f04e"><p xmlns="">Festgestellte Abweichung; die Gliederung erfolgt nach projekt-und produktbezogenen Parametern.</p></simpleChoice><simpleChoice identifier="id86769360-d0bf-4721-a749-551722895c15"><p xmlns="">Ermittelte Ursachen der Anweichungen; die Gliederung erfolgt nach personellen, technischen und organisatorischen Ursachen.</p></simpleChoice><simpleChoice identifier="id1003f266-c784-4668-abd8-3f45f6c0c304"><p xmlns="">Abgeleitete Verbesserungsmaßnahmen bzw. Vorsorgemaßnahmen für nachfolgende Projekte</p></simpleChoice><simpleChoice identifier="id4f944762-cb9f-43c6-a0ec-30252d69a4f6"><p xmlns="">Kostenstellennummern zur Gehaltsermittlung der Projektmitarbeiter</p></simpleChoice></choiceInteraction></itemBody><responseProcessing><responseCondition><responseIf><not><isNull><variable identifier="RESPONSE_1" /></isNull></not><setOutcomeValue identifier="SCORE"><sum><variable identifier="SCORE" /><mapResponse identifier="RESPONSE_1" /></sum></setOutcomeValue><setOutcomeValue identifier="FEEDBACKBASIC"><baseValue baseType="identifier">incorrect</baseValue></setOutcomeValue></responseIf></responseCondition><responseCondition><responseIf><and><not><match><variable identifier="FEEDBACKBASIC" /><baseValue baseType="identifier">empty</baseValue></match></not><equal toleranceMode="exact"><variable identifier="SCORE" /><variable identifier="MAXSCORE" /></equal></and><setOutcomeValue identifier="FEEDBACKBASIC"><baseValue baseType="identifier">correct</baseValue></setOutcomeValue></responseIf></responseCondition></responseProcessing></assessmentItem>
