<?xml version="1.0" encoding="UTF-8"?>
<assessmentItem xmlns="http://www.imsglobal.org/xsd/imsqti_v2p1" xmlns:xsi="http://www.w3.org/2001/XMLSchema-instance" xsi:schemaLocation="http://www.imsglobal.org/xsd/imsqti_v2p1 http://www.imsglobal.org/xsd/qti/qtiv2p1/imsqti_v2p1p1.xsd http://www.w3.org/1998/Math/MathML http://www.w3.org/Math/XMLSchema/mathml2/mathml2.xsd" identifier="id160fe929-a13b-40a4-bfa4-f6effc91998f" title="polynomdivision_06" adaptive="false" timeDependent="false"><responseDeclaration identifier="RESPONSE_1410165967811" cardinality="single" baseType="string" /><outcomeDeclaration identifier="SCORE" cardinality="single" baseType="float"><defaultValue><value>0</value></defaultValue></outcomeDeclaration><outcomeDeclaration identifier="MAXSCORE" cardinality="single" baseType="float"><defaultValue><value>2</value></defaultValue></outcomeDeclaration><outcomeDeclaration identifier="FEEDBACKBASIC" cardinality="single" baseType="identifier" view="testConstructor"><defaultValue><value>empty</value></defaultValue></outcomeDeclaration><outcomeDeclaration identifier="FEEDBACKMODAL" cardinality="multiple" baseType="identifier" view="testConstructor" /><templateDeclaration identifier="a" cardinality="single" baseType="integer" /><templateDeclaration identifier="b" cardinality="single" baseType="integer" /><templateDeclaration identifier="c" cardinality="single" baseType="integer" /><templateDeclaration identifier="d" cardinality="single" baseType="integer" /><templateDeclaration identifier="e" cardinality="single" baseType="integer" /><templateDeclaration identifier="f" cardinality="single" baseType="integer" /><templateDeclaration identifier="g" cardinality="single" baseType="integer" /><templateDeclaration identifier="b+1" cardinality="single" baseType="integer" /><templateDeclaration identifier="a+d" cardinality="single" baseType="integer" /><templateDeclaration identifier="pm" cardinality="single" baseType="string" /><templateDeclaration identifier="pm_f" cardinality="single" baseType="integer" /><templateProcessing><setTemplateValue identifier="a"><randomInteger min="2" max="6" /></setTemplateValue><setTemplateValue identifier="b"><randomInteger min="3" max="5" /></setTemplateValue><setTemplateValue identifier="c"><randomInteger min="2" max="6" /></setTemplateValue><setTemplateValue identifier="d"><randomInteger min="2" max="6" /></setTemplateValue><setTemplateValue identifier="e"><randomInteger min="2" max="6" /></setTemplateValue><setTemplateValue identifier="f"><randomInteger min="4" max="7" /></setTemplateValue><setTemplateValue identifier="g"><randomInteger min="5" max="8" /></setTemplateValue><setTemplateValue identifier="b+1"><customOperator definition="MAXIMA" value="float($(1)+1);"><variable identifier="b" /></customOperator></setTemplateValue><setTemplateValue identifier="a+d"><customOperator definition="MAXIMA" value="float($(1)+$(2));"><variable identifier="a" /><variable identifier="d" /></customOperator></setTemplateValue><setTemplateValue identifier="pm"><random><multiple><baseValue baseType="string">+</baseValue><baseValue baseType="string">-</baseValue></multiple></random></setTemplateValue><setTemplateValue identifier="pm_f"><customOperator definition="MAXIMA" value="float($(1)$(2));"><variable identifier="pm" /><variable identifier="f" /></customOperator></setTemplateValue><setCorrectResponse identifier="RESPONSE_1410165967811"><customOperator definition="VARIABLESTRING" value="$(1)*x^$(2)*y^(n+$(3))+$(5)*x^m*y^(n+$(4))"><variable identifier="c" /><variable identifier="d" /><variable identifier="e" /><variable identifier="g" /><variable identifier="pm_f" /></customOperator></setCorrectResponse></templateProcessing><itemBody ><p>Lösen Sie die folgende Gleichung mittels Polynomdivision!</p><p>$$(<printedVariable identifier="c" />x^{<printedVariable identifier="a+d" />}y^{n+<printedVariable identifier="e" />} <printedVariable identifier="pm" /> <printedVariable identifier="f" />x^{m+<printedVariable identifier="a" />}y^{n+<printedVariable identifier="g" />} + <printedVariable identifier="c" />x^{<printedVariable identifier="d" />}y^{<printedVariable identifier="b+1" />n+<printedVariable identifier="e" />} <printedVariable identifier="pm" /> <printedVariable identifier="f" />x^{{m}}y^{<printedVariable identifier="b+1" />n+<printedVariable identifier="g" />}) : (x^<printedVariable identifier="a" />+y^{<printedVariable identifier="b" />n}) = $$ <textEntryInteraction responseIdentifier="RESPONSE_1410165967811" expectedLength="30" class="maxima-formula show-latex" /></p><p> </p><p>Hinweise zur Formeleingabe:</p><ul><li>\(x^y\) = x^y</li><li>\(x\cdot y\) = x*y, z.B. \(3x\) = 3*x \(\Rightarrow\) Bitte keine * vergessen!</li><li>Durch Klicken auf die ?-Schaltfläche können Sie Ihre Formel vor Speichern der Antwort zunächst überprüfen.</li></ul></itemBody><responseProcessing><responseCondition><responseIf><customOperator definition="MAXIMA" value="is(equal(num($(1)),num($(2))));"><variable identifier="RESPONSE_1410165967811" /><correct identifier="RESPONSE_1410165967811" /></customOperator><setOutcomeValue identifier="SCORE"><sum><variable identifier="SCORE" /><baseValue baseType="float">2</baseValue></sum></setOutcomeValue></responseIf></responseCondition><responseCondition><responseIf><not><isNull><variable identifier="RESPONSE_1410165967811" /></isNull></not><setOutcomeValue identifier="FEEDBACKBASIC"><baseValue baseType="identifier">incorrect</baseValue></setOutcomeValue></responseIf></responseCondition><responseCondition><responseIf><and><not><match><variable identifier="FEEDBACKBASIC" /><baseValue baseType="identifier">empty</baseValue></match></not><equal toleranceMode="exact"><variable identifier="SCORE" /><variable identifier="MAXSCORE" /></equal></and><setOutcomeValue identifier="FEEDBACKBASIC"><baseValue baseType="identifier">correct</baseValue></setOutcomeValue></responseIf></responseCondition><responseCondition><responseIf><and><match><baseValue baseType="identifier">correct</baseValue><variable identifier="FEEDBACKBASIC" /></match></and><setOutcomeValue identifier="FEEDBACKMODAL"><multiple><variable identifier="FEEDBACKMODAL" /><baseValue baseType="identifier">Feedback831387142</baseValue></multiple></setOutcomeValue></responseIf></responseCondition><responseCondition><responseIf><and><match><baseValue baseType="identifier">incorrect</baseValue><variable identifier="FEEDBACKBASIC" /></match></and><setOutcomeValue identifier="FEEDBACKMODAL"><multiple><variable identifier="FEEDBACKMODAL" /><baseValue baseType="identifier">Feedback291964380</baseValue></multiple></setOutcomeValue></responseIf></responseCondition></responseProcessing><modalFeedback  identifier="Feedback831387142" outcomeIdentifier="FEEDBACKMODAL" showHide="show" title="Richtig!" /><modalFeedback  identifier="Feedback291964380" outcomeIdentifier="FEEDBACKMODAL" showHide="show" title="Leider falsch!"><p>Lösung:</p><p>$$\qquad\qquad\large\frac{<printedVariable identifier="c" />x^{<printedVariable identifier="a+d" />}y^{n+<printedVariable identifier="e" />} <printedVariable identifier="pm" /> <printedVariable identifier="f" />x^{m+<printedVariable identifier="a" />}y^{n+<printedVariable identifier="g" />} + <printedVariable identifier="c" />x^{<printedVariable identifier="d" />}y^{<printedVariable identifier="b+1" />n+<printedVariable identifier="e" />} <printedVariable identifier="pm" /> <printedVariable identifier="f" />x^{{m}}y^{<printedVariable identifier="b+1" />n+<printedVariable identifier="g" />}}{x^<printedVariable identifier="a" />+y^{<printedVariable identifier="b" />n}} = <printedVariable identifier="c" />x^<printedVariable identifier="d" />y^{n+<printedVariable identifier="e" />}<printedVariable identifier="pm" /><printedVariable identifier="f" />x^my^{n+<printedVariable identifier="g" />}$$</p></modalFeedback></assessmentItem>
