<?xml version="1.0" encoding="UTF-8"?>
<assessmentItem xmlns="http://www.imsglobal.org/xsd/imsqti_v2p1" xmlns:xsi="http://www.w3.org/2001/XMLSchema-instance" xsi:schemaLocation="http://www.imsglobal.org/xsd/imsqti_v2p1 http://www.imsglobal.org/xsd/qti/qtiv2p1/imsqti_v2p1p1.xsd http://www.w3.org/1998/Math/MathML http://www.w3.org/Math/XMLSchema/mathml2/mathml2.xsd" identifier="idc33bb53b-a6fa-4de9-90ee-bebbeb80ce0b" title="DGLTyp" adaptive="false" timeDependent="false"><responseDeclaration identifier="RESPONSE_1" cardinality="multiple" baseType="directedPair"><correctResponse><value>id9e68e94a-43eb-4c28-9fb5-80ecdc2cdd37 id96e19ceb-f4ab-42b4-916a-6a67ae29b820</value><value>ideabf29f3-8f8b-4a71-a0d6-03f9f3b32714 id0074c8e5-e51a-4260-b1aa-8f1e18e229c6</value><value>id5c43914d-c1f5-444e-b158-3be08e4a2e8e iddfd2d370-6ccf-4a60-97c0-72e4c2862aed</value><value>id3d1b8cb0-5d02-4d06-8613-ffa49b4f86d8 id5e42b1a6-bb18-4f94-b078-e74e476d2119</value><value>id91c2d005-c76f-4382-997a-10362b8caf98 idb2c84267-f5b7-497a-b158-c8096215f5a6</value><value>id12c99a9a-4f24-41ac-bb89-a88616f9342c id7ab4d45e-2b2a-4fcb-b61a-2133e4438bf2</value></correctResponse><mapping defaultValue="0" lowerBound="0.0"><mapEntry mapKey="id3d1b8cb0-5d02-4d06-8613-ffa49b4f86d8 id5e42b1a6-bb18-4f94-b078-e74e476d2119" mappedValue="0.5" /><mapEntry mapKey="ideabf29f3-8f8b-4a71-a0d6-03f9f3b32714 id0074c8e5-e51a-4260-b1aa-8f1e18e229c6" mappedValue="0.5" /><mapEntry mapKey="id9e68e94a-43eb-4c28-9fb5-80ecdc2cdd37 id96e19ceb-f4ab-42b4-916a-6a67ae29b820" mappedValue="0.5" /><mapEntry mapKey="id12c99a9a-4f24-41ac-bb89-a88616f9342c id7ab4d45e-2b2a-4fcb-b61a-2133e4438bf2" mappedValue="0.5" /><mapEntry mapKey="id5c43914d-c1f5-444e-b158-3be08e4a2e8e iddfd2d370-6ccf-4a60-97c0-72e4c2862aed" mappedValue="0.5" /><mapEntry mapKey="id91c2d005-c76f-4382-997a-10362b8caf98 idb2c84267-f5b7-497a-b158-c8096215f5a6" mappedValue="0.5" /></mapping></responseDeclaration><outcomeDeclaration identifier="SCORE" cardinality="single" baseType="float"><defaultValue><value>0</value></defaultValue></outcomeDeclaration><outcomeDeclaration identifier="MAXSCORE" cardinality="single" baseType="float"><defaultValue><value>3</value></defaultValue></outcomeDeclaration><outcomeDeclaration identifier="FEEDBACKBASIC" cardinality="single" baseType="identifier" view="testConstructor"><defaultValue><value>empty</value></defaultValue></outcomeDeclaration><itemBody ><p>Ordnen Sie die folgenden Differentialgleichungen ihren Typ zu. Wählen Sie jeweils den am meisten spezialisierten.</p><matchInteraction responseIdentifier="RESPONSE_1" shuffle="false" maxAssociations="0"><simpleMatchSet><simpleAssociableChoice identifier="id3d1b8cb0-5d02-4d06-8613-ffa49b4f86d8" fixed="false" matchMax="1"><p>\(  (x-x^2y)y' = y+xy^2\)</p></simpleAssociableChoice><simpleAssociableChoice identifier="ideabf29f3-8f8b-4a71-a0d6-03f9f3b32714" fixed="false" matchMax="1"><p>\(x^2 + \sqrt{x^2-1} y' = x^2 y\)</p></simpleAssociableChoice><simpleAssociableChoice identifier="id9e68e94a-43eb-4c28-9fb5-80ecdc2cdd37" fixed="false" matchMax="1"><p>\(y' + \frac{y}{1+x} = \sqrt{x y}  \)</p></simpleAssociableChoice><simpleAssociableChoice identifier="id12c99a9a-4f24-41ac-bb89-a88616f9342c" fixed="false" matchMax="1"><p>\(y' + (2-\frac{1}{x})y - \frac{1}{x}y^2 = x-1\)</p></simpleAssociableChoice><simpleAssociableChoice identifier="id5c43914d-c1f5-444e-b158-3be08e4a2e8e" fixed="false" matchMax="1"><p>\(\cos x \sin y = 1 + \sin x \cos y y'\)</p></simpleAssociableChoice><simpleAssociableChoice identifier="id91c2d005-c76f-4382-997a-10362b8caf98" fixed="false" matchMax="1"><p>\(\sqrt{x} y + (1-\cos x) y' = x y\)</p></simpleAssociableChoice></simpleMatchSet><simpleMatchSet><simpleAssociableChoice identifier="id5e42b1a6-bb18-4f94-b078-e74e476d2119" fixed="false" matchMax="1"><p>gewöhnliche Differenzialgleichung</p></simpleAssociableChoice><simpleAssociableChoice identifier="id0074c8e5-e51a-4260-b1aa-8f1e18e229c6" fixed="false" matchMax="1"><p>lineare Differenzialgleichung 1. Ordnung</p></simpleAssociableChoice><simpleAssociableChoice identifier="id96e19ceb-f4ab-42b4-916a-6a67ae29b820" fixed="false" matchMax="1"><p>Bernoulli Differenzialgleichung</p></simpleAssociableChoice><simpleAssociableChoice identifier="id7ab4d45e-2b2a-4fcb-b61a-2133e4438bf2" fixed="false" matchMax="1"><p>Ricati Differenzialgleichung</p></simpleAssociableChoice><simpleAssociableChoice identifier="iddfd2d370-6ccf-4a60-97c0-72e4c2862aed" fixed="false" matchMax="1"><p>exakte Differenzialgleichung</p></simpleAssociableChoice><simpleAssociableChoice identifier="idb2c84267-f5b7-497a-b158-c8096215f5a6" fixed="false" matchMax="1"><p>homogene Differenzialgleichung</p></simpleAssociableChoice></simpleMatchSet></matchInteraction></itemBody><responseProcessing><responseCondition><responseIf><not><isNull><variable identifier="RESPONSE_1" /></isNull></not><setOutcomeValue identifier="SCORE"><sum><variable identifier="SCORE" /><mapResponse identifier="RESPONSE_1" /></sum></setOutcomeValue><setOutcomeValue identifier="FEEDBACKBASIC"><baseValue baseType="identifier">incorrect</baseValue></setOutcomeValue></responseIf></responseCondition><responseCondition><responseIf><and><not><match><variable identifier="FEEDBACKBASIC" /><baseValue baseType="identifier">empty</baseValue></match></not><equal toleranceMode="exact"><variable identifier="SCORE" /><variable identifier="MAXSCORE" /></equal></and><setOutcomeValue identifier="FEEDBACKBASIC"><baseValue baseType="identifier">correct</baseValue></setOutcomeValue></responseIf></responseCondition></responseProcessing></assessmentItem>
