<?xml version="1.0" encoding="UTF-8"?>
<assessmentItem xmlns="http://www.imsglobal.org/xsd/imsqti_v2p1" xmlns:xsi="http://www.w3.org/2001/XMLSchema-instance" xsi:schemaLocation="http://www.imsglobal.org/xsd/imsqti_v2p1 http://www.imsglobal.org/xsd/qti/qtiv2p1/imsqti_v2p1p1.xsd http://www.w3.org/1998/Math/MathML http://www.w3.org/Math/XMLSchema/mathml2/mathml2.xsd" identifier="id5d38a078-8eb9-4589-a224-86c3766b5152" title="integral_x^q*ln(x)" adaptive="false" timeDependent="false"><responseDeclaration identifier="RESPONSE_1403686202713" cardinality="single" baseType="float"><correctResponse><value>0</value></correctResponse></responseDeclaration><outcomeDeclaration identifier="SCORE" cardinality="single" baseType="float"><defaultValue><value>0</value></defaultValue></outcomeDeclaration><outcomeDeclaration identifier="MAXSCORE" cardinality="single" baseType="float"><defaultValue><value>3</value></defaultValue></outcomeDeclaration><outcomeDeclaration identifier="FEEDBACKBASIC" cardinality="single" baseType="identifier" view="testConstructor"><defaultValue><value>empty</value></defaultValue></outcomeDeclaration><templateDeclaration identifier="a" cardinality="single" baseType="integer" /><templateDeclaration identifier="b" cardinality="single" baseType="integer" /><templateDeclaration identifier="q" cardinality="single" baseType="integer" /><templateDeclaration identifier="qq" cardinality="single" baseType="integer" /><templateDeclaration identifier="solution" cardinality="single" baseType="float" /><templateProcessing><setTemplateValue identifier="a"><random><multiple><baseValue baseType="integer">1</baseValue></multiple></random></setTemplateValue><setTemplateValue identifier="b"><randomInteger min="2" max="5" /></setTemplateValue><setTemplateValue identifier="q"><randomInteger min="2" max="5" /></setTemplateValue><setTemplateValue identifier="qq"><customOperator definition="MAXIMA" value="float($(1)+1);"><variable identifier="q" /></customOperator></setTemplateValue><setTemplateValue identifier="solution"><customOperator definition="MAXIMA" value="float((($(1)^$(2))/($(3)))*log($(4))-(($(5)^$(6))/($(7)))*log($(8))-(($(9)^$(10))/($(11)^2))+(($(12)^$(13))/($(14)^2)));"><variable identifier="b" /><variable identifier="qq" /><variable identifier="qq" /><variable identifier="b" /><variable identifier="a" /><variable identifier="qq" /><variable identifier="qq" /><variable identifier="a" /><variable identifier="b" /><variable identifier="qq" /><variable identifier="qq" /><variable identifier="a" /><variable identifier="qq" /><variable identifier="qq" /></customOperator></setTemplateValue><setCorrectResponse identifier="RESPONSE_1403686202713"><variable identifier="solution" /></setCorrectResponse></templateProcessing><itemBody ><p><p>Berechnen Sie das bestimmte Integral:</p><p>\[\int_<printedVariable identifier="a" />^<printedVariable identifier="b" />x^<printedVariable identifier="q" />\ln{x} \, \mathrm{d}x = \] <textEntryInteraction responseIdentifier="RESPONSE_1403686202713" expectedLength="6" /></p><p>Geben Sie die Lösung als Dezimalbruch mit mindestens zwei Nachkommastellen an.</p></p></itemBody><responseProcessing><responseCondition><responseIf><equal toleranceMode="relative" tolerance="10.0 10.0" includeLowerBound="true" includeUpperBound="true"><variable identifier="RESPONSE_1403686202713" /><correct identifier="RESPONSE_1403686202713" /></equal><setOutcomeValue identifier="SCORE"><sum><variable identifier="SCORE" /><baseValue baseType="float">3</baseValue></sum></setOutcomeValue></responseIf></responseCondition><responseCondition><responseIf><not><isNull><variable identifier="RESPONSE_1403686202713" /></isNull></not><setOutcomeValue identifier="FEEDBACKBASIC"><baseValue baseType="identifier">incorrect</baseValue></setOutcomeValue></responseIf></responseCondition><responseCondition><responseIf><and><not><match><variable identifier="FEEDBACKBASIC" /><baseValue baseType="identifier">empty</baseValue></match></not><equal toleranceMode="exact"><variable identifier="SCORE" /><variable identifier="MAXSCORE" /></equal></and><setOutcomeValue identifier="FEEDBACKBASIC"><baseValue baseType="identifier">correct</baseValue></setOutcomeValue></responseIf></responseCondition></responseProcessing></assessmentItem>
