<?xml version="1.0" encoding="UTF-8"?>
<assessmentItem xmlns="http://www.imsglobal.org/xsd/imsqti_v2p1" xmlns:xsi="http://www.w3.org/2001/XMLSchema-instance" xsi:schemaLocation="http://www.imsglobal.org/xsd/imsqti_v2p1 http://www.imsglobal.org/xsd/qti/qtiv2p1/imsqti_v2p1p1.xsd http://www.w3.org/1998/Math/MathML http://www.w3.org/Math/XMLSchema/mathml2/mathml2.xsd" identifier="ide7201c3e-e7dc-4ad7-8591-958d5b0884e3" title="VerknüpfteEreignisseWürfel" adaptive="false" timeDependent="false"><responseDeclaration identifier="RESPONSE_1400917493576" cardinality="single" baseType="float"><correctResponse><value>0</value></correctResponse></responseDeclaration><responseDeclaration identifier="RESPONSE_1400917546348" cardinality="single" baseType="float"><correctResponse><value>0</value></correctResponse></responseDeclaration><responseDeclaration identifier="RESPONSE_1400917589420" cardinality="single" baseType="float"><correctResponse><value>0</value></correctResponse></responseDeclaration><responseDeclaration identifier="RESPONSE_1400917632328" cardinality="single" baseType="float"><correctResponse><value>0</value></correctResponse></responseDeclaration><responseDeclaration identifier="RESPONSE_1400917678435" cardinality="single" baseType="float"><correctResponse><value>0</value></correctResponse></responseDeclaration><outcomeDeclaration identifier="SCORE" cardinality="single" baseType="float"><defaultValue><value>0</value></defaultValue></outcomeDeclaration><outcomeDeclaration identifier="MAXSCORE" cardinality="single" baseType="float"><defaultValue><value>13</value></defaultValue></outcomeDeclaration><outcomeDeclaration identifier="FEEDBACKBASIC" cardinality="single" baseType="identifier" view="testConstructor"><defaultValue><value>empty</value></defaultValue></outcomeDeclaration><outcomeDeclaration identifier="FEEDBACKMODAL" cardinality="multiple" baseType="identifier" view="testConstructor" /><templateDeclaration identifier="d" cardinality="single" baseType="integer" /><templateDeclaration identifier="k" cardinality="single" baseType="integer" /><templateDeclaration identifier="b" cardinality="single" baseType="integer" /><templateDeclaration identifier="wb" cardinality="single" baseType="integer" /><templateDeclaration identifier="pd" cardinality="single" baseType="float" /><templateDeclaration identifier="pk" cardinality="single" baseType="float" /><templateDeclaration identifier="pb" cardinality="single" baseType="float" /><templateDeclaration identifier="pwb" cardinality="single" baseType="float" /><templateDeclaration identifier="wein" cardinality="single" baseType="float" /><templateProcessing><setTemplateValue identifier="d"><random><multiple><baseValue baseType="integer">0</baseValue><baseValue baseType="integer">1</baseValue><baseValue baseType="integer">2</baseValue><baseValue baseType="integer">3</baseValue><baseValue baseType="integer">4</baseValue></multiple></random></setTemplateValue><setTemplateValue identifier="k"><random><multiple><baseValue baseType="integer">0</baseValue><baseValue baseType="integer">1</baseValue><baseValue baseType="integer">2</baseValue><baseValue baseType="integer">3</baseValue><baseValue baseType="integer">4</baseValue></multiple></random></setTemplateValue><setTemplateValue identifier="b"><random><multiple><baseValue baseType="integer">0</baseValue><baseValue baseType="integer">1</baseValue><baseValue baseType="integer">2</baseValue><baseValue baseType="integer">3</baseValue><baseValue baseType="integer">4</baseValue></multiple></random></setTemplateValue><setTemplateValue identifier="wb"><random><multiple><baseValue baseType="integer">1</baseValue><baseValue baseType="integer">2</baseValue><baseValue baseType="integer">3</baseValue></multiple></random></setTemplateValue><setTemplateValue identifier="pd"><customOperator definition="MAXIMA" value="float((2/3)^$(1)*(1/3)^(4-$(2)) *binomial(4,$(3)) *100);"><variable identifier="d" /><variable identifier="d" /><variable identifier="d" /></customOperator></setTemplateValue><setTemplateValue identifier="pk"><customOperator definition="MAXIMA" value="float((1/6)^$(1)*(5/6)^(4-$(2))*binomial(4,$(3)) *100);"><variable identifier="k" /><variable identifier="k" /><variable identifier="k" /></customOperator></setTemplateValue><setTemplateValue identifier="pb"><customOperator definition="MAXIMA" value="float((1/6)^$(1)*(5/6)^(4-$(2))*binomial(4,$(3))*100);"><variable identifier="b" /><variable identifier="b" /><variable identifier="b" /></customOperator></setTemplateValue><setTemplateValue identifier="pwb"><customOperator definition="MAXIMA" value="float(sum((1/6)^i*(5/6)^(4-i)*binomial(4,i),i,$(1),4)*100);"><variable identifier="wb" /></customOperator></setTemplateValue><setTemplateValue identifier="wein"><customOperator definition="MAXIMA" value="float(22.22);" /></setTemplateValue><setCorrectResponse identifier="RESPONSE_1400917493576"><variable identifier="pd" /></setCorrectResponse><setCorrectResponse identifier="RESPONSE_1400917546348"><variable identifier="pk" /></setCorrectResponse><setCorrectResponse identifier="RESPONSE_1400917589420"><variable identifier="pb" /></setCorrectResponse><setCorrectResponse identifier="RESPONSE_1400917632328"><variable identifier="pwb" /></setCorrectResponse><setCorrectResponse identifier="RESPONSE_1400917678435"><variable identifier="wein" /></setCorrectResponse></templateProcessing><itemBody ><p><p>Ein Student ist von der Wahrscheinlichkeitsrechnung so begeistert, dass er</p><p style="-qt-block-indent: 0; text-indent: 0px; margin: 0px;">beschliesst, seine Samstagabendbeschäftigung</p><p style="-qt-block-indent: 0; text-indent: 0px; margin: 0px;">(Diskobesuch oder Buchlesen oder Kinobesuch)</p><p style="-qt-block-indent: 0; text-indent: 0px; margin: 0px;">jeweils am Vortage durch Würfeln festzulegen.</p><p style="-qt-block-indent: 0; text-indent: 0px; margin: 0px;">Für einen Würfel legt er fest:</p><p style="-qt-block-indent: 0; text-indent: 0px; margin: 0px;"> </p><p style="-qt-block-indent: 0; text-indent: 0px; margin: 0px;">\(\left\{\begin{array}{l}\mbox{Diskobesuch}\\ \mbox{Buchlesen}\\ \mbox{Kinobesuch}\end{array}\right\} \quad\) falls die Augenzahl \(\quad\left\{\begin{array}{l}\le 4 \\ = 5 \\ = 6 \end{array}\right\}\quad\) ist<span id="MathJax-Element-1-Frame" class="MathJax"><span id="MathJax-Span-1" class="math"><span style="display: inline-block; position: relative; width: 150px; height: 0px; font-size: 130%;"><span style="position: absolute; clip: rect(2.024em, 1000em, 5.809em, -0.577em); top: -4.167em; left: 0em;"><span id="MathJax-Span-2" class="mrow"><span id="MathJax-Span-4" class="mfenced"><span id="MathJax-Span-8" class="mtable" style="padding-right: 0.167em; padding-left: 0.167em;"><span style="display: inline-block; position: relative; width: 5.513em; height: 0px;"><span style="position: absolute; clip: rect(2.066em, 1000em, 5.556em, -0.577em); top: -4.103em; left: 0em;"><span style="display: inline-block; position: relative; width: 5.513em; height: 0px;"><span style="position: absolute; clip: rect(1.421em, 1000em, 2.511em, -0.577em); top: -3.458em; left: 0em;"><span id="MathJax-Span-9" class="mtd"><span id="MathJax-Span-10" class="mrow"><span id="MathJax-Span-11" class="mtext" style="font-family: MathJax_Main;">obesuch</span></span></span></span><span style="position: absolute; clip: rect(1.421em, 1000em, 2.511em, -0.577em); top: -2.258em; left: 0em;"><span id="MathJax-Span-12" class="mtd"><span id="MathJax-Span-13" class="mrow"><span id="MathJax-Span-14" class="mtext" style="font-family: MathJax_Main;">Buchlese</span></span></span></span></span></span></span></span></span></span></span></span></span></span></p><p style="-qt-block-indent: 0; text-indent: 0px; margin: 0px;"> </p><p style="-qt-block-indent: 0; text-indent: 0px; margin: 0px;">Um sich eine Vorstellung über das zu erwartende Ergebnis zu verschaffen,</p><p style="-qt-block-indent: 0; text-indent: 0px; margin: 0px;">teilt er das Jahr in 13 Perioden zu je 4 Wochen ein und interessiert sich</p><p style="-qt-block-indent: 0; text-indent: 0px; margin: 0px;">für die Wahrscheinlichkeiten folgender Ereignisse bezüglich einer</p><p style="-qt-block-indent: 0; text-indent: 0px; margin: 0px;">solchen Periode:</p><p style="-qt-block-indent: 0; text-indent: 0px; margin: 0px;"> </p><p style="-qt-block-indent: 0; text-indent: 0px; margin: 0px;">a.) <printedVariable identifier="d" /> mal Disko, </p><p style="-qt-block-indent: 0; text-indent: 0px; margin: 0px;">b.) <printedVariable identifier="k" /> mal Kinobesuch,</p><p style="-qt-block-indent: 0; text-indent: 0px; margin: 0px;">c.) <printedVariable identifier="b" /> mal Buchlesen,</p><p style="-qt-block-indent: 0; text-indent: 0px; margin: 0px;">d.) mindestens <printedVariable identifier="wb" /> mal  Buchlesen,</p><p style="-qt-block-indent: 0; text-indent: 0px; margin: 0px;">e.) die drei Beschäftigungen treten jeweils wenigstens einmal auf.</p><p style="-qt-block-indent: 0; text-indent: 0px; margin: 0px;"> </p><p style="-qt-block-indent: 0; text-indent: 0px; margin: 0px;">Man berechne diese Wahrscheinlichkeiten in Prozent gerundet auf eine Stelle nach dem Komma:</p><p style="-qt-block-indent: 0; text-indent: 0px; margin: 0px;"> </p><p style="-qt-block-indent: 0; text-indent: 0px; margin: 0px;">P(a.)) = <textEntryInteraction responseIdentifier="RESPONSE_1400917493576" expectedLength="3" /> %</p><p style="-qt-block-indent: 0; text-indent: 0px; margin: 0px;">P(b.)) = <textEntryInteraction responseIdentifier="RESPONSE_1400917546348" expectedLength="3" /> %</p><p style="-qt-block-indent: 0; text-indent: 0px; margin: 0px;">P(c.)) = <textEntryInteraction responseIdentifier="RESPONSE_1400917589420" expectedLength="3" /> %</p><p style="-qt-block-indent: 0; text-indent: 0px; margin: 0px;">p(d.)) = <textEntryInteraction responseIdentifier="RESPONSE_1400917632328" expectedLength="4" />  %</p><p style="-qt-block-indent: 0; text-indent: 0px; margin: 0px;">p(e.))  = <textEntryInteraction responseIdentifier="RESPONSE_1400917678435" expectedLength="3" /> %</p><p> </p><p> </p></p></itemBody><responseProcessing><responseCondition><responseIf><equal toleranceMode="absolute" tolerance="0.1 0.1" includeLowerBound="true" includeUpperBound="true"><variable identifier="RESPONSE_1400917493576" /><correct identifier="RESPONSE_1400917493576" /></equal><setOutcomeValue identifier="SCORE"><sum><variable identifier="SCORE" /><baseValue baseType="float">2</baseValue></sum></setOutcomeValue></responseIf></responseCondition><responseCondition><responseIf><not><isNull><variable identifier="RESPONSE_1400917493576" /></isNull></not><setOutcomeValue identifier="FEEDBACKBASIC"><baseValue baseType="identifier">incorrect</baseValue></setOutcomeValue></responseIf></responseCondition><responseCondition><responseIf><equal toleranceMode="absolute" tolerance="0.1 0.1" includeLowerBound="true" includeUpperBound="true"><variable identifier="RESPONSE_1400917546348" /><correct identifier="RESPONSE_1400917546348" /></equal><setOutcomeValue identifier="SCORE"><sum><variable identifier="SCORE" /><baseValue baseType="float">2</baseValue></sum></setOutcomeValue></responseIf></responseCondition><responseCondition><responseIf><not><isNull><variable identifier="RESPONSE_1400917546348" /></isNull></not><setOutcomeValue identifier="FEEDBACKBASIC"><baseValue baseType="identifier">incorrect</baseValue></setOutcomeValue></responseIf></responseCondition><responseCondition><responseIf><equal toleranceMode="absolute" tolerance="0.1 0.1" includeLowerBound="true" includeUpperBound="true"><variable identifier="RESPONSE_1400917589420" /><correct identifier="RESPONSE_1400917589420" /></equal><setOutcomeValue identifier="SCORE"><sum><variable identifier="SCORE" /><baseValue baseType="float">2</baseValue></sum></setOutcomeValue></responseIf></responseCondition><responseCondition><responseIf><not><isNull><variable identifier="RESPONSE_1400917589420" /></isNull></not><setOutcomeValue identifier="FEEDBACKBASIC"><baseValue baseType="identifier">incorrect</baseValue></setOutcomeValue></responseIf></responseCondition><responseCondition><responseIf><equal toleranceMode="absolute" tolerance="0.1 0.1" includeLowerBound="true" includeUpperBound="true"><variable identifier="RESPONSE_1400917632328" /><correct identifier="RESPONSE_1400917632328" /></equal><setOutcomeValue identifier="SCORE"><sum><variable identifier="SCORE" /><baseValue baseType="float">3</baseValue></sum></setOutcomeValue></responseIf></responseCondition><responseCondition><responseIf><not><isNull><variable identifier="RESPONSE_1400917632328" /></isNull></not><setOutcomeValue identifier="FEEDBACKBASIC"><baseValue baseType="identifier">incorrect</baseValue></setOutcomeValue></responseIf></responseCondition><responseCondition><responseIf><equal toleranceMode="absolute" tolerance="0.1 0.1" includeLowerBound="true" includeUpperBound="true"><variable identifier="RESPONSE_1400917678435" /><correct identifier="RESPONSE_1400917678435" /></equal><setOutcomeValue identifier="SCORE"><sum><variable identifier="SCORE" /><baseValue baseType="float">4</baseValue></sum></setOutcomeValue></responseIf></responseCondition><responseCondition><responseIf><not><isNull><variable identifier="RESPONSE_1400917678435" /></isNull></not><setOutcomeValue identifier="FEEDBACKBASIC"><baseValue baseType="identifier">incorrect</baseValue></setOutcomeValue></responseIf></responseCondition><responseCondition><responseIf><and><not><match><variable identifier="FEEDBACKBASIC" /><baseValue baseType="identifier">empty</baseValue></match></not><equal toleranceMode="exact"><variable identifier="SCORE" /><variable identifier="MAXSCORE" /></equal></and><setOutcomeValue identifier="FEEDBACKBASIC"><baseValue baseType="identifier">correct</baseValue></setOutcomeValue></responseIf></responseCondition><responseCondition><responseIf><and><match><baseValue baseType="identifier">correct</baseValue><variable identifier="FEEDBACKBASIC" /></match></and><setOutcomeValue identifier="FEEDBACKMODAL"><multiple><variable identifier="FEEDBACKMODAL" /><baseValue baseType="identifier">Feedback429718895</baseValue></multiple></setOutcomeValue></responseIf></responseCondition><responseCondition><responseIf><and><match><baseValue baseType="identifier">incorrect</baseValue><variable identifier="FEEDBACKBASIC" /></match></and><setOutcomeValue identifier="FEEDBACKMODAL"><multiple><variable identifier="FEEDBACKMODAL" /><baseValue baseType="identifier">Feedback297963404</baseValue></multiple></setOutcomeValue></responseIf></responseCondition></responseProcessing><modalFeedback  identifier="Feedback429718895" outcomeIdentifier="FEEDBACKMODAL" showHide="show"><p><strong>Ihre Lösungen zur Aufgabe 9.2 sind zu den Eich Lösungen äquivalent. Volle Punkte für diese Aufgabe.</strong></p></modalFeedback><modalFeedback  identifier="Feedback297963404" outcomeIdentifier="FEEDBACKMODAL" showHide="show"><p>Lösungsskizzen:</p><p>a.) Als Beispiel besprechen wir folgendes Ereignis: Sei F das Ereignis, dass in einer Periode k="1" mal Disko ausgewürfelt wurde.</p><p>Da 4 mal gewürfelt wurde (jede Periode enthält 4 Samstage) betrachten wir zunächst für jeden Samstag das Ereignis E eine Zahl zwischen 1 und 4 zu würfeln. Die Wahrscheinlichkeit P(E) für E ist \(\frac{2}{3}\). Die zugehörige Mißerfolgswahrscheinlichkeit, d.h. die Wahrscheinlichkeit für das Ereignis \(\overline{E}\), d.h. die Zahl 5 oder 6 zu würfeln, ist \(\frac{1}{3}\).</p><p>Welche Möglichkeiten gibt es jetzt zu F zu kommen ? Es gibt \(\binom{4}{1} = 4 \) Möglichkeiten, d.h. es könnte sein, dass am ersten Samstag E eintraf, danach nicht mehr oder E traf nur am zweiten Samstag ein, usw. Damit haben wir als Wahrscheinlichkeit für F: \(P(F) = (P(E))^1\cdot (P(\overline{E}))^3\cdot \binom{4}{1} = \frac{2}{3}(\frac{1}{3})^3\cdot 4 = 0.0988\)</p><p>Ganz analog mit den nötigen Abänderungen behandelt man den Fall k = 0,2,3 oder k = 4 mal Disko in einer Periode.</p><p>b.), c.) Ganz analog zu a.) mit den nötigen abänderungen von E und P(E).</p><p>d.) Sei F z.B. das Ereignis, dass mindestens 3 mal Buchlesen dran ist. Dann ist</p><p>P(F) = P(3 mal Buchlesen) + P(4 mal Buchlesen). Die einzelnen Summanden können dann wie in c.) berechnet werden</p><p>e.) Sei F das Ereignis,  dass jede der Aktivitäten mindestens einmal dran war. Das ist dann equivalent dazu, dass eines der Ereignisse zwei mal dran war und die anderen jeweils genau einmal. Hierfür gibt es 3 Möglicheiten:</p><p>F1: Zweimal Disko, Einmal Kino, Einmal Buch</p><p>F2: Einmal Disko, Zweimal Kino, Einmal Buch</p><p>F3: Einmal Disko, Einmal,  Kino, Zweimal Buch</p><p>Berechne die Wahrscheinlichkeiten von F1, F2, F3, die Summe hieraus ist dann die Wahrscheinlichkeit von F da F1, F2, F3 paarweise disjunkt sind</p><p> </p></modalFeedback></assessmentItem>
