<?xml version="1.0" encoding="UTF-8"?>
<assessmentItem xmlns="http://www.imsglobal.org/xsd/imsqti_v2p1" xmlns:xsi="http://www.w3.org/2001/XMLSchema-instance" xsi:schemaLocation="http://www.imsglobal.org/xsd/imsqti_v2p1 http://www.imsglobal.org/xsd/qti/qtiv2p1/imsqti_v2p1p1.xsd http://www.w3.org/1998/Math/MathML http://www.w3.org/Math/XMLSchema/mathml2/mathml2.xsd" identifier="ide446be1e-d533-44ce-bdb7-3e26bfd282ab" title="betrag_wahr/falsch_01" adaptive="false" timeDependent="false"><responseDeclaration identifier="RESPONSE_1" cardinality="single" baseType="identifier"><correctResponse><value>idb0d1dd00-08fe-4efe-a021-1fd616494194</value></correctResponse></responseDeclaration><outcomeDeclaration identifier="SCORE" cardinality="single" baseType="float"><defaultValue><value>0</value></defaultValue></outcomeDeclaration><outcomeDeclaration identifier="MAXSCORE" cardinality="single" baseType="float"><defaultValue><value>1</value></defaultValue></outcomeDeclaration><outcomeDeclaration identifier="FEEDBACKBASIC" cardinality="single" baseType="identifier"><defaultValue><value>empty</value></defaultValue></outcomeDeclaration><outcomeDeclaration identifier="FEEDBACKMODAL" cardinality="multiple" baseType="identifier" view="testConstructor" /><itemBody ><p>Für den Betrag einer beliebigen Zahl \(a \in \mathbb R\) gilt:</p><p style="-qt-block-indent: 0; text-indent: 0px; margin: 0px;">$$\qquad\qquad|a| = \left\{\begin{array}{l l}a &amp;\quad :a&gt;0 \\0 &amp; \quad :a= 0 \\-a &amp; \quad :a&lt;0\end{array} \right.$$</p><choiceInteraction responseIdentifier="RESPONSE_1" shuffle="false" maxChoices="1"><simpleChoice identifier="idb0d1dd00-08fe-4efe-a021-1fd616494194"><p>wahr</p></simpleChoice><simpleChoice identifier="idc3f3bd86-21e9-45be-b632-28f95f694608"><p>falsch</p></simpleChoice></choiceInteraction></itemBody><responseProcessing><responseCondition><responseIf><isNull><variable identifier="RESPONSE_1" /></isNull><setOutcomeValue identifier="FEEDBACKBASIC"><baseValue baseType="identifier">empty</baseValue></setOutcomeValue></responseIf><responseElseIf><match><variable identifier="RESPONSE_1" /><correct identifier="RESPONSE_1" /></match><setOutcomeValue identifier="SCORE"><sum><variable identifier="SCORE" /><variable identifier="MAXSCORE" /></sum></setOutcomeValue><setOutcomeValue identifier="FEEDBACKBASIC"><baseValue baseType="identifier">correct</baseValue></setOutcomeValue></responseElseIf><responseElse><setOutcomeValue identifier="FEEDBACKBASIC"><baseValue baseType="identifier">incorrect</baseValue></setOutcomeValue></responseElse></responseCondition><responseCondition><responseIf><and><match><baseValue baseType="identifier">correct</baseValue><variable identifier="FEEDBACKBASIC" /></match></and><setOutcomeValue identifier="FEEDBACKMODAL"><multiple><variable identifier="FEEDBACKMODAL" /><baseValue baseType="identifier">Feedback1735277254</baseValue></multiple></setOutcomeValue></responseIf></responseCondition><responseCondition><responseIf><and><match><baseValue baseType="identifier">incorrect</baseValue><variable identifier="FEEDBACKBASIC" /></match></and><setOutcomeValue identifier="FEEDBACKMODAL"><multiple><variable identifier="FEEDBACKMODAL" /><baseValue baseType="identifier">Feedback983066525</baseValue></multiple></setOutcomeValue></responseIf></responseCondition></responseProcessing><modalFeedback  identifier="Feedback1735277254" outcomeIdentifier="FEEDBACKMODAL" showHide="show" title="Richtig!"><p>Üblicherweise wird der Betrag einer Zahl \(a\) wiefolgt definiert.</p><p>$$|a|=\begin{cases}a &amp;: a\geq0\\-a &amp;: a&lt;0\end{cases}.$$</p><p>Die Aussage in der Aufgabenstellung sagt genau das gleiche aus.</p></modalFeedback><modalFeedback  identifier="Feedback983066525" outcomeIdentifier="FEEDBACKMODAL" showHide="show" title="Leider falsch!"><p>Üblicherweise wird der Betrag einer Zahl \(a\) wiefolgt definiert.</p><p>$$|a|=\begin{cases}a &amp;: a\geq0\\-a &amp;: a&lt;0\end{cases}.$$</p><p>Die Aussage in der Aufgabenstellung sagt genau das gleiche aus.</p></modalFeedback></assessmentItem>
