<?xml version="1.0" encoding="UTF-8"?>
<assessmentItem xmlns="http://www.imsglobal.org/xsd/imsqti_v2p1" xmlns:xsi="http://www.w3.org/2001/XMLSchema-instance" xsi:schemaLocation="http://www.imsglobal.org/xsd/imsqti_v2p1 http://www.imsglobal.org/xsd/qti/qtiv2p1/imsqti_v2p1p1.xsd http://www.w3.org/1998/Math/MathML http://www.w3.org/Math/XMLSchema/mathml2/mathml2.xsd" identifier="id3208c41b-5b15-401e-b6cf-bd36dad62101" title="kreuzprodukt_def" adaptive="false" timeDependent="false"><responseDeclaration identifier="RESPONSE_1" cardinality="single" baseType="identifier"><correctResponse><value>idc48515ca-d832-49f8-8d86-a8e3eee9c119</value></correctResponse></responseDeclaration><outcomeDeclaration identifier="SCORE" cardinality="single" baseType="float"><defaultValue><value>0</value></defaultValue></outcomeDeclaration><outcomeDeclaration identifier="MAXSCORE" cardinality="single" baseType="float"><defaultValue><value>1</value></defaultValue></outcomeDeclaration><outcomeDeclaration identifier="FEEDBACKBASIC" cardinality="single" baseType="identifier"><defaultValue><value>empty</value></defaultValue></outcomeDeclaration><outcomeDeclaration identifier="FEEDBACKMODAL" cardinality="multiple" baseType="identifier" view="testConstructor" /><itemBody ><p>Es seien \(\vec a\) und \(\vec b\) zwei Vektoren im dreidimensionalen Raum.</p><p>Das <strong>Kreuzprodukt </strong>von \(\vec a\) und \(\vec b\) ...</p><choiceInteraction responseIdentifier="RESPONSE_1" shuffle="false" maxChoices="1"><simpleChoice identifier="idfe43fed7-cd92-4f71-8d01-0efd6c52a4e2"><p>ist eine Zahl, die dem Flächeninhalt des von \(\vec a\) und \(\vec b\) aufgespannten Parallelogramms entspricht.</p></simpleChoice><simpleChoice identifier="id458c2de6-fa71-4c8c-ab74-7e75cba69848"><p>ergibt Null, wenn \(\vec a\) und \(\vec b\) aufeinander senkrecht stehen.</p></simpleChoice><simpleChoice identifier="idc48515ca-d832-49f8-8d86-a8e3eee9c119"><p>ist selbst ein dreidimensionaler Vektor, welcher auf \(\vec a\) und \(\vec b\) senkrecht steht.</p></simpleChoice></choiceInteraction></itemBody><responseProcessing><responseCondition><responseIf><isNull><variable identifier="RESPONSE_1" /></isNull><setOutcomeValue identifier="FEEDBACKBASIC"><baseValue baseType="identifier">empty</baseValue></setOutcomeValue></responseIf><responseElseIf><match><variable identifier="RESPONSE_1" /><correct identifier="RESPONSE_1" /></match><setOutcomeValue identifier="SCORE"><sum><variable identifier="SCORE" /><variable identifier="MAXSCORE" /></sum></setOutcomeValue><setOutcomeValue identifier="FEEDBACKBASIC"><baseValue baseType="identifier">correct</baseValue></setOutcomeValue></responseElseIf><responseElse><setOutcomeValue identifier="FEEDBACKBASIC"><baseValue baseType="identifier">incorrect</baseValue></setOutcomeValue></responseElse></responseCondition><responseCondition><responseIf><and><match><baseValue baseType="identifier">correct</baseValue><variable identifier="FEEDBACKBASIC" /></match></and><setOutcomeValue identifier="FEEDBACKMODAL"><multiple><variable identifier="FEEDBACKMODAL" /><baseValue baseType="identifier">Feedback1802100819</baseValue></multiple></setOutcomeValue></responseIf></responseCondition><responseCondition><responseIf><and><match><baseValue baseType="identifier">incorrect</baseValue><variable identifier="FEEDBACKBASIC" /></match></and><setOutcomeValue identifier="FEEDBACKMODAL"><multiple><variable identifier="FEEDBACKMODAL" /><baseValue baseType="identifier">Feedback641706721</baseValue></multiple></setOutcomeValue></responseIf></responseCondition></responseProcessing><modalFeedback  identifier="Feedback1802100819" outcomeIdentifier="FEEDBACKMODAL" showHide="show" title="Richtig!"><p>Das Kreuzprodukt von \(\vec a\) und \(\vec b\) ist ein Vektor, welcher auf \(\vec a\) sowie auf \(\vec b\) senkrecht steht!</p><p>Der <strong>Betrag</strong> dieses Vektors entspricht dem Flächeninhalt des von \(\vec a\) und \(\vec b\) aufgespannten Parallelogramms.</p><p>Ob \(\vec a\) und \(\vec b\) aufeinander senkrecht stehen, kann man über Bildung des <strong>Skalarprodukts</strong> herausfinden.</p><p>Hat dieses den Wert Null, so stehen \(\vec a\) und \(\vec b\) aufeinander senkrecht.</p></modalFeedback><modalFeedback  identifier="Feedback641706721" outcomeIdentifier="FEEDBACKMODAL" showHide="show" title="Leider falsch!"><p>Das Kreuzprodukt von \(\vec a\) und \(\vec b\) ist ein Vektor, welcher auf \(\vec a\) sowie auf \(\vec b\) senkrecht steht!</p><p>Der <strong>Betrag</strong> dieses Vektors entspricht dem Flächeninhalt des von \(\vec a\) und \(\vec b\) aufgespannten Parallelogramms.</p><p>Ob \(\vec a\) und \(\vec b\) aufeinander senkrecht stehen, kann man über Bildung des <strong>Skalarprodukts</strong> herausfinden.</p><p>Hat dieses den Wert Null, so stehen \(\vec a\) und \(\vec b\) aufeinander senkrecht.</p></modalFeedback></assessmentItem>
