<?xml version="1.0" encoding="UTF-8"?>
<assessmentItem xmlns="http://www.imsglobal.org/xsd/imsqti_v2p1" xmlns:xsi="http://www.w3.org/2001/XMLSchema-instance" xsi:schemaLocation="http://www.imsglobal.org/xsd/imsqti_v2p1 http://www.imsglobal.org/xsd/qti/qtiv2p1/imsqti_v2p1p1.xsd http://www.w3.org/1998/Math/MathML http://www.w3.org/Math/XMLSchema/mathml2/mathml2.xsd" identifier="id3fad05fd-72cf-4f51-bc40-e0adf8a2b5c7" title="richtungsfeld_02" adaptive="false" timeDependent="false"><responseDeclaration identifier="RESPONSE_1" cardinality="single" baseType="identifier"><correctResponse><value>idfea3549a-5ed2-4584-b7c0-2f49494aa470</value></correctResponse></responseDeclaration><outcomeDeclaration identifier="SCORE" cardinality="single" baseType="float"><defaultValue><value>0</value></defaultValue></outcomeDeclaration><outcomeDeclaration identifier="MAXSCORE" cardinality="single" baseType="float"><defaultValue><value>1</value></defaultValue></outcomeDeclaration><outcomeDeclaration identifier="FEEDBACKBASIC" cardinality="single" baseType="identifier"><defaultValue><value>empty</value></defaultValue></outcomeDeclaration><itemBody ><p style="-qt-block-indent: 0; text-indent: 0px; margin: 0px;">In der Graphik ist das Richtungsfeld einer der aufgeführten Differentialgleichungen dargestellt! Welche ist es?</p><p style="-qt-block-indent: 0; text-indent: 0px; margin: 0px;"><img src="media%2Fmedium1264070699813380558richtungsfeld_xy.png" alt="" width="400" /></p><choiceInteraction responseIdentifier="RESPONSE_1" shuffle="true" maxChoices="1"><simpleChoice identifier="id4f497ad8-8471-42e0-8e27-23ca715f70cd"><p style="-qt-block-indent: 0; text-indent: 0px; margin: 0px;">\(y'(x)=\frac14(x+y)^2\)</p></simpleChoice><simpleChoice identifier="idfea3549a-5ed2-4584-b7c0-2f49494aa470"><p style="-qt-block-indent: 0; text-indent: 0px; margin: 0px;">\(y'(x)=x\cdot y\)</p></simpleChoice><simpleChoice identifier="id757441cf-f23c-4005-a0a9-62efa3dc0e98"><p style="-qt-block-indent: 0; text-indent: 0px; margin: 0px;">\(y'(x)=y^2-x^2\)</p></simpleChoice><simpleChoice identifier="id2204673a-a038-433b-b634-8d3b62d743b0"><p style="-qt-block-indent: 0; text-indent: 0px; margin: 0px;">\(y'(x)=\frac12(x+y)\)</p></simpleChoice></choiceInteraction></itemBody><responseProcessing><responseCondition><responseIf><isNull><variable identifier="RESPONSE_1" /></isNull><setOutcomeValue identifier="FEEDBACKBASIC"><baseValue baseType="identifier">empty</baseValue></setOutcomeValue></responseIf><responseElseIf><match><variable identifier="RESPONSE_1" /><correct identifier="RESPONSE_1" /></match><setOutcomeValue identifier="SCORE"><sum><variable identifier="SCORE" /><variable identifier="MAXSCORE" /></sum></setOutcomeValue><setOutcomeValue identifier="FEEDBACKBASIC"><baseValue baseType="identifier">correct</baseValue></setOutcomeValue></responseElseIf><responseElse><setOutcomeValue identifier="FEEDBACKBASIC"><baseValue baseType="identifier">incorrect</baseValue></setOutcomeValue></responseElse></responseCondition></responseProcessing></assessmentItem>
