<?xml version="1.0" encoding="UTF-8"?>
<assessmentItem xmlns="http://www.imsglobal.org/xsd/imsqti_v2p1" xmlns:xsi="http://www.w3.org/2001/XMLSchema-instance" xsi:schemaLocation="http://www.imsglobal.org/xsd/imsqti_v2p1 http://www.imsglobal.org/xsd/qti/qtiv2p1/imsqti_v2p1p1.xsd http://www.w3.org/1998/Math/MathML http://www.w3.org/Math/XMLSchema/mathml2/mathml2.xsd" identifier="id1528b1de-8fff-404c-a19a-d8fe20d4c039" title="ableitung_tangens" adaptive="false" timeDependent="false"><responseDeclaration identifier="RESPONSE_1408707944331" cardinality="single" baseType="string" /><outcomeDeclaration identifier="SCORE" cardinality="single" baseType="float"><defaultValue><value>0</value></defaultValue></outcomeDeclaration><outcomeDeclaration identifier="MAXSCORE" cardinality="single" baseType="float"><defaultValue><value>1</value></defaultValue></outcomeDeclaration><outcomeDeclaration identifier="FEEDBACKBASIC" cardinality="single" baseType="identifier" view="testConstructor"><defaultValue><value>empty</value></defaultValue></outcomeDeclaration><outcomeDeclaration identifier="FEEDBACKMODAL" cardinality="multiple" baseType="identifier" view="testConstructor" /><templateProcessing><setCorrectResponse identifier="RESPONSE_1408707944331"><customOperator definition="VARIABLESTRING" value="1+tan(x)^2" /></setCorrectResponse></templateProcessing><itemBody ><p>Geben Sie die Ableitung der Funktion $$f(x)=\tan(x)$$ an!</p><p><strong>Ergebnis:</strong> $$f'(x)=$$ <textEntryInteraction responseIdentifier="RESPONSE_1408707944331" class="maxima-formula show-latex show-syntax-error" />.</p><p><strong>Hinweise zur Formeleingabe:</strong></p><ul><li>$$\sin(x)=$$ <strong>sin(x)</strong>, $$\cos(x)=$$ <strong>cos(x)</strong>, $$\tan(x)=$$ <strong>tan(x)</strong></li><li>$$x^y=$$ <strong>x^y</strong>, z.B. $$x^3=$$ <strong>x^3</strong></li><li>Durch Klicken auf die "<strong>?</strong>"-Schaltfläche können Sie Ihre Formel zunächst überprüfen!</li></ul></itemBody><responseProcessing><responseCondition><responseIf><customOperator definition="MAXIMA" value="is(equal(trigsimp($(1)),trigsimp($(2))));"><variable identifier="RESPONSE_1408707944331" /><correct identifier="RESPONSE_1408707944331" /></customOperator><setOutcomeValue identifier="SCORE"><sum><variable identifier="SCORE" /><baseValue baseType="float">1</baseValue></sum></setOutcomeValue></responseIf></responseCondition><responseCondition><responseIf><not><isNull><variable identifier="RESPONSE_1408707944331" /></isNull></not><setOutcomeValue identifier="FEEDBACKBASIC"><baseValue baseType="identifier">incorrect</baseValue></setOutcomeValue></responseIf></responseCondition><responseCondition><responseIf><and><not><match><variable identifier="FEEDBACKBASIC" /><baseValue baseType="identifier">empty</baseValue></match></not><equal toleranceMode="exact"><variable identifier="SCORE" /><variable identifier="MAXSCORE" /></equal></and><setOutcomeValue identifier="FEEDBACKBASIC"><baseValue baseType="identifier">correct</baseValue></setOutcomeValue></responseIf></responseCondition><responseCondition><responseIf><and><match><baseValue baseType="identifier">correct</baseValue><variable identifier="FEEDBACKBASIC" /></match></and><setOutcomeValue identifier="FEEDBACKMODAL"><multiple><variable identifier="FEEDBACKMODAL" /><baseValue baseType="identifier">Feedback1190188188</baseValue></multiple></setOutcomeValue></responseIf></responseCondition><responseCondition><responseIf><and><match><baseValue baseType="identifier">incorrect</baseValue><variable identifier="FEEDBACKBASIC" /></match></and><setOutcomeValue identifier="FEEDBACKMODAL"><multiple><variable identifier="FEEDBACKMODAL" /><baseValue baseType="identifier">Feedback1162133874</baseValue></multiple></setOutcomeValue></responseIf></responseCondition></responseProcessing><modalFeedback  identifier="Feedback1190188188" outcomeIdentifier="FEEDBACKMODAL" showHide="show" title="Richtig!" /><modalFeedback  identifier="Feedback1162133874" outcomeIdentifier="FEEDBACKMODAL" showHide="show" title="Beachte:"><p>$$\quad\qquad\qquad\tan x = \frac{\sin x}{\cos x}$$</p><p> </p><p><strong>Lösung:</strong> $$\quad f'(x) = \Big(\frac{\sin x}{\cos x}\Big)' = \frac{\cos x \cos x - \sin x \cdot (-\sin x)}{\cos^2x} = \frac{(\cos^2x + \sin^2x)}{\cos^2x} = \frac{1}{\cos^2x}$$</p><p>$$\qquad\qquad\quad$$ bzw. $$\qquad\qquad\qquad\qquad\qquad\qquad\qquad\qquad\qquad\qquad\qquad\qquad\quad \dots \;\;\;= \Big(\frac{\cos x}{\cos x}\Big)^2 + \Big(\frac{\sin x}{\cos x}\Big)^2 = 1+\tan^2x$$</p></modalFeedback></assessmentItem>
