<?xml version="1.0" encoding="UTF-8"?>
<assessmentItem xmlns="http://www.imsglobal.org/xsd/imsqti_v2p1" xmlns:xsi="http://www.w3.org/2001/XMLSchema-instance" xsi:schemaLocation="http://www.imsglobal.org/xsd/imsqti_v2p1 http://www.imsglobal.org/xsd/qti/qtiv2p1/imsqti_v2p1p1.xsd http://www.w3.org/1998/Math/MathML http://www.w3.org/Math/XMLSchema/mathml2/mathml2.xsd" identifier="idcc921613-56da-40c7-b177-27cb5f920a5e" title="normalform_01" adaptive="false" timeDependent="false"><responseDeclaration identifier="RESPONSE_1403249527990" cardinality="single" baseType="string" /><responseDeclaration identifier="RESPONSE_1403249585506" cardinality="single" baseType="string" /><responseDeclaration identifier="RESPONSE_1403249614923" cardinality="single" baseType="float"><correctResponse><value>0</value></correctResponse></responseDeclaration><responseDeclaration identifier="RESPONSE_1403249857476" cardinality="single" baseType="string"><correctResponse><value>+</value></correctResponse><mapping defaultValue="0"><mapEntry mapKey="+" mappedValue="0.5" /></mapping></responseDeclaration><responseDeclaration identifier="RESPONSE_1403249945735" cardinality="single" baseType="float"><correctResponse><value>0</value></correctResponse></responseDeclaration><responseDeclaration identifier="RESPONSE_1403249898010" cardinality="single" baseType="string"><correctResponse><value>-</value></correctResponse><mapping defaultValue="0"><mapEntry mapKey="-" mappedValue="0.5" /></mapping></responseDeclaration><responseDeclaration identifier="RESPONSE_1403249990562" cardinality="single" baseType="float"><correctResponse><value>0</value></correctResponse></responseDeclaration><outcomeDeclaration identifier="SCORE" cardinality="single" baseType="float"><defaultValue><value>0</value></defaultValue></outcomeDeclaration><outcomeDeclaration identifier="MAXSCORE" cardinality="single" baseType="float"><defaultValue><value>3.5</value></defaultValue></outcomeDeclaration><outcomeDeclaration identifier="FEEDBACKBASIC" cardinality="single" baseType="identifier" view="testConstructor"><defaultValue><value>empty</value></defaultValue></outcomeDeclaration><outcomeDeclaration identifier="FEEDBACKMODAL" cardinality="multiple" baseType="identifier" view="testConstructor" /><templateDeclaration identifier="a" cardinality="single" baseType="integer" /><templateDeclaration identifier="b" cardinality="single" baseType="integer" /><templateDeclaration identifier="m1" cardinality="single" baseType="integer" /><templateDeclaration identifier="m2" cardinality="single" baseType="integer" /><templateDeclaration identifier="n1" cardinality="single" baseType="integer" /><templateDeclaration identifier="n2" cardinality="single" baseType="integer" /><templateDeclaration identifier="c" cardinality="single" baseType="integer" /><templateDeclaration identifier="d" cardinality="single" baseType="integer" /><templateDeclaration identifier="l1" cardinality="single" baseType="integer" /><templateDeclaration identifier="l2" cardinality="single" baseType="integer" /><templateDeclaration identifier="l3" cardinality="single" baseType="integer" /><templateProcessing><setTemplateValue identifier="a"><randomInteger min="2" max="4" /></setTemplateValue><setTemplateValue identifier="b"><randomInteger min="2" max="4" /></setTemplateValue><setTemplateValue identifier="m1"><randomInteger min="2" max="4" /></setTemplateValue><setTemplateValue identifier="m2"><randomInteger min="2" max="4" /></setTemplateValue><setTemplateValue identifier="n1"><randomInteger min="1" max="9" step="2" /></setTemplateValue><setTemplateValue identifier="n2"><randomInteger min="2" max="8" step="2" /></setTemplateValue><setTemplateValue identifier="c"><randomInteger min="1" max="5" /></setTemplateValue><setTemplateValue identifier="d"><randomInteger min="1" max="5" /></setTemplateValue><setTemplateValue identifier="l1"><customOperator definition="MAXIMA" value="float($(1)*$(2)-$(3)*$(4));"><variable identifier="a" /><variable identifier="c" /><variable identifier="b" /><variable identifier="d" /></customOperator></setTemplateValue><setTemplateValue identifier="l2"><customOperator definition="MAXIMA" value="float($(1)-$(2)+$(3)*$(4));"><variable identifier="n1" /><variable identifier="d" /><variable identifier="m1" /><variable identifier="c" /></customOperator></setTemplateValue><setTemplateValue identifier="l3"><customOperator definition="MAXIMA" value="float(-$(1)-$(2)-$(3)*$(4));"><variable identifier="n2" /><variable identifier="d" /><variable identifier="m2" /><variable identifier="c" /></customOperator></setTemplateValue><setCorrectResponse identifier="RESPONSE_1403249527990"><customOperator definition="VARIABLESTRING" value="-$(1)"><variable identifier="a" /></customOperator></setCorrectResponse><setCorrectResponse identifier="RESPONSE_1403249585506"><customOperator definition="VARIABLESTRING" value="$(1)"><variable identifier="b" /></customOperator></setCorrectResponse><setCorrectResponse identifier="RESPONSE_1403249614923"><variable identifier="l1" /></setCorrectResponse><setCorrectResponse identifier="RESPONSE_1403249945735"><variable identifier="l2" /></setCorrectResponse><setCorrectResponse identifier="RESPONSE_1403249990562"><variable identifier="l3" /></setCorrectResponse></templateProcessing><itemBody ><p><span style="font-size: 10pt;">Wir betrachten das lineare Optimierungsproblem</span></p><table><tbody><tr><td><span style="font-size: 10pt;">minimiere</span></td><td><span style="font-size: 10pt;">\(<printedVariable identifier="a" />x_1+<printedVariable identifier="b" />x_2\)</span></td></tr><tr><td><span style="font-size: 10pt;">sodass</span></td><td><p><span style="font-size: 10pt;">\(x_2+<printedVariable identifier="m1" />x_1\leq <printedVariable identifier="n1" />\)</span></p><p><span style="font-size: 10pt;">\(x_2-<printedVariable identifier="m2" />x_1\geq-<printedVariable identifier="n2" />\)</span></p></td></tr><tr><td><span style="font-size: 10pt;">und</span></td><td><span style="font-size: 10pt;">\(x_1\geq-<printedVariable identifier="c" />\), \(x_2\leq<printedVariable identifier="d" />\)</span></td></tr></tbody></table><p><span style="font-size: 10pt;">Für das Simplexverfahren muss das Optimierungsproblem auf Normalform gebracht werden!</span></p><p><span style="font-size: 10pt;">Ergänzen Sie die fehlenden Zahlen bzw. Plus- sowie Minuszeichen in der nachstehenden unvollständigen Normalform:</span></p><table><tbody><tr><td><span style="font-size: 10pt;">maximiere</span></td><td><span style="font-size: 10pt;"><textEntryInteraction responseIdentifier="RESPONSE_1403249527990" expectedLength="1" />\(\tilde x_1+\)<textEntryInteraction responseIdentifier="RESPONSE_1403249585506" expectedLength="1" />\(\tilde x_2+\)<textEntryInteraction responseIdentifier="RESPONSE_1403249614923" expectedLength="1" /></span></td></tr><tr><td><span style="font-size: 10pt;">sodass</span></td><td><p><span style="font-size: 10pt;">\(-\tilde x_2+<printedVariable identifier="m1" />\tilde x_1\)<textEntryInteraction responseIdentifier="RESPONSE_1403249857476" expectedLength="1" placeholderText="+/-" />\(u_1=\)<textEntryInteraction responseIdentifier="RESPONSE_1403249945735" expectedLength="1" /></span></p><p><span style="font-size: 10pt;">\(-\tilde x_2-<printedVariable identifier="m2" />\tilde x_1\)<textEntryInteraction responseIdentifier="RESPONSE_1403249898010" expectedLength="1" placeholderText="+/-" />\(u_2=\)<textEntryInteraction responseIdentifier="RESPONSE_1403249990562" expectedLength="1" /></span></p></td></tr><tr><td><span style="font-size: 10pt;">und</span></td><td><span style="font-size: 10pt;">\(\tilde x_1\geq0\), \(\tilde x_2\geq0\), \(u_1\geq0\), \(u_2\geq0\)</span></td></tr></tbody></table></itemBody><responseProcessing><responseCondition><responseIf><customOperator definition="MAXIMA" value="is(equal(ev($(1)),ev($(2))));"><variable identifier="RESPONSE_1403249527990" /><correct identifier="RESPONSE_1403249527990" /></customOperator><setOutcomeValue identifier="SCORE"><sum><variable identifier="SCORE" /><baseValue baseType="float">0.5</baseValue></sum></setOutcomeValue></responseIf></responseCondition><responseCondition><responseIf><not><isNull><variable identifier="RESPONSE_1403249527990" /></isNull></not><setOutcomeValue identifier="FEEDBACKBASIC"><baseValue baseType="identifier">incorrect</baseValue></setOutcomeValue></responseIf></responseCondition><responseCondition><responseIf><customOperator definition="MAXIMA" value="is(equal(ev($(1)),ev($(2))));"><variable identifier="RESPONSE_1403249585506" /><correct identifier="RESPONSE_1403249585506" /></customOperator><setOutcomeValue identifier="SCORE"><sum><variable identifier="SCORE" /><baseValue baseType="float">0.5</baseValue></sum></setOutcomeValue></responseIf></responseCondition><responseCondition><responseIf><not><isNull><variable identifier="RESPONSE_1403249585506" /></isNull></not><setOutcomeValue identifier="FEEDBACKBASIC"><baseValue baseType="identifier">incorrect</baseValue></setOutcomeValue></responseIf></responseCondition><responseCondition><responseIf><equal toleranceMode="exact"><variable identifier="RESPONSE_1403249614923" /><correct identifier="RESPONSE_1403249614923" /></equal><setOutcomeValue identifier="SCORE"><sum><variable identifier="SCORE" /><baseValue baseType="float">0.5</baseValue></sum></setOutcomeValue></responseIf></responseCondition><responseCondition><responseIf><not><isNull><variable identifier="RESPONSE_1403249614923" /></isNull></not><setOutcomeValue identifier="FEEDBACKBASIC"><baseValue baseType="identifier">incorrect</baseValue></setOutcomeValue></responseIf></responseCondition><responseCondition><responseIf><not><isNull><variable identifier="RESPONSE_1403249857476" /></isNull></not><setOutcomeValue identifier="SCORE"><sum><variable identifier="SCORE" /><mapResponse identifier="RESPONSE_1403249857476" /></sum></setOutcomeValue><setOutcomeValue identifier="FEEDBACKBASIC"><baseValue baseType="identifier">incorrect</baseValue></setOutcomeValue></responseIf></responseCondition><responseCondition><responseIf><equal toleranceMode="exact"><variable identifier="RESPONSE_1403249945735" /><correct identifier="RESPONSE_1403249945735" /></equal><setOutcomeValue identifier="SCORE"><sum><variable identifier="SCORE" /><baseValue baseType="float">0.5</baseValue></sum></setOutcomeValue></responseIf></responseCondition><responseCondition><responseIf><not><isNull><variable identifier="RESPONSE_1403249945735" /></isNull></not><setOutcomeValue identifier="FEEDBACKBASIC"><baseValue baseType="identifier">incorrect</baseValue></setOutcomeValue></responseIf></responseCondition><responseCondition><responseIf><not><isNull><variable identifier="RESPONSE_1403249898010" /></isNull></not><setOutcomeValue identifier="SCORE"><sum><variable identifier="SCORE" /><mapResponse identifier="RESPONSE_1403249898010" /></sum></setOutcomeValue><setOutcomeValue identifier="FEEDBACKBASIC"><baseValue baseType="identifier">incorrect</baseValue></setOutcomeValue></responseIf></responseCondition><responseCondition><responseIf><equal toleranceMode="exact"><variable identifier="RESPONSE_1403249990562" /><correct identifier="RESPONSE_1403249990562" /></equal><setOutcomeValue identifier="SCORE"><sum><variable identifier="SCORE" /><baseValue baseType="float">0.5</baseValue></sum></setOutcomeValue></responseIf></responseCondition><responseCondition><responseIf><not><isNull><variable identifier="RESPONSE_1403249990562" /></isNull></not><setOutcomeValue identifier="FEEDBACKBASIC"><baseValue baseType="identifier">incorrect</baseValue></setOutcomeValue></responseIf></responseCondition><responseCondition><responseIf><and><not><match><variable identifier="FEEDBACKBASIC" /><baseValue baseType="identifier">empty</baseValue></match></not><equal toleranceMode="exact"><variable identifier="SCORE" /><variable identifier="MAXSCORE" /></equal></and><setOutcomeValue identifier="FEEDBACKBASIC"><baseValue baseType="identifier">correct</baseValue></setOutcomeValue></responseIf></responseCondition><responseCondition><responseIf><and><match><baseValue baseType="identifier">incorrect</baseValue><variable identifier="FEEDBACKBASIC" /></match></and><setOutcomeValue identifier="FEEDBACKMODAL"><multiple><variable identifier="FEEDBACKMODAL" /><baseValue baseType="identifier">Feedback638325882</baseValue></multiple></setOutcomeValue></responseIf></responseCondition></responseProcessing><modalFeedback  identifier="Feedback638325882" outcomeIdentifier="FEEDBACKMODAL" showHide="show" title="Lösungshinweise:"><p>Das Minimierungsproblem wird zu einem Maximierungsproblem, indem man die Zielfunktion mit (-1) multipliziert.</p><p>Für die Beschränkungen \(x_1\geq a\) und \(x_2\leq b\) sind folgende Substitutionen vorzunehmen:</p><p>\(\tilde x_1:=x_1-a\geq 0 \iff\) es ist \(x_1=\tilde x_1+a\) mit \(\tilde x_1\geq0\) zu setzen.</p><p>\(\tilde x_2:=b-x_2\geq 0 \iff\) es ist \(x_2=b-\tilde x_2\) mit \(\tilde x_2\geq0\) zu setzen.</p></modalFeedback></assessmentItem>
