<?xml version="1.0" encoding="UTF-8"?>
<assessmentItem xmlns="http://www.imsglobal.org/xsd/imsqti_v2p1" xmlns:xsi="http://www.w3.org/2001/XMLSchema-instance" xsi:schemaLocation="http://www.imsglobal.org/xsd/imsqti_v2p1 http://www.imsglobal.org/xsd/qti/qtiv2p1/imsqti_v2p1p1.xsd http://www.w3.org/1998/Math/MathML http://www.w3.org/Math/XMLSchema/mathml2/mathml2.xsd" identifier="idaa9b713f-c4e3-4a83-b2ae-caf009325cf2" title="Nullstellen_kubisch_01" adaptive="false" timeDependent="false"><responseDeclaration identifier="RESPONSE_1405068742657" cardinality="single" baseType="float"><correctResponse><value>0</value></correctResponse></responseDeclaration><responseDeclaration identifier="RESPONSE_1405068751070" cardinality="single" baseType="float"><correctResponse><value>0</value></correctResponse></responseDeclaration><responseDeclaration identifier="RESPONSE_1405068756418" cardinality="single" baseType="float"><correctResponse><value>0</value></correctResponse></responseDeclaration><outcomeDeclaration identifier="SCORE" cardinality="single" baseType="float"><defaultValue><value>0</value></defaultValue></outcomeDeclaration><outcomeDeclaration identifier="MAXSCORE" cardinality="single" baseType="float"><defaultValue><value>3</value></defaultValue></outcomeDeclaration><outcomeDeclaration identifier="FEEDBACKBASIC" cardinality="single" baseType="identifier" view="testConstructor"><defaultValue><value>empty</value></defaultValue></outcomeDeclaration><templateDeclaration identifier="x1sign" cardinality="single" baseType="integer" /><templateDeclaration identifier="xx1" cardinality="single" baseType="integer" /><templateDeclaration identifier="x1" cardinality="single" baseType="integer" /><templateDeclaration identifier="x2sign" cardinality="single" baseType="integer" /><templateDeclaration identifier="xx2" cardinality="single" baseType="integer" /><templateDeclaration identifier="x2" cardinality="single" baseType="integer" /><templateDeclaration identifier="x3sign" cardinality="single" baseType="integer" /><templateDeclaration identifier="xx3" cardinality="single" baseType="integer" /><templateDeclaration identifier="x3" cardinality="single" baseType="integer" /><templateDeclaration identifier="asign" cardinality="single" baseType="integer" /><templateDeclaration identifier="aa" cardinality="single" baseType="integer" /><templateDeclaration identifier="a" cardinality="single" baseType="integer" /><templateDeclaration identifier="r" cardinality="single" baseType="integer" /><templateDeclaration identifier="rstring" cardinality="single" baseType="string" /><templateDeclaration identifier="rr" cardinality="single" baseType="integer" /><templateDeclaration identifier="s" cardinality="single" baseType="integer" /><templateDeclaration identifier="sstring" cardinality="single" baseType="string" /><templateDeclaration identifier="ss" cardinality="single" baseType="integer" /><templateDeclaration identifier="t" cardinality="single" baseType="integer" /><templateDeclaration identifier="tstring" cardinality="single" baseType="string" /><templateDeclaration identifier="tt" cardinality="single" baseType="integer" /><templateDeclaration identifier="solution1" cardinality="single" baseType="integer" /><templateDeclaration identifier="solution2" cardinality="single" baseType="integer" /><templateDeclaration identifier="solution3" cardinality="single" baseType="integer" /><templateProcessing><setTemplateValue identifier="x1sign"><random><multiple><baseValue baseType="integer">1</baseValue><baseValue baseType="integer">-1</baseValue></multiple></random></setTemplateValue><setTemplateValue identifier="xx1"><randomInteger min="1" max="2" /></setTemplateValue><setTemplateValue identifier="x1"><customOperator definition="MAXIMA" value="float($(1)*$(2));"><variable identifier="x1sign" /><variable identifier="xx1" /></customOperator></setTemplateValue><setTemplateValue identifier="x2sign"><random><multiple><baseValue baseType="integer">1</baseValue><baseValue baseType="integer">-1</baseValue></multiple></random></setTemplateValue><setTemplateValue identifier="xx2"><randomInteger min="1" max="10" /></setTemplateValue><setTemplateValue identifier="x2"><customOperator definition="MAXIMA" value="float($(1)*$(2));"><variable identifier="x2sign" /><variable identifier="xx2" /></customOperator></setTemplateValue><setTemplateValue identifier="x3sign"><random><multiple><baseValue baseType="integer">1</baseValue><baseValue baseType="integer">-1</baseValue></multiple></random></setTemplateValue><setTemplateValue identifier="xx3"><randomInteger min="1" max="10" /></setTemplateValue><setTemplateValue identifier="x3"><customOperator definition="MAXIMA" value="float($(1)*$(2));"><variable identifier="x3sign" /><variable identifier="xx3" /></customOperator></setTemplateValue><setTemplateValue identifier="asign"><random><multiple><baseValue baseType="integer">1</baseValue><baseValue baseType="integer">-1</baseValue></multiple></random></setTemplateValue><setTemplateValue identifier="aa"><randomInteger min="1" max="10" /></setTemplateValue><setTemplateValue identifier="a"><customOperator definition="MAXIMA" value="float($(1)*$(2));"><variable identifier="asign" /><variable identifier="aa" /></customOperator></setTemplateValue><setTemplateValue identifier="r"><customOperator definition="MAXIMA" value="float(-$(1)*($(2)+$(3)+$(4)));"><variable identifier="a" /><variable identifier="x1" /><variable identifier="x2" /><variable identifier="x3" /></customOperator></setTemplateValue><setTemplateValue identifier="rstring"><random><multiple><baseValue baseType="string">+</baseValue></multiple></random></setTemplateValue><templateCondition><templateIf><lt><variable identifier="r" /><baseValue baseType="integer">0</baseValue></lt><setTemplateValue identifier="rstring"><random><multiple><baseValue baseType="string">-</baseValue></multiple></random></setTemplateValue></templateIf></templateCondition><setTemplateValue identifier="rr"><customOperator definition="MAXIMA" value="float(abs($(1)));"><variable identifier="r" /></customOperator></setTemplateValue><setTemplateValue identifier="s"><customOperator definition="MAXIMA" value="float($(1)*($(2)*$(3)+$(4)*$(5)+$(6)*$(7)));"><variable identifier="a" /><variable identifier="x1" /><variable identifier="x2" /><variable identifier="x1" /><variable identifier="x3" /><variable identifier="x2" /><variable identifier="x3" /></customOperator></setTemplateValue><setTemplateValue identifier="sstring"><random><multiple><baseValue baseType="string">+</baseValue></multiple></random></setTemplateValue><templateCondition><templateIf><lt><variable identifier="s" /><baseValue baseType="integer">0</baseValue></lt><setTemplateValue identifier="sstring"><random><multiple><baseValue baseType="string">-</baseValue></multiple></random></setTemplateValue></templateIf></templateCondition><setTemplateValue identifier="ss"><customOperator definition="MAXIMA" value="float(abs($(1)));"><variable identifier="s" /></customOperator></setTemplateValue><setTemplateValue identifier="t"><customOperator definition="MAXIMA" value="float(-$(1)*$(2)*$(3)*$(4));"><variable identifier="a" /><variable identifier="x1" /><variable identifier="x2" /><variable identifier="x3" /></customOperator></setTemplateValue><setTemplateValue identifier="tstring"><random><multiple><baseValue baseType="string">+</baseValue></multiple></random></setTemplateValue><templateCondition><templateIf><lt><variable identifier="t" /><baseValue baseType="integer">0</baseValue></lt><setTemplateValue identifier="tstring"><random><multiple><baseValue baseType="string">-</baseValue></multiple></random></setTemplateValue></templateIf></templateCondition><setTemplateValue identifier="tt"><customOperator definition="MAXIMA" value="float(abs($(1)));"><variable identifier="t" /></customOperator></setTemplateValue><setTemplateValue identifier="solution1"><customOperator definition="MAXIMA" value="float(first(sort([$(1),$(2),$(3)])));"><variable identifier="x1" /><variable identifier="x2" /><variable identifier="x3" /></customOperator></setTemplateValue><setTemplateValue identifier="solution2"><customOperator definition="MAXIMA" value="float(second(sort([$(1),$(2),$(3)])));"><variable identifier="x1" /><variable identifier="x2" /><variable identifier="x3" /></customOperator></setTemplateValue><setTemplateValue identifier="solution3"><customOperator definition="MAXIMA" value="float(third(sort([$(1),$(2),$(3)])));"><variable identifier="x1" /><variable identifier="x2" /><variable identifier="x3" /></customOperator></setTemplateValue><setCorrectResponse identifier="RESPONSE_1405068742657"><variable identifier="solution1" /></setCorrectResponse><setCorrectResponse identifier="RESPONSE_1405068751070"><variable identifier="solution2" /></setCorrectResponse><setCorrectResponse identifier="RESPONSE_1405068756418"><variable identifier="solution3" /></setCorrectResponse></templateProcessing><itemBody ><p>Bestimmen Sie für die Funktion $$f(x) = <printedVariable identifier="a" />x^3<printedVariable identifier="rstring" /><printedVariable identifier="rr" />x^2<printedVariable identifier="sstring" /><printedVariable identifier="ss" />x<printedVariable identifier="tstring" /><printedVariable identifier="tt" />$$ sämtliche Nullstellen.</p><p>Geben Sie sie der Größe nach an. Beginnen Sie mit der Kleinsten. Mehrfach auftretende Nullstellen müssen ebenfalls mehrfach angegeben werden.</p><p>$$x_1 = $$<textEntryInteraction responseIdentifier="RESPONSE_1405068742657" /></p><p>$$x_2 = $$<textEntryInteraction responseIdentifier="RESPONSE_1405068751070" /></p><p>$$x_3 = $$<textEntryInteraction responseIdentifier="RESPONSE_1405068756418" /></p></itemBody><responseProcessing><responseCondition><responseIf><equal toleranceMode="exact"><variable identifier="RESPONSE_1405068742657" /><correct identifier="RESPONSE_1405068742657" /></equal><setOutcomeValue identifier="SCORE"><sum><variable identifier="SCORE" /><baseValue baseType="float">1</baseValue></sum></setOutcomeValue></responseIf></responseCondition><responseCondition><responseIf><not><isNull><variable identifier="RESPONSE_1405068742657" /></isNull></not><setOutcomeValue identifier="FEEDBACKBASIC"><baseValue baseType="identifier">incorrect</baseValue></setOutcomeValue></responseIf></responseCondition><responseCondition><responseIf><equal toleranceMode="exact"><variable identifier="RESPONSE_1405068751070" /><correct identifier="RESPONSE_1405068751070" /></equal><setOutcomeValue identifier="SCORE"><sum><variable identifier="SCORE" /><baseValue baseType="float">1</baseValue></sum></setOutcomeValue></responseIf></responseCondition><responseCondition><responseIf><not><isNull><variable identifier="RESPONSE_1405068751070" /></isNull></not><setOutcomeValue identifier="FEEDBACKBASIC"><baseValue baseType="identifier">incorrect</baseValue></setOutcomeValue></responseIf></responseCondition><responseCondition><responseIf><equal toleranceMode="exact"><variable identifier="RESPONSE_1405068756418" /><correct identifier="RESPONSE_1405068756418" /></equal><setOutcomeValue identifier="SCORE"><sum><variable identifier="SCORE" /><baseValue baseType="float">1</baseValue></sum></setOutcomeValue></responseIf></responseCondition><responseCondition><responseIf><not><isNull><variable identifier="RESPONSE_1405068756418" /></isNull></not><setOutcomeValue identifier="FEEDBACKBASIC"><baseValue baseType="identifier">incorrect</baseValue></setOutcomeValue></responseIf></responseCondition><responseCondition><responseIf><and><not><match><variable identifier="FEEDBACKBASIC" /><baseValue baseType="identifier">empty</baseValue></match></not><equal toleranceMode="exact"><variable identifier="SCORE" /><variable identifier="MAXSCORE" /></equal></and><setOutcomeValue identifier="FEEDBACKBASIC"><baseValue baseType="identifier">correct</baseValue></setOutcomeValue></responseIf></responseCondition></responseProcessing></assessmentItem>
