<?xml version="1.0" encoding="UTF-8"?>
<org.olat.course.config.CourseConfig>
  <version>9</version>
  <configuration class="hashtable">
    <entry>
      <string>SHAREDFOLDER_SOFTKEY</string>
      <string>sf.notconfigured</string>
    </entry>
    <entry>
      <string>KEY_CALENDAR_ENABLED</string>
      <boolean>true</boolean>
    </entry>
    <entry>
      <string>CSS_FILEREF</string>
      <string>form.layout.setsystemcss</string>
    </entry>
    <entry>
      <string>COURSE_CHAT_ENABLED</string>
      <boolean>true</boolean>
    </entry>
    <entry>
      <string>KEY_EFFICENCY_ENABLED</string>
      <boolean>false</boolean>
    </entry>
  </configuration>
</org.olat.course.config.CourseConfig>