<?xml version="1.0" encoding="UTF-8"?>
<assessmentItem xmlns="http://www.imsglobal.org/xsd/imsqti_v2p1" xmlns:xsi="http://www.w3.org/2001/XMLSchema-instance" xsi:schemaLocation="http://www.imsglobal.org/xsd/imsqti_v2p1 http://www.imsglobal.org/xsd/qti/qtiv2p1/imsqti_v2p1p1.xsd http://www.w3.org/1998/Math/MathML http://www.w3.org/Math/XMLSchema/mathml2/mathml2.xsd" identifier="ida0bc8af0-0ea8-42af-8a59-c60dbd195094" title="polarkoordinaten_02" adaptive="false" timeDependent="false"><responseDeclaration identifier="RESPONSE_1412929986530" cardinality="single" baseType="string" /><responseDeclaration identifier="RESPONSE_1412929172315" cardinality="single" baseType="string" /><outcomeDeclaration identifier="SCORE" cardinality="single" baseType="float"><defaultValue><value>0</value></defaultValue></outcomeDeclaration><outcomeDeclaration identifier="MAXSCORE" cardinality="single" baseType="float"><defaultValue><value>2</value></defaultValue></outcomeDeclaration><outcomeDeclaration identifier="FEEDBACKBASIC" cardinality="single" baseType="identifier" view="testConstructor"><defaultValue><value>empty</value></defaultValue></outcomeDeclaration><templateDeclaration identifier="z" cardinality="single" baseType="integer" /><templateDeclaration identifier="r" cardinality="single" baseType="integer" /><templateDeclaration identifier="zahl_tex" cardinality="single" baseType="string" /><templateProcessing><setTemplateValue identifier="z"><random><multiple><baseValue baseType="integer">-1</baseValue><baseValue baseType="integer">1</baseValue><baseValue baseType="integer">-3</baseValue><baseValue baseType="integer">3</baseValue></multiple></random></setTemplateValue><setTemplateValue identifier="r"><randomInteger min="2" max="9" /></setTemplateValue><setTemplateValue identifier="zahl_tex"><customOperator definition="MAXIMA" value="tex1(expand($(1)*%e^($(2)/4*%pi*%i)))"><variable identifier="r" /><variable identifier="z" /></customOperator></setTemplateValue><setCorrectResponse identifier="RESPONSE_1412929986530"><customOperator definition="VARIABLESTRING" value="$(1)"><variable identifier="r" /></customOperator></setCorrectResponse><setCorrectResponse identifier="RESPONSE_1412929172315"><customOperator definition="VARIABLESTRING" value="$(1)/4"><variable identifier="z" /></customOperator></setCorrectResponse></templateProcessing><itemBody ><p>Stellen Sie die komplexe Zahl $$z=<printedVariable identifier="zahl_tex" />$$ in der Form $$z=r\,\mathrm e^{\varphi\pi\mathrm i}$$ dar.</p><p><strong>Lösung: </strong>$$\qquad r=$$ <textEntryInteraction responseIdentifier="RESPONSE_1412929986530" expectedLength="3" /> $$\qquad\varphi=$$ <textEntryInteraction responseIdentifier="RESPONSE_1412929172315" expectedLength="3" /></p><p><strong>Hinweise:</strong></p><ul><li>Sie können Brüche in der Form \(\frac xy=\) <strong>x/y </strong>eingeben.<strong><br /></strong></li><li>Beispiel: \(\frac13=\) <strong>1/3</strong>, nicht 0.3333!</li></ul><p> </p></itemBody><responseProcessing><responseCondition><responseIf><customOperator definition="MAXIMA" value="is(equal(ev($(1)),ev($(2))));" caseSensitive="false"><variable identifier="RESPONSE_1412929986530" /><correct identifier="RESPONSE_1412929986530" /></customOperator><setOutcomeValue identifier="SCORE"><sum><variable identifier="SCORE" /><baseValue baseType="float">1</baseValue></sum></setOutcomeValue></responseIf></responseCondition><responseCondition><responseIf><not><isNull><variable identifier="RESPONSE_1412929986530" /></isNull></not><setOutcomeValue identifier="FEEDBACKBASIC"><baseValue baseType="identifier">incorrect</baseValue></setOutcomeValue></responseIf></responseCondition><responseCondition><responseIf><customOperator definition="MAXIMA" value="is(equal(ev(mod($(1),2)),ev(mod($(2),2))));" caseSensitive="false"><variable identifier="RESPONSE_1412929172315" /><correct identifier="RESPONSE_1412929172315" /></customOperator><setOutcomeValue identifier="SCORE"><sum><variable identifier="SCORE" /><baseValue baseType="float">1</baseValue></sum></setOutcomeValue></responseIf></responseCondition><responseCondition><responseIf><not><isNull><variable identifier="RESPONSE_1412929172315" /></isNull></not><setOutcomeValue identifier="FEEDBACKBASIC"><baseValue baseType="identifier">incorrect</baseValue></setOutcomeValue></responseIf></responseCondition><responseCondition><responseIf><and><not><match><variable identifier="FEEDBACKBASIC" /><baseValue baseType="identifier">empty</baseValue></match></not><equal toleranceMode="exact"><variable identifier="SCORE" /><variable identifier="MAXSCORE" /></equal></and><setOutcomeValue identifier="FEEDBACKBASIC"><baseValue baseType="identifier">correct</baseValue></setOutcomeValue></responseIf></responseCondition></responseProcessing></assessmentItem>
