<?xml version="1.0" encoding="UTF-8"?>
<assessmentItem xmlns="http://www.imsglobal.org/xsd/imsqti_v2p1" xmlns:xsi="http://www.w3.org/2001/XMLSchema-instance" xsi:schemaLocation="http://www.imsglobal.org/xsd/imsqti_v2p1 http://www.imsglobal.org/xsd/qti/qtiv2p1/imsqti_v2p1p1.xsd http://www.w3.org/1998/Math/MathML http://www.w3.org/Math/XMLSchema/mathml2/mathml2.xsd" identifier="id2ebe647f-4c53-4dbc-b91e-7285eb1d05a1" title="venndiagramm_3mengen_02" adaptive="false" timeDependent="false"><responseDeclaration identifier="RESPONSE_1" cardinality="multiple" baseType="identifier"><correctResponse><value>idabcd309e-e8c9-4372-8593-5f01483e3374</value><value>idf78e9ba4-5782-4700-b6d6-2d8258f11e7b</value><value>id16816c08-9647-44cd-a39f-6f02f86fb53c</value></correctResponse><mapping defaultValue="0" lowerBound="0.0"><mapEntry mapKey="idabcd309e-e8c9-4372-8593-5f01483e3374" mappedValue="1.0" /><mapEntry mapKey="ida1b7908a-1afa-48a8-b2e1-c8b373330076" mappedValue="-1.5" /><mapEntry mapKey="idf78e9ba4-5782-4700-b6d6-2d8258f11e7b" mappedValue="1.0" /><mapEntry mapKey="id16816c08-9647-44cd-a39f-6f02f86fb53c" mappedValue="1.0" /><mapEntry mapKey="idda41758f-d688-4b2b-81ca-af66537c4d09" mappedValue="-1.5" /></mapping></responseDeclaration><outcomeDeclaration identifier="SCORE" cardinality="single" baseType="float"><defaultValue><value>0</value></defaultValue></outcomeDeclaration><outcomeDeclaration identifier="MAXSCORE" cardinality="single" baseType="float"><defaultValue><value>3</value></defaultValue></outcomeDeclaration><outcomeDeclaration identifier="FEEDBACKBASIC" cardinality="single" baseType="identifier" view="testConstructor"><defaultValue><value>empty</value></defaultValue></outcomeDeclaration><itemBody ><p>Welche Menge ist im folgenden Bild orange eingefärbt? (mehrere Antworten möglich)</p><p><img src="media%2Fmedium4587126927558659960vennABC3.png" alt="" width="181" height="169" /></p><choiceInteraction responseIdentifier="RESPONSE_1" shuffle="true" maxChoices="0" orientation="vertical"><simpleChoice identifier="idabcd309e-e8c9-4372-8593-5f01483e3374"><p>\((A\cup B)\cap\overline C\)</p></simpleChoice><simpleChoice identifier="ida1b7908a-1afa-48a8-b2e1-c8b373330076"><p>\(\overline C\cap A\cap B\)</p></simpleChoice><simpleChoice identifier="idf78e9ba4-5782-4700-b6d6-2d8258f11e7b"><p>\((A\cup B\cup C)\setminus C\)</p></simpleChoice><simpleChoice identifier="id16816c08-9647-44cd-a39f-6f02f86fb53c"><p>\((A\setminus C)\cup(B\setminus C)\)</p></simpleChoice><simpleChoice identifier="idda41758f-d688-4b2b-81ca-af66537c4d09"><p>\((B\setminus C)\cup A\)</p></simpleChoice></choiceInteraction></itemBody><responseProcessing><responseCondition><responseIf><not><isNull><variable identifier="RESPONSE_1" /></isNull></not><setOutcomeValue identifier="SCORE"><sum><variable identifier="SCORE" /><mapResponse identifier="RESPONSE_1" /></sum></setOutcomeValue><setOutcomeValue identifier="FEEDBACKBASIC"><baseValue baseType="identifier">incorrect</baseValue></setOutcomeValue></responseIf></responseCondition><responseCondition><responseIf><and><not><match><variable identifier="FEEDBACKBASIC" /><baseValue baseType="identifier">empty</baseValue></match></not><equal toleranceMode="exact"><variable identifier="SCORE" /><variable identifier="MAXSCORE" /></equal></and><setOutcomeValue identifier="FEEDBACKBASIC"><baseValue baseType="identifier">correct</baseValue></setOutcomeValue></responseIf></responseCondition></responseProcessing></assessmentItem>
