<?xml version="1.0" encoding="UTF-8"?>
<assessmentItem xmlns="http://www.imsglobal.org/xsd/imsqti_v2p1" xmlns:xsi="http://www.w3.org/2001/XMLSchema-instance" xsi:schemaLocation="http://www.imsglobal.org/xsd/imsqti_v2p1 http://www.imsglobal.org/xsd/qti/qtiv2p1/imsqti_v2p1p1.xsd http://www.w3.org/1998/Math/MathML http://www.w3.org/Math/XMLSchema/mathml2/mathml2.xsd" identifier="id89ed63d5-380d-409c-802e-e3d5a909e5ff" title="mengenoperationen_intervalle_zuordnung_02" adaptive="false" timeDependent="false"><responseDeclaration identifier="RESPONSE_1" cardinality="multiple" baseType="directedPair"><correctResponse><value>id35d0c07d-a15d-4f88-adff-64704281c267 id58d800ee-0dba-4103-8ee1-04e14bc4eef1</value><value>id9da483e2-88d6-4cce-a9b9-276c56e2f759 id9fb6df50-5444-46d2-8c2f-65733d843116</value><value>id3683c766-223e-4b25-9024-a3ef47fec708 id1ddfc141-7894-47e8-9aca-3e2326897ca9</value><value>id60d274b7-f7c4-4008-8b58-9669957d1858 id4cc24b83-5205-44c6-82d1-60acda3e0e24</value></correctResponse><mapping defaultValue="0" lowerBound="0.0"><mapEntry mapKey="id60d274b7-f7c4-4008-8b58-9669957d1858 id4cc24b83-5205-44c6-82d1-60acda3e0e24" mappedValue="0.5" /><mapEntry mapKey="id3683c766-223e-4b25-9024-a3ef47fec708 id1ddfc141-7894-47e8-9aca-3e2326897ca9" mappedValue="0.5" /><mapEntry mapKey="id9da483e2-88d6-4cce-a9b9-276c56e2f759 id9fb6df50-5444-46d2-8c2f-65733d843116" mappedValue="0.5" /><mapEntry mapKey="id35d0c07d-a15d-4f88-adff-64704281c267 id58d800ee-0dba-4103-8ee1-04e14bc4eef1" mappedValue="0.5" /></mapping></responseDeclaration><outcomeDeclaration identifier="SCORE" cardinality="single" baseType="float"><defaultValue><value>0</value></defaultValue></outcomeDeclaration><outcomeDeclaration identifier="MAXSCORE" cardinality="single" baseType="float"><defaultValue><value>2</value></defaultValue></outcomeDeclaration><outcomeDeclaration identifier="FEEDBACKBASIC" cardinality="single" baseType="identifier" view="testConstructor"><defaultValue><value>empty</value></defaultValue></outcomeDeclaration><templateDeclaration identifier="a" cardinality="single" baseType="integer" /><templateDeclaration identifier="c" cardinality="single" baseType="integer" /><templateDeclaration identifier="b" cardinality="single" baseType="integer" /><templateDeclaration identifier="d" cardinality="single" baseType="integer" /><templateProcessing><setTemplateValue identifier="a"><randomInteger min="-20" max="-10" /></setTemplateValue><setTemplateValue identifier="c"><randomInteger min="-9" max="0" /></setTemplateValue><setTemplateValue identifier="b"><randomInteger min="1" max="10" /></setTemplateValue><setTemplateValue identifier="d"><randomInteger min="11" max="20" /></setTemplateValue></templateProcessing><itemBody ><p>Gegeben seien die Mengen \(A=(<printedVariable identifier="a" />,<printedVariable identifier="b" />]\) und \(B=[<printedVariable identifier="c" />,<printedVariable identifier="d" />)\).</p><p>Ordnen Sie die Paare einander zu!</p><matchInteraction responseIdentifier="RESPONSE_1" shuffle="true" maxAssociations="0"><simpleMatchSet><simpleAssociableChoice identifier="id60d274b7-f7c4-4008-8b58-9669957d1858" fixed="false" matchMax="1"><p>\((<printedVariable identifier="a" />,<printedVariable identifier="d" />)\)</p></simpleAssociableChoice><simpleAssociableChoice identifier="id3683c766-223e-4b25-9024-a3ef47fec708" fixed="false" matchMax="1"><p>\([<printedVariable identifier="c" />,<printedVariable identifier="b" />]\)</p></simpleAssociableChoice><simpleAssociableChoice identifier="id9da483e2-88d6-4cce-a9b9-276c56e2f759" fixed="false" matchMax="1"><p>\((<printedVariable identifier="a" />,<printedVariable identifier="c" />)\)</p></simpleAssociableChoice><simpleAssociableChoice identifier="id35d0c07d-a15d-4f88-adff-64704281c267" fixed="false" matchMax="1"><p>\((<printedVariable identifier="b" />,<printedVariable identifier="d" />)\)</p></simpleAssociableChoice><simpleAssociableChoice identifier="id4266f633-d310-4ac3-b820-30abbcd1bbe5" fixed="false" matchMax="1"><p>\((<printedVariable identifier="a" />,<printedVariable identifier="c" />]\)</p></simpleAssociableChoice><simpleAssociableChoice identifier="id80554a16-ce23-48c2-9e28-4cdd56e56b10" fixed="false" matchMax="1"><p>\([<printedVariable identifier="b" />,<printedVariable identifier="d" />)\)</p></simpleAssociableChoice><simpleAssociableChoice identifier="idca616df4-d033-4cce-9ec1-f1cb6f208d3a" fixed="false" matchMax="1"><p>\((<printedVariable identifier="c" />,<printedVariable identifier="b" />)\)</p></simpleAssociableChoice><simpleAssociableChoice identifier="id0ce5245d-5b4e-460f-bab5-69157c178102" fixed="false" matchMax="1"><p>\((-\infty,<printedVariable identifier="c" />)\)</p></simpleAssociableChoice><simpleAssociableChoice identifier="id56bd136e-47a5-42dd-acf5-fd4cf505adaa" fixed="false" matchMax="1"><p>\((<printedVariable identifier="b" />,\infty)\)</p></simpleAssociableChoice></simpleMatchSet><simpleMatchSet><simpleAssociableChoice identifier="id4cc24b83-5205-44c6-82d1-60acda3e0e24" fixed="false" matchMax="1"><p>\(A\cup B\)</p></simpleAssociableChoice><simpleAssociableChoice identifier="id1ddfc141-7894-47e8-9aca-3e2326897ca9" fixed="false" matchMax="1"><p>\(A\cap B\)</p></simpleAssociableChoice><simpleAssociableChoice identifier="id9fb6df50-5444-46d2-8c2f-65733d843116" fixed="false" matchMax="1"><p>\(A\setminus B\)</p></simpleAssociableChoice><simpleAssociableChoice identifier="id58d800ee-0dba-4103-8ee1-04e14bc4eef1" fixed="false" matchMax="1"><p>\(B\setminus A\)</p></simpleAssociableChoice></simpleMatchSet></matchInteraction></itemBody><responseProcessing><responseCondition><responseIf><not><isNull><variable identifier="RESPONSE_1" /></isNull></not><setOutcomeValue identifier="SCORE"><sum><variable identifier="SCORE" /><mapResponse identifier="RESPONSE_1" /></sum></setOutcomeValue><setOutcomeValue identifier="FEEDBACKBASIC"><baseValue baseType="identifier">incorrect</baseValue></setOutcomeValue></responseIf></responseCondition><responseCondition><responseIf><and><not><match><variable identifier="FEEDBACKBASIC" /><baseValue baseType="identifier">empty</baseValue></match></not><equal toleranceMode="exact"><variable identifier="SCORE" /><variable identifier="MAXSCORE" /></equal></and><setOutcomeValue identifier="FEEDBACKBASIC"><baseValue baseType="identifier">correct</baseValue></setOutcomeValue></responseIf></responseCondition></responseProcessing></assessmentItem>
