<?xml version="1.0" encoding="UTF-8"?>
<assessmentItem xmlns="http://www.imsglobal.org/xsd/imsqti_v2p1" xmlns:xsi="http://www.w3.org/2001/XMLSchema-instance" xsi:schemaLocation="http://www.imsglobal.org/xsd/imsqti_v2p1 http://www.imsglobal.org/xsd/qti/qtiv2p1/imsqti_v2p1p1.xsd http://www.w3.org/1998/Math/MathML http://www.w3.org/Math/XMLSchema/mathml2/mathml2.xsd" identifier="id6a1db2be-aaef-4096-b28e-6f508d031ed8" title="polynomdivision_04" adaptive="false" timeDependent="false"><responseDeclaration identifier="RESPONSE_1410163836307" cardinality="single" baseType="string" /><outcomeDeclaration identifier="SCORE" cardinality="single" baseType="float"><defaultValue><value>0</value></defaultValue></outcomeDeclaration><outcomeDeclaration identifier="MAXSCORE" cardinality="single" baseType="float"><defaultValue><value>1</value></defaultValue></outcomeDeclaration><outcomeDeclaration identifier="FEEDBACKBASIC" cardinality="single" baseType="identifier" view="testConstructor"><defaultValue><value>empty</value></defaultValue></outcomeDeclaration><outcomeDeclaration identifier="FEEDBACKMODAL" cardinality="multiple" baseType="identifier" view="testConstructor" /><templateDeclaration identifier="n" cardinality="single" baseType="integer" /><templateDeclaration identifier="w" cardinality="single" baseType="integer" /><templateDeclaration identifier="z" cardinality="single" baseType="integer" /><templateDeclaration identifier="u" cardinality="single" baseType="integer" /><templateDeclaration identifier="v" cardinality="single" baseType="integer" /><templateDeclaration identifier="x" cardinality="single" baseType="integer" /><templateDeclaration identifier="y" cardinality="single" baseType="integer" /><templateDeclaration identifier="nw" cardinality="single" baseType="integer" /><templateDeclaration identifier="nz" cardinality="single" baseType="integer" /><templateDeclaration identifier="x+u" cardinality="single" baseType="integer" /><templateDeclaration identifier="v+y" cardinality="single" baseType="integer" /><templateDeclaration identifier="pm" cardinality="single" baseType="string" /><templateDeclaration identifier="pm_z" cardinality="single" baseType="integer" /><templateProcessing><setTemplateValue identifier="n"><randomInteger min="2" max="5" /></setTemplateValue><setTemplateValue identifier="w"><randomInteger min="2" max="5" /></setTemplateValue><setTemplateValue identifier="z"><randomInteger min="2" max="5" /></setTemplateValue><setTemplateValue identifier="u"><randomInteger min="2" max="6" /></setTemplateValue><setTemplateValue identifier="v"><randomInteger min="2" max="7" /></setTemplateValue><setTemplateValue identifier="x"><randomInteger min="4" max="7" /></setTemplateValue><setTemplateValue identifier="y"><randomInteger min="5" max="8" /></setTemplateValue><setTemplateValue identifier="nw"><customOperator definition="MAXIMA" value="float($(1)*$(2));"><variable identifier="n" /><variable identifier="w" /></customOperator></setTemplateValue><setTemplateValue identifier="nz"><customOperator definition="MAXIMA" value="float($(1)*$(2));"><variable identifier="n" /><variable identifier="z" /></customOperator></setTemplateValue><setTemplateValue identifier="x+u"><customOperator definition="MAXIMA" value="float($(1)+$(2));"><variable identifier="x" /><variable identifier="u" /></customOperator></setTemplateValue><setTemplateValue identifier="v+y"><customOperator definition="MAXIMA" value="float($(1)+$(2));"><variable identifier="v" /><variable identifier="y" /></customOperator></setTemplateValue><setTemplateValue identifier="pm"><random><multiple><baseValue baseType="string">+</baseValue><baseValue baseType="string">-</baseValue></multiple></random></setTemplateValue><setTemplateValue identifier="pm_z"><customOperator definition="MAXIMA" value="float($(1)$(2));"><variable identifier="pm" /><variable identifier="z" /></customOperator></setTemplateValue><setCorrectResponse identifier="RESPONSE_1410163836307"><customOperator definition="VARIABLESTRING" value="$(1)*a^$(2)+$(4)*b^$(3)"><variable identifier="w" /><variable identifier="u" /><variable identifier="v" /><variable identifier="pm_z" /></customOperator></setCorrectResponse></templateProcessing><itemBody ><p>Lösen Sie die folgende Gleichung mittels Polynomdivision!</p><p>$$(<printedVariable identifier="nw" />a^{<printedVariable identifier="x+u" />}b^<printedVariable identifier="y" /> <printedVariable identifier="pm" /> <printedVariable identifier="nz" />a^<printedVariable identifier="x" />b^{<printedVariable identifier="v+y" />}) :(<printedVariable identifier="n" />a^{<printedVariable identifier="x" />}b^{<printedVariable identifier="y" />}) = $$ <textEntryInteraction responseIdentifier="RESPONSE_1410163836307" class="maxima-formula show-latex" /></p><p> </p><p>Hinweise zur Formeleingabe:</p><ul><li>\(x^y\) = x^y</li><li>\(x\cdot y\) = x*y, z.B. \(3x\) = 3*x \(\Rightarrow\) Bitte keine * vergessen!</li><li>Durch Klicken auf die ?-Schaltfläche können Sie Ihre Formel vor Speichern der Antwort zunächst überprüfen.</li></ul></itemBody><responseProcessing><responseCondition><responseIf><customOperator definition="MAXIMA" value="is(equal(num($(1)), num($(2))));"><variable identifier="RESPONSE_1410163836307" /><correct identifier="RESPONSE_1410163836307" /></customOperator><setOutcomeValue identifier="SCORE"><sum><variable identifier="SCORE" /><baseValue baseType="float">1</baseValue></sum></setOutcomeValue></responseIf></responseCondition><responseCondition><responseIf><not><isNull><variable identifier="RESPONSE_1410163836307" /></isNull></not><setOutcomeValue identifier="FEEDBACKBASIC"><baseValue baseType="identifier">incorrect</baseValue></setOutcomeValue></responseIf></responseCondition><responseCondition><responseIf><and><not><match><variable identifier="FEEDBACKBASIC" /><baseValue baseType="identifier">empty</baseValue></match></not><equal toleranceMode="exact"><variable identifier="SCORE" /><variable identifier="MAXSCORE" /></equal></and><setOutcomeValue identifier="FEEDBACKBASIC"><baseValue baseType="identifier">correct</baseValue></setOutcomeValue></responseIf></responseCondition><responseCondition><responseIf><and><match><baseValue baseType="identifier">correct</baseValue><variable identifier="FEEDBACKBASIC" /></match></and><setOutcomeValue identifier="FEEDBACKMODAL"><multiple><variable identifier="FEEDBACKMODAL" /><baseValue baseType="identifier">Feedback875923926</baseValue></multiple></setOutcomeValue></responseIf></responseCondition><responseCondition><responseIf><and><match><baseValue baseType="identifier">incorrect</baseValue><variable identifier="FEEDBACKBASIC" /></match></and><setOutcomeValue identifier="FEEDBACKMODAL"><multiple><variable identifier="FEEDBACKMODAL" /><baseValue baseType="identifier">Feedback511619390</baseValue></multiple></setOutcomeValue></responseIf></responseCondition></responseProcessing><modalFeedback  identifier="Feedback875923926" outcomeIdentifier="FEEDBACKMODAL" showHide="show" title="Richtig!" /><modalFeedback  identifier="Feedback511619390" outcomeIdentifier="FEEDBACKMODAL" showHide="show" title="Leider falsch!"><p>Lösung:</p><p>$$\qquad\qquad\frac{<printedVariable identifier="nw" />a^{<printedVariable identifier="x+u" />}b^<printedVariable identifier="y" /> <printedVariable identifier="pm" /> <printedVariable identifier="nz" />a^<printedVariable identifier="x" />b^{<printedVariable identifier="v+y" />}}{<printedVariable identifier="n" />a^{<printedVariable identifier="x" />}b^{<printedVariable identifier="y" />}} = <printedVariable identifier="w" />a^<printedVariable identifier="u" /><printedVariable identifier="pm" /><printedVariable identifier="z" />b^<printedVariable identifier="v" />$$</p></modalFeedback></assessmentItem>
