<?xml version="1.0" encoding="UTF-8"?>
<assessmentItem xmlns="http://www.imsglobal.org/xsd/imsqti_v2p1" xmlns:xsi="http://www.w3.org/2001/XMLSchema-instance" xsi:schemaLocation="http://www.imsglobal.org/xsd/imsqti_v2p1 http://www.imsglobal.org/xsd/qti/qtiv2p1/imsqti_v2p1p1.xsd http://www.w3.org/1998/Math/MathML http://www.w3.org/Math/XMLSchema/mathml2/mathml2.xsd" identifier="id0110cc4b-7c88-4329-8aa4-a45aacaa6ee8" title="ComplexInvers" adaptive="false" timeDependent="false"><responseDeclaration identifier="RESPONSE_1399457609358" cardinality="single" baseType="string" /><responseDeclaration identifier="RESPONSE_1399458249443" cardinality="single" baseType="string" /><outcomeDeclaration identifier="SCORE" cardinality="single" baseType="float"><defaultValue><value>0</value></defaultValue></outcomeDeclaration><outcomeDeclaration identifier="MAXSCORE" cardinality="single" baseType="float"><defaultValue><value>2</value></defaultValue></outcomeDeclaration><outcomeDeclaration identifier="FEEDBACKBASIC" cardinality="single" baseType="identifier" view="testConstructor"><defaultValue><value>empty</value></defaultValue></outcomeDeclaration><templateDeclaration identifier="a" cardinality="single" baseType="integer" /><templateDeclaration identifier="b" cardinality="single" baseType="integer" /><templateDeclaration identifier="q" cardinality="single" baseType="integer" /><templateProcessing><setTemplateValue identifier="a"><randomInteger min="1" max="20" /></setTemplateValue><setTemplateValue identifier="b"><randomInteger min="1" max="20" /></setTemplateValue><setTemplateValue identifier="q"><customOperator definition="MAXIMA" value="float($(1)^2+$(2)^2);"><variable identifier="a" /><variable identifier="b" /></customOperator></setTemplateValue><setCorrectResponse identifier="RESPONSE_1399457609358"><customOperator definition="VARIABLESTRING" value="$(1)/$(2)"><variable identifier="a" /><variable identifier="q" /></customOperator></setCorrectResponse><setCorrectResponse identifier="RESPONSE_1399458249443"><customOperator definition="VARIABLESTRING" value="-$(1)/$(2)"><variable identifier="b" /><variable identifier="q" /></customOperator></setCorrectResponse></templateProcessing><itemBody ><p>Find the inverse of \[z= <printedVariable identifier="a" /> + <printedVariable identifier="b" /> \mathrm{i}\, .\] Give the exact solution as fraction.</p><p>\(\mathrm{Re}(z^{-1})\)=<textEntryInteraction responseIdentifier="RESPONSE_1399457609358" class="maxima-formula show-latex show-syntax-error" /> and \(\mathrm{Im}(z^{-1})\)<textEntryInteraction responseIdentifier="RESPONSE_1399458249443" class="maxima-formula show-latex show-syntax-error" /></p></itemBody><responseProcessing><responseCondition><responseIf><customOperator definition="MAXIMA" value="is(equal(ev($(1)),ev($(2))));"><variable identifier="RESPONSE_1399457609358" /><correct identifier="RESPONSE_1399457609358" /></customOperator><setOutcomeValue identifier="SCORE"><sum><variable identifier="SCORE" /><baseValue baseType="float">1</baseValue></sum></setOutcomeValue></responseIf></responseCondition><responseCondition><responseIf><not><isNull><variable identifier="RESPONSE_1399457609358" /></isNull></not><setOutcomeValue identifier="FEEDBACKBASIC"><baseValue baseType="identifier">incorrect</baseValue></setOutcomeValue></responseIf></responseCondition><responseCondition><responseIf><customOperator definition="MAXIMA" value="is(equal(ev($(1)),ev($(2))));"><variable identifier="RESPONSE_1399458249443" /><correct identifier="RESPONSE_1399458249443" /></customOperator><setOutcomeValue identifier="SCORE"><sum><variable identifier="SCORE" /><baseValue baseType="float">1</baseValue></sum></setOutcomeValue></responseIf></responseCondition><responseCondition><responseIf><not><isNull><variable identifier="RESPONSE_1399458249443" /></isNull></not><setOutcomeValue identifier="FEEDBACKBASIC"><baseValue baseType="identifier">incorrect</baseValue></setOutcomeValue></responseIf></responseCondition><responseCondition><responseIf><and><not><match><variable identifier="FEEDBACKBASIC" /><baseValue baseType="identifier">empty</baseValue></match></not><equal toleranceMode="exact"><variable identifier="SCORE" /><variable identifier="MAXSCORE" /></equal></and><setOutcomeValue identifier="FEEDBACKBASIC"><baseValue baseType="identifier">correct</baseValue></setOutcomeValue></responseIf></responseCondition></responseProcessing></assessmentItem>
