<?xml version="1.0" encoding="UTF-8"?>
<assessmentItem xmlns="http://www.imsglobal.org/xsd/imsqti_v2p1" xmlns:xsi="http://www.w3.org/2001/XMLSchema-instance" xsi:schemaLocation="http://www.imsglobal.org/xsd/imsqti_v2p1 http://www.imsglobal.org/xsd/qti/qtiv2p1/imsqti_v2p1p1.xsd http://www.w3.org/1998/Math/MathML http://www.w3.org/Math/XMLSchema/mathml2/mathml2.xsd" identifier="idf3598b60-f957-47ec-87fa-fc92d83d427d" title="venndiagramme_zuordnung_01" adaptive="false" timeDependent="false"><responseDeclaration identifier="RESPONSE_1" cardinality="multiple" baseType="directedPair"><correctResponse><value>id0a354677-b4e3-4604-9376-b4d2b7d33de3 id2c23cd0b-0048-46de-94ac-2a371299eab7</value><value>id5710de24-05a5-4b5d-b93a-470731721941 idb26e0325-969c-4edb-abad-0eea6ee51d9d</value><value>idee892e87-d76a-4693-9e31-a3bd9985acd8 id33e2f268-c8b6-467c-9d64-c9bcc8e11277</value><value>id8379dd7c-5aea-4a0a-9ad5-e93aa4309d9d id377c1ff7-0474-40dc-a42e-fdda1cad1ca2</value><value>id4e2efa79-3dce-43cf-b8ac-a60e9f10cc32 ide53d09be-4286-43ae-8cda-216eda90d51c</value><value>id204f7134-d8f2-4e77-bee1-d706a53ac8be id51b8b407-fffd-4a5f-9ac8-c3713ab62d12</value></correctResponse><mapping defaultValue="0" lowerBound="0.0"><mapEntry mapKey="id0a354677-b4e3-4604-9376-b4d2b7d33de3 id2c23cd0b-0048-46de-94ac-2a371299eab7" mappedValue="0.25" /><mapEntry mapKey="id4e2efa79-3dce-43cf-b8ac-a60e9f10cc32 ide53d09be-4286-43ae-8cda-216eda90d51c" mappedValue="0.25" /><mapEntry mapKey="id204f7134-d8f2-4e77-bee1-d706a53ac8be id51b8b407-fffd-4a5f-9ac8-c3713ab62d12" mappedValue="0.25" /><mapEntry mapKey="id5710de24-05a5-4b5d-b93a-470731721941 idb26e0325-969c-4edb-abad-0eea6ee51d9d" mappedValue="0.25" /><mapEntry mapKey="idee892e87-d76a-4693-9e31-a3bd9985acd8 id33e2f268-c8b6-467c-9d64-c9bcc8e11277" mappedValue="0.25" /><mapEntry mapKey="id8379dd7c-5aea-4a0a-9ad5-e93aa4309d9d id377c1ff7-0474-40dc-a42e-fdda1cad1ca2" mappedValue="0.25" /></mapping></responseDeclaration><outcomeDeclaration identifier="SCORE" cardinality="single" baseType="float"><defaultValue><value>0</value></defaultValue></outcomeDeclaration><outcomeDeclaration identifier="MAXSCORE" cardinality="single" baseType="float"><defaultValue><value>1.5</value></defaultValue></outcomeDeclaration><outcomeDeclaration identifier="FEEDBACKBASIC" cardinality="single" baseType="identifier" view="testConstructor"><defaultValue><value>empty</value></defaultValue></outcomeDeclaration><itemBody ><p>Ordnen Sie richtig zu!</p><matchInteraction responseIdentifier="RESPONSE_1" shuffle="true" maxAssociations="0"><simpleMatchSet><simpleAssociableChoice identifier="id0a354677-b4e3-4604-9376-b4d2b7d33de3" fixed="false" matchMax="1"><p>\(A\cup B\)</p></simpleAssociableChoice><simpleAssociableChoice identifier="id4e2efa79-3dce-43cf-b8ac-a60e9f10cc32" fixed="false" matchMax="1"><p>\(A\cap B\)</p></simpleAssociableChoice><simpleAssociableChoice identifier="id204f7134-d8f2-4e77-bee1-d706a53ac8be" fixed="false" matchMax="1"><p>\(A\setminus B\)</p></simpleAssociableChoice><simpleAssociableChoice identifier="id5710de24-05a5-4b5d-b93a-470731721941" fixed="false" matchMax="1"><p>\((A\cup B)\setminus(A\cap B)\)</p></simpleAssociableChoice><simpleAssociableChoice identifier="idee892e87-d76a-4693-9e31-a3bd9985acd8" fixed="false" matchMax="1"><p>\((A\cup B) \setminus C\)</p></simpleAssociableChoice><simpleAssociableChoice identifier="id8379dd7c-5aea-4a0a-9ad5-e93aa4309d9d" fixed="false" matchMax="1"><p>\((A\cap B)\cup(A\cap C)\)</p></simpleAssociableChoice></simpleMatchSet><simpleMatchSet><simpleAssociableChoice identifier="id2c23cd0b-0048-46de-94ac-2a371299eab7" fixed="false" matchMax="1"><p><img src="media%2Fmedium3450790765583502192venn3.png" alt="" width="182" height="141" /></p></simpleAssociableChoice><simpleAssociableChoice identifier="ide53d09be-4286-43ae-8cda-216eda90d51c" fixed="false" matchMax="1"><p><img src="media%2Fmedium3951770269705077339venn2.png" alt="" width="182" height="141" /></p></simpleAssociableChoice><simpleAssociableChoice identifier="id51b8b407-fffd-4a5f-9ac8-c3713ab62d12" fixed="false" matchMax="1"><p><img src="media%2Fmedium4222020605518859576venn4.png" alt="" width="182" height="141" /></p></simpleAssociableChoice><simpleAssociableChoice identifier="idb26e0325-969c-4edb-abad-0eea6ee51d9d" fixed="false" matchMax="1"><p><img src="media%2Fmedium4372002599858632851venn6.png" alt="" width="182" height="141" /></p></simpleAssociableChoice><simpleAssociableChoice identifier="id33e2f268-c8b6-467c-9d64-c9bcc8e11277" fixed="false" matchMax="1"><p><img src="media%2Fmedium4587126927558659960vennABC3.png" alt="" width="181" height="169" /></p></simpleAssociableChoice><simpleAssociableChoice identifier="id377c1ff7-0474-40dc-a42e-fdda1cad1ca2" fixed="false" matchMax="1"><p><img src="media%2Fmedium1044299486529984334vennABC4.png" alt="" width="181" height="169" /></p></simpleAssociableChoice></simpleMatchSet></matchInteraction></itemBody><responseProcessing><responseCondition><responseIf><not><isNull><variable identifier="RESPONSE_1" /></isNull></not><setOutcomeValue identifier="SCORE"><sum><variable identifier="SCORE" /><mapResponse identifier="RESPONSE_1" /></sum></setOutcomeValue><setOutcomeValue identifier="FEEDBACKBASIC"><baseValue baseType="identifier">incorrect</baseValue></setOutcomeValue></responseIf></responseCondition><responseCondition><responseIf><and><not><match><variable identifier="FEEDBACKBASIC" /><baseValue baseType="identifier">empty</baseValue></match></not><equal toleranceMode="exact"><variable identifier="SCORE" /><variable identifier="MAXSCORE" /></equal></and><setOutcomeValue identifier="FEEDBACKBASIC"><baseValue baseType="identifier">correct</baseValue></setOutcomeValue></responseIf></responseCondition></responseProcessing></assessmentItem>
