<?xml version="1.0" encoding="UTF-8"?>
<assessmentItem xmlns="http://www.imsglobal.org/xsd/imsqti_v2p1" xmlns:xsi="http://www.w3.org/2001/XMLSchema-instance" xsi:schemaLocation="http://www.imsglobal.org/xsd/imsqti_v2p1 http://www.imsglobal.org/xsd/qti/qtiv2p1/imsqti_v2p1p1.xsd http://www.w3.org/1998/Math/MathML http://www.w3.org/Math/XMLSchema/mathml2/mathml2.xsd" identifier="idec704cc6-da02-4c95-a5ed-f1adca8e94a8" title="wendepunkte_03" adaptive="false" timeDependent="false"><responseDeclaration identifier="RESPONSE_1" cardinality="single" baseType="identifier"><correctResponse><value>Choice0</value></correctResponse></responseDeclaration><outcomeDeclaration identifier="SCORE" cardinality="single" baseType="float"><defaultValue><value>0</value></defaultValue></outcomeDeclaration><outcomeDeclaration identifier="MAXSCORE" cardinality="single" baseType="float"><defaultValue><value>1</value></defaultValue></outcomeDeclaration><outcomeDeclaration identifier="FEEDBACKBASIC" cardinality="single" baseType="identifier"><defaultValue><value>empty</value></defaultValue></outcomeDeclaration><itemBody ><p>Markieren Sie in der Grafik alle Wendepunkte der Funktion.</p><hotspotInteraction responseIdentifier="RESPONSE_1" maxChoices="1"><object data="media%2Fhotspot_upload_6129263911980344544_p1.png" type="image/png" class="Flash" /><hotspotChoice xmlns="http://www.imsglobal.org/xsd/imsqti_v2p1" identifier="Choice0" fixed="false" shape="circle" coords="229,150,25" /><hotspotChoice xmlns="http://www.imsglobal.org/xsd/imsqti_v2p1" identifier="Choice1" fixed="false" shape="circle" coords="284,137,25" /><hotspotChoice xmlns="http://www.imsglobal.org/xsd/imsqti_v2p1" identifier="Choice2" fixed="false" shape="circle" coords="320,89,25" /><hotspotChoice xmlns="http://www.imsglobal.org/xsd/imsqti_v2p1" identifier="Choice3" fixed="false" shape="circle" coords="345,29,25" /><hotspotChoice xmlns="http://www.imsglobal.org/xsd/imsqti_v2p1" identifier="Choice4" fixed="false" shape="circle" coords="171,161,25" /><hotspotChoice xmlns="http://www.imsglobal.org/xsd/imsqti_v2p1" identifier="Choice5" fixed="false" shape="circle" coords="135,206,25" /><hotspotChoice xmlns="http://www.imsglobal.org/xsd/imsqti_v2p1" identifier="Choice6" fixed="false" shape="circle" coords="110,267,25" /><hotspotChoice xmlns="http://www.imsglobal.org/xsd/imsqti_v2p1" identifier="Choice7" fixed="false" shape="circle" coords="94,322,25" /><hotspotChoice xmlns="http://www.imsglobal.org/xsd/imsqti_v2p1" identifier="Choice8" fixed="false" shape="circle" coords="80,377,25" /><hotspotChoice xmlns="http://www.imsglobal.org/xsd/imsqti_v2p1" identifier="Choice9" fixed="false" shape="circle" coords="70,436,25" /><hotspotChoice xmlns="http://www.imsglobal.org/xsd/imsqti_v2p1" identifier="Choice10" fixed="false" shape="circle" coords="59,492,25" /></hotspotInteraction></itemBody><responseProcessing><responseCondition><responseIf><isNull><variable identifier="RESPONSE_1" /></isNull><setOutcomeValue identifier="FEEDBACKBASIC"><baseValue baseType="identifier">empty</baseValue></setOutcomeValue></responseIf><responseElseIf><match><variable identifier="RESPONSE_1" /><correct identifier="RESPONSE_1" /></match><setOutcomeValue identifier="SCORE"><sum><variable identifier="SCORE" /><variable identifier="MAXSCORE" /></sum></setOutcomeValue><setOutcomeValue identifier="FEEDBACKBASIC"><baseValue baseType="identifier">correct</baseValue></setOutcomeValue></responseElseIf><responseElse><setOutcomeValue identifier="FEEDBACKBASIC"><baseValue baseType="identifier">incorrect</baseValue></setOutcomeValue></responseElse></responseCondition></responseProcessing></assessmentItem>
