<?xml version="1.0" encoding="UTF-8"?>
<assessmentItem xmlns="http://www.imsglobal.org/xsd/imsqti_v2p1" xmlns:xsi="http://www.w3.org/2001/XMLSchema-instance" xsi:schemaLocation="http://www.imsglobal.org/xsd/imsqti_v2p1 http://www.imsglobal.org/xsd/qti/qtiv2p1/imsqti_v2p1p1.xsd http://www.w3.org/1998/Math/MathML http://www.w3.org/Math/XMLSchema/mathml2/mathml2.xsd" identifier="id36732b54-8d1a-4f93-945c-a6ba3f92448b" title="CauchyFormel2" adaptive="false" timeDependent="false"><responseDeclaration identifier="RESPONSE_1416489415559" cardinality="single" baseType="string" /><outcomeDeclaration identifier="SCORE" cardinality="single" baseType="float"><defaultValue><value>0</value></defaultValue></outcomeDeclaration><outcomeDeclaration identifier="MAXSCORE" cardinality="single" baseType="float"><defaultValue><value>2</value></defaultValue></outcomeDeclaration><outcomeDeclaration identifier="FEEDBACKBASIC" cardinality="single" baseType="identifier" view="testConstructor"><defaultValue><value>empty</value></defaultValue></outcomeDeclaration><outcomeDeclaration identifier="FEEDBACKMODAL" cardinality="multiple" baseType="identifier" view="testConstructor" /><templateDeclaration identifier="r" cardinality="single" baseType="integer" /><templateDeclaration identifier="vz" cardinality="single" baseType="string" /><templateDeclaration identifier="k" cardinality="single" baseType="integer" /><templateDeclaration identifier="a" cardinality="single" baseType="integer" /><templateDeclaration identifier="l" cardinality="single" baseType="integer" /><templateDeclaration identifier="l-1" cardinality="single" baseType="integer" /><templateDeclaration identifier="dist" cardinality="single" baseType="integer" /><templateDeclaration identifier="int" cardinality="single" baseType="integer" /><templateDeclaration identifier="rdist" cardinality="single" baseType="integer" /><templateProcessing><setTemplateValue identifier="r"><randomInteger min="5" max="14" /></setTemplateValue><setTemplateValue identifier="vz"><random><multiple><baseValue baseType="string">+</baseValue><baseValue baseType="string">-</baseValue></multiple></random></setTemplateValue><setTemplateValue identifier="k"><randomInteger min="1" max="10" /></setTemplateValue><setTemplateValue identifier="a"><randomInteger min="-3" max="5" /></setTemplateValue><templateCondition><templateIf><match><variable identifier="a" /><baseValue baseType="integer">0</baseValue></match><setTemplateValue identifier="a"><randomInteger min="1" max="6" /></setTemplateValue></templateIf></templateCondition><setTemplateValue identifier="l"><randomInteger min="3" max="9" /></setTemplateValue><setTemplateValue identifier="l-1"><customOperator definition="MAXIMA" value="float($(1)-1);"><variable identifier="l" /></customOperator></setTemplateValue><setTemplateValue identifier="dist"><customOperator definition="MAXIMA" value="float(abs($(1)-$(2)$(3)));"><variable identifier="r" /><variable identifier="vz" /><variable identifier="k" /></customOperator></setTemplateValue><templateCondition><templateIf><match><variable identifier="dist" /><baseValue baseType="integer">0</baseValue></match><setTemplateValue identifier="k"><customOperator definition="MAXIMA" value="float($(1)-1);"><variable identifier="k" /></customOperator></setTemplateValue></templateIf></templateCondition><setTemplateValue identifier="int"><customOperator definition="MAXIMA" value="float($(1)*2);"><variable identifier="a" /></customOperator></setTemplateValue><setTemplateValue identifier="rdist"><customOperator definition="MAXIMA" value="float($(1)-$(2));"><variable identifier="r" /><variable identifier="k" /></customOperator></setTemplateValue><templateCondition><templateIf><lt><variable identifier="rdist" /><baseValue baseType="integer">0</baseValue></lt><setTemplateValue identifier="int"><customOperator definition="MAXIMA" value="float(0);" /></setTemplateValue></templateIf></templateCondition><setCorrectResponse identifier="RESPONSE_1416489415559"><customOperator definition="VARIABLESTRING" value="$(1)*%pi*%i"><variable identifier="int" /></customOperator></setCorrectResponse></templateProcessing><itemBody ><p><p>Sei \(C\) die Kreiskurve um \(z_0:=0\) mit Radius \( r:= <printedVariable identifier="r" /> \), entgegen dem Uhrzeigersinn laufend.</p><p>Berechne $$I := \int_{C}\frac{<printedVariable identifier="a" />\cdot z^<printedVariable identifier="l-1" />+z+<printedVariable identifier="l" />\cdot \mathbb i}{(z<printedVariable identifier="vz" /><printedVariable identifier="k" />)^<printedVariable identifier="l" />}$$ in der Form \( a+ b \mathbb i \).</p><p>\(I\) = <textEntryInteraction responseIdentifier="RESPONSE_1416489415559" expectedLength="15" class="maxima-formula show-latex show-syntax-error" /></p><p>Syntax:</p><p>%i für i, %pi für \( \pi\), ^ für Power, * für jede Multiplikation.</p><p> </p></p></itemBody><responseProcessing><responseCondition><responseIf><customOperator definition="MAXIMA" value="is(equal(ev($(1)),ev($(2))));"><variable identifier="RESPONSE_1416489415559" /><correct identifier="RESPONSE_1416489415559" /></customOperator><setOutcomeValue identifier="SCORE"><sum><variable identifier="SCORE" /><baseValue baseType="float">2</baseValue></sum></setOutcomeValue></responseIf></responseCondition><responseCondition><responseIf><not><isNull><variable identifier="RESPONSE_1416489415559" /></isNull></not><setOutcomeValue identifier="FEEDBACKBASIC"><baseValue baseType="identifier">incorrect</baseValue></setOutcomeValue></responseIf></responseCondition><responseCondition><responseIf><and><not><match><variable identifier="FEEDBACKBASIC" /><baseValue baseType="identifier">empty</baseValue></match></not><equal toleranceMode="exact"><variable identifier="SCORE" /><variable identifier="MAXSCORE" /></equal></and><setOutcomeValue identifier="FEEDBACKBASIC"><baseValue baseType="identifier">correct</baseValue></setOutcomeValue></responseIf></responseCondition><responseCondition><responseIf><and><match><baseValue baseType="identifier">incorrect</baseValue><variable identifier="FEEDBACKBASIC" /></match></and><setOutcomeValue identifier="FEEDBACKMODAL"><multiple><variable identifier="FEEDBACKMODAL" /><baseValue baseType="identifier">Feedback1425369774</baseValue></multiple></setOutcomeValue></responseIf></responseCondition></responseProcessing><modalFeedback  identifier="Feedback1425369774" outcomeIdentifier="FEEDBACKMODAL" showHide="show"><p>Befindet sich die Singularität des Integranden innerhalb \( C\) ?</p></modalFeedback></assessmentItem>
