<?xml version="1.0" encoding="UTF-8"?>
<assessmentItem xmlns="http://www.imsglobal.org/xsd/imsqti_v2p1" xmlns:xsi="http://www.w3.org/2001/XMLSchema-instance" xsi:schemaLocation="http://www.imsglobal.org/xsd/imsqti_v2p1 http://www.imsglobal.org/xsd/qti/qtiv2p1/imsqti_v2p1p1.xsd http://www.w3.org/1998/Math/MathML http://www.w3.org/Math/XMLSchema/mathml2/mathml2.xsd" identifier="id6566331a-5dff-49bb-ada2-a79a7d6c36e8" title="Kettenregel_01" adaptive="false" timeDependent="false"><responseDeclaration identifier="RESPONSE_1404751974189" cardinality="single" baseType="string" /><outcomeDeclaration identifier="SCORE" cardinality="single" baseType="float"><defaultValue><value>0</value></defaultValue></outcomeDeclaration><outcomeDeclaration identifier="MAXSCORE" cardinality="single" baseType="float"><defaultValue><value>1</value></defaultValue></outcomeDeclaration><outcomeDeclaration identifier="FEEDBACKBASIC" cardinality="single" baseType="identifier" view="testConstructor"><defaultValue><value>empty</value></defaultValue></outcomeDeclaration><outcomeDeclaration identifier="FEEDBACKMODAL" cardinality="multiple" baseType="identifier" view="testConstructor" /><templateDeclaration identifier="a" cardinality="single" baseType="integer" /><templateDeclaration identifier="b" cardinality="single" baseType="integer" /><templateDeclaration identifier="c" cardinality="single" baseType="integer" /><templateDeclaration identifier="ac" cardinality="single" baseType="integer" /><templateDeclaration identifier="a-1" cardinality="single" baseType="integer" /><templateDeclaration identifier="c-1" cardinality="single" baseType="integer" /><templateProcessing><setTemplateValue identifier="a"><randomInteger min="2" max="5" /></setTemplateValue><setTemplateValue identifier="b"><randomInteger min="1" max="10" /></setTemplateValue><setTemplateValue identifier="c"><randomInteger min="4" max="9" /></setTemplateValue><setTemplateValue identifier="ac"><customOperator definition="MAXIMA" value="float($(1)*$(2));"><variable identifier="a" /><variable identifier="c" /></customOperator></setTemplateValue><setTemplateValue identifier="a-1"><customOperator definition="MAXIMA" value="float($(1)-1);"><variable identifier="a" /></customOperator></setTemplateValue><setTemplateValue identifier="c-1"><customOperator definition="MAXIMA" value="float($(1)-1);"><variable identifier="c" /></customOperator></setTemplateValue><setCorrectResponse identifier="RESPONSE_1404751974189"><customOperator definition="VARIABLESTRING" value="$(3)*x^$(4)*(x^$(1)-$(2))^$(5)"><variable identifier="a" /><variable identifier="b" /><variable identifier="ac" /><variable identifier="a-1" /><variable identifier="c-1" /></customOperator></setCorrectResponse></templateProcessing><itemBody ><p>Bestimmen Sie die Ableitung der folgenden Funktion mit Hilfe der Kettenregel:</p><p>$$y(x) = (x^<printedVariable identifier="a" />-<printedVariable identifier="b" />)^<printedVariable identifier="c" />$$</p><p>$$y'(x) = $$<textEntryInteraction responseIdentifier="RESPONSE_1404751974189" class="maxima-formula show-latex show-syntax-error" /></p><p>Hinweise zur Formeleingabe:</p><ul><li>\(x\cdot y\) =<strong> x*y</strong>, z.B. \(3x\) = <strong>3*x</strong> (jedes Malzeichen mitschreiben)<strong><br /></strong></li><li>\(\frac{x}{y}\) = <strong>x/y</strong>, \(x^y\) = <strong>x^y</strong></li><li>Beispiel: \(2x^3(x-1)^5=\) <strong>2*x^3*(x-1)^5</strong></li><li>Durch Klicken auf die <strong>?</strong>-Schaltfläche können Sie Ihre Formel vor Speichern der Antwort zunächst überprüfen.</li></ul></itemBody><responseProcessing><responseCondition><responseIf><customOperator definition="MAXIMA" value="is(equal(ev($(1)),ev($(2))));"><variable identifier="RESPONSE_1404751974189" /><correct identifier="RESPONSE_1404751974189" /></customOperator><setOutcomeValue identifier="SCORE"><sum><variable identifier="SCORE" /><baseValue baseType="float">1</baseValue></sum></setOutcomeValue></responseIf></responseCondition><responseCondition><responseIf><not><isNull><variable identifier="RESPONSE_1404751974189" /></isNull></not><setOutcomeValue identifier="FEEDBACKBASIC"><baseValue baseType="identifier">incorrect</baseValue></setOutcomeValue></responseIf></responseCondition><responseCondition><responseIf><and><not><match><variable identifier="FEEDBACKBASIC" /><baseValue baseType="identifier">empty</baseValue></match></not><equal toleranceMode="exact"><variable identifier="SCORE" /><variable identifier="MAXSCORE" /></equal></and><setOutcomeValue identifier="FEEDBACKBASIC"><baseValue baseType="identifier">correct</baseValue></setOutcomeValue></responseIf></responseCondition><responseCondition><responseIf><and><match><baseValue baseType="identifier">correct</baseValue><variable identifier="FEEDBACKBASIC" /></match></and><setOutcomeValue identifier="FEEDBACKMODAL"><multiple><variable identifier="FEEDBACKMODAL" /><baseValue baseType="identifier">Feedback1130585009</baseValue></multiple></setOutcomeValue></responseIf></responseCondition><responseCondition><responseIf><and><match><baseValue baseType="identifier">incorrect</baseValue><variable identifier="FEEDBACKBASIC" /></match></and><setOutcomeValue identifier="FEEDBACKMODAL"><multiple><variable identifier="FEEDBACKMODAL" /><baseValue baseType="identifier">Feedback1385935917</baseValue></multiple></setOutcomeValue></responseIf></responseCondition></responseProcessing><modalFeedback  identifier="Feedback1130585009" outcomeIdentifier="FEEDBACKMODAL" showHide="show" title="Richtig!"><p>Mit der Kettenregel erhält man</p><p>$$y'(x)=<printedVariable identifier="c" />(x^<printedVariable identifier="a" />-<printedVariable identifier="b" />)^<printedVariable identifier="c-1" />\cdot<printedVariable identifier="a" />x^<printedVariable identifier="a-1" />=<printedVariable identifier="ac" />x^<printedVariable identifier="a-1" />(x^<printedVariable identifier="a" />-<printedVariable identifier="b" />)^<printedVariable identifier="c-1" />.$$</p></modalFeedback><modalFeedback  identifier="Feedback1385935917" outcomeIdentifier="FEEDBACKMODAL" showHide="show" title="Leider falsch!"><p>Musterlösung:</p><p>Mit der Kettenregel erhält man</p><p>$$y'(x)=<printedVariable identifier="c" />(x^<printedVariable identifier="a" />-<printedVariable identifier="b" />)^<printedVariable identifier="c-1" />\cdot<printedVariable identifier="a" />x^<printedVariable identifier="a-1" />=<printedVariable identifier="ac" />x^<printedVariable identifier="a-1" />(x^<printedVariable identifier="a" />-<printedVariable identifier="b" />)^<printedVariable identifier="c-1" />.$$</p></modalFeedback></assessmentItem>
