<?xml version="1.0" encoding="UTF-8"?>
<assessmentItem xmlns="http://www.imsglobal.org/xsd/imsqti_v2p1" xmlns:xsi="http://www.w3.org/2001/XMLSchema-instance" xsi:schemaLocation="http://www.imsglobal.org/xsd/imsqti_v2p1 http://www.imsglobal.org/xsd/qti/qtiv2p1/imsqti_v2p1p1.xsd http://www.w3.org/1998/Math/MathML http://www.w3.org/Math/XMLSchema/mathml2/mathml2.xsd" identifier="id019eb795-3bdf-4fc8-8059-5bdaca3766bb" title="summation_2indizes_01" adaptive="false" timeDependent="false"><imsqti:responseDeclaration xmlns:imsqti="http://www.imsglobal.org/xsd/imsqti_v2p1" identifier="RESPONSE_1412862489657" cardinality="single" baseType="float"><imsqti:correctResponse><imsqti:value>0</imsqti:value></imsqti:correctResponse></imsqti:responseDeclaration><imsqti:responseDeclaration xmlns:imsqti="http://www.imsglobal.org/xsd/imsqti_v2p1" identifier="RESPONSE_1412863644016" cardinality="single" baseType="float"><imsqti:correctResponse><imsqti:value>0</imsqti:value></imsqti:correctResponse></imsqti:responseDeclaration><imsqti:responseDeclaration xmlns:imsqti="http://www.imsglobal.org/xsd/imsqti_v2p1" identifier="RESPONSE_1412862736120" cardinality="single" baseType="float"><imsqti:correctResponse><imsqti:value>0</imsqti:value></imsqti:correctResponse></imsqti:responseDeclaration><imsqti:responseDeclaration xmlns:imsqti="http://www.imsglobal.org/xsd/imsqti_v2p1" identifier="RESPONSE_1412863270806" cardinality="single" baseType="float"><imsqti:correctResponse><imsqti:value>0</imsqti:value></imsqti:correctResponse></imsqti:responseDeclaration><imsqti:outcomeDeclaration xmlns:imsqti="http://www.imsglobal.org/xsd/imsqti_v2p1" identifier="SCORE" cardinality="single" baseType="float"><imsqti:defaultValue><imsqti:value>0</imsqti:value></imsqti:defaultValue></imsqti:outcomeDeclaration><imsqti:outcomeDeclaration xmlns:imsqti="http://www.imsglobal.org/xsd/imsqti_v2p1" identifier="MAXSCORE" cardinality="single" baseType="float"><imsqti:defaultValue><imsqti:value>2</imsqti:value></imsqti:defaultValue></imsqti:outcomeDeclaration><imsqti:outcomeDeclaration xmlns:imsqti="http://www.imsglobal.org/xsd/imsqti_v2p1" identifier="FEEDBACKBASIC" cardinality="single" baseType="identifier" view="testConstructor"><imsqti:defaultValue><imsqti:value>empty</imsqti:value></imsqti:defaultValue></imsqti:outcomeDeclaration><imsqti:templateDeclaration xmlns:imsqti="http://www.imsglobal.org/xsd/imsqti_v2p1" identifier="b11" cardinality="single" baseType="integer" /><imsqti:templateDeclaration xmlns:imsqti="http://www.imsglobal.org/xsd/imsqti_v2p1" identifier="b12" cardinality="single" baseType="integer" /><imsqti:templateDeclaration xmlns:imsqti="http://www.imsglobal.org/xsd/imsqti_v2p1" identifier="b13" cardinality="single" baseType="integer" /><imsqti:templateDeclaration xmlns:imsqti="http://www.imsglobal.org/xsd/imsqti_v2p1" identifier="b14" cardinality="single" baseType="integer" /><imsqti:templateDeclaration xmlns:imsqti="http://www.imsglobal.org/xsd/imsqti_v2p1" identifier="b21" cardinality="single" baseType="integer" /><imsqti:templateDeclaration xmlns:imsqti="http://www.imsglobal.org/xsd/imsqti_v2p1" identifier="b22" cardinality="single" baseType="integer" /><imsqti:templateDeclaration xmlns:imsqti="http://www.imsglobal.org/xsd/imsqti_v2p1" identifier="b23" cardinality="single" baseType="integer" /><imsqti:templateDeclaration xmlns:imsqti="http://www.imsglobal.org/xsd/imsqti_v2p1" identifier="b24" cardinality="single" baseType="integer" /><imsqti:templateDeclaration xmlns:imsqti="http://www.imsglobal.org/xsd/imsqti_v2p1" identifier="b31" cardinality="single" baseType="integer" /><imsqti:templateDeclaration xmlns:imsqti="http://www.imsglobal.org/xsd/imsqti_v2p1" identifier="b32" cardinality="single" baseType="integer" /><imsqti:templateDeclaration xmlns:imsqti="http://www.imsglobal.org/xsd/imsqti_v2p1" identifier="b33" cardinality="single" baseType="integer" /><imsqti:templateDeclaration xmlns:imsqti="http://www.imsglobal.org/xsd/imsqti_v2p1" identifier="b34" cardinality="single" baseType="integer" /><imsqti:templateDeclaration xmlns:imsqti="http://www.imsglobal.org/xsd/imsqti_v2p1" identifier="sum1" cardinality="single" baseType="integer" /><imsqti:templateDeclaration xmlns:imsqti="http://www.imsglobal.org/xsd/imsqti_v2p1" identifier="sum2" cardinality="single" baseType="integer" /><imsqti:templateDeclaration xmlns:imsqti="http://www.imsglobal.org/xsd/imsqti_v2p1" identifier="sum3" cardinality="single" baseType="integer" /><imsqti:templateDeclaration xmlns:imsqti="http://www.imsglobal.org/xsd/imsqti_v2p1" identifier="sum4" cardinality="single" baseType="integer" /><imsqti:templateProcessing xmlns:imsqti="http://www.imsglobal.org/xsd/imsqti_v2p1"><imsqti:setTemplateValue identifier="b11"><imsqti:randomInteger min="1" max="3" /></imsqti:setTemplateValue><imsqti:setTemplateValue identifier="b12"><imsqti:randomInteger min="-6" max="-4" /></imsqti:setTemplateValue><imsqti:setTemplateValue identifier="b13"><imsqti:randomInteger min="0" max="2" /></imsqti:setTemplateValue><imsqti:setTemplateValue identifier="b14"><imsqti:randomInteger min="-3" max="3" step="2" /></imsqti:setTemplateValue><imsqti:setTemplateValue identifier="b21"><imsqti:randomInteger min="-3" max="3" /></imsqti:setTemplateValue><imsqti:setTemplateValue identifier="b22"><imsqti:randomInteger min="-1" max="1" /></imsqti:setTemplateValue><imsqti:setTemplateValue identifier="b23"><imsqti:randomInteger min="-3" max="3" /></imsqti:setTemplateValue><imsqti:setTemplateValue identifier="b24"><imsqti:randomInteger min="4" max="6" /></imsqti:setTemplateValue><imsqti:setTemplateValue identifier="b31"><imsqti:randomInteger min="-2" max="2" /></imsqti:setTemplateValue><imsqti:setTemplateValue identifier="b32"><imsqti:randomInteger min="1" max="3" /></imsqti:setTemplateValue><imsqti:setTemplateValue identifier="b33"><imsqti:randomInteger min="-3" max="-1" /></imsqti:setTemplateValue><imsqti:setTemplateValue identifier="b34"><imsqti:randomInteger min="-2" max="2" /></imsqti:setTemplateValue><imsqti:setTemplateValue identifier="sum1"><imsqti:customOperator definition="MAXIMA" value="float($(1)+$(2)+$(3)+$(4)+$(5)+$(6));"><imsqti:variable identifier="b11" /><imsqti:variable identifier="b21" /><imsqti:variable identifier="b22" /><imsqti:variable identifier="b31" /><imsqti:variable identifier="b32" /><imsqti:variable identifier="b33" /></imsqti:customOperator></imsqti:setTemplateValue><imsqti:setTemplateValue identifier="sum2"><imsqti:customOperator definition="MAXIMA" value="float($(1)+$(2)+$(3));"><imsqti:variable identifier="b12" /><imsqti:variable identifier="b23" /><imsqti:variable identifier="b34" /></imsqti:customOperator></imsqti:setTemplateValue><imsqti:setTemplateValue identifier="sum3"><imsqti:customOperator definition="MAXIMA" value="float(2*$(1)+1*$(2)+3*$(3)+2*$(4));"><imsqti:variable identifier="b13" /><imsqti:variable identifier="b23" /><imsqti:variable identifier="b14" /><imsqti:variable identifier="b24" /></imsqti:customOperator></imsqti:setTemplateValue><imsqti:setTemplateValue identifier="sum4"><imsqti:customOperator definition="MAXIMA" value="float(1+$(1)+2+$(2)+3+$(3));"><imsqti:variable identifier="b11" /><imsqti:variable identifier="b22" /><imsqti:variable identifier="b33" /></imsqti:customOperator></imsqti:setTemplateValue><imsqti:setCorrectResponse identifier="RESPONSE_1412862489657"><imsqti:variable identifier="sum1" /></imsqti:setCorrectResponse><imsqti:setCorrectResponse identifier="RESPONSE_1412863644016"><imsqti:variable identifier="sum4" /></imsqti:setCorrectResponse><imsqti:setCorrectResponse identifier="RESPONSE_1412862736120"><imsqti:variable identifier="sum2" /></imsqti:setCorrectResponse><imsqti:setCorrectResponse identifier="RESPONSE_1412863270806"><imsqti:variable identifier="sum3" /></imsqti:setCorrectResponse></imsqti:templateProcessing><itemBody ><p><span style="font-size: 10pt;">Gegeben seien die folgenden indizierten Zahlen:</span></p><table><tbody><tr><td style="text-align: right;" scope="row"><span style="font-size: 10pt;">$$j=$$</span></td><td style="text-align: right;"><span style="font-size: 10pt;"> </span></td><td style="text-align: right;"><span style="font-size: 10pt;">$$1$$</span></td><td style="text-align: right;"><span style="font-size: 10pt;"> </span></td><td style="text-align: right;"><span style="font-size: 10pt;">$$2$$</span></td><td style="text-align: right;"><span style="font-size: 10pt;"> </span></td><td style="text-align: right;"><span style="font-size: 10pt;">$$3$$</span></td><td style="text-align: right;"><span style="font-size: 10pt;"> </span></td><td style="text-align: right;"><span style="font-size: 10pt;">$$4$$</span></td></tr><tr><td style="text-align: right;" scope="row"><span style="font-size: 10pt;">$$b_{1,j}=$$</span></td><td style="text-align: right;"><span style="font-size: 10pt;"> </span></td><td style="text-align: right;"><span style="font-size: 10pt;">$$<printedVariable identifier="b11" />$$</span></td><td style="text-align: right;"><span style="font-size: 10pt;"> </span></td><td style="text-align: right;"><span style="font-size: 10pt;">$$<printedVariable identifier="b12" />$$</span></td><td style="text-align: right;"><span style="font-size: 10pt;"> </span></td><td style="text-align: right;"><span style="font-size: 10pt;">$$<printedVariable identifier="b13" />$$</span></td><td style="text-align: right;"><span style="font-size: 10pt;"> </span></td><td style="text-align: right;"><span style="font-size: 10pt;">$$<printedVariable identifier="b14" />$$</span></td></tr><tr><td style="text-align: right;" scope="row"><span style="font-size: 10pt;">$$b_{2,j}=$$</span></td><td style="text-align: right;"><span style="font-size: 10pt;"> </span></td><td style="text-align: right;"><span style="font-size: 10pt;">$$<printedVariable identifier="b21" />$$</span></td><td style="text-align: right;"><span style="font-size: 10pt;"> </span></td><td style="text-align: right;"><span style="font-size: 10pt;">$$<printedVariable identifier="b22" />$$</span></td><td style="text-align: right;"><span style="font-size: 10pt;"> </span></td><td style="text-align: right;"><span style="font-size: 10pt;">$$<printedVariable identifier="b23" />$$</span></td><td style="text-align: right;"><span style="font-size: 10pt;"> </span></td><td style="text-align: right;"><span style="font-size: 10pt;">$$<printedVariable identifier="b24" />$$</span></td></tr><tr><td style="text-align: right;" scope="row"><span style="font-size: 10pt;">$$b_{3,j}=$$</span></td><td style="text-align: right;"><span style="font-size: 10pt;"> </span></td><td style="text-align: right;"><span style="font-size: 10pt;">$$<printedVariable identifier="b31" />$$</span></td><td style="text-align: right;"><span style="font-size: 10pt;"> </span></td><td style="text-align: right;"><span style="font-size: 10pt;">$$<printedVariable identifier="b32" />$$</span></td><td style="text-align: right;"><span style="font-size: 10pt;"> </span></td><td style="text-align: right;"><span style="font-size: 10pt;">$$<printedVariable identifier="b33" />$$</span></td><td style="text-align: right;"><span style="font-size: 10pt;"> </span></td><td style="text-align: right;"><span style="font-size: 10pt;">$$<printedVariable identifier="b34" />$$</span></td></tr></tbody></table><p><span style="font-size: 10pt;">Berechnen Sie die folgenden Summen:</span></p><p><span style="font-size: 10pt;">$$\large\sum_{i=1}^3\sum_{j=1}^i b_{i,j}=$$ <textEntryInteraction responseIdentifier="RESPONSE_1412862489657" expectedLength="3" /> $$\qquad\large\sum_{i=1}^3(i+b_{i,i})=$$ <textEntryInteraction responseIdentifier="RESPONSE_1412863644016" expectedLength="3" /> $$\qquad\large\sum_{j=2}^4 b_{j-1,j}=$$ <textEntryInteraction responseIdentifier="RESPONSE_1412862736120" expectedLength="3" /> $$\qquad\large\sum_{j=3}^4\sum_{i=1}^2 (j-i)\,b_{i,j}=$$ <textEntryInteraction responseIdentifier="RESPONSE_1412863270806" expectedLength="3" /><br /></span></p></itemBody><imsqti:responseProcessing xmlns:imsqti="http://www.imsglobal.org/xsd/imsqti_v2p1"><imsqti:responseCondition><imsqti:responseIf><imsqti:equal toleranceMode="exact"><imsqti:variable identifier="RESPONSE_1412862489657" /><imsqti:correct identifier="RESPONSE_1412862489657" /></imsqti:equal><imsqti:setOutcomeValue identifier="SCORE"><imsqti:sum><imsqti:variable identifier="SCORE" /><imsqti:baseValue baseType="float">0.5</imsqti:baseValue></imsqti:sum></imsqti:setOutcomeValue></imsqti:responseIf></imsqti:responseCondition><imsqti:responseCondition><imsqti:responseIf><imsqti:not><imsqti:isNull><imsqti:variable identifier="RESPONSE_1412862489657" /></imsqti:isNull></imsqti:not><imsqti:setOutcomeValue identifier="FEEDBACKBASIC"><imsqti:baseValue baseType="identifier">incorrect</imsqti:baseValue></imsqti:setOutcomeValue></imsqti:responseIf></imsqti:responseCondition><imsqti:responseCondition><imsqti:responseIf><imsqti:equal toleranceMode="exact"><imsqti:variable identifier="RESPONSE_1412863644016" /><imsqti:correct identifier="RESPONSE_1412863644016" /></imsqti:equal><imsqti:setOutcomeValue identifier="SCORE"><imsqti:sum><imsqti:variable identifier="SCORE" /><imsqti:baseValue baseType="float">0.5</imsqti:baseValue></imsqti:sum></imsqti:setOutcomeValue></imsqti:responseIf></imsqti:responseCondition><imsqti:responseCondition><imsqti:responseIf><imsqti:not><imsqti:isNull><imsqti:variable identifier="RESPONSE_1412863644016" /></imsqti:isNull></imsqti:not><imsqti:setOutcomeValue identifier="FEEDBACKBASIC"><imsqti:baseValue baseType="identifier">incorrect</imsqti:baseValue></imsqti:setOutcomeValue></imsqti:responseIf></imsqti:responseCondition><imsqti:responseCondition><imsqti:responseIf><imsqti:equal toleranceMode="exact"><imsqti:variable identifier="RESPONSE_1412862736120" /><imsqti:correct identifier="RESPONSE_1412862736120" /></imsqti:equal><imsqti:setOutcomeValue identifier="SCORE"><imsqti:sum><imsqti:variable identifier="SCORE" /><imsqti:baseValue baseType="float">0.5</imsqti:baseValue></imsqti:sum></imsqti:setOutcomeValue></imsqti:responseIf></imsqti:responseCondition><imsqti:responseCondition><imsqti:responseIf><imsqti:not><imsqti:isNull><imsqti:variable identifier="RESPONSE_1412862736120" /></imsqti:isNull></imsqti:not><imsqti:setOutcomeValue identifier="FEEDBACKBASIC"><imsqti:baseValue baseType="identifier">incorrect</imsqti:baseValue></imsqti:setOutcomeValue></imsqti:responseIf></imsqti:responseCondition><imsqti:responseCondition><imsqti:responseIf><imsqti:equal toleranceMode="exact"><imsqti:variable identifier="RESPONSE_1412863270806" /><imsqti:correct identifier="RESPONSE_1412863270806" /></imsqti:equal><imsqti:setOutcomeValue identifier="SCORE"><imsqti:sum><imsqti:variable identifier="SCORE" /><imsqti:baseValue baseType="float">0.5</imsqti:baseValue></imsqti:sum></imsqti:setOutcomeValue></imsqti:responseIf></imsqti:responseCondition><imsqti:responseCondition><imsqti:responseIf><imsqti:not><imsqti:isNull><imsqti:variable identifier="RESPONSE_1412863270806" /></imsqti:isNull></imsqti:not><imsqti:setOutcomeValue identifier="FEEDBACKBASIC"><imsqti:baseValue baseType="identifier">incorrect</imsqti:baseValue></imsqti:setOutcomeValue></imsqti:responseIf></imsqti:responseCondition><imsqti:responseCondition><imsqti:responseIf><imsqti:and><imsqti:not><imsqti:match><imsqti:variable identifier="FEEDBACKBASIC" /><imsqti:baseValue baseType="identifier">empty</imsqti:baseValue></imsqti:match></imsqti:not><imsqti:equal toleranceMode="exact"><imsqti:variable identifier="SCORE" /><imsqti:variable identifier="MAXSCORE" /></imsqti:equal></imsqti:and><imsqti:setOutcomeValue identifier="FEEDBACKBASIC"><imsqti:baseValue baseType="identifier">correct</imsqti:baseValue></imsqti:setOutcomeValue></imsqti:responseIf></imsqti:responseCondition></imsqti:responseProcessing></assessmentItem>
