<?xml version="1.0" encoding="UTF-8"?>
<assessmentItem xmlns="http://www.imsglobal.org/xsd/imsqti_v2p1" xmlns:xsi="http://www.w3.org/2001/XMLSchema-instance" xsi:schemaLocation="http://www.imsglobal.org/xsd/imsqti_v2p1 http://www.imsglobal.org/xsd/qti/qtiv2p1/imsqti_v2p1p1.xsd http://www.w3.org/1998/Math/MathML http://www.w3.org/Math/XMLSchema/mathml2/mathml2.xsd" identifier="id61ae5646-43e6-4e71-8c86-159ccff24fe8" title="orthogonale_projektion_01" adaptive="false" timeDependent="false"><responseDeclaration identifier="RESPONSE_1417185093913" cardinality="single" baseType="string" /><responseDeclaration identifier="RESPONSE_1417186768044" cardinality="single" baseType="string" /><outcomeDeclaration identifier="SCORE" cardinality="single" baseType="float"><defaultValue><value>0</value></defaultValue></outcomeDeclaration><outcomeDeclaration identifier="MAXSCORE" cardinality="single" baseType="float"><defaultValue><value>2</value></defaultValue></outcomeDeclaration><outcomeDeclaration identifier="FEEDBACKBASIC" cardinality="single" baseType="identifier" view="testConstructor"><defaultValue><value>empty</value></defaultValue></outcomeDeclaration><outcomeDeclaration identifier="FEEDBACKMODAL" cardinality="multiple" baseType="identifier" view="testConstructor" /><templateDeclaration identifier="a1" cardinality="single" baseType="integer" /><templateDeclaration identifier="a2" cardinality="single" baseType="integer" /><templateDeclaration identifier="a3" cardinality="single" baseType="integer" /><templateDeclaration identifier="b1" cardinality="single" baseType="integer" /><templateDeclaration identifier="b2" cardinality="single" baseType="integer" /><templateDeclaration identifier="b3" cardinality="single" baseType="integer" /><templateDeclaration identifier="t_zaehler" cardinality="single" baseType="integer" /><templateDeclaration identifier="t_nenner" cardinality="single" baseType="integer" /><templateDeclaration identifier="s_zaehler" cardinality="single" baseType="integer" /><templateDeclaration identifier="s_nenner" cardinality="single" baseType="integer" /><templateDeclaration identifier="f1" cardinality="single" baseType="string" /><templateDeclaration identifier="f2" cardinality="single" baseType="string" /><templateProcessing><setTemplateValue identifier="a1"><randomInteger min="1" max="5" /></setTemplateValue><setTemplateValue identifier="a2"><randomInteger min="-5" max="-1" /></setTemplateValue><setTemplateValue identifier="a3"><random><multiple><baseValue baseType="integer">0</baseValue></multiple></random></setTemplateValue><setTemplateValue identifier="b1"><randomInteger min="2" max="6" /></setTemplateValue><setTemplateValue identifier="b2"><randomInteger min="1" max="2" /></setTemplateValue><setTemplateValue identifier="b3"><randomInteger min="-5" max="-1" /></setTemplateValue><setTemplateValue identifier="t_zaehler"><customOperator definition="MAXIMA" value="float(num(($(1)*$(2)+$(3)*$(4)+$(5)*$(6))/($(7)*$(8)+$(9)*$(10)+$(11)*$(12))));"><variable identifier="a1" /><variable identifier="b1" /><variable identifier="a2" /><variable identifier="b2" /><variable identifier="a3" /><variable identifier="b3" /><variable identifier="b1" /><variable identifier="b1" /><variable identifier="b2" /><variable identifier="b2" /><variable identifier="b3" /><variable identifier="b3" /></customOperator></setTemplateValue><setTemplateValue identifier="t_nenner"><customOperator definition="MAXIMA" value="float(denom(($(1)*$(2)+$(3)*$(4)+$(5)*$(6))/($(7)*$(8)+$(9)*$(10)+$(11)*$(12))));"><variable identifier="a1" /><variable identifier="b1" /><variable identifier="a2" /><variable identifier="b2" /><variable identifier="a3" /><variable identifier="b3" /><variable identifier="b1" /><variable identifier="b1" /><variable identifier="b2" /><variable identifier="b2" /><variable identifier="b3" /><variable identifier="b3" /></customOperator></setTemplateValue><setTemplateValue identifier="s_zaehler"><customOperator definition="MAXIMA" value="float(num(($(1)*$(2)+$(3)*$(4)+$(5)*$(6))/($(7)*$(8)+$(9)*$(10)+$(11)*$(12))));"><variable identifier="a1" /><variable identifier="b1" /><variable identifier="a2" /><variable identifier="b2" /><variable identifier="a3" /><variable identifier="b3" /><variable identifier="a1" /><variable identifier="a1" /><variable identifier="a2" /><variable identifier="a2" /><variable identifier="a3" /><variable identifier="a3" /></customOperator></setTemplateValue><setTemplateValue identifier="s_nenner"><customOperator definition="MAXIMA" value="float(denom(($(1)*$(2)+$(3)*$(4)+$(5)*$(6))/($(7)*$(8)+$(9)*$(10)+$(11)*$(12))));"><variable identifier="a1" /><variable identifier="b1" /><variable identifier="a2" /><variable identifier="b2" /><variable identifier="a3" /><variable identifier="b3" /><variable identifier="a1" /><variable identifier="a1" /><variable identifier="a2" /><variable identifier="a2" /><variable identifier="a3" /><variable identifier="a3" /></customOperator></setTemplateValue><setTemplateValue identifier="f1"><customOperator definition="MAXIMA" value="tex1($(1)/$(2))"><variable identifier="t_zaehler" /><variable identifier="t_nenner" /></customOperator></setTemplateValue><setTemplateValue identifier="f2"><customOperator definition="MAXIMA" value="tex1($(1)/$(2))"><variable identifier="s_zaehler" /><variable identifier="s_nenner" /></customOperator></setTemplateValue><setCorrectResponse identifier="RESPONSE_1417185093913"><customOperator definition="VARIABLESTRING" value="$(4)/$(5)*[$(1),$(2),$(3)]"><variable identifier="b1" /><variable identifier="b2" /><variable identifier="b3" /><variable identifier="t_zaehler" /><variable identifier="t_nenner" /></customOperator></setCorrectResponse><setCorrectResponse identifier="RESPONSE_1417186768044"><customOperator definition="VARIABLESTRING" value="$(4)/$(5)*[$(1),$(2),$(3)]"><variable identifier="a1" /><variable identifier="a2" /><variable identifier="a3" /><variable identifier="s_zaehler" /><variable identifier="s_nenner" /></customOperator></setCorrectResponse></templateProcessing><itemBody ><p>Gegeben seien die Vektoren \(\vec a=\begin{pmatrix}<printedVariable identifier="a1" />\\<printedVariable identifier="a2" />\\<printedVariable identifier="a3" />\end{pmatrix}\) und \(\vec b=\begin{pmatrix}<printedVariable identifier="b1" />\\<printedVariable identifier="b2" />\\<printedVariable identifier="b3" />\end{pmatrix}\).</p><p>Geben Sie die Projektion des Vektors \(\vec a\) auf den Vektor \(\vec b\) an: <textEntryInteraction responseIdentifier="RESPONSE_1417185093913" class="maxima-formula show-latex" /></p><p>Geben Sie die Projektion des Vektors \(\vec b\) auf den Vektor \(\vec a\) an: <textEntryInteraction responseIdentifier="RESPONSE_1417186768044" class="maxima-formula show-latex" /></p><p><strong>Hinweise zur Eingabe:</strong></p><ul><li>\(\frac xy=\) <strong>x/y</strong>. Bitte <strong>keine Kommazahlen</strong> eingeben!</li><li>\(x\cdot y=\) <strong>x*y</strong>.</li><li>Vektoren können Sie wiefolgt eingeben: <strong>[x,y,z]</strong> (d.h. die einzelnen Komponenten durch Kommata getrennt, in eckigen Klammern)</li><li>Beispiel: $$\frac34\cdot \begin{pmatrix}1\\2\\3\end{pmatrix}=$$ <strong>3/4*[1,2,3]</strong></li></ul></itemBody><responseProcessing><responseCondition><responseIf><customOperator definition="MAXIMA" value="is(equal(ev($(1)),ev($(2))));" caseSensitive="false"><variable identifier="RESPONSE_1417185093913" /><correct identifier="RESPONSE_1417185093913" /></customOperator><setOutcomeValue identifier="SCORE"><sum><variable identifier="SCORE" /><baseValue baseType="float">1</baseValue></sum></setOutcomeValue></responseIf></responseCondition><responseCondition><responseIf><not><isNull><variable identifier="RESPONSE_1417185093913" /></isNull></not><setOutcomeValue identifier="FEEDBACKBASIC"><baseValue baseType="identifier">incorrect</baseValue></setOutcomeValue></responseIf></responseCondition><responseCondition><responseIf><customOperator definition="MAXIMA" value="is(equal(ev($(1)),ev($(2))));" caseSensitive="false"><variable identifier="RESPONSE_1417186768044" /><correct identifier="RESPONSE_1417186768044" /></customOperator><setOutcomeValue identifier="SCORE"><sum><variable identifier="SCORE" /><baseValue baseType="float">1</baseValue></sum></setOutcomeValue></responseIf></responseCondition><responseCondition><responseIf><not><isNull><variable identifier="RESPONSE_1417186768044" /></isNull></not><setOutcomeValue identifier="FEEDBACKBASIC"><baseValue baseType="identifier">incorrect</baseValue></setOutcomeValue></responseIf></responseCondition><responseCondition><responseIf><and><not><match><variable identifier="FEEDBACKBASIC" /><baseValue baseType="identifier">empty</baseValue></match></not><equal toleranceMode="exact"><variable identifier="SCORE" /><variable identifier="MAXSCORE" /></equal></and><setOutcomeValue identifier="FEEDBACKBASIC"><baseValue baseType="identifier">correct</baseValue></setOutcomeValue></responseIf></responseCondition><responseCondition><responseIf><and><match><baseValue baseType="identifier">correct</baseValue><variable identifier="FEEDBACKBASIC" /></match></and><setOutcomeValue identifier="FEEDBACKMODAL"><multiple><variable identifier="FEEDBACKMODAL" /><baseValue baseType="identifier">Feedback1451464427</baseValue></multiple></setOutcomeValue></responseIf></responseCondition><responseCondition><responseIf><and><match><baseValue baseType="identifier">incorrect</baseValue><variable identifier="FEEDBACKBASIC" /></match></and><setOutcomeValue identifier="FEEDBACKMODAL"><multiple><variable identifier="FEEDBACKMODAL" /><baseValue baseType="identifier">Feedback1975873701</baseValue></multiple></setOutcomeValue></responseIf></responseCondition></responseProcessing><modalFeedback  identifier="Feedback1451464427" outcomeIdentifier="FEEDBACKMODAL" showHide="show" title="Richtig!"><p>Die Projektion von \(\vec a\) auf \(\vec b\) ist gegeben durch $$\quad\frac{\vec a\cdot\vec b}{\vec b\cdot\vec b}\vec b= \frac{<printedVariable identifier="t_zaehler" />}{<printedVariable identifier="t_nenner" />}\begin{pmatrix}<printedVariable identifier="b1" />\\<printedVariable identifier="b2" />\\<printedVariable identifier="b3" />\end{pmatrix}\quad$$ (ein Vielfaches des Vektors \(\vec b\)).</p><p>Die Projektion von \(\vec b\) auf \(\vec a\) ist $$\quad\frac{\vec a\cdot\vec b}{\vec a\cdot\vec a}\vec a= \frac{<printedVariable identifier="s_zaehler" />}{<printedVariable identifier="s_nenner" />}\begin{pmatrix}<printedVariable identifier="a1" />\\<printedVariable identifier="a2" />\\<printedVariable identifier="a3" />\end{pmatrix}\quad$$ (ein Vielfaches des Vektors \(\vec a\)).</p></modalFeedback><modalFeedback  identifier="Feedback1975873701" outcomeIdentifier="FEEDBACKMODAL" showHide="show" title="Leider nicht (vollständig) richtig!"><p>Die Projektion von \(\vec a\) auf \(\vec b\) ist gegeben durch $$\quad\frac{\vec a\cdot\vec b}{\vec b\cdot\vec b}\vec b= \frac{<printedVariable identifier="t_zaehler" />}{<printedVariable identifier="t_nenner" />}\begin{pmatrix}<printedVariable identifier="b1" />\\<printedVariable identifier="b2" />\\<printedVariable identifier="b3" />\end{pmatrix}\quad$$ (ein Vielfaches des Vektors \(\vec b\)).</p><p>Die Projektion von \(\vec b\) auf \(\vec a\) ist $$\quad\frac{\vec a\cdot\vec b}{\vec a\cdot\vec a}\vec a= \frac{<printedVariable identifier="s_zaehler" />}{<printedVariable identifier="s_nenner" />}\begin{pmatrix}<printedVariable identifier="a1" />\\<printedVariable identifier="a2" />\\<printedVariable identifier="a3" />\end{pmatrix}\quad$$ (ein Vielfaches des Vektors \(\vec a\)).</p></modalFeedback></assessmentItem>
