<?xml version="1.0" encoding="UTF-8"?>
<assessmentItem xmlns="http://www.imsglobal.org/xsd/imsqti_v2p1" xmlns:xsi="http://www.w3.org/2001/XMLSchema-instance" xsi:schemaLocation="http://www.imsglobal.org/xsd/imsqti_v2p1 http://www.imsglobal.org/xsd/qti/qtiv2p1/imsqti_v2p1p1.xsd http://www.w3.org/1998/Math/MathML http://www.w3.org/Math/XMLSchema/mathml2/mathml2.xsd" identifier="idcb6f020b-fc59-43c0-b2e3-d6cb227afd16" title="Mengenoperationen" adaptive="false" timeDependent="false"><responseDeclaration identifier="RESPONSE_1406192817472" cardinality="single" baseType="string" /><responseDeclaration identifier="RESPONSE_1406193813323" cardinality="single" baseType="string" /><responseDeclaration identifier="RESPONSE_1406193982830" cardinality="single" baseType="string" /><responseDeclaration identifier="RESPONSE_1406194043218" cardinality="single" baseType="string" /><responseDeclaration identifier="RESPONSE_1406269500327" cardinality="single" baseType="string" /><responseDeclaration identifier="RESPONSE_1406269533569" cardinality="single" baseType="string" /><responseDeclaration identifier="RESPONSE_1406269573870" cardinality="single" baseType="string" /><responseDeclaration identifier="RESPONSE_1406270241756" cardinality="single" baseType="string" /><responseDeclaration identifier="RESPONSE_1406271212217" cardinality="single" baseType="string" /><outcomeDeclaration identifier="SCORE" cardinality="single" baseType="float"><defaultValue><value>0</value></defaultValue></outcomeDeclaration><outcomeDeclaration identifier="MAXSCORE" cardinality="single" baseType="float"><defaultValue><value>9</value></defaultValue></outcomeDeclaration><outcomeDeclaration identifier="FEEDBACKBASIC" cardinality="single" baseType="identifier" view="testConstructor"><defaultValue><value>empty</value></defaultValue></outcomeDeclaration><templateDeclaration identifier="a1" cardinality="single" baseType="integer" /><templateDeclaration identifier="a2" cardinality="single" baseType="float" /><templateDeclaration identifier="solution" cardinality="single" baseType="integer" /><templateDeclaration identifier="a3" cardinality="single" baseType="float" /><templateDeclaration identifier="b1" cardinality="single" baseType="float" /><templateDeclaration identifier="b2" cardinality="single" baseType="float" /><templateDeclaration identifier="c1" cardinality="single" baseType="float" /><templateDeclaration identifier="c2" cardinality="single" baseType="float" /><templateProcessing><setTemplateValue identifier="a1"><randomInteger min="1" max="8" /></setTemplateValue><setTemplateValue identifier="a2"><customOperator definition="MAXIMA" value="float($(1)+1);"><variable identifier="a1" /></customOperator></setTemplateValue><setTemplateValue identifier="solution"><customOperator definition="MAXIMA" value="float({var1}+{var2});" /></setTemplateValue><setTemplateValue identifier="a3"><customOperator definition="MAXIMA" value="float($(1)-1);"><variable identifier="a1" /></customOperator></setTemplateValue><setTemplateValue identifier="b1"><customOperator definition="MAXIMA" value="float($(1));"><variable identifier="a1" /></customOperator></setTemplateValue><setTemplateValue identifier="b2"><customOperator definition="MAXIMA" value="float($(1)+4);"><variable identifier="a1" /></customOperator></setTemplateValue><setTemplateValue identifier="c1"><customOperator definition="MAXIMA" value="float($(1));"><variable identifier="a2" /></customOperator></setTemplateValue><setTemplateValue identifier="c2"><customOperator definition="MAXIMA" value="float($(1));"><variable identifier="b2" /></customOperator></setTemplateValue><setCorrectResponse identifier="RESPONSE_1406192817472"><customOperator definition="VARIABLESTRING" value="{ $(1), $(2), $(3), $(4) }"><variable identifier="a1" /><variable identifier="a2" /><variable identifier="a3" /><variable identifier="b2" /></customOperator></setCorrectResponse><setCorrectResponse identifier="RESPONSE_1406193813323"><customOperator definition="VARIABLESTRING" value="{$(1),$(2),$(3),$(4)}"><variable identifier="a1" /><variable identifier="a2" /><variable identifier="a3" /><variable identifier="b2" /></customOperator></setCorrectResponse><setCorrectResponse identifier="RESPONSE_1406193982830"><customOperator definition="VARIABLESTRING" value="{ $(1)}"><variable identifier="c2" /></customOperator></setCorrectResponse><setCorrectResponse identifier="RESPONSE_1406194043218"><customOperator definition="VARIABLESTRING" value="{}" /></setCorrectResponse><setCorrectResponse identifier="RESPONSE_1406269500327"><customOperator definition="VARIABLESTRING" value="{$(1)}"><variable identifier="b2" /></customOperator></setCorrectResponse><setCorrectResponse identifier="RESPONSE_1406269533569"><customOperator definition="VARIABLESTRING" value="{$(1),$(2)}"><variable identifier="a2" /><variable identifier="a3" /></customOperator></setCorrectResponse><setCorrectResponse identifier="RESPONSE_1406269573870"><customOperator definition="VARIABLESTRING" value="{[$(1),$(1)], [$(1),$(2)], [$(2),$(1)],[$(2),$(2)]}"><variable identifier="b1" /><variable identifier="b2" /></customOperator></setCorrectResponse><setCorrectResponse identifier="RESPONSE_1406270241756"><customOperator definition="VARIABLESTRING" value="{ [$(1),$(4)], [$(1),$(5)], [$(2),$(4)], [$(2),$(5)], [$(3),$(4)], [$(3),$(5)]}"><variable identifier="a1" /><variable identifier="a2" /><variable identifier="a3" /><variable identifier="c1" /><variable identifier="c2" /></customOperator></setCorrectResponse><setCorrectResponse identifier="RESPONSE_1406271212217"><customOperator definition="VARIABLESTRING" value="{[$(4), $(1)], [$(4), $(2)], [$(4), $(3)], [$(5), $(1)], [$(5), $(2)], [$(5), $(3)]}"><variable identifier="a1" /><variable identifier="a2" /><variable identifier="a3" /><variable identifier="c1" /><variable identifier="c2" /></customOperator></setCorrectResponse></templateProcessing><itemBody ><p><p>Berechnen Sie zu den Mengen</p><p>A = { <printedVariable identifier="a1" />, <printedVariable identifier="a2" />, <printedVariable identifier="a3" /> }, B = { <printedVariable identifier="b1" />, <printedVariable identifier="b2" /> },  C = {<printedVariable identifier="c1" />, <printedVariable identifier="c2" /> }</p><p>die untenstehenden Mengenoperationen.</p><p>Geben Sie die Lösungsmengen in Maxima Schreibweise an, indem Sie jedes Element der Menge auflisten, eingeklammert mit einer geschweiften Klammer rechts und links, z.B.  {2, 4, 5}. Jedes Element soll hierbei nur einmal vorkommen. Die leere Menge wird durch { } beschrieben.</p><p>Kartesisches Produkt in Maxima: Beispiel : Seien M = { x , y } und N = { u, h, z } Mengen. Dann ist die Menge der geordneten 2_Tupel</p><p>M x N = {[x,u], [x,h] , [x, z ], [y, u], [y, h], [y, z] }.</p><p> </p><p>\( A \cup B \) =  <textEntryInteraction responseIdentifier="RESPONSE_1406192817472" expectedLength="4" class="maxima-formula show-latex show-syntax-error" /></p><p>\( A \cup B \cup C \) = <textEntryInteraction responseIdentifier="RESPONSE_1406193813323" class="maxima-formula show-latex show-syntax-error" /></p><p>\( B \cap C \) = <textEntryInteraction responseIdentifier="RESPONSE_1406193982830" class="maxima-formula show-latex show-syntax-error" /></p><p>\( A \cap B \cap C \) = <textEntryInteraction responseIdentifier="RESPONSE_1406194043218" class="maxima-formula show-latex show-syntax-error" /></p><p>B - A = <textEntryInteraction responseIdentifier="RESPONSE_1406269500327" class="maxima-formula show-latex show-syntax-error" /></p><p>A - B = <textEntryInteraction responseIdentifier="RESPONSE_1406269533569" class="maxima-formula show-latex show-syntax-error" /></p><p>B x B = <textEntryInteraction responseIdentifier="RESPONSE_1406269573870" class="maxima-formula show-latex show-syntax-error" /></p><p>A x C = <textEntryInteraction responseIdentifier="RESPONSE_1406270241756" class="maxima-formula show-latex show-syntax-error" /></p><p>C x A = <textEntryInteraction responseIdentifier="RESPONSE_1406271212217" class="maxima-formula show-latex show-syntax-error" /></p><p> </p></p></itemBody><responseProcessing><responseCondition><responseIf><customOperator definition="MAXIMA" value="is(equal(ev($(1)),ev($(2))));"><variable identifier="RESPONSE_1406192817472" /><correct identifier="RESPONSE_1406192817472" /></customOperator><setOutcomeValue identifier="SCORE"><sum><variable identifier="SCORE" /><baseValue baseType="float">1</baseValue></sum></setOutcomeValue></responseIf></responseCondition><responseCondition><responseIf><not><isNull><variable identifier="RESPONSE_1406192817472" /></isNull></not><setOutcomeValue identifier="FEEDBACKBASIC"><baseValue baseType="identifier">incorrect</baseValue></setOutcomeValue></responseIf></responseCondition><responseCondition><responseIf><customOperator definition="MAXIMA" value="is(equal(ev($(1)),ev($(2))));"><variable identifier="RESPONSE_1406193813323" /><correct identifier="RESPONSE_1406193813323" /></customOperator><setOutcomeValue identifier="SCORE"><sum><variable identifier="SCORE" /><baseValue baseType="float">1</baseValue></sum></setOutcomeValue></responseIf></responseCondition><responseCondition><responseIf><not><isNull><variable identifier="RESPONSE_1406193813323" /></isNull></not><setOutcomeValue identifier="FEEDBACKBASIC"><baseValue baseType="identifier">incorrect</baseValue></setOutcomeValue></responseIf></responseCondition><responseCondition><responseIf><customOperator definition="MAXIMA" value="is(equal(ev($(1)),ev($(2))));"><variable identifier="RESPONSE_1406193982830" /><correct identifier="RESPONSE_1406193982830" /></customOperator><setOutcomeValue identifier="SCORE"><sum><variable identifier="SCORE" /><baseValue baseType="float">1</baseValue></sum></setOutcomeValue></responseIf></responseCondition><responseCondition><responseIf><not><isNull><variable identifier="RESPONSE_1406193982830" /></isNull></not><setOutcomeValue identifier="FEEDBACKBASIC"><baseValue baseType="identifier">incorrect</baseValue></setOutcomeValue></responseIf></responseCondition><responseCondition><responseIf><customOperator definition="MAXIMA" value="is(equal(ev($(1)),ev($(2))));"><variable identifier="RESPONSE_1406194043218" /><correct identifier="RESPONSE_1406194043218" /></customOperator><setOutcomeValue identifier="SCORE"><sum><variable identifier="SCORE" /><baseValue baseType="float">1</baseValue></sum></setOutcomeValue></responseIf></responseCondition><responseCondition><responseIf><not><isNull><variable identifier="RESPONSE_1406194043218" /></isNull></not><setOutcomeValue identifier="FEEDBACKBASIC"><baseValue baseType="identifier">incorrect</baseValue></setOutcomeValue></responseIf></responseCondition><responseCondition><responseIf><customOperator definition="MAXIMA" value="is(equal(ev($(1)),ev($(2))));"><variable identifier="RESPONSE_1406269500327" /><correct identifier="RESPONSE_1406269500327" /></customOperator><setOutcomeValue identifier="SCORE"><sum><variable identifier="SCORE" /><baseValue baseType="float">1</baseValue></sum></setOutcomeValue></responseIf></responseCondition><responseCondition><responseIf><not><isNull><variable identifier="RESPONSE_1406269500327" /></isNull></not><setOutcomeValue identifier="FEEDBACKBASIC"><baseValue baseType="identifier">incorrect</baseValue></setOutcomeValue></responseIf></responseCondition><responseCondition><responseIf><customOperator definition="MAXIMA" value="is(equal(ev($(1)),ev($(2))));"><variable identifier="RESPONSE_1406269533569" /><correct identifier="RESPONSE_1406269533569" /></customOperator><setOutcomeValue identifier="SCORE"><sum><variable identifier="SCORE" /><baseValue baseType="float">1</baseValue></sum></setOutcomeValue></responseIf></responseCondition><responseCondition><responseIf><not><isNull><variable identifier="RESPONSE_1406269533569" /></isNull></not><setOutcomeValue identifier="FEEDBACKBASIC"><baseValue baseType="identifier">incorrect</baseValue></setOutcomeValue></responseIf></responseCondition><responseCondition><responseIf><customOperator definition="MAXIMA" value="is(equal(ev($(1)),ev($(2))));"><variable identifier="RESPONSE_1406269573870" /><correct identifier="RESPONSE_1406269573870" /></customOperator><setOutcomeValue identifier="SCORE"><sum><variable identifier="SCORE" /><baseValue baseType="float">1</baseValue></sum></setOutcomeValue></responseIf></responseCondition><responseCondition><responseIf><not><isNull><variable identifier="RESPONSE_1406269573870" /></isNull></not><setOutcomeValue identifier="FEEDBACKBASIC"><baseValue baseType="identifier">incorrect</baseValue></setOutcomeValue></responseIf></responseCondition><responseCondition><responseIf><customOperator definition="MAXIMA" value="is(equal(ev($(1)),ev($(2))));"><variable identifier="RESPONSE_1406270241756" /><correct identifier="RESPONSE_1406270241756" /></customOperator><setOutcomeValue identifier="SCORE"><sum><variable identifier="SCORE" /><baseValue baseType="float">1</baseValue></sum></setOutcomeValue></responseIf></responseCondition><responseCondition><responseIf><not><isNull><variable identifier="RESPONSE_1406270241756" /></isNull></not><setOutcomeValue identifier="FEEDBACKBASIC"><baseValue baseType="identifier">incorrect</baseValue></setOutcomeValue></responseIf></responseCondition><responseCondition><responseIf><customOperator definition="MAXIMA" value="is(equal(ev($(1)),ev($(2))));"><variable identifier="RESPONSE_1406271212217" /><correct identifier="RESPONSE_1406271212217" /></customOperator><setOutcomeValue identifier="SCORE"><sum><variable identifier="SCORE" /><baseValue baseType="float">1</baseValue></sum></setOutcomeValue></responseIf></responseCondition><responseCondition><responseIf><not><isNull><variable identifier="RESPONSE_1406271212217" /></isNull></not><setOutcomeValue identifier="FEEDBACKBASIC"><baseValue baseType="identifier">incorrect</baseValue></setOutcomeValue></responseIf></responseCondition><responseCondition><responseIf><and><not><match><variable identifier="FEEDBACKBASIC" /><baseValue baseType="identifier">empty</baseValue></match></not><equal toleranceMode="exact"><variable identifier="SCORE" /><variable identifier="MAXSCORE" /></equal></and><setOutcomeValue identifier="FEEDBACKBASIC"><baseValue baseType="identifier">correct</baseValue></setOutcomeValue></responseIf></responseCondition></responseProcessing></assessmentItem>
