<?xml version="1.0" encoding="UTF-8"?>
<assessmentItem xmlns="http://www.imsglobal.org/xsd/imsqti_v2p1" xmlns:xsi="http://www.w3.org/2001/XMLSchema-instance" xsi:schemaLocation="http://www.imsglobal.org/xsd/imsqti_v2p1 http://www.imsglobal.org/xsd/qti/qtiv2p1/imsqti_v2p1p1.xsd http://www.w3.org/1998/Math/MathML http://www.w3.org/Math/XMLSchema/mathml2/mathml2.xsd" identifier="id79239150-b308-4bbb-94dd-37a385c3c56e" title="skalar_kreuz_01" adaptive="false" timeDependent="false"><responseDeclaration identifier="RESPONSE_1386234201264" cardinality="single" baseType="float"><correctResponse><value>0</value></correctResponse></responseDeclaration><responseDeclaration identifier="RESPONSE_1386234366066" cardinality="single" baseType="float"><correctResponse><value>0</value></correctResponse></responseDeclaration><responseDeclaration identifier="RESPONSE_1386234375673" cardinality="single" baseType="float"><correctResponse><value>0</value></correctResponse></responseDeclaration><responseDeclaration identifier="RESPONSE_1386234384980" cardinality="single" baseType="float"><correctResponse><value>0</value></correctResponse></responseDeclaration><outcomeDeclaration identifier="SCORE" cardinality="single" baseType="float"><defaultValue><value>0</value></defaultValue></outcomeDeclaration><outcomeDeclaration identifier="MAXSCORE" cardinality="single" baseType="float"><defaultValue><value>2</value></defaultValue></outcomeDeclaration><outcomeDeclaration identifier="FEEDBACKBASIC" cardinality="single" baseType="identifier" view="testConstructor"><defaultValue><value>empty</value></defaultValue></outcomeDeclaration><templateDeclaration identifier="a1" cardinality="single" baseType="integer" /><templateDeclaration identifier="a2" cardinality="single" baseType="integer" /><templateDeclaration identifier="a3" cardinality="single" baseType="integer" /><templateDeclaration identifier="b1" cardinality="single" baseType="integer" /><templateDeclaration identifier="b2" cardinality="single" baseType="integer" /><templateDeclaration identifier="b3" cardinality="single" baseType="integer" /><templateDeclaration identifier="skalar" cardinality="single" baseType="float" /><templateDeclaration identifier="kreuz1" cardinality="single" baseType="float" /><templateDeclaration identifier="kreuz2" cardinality="single" baseType="float" /><templateDeclaration identifier="kreuz3" cardinality="single" baseType="float" /><templateProcessing><setTemplateValue identifier="a1"><random><multiple><baseValue baseType="integer">-7</baseValue><baseValue baseType="integer">-6</baseValue><baseValue baseType="integer">-5</baseValue><baseValue baseType="integer">-4</baseValue><baseValue baseType="integer">-3</baseValue><baseValue baseType="integer">-2</baseValue><baseValue baseType="integer">-1</baseValue><baseValue baseType="integer">1</baseValue><baseValue baseType="integer">2</baseValue><baseValue baseType="integer">3</baseValue><baseValue baseType="integer">4</baseValue><baseValue baseType="integer">5</baseValue><baseValue baseType="integer">6</baseValue><baseValue baseType="integer">7</baseValue></multiple></random></setTemplateValue><setTemplateValue identifier="a2"><random><multiple><baseValue baseType="integer">-7</baseValue><baseValue baseType="integer">-6</baseValue><baseValue baseType="integer">-5</baseValue><baseValue baseType="integer">-4</baseValue><baseValue baseType="integer">-3</baseValue><baseValue baseType="integer">-2</baseValue><baseValue baseType="integer">-1</baseValue><baseValue baseType="integer">1</baseValue><baseValue baseType="integer">2</baseValue><baseValue baseType="integer">3</baseValue><baseValue baseType="integer">4</baseValue><baseValue baseType="integer">5</baseValue><baseValue baseType="integer">6</baseValue><baseValue baseType="integer">7</baseValue></multiple></random></setTemplateValue><setTemplateValue identifier="a3"><randomInteger min="-7" max="7" /></setTemplateValue><setTemplateValue identifier="b1"><randomInteger min="-7" max="7" /></setTemplateValue><setTemplateValue identifier="b2"><random><multiple><baseValue baseType="integer">-7</baseValue><baseValue baseType="integer">-6</baseValue><baseValue baseType="integer">-5</baseValue><baseValue baseType="integer">-4</baseValue><baseValue baseType="integer">-3</baseValue><baseValue baseType="integer">-2</baseValue><baseValue baseType="integer">-1</baseValue><baseValue baseType="integer">1</baseValue><baseValue baseType="integer">2</baseValue><baseValue baseType="integer">3</baseValue><baseValue baseType="integer">4</baseValue><baseValue baseType="integer">5</baseValue><baseValue baseType="integer">6</baseValue><baseValue baseType="integer">7</baseValue></multiple></random></setTemplateValue><setTemplateValue identifier="b3"><random><multiple><baseValue baseType="integer">-7</baseValue><baseValue baseType="integer">-6</baseValue><baseValue baseType="integer">-5</baseValue><baseValue baseType="integer">-4</baseValue><baseValue baseType="integer">-3</baseValue><baseValue baseType="integer">-2</baseValue><baseValue baseType="integer">-1</baseValue><baseValue baseType="integer">1</baseValue><baseValue baseType="integer">2</baseValue><baseValue baseType="integer">3</baseValue><baseValue baseType="integer">4</baseValue><baseValue baseType="integer">5</baseValue><baseValue baseType="integer">6</baseValue><baseValue baseType="integer">7</baseValue></multiple></random></setTemplateValue><setTemplateValue identifier="skalar"><customOperator definition="MAXIMA" value="float($(1)*$(2)+$(3)*$(4)+$(5)*$(6));"><variable identifier="a1" /><variable identifier="b1" /><variable identifier="a2" /><variable identifier="b2" /><variable identifier="a3" /><variable identifier="b3" /></customOperator></setTemplateValue><setTemplateValue identifier="kreuz1"><customOperator definition="MAXIMA" value="float($(1)*$(2)-$(3)*$(4));"><variable identifier="a2" /><variable identifier="b3" /><variable identifier="a3" /><variable identifier="b2" /></customOperator></setTemplateValue><setTemplateValue identifier="kreuz2"><customOperator definition="MAXIMA" value="float($(1)*$(2)-$(3)*$(4));"><variable identifier="a3" /><variable identifier="b1" /><variable identifier="a1" /><variable identifier="b3" /></customOperator></setTemplateValue><setTemplateValue identifier="kreuz3"><customOperator definition="MAXIMA" value="float($(1)*$(2)-$(3)*$(4));"><variable identifier="a1" /><variable identifier="b2" /><variable identifier="a2" /><variable identifier="b1" /></customOperator></setTemplateValue><setCorrectResponse identifier="RESPONSE_1386234201264"><variable identifier="skalar" /></setCorrectResponse><setCorrectResponse identifier="RESPONSE_1386234366066"><variable identifier="kreuz1" /></setCorrectResponse><setCorrectResponse identifier="RESPONSE_1386234375673"><variable identifier="kreuz2" /></setCorrectResponse><setCorrectResponse identifier="RESPONSE_1386234384980"><variable identifier="kreuz3" /></setCorrectResponse></templateProcessing><itemBody ><p>Gegeben sind die Vektoren \(\vec a=(<printedVariable identifier="a1" />,<printedVariable identifier="a2" />,<printedVariable identifier="a3" />)\) und \(\vec b=(<printedVariable identifier="b1" />,<printedVariable identifier="b2" />,<printedVariable identifier="b3" />)\).</p><p>Berechnen Sie das Skalarprodukt und das Kreuzprodukt!</p><p>\(\vec a\cdot\vec b =\) <textEntryInteraction responseIdentifier="RESPONSE_1386234201264" /></p><p>\(\vec a\times\vec b = \) (<textEntryInteraction responseIdentifier="RESPONSE_1386234366066" />,<textEntryInteraction responseIdentifier="RESPONSE_1386234375673" />,<textEntryInteraction responseIdentifier="RESPONSE_1386234384980" />)</p></itemBody><responseProcessing><responseCondition><responseIf><equal toleranceMode="exact"><variable identifier="RESPONSE_1386234201264" /><correct identifier="RESPONSE_1386234201264" /></equal><setOutcomeValue identifier="SCORE"><sum><variable identifier="SCORE" /><baseValue baseType="float">0.5</baseValue></sum></setOutcomeValue></responseIf></responseCondition><responseCondition><responseIf><not><isNull><variable identifier="RESPONSE_1386234201264" /></isNull></not><setOutcomeValue identifier="FEEDBACKBASIC"><baseValue baseType="identifier">incorrect</baseValue></setOutcomeValue></responseIf></responseCondition><responseCondition><responseIf><equal toleranceMode="exact"><variable identifier="RESPONSE_1386234366066" /><correct identifier="RESPONSE_1386234366066" /></equal><setOutcomeValue identifier="SCORE"><sum><variable identifier="SCORE" /><baseValue baseType="float">0.5</baseValue></sum></setOutcomeValue></responseIf></responseCondition><responseCondition><responseIf><not><isNull><variable identifier="RESPONSE_1386234366066" /></isNull></not><setOutcomeValue identifier="FEEDBACKBASIC"><baseValue baseType="identifier">incorrect</baseValue></setOutcomeValue></responseIf></responseCondition><responseCondition><responseIf><equal toleranceMode="exact"><variable identifier="RESPONSE_1386234375673" /><correct identifier="RESPONSE_1386234375673" /></equal><setOutcomeValue identifier="SCORE"><sum><variable identifier="SCORE" /><baseValue baseType="float">0.5</baseValue></sum></setOutcomeValue></responseIf></responseCondition><responseCondition><responseIf><not><isNull><variable identifier="RESPONSE_1386234375673" /></isNull></not><setOutcomeValue identifier="FEEDBACKBASIC"><baseValue baseType="identifier">incorrect</baseValue></setOutcomeValue></responseIf></responseCondition><responseCondition><responseIf><equal toleranceMode="exact"><variable identifier="RESPONSE_1386234384980" /><correct identifier="RESPONSE_1386234384980" /></equal><setOutcomeValue identifier="SCORE"><sum><variable identifier="SCORE" /><baseValue baseType="float">0.5</baseValue></sum></setOutcomeValue></responseIf></responseCondition><responseCondition><responseIf><not><isNull><variable identifier="RESPONSE_1386234384980" /></isNull></not><setOutcomeValue identifier="FEEDBACKBASIC"><baseValue baseType="identifier">incorrect</baseValue></setOutcomeValue></responseIf></responseCondition><responseCondition><responseIf><and><not><match><variable identifier="FEEDBACKBASIC" /><baseValue baseType="identifier">empty</baseValue></match></not><equal toleranceMode="exact"><variable identifier="SCORE" /><variable identifier="MAXSCORE" /></equal></and><setOutcomeValue identifier="FEEDBACKBASIC"><baseValue baseType="identifier">correct</baseValue></setOutcomeValue></responseIf></responseCondition></responseProcessing></assessmentItem>
