<?xml version="1.0" encoding="UTF-8"?>
<assessmentItem xmlns="http://www.imsglobal.org/xsd/imsqti_v2p1" xmlns:xsi="http://www.w3.org/2001/XMLSchema-instance" xsi:schemaLocation="http://www.imsglobal.org/xsd/imsqti_v2p1 http://www.imsglobal.org/xsd/qti/qtiv2p1/imsqti_v2p1p1.xsd http://www.w3.org/1998/Math/MathML http://www.w3.org/Math/XMLSchema/mathml2/mathml2.xsd" identifier="id99e0a604-ee27-4c26-99b3-45c2dbfa8df9" title="FlächePolynomGrad4" adaptive="false" timeDependent="false"><responseDeclaration identifier="RESPONSE_1398434641040" cardinality="single" baseType="float"><correctResponse><value>0</value></correctResponse></responseDeclaration><responseDeclaration identifier="RESPONSE_1398434735656" cardinality="single" baseType="float"><correctResponse><value>0</value></correctResponse></responseDeclaration><responseDeclaration identifier="RESPONSE_1398434988263" cardinality="single" baseType="float"><correctResponse><value>0</value></correctResponse></responseDeclaration><responseDeclaration identifier="RESPONSE_1398435209844" cardinality="single" baseType="float"><correctResponse><value>0</value></correctResponse></responseDeclaration><responseDeclaration identifier="RESPONSE_1398433995931" cardinality="single" baseType="float"><correctResponse><value>0</value></correctResponse></responseDeclaration><outcomeDeclaration identifier="SCORE" cardinality="single" baseType="float"><defaultValue><value>0</value></defaultValue></outcomeDeclaration><outcomeDeclaration identifier="MAXSCORE" cardinality="single" baseType="float"><defaultValue><value>10</value></defaultValue></outcomeDeclaration><outcomeDeclaration identifier="FEEDBACKBASIC" cardinality="single" baseType="identifier" view="testConstructor"><defaultValue><value>empty</value></defaultValue></outcomeDeclaration><outcomeDeclaration identifier="FEEDBACKMODAL" cardinality="multiple" baseType="identifier" view="testConstructor" /><templateDeclaration identifier="a" cardinality="single" baseType="integer" /><templateDeclaration identifier="c" cardinality="single" baseType="integer" /><templateDeclaration identifier="ca" cardinality="single" baseType="integer" /><templateDeclaration identifier="b" cardinality="single" baseType="integer" /><templateDeclaration identifier="b2" cardinality="single" baseType="integer" /><templateDeclaration identifier="x0" cardinality="single" baseType="integer" /><templateDeclaration identifier="x1" cardinality="single" baseType="integer" /><templateDeclaration identifier="A1" cardinality="single" baseType="float" /><templateDeclaration identifier="A2" cardinality="single" baseType="float" /><templateDeclaration identifier="f" cardinality="single" baseType="float" /><templateDeclaration identifier="L" cardinality="single" baseType="float" /><templateProcessing><setTemplateValue identifier="a"><random><multiple><baseValue baseType="integer">2</baseValue><baseValue baseType="integer">4</baseValue><baseValue baseType="integer">6</baseValue><baseValue baseType="integer">8</baseValue></multiple></random></setTemplateValue><setTemplateValue identifier="c"><randomInteger min="2" max="9" /></setTemplateValue><setTemplateValue identifier="ca"><customOperator definition="MAXIMA" value="float($(1)-$(2));"><variable identifier="c" /><variable identifier="a" /></customOperator></setTemplateValue><templateCondition><templateIf><lt><variable identifier="ca" /><baseValue baseType="integer">0</baseValue></lt><setTemplateValue identifier="c"><customOperator definition="MAXIMA" value="float($(1)+1);"><variable identifier="a" /></customOperator></setTemplateValue></templateIf></templateCondition><setTemplateValue identifier="b"><customOperator definition="MAXIMA" value="float(($(1))^2-($(2)/2)^2);"><variable identifier="c" /><variable identifier="a" /></customOperator></setTemplateValue><setTemplateValue identifier="b2"><customOperator definition="MAXIMA" value="float(($(1))^2);"><variable identifier="b" /></customOperator></setTemplateValue><setTemplateValue identifier="x0"><customOperator definition="MAXIMA" value="float($(1)/2-$(2));"><variable identifier="a" /><variable identifier="c" /></customOperator></setTemplateValue><setTemplateValue identifier="x1"><customOperator definition="MAXIMA" value="float($(1)/2+$(2));"><variable identifier="a" /><variable identifier="c" /></customOperator></setTemplateValue><setTemplateValue identifier="A1"><customOperator definition="MAXIMA" value="float(integrate(-x^2*(x-$(1))^2+$(2), x, $(3), $(4)))"><variable identifier="a" /><variable identifier="b2" /><variable identifier="x0" /><variable identifier="x1" /></customOperator></setTemplateValue><setTemplateValue identifier="A2"><customOperator definition="MAXIMA" value="float((($(1)-$(2))/2)^2*%pi/2);"><variable identifier="x1" /><variable identifier="x0" /></customOperator></setTemplateValue><setTemplateValue identifier="f"><random><multiple><baseValue baseType="float">0.02</baseValue><baseValue baseType="float">0.03</baseValue><baseValue baseType="float">0.04</baseValue><baseValue baseType="float">0.05</baseValue><baseValue baseType="float">0.06</baseValue><baseValue baseType="float">0.07</baseValue></multiple></random></setTemplateValue><setTemplateValue identifier="L"><customOperator definition="MAXIMA" value="float($(1)*($(2)+$(3)));"><variable identifier="f" /><variable identifier="A1" /><variable identifier="A2" /></customOperator></setTemplateValue><setCorrectResponse identifier="RESPONSE_1398434641040"><variable identifier="x0" /></setCorrectResponse><setCorrectResponse identifier="RESPONSE_1398434735656"><variable identifier="x1" /></setCorrectResponse><setCorrectResponse identifier="RESPONSE_1398434988263"><variable identifier="A1" /></setCorrectResponse><setCorrectResponse identifier="RESPONSE_1398435209844"><variable identifier="A2" /></setCorrectResponse><setCorrectResponse identifier="RESPONSE_1398433995931"><variable identifier="L" /></setCorrectResponse></templateProcessing><itemBody ><p>Ein zu bedruckender flacher Gegenstand (dargestellt im x-y-Koordinatensystem, Eine Einheit = 1 cm) besteht aus zwei Flächenstücken \(A_1\) und \(A_2\):</p><p>\(A_1\) ist das Gebiet welches von der Funktion \( f_1(x) = -(x(x-<printedVariable identifier="a" />))^2+<printedVariable identifier="b2" />\ \) und der x-Achse eingeschlossen wird.</p><p>\(A_2\) befindet sich unterhalb der x-Achse und ist der untere Halbkreis des Kreises mit dem Mittelpunkt M = Mittelpunkt zwischen den beiden Nullstellen \(x_0, x_1\) von \(f_1\) und Radius \(r = \frac{|x_0-x_1|}{2}\).</p><p>Zur Veranschaulichung fertigen Sie zunächst eine Skizze an, die die Stücke \(A_1\) und \(A_2\) enthält.</p><p>Zum Bedrucken von \(1\ cm^2\) mit einer bestimmten Farbe F benötigt man <printedVariable identifier="f" /> ml Farbe. Wieviel Farbe benötigt man zum bedrucken des gesamten Gegenstandes ?  Beachte das auch einige Zwischenergebnisse anzugeben sind.</p><p><strong>Alle Eingaben auf zwei Stellen nach dem Komma runden</strong>.</p><p>Die Nullstellen \(x_0\), \(x_1\) von \(f_1(x)\) in aufsteigender Reihenfolge lauten:</p><p>\(x_0\)= <textEntryInteraction responseIdentifier="RESPONSE_1398434641040" /></p><p>\(x_1\)= <textEntryInteraction responseIdentifier="RESPONSE_1398434735656" /></p><p>\( A_1\) = <textEntryInteraction responseIdentifier="RESPONSE_1398434988263" expectedLength="5" /> \(cm^2\)</p><p>\( A_2\)= <textEntryInteraction responseIdentifier="RESPONSE_1398435209844" expectedLength="4" /> \(cm^2\)</p><p>Die benötigte Farbmenge L an Fabe F ist L = <textEntryInteraction responseIdentifier="RESPONSE_1398433995931" expectedLength="7" /> ml.</p></itemBody><responseProcessing><responseCondition><responseIf><equal toleranceMode="exact"><variable identifier="RESPONSE_1398434641040" /><correct identifier="RESPONSE_1398434641040" /></equal><setOutcomeValue identifier="SCORE"><sum><variable identifier="SCORE" /><baseValue baseType="float">3</baseValue></sum></setOutcomeValue></responseIf></responseCondition><responseCondition><responseIf><not><isNull><variable identifier="RESPONSE_1398434641040" /></isNull></not><setOutcomeValue identifier="FEEDBACKBASIC"><baseValue baseType="identifier">incorrect</baseValue></setOutcomeValue></responseIf></responseCondition><responseCondition><responseIf><equal toleranceMode="exact"><variable identifier="RESPONSE_1398434735656" /><correct identifier="RESPONSE_1398434735656" /></equal><setOutcomeValue identifier="SCORE"><sum><variable identifier="SCORE" /><baseValue baseType="float">3</baseValue></sum></setOutcomeValue></responseIf></responseCondition><responseCondition><responseIf><not><isNull><variable identifier="RESPONSE_1398434735656" /></isNull></not><setOutcomeValue identifier="FEEDBACKBASIC"><baseValue baseType="identifier">incorrect</baseValue></setOutcomeValue></responseIf></responseCondition><responseCondition><responseIf><equal toleranceMode="absolute" tolerance="0.1 0.1" includeLowerBound="true" includeUpperBound="true"><variable identifier="RESPONSE_1398434988263" /><correct identifier="RESPONSE_1398434988263" /></equal><setOutcomeValue identifier="SCORE"><sum><variable identifier="SCORE" /><baseValue baseType="float">2</baseValue></sum></setOutcomeValue></responseIf></responseCondition><responseCondition><responseIf><not><isNull><variable identifier="RESPONSE_1398434988263" /></isNull></not><setOutcomeValue identifier="FEEDBACKBASIC"><baseValue baseType="identifier">incorrect</baseValue></setOutcomeValue></responseIf></responseCondition><responseCondition><responseIf><equal toleranceMode="absolute" tolerance="0.1 0.1" includeLowerBound="true" includeUpperBound="true"><variable identifier="RESPONSE_1398435209844" /><correct identifier="RESPONSE_1398435209844" /></equal><setOutcomeValue identifier="SCORE"><sum><variable identifier="SCORE" /><baseValue baseType="float">1</baseValue></sum></setOutcomeValue></responseIf></responseCondition><responseCondition><responseIf><not><isNull><variable identifier="RESPONSE_1398435209844" /></isNull></not><setOutcomeValue identifier="FEEDBACKBASIC"><baseValue baseType="identifier">incorrect</baseValue></setOutcomeValue></responseIf></responseCondition><responseCondition><responseIf><equal toleranceMode="absolute" tolerance="0.1 0.1" includeLowerBound="true" includeUpperBound="true"><variable identifier="RESPONSE_1398433995931" /><correct identifier="RESPONSE_1398433995931" /></equal><setOutcomeValue identifier="SCORE"><sum><variable identifier="SCORE" /><baseValue baseType="float">1</baseValue></sum></setOutcomeValue></responseIf></responseCondition><responseCondition><responseIf><not><isNull><variable identifier="RESPONSE_1398433995931" /></isNull></not><setOutcomeValue identifier="FEEDBACKBASIC"><baseValue baseType="identifier">incorrect</baseValue></setOutcomeValue></responseIf></responseCondition><responseCondition><responseIf><and><not><match><variable identifier="FEEDBACKBASIC" /><baseValue baseType="identifier">empty</baseValue></match></not><equal toleranceMode="exact"><variable identifier="SCORE" /><variable identifier="MAXSCORE" /></equal></and><setOutcomeValue identifier="FEEDBACKBASIC"><baseValue baseType="identifier">correct</baseValue></setOutcomeValue></responseIf></responseCondition><responseCondition><responseIf><and><match><baseValue baseType="identifier">incorrect</baseValue><variable identifier="FEEDBACKBASIC" /></match></and><setOutcomeValue identifier="FEEDBACKMODAL"><multiple><variable identifier="FEEDBACKMODAL" /><baseValue baseType="identifier">Feedback1899251825</baseValue></multiple></setOutcomeValue></responseIf></responseCondition></responseProcessing><modalFeedback  identifier="Feedback1899251825" outcomeIdentifier="FEEDBACKMODAL" showHide="show"><p>Beispiel: Lösungsskizze für die Funktion \( f_1(x) = - (x(x-4))^2 +25  \) :</p><p>Man ermittelt zunächst die Schnittstellen(Nullstellen) von \( f_1 \ \) mit der x-Achse durch den Ansatz \( f_1(x) = 0 \ \leftrightarrow 25 = (x(x-4))^2 \  \).  Jetzt zieht man die Wurzel und erhält als reelle Nullstellen:</p><p>\( x_0 = -1, \ x_1 = 5 \)</p><p style="-qt-block-indent: 0; text-indent: 0px; margin: 0px;">\( f_1 \) verläuft genau im Intervall \( [x_0, x_1] \) oberhalb der x-Achse. Zur Überprüfung z.B die Stellen 0, -2 , 6 in \( f_1 \) einsetzen.</p><p style="-qt-block-indent: 0; text-indent: 0px; margin: 0px;">Der Mittelpunkt M des Kreises ist damit M = (2;0) und sein Radius r = 3. Die Fläche \(A_2\) des Gegenstandes unterhalb der x-Achse ist also durch \( A_2 =  0.5 \cdot r^2\pi \) zu berechnen.</p><p style="-qt-block-indent: 0; text-indent: 0px; margin: 0px;">Die Fläche \( A_1\)  oberhalb der x-Achse erhält man durch \(A_1 =  \int_{-1}^5 -(x(x-4))^2+25\ dx\).</p></modalFeedback></assessmentItem>
