<?xml version="1.0" encoding="UTF-8"?>
<assessmentItem xmlns="http://www.imsglobal.org/xsd/imsqti_v2p1" xmlns:xsi="http://www.w3.org/2001/XMLSchema-instance" xsi:schemaLocation="http://www.imsglobal.org/xsd/imsqti_v2p1 http://www.imsglobal.org/xsd/qti/qtiv2p1/imsqti_v2p1p1.xsd http://www.w3.org/1998/Math/MathML http://www.w3.org/Math/XMLSchema/mathml2/mathml2.xsd" identifier="id9cae24d9-38d7-4fe5-929d-39269271e868" title="StatistikKennzahlenStichproben" adaptive="false" timeDependent="false"><responseDeclaration identifier="RESPONSE_1403006743587" cardinality="single" baseType="float"><correctResponse><value>0</value></correctResponse></responseDeclaration><responseDeclaration identifier="RESPONSE_1403071828268" cardinality="single" baseType="float"><correctResponse><value>0</value></correctResponse></responseDeclaration><responseDeclaration identifier="RESPONSE_1403008036683" cardinality="single" baseType="float"><correctResponse><value>0</value></correctResponse></responseDeclaration><responseDeclaration identifier="RESPONSE_1403008421141" cardinality="single" baseType="float"><correctResponse><value>0</value></correctResponse></responseDeclaration><outcomeDeclaration identifier="SCORE" cardinality="single" baseType="float"><defaultValue><value>0</value></defaultValue></outcomeDeclaration><outcomeDeclaration identifier="MAXSCORE" cardinality="single" baseType="float"><defaultValue><value>4</value></defaultValue></outcomeDeclaration><outcomeDeclaration identifier="FEEDBACKBASIC" cardinality="single" baseType="identifier" view="testConstructor"><defaultValue><value>empty</value></defaultValue></outcomeDeclaration><templateDeclaration identifier="w1" cardinality="single" baseType="integer" /><templateDeclaration identifier="w2" cardinality="single" baseType="integer" /><templateDeclaration identifier="w3" cardinality="single" baseType="integer" /><templateDeclaration identifier="w4" cardinality="single" baseType="integer" /><templateDeclaration identifier="w5" cardinality="single" baseType="integer" /><templateDeclaration identifier="w6" cardinality="single" baseType="integer" /><templateDeclaration identifier="w7" cardinality="single" baseType="integer" /><templateDeclaration identifier="w8" cardinality="single" baseType="integer" /><templateDeclaration identifier="w9" cardinality="single" baseType="integer" /><templateDeclaration identifier="wa" cardinality="single" baseType="integer" /><templateDeclaration identifier="wb" cardinality="single" baseType="integer" /><templateDeclaration identifier="mw" cardinality="single" baseType="float" /><templateDeclaration identifier="ev" cardinality="single" baseType="float" /><templateDeclaration identifier="st" cardinality="single" baseType="float" /><templateDeclaration identifier="spannweite" cardinality="single" baseType="integer" /><templateDeclaration identifier="mw9" cardinality="single" baseType="float" /><templateProcessing><setTemplateValue identifier="w1"><randomInteger min="80" max="210" /></setTemplateValue><setTemplateValue identifier="w2"><randomInteger min="80" max="210" /></setTemplateValue><setTemplateValue identifier="w3"><randomInteger min="80" max="210" /></setTemplateValue><setTemplateValue identifier="w4"><randomInteger min="80" max="210" /></setTemplateValue><setTemplateValue identifier="w5"><randomInteger min="80" max="210" /></setTemplateValue><setTemplateValue identifier="w6"><randomInteger min="80" max="210" /></setTemplateValue><setTemplateValue identifier="w7"><randomInteger min="80" max="210" /></setTemplateValue><setTemplateValue identifier="w8"><randomInteger min="80" max="210" /></setTemplateValue><setTemplateValue identifier="w9"><randomInteger min="80" max="210" /></setTemplateValue><setTemplateValue identifier="wa"><randomInteger min="80" max="210" /></setTemplateValue><setTemplateValue identifier="wb"><randomInteger min="80" max="210" /></setTemplateValue><setTemplateValue identifier="mw"><customOperator definition="MAXIMA" value="float(($(1)+$(2)+$(3)+$(4)+$(5)+$(6)+$(7)+$(8)+$(9)+$(10)+$(11))/11)"><variable identifier="w1" /><variable identifier="w2" /><variable identifier="w3" /><variable identifier="w4" /><variable identifier="w5" /><variable identifier="w6" /><variable identifier="w7" /><variable identifier="w8" /><variable identifier="w9" /><variable identifier="wa" /><variable identifier="wb" /></customOperator></setTemplateValue><setTemplateValue identifier="ev"><customOperator definition="MAXIMA" value="float( ( ($(1)-$(2))^2+ ($(3)-$(4))^2+ ($(5)-$(6))^2+ ($(7)-$(8))^2+($(9)-$(10))^2+ ($(11)-$(12))^2+ ($(13)-$(14))^2+ ($(15)-$(16))^2+($(17)-$(18))^2+ ($(19)-$(20))^2+ ($(21)-$(22))^2)/10)"><variable identifier="w1" /><variable identifier="mw" /><variable identifier="w2" /><variable identifier="mw" /><variable identifier="w3" /><variable identifier="mw" /><variable identifier="w4" /><variable identifier="mw" /><variable identifier="w5" /><variable identifier="mw" /><variable identifier="w6" /><variable identifier="mw" /><variable identifier="w7" /><variable identifier="mw" /><variable identifier="w8" /><variable identifier="mw" /><variable identifier="w9" /><variable identifier="mw" /><variable identifier="wa" /><variable identifier="mw" /><variable identifier="wb" /><variable identifier="mw" /></customOperator></setTemplateValue><setTemplateValue identifier="st"><customOperator definition="MAXIMA" value="float(sqrt($(1)));"><variable identifier="ev" /></customOperator></setTemplateValue><setTemplateValue identifier="spannweite"><customOperator definition="MAXIMA" value="float(max($(1),$(2),$(3),$(4),$(5),$(6),$(7),$(8),$(9),$(10), $(11))- min($(12),$(13),$(14),$(15),$(16),$(17),$(18),$(19),$(20),$(21), $(22)));"><variable identifier="w1" /><variable identifier="w2" /><variable identifier="w3" /><variable identifier="w4" /><variable identifier="w5" /><variable identifier="w6" /><variable identifier="w7" /><variable identifier="w8" /><variable identifier="w9" /><variable identifier="wa" /><variable identifier="wb" /><variable identifier="w1" /><variable identifier="w2" /><variable identifier="w3" /><variable identifier="w4" /><variable identifier="w5" /><variable identifier="w6" /><variable identifier="w7" /><variable identifier="w8" /><variable identifier="w9" /><variable identifier="wa" /><variable identifier="wb" /></customOperator></setTemplateValue><setTemplateValue identifier="mw9"><customOperator definition="MAXIMA" value="float(($(1)+$(2)+$(3)+$(4)+$(5)+$(6)+$(7)+$(8)+$(9))/9)"><variable identifier="w1" /><variable identifier="w2" /><variable identifier="w3" /><variable identifier="w4" /><variable identifier="w5" /><variable identifier="w6" /><variable identifier="w7" /><variable identifier="w8" /><variable identifier="w9" /></customOperator></setTemplateValue><setCorrectResponse identifier="RESPONSE_1403006743587"><variable identifier="mw" /></setCorrectResponse><setCorrectResponse identifier="RESPONSE_1403071828268"><variable identifier="spannweite" /></setCorrectResponse><setCorrectResponse identifier="RESPONSE_1403008036683"><variable identifier="ev" /></setCorrectResponse><setCorrectResponse identifier="RESPONSE_1403008421141"><variable identifier="st" /></setCorrectResponse></templateProcessing><itemBody ><p><p>Bei der jährlichen Messung des Wasserverbrauchs (in \(m^3\) ) von 11</p><p style="-qt-block-indent: 0; text-indent: 0px; margin: 0px;">Haushalten ergaben sich die folgenden Werte:</p><p style="-qt-block-indent: 0; text-indent: 0px; margin: 0px;">(<em>Falls hier einige der 11 Zahlen gleich Null sind, starten Sie bitte den Test erneut- der Zufallszahlengenerator muß gelegendlich erst warm werden.)</em></p><p style="-qt-block-indent: 0; text-indent: 0px; margin: 0px;"> </p><p style="-qt-block-indent: 0; text-indent: 0px; margin: 0px;"><printedVariable identifier="w1" />, <printedVariable identifier="w2" /> , <printedVariable identifier="w3" /> , <printedVariable identifier="w4" /> ,<printedVariable identifier="w5" /> , <printedVariable identifier="w6" /> , <printedVariable identifier="w7" /> , <printedVariable identifier="w8" /> , <printedVariable identifier="w9" /> , <printedVariable identifier="wa" /> , <printedVariable identifier="wb" /></p><p style="-qt-block-indent: 0; text-indent: 0px; margin: 0px;"> </p><p style="-qt-block-indent: 0; text-indent: 0px; margin: 0px;">Zu der angegebenen Messreihe berechne man die folgenden Masszahlen, jeweils gerundet auf eine Stelle nach dem Komma:</p><p style="-qt-block-indent: 0; text-indent: 0px; margin: 0px;"> </p><p style="-qt-block-indent: 0; text-indent: 0px; margin: 0px;">a.) arithmetisches Mittel = \(\overline{x}\) = <textEntryInteraction responseIdentifier="RESPONSE_1403006743587" expectedLength="6" />\(m^3\)</p><p style="-qt-block-indent: 0; text-indent: 0px; margin: 0px;">b.) Spannweite = d = <textEntryInteraction responseIdentifier="RESPONSE_1403071828268" expectedLength="2" /> \(m^3\)</p><p style="-qt-block-indent: 0; text-indent: 0px; margin: 0px;">c.) empirische Varianz = \(s^2\) = <textEntryInteraction responseIdentifier="RESPONSE_1403008036683" expectedLength="3" /> \((m^3)^2\)</p><p style="-qt-block-indent: 0; text-indent: 0px; margin: 0px;">d.) Standardabweichung = s = <textEntryInteraction responseIdentifier="RESPONSE_1403008421141" expectedLength="2" /> \(m^3\)</p><p style="-qt-block-indent: 0; text-indent: 0px; margin: 0px;"> </p><p> </p><p> </p></p></itemBody><responseProcessing><responseCondition><responseIf><equal toleranceMode="absolute" tolerance="0.1 0.1" includeLowerBound="true" includeUpperBound="true"><variable identifier="RESPONSE_1403006743587" /><correct identifier="RESPONSE_1403006743587" /></equal><setOutcomeValue identifier="SCORE"><sum><variable identifier="SCORE" /><baseValue baseType="float">1</baseValue></sum></setOutcomeValue></responseIf></responseCondition><responseCondition><responseIf><not><isNull><variable identifier="RESPONSE_1403006743587" /></isNull></not><setOutcomeValue identifier="FEEDBACKBASIC"><baseValue baseType="identifier">incorrect</baseValue></setOutcomeValue></responseIf></responseCondition><responseCondition><responseIf><equal toleranceMode="exact"><variable identifier="RESPONSE_1403071828268" /><correct identifier="RESPONSE_1403071828268" /></equal><setOutcomeValue identifier="SCORE"><sum><variable identifier="SCORE" /><baseValue baseType="float">1</baseValue></sum></setOutcomeValue></responseIf></responseCondition><responseCondition><responseIf><not><isNull><variable identifier="RESPONSE_1403071828268" /></isNull></not><setOutcomeValue identifier="FEEDBACKBASIC"><baseValue baseType="identifier">incorrect</baseValue></setOutcomeValue></responseIf></responseCondition><responseCondition><responseIf><equal toleranceMode="absolute" tolerance="0.1 0.1" includeLowerBound="true" includeUpperBound="true"><variable identifier="RESPONSE_1403008036683" /><correct identifier="RESPONSE_1403008036683" /></equal><setOutcomeValue identifier="SCORE"><sum><variable identifier="SCORE" /><baseValue baseType="float">1</baseValue></sum></setOutcomeValue></responseIf></responseCondition><responseCondition><responseIf><not><isNull><variable identifier="RESPONSE_1403008036683" /></isNull></not><setOutcomeValue identifier="FEEDBACKBASIC"><baseValue baseType="identifier">incorrect</baseValue></setOutcomeValue></responseIf></responseCondition><responseCondition><responseIf><equal toleranceMode="absolute" tolerance="0.1 0.1" includeLowerBound="true" includeUpperBound="true"><variable identifier="RESPONSE_1403008421141" /><correct identifier="RESPONSE_1403008421141" /></equal><setOutcomeValue identifier="SCORE"><sum><variable identifier="SCORE" /><baseValue baseType="float">1</baseValue></sum></setOutcomeValue></responseIf></responseCondition><responseCondition><responseIf><not><isNull><variable identifier="RESPONSE_1403008421141" /></isNull></not><setOutcomeValue identifier="FEEDBACKBASIC"><baseValue baseType="identifier">incorrect</baseValue></setOutcomeValue></responseIf></responseCondition><responseCondition><responseIf><and><not><match><variable identifier="FEEDBACKBASIC" /><baseValue baseType="identifier">empty</baseValue></match></not><equal toleranceMode="exact"><variable identifier="SCORE" /><variable identifier="MAXSCORE" /></equal></and><setOutcomeValue identifier="FEEDBACKBASIC"><baseValue baseType="identifier">correct</baseValue></setOutcomeValue></responseIf></responseCondition></responseProcessing></assessmentItem>
