<?xml version="1.0" encoding="UTF-8"?>
<assessmentItem xmlns="http://www.imsglobal.org/xsd/imsqti_v2p1" xmlns:xsi="http://www.w3.org/2001/XMLSchema-instance" xsi:schemaLocation="http://www.imsglobal.org/xsd/imsqti_v2p1 http://www.imsglobal.org/xsd/qti/qtiv2p1/imsqti_v2p1p1.xsd http://www.w3.org/1998/Math/MathML http://www.w3.org/Math/XMLSchema/mathml2/mathml2.xsd" identifier="idafa40abe-13cf-4aee-8261-460cd05516e9" title="ableitung_elementar_02" adaptive="false" timeDependent="false"><responseDeclaration identifier="RESPONSE_1409048456329" cardinality="single" baseType="string" /><outcomeDeclaration identifier="SCORE" cardinality="single" baseType="float"><defaultValue><value>0</value></defaultValue></outcomeDeclaration><outcomeDeclaration identifier="MAXSCORE" cardinality="single" baseType="float"><defaultValue><value>1</value></defaultValue></outcomeDeclaration><outcomeDeclaration identifier="FEEDBACKBASIC" cardinality="single" baseType="identifier" view="testConstructor"><defaultValue><value>empty</value></defaultValue></outcomeDeclaration><outcomeDeclaration identifier="FEEDBACKMODAL" cardinality="multiple" baseType="identifier" view="testConstructor" /><templateDeclaration identifier="a" cardinality="single" baseType="integer" /><templateDeclaration identifier="b" cardinality="single" baseType="integer" /><templateDeclaration identifier="c" cardinality="single" baseType="integer" /><templateDeclaration identifier="z" cardinality="single" baseType="integer" /><templateDeclaration identifier="n" cardinality="single" baseType="integer" /><templateDeclaration identifier="z_1" cardinality="single" baseType="integer" /><templateProcessing><setTemplateValue identifier="a"><randomInteger min="3" max="6" /></setTemplateValue><setTemplateValue identifier="b"><randomInteger min="3" max="6" /></setTemplateValue><setTemplateValue identifier="c"><randomInteger min="2" max="5" /></setTemplateValue><setTemplateValue identifier="z"><customOperator definition="MAXIMA" value="float(2*$(1)+$(2)+4);"><variable identifier="b" /><variable identifier="c" /></customOperator></setTemplateValue><setTemplateValue identifier="n"><customOperator definition="MAXIMA" value="float(4*$(1));"><variable identifier="a" /></customOperator></setTemplateValue><setTemplateValue identifier="z_1"><customOperator definition="MAXIMA" value="float($(1) - $(2));"><variable identifier="z" /><variable identifier="n" /></customOperator></setTemplateValue><setCorrectResponse identifier="RESPONSE_1409048456329"><customOperator definition="VARIABLESTRING" value="$(1)/$(2)*x^($(3)/$(2))"><variable identifier="z" /><variable identifier="n" /><variable identifier="z_1" /></customOperator></setCorrectResponse></templateProcessing><itemBody ><p>Bestimmen Sie die Ableitung der folgenden Funktion durch Zurückführung auf elementare Funktionen! Bitte vereinfachen Sie Ihre Lösung soweit wie möglich.</p><p><span style="font-size: 10pt;"><span style="font-size: 10pt;">$$\qquad f(x) = \sqrt[\displaystyle<printedVariable identifier="a" />]{x\sqrt{x^<printedVariable identifier="b" />\sqrt{x^<printedVariable identifier="c" />}}} \qquad\qquad$$</span></span> <strong>Ergebnis:</strong> $$f'(x) = $$ <textEntryInteraction responseIdentifier="RESPONSE_1409048456329" class="maxima-formula show-latex" /></p><p> </p><p>Hinweise zur Formeleingabe:</p><ul><li>\(\frac{x}{y}\) = x/y, \(x^y\) = x^y</li><li>\(x\cdot y\) = x*y, z.B. \(3x\) = 3*x \(\Rightarrow\) Bitte keine * vergessen!</li><li>Durch Klicken auf die ?-Schaltfläche können Sie Ihre Formel vor Speichern der Antwort zunächst überprüfen.</li></ul><p> </p></itemBody><responseProcessing><responseCondition><responseIf><customOperator definition="MAXIMA" value="is(equal(ev($(1)),ev($(2))));"><variable identifier="RESPONSE_1409048456329" /><correct identifier="RESPONSE_1409048456329" /></customOperator><setOutcomeValue identifier="SCORE"><sum><variable identifier="SCORE" /><baseValue baseType="float">1</baseValue></sum></setOutcomeValue></responseIf></responseCondition><responseCondition><responseIf><not><isNull><variable identifier="RESPONSE_1409048456329" /></isNull></not><setOutcomeValue identifier="FEEDBACKBASIC"><baseValue baseType="identifier">incorrect</baseValue></setOutcomeValue></responseIf></responseCondition><responseCondition><responseIf><and><not><match><variable identifier="FEEDBACKBASIC" /><baseValue baseType="identifier">empty</baseValue></match></not><equal toleranceMode="exact"><variable identifier="SCORE" /><variable identifier="MAXSCORE" /></equal></and><setOutcomeValue identifier="FEEDBACKBASIC"><baseValue baseType="identifier">correct</baseValue></setOutcomeValue></responseIf></responseCondition><responseCondition><responseIf><and><match><baseValue baseType="identifier">correct</baseValue><variable identifier="FEEDBACKBASIC" /></match></and><setOutcomeValue identifier="FEEDBACKMODAL"><multiple><variable identifier="FEEDBACKMODAL" /><baseValue baseType="identifier">Feedback177095459</baseValue></multiple></setOutcomeValue></responseIf></responseCondition><responseCondition><responseIf><and><match><baseValue baseType="identifier">incorrect</baseValue><variable identifier="FEEDBACKBASIC" /></match></and><setOutcomeValue identifier="FEEDBACKMODAL"><multiple><variable identifier="FEEDBACKMODAL" /><baseValue baseType="identifier">Feedback965659144</baseValue></multiple></setOutcomeValue></responseIf></responseCondition></responseProcessing><modalFeedback  identifier="Feedback177095459" outcomeIdentifier="FEEDBACKMODAL" showHide="show" title="Richtig!" /><modalFeedback  identifier="Feedback965659144" outcomeIdentifier="FEEDBACKMODAL" showHide="show" title="Beachte:"><p><span style="font-size: 10pt;"><span style="font-size: 10pt;">$$\qquad\qquad\qquad \sqrt[\displaystyle<printedVariable identifier="a" />]{x\sqrt{x^<printedVariable identifier="b" />\sqrt{x^<printedVariable identifier="c" />}}} = \bigg(x \cdot \Big(x^<printedVariable identifier="b" /> \cdot (x^<printedVariable identifier="c" />)^{\frac{^1}{2}}\Big)^{\frac{1}{2}}\bigg)^{\frac{1}{<printedVariable identifier="a" />}} = \bigg(x \cdot \Big(x^{\frac{<printedVariable identifier="c" />}{2}+<printedVariable identifier="b" />}\Big)^{\frac{1}{2}}\bigg)^{\frac{1}{<printedVariable identifier="a" />}} = \dots = $$ <span style="font-size: 12pt;">$$x^{\frac{<printedVariable identifier="z" />}{<printedVariable identifier="n" />}}$$</span><br /></span></span></p><p><span style="font-size: 10pt;"><span style="font-size: 10pt;">Lösung: \(\qquad f'(x) = \frac{<printedVariable identifier="z" />}{<printedVariable identifier="n" />}x^{\frac{<printedVariable identifier="z_1" />}{<printedVariable identifier="n" />}}\)</span></span></p></modalFeedback></assessmentItem>
