<?xml version="1.0" encoding="UTF-8"?>
<assessmentItem xmlns="http://www.imsglobal.org/xsd/imsqti_v2p1" xmlns:xsi="http://www.w3.org/2001/XMLSchema-instance" xsi:schemaLocation="http://www.imsglobal.org/xsd/imsqti_v2p1 http://www.imsglobal.org/xsd/qti/qtiv2p1/imsqti_v2p1p1.xsd http://www.w3.org/1998/Math/MathML http://www.w3.org/Math/XMLSchema/mathml2/mathml2.xsd" identifier="id1c9cddd7-0f56-4ba4-aa0c-41fc65f6adb4" title="winkelfunktion_graphisch_02" adaptive="false" timeDependent="false"><responseDeclaration identifier="RESPONSE_1" cardinality="multiple" baseType="identifier"><correctResponse><value>idae1b5aea-109d-4aa3-b9b8-8494f7989e2e</value></correctResponse><mapping defaultValue="0" lowerBound="0.0"><mapEntry mapKey="idae1b5aea-109d-4aa3-b9b8-8494f7989e2e" mappedValue="1.0" /><mapEntry mapKey="id38627886-0473-4fb6-9066-d6052017eb98" mappedValue="-0.5" /><mapEntry mapKey="idf024396f-8379-4d2a-8ce0-4fba7f3c272a" mappedValue="-0.5" /></mapping></responseDeclaration><outcomeDeclaration identifier="SCORE" cardinality="single" baseType="float"><defaultValue><value>0</value></defaultValue></outcomeDeclaration><outcomeDeclaration identifier="MAXSCORE" cardinality="single" baseType="float"><defaultValue><value>1</value></defaultValue></outcomeDeclaration><outcomeDeclaration identifier="FEEDBACKBASIC" cardinality="single" baseType="identifier" view="testConstructor"><defaultValue><value>empty</value></defaultValue></outcomeDeclaration><itemBody ><p>Der Graph welcher Funktion ist auf folgendem Bild zu sehen? (mehrere Antworten möglich)</p><p><img src="media%2Fmedium656936384540562532sin_x_2.png" alt="" width="500" height="104" /></p><choiceInteraction responseIdentifier="RESPONSE_1" shuffle="true" maxChoices="0"><simpleChoice identifier="idae1b5aea-109d-4aa3-b9b8-8494f7989e2e"><p>\(\sin(\frac x2)\)</p></simpleChoice><simpleChoice identifier="id38627886-0473-4fb6-9066-d6052017eb98"><p>\(\sin(x)\)</p></simpleChoice><simpleChoice identifier="idf024396f-8379-4d2a-8ce0-4fba7f3c272a"><p>\(\sin(2x)\)</p></simpleChoice></choiceInteraction></itemBody><responseProcessing><responseCondition><responseIf><not><isNull><variable identifier="RESPONSE_1" /></isNull></not><setOutcomeValue identifier="SCORE"><sum><variable identifier="SCORE" /><mapResponse identifier="RESPONSE_1" /></sum></setOutcomeValue><setOutcomeValue identifier="FEEDBACKBASIC"><baseValue baseType="identifier">incorrect</baseValue></setOutcomeValue></responseIf></responseCondition><responseCondition><responseIf><and><not><match><variable identifier="FEEDBACKBASIC" /><baseValue baseType="identifier">empty</baseValue></match></not><equal toleranceMode="exact"><variable identifier="SCORE" /><variable identifier="MAXSCORE" /></equal></and><setOutcomeValue identifier="FEEDBACKBASIC"><baseValue baseType="identifier">correct</baseValue></setOutcomeValue></responseIf></responseCondition></responseProcessing></assessmentItem>
