<?xml version="1.0" encoding="UTF-8"?>
<manifest
	xmlns="http://www.imsglobal.org/xsd/imscp_v1p1"
	xmlns:xsi="http://www.w3.org/2001/XMLSchema-instance" 
	xsi:schemaLocation="http://www.imsglobal.org/xsd/imscp_v1p1 http://www.imsglobal.org/xsd/qti/qtiv2p1/qtiv2p1_imscpv1p2_v1p0.xsd 
											http://www.imsglobal.org/xsd/imsqti_v2p1 http://www.imsglobal.org/xsd/qti/qtiv2p1/imsqti_v2p1p1.xsd 
											http://www.imsglobal.org/xsd/imsqti_metadata_v2p1 http://www.imsglobal.org/xsd/qti/qtiv2p1/imsqti_metadata_v2p1p1.xsd
											http://ltsc.ieee.org/xsd/LOM http://www.imsglobal.org/xsd/imsmd_loose_v1p3p2.xsd"
	identifier="manifestID">
	<metadata>
		<schema>QTIv2.1 Package</schema>
    <schemaversion>1.0.0</schemaversion>
  </metadata>
	<organizations />
	<resources>
		<resource identifier="id1c9cddd7_0f56_4ba4_aa0c_41fc65f6adb4" type="imsqti_item_xmlv2p1" href="id1c9cddd7-0f56-4ba4-aa0c-41fc65f6adb4.xml"><metadata><lom xmlns="http://ltsc.ieee.org/xsd/LOM"><general ><identifier><entry>id1c9cddd7-0f56-4ba4-aa0c-41fc65f6adb4</entry></identifier><title><string language="en_US">winkelfunktion_graphisch_02</string></title><language>de</language><keyword><string language="en_US">Winkelfunktionen</string></keyword></general><lifeCycle ><contribute><date><dateTime>2014-05-15T13:47:09</dateTime></date><role><source>LOMv1.0</source><value>author</value></role><entity>BEGIN:VCARD&#xD;
VERSION:4.0&#xD;
FN:nesfr@tu-chemnitz.de&#xD;
PRODID:ONYX Editor 5.6.1&#xD;
END:VCARD&#xD;
</entity></contribute></lifeCycle><educational ><learningResourceType><source>QTIv2.1</source><value>AssessmentItem</value></learningResourceType></educational><qtiMetadata xmlns="http://www.imsglobal.org/xsd/imsqti_metadata_v2p1"><interactionType >choiceInteraction</interactionType><toolName >ONYX Editor</toolName><toolVersion >4.7.3</toolVersion><toolVendor >BPS Bildungsportal Sachsen GmbH</toolVendor></qtiMetadata></lom></metadata><file href="id1c9cddd7-0f56-4ba4-aa0c-41fc65f6adb4.xml" /><file href="media/medium656936384540562532sin_x_2.png" /></resource>
	</resources>
</manifest>
