<?xml version="1.0" encoding="UTF-8"?>
<assessmentItem xmlns="http://www.imsglobal.org/xsd/imsqti_v2p1" xmlns:xsi="http://www.w3.org/2001/XMLSchema-instance" xsi:schemaLocation="http://www.imsglobal.org/xsd/imsqti_v2p1 http://www.imsglobal.org/xsd/qti/qtiv2p1/imsqti_v2p1p1.xsd http://www.w3.org/1998/Math/MathML http://www.w3.org/Math/XMLSchema/mathml2/mathml2.xsd" identifier="idecae51b3-ade0-4f70-92bb-063a2b0a6707" title="log_ab(a)+log_ab(b)" adaptive="false" timeDependent="false"><responseDeclaration identifier="RESPONSE_1407945488903" cardinality="single" baseType="float"><correctResponse><value>1</value></correctResponse></responseDeclaration><outcomeDeclaration identifier="SCORE" cardinality="single" baseType="float"><defaultValue><value>0</value></defaultValue></outcomeDeclaration><outcomeDeclaration identifier="MAXSCORE" cardinality="single" baseType="float"><defaultValue><value>1</value></defaultValue></outcomeDeclaration><outcomeDeclaration identifier="FEEDBACKBASIC" cardinality="single" baseType="identifier" view="testConstructor"><defaultValue><value>empty</value></defaultValue></outcomeDeclaration><outcomeDeclaration identifier="FEEDBACKMODAL" cardinality="multiple" baseType="identifier" view="testConstructor" /><templateDeclaration identifier="a" cardinality="single" baseType="integer" /><templateDeclaration identifier="b" cardinality="single" baseType="integer" /><templateDeclaration identifier="ab" cardinality="single" baseType="integer" /><templateProcessing><setTemplateValue identifier="a"><randomInteger min="2" max="8" step="2" /></setTemplateValue><setTemplateValue identifier="b"><randomInteger min="3" max="9" step="2" /></setTemplateValue><setTemplateValue identifier="ab"><customOperator definition="MAXIMA" value="float($(1)*$(2));"><variable identifier="a" /><variable identifier="b" /></customOperator></setTemplateValue></templateProcessing><itemBody ><p>Vereinfachen Sie und geben Sie das Ergebnis an!</p><p>\(\log_{<printedVariable identifier="ab" />}<printedVariable identifier="a" />+\log_{<printedVariable identifier="ab" />}<printedVariable identifier="b" />=\) <textEntryInteraction responseIdentifier="RESPONSE_1407945488903" expectedLength="4" />.</p></itemBody><responseProcessing><responseCondition><responseIf><equal toleranceMode="exact"><variable identifier="RESPONSE_1407945488903" /><correct identifier="RESPONSE_1407945488903" /></equal><setOutcomeValue identifier="SCORE"><sum><variable identifier="SCORE" /><baseValue baseType="float">1</baseValue></sum></setOutcomeValue></responseIf></responseCondition><responseCondition><responseIf><not><isNull><variable identifier="RESPONSE_1407945488903" /></isNull></not><setOutcomeValue identifier="FEEDBACKBASIC"><baseValue baseType="identifier">incorrect</baseValue></setOutcomeValue></responseIf></responseCondition><responseCondition><responseIf><and><not><match><variable identifier="FEEDBACKBASIC" /><baseValue baseType="identifier">empty</baseValue></match></not><equal toleranceMode="exact"><variable identifier="SCORE" /><variable identifier="MAXSCORE" /></equal></and><setOutcomeValue identifier="FEEDBACKBASIC"><baseValue baseType="identifier">correct</baseValue></setOutcomeValue></responseIf></responseCondition><responseCondition><responseIf><and><match><baseValue baseType="identifier">correct</baseValue><variable identifier="FEEDBACKBASIC" /></match></and><setOutcomeValue identifier="FEEDBACKMODAL"><multiple><variable identifier="FEEDBACKMODAL" /><baseValue baseType="identifier">Feedback1888114724</baseValue></multiple></setOutcomeValue></responseIf></responseCondition><responseCondition><responseIf><and><match><baseValue baseType="identifier">incorrect</baseValue><variable identifier="FEEDBACKBASIC" /></match></and><setOutcomeValue identifier="FEEDBACKMODAL"><multiple><variable identifier="FEEDBACKMODAL" /><baseValue baseType="identifier">Feedback637120688</baseValue></multiple></setOutcomeValue></responseIf></responseCondition></responseProcessing><modalFeedback  identifier="Feedback1888114724" outcomeIdentifier="FEEDBACKMODAL" showHide="show" title="Richtig!"><p>Musterlösgung:</p><p>$$\log_{<printedVariable identifier="ab" />}<printedVariable identifier="a" />+\log_{<printedVariable identifier="ab" />}<printedVariable identifier="b" />=\log_{<printedVariable identifier="ab" />}(<printedVariable identifier="a" />\cdot<printedVariable identifier="b" />)=\log_{<printedVariable identifier="ab" />}<printedVariable identifier="ab" />=1$$.</p></modalFeedback><modalFeedback  identifier="Feedback637120688" outcomeIdentifier="FEEDBACKMODAL" showHide="show" title="Leider falsch!"><p>Musterlösgung:</p><p>$$\log_{<printedVariable identifier="ab" />}<printedVariable identifier="a" />+\log_{<printedVariable identifier="ab" />}<printedVariable identifier="b" />=\log_{<printedVariable identifier="ab" />}(<printedVariable identifier="a" />\cdot<printedVariable identifier="b" />)=\log_{<printedVariable identifier="ab" />}<printedVariable identifier="ab" />=1$$.</p></modalFeedback></assessmentItem>
