<?xml version="1.0" encoding="UTF-8"?>
<assessmentItem xmlns="http://www.imsglobal.org/xsd/imsqti_v2p1" xmlns:xsi="http://www.w3.org/2001/XMLSchema-instance" xsi:schemaLocation="http://www.imsglobal.org/xsd/imsqti_v2p1 http://www.imsglobal.org/xsd/qti/qtiv2p1/imsqti_v2p1p1.xsd http://www.w3.org/1998/Math/MathML http://www.w3.org/Math/XMLSchema/mathml2/mathml2.xsd" identifier="idc2395b61-5fcb-4bf7-a53f-6a1595bea5d9" title="4x4DeterminanteUndExistenzInverse" adaptive="false" timeDependent="false"><responseDeclaration identifier="RESPONSE_1409571701269" cardinality="single" baseType="string" /><responseDeclaration identifier="RESPONSE" cardinality="single" baseType="float"><correctResponse><value>0</value></correctResponse></responseDeclaration><responseDeclaration identifier="RESPONSE_1389686153927" cardinality="single" baseType="float"><correctResponse><value>0</value></correctResponse></responseDeclaration><outcomeDeclaration identifier="SCORE" cardinality="single" baseType="float"><defaultValue><value>0</value></defaultValue></outcomeDeclaration><outcomeDeclaration identifier="MAXSCORE" cardinality="single" baseType="float"><defaultValue><value>8</value></defaultValue></outcomeDeclaration><outcomeDeclaration identifier="FEEDBACKBASIC" cardinality="single" baseType="identifier" view="testConstructor"><defaultValue><value>empty</value></defaultValue></outcomeDeclaration><outcomeDeclaration identifier="FEEDBACKMODAL" cardinality="multiple" baseType="identifier" view="testConstructor" /><templateDeclaration identifier="s1" cardinality="single" baseType="integer" /><templateDeclaration identifier="a" cardinality="single" baseType="integer" /><templateDeclaration identifier="b" cardinality="single" baseType="integer" /><templateDeclaration identifier="a12" cardinality="single" baseType="integer" /><templateDeclaration identifier="s2" cardinality="single" baseType="integer" /><templateProcessing><setTemplateValue identifier="s1"><randomInteger min="0" max="0" /></setTemplateValue><setTemplateValue identifier="a"><randomInteger min="-2" max="6" /></setTemplateValue><templateCondition><templateIf><match><variable identifier="a" /><baseValue baseType="integer">0</baseValue></match><setTemplateValue identifier="a"><randomInteger min="2" max="6" /></setTemplateValue></templateIf></templateCondition><setTemplateValue identifier="b"><randomInteger min="-5" max="5" /></setTemplateValue><templateCondition><templateIf><match><variable identifier="b" /><baseValue baseType="integer">0</baseValue></match><setTemplateValue identifier="b"><randomInteger min="2" max="7" /></setTemplateValue></templateIf></templateCondition><setTemplateValue identifier="a12"><customOperator definition="MAXIMA" value="float($(1)*$(2));"><variable identifier="a" /><variable identifier="b" /></customOperator></setTemplateValue><setTemplateValue identifier="s2"><customOperator definition="MAXIMA" value="float($(1)+3);"><variable identifier="a" /></customOperator></setTemplateValue><setCorrectResponse identifier="RESPONSE_1409571701269"><customOperator definition="VARIABLESTRING" value="$(1)*$(2)*(-$(1)-3+s)*s^3"><variable identifier="a" /><variable identifier="b" /></customOperator></setCorrectResponse><setCorrectResponse identifier="RESPONSE"><variable identifier="s1" /></setCorrectResponse><setCorrectResponse identifier="RESPONSE_1389686153927"><variable identifier="s2" /></setCorrectResponse></templateProcessing><itemBody ><p><strong>Berechne die Determinante der Matrix A in Abhängigkeit des Parameters s. </strong></p><p><strong>Gebe die Determinante in Maxima Schreibweise an.<br /></strong></p><p><strong>$$A = \left(\begin{array}{cccc}0&amp; <printedVariable identifier="a12" />&amp; <printedVariable identifier="b" />&amp; <printedVariable identifier="b" />\\ <printedVariable identifier="a" />&amp; 0&amp; s&amp; s^2\\ <printedVariable identifier="a" />&amp; s&amp; 0&amp; s \\ <printedVariable identifier="a" />&amp; s^2&amp; s&amp; 0 \end{array}\right)$$</strong></p><p><strong>Det (A) = <textEntryInteraction responseIdentifier="RESPONSE_1409571701269" expectedLength="6" class="maxima-formula show-latex show-syntax-error" /><br /></strong></p><p><strong>Für welche s ist die Matrix A nicht invertierbar ? Gebe die Lösungen in aufsteigender Reihenfolge ein. </strong></p><p>\(s_1\) =  <textEntryInteraction responseIdentifier="RESPONSE" />,  \( s_2 = \) <textEntryInteraction responseIdentifier="RESPONSE_1389686153927" /></p></itemBody><responseProcessing><responseCondition><responseIf><customOperator definition="MAXIMA" value="is(equal(ev($(1)),ev($(2))));"><variable identifier="RESPONSE_1409571701269" /><correct identifier="RESPONSE_1409571701269" /></customOperator><setOutcomeValue identifier="SCORE"><sum><variable identifier="SCORE" /><baseValue baseType="float">1</baseValue></sum></setOutcomeValue></responseIf></responseCondition><responseCondition><responseIf><not><isNull><variable identifier="RESPONSE_1409571701269" /></isNull></not><setOutcomeValue identifier="FEEDBACKBASIC"><baseValue baseType="identifier">incorrect</baseValue></setOutcomeValue></responseIf></responseCondition><responseCondition><responseIf><equal toleranceMode="exact"><variable identifier="RESPONSE" /><correct identifier="RESPONSE" /></equal><setOutcomeValue identifier="SCORE"><sum><variable identifier="SCORE" /><baseValue baseType="float">3</baseValue></sum></setOutcomeValue></responseIf></responseCondition><responseCondition><responseIf><not><isNull><variable identifier="RESPONSE" /></isNull></not><setOutcomeValue identifier="FEEDBACKBASIC"><baseValue baseType="identifier">incorrect</baseValue></setOutcomeValue></responseIf></responseCondition><responseCondition><responseIf><equal toleranceMode="exact"><variable identifier="RESPONSE_1389686153927" /><correct identifier="RESPONSE_1389686153927" /></equal><setOutcomeValue identifier="SCORE"><sum><variable identifier="SCORE" /><baseValue baseType="float">4</baseValue></sum></setOutcomeValue></responseIf></responseCondition><responseCondition><responseIf><not><isNull><variable identifier="RESPONSE_1389686153927" /></isNull></not><setOutcomeValue identifier="FEEDBACKBASIC"><baseValue baseType="identifier">incorrect</baseValue></setOutcomeValue></responseIf></responseCondition><responseCondition><responseIf><and><not><match><variable identifier="FEEDBACKBASIC" /><baseValue baseType="identifier">empty</baseValue></match></not><equal toleranceMode="exact"><variable identifier="SCORE" /><variable identifier="MAXSCORE" /></equal></and><setOutcomeValue identifier="FEEDBACKBASIC"><baseValue baseType="identifier">correct</baseValue></setOutcomeValue></responseIf></responseCondition><responseCondition><responseIf><and><match><baseValue baseType="identifier">incorrect</baseValue><variable identifier="FEEDBACKBASIC" /></match></and><setOutcomeValue identifier="FEEDBACKMODAL"><multiple><variable identifier="FEEDBACKMODAL" /><baseValue baseType="identifier">Feedback1052084378</baseValue></multiple></setOutcomeValue></responseIf></responseCondition></responseProcessing><modalFeedback  identifier="Feedback1052084378" outcomeIdentifier="FEEDBACKMODAL" showHide="show"><p>Musterlösung: Es gilt A invertierbar genau dann wenn \(Det(A) \not = 0\). Also müssen die s ermittelt werden, für die  \(Det(A) = 0\) gilt; für diese s wäre dann A nicht invertierbar.</p><p>\(det(A)  = \begin{vmatrix} 0&amp; 1&amp; 1&amp; 1\\ 1&amp; 0&amp; s&amp; s^2\\ 1&amp; s&amp; 0&amp; s \\ 1&amp; s^2&amp; s&amp; 0 \end{vmatrix}\). Subtrahiere Spalte 4 von Spalte 2 und erhalte damit \(det(A)  = \begin{vmatrix} 0&amp; 0&amp; 1&amp; 1\\ 1&amp; -s^2 &amp; s&amp; s^2\\ 1&amp; 0&amp; 0&amp; s \\ 1&amp; s^2&amp; s&amp; 0 \end{vmatrix}\). Ziehe jetzt den faktor \(-s^2\) aus der zweiten Spalte heraus und erhalte \(det(A)  = - s^2 \cdot \begin{vmatrix} 0&amp; 0&amp; 1&amp; 1\\ 1&amp; 1 &amp; s&amp; s^2 \\ 1&amp; 0&amp; 0&amp; s \\ 1&amp; -1 &amp; s&amp; 0 \end{vmatrix}\). Addiere jetzt Zeile 2 zu Zeile 4: \(det(A)  = - s^2 \cdot \begin{vmatrix} 0&amp; 0&amp; 1&amp; 1\\ 1&amp; 1 &amp; s&amp; s^2 \\ 1&amp; 0&amp; 0&amp; s \\ 2&amp; 0 &amp; 2s&amp; s^2 \end{vmatrix}\)<strong>. </strong>Entwickle nun nach der zweiten Spalte, dies ergibt: \(det(A)  = - s^2 \cdot \begin{vmatrix} 0&amp; 1&amp; 1\\ 1&amp; 0 &amp; s \\ 2&amp;  2s&amp; s^2 \end{vmatrix} = -s^2 ( 4s -s^2) \) unter Anwendung der Regel von Sarrus auf die 3x3 Determinante. Man liest hier die Nullstellen \(s_1 = 0, s_2 = 4 \) ab, dies sind die s für die Det(A) = 0 wird und damit die s für die A nicht invertierbar ist.<strong><br /></strong></p></modalFeedback></assessmentItem>
