<?xml version="1.0" encoding="UTF-8"?>
<manifest
	xmlns="http://www.imsglobal.org/xsd/imscp_v1p1"
	xmlns:xsi="http://www.w3.org/2001/XMLSchema-instance" 
	xsi:schemaLocation="http://www.imsglobal.org/xsd/imscp_v1p1 http://www.imsglobal.org/xsd/qti/qtiv2p1/qtiv2p1_imscpv1p2_v1p0.xsd 
											http://www.imsglobal.org/xsd/imsqti_v2p1 http://www.imsglobal.org/xsd/qti/qtiv2p1/imsqti_v2p1p1.xsd 
											http://www.imsglobal.org/xsd/imsqti_metadata_v2p1 http://www.imsglobal.org/xsd/qti/qtiv2p1/imsqti_metadata_v2p1p1.xsd
											http://ltsc.ieee.org/xsd/LOM http://www.imsglobal.org/xsd/imsmd_loose_v1p3p2.xsd"
	identifier="manifestID">
	<metadata>
		<schema>QTIv2.1 Package</schema>
    <schemaversion>1.0.0</schemaversion>
  </metadata>
	<organizations />
	<resources>
		<resource identifier="idc2395b61_5fcb_4bf7_a53f_6a1595bea5d9" type="imsqti_item_xmlv2p1" href="idc2395b61-5fcb-4bf7-a53f-6a1595bea5d9.xml"><metadata><lom xmlns="http://ltsc.ieee.org/xsd/LOM"><general ><identifier><entry>idc2395b61-5fcb-4bf7-a53f-6a1595bea5d9</entry></identifier><title><string language="de">4x4DeterminanteUndExistenzInverse</string></title><language></language><description><string language="de">Bestimme für welche s eine 4x4Matrix A(s) invertierbar ist. &#xD;
Zufallszahlen generieren bei jedem Aufruf eine neue Aufgabe.</string></description><keyword><string language="de">Determinante</string></keyword><keyword><string language="de">Invertierbarkeit einer Matrix</string></keyword><keyword><string language="de">Matrix</string></keyword></general><lifeCycle ><contribute><date><dateTime>2015-01-15T13:36:58</dateTime></date><role><source>LOMv1.0</source><value>author</value></role><entity>BEGIN:VCARD&#xD;
VERSION:4.0&#xD;
N;LANGUAGE=de:Nestler;Franziska;;;&#xD;
FN:Franziska Nestler&#xD;
EMAIL:franziska.nestler@mathematik.tu-chemnitz.de&#xD;
PRODID:ONYX Editor 5.9.12&#xD;
END:VCARD&#xD;
</entity></contribute></lifeCycle><educational ><learningResourceType><source>QTIv2.1</source><value>AssessmentItem</value></learningResourceType><difficulty><source>LOMv1.0</source><value>difficult</value></difficulty><typicalLearningTime><duration>PT15M00S</duration></typicalLearningTime></educational><classification ><purpose><source>LOMv1.0</source><value>discipline</value></purpose><taxonPath><source><string language="de">Unknown</string></source><taxon><entry><string language="de">Mathematik.Algebra</string></entry></taxon></taxonPath></classification><classification ><purpose><source>LOMv1.0</source><value>competency</value></purpose><taxonPath><source><string language="de">Module</string></source><taxon><entry><string language="de">Mathematik 1</string></entry></taxon></taxonPath></classification><classification ><purpose><source>LOMv1.0</source><value>educational objective</value></purpose><taxonPath><source><string language="de">Bloom's taxonomy</string></source><taxon><entry><string language="de">application</string></entry></taxon></taxonPath></classification><classification ><purpose><source>LOMv1.0</source><value>target audience</value></purpose><taxonPath><source><string language="de">Unknown</string></source><taxon><entry><string language="de">Bachelor.1. Semester</string></entry></taxon></taxonPath></classification><qtiMetadata xmlns="http://www.imsglobal.org/xsd/imsqti_metadata_v2p1"><interactionType >textEntryInteraction</interactionType><toolName >ONYX Editor</toolName><toolVersion >5.1</toolVersion><toolVendor >BPS Bildungsportal Sachsen GmbH</toolVendor></qtiMetadata></lom></metadata><file href="idc2395b61-5fcb-4bf7-a53f-6a1595bea5d9.xml" /></resource>
	</resources>
</manifest>
