<?xml version="1.0" encoding="UTF-8"?>
<assessmentItem xmlns="http://www.imsglobal.org/xsd/imsqti_v2p1" xmlns:xsi="http://www.w3.org/2001/XMLSchema-instance" xsi:schemaLocation="http://www.imsglobal.org/xsd/imsqti_v2p1 http://www.imsglobal.org/xsd/qti/qtiv2p1/imsqti_v2p1p1.xsd http://www.w3.org/1998/Math/MathML http://www.w3.org/Math/XMLSchema/mathml2/mathml2.xsd" identifier="id510f894b-b894-43b9-8607-d64b76fa5d6c" title="vereinfachung_brüche_09" adaptive="false" timeDependent="false"><responseDeclaration identifier="RESPONSE_1409833509172" cardinality="single" baseType="string" /><responseDeclaration identifier="RESPONSE_1409833505785" cardinality="single" baseType="string" /><outcomeDeclaration identifier="SCORE" cardinality="single" baseType="float"><defaultValue><value>0</value></defaultValue></outcomeDeclaration><outcomeDeclaration identifier="MAXSCORE" cardinality="single" baseType="float"><defaultValue><value>1</value></defaultValue></outcomeDeclaration><outcomeDeclaration identifier="FEEDBACKBASIC" cardinality="single" baseType="identifier" view="testConstructor"><defaultValue><value>empty</value></defaultValue></outcomeDeclaration><outcomeDeclaration identifier="FEEDBACKMODAL" cardinality="multiple" baseType="identifier" view="testConstructor" /><templateDeclaration identifier="c" cardinality="single" baseType="integer" /><templateDeclaration identifier="d" cardinality="single" baseType="integer" /><templateProcessing><setTemplateValue identifier="c"><randomInteger min="2" max="8" /></setTemplateValue><setTemplateValue identifier="d"><randomInteger min="2" max="8" /></setTemplateValue><templateCondition><templateIf><match><variable identifier="c" /><baseValue baseType="integer">2</baseValue></match><setTemplateValue identifier="d"><random><multiple><baseValue baseType="integer">3</baseValue><baseValue baseType="integer">5</baseValue><baseValue baseType="integer">7</baseValue><baseValue baseType="integer">9</baseValue></multiple></random></setTemplateValue></templateIf><templateElseIf><match><variable identifier="c" /><baseValue baseType="integer">3</baseValue></match><setTemplateValue identifier="d"><random><multiple><baseValue baseType="integer">2</baseValue><baseValue baseType="integer">4</baseValue><baseValue baseType="integer">8</baseValue></multiple></random></setTemplateValue></templateElseIf><templateElseIf><match><variable identifier="c" /><baseValue baseType="integer">4</baseValue></match><setTemplateValue identifier="d"><random><multiple><baseValue baseType="integer">3</baseValue><baseValue baseType="integer">5</baseValue><baseValue baseType="integer">7</baseValue><baseValue baseType="integer">9</baseValue></multiple></random></setTemplateValue></templateElseIf><templateElseIf><match><variable identifier="c" /><baseValue baseType="integer">5</baseValue></match><setTemplateValue identifier="d"><random><multiple><baseValue baseType="integer">2</baseValue><baseValue baseType="integer">3</baseValue><baseValue baseType="integer">4</baseValue><baseValue baseType="integer">6</baseValue><baseValue baseType="integer">7</baseValue><baseValue baseType="integer">8</baseValue><baseValue baseType="integer">9</baseValue></multiple></random></setTemplateValue></templateElseIf><templateElseIf><match><variable identifier="c" /><baseValue baseType="integer">6</baseValue></match><setTemplateValue identifier="d"><random><multiple><baseValue baseType="integer">5</baseValue><baseValue baseType="integer">7</baseValue></multiple></random></setTemplateValue></templateElseIf><templateElseIf><match><variable identifier="c" /><baseValue baseType="integer">7</baseValue></match><setTemplateValue identifier="d"><random><multiple><baseValue baseType="integer">3</baseValue><baseValue baseType="integer">4</baseValue><baseValue baseType="integer">5</baseValue><baseValue baseType="integer">6</baseValue><baseValue baseType="integer">8</baseValue><baseValue baseType="integer">9</baseValue></multiple></random></setTemplateValue></templateElseIf><templateElseIf><match><variable identifier="c" /><baseValue baseType="integer">8</baseValue></match><setTemplateValue identifier="d"><random><multiple><baseValue baseType="integer">3</baseValue><baseValue baseType="integer">5</baseValue><baseValue baseType="integer">7</baseValue><baseValue baseType="integer">9</baseValue></multiple></random></setTemplateValue></templateElseIf></templateCondition><setCorrectResponse identifier="RESPONSE_1409833509172"><customOperator definition="VARIABLESTRING" value="$(1)*b-$(2)*a"><variable identifier="c" /><variable identifier="d" /></customOperator></setCorrectResponse><setCorrectResponse identifier="RESPONSE_1409833505785"><customOperator definition="VARIABLESTRING" value="$(2)*b+$(1)*a"><variable identifier="c" /><variable identifier="d" /></customOperator></setCorrectResponse></templateProcessing><itemBody ><p>Vereinfachen Sie den folgenden Ausdruck soweit wie möglich.</p><p>$$\qquad\cfrac{\cfrac{<printedVariable identifier="c" />}{a}-\cfrac{<printedVariable identifier="d" />}{b}}{\cfrac{<printedVariable identifier="d" />}{a}+\cfrac{<printedVariable identifier="c" />}{b}} = \ldots = \frac{u}{v}$$</p><p> </p><p>Bitte ergänzen Sie die Lösung so, dass sowohl im Zähler als auch im Nenner <strong>keine Brüche</strong> und <strong>keine negativen Exponenten</strong> auftauchen!</p><p><strong>Lösung:</strong> \(\qquad u = \) <textEntryInteraction responseIdentifier="RESPONSE_1409833509172" expectedLength="5" class="maxima-formula show-latex" />, \(v = \) <textEntryInteraction responseIdentifier="RESPONSE_1409833505785" expectedLength="5" class="maxima-formula show-latex" /></p><p> </p><p>Hinweise zur Formeleingabe:</p><ul><li>\(x\cdot y\) = x*y, z.B. \(3x\) = 3*x \(\Rightarrow\) Bitte keine * vergessen!</li><li>Durch Klicken auf die ?-Schaltfläche können Sie Ihre Formel vor Speichern der Antwort zunächst überprüfen.</li><li>z.B. Lösung: \(\displaystyle\frac{9}{7z^3}\); Eingabe: \(u=\)9, \(v=\)7*z^3; <span style="text-decoration: underline;">nicht:</span> \(u=\) 9/7*z^-3, \(v=\) 1</li></ul></itemBody><responseProcessing><responseCondition><responseIf><customOperator definition="MAXIMA" value="is(equal(ev($(1)),ev($(2))));"><variable identifier="RESPONSE_1409833509172" /><correct identifier="RESPONSE_1409833509172" /></customOperator><setOutcomeValue identifier="SCORE"><sum><variable identifier="SCORE" /><baseValue baseType="float">0.5</baseValue></sum></setOutcomeValue></responseIf></responseCondition><responseCondition><responseIf><not><isNull><variable identifier="RESPONSE_1409833509172" /></isNull></not><setOutcomeValue identifier="FEEDBACKBASIC"><baseValue baseType="identifier">incorrect</baseValue></setOutcomeValue></responseIf></responseCondition><responseCondition><responseIf><customOperator definition="MAXIMA" value="is(equal(ev($(1)),ev($(2))));"><variable identifier="RESPONSE_1409833505785" /><correct identifier="RESPONSE_1409833505785" /></customOperator><setOutcomeValue identifier="SCORE"><sum><variable identifier="SCORE" /><baseValue baseType="float">0.5</baseValue></sum></setOutcomeValue></responseIf></responseCondition><responseCondition><responseIf><not><isNull><variable identifier="RESPONSE_1409833505785" /></isNull></not><setOutcomeValue identifier="FEEDBACKBASIC"><baseValue baseType="identifier">incorrect</baseValue></setOutcomeValue></responseIf></responseCondition><responseCondition><responseIf><and><not><match><variable identifier="FEEDBACKBASIC" /><baseValue baseType="identifier">empty</baseValue></match></not><equal toleranceMode="exact"><variable identifier="SCORE" /><variable identifier="MAXSCORE" /></equal></and><setOutcomeValue identifier="FEEDBACKBASIC"><baseValue baseType="identifier">correct</baseValue></setOutcomeValue></responseIf></responseCondition><responseCondition><responseIf><and><match><baseValue baseType="identifier">correct</baseValue><variable identifier="FEEDBACKBASIC" /></match></and><setOutcomeValue identifier="FEEDBACKMODAL"><multiple><variable identifier="FEEDBACKMODAL" /><baseValue baseType="identifier">Feedback1659735126</baseValue></multiple></setOutcomeValue></responseIf></responseCondition><responseCondition><responseIf><and><match><baseValue baseType="identifier">incorrect</baseValue><variable identifier="FEEDBACKBASIC" /></match></and><setOutcomeValue identifier="FEEDBACKMODAL"><multiple><variable identifier="FEEDBACKMODAL" /><baseValue baseType="identifier">Feedback1522803228</baseValue></multiple></setOutcomeValue></responseIf></responseCondition></responseProcessing><modalFeedback  identifier="Feedback1659735126" outcomeIdentifier="FEEDBACKMODAL" showHide="show" title="Richtig!"><p>Lösung:</p><p>$$\qquad\qquad\cfrac{\cfrac{<printedVariable identifier="c" />}{a}-\cfrac{<printedVariable identifier="d" />}{b}}{\cfrac{<printedVariable identifier="d" />}{a}+\cfrac{<printedVariable identifier="c" />}{b}} = \cfrac{\cfrac{<printedVariable identifier="c" />b-<printedVariable identifier="d" />a}{ab}}{\cfrac{<printedVariable identifier="d" />b+<printedVariable identifier="c" />a}{ab}} = \cfrac{<printedVariable identifier="c" />b-<printedVariable identifier="d" />a}{<printedVariable identifier="d" />b+<printedVariable identifier="c" />a}$$</p></modalFeedback><modalFeedback  identifier="Feedback1522803228" outcomeIdentifier="FEEDBACKMODAL" showHide="show" title="Leider falsch!"><p>Lösung:</p><p>$$\qquad\qquad\cfrac{\cfrac{<printedVariable identifier="c" />}{a}-\cfrac{<printedVariable identifier="d" />}{b}}{\cfrac{<printedVariable identifier="d" />}{a}+\cfrac{<printedVariable identifier="c" />}{b}} = \cfrac{\cfrac{<printedVariable identifier="c" />b-<printedVariable identifier="d" />a}{ab}}{\cfrac{<printedVariable identifier="d" />b+<printedVariable identifier="c" />a}{ab}} = \cfrac{<printedVariable identifier="c" />b-<printedVariable identifier="d" />a}{<printedVariable identifier="d" />b+<printedVariable identifier="c" />a}$$</p></modalFeedback></assessmentItem>
