<?xml version="1.0" encoding="UTF-8"?>
<assessmentItem xmlns="http://www.imsglobal.org/xsd/imsqti_v2p1" xmlns:xsi="http://www.w3.org/2001/XMLSchema-instance" xsi:schemaLocation="http://www.imsglobal.org/xsd/imsqti_v2p1 imsqti_v2p1.xsd" identifier="id7fbb2b12-7576-41e2-a29e-2119a57eea88" title="24. Grundlagen Projektmanagement" adaptive="false" timeDependent="false"><responseDeclaration identifier="RESPONSE_1" cardinality="multiple" baseType="identifier"><correctResponse><value>idd5d4cf41-a6e8-4d74-9b5d-98d4833e3a82</value><value>id09975567-a988-4fab-a24b-a092c2442aee</value><value>id63ee1993-a600-4506-b825-2f203c80407f</value></correctResponse><mapping defaultValue="0" lowerBound="0.0"><mapEntry mapKey="idd5d4cf41-a6e8-4d74-9b5d-98d4833e3a82" mappedValue="1.0" /><mapEntry mapKey="idb5403187-03d4-4242-baed-d25e29c9cfbd" mappedValue="-1.0" /><mapEntry mapKey="idb3830e17-c4c3-464e-a530-6a3d34fe442b" mappedValue="-1.0" /><mapEntry mapKey="id56c8a903-8016-4d2e-9968-ba2cca11c7fc" mappedValue="-1.0" /><mapEntry mapKey="id05b317ae-053c-4773-a5f7-18a9727036c0" mappedValue="-1.0" /><mapEntry mapKey="idc70bda7a-3b40-46b3-b09e-d3f8111e62a8" mappedValue="-1.0" /><mapEntry mapKey="id09975567-a988-4fab-a24b-a092c2442aee" mappedValue="1.0" /><mapEntry mapKey="id63ee1993-a600-4506-b825-2f203c80407f" mappedValue="1.0" /></mapping></responseDeclaration><outcomeDeclaration identifier="SCORE" cardinality="single" baseType="float"><defaultValue><value>0</value></defaultValue></outcomeDeclaration><outcomeDeclaration identifier="MAXSCORE" cardinality="single" baseType="float"><defaultValue><value>3</value></defaultValue></outcomeDeclaration><outcomeDeclaration identifier="FEEDBACKBASIC" cardinality="single" baseType="identifier" view="testConstructor"><defaultValue><value>empty</value></defaultValue></outcomeDeclaration><itemBody><p xmlns=""><strong><span class="null">Was sind die Kreativität hemmende Faktoren?</span></strong></p><p xmlns=""><span class="null">(Klicken Sie die richtige(n) Antwort(en) an)</span></p><p xmlns=""> </p><p xmlns=""> </p><p xmlns=""><strong><span class="null">Antwort:</span></strong></p><choiceInteraction responseIdentifier="RESPONSE_1" shuffle="true" maxChoices="0"><simpleChoice identifier="idd5d4cf41-a6e8-4d74-9b5d-98d4833e3a82"><p xmlns=""><span class="null">Voreilige Kritik</span></p></simpleChoice><simpleChoice identifier="idb5403187-03d4-4242-baed-d25e29c9cfbd"><p xmlns=""><span class="null">Offene Kommunikation</span></p></simpleChoice><simpleChoice identifier="idb3830e17-c4c3-464e-a530-6a3d34fe442b"><p xmlns=""><span class="null">keine Besprechungsräume</span></p></simpleChoice><simpleChoice identifier="id56c8a903-8016-4d2e-9968-ba2cca11c7fc"><p xmlns=""><span class="null">Erfolgsdruck</span></p></simpleChoice><simpleChoice identifier="id05b317ae-053c-4773-a5f7-18a9727036c0"><p xmlns=""><span class="null">flache Hierarchien</span></p></simpleChoice><simpleChoice identifier="idc70bda7a-3b40-46b3-b09e-d3f8111e62a8"><p xmlns=""><span class="null">Gruppen-Events</span></p></simpleChoice><simpleChoice identifier="id09975567-a988-4fab-a24b-a092c2442aee"><p xmlns=""><span class="null">Zeitdruck</span></p></simpleChoice><simpleChoice identifier="id63ee1993-a600-4506-b825-2f203c80407f"><p xmlns=""><span class="null">unklare Verantwortlichkeiten und Befugnisse</span></p></simpleChoice></choiceInteraction></itemBody><responseProcessing><responseCondition><responseIf><not><isNull><variable identifier="RESPONSE_1" /></isNull></not><setOutcomeValue identifier="SCORE"><sum><variable identifier="SCORE" /><mapResponse identifier="RESPONSE_1" /></sum></setOutcomeValue><setOutcomeValue identifier="FEEDBACKBASIC"><baseValue baseType="identifier">incorrect</baseValue></setOutcomeValue></responseIf></responseCondition><responseCondition><responseIf><and><not><match><variable identifier="FEEDBACKBASIC" /><baseValue baseType="identifier">empty</baseValue></match></not><equal toleranceMode="exact"><variable identifier="SCORE" /><variable identifier="MAXSCORE" /></equal></and><setOutcomeValue identifier="FEEDBACKBASIC"><baseValue baseType="identifier">correct</baseValue></setOutcomeValue></responseIf></responseCondition></responseProcessing></assessmentItem>
