<?xml version="1.0" encoding="UTF-8"?>
<assessmentItem xmlns="http://www.imsglobal.org/xsd/imsqti_v2p1" xmlns:xsi="http://www.w3.org/2001/XMLSchema-instance" xsi:schemaLocation="http://www.imsglobal.org/xsd/imsqti_v2p1 http://www.imsglobal.org/xsd/qti/qtiv2p1/imsqti_v2p1p1.xsd http://www.w3.org/1998/Math/MathML http://www.w3.org/Math/XMLSchema/mathml2/mathml2.xsd" identifier="id49d12aff-a6b5-4b73-85c5-3fa0cae2da09" title="CauchyRiemann2" adaptive="false" timeDependent="false"><responseDeclaration identifier="RESPONSE_1" cardinality="multiple" baseType="identifier"><correctResponse><value>ide6dc2f12-09ff-4c93-8664-605f8ec2f889</value><value>ida0e1b723-a196-4bae-a020-260d4ddd00e9</value></correctResponse></responseDeclaration><outcomeDeclaration identifier="SCORE" cardinality="single" baseType="float"><defaultValue><value>0</value></defaultValue></outcomeDeclaration><outcomeDeclaration identifier="MAXSCORE" cardinality="single" baseType="float"><defaultValue><value>4</value></defaultValue></outcomeDeclaration><outcomeDeclaration identifier="FEEDBACKBASIC" cardinality="single" baseType="identifier"><defaultValue><value>empty</value></defaultValue></outcomeDeclaration><templateDeclaration identifier="a" cardinality="single" baseType="integer" /><templateDeclaration identifier="k" cardinality="single" baseType="integer" /><templateDeclaration identifier="b" cardinality="single" baseType="integer" /><templateDeclaration identifier="c" cardinality="single" baseType="integer" /><templateDeclaration identifier="vz" cardinality="single" baseType="string" /><templateDeclaration identifier="k2" cardinality="single" baseType="integer" /><templateProcessing><setTemplateValue identifier="a"><randomInteger min="1" max="6" /></setTemplateValue><setTemplateValue identifier="k"><randomInteger min="2" max="6" /></setTemplateValue><setTemplateValue identifier="b"><randomInteger min="2" max="8" /></setTemplateValue><setTemplateValue identifier="c"><randomInteger min="1" max="8" /></setTemplateValue><setTemplateValue identifier="vz"><random><multiple><baseValue baseType="string">+</baseValue><baseValue baseType="string">-</baseValue></multiple></random></setTemplateValue><setTemplateValue identifier="k2"><customOperator definition="MAXIMA" value="float($(1)-1);"><variable identifier="k" /></customOperator></setTemplateValue></templateProcessing><itemBody ><p>Betrachte die Funktion \( \bf f(z) = f( x + y \cdot i) = \frac{1}{<printedVariable identifier="k" />} x^<printedVariable identifier="k" /> <printedVariable identifier="vz" /> <printedVariable identifier="b" />+ ( <printedVariable identifier="a" /> \cdot {y} - \frac{1}{<printedVariable identifier="k" />} y^{<printedVariable identifier="k" />} +<printedVariable identifier="c" />) \cdot i\) </p><p>Welche der folgenden Aussagen sind wahr?</p><choiceInteraction responseIdentifier="RESPONSE_1" shuffle="false" maxChoices="0"><simpleChoice identifier="id011e0937-e8f7-4d03-88f9-720fbc5cd8ed"><p>\(f\) ist komplex differenzierbar für alle  \( z \in \mathbb C \)</p></simpleChoice><simpleChoice identifier="ide6dc2f12-09ff-4c93-8664-605f8ec2f889"><p>\(f\) ist komplex differenzierbar für unendlich viele \( z \in \mathbb C \)</p></simpleChoice><simpleChoice identifier="id22c9f7d4-db68-4f22-bb5f-6a0ba5b335e0"><p>\(f\) ist komplex differenzierbar nur für eine endliche Anzahl  \( z \in \mathbb C \)</p></simpleChoice><simpleChoice identifier="id6cb3381d-273a-44fe-9baa-f63d625ebc7b"><p>\(f\) ist komplex differenzierbar für nur für ein \( z \in \mathbb C \)</p></simpleChoice><simpleChoice identifier="ida0e1b723-a196-4bae-a020-260d4ddd00e9"><p>\(f\) ist komplex differenzierbar im Punkt \( (0, \sqrt[<printedVariable identifier="k2" />]{<printedVariable identifier="a" />} ) \)</p></simpleChoice><simpleChoice identifier="id5121c46c-4c38-47b7-8715-ad14b2067c7a"><p>\(f\) ist komplex differenzierbar im Punkt \( (1, <printedVariable identifier="a" /> ) \)</p></simpleChoice></choiceInteraction></itemBody><responseProcessing><responseCondition><responseIf><isNull><variable identifier="RESPONSE_1" /></isNull><setOutcomeValue identifier="FEEDBACKBASIC"><baseValue baseType="identifier">empty</baseValue></setOutcomeValue></responseIf><responseElseIf><match><variable identifier="RESPONSE_1" /><correct identifier="RESPONSE_1" /></match><setOutcomeValue identifier="SCORE"><sum><variable identifier="SCORE" /><variable identifier="MAXSCORE" /></sum></setOutcomeValue><setOutcomeValue identifier="FEEDBACKBASIC"><baseValue baseType="identifier">correct</baseValue></setOutcomeValue></responseElseIf><responseElse><setOutcomeValue identifier="FEEDBACKBASIC"><baseValue baseType="identifier">incorrect</baseValue></setOutcomeValue></responseElse></responseCondition></responseProcessing></assessmentItem>
