<?xml version="1.0" encoding="UTF-8"?>
<assessmentItem xmlns="http://www.imsglobal.org/xsd/imsqti_v2p1" xmlns:xsi="http://www.w3.org/2001/XMLSchema-instance" xsi:schemaLocation="http://www.imsglobal.org/xsd/imsqti_v2p1 http://www.imsglobal.org/xsd/qti/qtiv2p1/imsqti_v2p1p1.xsd http://www.w3.org/1998/Math/MathML http://www.w3.org/Math/XMLSchema/mathml2/mathml2.xsd" identifier="id70912e0c-7dfd-4b42-853d-9c09277c1f33" title="vereinfachung_brüche_01" adaptive="false" timeDependent="false"><responseDeclaration identifier="RESPONSE_1409820441505" cardinality="single" baseType="string" /><responseDeclaration identifier="RESPONSE_1409820436606" cardinality="single" baseType="string" /><outcomeDeclaration identifier="SCORE" cardinality="single" baseType="float"><defaultValue><value>0</value></defaultValue></outcomeDeclaration><outcomeDeclaration identifier="MAXSCORE" cardinality="single" baseType="float"><defaultValue><value>1</value></defaultValue></outcomeDeclaration><outcomeDeclaration identifier="FEEDBACKBASIC" cardinality="single" baseType="identifier" view="testConstructor"><defaultValue><value>empty</value></defaultValue></outcomeDeclaration><outcomeDeclaration identifier="FEEDBACKMODAL" cardinality="multiple" baseType="identifier" view="testConstructor" /><templateDeclaration identifier="a" cardinality="single" baseType="integer" /><templateDeclaration identifier="b" cardinality="single" baseType="integer" /><templateDeclaration identifier="c" cardinality="single" baseType="integer" /><templateDeclaration identifier="d" cardinality="single" baseType="integer" /><templateDeclaration identifier="e" cardinality="single" baseType="integer" /><templateDeclaration identifier="ab" cardinality="single" baseType="integer" /><templateDeclaration identifier="ac" cardinality="single" baseType="integer" /><templateDeclaration identifier="ad" cardinality="single" baseType="integer" /><templateDeclaration identifier="ae" cardinality="single" baseType="integer" /><templateProcessing><setTemplateValue identifier="a"><randomInteger min="4" max="9" /></setTemplateValue><setTemplateValue identifier="b"><randomInteger min="2" max="6" /></setTemplateValue><setTemplateValue identifier="c"><randomInteger min="4" max="9" /></setTemplateValue><setTemplateValue identifier="d"><customOperator definition="MAXIMA" value="float($(1)+2);"><variable identifier="b" /></customOperator></setTemplateValue><setTemplateValue identifier="e"><customOperator definition="MAXIMA" value="float($(1)+3);"><variable identifier="c" /></customOperator></setTemplateValue><setTemplateValue identifier="ab"><customOperator definition="MAXIMA" value="float($(1)*$(2));"><variable identifier="a" /><variable identifier="b" /></customOperator></setTemplateValue><setTemplateValue identifier="ac"><customOperator definition="MAXIMA" value="float($(1)*$(2));"><variable identifier="a" /><variable identifier="c" /></customOperator></setTemplateValue><setTemplateValue identifier="ad"><customOperator definition="MAXIMA" value="float($(1)*$(2));"><variable identifier="a" /><variable identifier="d" /></customOperator></setTemplateValue><setTemplateValue identifier="ae"><customOperator definition="MAXIMA" value="float($(1)*$(2));"><variable identifier="a" /><variable identifier="e" /></customOperator></setTemplateValue><setCorrectResponse identifier="RESPONSE_1409820441505"><customOperator definition="VARIABLESTRING" value="$(1)*x+$(2)*y"><variable identifier="b" /><variable identifier="c" /></customOperator></setCorrectResponse><setCorrectResponse identifier="RESPONSE_1409820436606"><customOperator definition="VARIABLESTRING" value="$(1)*x+$(2)*y"><variable identifier="d" /><variable identifier="e" /></customOperator></setCorrectResponse></templateProcessing><itemBody ><p>Vereinfachen Sie den folgenden Ausdruck soweit wie möglich.</p><p>$$\qquad\frac{<printedVariable identifier="ab" />x+<printedVariable identifier="ac" />y}{<printedVariable identifier="ad" />x+<printedVariable identifier="ae" />y} = \ldots = \frac{u}{v}$$</p><p> </p><p>Bitte ergänzen Sie die Lösung so, dass sowohl im Zähler als auch im Nenner keine Brüche und keine negativen Exponenten auftauchen!</p><p><strong>Lösung:</strong> \(\qquad u = \) <textEntryInteraction responseIdentifier="RESPONSE_1409820441505" expectedLength="10" class="maxima-formula show-latex" />, \(v = \) <textEntryInteraction responseIdentifier="RESPONSE_1409820436606" expectedLength="10" class="maxima-formula show-latex show-syntax-error" /></p><p> </p><p>Hinweise zur Formeleingabe:</p><ul><li>\(x\cdot y\) = x*y, z.B. \(3x\) = 3*x \(\Rightarrow\) Bitte keine * vergessen!</li><li>Durch Klicken auf die ?-Schaltfläche können Sie Ihre Formel vor Speichern der Antwort zunächst überprüfen.</li><li>z.B. Lösung: \(\displaystyle\frac{9}{7z^3}\); Eingabe: \(u=\)9, \(v=\)7*z^3; <span style="text-decoration: underline;">nicht:</span> \(u=\) 9/7*z^-3, \(v=\) 1</li></ul></itemBody><responseProcessing><responseCondition><responseIf><customOperator definition="MAXIMA" value="is(equal(ev($(1)),ev($(2))));"><variable identifier="RESPONSE_1409820441505" /><correct identifier="RESPONSE_1409820441505" /></customOperator><setOutcomeValue identifier="SCORE"><sum><variable identifier="SCORE" /><baseValue baseType="float">0.5</baseValue></sum></setOutcomeValue></responseIf></responseCondition><responseCondition><responseIf><not><isNull><variable identifier="RESPONSE_1409820441505" /></isNull></not><setOutcomeValue identifier="FEEDBACKBASIC"><baseValue baseType="identifier">incorrect</baseValue></setOutcomeValue></responseIf></responseCondition><responseCondition><responseIf><customOperator definition="MAXIMA" value="is(equal(ev($(1)),ev($(2))));"><variable identifier="RESPONSE_1409820436606" /><correct identifier="RESPONSE_1409820436606" /></customOperator><setOutcomeValue identifier="SCORE"><sum><variable identifier="SCORE" /><baseValue baseType="float">0.5</baseValue></sum></setOutcomeValue></responseIf></responseCondition><responseCondition><responseIf><not><isNull><variable identifier="RESPONSE_1409820436606" /></isNull></not><setOutcomeValue identifier="FEEDBACKBASIC"><baseValue baseType="identifier">incorrect</baseValue></setOutcomeValue></responseIf></responseCondition><responseCondition><responseIf><and><not><match><variable identifier="FEEDBACKBASIC" /><baseValue baseType="identifier">empty</baseValue></match></not><equal toleranceMode="exact"><variable identifier="SCORE" /><variable identifier="MAXSCORE" /></equal></and><setOutcomeValue identifier="FEEDBACKBASIC"><baseValue baseType="identifier">correct</baseValue></setOutcomeValue></responseIf></responseCondition><responseCondition><responseIf><and><match><baseValue baseType="identifier">correct</baseValue><variable identifier="FEEDBACKBASIC" /></match></and><setOutcomeValue identifier="FEEDBACKMODAL"><multiple><variable identifier="FEEDBACKMODAL" /><baseValue baseType="identifier">Feedback1280427247</baseValue></multiple></setOutcomeValue></responseIf></responseCondition><responseCondition><responseIf><and><match><baseValue baseType="identifier">incorrect</baseValue><variable identifier="FEEDBACKBASIC" /></match></and><setOutcomeValue identifier="FEEDBACKMODAL"><multiple><variable identifier="FEEDBACKMODAL" /><baseValue baseType="identifier">Feedback196407221</baseValue></multiple></setOutcomeValue></responseIf></responseCondition></responseProcessing><modalFeedback  identifier="Feedback1280427247" outcomeIdentifier="FEEDBACKMODAL" showHide="show" title="Richtig!"><p>Lösung:</p><p>$$\qquad\qquad\frac{<printedVariable identifier="ab" />x+<printedVariable identifier="ac" />y}{<printedVariable identifier="ad" />x+<printedVariable identifier="ae" />y} = \frac{<printedVariable identifier="a" />(<printedVariable identifier="b" />x+<printedVariable identifier="c" />y)}{<printedVariable identifier="a" />(<printedVariable identifier="d" />x+<printedVariable identifier="e" />y)} = \frac{<printedVariable identifier="b" />x+<printedVariable identifier="c" />y}{<printedVariable identifier="d" />x+<printedVariable identifier="e" />y}$$</p></modalFeedback><modalFeedback  identifier="Feedback196407221" outcomeIdentifier="FEEDBACKMODAL" showHide="show" title="Leider falsch!"><p>Lösung:</p><p>$$\qquad\qquad\frac{<printedVariable identifier="ab" />x+<printedVariable identifier="ac" />y}{<printedVariable identifier="ad" />x+<printedVariable identifier="ae" />y} = \frac{<printedVariable identifier="a" />(<printedVariable identifier="b" />x+<printedVariable identifier="c" />y)}{<printedVariable identifier="a" />(<printedVariable identifier="d" />x+<printedVariable identifier="e" />y)} = \frac{<printedVariable identifier="b" />x+<printedVariable identifier="c" />y}{<printedVariable identifier="d" />x+<printedVariable identifier="e" />y}$$</p></modalFeedback></assessmentItem>
