<?xml version="1.0" encoding="UTF-8"?>
<assessmentItem xmlns="http://www.imsglobal.org/xsd/imsqti_v2p1" xmlns:xsi="http://www.w3.org/2001/XMLSchema-instance" xsi:schemaLocation="http://www.imsglobal.org/xsd/imsqti_v2p1 http://www.imsglobal.org/xsd/qti/qtiv2p1/imsqti_v2p1p1.xsd http://www.w3.org/1998/Math/MathML http://www.w3.org/Math/XMLSchema/mathml2/mathml2.xsd" identifier="id35a4f5bd-0a86-4f3c-9ca6-85de40b5d710" title="zahlenbereiche_symbolik_01" adaptive="false" timeDependent="false"><responseDeclaration identifier="RESPONSE_1" cardinality="multiple" baseType="directedPair"><correctResponse><value>id6d17b287-df71-43bd-ae39-dbca728f5266 id61dea397-8ab7-43cc-b657-5bf6a809b516</value><value>ida634fa5b-1877-48d2-ae0b-27b3946715db ided051134-63b9-4acb-b252-5dfcd475f399</value><value>id2d75d6ec-57df-49f3-b9f0-7fa7db8a1bf3 id48d48b9a-f270-48ed-8c04-8babddb4f1ba</value><value>ida11d65eb-dffd-46c9-9b6e-e5432239f93e idc4c2579b-af52-414d-87ee-6b1ff3777f51</value></correctResponse><mapping defaultValue="0" lowerBound="0.0"><mapEntry mapKey="id6d17b287-df71-43bd-ae39-dbca728f5266 id61dea397-8ab7-43cc-b657-5bf6a809b516" mappedValue="0.5" /><mapEntry mapKey="ida11d65eb-dffd-46c9-9b6e-e5432239f93e idc4c2579b-af52-414d-87ee-6b1ff3777f51" mappedValue="0.5" /><mapEntry mapKey="id2d75d6ec-57df-49f3-b9f0-7fa7db8a1bf3 id48d48b9a-f270-48ed-8c04-8babddb4f1ba" mappedValue="0.5" /><mapEntry mapKey="ida634fa5b-1877-48d2-ae0b-27b3946715db ided051134-63b9-4acb-b252-5dfcd475f399" mappedValue="0.5" /></mapping></responseDeclaration><outcomeDeclaration identifier="SCORE" cardinality="single" baseType="float"><defaultValue><value>0</value></defaultValue></outcomeDeclaration><outcomeDeclaration identifier="MAXSCORE" cardinality="single" baseType="float"><defaultValue><value>2</value></defaultValue></outcomeDeclaration><outcomeDeclaration identifier="FEEDBACKBASIC" cardinality="single" baseType="identifier" view="testConstructor"><defaultValue><value>empty</value></defaultValue></outcomeDeclaration><outcomeDeclaration identifier="FEEDBACKMODAL" cardinality="multiple" baseType="identifier" view="testConstructor" /><itemBody ><p>Ordnen Sie die Paare einander zu!</p><matchInteraction responseIdentifier="RESPONSE_1" shuffle="false" maxAssociations="0"><simpleMatchSet><simpleAssociableChoice identifier="ida11d65eb-dffd-46c9-9b6e-e5432239f93e" fixed="false" matchMax="1"><p>\(\mathbb Z\)</p></simpleAssociableChoice><simpleAssociableChoice identifier="ida634fa5b-1877-48d2-ae0b-27b3946715db" fixed="false" matchMax="1"><p>\(\mathbb R\)</p></simpleAssociableChoice><simpleAssociableChoice identifier="id6d17b287-df71-43bd-ae39-dbca728f5266" fixed="false" matchMax="1"><p>\(\mathbb N\)</p></simpleAssociableChoice><simpleAssociableChoice identifier="id2d75d6ec-57df-49f3-b9f0-7fa7db8a1bf3" fixed="false" matchMax="1"><p>\(\mathbb Q\)</p></simpleAssociableChoice></simpleMatchSet><simpleMatchSet><simpleAssociableChoice identifier="id61dea397-8ab7-43cc-b657-5bf6a809b516" fixed="false" matchMax="1"><p>natürliche Zahlen</p></simpleAssociableChoice><simpleAssociableChoice identifier="idc4c2579b-af52-414d-87ee-6b1ff3777f51" fixed="false" matchMax="1"><p>ganze Zahlen</p></simpleAssociableChoice><simpleAssociableChoice identifier="id48d48b9a-f270-48ed-8c04-8babddb4f1ba" fixed="false" matchMax="1"><p>rationale Zahlen</p></simpleAssociableChoice><simpleAssociableChoice identifier="ided051134-63b9-4acb-b252-5dfcd475f399" fixed="false" matchMax="1"><p>reelle Zahlen</p></simpleAssociableChoice></simpleMatchSet></matchInteraction></itemBody><responseProcessing><responseCondition><responseIf><not><isNull><variable identifier="RESPONSE_1" /></isNull></not><setOutcomeValue identifier="SCORE"><sum><variable identifier="SCORE" /><mapResponse identifier="RESPONSE_1" /></sum></setOutcomeValue><setOutcomeValue identifier="FEEDBACKBASIC"><baseValue baseType="identifier">incorrect</baseValue></setOutcomeValue></responseIf></responseCondition><responseCondition><responseIf><and><not><match><variable identifier="FEEDBACKBASIC" /><baseValue baseType="identifier">empty</baseValue></match></not><equal toleranceMode="exact"><variable identifier="SCORE" /><variable identifier="MAXSCORE" /></equal></and><setOutcomeValue identifier="FEEDBACKBASIC"><baseValue baseType="identifier">correct</baseValue></setOutcomeValue></responseIf></responseCondition><responseCondition><responseIf><and><match><baseValue baseType="identifier">correct</baseValue><variable identifier="FEEDBACKBASIC" /></match></and><setOutcomeValue identifier="FEEDBACKMODAL"><multiple><variable identifier="FEEDBACKMODAL" /><baseValue baseType="identifier">Feedback1937045123</baseValue></multiple></setOutcomeValue></responseIf></responseCondition><responseCondition><responseIf><and><match><baseValue baseType="identifier">incorrect</baseValue><variable identifier="FEEDBACKBASIC" /></match></and><setOutcomeValue identifier="FEEDBACKMODAL"><multiple><variable identifier="FEEDBACKMODAL" /><baseValue baseType="identifier">Feedback688690401</baseValue></multiple></setOutcomeValue></responseIf></responseCondition></responseProcessing><modalFeedback  identifier="Feedback1937045123" outcomeIdentifier="FEEDBACKMODAL" showHide="show" title="Richtig!" /><modalFeedback  identifier="Feedback688690401" outcomeIdentifier="FEEDBACKMODAL" showHide="show" title="Leider (nicht vollständig) richtig!"><p>Hier noch einmal die richtige Zuordnung:</p><ul><li>natürliche Zahlen: $$\mathbb N$$,</li><li>ganze Zahlen: $$\mathbb Z$$,</li><li>rationale Zahlen: $$\mathbb Q$$,</li><li>reelle Zahlen: $$\mathbb R$$.</li></ul></modalFeedback></assessmentItem>
