<?xml version="1.0" encoding="UTF-8"?>
<assessmentItem xmlns="http://www.imsglobal.org/xsd/imsqti_v2p1" xmlns:xsi="http://www.w3.org/2001/XMLSchema-instance" xsi:schemaLocation="http://www.imsglobal.org/xsd/imsqti_v2p1 http://www.imsglobal.org/xsd/qti/qtiv2p1/imsqti_v2p1p1.xsd http://www.w3.org/1998/Math/MathML http://www.w3.org/Math/XMLSchema/mathml2/mathml2.xsd" identifier="id136f2c9b-e1ec-446a-a684-120cbbfe6194" title="Kettenregel_03" adaptive="false" timeDependent="false"><responseDeclaration identifier="RESPONSE_1404754090965" cardinality="single" baseType="string" /><outcomeDeclaration identifier="SCORE" cardinality="single" baseType="float"><defaultValue><value>0</value></defaultValue></outcomeDeclaration><outcomeDeclaration identifier="MAXSCORE" cardinality="single" baseType="float"><defaultValue><value>1</value></defaultValue></outcomeDeclaration><outcomeDeclaration identifier="FEEDBACKBASIC" cardinality="single" baseType="identifier" view="testConstructor"><defaultValue><value>empty</value></defaultValue></outcomeDeclaration><templateDeclaration identifier="a" cardinality="single" baseType="integer" /><templateDeclaration identifier="b" cardinality="single" baseType="integer" /><templateDeclaration identifier="ab2" cardinality="single" baseType="integer" /><templateDeclaration identifier="b-1" cardinality="single" baseType="integer" /><templateProcessing><setTemplateValue identifier="a"><randomInteger min="1" max="9" /></setTemplateValue><setTemplateValue identifier="b"><randomInteger min="2" max="5" /></setTemplateValue><setTemplateValue identifier="ab2"><customOperator definition="MAXIMA" value="float($(1)*$(2)*2);"><variable identifier="a" /><variable identifier="b" /></customOperator></setTemplateValue><setTemplateValue identifier="b-1"><customOperator definition="MAXIMA" value="float($(1)-1);"><variable identifier="b" /></customOperator></setTemplateValue><setCorrectResponse identifier="RESPONSE_1404754090965"><customOperator definition="VARIABLESTRING" value="$(3)*x^$(4)*cos($(1)*x^$(2))*sin($(1)*x^$(2))"><variable identifier="a" /><variable identifier="b" /><variable identifier="ab2" /><variable identifier="b-1" /></customOperator></setCorrectResponse></templateProcessing><itemBody ><p><p>Bestimmen Sie die Ableitung der folgenden Funktion mit Hilfe der Kettenregel:</p><p>$$y(x) = (sin^2(<printedVariable identifier="a" />x^<printedVariable identifier="b" />))$$</p><p>$$y'(x) = $$<textEntryInteraction responseIdentifier="RESPONSE_1404754090965" class="maxima-formula show-latex show-syntax-error" /></p><p>Hinweise zur Formeleingabe:</p><ul><li>    \(3x\) = 3*x, \(x\cdot y\) = x*y, \(\frac{x}{y}\) = x/y, \(x^y\) = x^y</li><li>    Verwenden Sie, falls notwendig, ganzzahlige Brüche.</li><li>    Durch Klicken auf die ?-Schaltfläche können Sie Ihre Formel vor Speichern der Antwort zunächst überprüfen.</li></ul></p></itemBody><responseProcessing><responseCondition><responseIf><customOperator definition="MAXIMA" value="is(equal(ev($(1)),ev($(2))));"><variable identifier="RESPONSE_1404754090965" /><correct identifier="RESPONSE_1404754090965" /></customOperator><setOutcomeValue identifier="SCORE"><sum><variable identifier="SCORE" /><baseValue baseType="float">1</baseValue></sum></setOutcomeValue></responseIf></responseCondition><responseCondition><responseIf><not><isNull><variable identifier="RESPONSE_1404754090965" /></isNull></not><setOutcomeValue identifier="FEEDBACKBASIC"><baseValue baseType="identifier">incorrect</baseValue></setOutcomeValue></responseIf></responseCondition><responseCondition><responseIf><and><not><match><variable identifier="FEEDBACKBASIC" /><baseValue baseType="identifier">empty</baseValue></match></not><equal toleranceMode="exact"><variable identifier="SCORE" /><variable identifier="MAXSCORE" /></equal></and><setOutcomeValue identifier="FEEDBACKBASIC"><baseValue baseType="identifier">correct</baseValue></setOutcomeValue></responseIf></responseCondition></responseProcessing></assessmentItem>
