<?xml version="1.0" encoding="UTF-8"?>
<imscp:manifest xmlns:imscp="http://www.imsglobal.org/xsd/imscp_v1p1" xmlns:imsmd="http://www.imsglobal.org/xsd/imsmd_v1p2p2"
	xmlns:xsi="http://www.w3.org/2001/XMLSchema-instance" xmlns="http://www.imsglobal.org/xsd/imsqti_v2p1"
	xsi:schemaLocation="http://www.imsglobal.org/xsd/imscp_v1p1 imscp_v1p1.xsd http://www.imsglobal.org/xsd/imsqti_v2p1 imsqti_v2p1.xsd http://www.imsglobal.org/xsd/imsmd_v1p2p2 imsmd_v1p2p2.xsd"
	identifier="manifestID">
	<imscp:organizations />
	<imscp:resources>
		<imscp:resource xmlns:imscp="http://www.imsglobal.org/xsd/imscp_v1p1" identifier="idb6e85056-2252-45ad-9375-d3a8766b880b" type="imsqti_item_xmlv2p1" href="idb6e85056-2252-45ad-9375-d3a8766b880b.xml"><imsmd:metadata xmlns:imsmd="http://www.imsglobal.org/xsd/imsmd_v1p2p2"><imsmd:lom><imsmd:general><imsmd:identifier>idb6e85056-2252-45ad-9375-d3a8766b880b</imsmd:identifier><imsmd:title><imsmd:langstring lang="de_DE">25. Grundlagen Projektmanagement</imsmd:langstring></imsmd:title><imsmd:language>de</imsmd:language><imsmd:description><imsmd:langstring lang="de_DE">Projektmanagement</imsmd:langstring></imsmd:description><imsmd:keyword><imsmd:langstring lang="de_DE">Projektmanagement</imsmd:langstring></imsmd:keyword></imsmd:general><imsmd:lifecycle><imsmd:contribute><imsmd:role><imsmd:source><imsmd:langstring lang="en">LOMv1.0</imsmd:langstring></imsmd:source><imsmd:value><imsmd:langstring lang="en">author</imsmd:langstring></imsmd:value></imsmd:role><imsmd:entity><imsmd:vcard>BEGIN:VCARD VERSION:3.0 N:rfreudenreich@ihi-zittau.de; FN: rfreudenreich@ihi-zittau.de ORG: URL: TITLE: TEL;TYPE=WORK,VOICE: ADR;TYPE=intl,postal,parcel,work:;;;;;;EMAIL;TYPE=PREF,INTERNET: END:VCARD</imsmd:vcard></imsmd:entity></imsmd:contribute></imsmd:lifecycle></imsmd:lom></imsmd:metadata><imscp:file href="idb6e85056-2252-45ad-9375-d3a8766b880b.xml" /></imscp:resource>
	</imscp:resources>
</imscp:manifest>
