<?xml version="1.0" encoding="UTF-8"?>
<assessmentItem xmlns="http://www.imsglobal.org/xsd/imsqti_v2p1" xmlns:xsi="http://www.w3.org/2001/XMLSchema-instance" xsi:schemaLocation="http://www.imsglobal.org/xsd/imsqti_v2p1 http://www.imsglobal.org/xsd/qti/qtiv2p1/imsqti_v2p1p1.xsd http://www.w3.org/1998/Math/MathML http://www.w3.org/Math/XMLSchema/mathml2/mathml2.xsd" identifier="id49e0ed64-b496-42dc-b914-d9bf8f79273a" title="Graph_2" adaptive="false" timeDependent="false"><responseDeclaration identifier="RESPONSE_1" cardinality="single" baseType="identifier"><correctResponse><value>idf0e6aeba-db76-45c9-84af-2c42e5546abe</value></correctResponse></responseDeclaration><outcomeDeclaration identifier="SCORE" cardinality="single" baseType="float"><defaultValue><value>0</value></defaultValue></outcomeDeclaration><outcomeDeclaration identifier="MAXSCORE" cardinality="single" baseType="float"><defaultValue><value>1</value></defaultValue></outcomeDeclaration><outcomeDeclaration identifier="FEEDBACKBASIC" cardinality="single" baseType="identifier"><defaultValue><value>empty</value></defaultValue></outcomeDeclaration><itemBody ><p>Welcher der folgenden Graphen stellt die Ableitung der Funktion $$f:\mathbb{R}\rightarrow\mathbb{R}, f(x)=\exp(-x^2)$$ dar?</p><choiceInteraction responseIdentifier="RESPONSE_1" shuffle="true" maxChoices="1"><simpleChoice identifier="idf0e6aeba-db76-45c9-84af-2c42e5546abe"><p><img src="media%2Fmedium7472317767796373055Graph_2_1_png" alt="" width="640" height="480" /></p></simpleChoice><simpleChoice identifier="id862b0dd1-08b4-4b01-a952-90310feed28a"><p><img src="media%2Fmedium7334684540959067768Graph_2_2_png" alt="" width="640" height="480" /></p></simpleChoice><simpleChoice identifier="id619a3d08-1056-4402-ad8d-4de4109270d7"><p><img src="media%2Fmedium7190446040848694293Graph_2_3_png" alt="" width="640" height="480" /></p></simpleChoice><simpleChoice identifier="id39e7bdb7-67c7-4e03-80b9-5fb733803653"><p><img src="media%2Fmedium8238664638905341854Graph_2_4_png" alt="" width="640" height="480" /></p></simpleChoice></choiceInteraction></itemBody><responseProcessing><responseCondition><responseIf><isNull><variable identifier="RESPONSE_1" /></isNull><setOutcomeValue identifier="FEEDBACKBASIC"><baseValue baseType="identifier">empty</baseValue></setOutcomeValue></responseIf><responseElseIf><match><variable identifier="RESPONSE_1" /><correct identifier="RESPONSE_1" /></match><setOutcomeValue identifier="SCORE"><sum><variable identifier="SCORE" /><variable identifier="MAXSCORE" /></sum></setOutcomeValue><setOutcomeValue identifier="FEEDBACKBASIC"><baseValue baseType="identifier">correct</baseValue></setOutcomeValue></responseElseIf><responseElse><setOutcomeValue identifier="FEEDBACKBASIC"><baseValue baseType="identifier">incorrect</baseValue></setOutcomeValue></responseElse></responseCondition></responseProcessing></assessmentItem>
