<?xml version="1.0" encoding="UTF-8"?>
<assessmentItem xmlns="http://www.imsglobal.org/xsd/imsqti_v2p1" xmlns:xsi="http://www.w3.org/2001/XMLSchema-instance" xsi:schemaLocation="http://www.imsglobal.org/xsd/imsqti_v2p1 http://www.imsglobal.org/xsd/qti/qtiv2p1/imsqti_v2p1p1.xsd http://www.w3.org/1998/Math/MathML http://www.w3.org/Math/XMLSchema/mathml2/mathml2.xsd" identifier="id55cc8484-b9ac-42a0-90e4-55b7d348ada0" title="Extremwertaufgabe2Variablen" adaptive="false" timeDependent="false"><responseDeclaration identifier="RESPONSE_1389081351976" cardinality="single" baseType="float"><correctResponse><value>0</value></correctResponse></responseDeclaration><responseDeclaration identifier="RESPONSE_1389081421137" cardinality="single" baseType="float"><correctResponse><value>0</value></correctResponse></responseDeclaration><outcomeDeclaration identifier="SCORE" cardinality="single" baseType="float"><defaultValue><value>0</value></defaultValue></outcomeDeclaration><outcomeDeclaration identifier="MAXSCORE" cardinality="single" baseType="float"><defaultValue><value>6</value></defaultValue></outcomeDeclaration><outcomeDeclaration identifier="FEEDBACKBASIC" cardinality="single" baseType="identifier" view="testConstructor"><defaultValue><value>empty</value></defaultValue></outcomeDeclaration><outcomeDeclaration identifier="FEEDBACKMODAL" cardinality="multiple" baseType="identifier" view="testConstructor" /><templateDeclaration identifier="a" cardinality="single" baseType="integer" /><templateDeclaration identifier="b" cardinality="single" baseType="integer" /><templateDeclaration identifier="x" cardinality="single" baseType="integer" /><templateDeclaration identifier="t" cardinality="single" baseType="integer" /><templateProcessing><setTemplateValue identifier="a"><random><multiple><baseValue baseType="integer">3</baseValue><baseValue baseType="integer">6</baseValue><baseValue baseType="integer">9</baseValue><baseValue baseType="integer">12</baseValue><baseValue baseType="integer">15</baseValue></multiple></random></setTemplateValue><setTemplateValue identifier="b"><random><multiple><baseValue baseType="integer">2</baseValue><baseValue baseType="integer">3</baseValue><baseValue baseType="integer">4</baseValue><baseValue baseType="integer">5</baseValue><baseValue baseType="integer">6</baseValue></multiple></random></setTemplateValue><setTemplateValue identifier="x"><customOperator definition="MAXIMA" value="float(2*$(1)/3);"><variable identifier="a" /></customOperator></setTemplateValue><setTemplateValue identifier="t"><customOperator definition="MAXIMA" value="float($(1));"><variable identifier="b" /></customOperator></setTemplateValue><setCorrectResponse identifier="RESPONSE_1389081351976"><variable identifier="x" /></setCorrectResponse><setCorrectResponse identifier="RESPONSE_1389081421137"><variable identifier="t" /></setCorrectResponse></templateProcessing><itemBody ><p><p><strong>Die Wirkung \(W(x,t)\) die \(x\) Einheiten eines bestimmten Medikamentes, \(t\) Stunden nach der Einnahme, auf einen Patienten hat, wird durch \[W(x,t)=x^2(<printedVariable xmlns="http://www.imsglobal.org/xsd/imsqti_v2p1" identifier="a" />-x)t^<printedVariable xmlns="http://www.imsglobal.org/xsd/imsqti_v2p1" identifier="b" /> e^{-t}, \ 0\le x \le <printedVariable xmlns="http://www.imsglobal.org/xsd/imsqti_v2p1" identifier="a" />, \ 0\leq t \] dargestellt. Bestimme die Dosis \(x\) und die Zeit \(t\), so dass \(W(x,t)\) maximal wird.  </strong></p><p><strong>Lösung: x = <textEntryInteraction responseIdentifier="RESPONSE_1389081351976" />,   t =  <textEntryInteraction responseIdentifier="RESPONSE_1389081421137" /></strong></p><p> </p></p></itemBody><responseProcessing><responseCondition><responseIf><equal toleranceMode="exact"><variable identifier="RESPONSE_1389081351976" /><correct identifier="RESPONSE_1389081351976" /></equal><setOutcomeValue identifier="SCORE"><sum><variable identifier="SCORE" /><baseValue baseType="float">3</baseValue></sum></setOutcomeValue></responseIf></responseCondition><responseCondition><responseIf><not><isNull><variable identifier="RESPONSE_1389081351976" /></isNull></not><setOutcomeValue identifier="FEEDBACKBASIC"><baseValue baseType="identifier">incorrect</baseValue></setOutcomeValue></responseIf></responseCondition><responseCondition><responseIf><equal toleranceMode="exact"><variable identifier="RESPONSE_1389081421137" /><correct identifier="RESPONSE_1389081421137" /></equal><setOutcomeValue identifier="SCORE"><sum><variable identifier="SCORE" /><baseValue baseType="float">3</baseValue></sum></setOutcomeValue></responseIf></responseCondition><responseCondition><responseIf><not><isNull><variable identifier="RESPONSE_1389081421137" /></isNull></not><setOutcomeValue identifier="FEEDBACKBASIC"><baseValue baseType="identifier">incorrect</baseValue></setOutcomeValue></responseIf></responseCondition><responseCondition><responseIf><and><not><match><variable identifier="FEEDBACKBASIC" /><baseValue baseType="identifier">empty</baseValue></match></not><equal toleranceMode="exact"><variable identifier="SCORE" /><variable identifier="MAXSCORE" /></equal></and><setOutcomeValue identifier="FEEDBACKBASIC"><baseValue baseType="identifier">correct</baseValue></setOutcomeValue></responseIf></responseCondition><responseCondition><responseIf><and><match><baseValue baseType="identifier">incorrect</baseValue><variable identifier="FEEDBACKBASIC" /></match></and><setOutcomeValue identifier="FEEDBACKMODAL"><multiple><variable identifier="FEEDBACKMODAL" /><baseValue baseType="identifier">Feedback1928293366</baseValue></multiple></setOutcomeValue></responseIf></responseCondition></responseProcessing><modalFeedback  identifier="Feedback1928293366" outcomeIdentifier="FEEDBACKMODAL" showHide="show"><p>Musterlösung für das Beispiel <strong>\[W(x,t)=x^2(6-x)t^2 e^{-t}, \ 0\le x \le 6, \ 0\leq t \]</strong></p><p>Ermitteln stationäre Punkte von W(x,t):</p><p>\(W_x(x,t) = t^2 e^{-t} (12x -3 x^2)\)</p><p>\(W_t(x,t) = x^2(6-x)(2t e^{-t} - t^2 e^{-t}\). Nullsetzen liefert die Gleichungen I, II:</p><p> I: \(t^2 e^{-t} (12x -3 x^2) = 0  \Longleftrightarrow t^2x(4-x) =0  \)</p><p>II: \(x^2(6-x)(2t e^{-t} - t^2 e^{-t} = 0  \Longleftrightarrow t x^2(6-x) (2-t)\)</p><p>Beachte das der Term \(e^{-t} \gt 0  \ \forall t \in R\) ist und daher herausgekürzt werden kann.</p><p>Wir lesen die Nullstellen ab: Für I: \(t_1 = 0, x_1 = 0, x_2 = 4\). Für II: \(t_1, x_1, t_2 = 2, x_3 = 6.\)</p><p> Wegen \(W(0, t) = W(x,0) = W(6, t) =  0\) für alle \( 0 \le t,  \ 0 \le x \le 6\) kann ein Maximum nicht auf dem Rand des Definitionsbereiches liegen und als einzig mögliches lokales (globales) Maximum bleibt daher nur der Punkt (4,2) übrig. Wir prüfen die hinreichende Bedingung nach: Hierzu berechnen wir zunächst die 2 'ten partiellen Ableitungen:</p><p>\(W_{xx}(x,t) = t^2 e^{-t} (12 -6 x), \ W_{xt}(x,t) = (2t -t^2) e^{-t} (12x -3 x^2), \ W_{tt}(x,t) = (t^2-4t+2) e^{-t} x^2(6-x) \).</p><p>Wir sehen sogleich: \(W_{xx}(4,2) \lt 0, \ W_{tt}(4,2) \lt 0, \ W_{xt}(4,2) = 0\). Hieraus folgt</p><p>\(W_{xx}(4,2) W_{tt}(4,2) - W_{xt}(4,2)^2 \gt 0\) und wegen \(W_{xx}(4,2) \lt 0\) liegt damit an der Stelle (4,2) ein lokales Maximum vor. Aufgrund der Randbetrachtungen ist dieses lokale Maximum auch das globale Maximum.</p><p> </p></modalFeedback></assessmentItem>
