<?xml version="1.0" encoding="UTF-8"?>
<assessmentItem xmlns="http://www.imsglobal.org/xsd/imsqti_v2p1" xmlns:xsi="http://www.w3.org/2001/XMLSchema-instance" xsi:schemaLocation="http://www.imsglobal.org/xsd/imsqti_v2p1 http://www.imsglobal.org/xsd/qti/qtiv2p1/imsqti_v2p1p1.xsd http://www.w3.org/1998/Math/MathML http://www.w3.org/Math/XMLSchema/mathml2/mathml2.xsd" identifier="id9a76f3da-e103-473c-b325-ff1da6a91fb5" title="Ebene_aus_3_Punkten_01" adaptive="false" timeDependent="false"><responseDeclaration identifier="RESPONSE_1407403363118" cardinality="single" baseType="string" /><outcomeDeclaration identifier="SCORE" cardinality="single" baseType="float"><defaultValue><value>0</value></defaultValue></outcomeDeclaration><outcomeDeclaration identifier="MAXSCORE" cardinality="single" baseType="float"><defaultValue><value>3</value></defaultValue></outcomeDeclaration><outcomeDeclaration identifier="FEEDBACKBASIC" cardinality="single" baseType="identifier" view="testConstructor"><defaultValue><value>empty</value></defaultValue></outcomeDeclaration><outcomeDeclaration identifier="FEEDBACKMODAL" cardinality="multiple" baseType="identifier" view="testConstructor" /><templateDeclaration identifier="a1" cardinality="single" baseType="integer" /><templateDeclaration identifier="a2" cardinality="single" baseType="integer" /><templateDeclaration identifier="a3" cardinality="single" baseType="integer" /><templateDeclaration identifier="u1" cardinality="single" baseType="integer" /><templateDeclaration identifier="u2" cardinality="single" baseType="integer" /><templateDeclaration identifier="u3" cardinality="single" baseType="integer" /><templateDeclaration identifier="v1" cardinality="single" baseType="integer" /><templateDeclaration identifier="v2" cardinality="single" baseType="integer" /><templateDeclaration identifier="v3" cardinality="single" baseType="integer" /><templateDeclaration identifier="n1" cardinality="single" baseType="integer" /><templateDeclaration identifier="n2" cardinality="single" baseType="integer" /><templateDeclaration identifier="n3" cardinality="single" baseType="integer" /><templateDeclaration identifier="nn" cardinality="single" baseType="string" /><templateDeclaration identifier="vz" cardinality="single" baseType="integer" /><templateDeclaration identifier="r" cardinality="single" baseType="integer" /><templateDeclaration identifier="ebene" cardinality="single" baseType="string" /><templateDeclaration identifier="tebene" cardinality="single" baseType="string" /><templateDeclaration identifier="b1" cardinality="single" baseType="integer" /><templateDeclaration identifier="b2" cardinality="single" baseType="integer" /><templateDeclaration identifier="b3" cardinality="single" baseType="integer" /><templateDeclaration identifier="c1" cardinality="single" baseType="integer" /><templateDeclaration identifier="c2" cardinality="single" baseType="integer" /><templateDeclaration identifier="c3" cardinality="single" baseType="integer" /><templateProcessing><setTemplateValue identifier="a1"><random><multiple><baseValue baseType="integer">-3</baseValue><baseValue baseType="integer">-2</baseValue><baseValue baseType="integer">-1</baseValue><baseValue baseType="integer">1</baseValue><baseValue baseType="integer">2</baseValue><baseValue baseType="integer">3</baseValue></multiple></random></setTemplateValue><setTemplateValue identifier="a2"><random><multiple><baseValue baseType="integer">-3</baseValue><baseValue baseType="integer">-2</baseValue><baseValue baseType="integer">-1</baseValue><baseValue baseType="integer">1</baseValue><baseValue baseType="integer">2</baseValue><baseValue baseType="integer">3</baseValue></multiple></random></setTemplateValue><setTemplateValue identifier="a3"><random><multiple><baseValue baseType="integer">-3</baseValue><baseValue baseType="integer">-2</baseValue><baseValue baseType="integer">-1</baseValue><baseValue baseType="integer">1</baseValue><baseValue baseType="integer">2</baseValue><baseValue baseType="integer">3</baseValue></multiple></random></setTemplateValue><setTemplateValue identifier="u1"><random><multiple><baseValue baseType="integer">-5</baseValue><baseValue baseType="integer">-4</baseValue><baseValue baseType="integer">-3</baseValue><baseValue baseType="integer">-2</baseValue><baseValue baseType="integer">-1</baseValue><baseValue baseType="integer">1</baseValue><baseValue baseType="integer">2</baseValue><baseValue baseType="integer">3</baseValue><baseValue baseType="integer">4</baseValue><baseValue baseType="integer">5</baseValue></multiple></random></setTemplateValue><setTemplateValue identifier="u2"><random><multiple><baseValue baseType="integer">-5</baseValue><baseValue baseType="integer">-4</baseValue><baseValue baseType="integer">-3</baseValue><baseValue baseType="integer">-2</baseValue><baseValue baseType="integer">-1</baseValue><baseValue baseType="integer">1</baseValue><baseValue baseType="integer">2</baseValue><baseValue baseType="integer">3</baseValue><baseValue baseType="integer">4</baseValue><baseValue baseType="integer">5</baseValue></multiple></random></setTemplateValue><setTemplateValue identifier="u3"><randomInteger min="0" max="0" step="0" /></setTemplateValue><setTemplateValue identifier="v1"><random><multiple><baseValue baseType="integer">-5</baseValue><baseValue baseType="integer">-4</baseValue><baseValue baseType="integer">-3</baseValue><baseValue baseType="integer">-2</baseValue><baseValue baseType="integer">-1</baseValue><baseValue baseType="integer">1</baseValue><baseValue baseType="integer">2</baseValue><baseValue baseType="integer">3</baseValue><baseValue baseType="integer">4</baseValue><baseValue baseType="integer">5</baseValue></multiple></random></setTemplateValue><setTemplateValue identifier="v2"><randomInteger min="0" max="0" step="0" /></setTemplateValue><setTemplateValue identifier="v3"><random><multiple><baseValue baseType="integer">-5</baseValue><baseValue baseType="integer">-4</baseValue><baseValue baseType="integer">-3</baseValue><baseValue baseType="integer">-2</baseValue><baseValue baseType="integer">-1</baseValue><baseValue baseType="integer">1</baseValue><baseValue baseType="integer">2</baseValue><baseValue baseType="integer">3</baseValue><baseValue baseType="integer">4</baseValue><baseValue baseType="integer">5</baseValue></multiple></random></setTemplateValue><setTemplateValue identifier="n1"><customOperator definition="MAXIMA" value="float($(1)*$(2)-$(3)*$(4));"><variable identifier="u2" /><variable identifier="v3" /><variable identifier="u3" /><variable identifier="v2" /></customOperator></setTemplateValue><setTemplateValue identifier="n2"><customOperator definition="MAXIMA" value="float($(1)*$(2)-$(3)*$(4));"><variable identifier="u3" /><variable identifier="v1" /><variable identifier="u1" /><variable identifier="v3" /></customOperator></setTemplateValue><setTemplateValue identifier="n3"><customOperator definition="MAXIMA" value="float($(1)*$(2)-$(3)*$(4));"><variable identifier="u1" /><variable identifier="v2" /><variable identifier="u2" /><variable identifier="v1" /></customOperator></setTemplateValue><setTemplateValue identifier="nn"><customOperator definition="MAXIMA" value="string(sqrt($(1)*$(2)+$(3)*$(4)+$(5)*$(6)))"><variable identifier="n1" /><variable identifier="n1" /><variable identifier="n2" /><variable identifier="n2" /><variable identifier="n3" /><variable identifier="n3" /></customOperator></setTemplateValue><setTemplateValue identifier="vz"><randomInteger min="1" max="1" step="0" /></setTemplateValue><setTemplateValue identifier="r"><customOperator definition="MAXIMA" value="float($(1)*$(2)+$(3)*$(4)+$(5)*$(6));"><variable identifier="a1" /><variable identifier="n1" /><variable identifier="a2" /><variable identifier="n2" /><variable identifier="a3" /><variable identifier="n3" /></customOperator></setTemplateValue><templateCondition><templateIf><lt><variable identifier="r" /><baseValue baseType="integer">0</baseValue></lt><setTemplateValue identifier="vz"><randomInteger min="-1" max="-1" step="0" /></setTemplateValue></templateIf></templateCondition><setTemplateValue identifier="ebene"><customOperator definition="MAXIMA" value="string($(1)*x+$(2)*y+$(3)*z=$(4))"><variable identifier="n1" /><variable identifier="n2" /><variable identifier="n3" /><variable identifier="r" /></customOperator></setTemplateValue><setTemplateValue identifier="tebene"><customOperator definition="MAXIMA" value="tex1($(1))"><variable identifier="ebene" /></customOperator></setTemplateValue><setTemplateValue identifier="b1"><customOperator definition="MAXIMA" value="float($(1)+$(2));"><variable identifier="a1" /><variable identifier="u1" /></customOperator></setTemplateValue><setTemplateValue identifier="b2"><customOperator definition="MAXIMA" value="float($(1)+$(2));"><variable identifier="a2" /><variable identifier="u2" /></customOperator></setTemplateValue><setTemplateValue identifier="b3"><customOperator definition="MAXIMA" value="float($(1)+$(2));"><variable identifier="a3" /><variable identifier="u3" /></customOperator></setTemplateValue><setTemplateValue identifier="c1"><customOperator definition="MAXIMA" value="float($(1)+$(2));"><variable identifier="a1" /><variable identifier="v1" /></customOperator></setTemplateValue><setTemplateValue identifier="c2"><customOperator definition="MAXIMA" value="float($(1)+$(2));"><variable identifier="a2" /><variable identifier="v2" /></customOperator></setTemplateValue><setTemplateValue identifier="c3"><customOperator definition="MAXIMA" value="float($(1)+$(2));"><variable identifier="a3" /><variable identifier="v3" /></customOperator></setTemplateValue><setCorrectResponse identifier="RESPONSE_1407403363118"><customOperator definition="VARIABLESTRING" value="$(1)"><variable identifier="ebene" /></customOperator></setCorrectResponse></templateProcessing><itemBody ><p><p><p>Geben Sie eine parameterfreie Darstellung der Ebene \(E\) durch die Punkte \(A=(<printedVariable identifier="a1" />,<printedVariable identifier="a2" />,<printedVariable identifier="a3" />)\), \(B=(<printedVariable identifier="b1" />,<printedVariable identifier="b2" />,<printedVariable identifier="b3" />)\) und \(C=(<printedVariable identifier="c1" />,<printedVariable identifier="c2" />,<printedVariable identifier="c3" />)\) an!</p><p>\(E:=\{(x,y,z)\in \mathbb R^3\colon \) <textEntryInteraction responseIdentifier="RESPONSE_1407403363118" expectedLength="20" placeholderText="a*x+b*y+c*z=d" class="maxima-formula show-latex" />\(\}\)</p></p></p></itemBody><responseProcessing><responseCondition><responseIf><customOperator definition="MAXIMA" value="is(equal(ev($(1)),ev($(2))));" caseSensitive="false"><variable identifier="RESPONSE_1407403363118" /><correct identifier="RESPONSE_1407403363118" /></customOperator><setOutcomeValue identifier="SCORE"><sum><variable identifier="SCORE" /><baseValue baseType="float">3</baseValue></sum></setOutcomeValue></responseIf></responseCondition><responseCondition><responseIf><not><isNull><variable identifier="RESPONSE_1407403363118" /></isNull></not><setOutcomeValue identifier="FEEDBACKBASIC"><baseValue baseType="identifier">incorrect</baseValue></setOutcomeValue></responseIf></responseCondition><responseCondition><responseIf><and><not><match><variable identifier="FEEDBACKBASIC" /><baseValue baseType="identifier">empty</baseValue></match></not><equal toleranceMode="exact"><variable identifier="SCORE" /><variable identifier="MAXSCORE" /></equal></and><setOutcomeValue identifier="FEEDBACKBASIC"><baseValue baseType="identifier">correct</baseValue></setOutcomeValue></responseIf></responseCondition><responseCondition><responseIf><and><match><baseValue baseType="identifier">correct</baseValue><variable identifier="FEEDBACKBASIC" /></match></and><setOutcomeValue identifier="FEEDBACKMODAL"><multiple><variable identifier="FEEDBACKMODAL" /><baseValue baseType="identifier">Feedback2107977236</baseValue></multiple></setOutcomeValue></responseIf></responseCondition><responseCondition><responseIf><and><match><baseValue baseType="identifier">incorrect</baseValue><variable identifier="FEEDBACKBASIC" /></match></and><setOutcomeValue identifier="FEEDBACKMODAL"><multiple><variable identifier="FEEDBACKMODAL" /><baseValue baseType="identifier">Feedback1735680893</baseValue></multiple></setOutcomeValue></responseIf></responseCondition></responseProcessing><modalFeedback  identifier="Feedback2107977236" outcomeIdentifier="FEEDBACKMODAL" showHide="show" title="Richtig!" /><modalFeedback  identifier="Feedback1735680893" outcomeIdentifier="FEEDBACKMODAL" showHide="show" title="Leider nicht alles richtig!"><p>Aus den drei Punkten erhalten wir eine Darstellung der Ebene in Punktrichtungsform,</p><p>\(E=\{\underline a+s\cdot \underline u+t\cdot \underline v\colon s,t\in \mathbb R^3\}\),</p><p>wobei \(\underline a=(<printedVariable identifier="a1" />,<printedVariable identifier="a2" />,<printedVariable identifier="a3" />)\),  \(\underline b=(<printedVariable identifier="b1" />,<printedVariable identifier="b2" />,<printedVariable identifier="b3" />)\) und \(\underline c=(<printedVariable identifier="c1" />,<printedVariable identifier="c2" />,<printedVariable identifier="c3" />)\) die Ortsvektoren von \(A\), \(B\) und \(C\) sind und sich die Richtungsvektoren \(\underline u\) und \(\underline v\) durch \(\underline u=\underline b-\underline a=(<printedVariable identifier="u1" />,<printedVariable identifier="u2" />,<printedVariable identifier="u3" />)\) und \(\underline v=\underline c-\underline a=(<printedVariable identifier="v1" />,<printedVariable identifier="v2" />,<printedVariable identifier="v3" />)\) ergeben.</p><p>Aus der Parameterdarstellung erhalten wir eine parameterfreie Normalform,</p><p>\(E=\{(x,y,z)\in\mathbb R^3\colon n_xx+nyy+n_zz=r\}\),</p><p>indem wir durch</p><p>\(\underline n=\begin{pmatrix}n_x\\n_y\\n_z\end{pmatrix}=\underline u \times \underline v=\begin{pmatrix}<printedVariable identifier="u1" />\\<printedVariable identifier="u2" />\\<printedVariable identifier="u3" />\end{pmatrix}\times\begin{pmatrix}<printedVariable identifier="v1" />\\<printedVariable identifier="v2" />\\<printedVariable identifier="v3" />\end{pmatrix}=\begin{pmatrix}<printedVariable identifier="n1" />\\<printedVariable identifier="n2" />\\<printedVariable identifier="n3" />\end{pmatrix}\)</p><p>einen Normalenvektor \(\underline n\) zur Ebene und die Zahl \(r\) über das Skalarprodukt</p><p>\(r=\langle \underline a,\underline n\rangle=\left\langle\begin{pmatrix}<printedVariable identifier="a1" />\\<printedVariable identifier="a2" />\\<printedVariable identifier="a3" />\end{pmatrix},\begin{pmatrix}<printedVariable identifier="n1" />\\<printedVariable identifier="n2" />\\<printedVariable identifier="n3" />\end{pmatrix}\right\rangle=<printedVariable identifier="r" />\)</p><p>berechnen. Wir erhalten so</p><p>\(E=\{(x,y,z)\in\mathbb R^3\colon <printedVariable identifier="tebene" /> \}\).</p></modalFeedback></assessmentItem>
