<?xml version="1.0" encoding="UTF-8"?>
<assessmentItem xmlns="http://www.imsglobal.org/xsd/imsqti_v2p1" xmlns:xsi="http://www.w3.org/2001/XMLSchema-instance" xsi:schemaLocation="http://www.imsglobal.org/xsd/imsqti_v2p1 http://www.imsglobal.org/xsd/qti/qtiv2p1/imsqti_v2p1p1.xsd http://www.w3.org/1998/Math/MathML http://www.w3.org/Math/XMLSchema/mathml2/mathml2.xsd" identifier="idf858de71-c450-4845-9df7-5ec028189f3b" title="GeometrischeReihe" adaptive="false" timeDependent="false"><responseDeclaration identifier="RESPONSE_1409046827270" cardinality="single" baseType="float"><correctResponse><value>0</value></correctResponse></responseDeclaration><responseDeclaration identifier="RESPONSE_1409052988123" cardinality="single" baseType="float"><correctResponse><value>0</value></correctResponse></responseDeclaration><responseDeclaration identifier="RESPONSE_1409053643462" cardinality="single" baseType="float"><correctResponse><value>0</value></correctResponse></responseDeclaration><responseDeclaration identifier="RESPONSE_1409053676362" cardinality="single" baseType="float"><correctResponse><value>0</value></correctResponse></responseDeclaration><outcomeDeclaration identifier="SCORE" cardinality="single" baseType="float"><defaultValue><value>0</value></defaultValue></outcomeDeclaration><outcomeDeclaration identifier="MAXSCORE" cardinality="single" baseType="float"><defaultValue><value>4</value></defaultValue></outcomeDeclaration><outcomeDeclaration identifier="FEEDBACKBASIC" cardinality="single" baseType="identifier" view="testConstructor"><defaultValue><value>empty</value></defaultValue></outcomeDeclaration><outcomeDeclaration identifier="FEEDBACKMODAL" cardinality="multiple" baseType="identifier" view="testConstructor" /><templateDeclaration identifier="a" cardinality="single" baseType="integer" /><templateDeclaration identifier="a1" cardinality="single" baseType="integer" /><templateDeclaration identifier="b" cardinality="single" baseType="integer" /><templateDeclaration identifier="c" cardinality="single" baseType="integer" /><templateDeclaration identifier="d" cardinality="single" baseType="integer" /><templateDeclaration identifier="ad" cardinality="single" baseType="integer" /><templateDeclaration identifier="ba1" cardinality="single" baseType="integer" /><templateDeclaration identifier="e" cardinality="single" baseType="integer" /><templateDeclaration identifier="ea" cardinality="single" baseType="float" /><templateDeclaration identifier="eb" cardinality="single" baseType="float" /><templateDeclaration identifier="ec" cardinality="single" baseType="float" /><templateDeclaration identifier="ed" cardinality="single" baseType="float" /><templateProcessing><setTemplateValue identifier="a"><randomInteger min="-5" max="5" /></setTemplateValue><templateCondition><templateIf><match><variable identifier="a" /><baseValue baseType="integer">0</baseValue></match><setTemplateValue identifier="a"><randomInteger min="1" max="7" /></setTemplateValue></templateIf></templateCondition><setTemplateValue identifier="a1"><randomInteger min="-4" max="6" /></setTemplateValue><templateCondition><templateIf><match><variable identifier="a1" /><baseValue baseType="integer">0</baseValue></match><setTemplateValue identifier="a1"><randomInteger min="1" max="5" /></setTemplateValue></templateIf></templateCondition><setTemplateValue identifier="b"><randomInteger min="-5" max="6" /></setTemplateValue><templateCondition><templateIf><match><variable identifier="b" /><baseValue baseType="integer">0</baseValue></match><setTemplateValue identifier="b"><randomInteger min="2" max="6" /></setTemplateValue></templateIf></templateCondition><templateCondition><templateIf><match><variable identifier="b" /><baseValue baseType="integer">1</baseValue></match><setTemplateValue identifier="b"><randomInteger min="2" max="6" /></setTemplateValue></templateIf></templateCondition><templateCondition><templateIf><match><variable identifier="b" /><baseValue baseType="integer">-1</baseValue></match><setTemplateValue identifier="b"><randomInteger min="-2" max="-2" step="0" /></setTemplateValue></templateIf></templateCondition><setTemplateValue identifier="c"><customOperator definition="MAXIMA" value="float(abs($(1))+1);"><variable identifier="b" /></customOperator></setTemplateValue><setTemplateValue identifier="d"><randomInteger min="-5" max="5" /></setTemplateValue><setTemplateValue identifier="ad"><customOperator definition="MAXIMA" value="float($(1)-$(2));"><variable identifier="a" /><variable identifier="d" /></customOperator></setTemplateValue><setTemplateValue identifier="ba1"><customOperator definition="MAXIMA" value="float($(1)-$(2));"><variable identifier="b" /><variable identifier="a1" /></customOperator></setTemplateValue><templateCondition><templateIf><match><variable identifier="ad" /><baseValue baseType="integer">0</baseValue></match><setTemplateValue identifier="a"><customOperator definition="MAXIMA" value="float($(1)+1);"><variable identifier="a" /></customOperator></setTemplateValue></templateIf></templateCondition><templateCondition><templateIf><match><variable identifier="ba1" /><baseValue baseType="integer">0</baseValue></match><setTemplateValue identifier="b"><customOperator definition="MAXIMA" value="float($(1)+1);"><variable identifier="b" /></customOperator></setTemplateValue></templateIf></templateCondition><setTemplateValue identifier="e"><randomInteger min="1" max="6" /></setTemplateValue><setTemplateValue identifier="ea"><customOperator definition="MAXIMA" value="float($(1)*1/(1-$(2)/$(3)));"><variable identifier="a" /><variable identifier="b" /><variable identifier="c" /></customOperator></setTemplateValue><setTemplateValue identifier="eb"><customOperator definition="MAXIMA" value="float($(1)*1/(1-1/$(2)));"><variable identifier="c" /><variable identifier="b" /></customOperator></setTemplateValue><setTemplateValue identifier="ec"><customOperator definition="MAXIMA" value="float($(1))*sum(($(2)-$(3))^k/($(4))^k, k, 0, inf), simpsum;"><variable identifier="e" /><variable identifier="a" /><variable identifier="d" /><variable identifier="c" /></customOperator></setTemplateValue><setTemplateValue identifier="ed"><customOperator definition="MAXIMA" value="float($(1))*sum(  ($(2)-$(3))^(k+$(4)) / ($(5))^(k-$(6)) , k, $(7), inf), simpsum;"><variable identifier="a1" /><variable identifier="b" /><variable identifier="a1" /><variable identifier="e" /><variable identifier="a" /><variable identifier="e" /><variable identifier="e" /></customOperator></setTemplateValue><setCorrectResponse identifier="RESPONSE_1409046827270"><variable identifier="ea" /></setCorrectResponse><setCorrectResponse identifier="RESPONSE_1409052988123"><variable identifier="eb" /></setCorrectResponse><setCorrectResponse identifier="RESPONSE_1409053643462"><variable identifier="ec" /></setCorrectResponse><setCorrectResponse identifier="RESPONSE_1409053676362"><variable identifier="ed" /></setCorrectResponse></templateProcessing><itemBody ><p>Berechnen Sie die Grenzwerte der folgenden Reihen falls diese existieren:</p><p><em>Achtung: Falls eine Reihe nicht konvergiert, muß in die betreffende Lücke (aus technischen Gründen) eine 0 eingegeben werden um den Punkt zu bekommen.</em></p><p>a.) \[ \sum_{k=0}^{\infty} <printedVariable identifier="a" />\cdot (\frac{<printedVariable identifier="b" />}{<printedVariable identifier="c" />})^k = \]  <textEntryInteraction responseIdentifier="RESPONSE_1409046827270" expectedLength="3" /></p><p>b.) \[ \sum_{k=0}^{\infty} <printedVariable identifier="c" />\cdot \frac{1}{(<printedVariable identifier="b" />)^k} = \] <textEntryInteraction responseIdentifier="RESPONSE_1409052988123" expectedLength="2" /></p><p>c.) \[ \sum_{k=0}^{\infty} <printedVariable identifier="e" />\cdot \frac{(x-<printedVariable identifier="d" />)^k}{(<printedVariable identifier="c" />)^k} = \] <textEntryInteraction responseIdentifier="RESPONSE_1409053643462" expectedLength="2" /> an der Stelle x:=<printedVariable identifier="a" /></p><p>d.) \[ \sum_{k=<printedVariable identifier="e" />}^{\infty} <printedVariable identifier="a1" />\cdot \frac{(x-<printedVariable identifier="a1" />)^{k+<printedVariable identifier="e" />}}{(<printedVariable identifier="a" />)^{k-<printedVariable identifier="e" />}} = \] <textEntryInteraction responseIdentifier="RESPONSE_1409053676362" expectedLength="2" /> an der Stelle x:=<printedVariable identifier="b" /></p><p> </p></itemBody><responseProcessing><responseCondition><responseIf><equal toleranceMode="absolute" tolerance="0.1 0.1" includeLowerBound="true" includeUpperBound="true"><variable identifier="RESPONSE_1409046827270" /><correct identifier="RESPONSE_1409046827270" /></equal><setOutcomeValue identifier="SCORE"><sum><variable identifier="SCORE" /><baseValue baseType="float">1</baseValue></sum></setOutcomeValue></responseIf></responseCondition><responseCondition><responseIf><not><isNull><variable identifier="RESPONSE_1409046827270" /></isNull></not><setOutcomeValue identifier="FEEDBACKBASIC"><baseValue baseType="identifier">incorrect</baseValue></setOutcomeValue></responseIf></responseCondition><responseCondition><responseIf><equal toleranceMode="absolute" tolerance="0.1 0.1" includeLowerBound="true" includeUpperBound="true"><variable identifier="RESPONSE_1409052988123" /><correct identifier="RESPONSE_1409052988123" /></equal><setOutcomeValue identifier="SCORE"><sum><variable identifier="SCORE" /><baseValue baseType="float">1</baseValue></sum></setOutcomeValue></responseIf></responseCondition><responseCondition><responseIf><not><isNull><variable identifier="RESPONSE_1409052988123" /></isNull></not><setOutcomeValue identifier="FEEDBACKBASIC"><baseValue baseType="identifier">incorrect</baseValue></setOutcomeValue></responseIf></responseCondition><responseCondition><responseIf><equal toleranceMode="absolute" tolerance="0.1 0.1" includeLowerBound="true" includeUpperBound="true"><variable identifier="RESPONSE_1409053643462" /><correct identifier="RESPONSE_1409053643462" /></equal><setOutcomeValue identifier="SCORE"><sum><variable identifier="SCORE" /><baseValue baseType="float">1</baseValue></sum></setOutcomeValue></responseIf></responseCondition><responseCondition><responseIf><not><isNull><variable identifier="RESPONSE_1409053643462" /></isNull></not><setOutcomeValue identifier="FEEDBACKBASIC"><baseValue baseType="identifier">incorrect</baseValue></setOutcomeValue></responseIf></responseCondition><responseCondition><responseIf><equal toleranceMode="relative" tolerance="0.1 0.1" includeLowerBound="true" includeUpperBound="true"><variable identifier="RESPONSE_1409053676362" /><correct identifier="RESPONSE_1409053676362" /></equal><setOutcomeValue identifier="SCORE"><sum><variable identifier="SCORE" /><baseValue baseType="float">1</baseValue></sum></setOutcomeValue></responseIf></responseCondition><responseCondition><responseIf><not><isNull><variable identifier="RESPONSE_1409053676362" /></isNull></not><setOutcomeValue identifier="FEEDBACKBASIC"><baseValue baseType="identifier">incorrect</baseValue></setOutcomeValue></responseIf></responseCondition><responseCondition><responseIf><and><not><match><variable identifier="FEEDBACKBASIC" /><baseValue baseType="identifier">empty</baseValue></match></not><equal toleranceMode="exact"><variable identifier="SCORE" /><variable identifier="MAXSCORE" /></equal></and><setOutcomeValue identifier="FEEDBACKBASIC"><baseValue baseType="identifier">correct</baseValue></setOutcomeValue></responseIf></responseCondition><responseCondition><responseIf><and><match><baseValue baseType="identifier">incorrect</baseValue><variable identifier="FEEDBACKBASIC" /></match></and><setOutcomeValue identifier="FEEDBACKMODAL"><multiple><variable identifier="FEEDBACKMODAL" /><baseValue baseType="identifier">Feedback242804183</baseValue></multiple></setOutcomeValue></responseIf></responseCondition><responseCondition><responseIf><and><equal toleranceMode="exact"><variable identifier="SCORE" /><baseValue baseType="float">0</baseValue></equal></and><setOutcomeValue identifier="FEEDBACKMODAL"><multiple><variable identifier="FEEDBACKMODAL" /><baseValue baseType="identifier">Feedback1737376079</baseValue></multiple></setOutcomeValue></responseIf></responseCondition></responseProcessing><modalFeedback  identifier="Feedback242804183" outcomeIdentifier="FEEDBACKMODAL" showHide="show"><p>Hinweise:</p><p>Die Formel für den Wert einer geometrischen Reihe ist:</p><p>\( \sum_{k=0}^{\infty} p^k = \frac{1}{1-p}\)  für \( |p|&lt; 1\). Für  \( |p|\ge 1\) konvergiert die Reihe. nicht.</p><p>Beachte, dass für die Gültigkeit der obigen Formel, der Index k bei 0 beginnen muß. Falls dies nicht vorliegt, rechnet man zunächst die Summe als ob diese bei k = 0 beginne und subtrahiert dann die überschüssigen Glieder manuel wieder heraus.</p><p>Konstante Faktoren die nicht vom Laufindex abhängen, kann man vor das Summenzeichen ziehen, z.B. \( \sum_{k=0}^{\infty} 3 \cdot p^k = 3  \sum_{k=0}^{\infty} p^k\)</p><p>Falls ein Term vom Typ \( p^{k+m} \) über k summiert werden soll, mit einer festen reellen Zahl m, so schreibt man diesen Term in der Form  \( p^{k+m} = p^{m} \cdot p^{k} \) und zieht den Faktor \( p^{m}\) aus dem Summenzeichen heraus:</p><p>\( \sum_{k=0}^{\infty} p^{k+m} = p^{m} \sum_{k=0}^{\infty} p^k \)</p><p> </p></modalFeedback><modalFeedback  identifier="Feedback1737376079" outcomeIdentifier="FEEDBACKMODAL" showHide="show" /></assessmentItem>
