<?xml version="1.0" encoding="UTF-8"?>
<assessmentItem xmlns="http://www.imsglobal.org/xsd/imsqti_v2p1" xmlns:xsi="http://www.w3.org/2001/XMLSchema-instance" xsi:schemaLocation="http://www.imsglobal.org/xsd/imsqti_v2p1 http://www.imsglobal.org/xsd/qti/qtiv2p1/imsqti_v2p1p1.xsd http://www.w3.org/1998/Math/MathML http://www.w3.org/Math/XMLSchema/mathml2/mathml2.xsd" identifier="id2ecea29c-dc13-413d-bba7-07e45f0985b5" title="umformung_bruch_dezimalzahl_01" adaptive="false" timeDependent="false"><responseDeclaration identifier="RESPONSE_1390839014391" cardinality="single" baseType="float"><correctResponse><value>0</value></correctResponse></responseDeclaration><outcomeDeclaration identifier="SCORE" cardinality="single" baseType="float"><defaultValue><value>0</value></defaultValue></outcomeDeclaration><outcomeDeclaration identifier="MAXSCORE" cardinality="single" baseType="float"><defaultValue><value>1</value></defaultValue></outcomeDeclaration><outcomeDeclaration identifier="FEEDBACKBASIC" cardinality="single" baseType="identifier" view="testConstructor"><defaultValue><value>empty</value></defaultValue></outcomeDeclaration><templateDeclaration identifier="q" cardinality="single" baseType="integer" /><templateDeclaration identifier="p" cardinality="single" baseType="integer" /><templateDeclaration identifier="p/q" cardinality="single" baseType="float" /><templateProcessing><setTemplateValue identifier="q"><random><multiple><baseValue baseType="integer">3</baseValue><baseValue baseType="integer">4</baseValue><baseValue baseType="integer">5</baseValue><baseValue baseType="integer">8</baseValue><baseValue baseType="integer">9</baseValue><baseValue baseType="integer">10</baseValue><baseValue baseType="integer">20</baseValue></multiple></random></setTemplateValue><setTemplateValue identifier="p"><random><multiple><baseValue baseType="integer">1</baseValue><baseValue baseType="integer">2</baseValue><baseValue baseType="integer">7</baseValue><baseValue baseType="integer">11</baseValue><baseValue baseType="integer">13</baseValue><baseValue baseType="integer">14</baseValue></multiple></random></setTemplateValue><setTemplateValue identifier="p/q"><customOperator definition="MAXIMA" value="float($(1)/$(2));"><variable identifier="p" /><variable identifier="q" /></customOperator></setTemplateValue><setCorrectResponse identifier="RESPONSE_1390839014391"><variable identifier="p/q" /></setCorrectResponse></templateProcessing><itemBody ><p>Schreiben Sie den Bruch als Dezimalzahl! Runden Sie gegebenenfalls auf zwei Stellen nach dem Komma!</p><p>\(\displaystyle\frac{<printedVariable identifier="p" />}{<printedVariable identifier="q" />}\) = <textEntryInteraction responseIdentifier="RESPONSE_1390839014391" /></p></itemBody><responseProcessing><responseCondition><responseIf><equal toleranceMode="absolute" tolerance="0.01 0.01" includeLowerBound="true" includeUpperBound="true"><variable identifier="RESPONSE_1390839014391" /><correct identifier="RESPONSE_1390839014391" /></equal><setOutcomeValue identifier="SCORE"><sum><variable identifier="SCORE" /><baseValue baseType="float">1</baseValue></sum></setOutcomeValue></responseIf></responseCondition><responseCondition><responseIf><not><isNull><variable identifier="RESPONSE_1390839014391" /></isNull></not><setOutcomeValue identifier="FEEDBACKBASIC"><baseValue baseType="identifier">incorrect</baseValue></setOutcomeValue></responseIf></responseCondition><responseCondition><responseIf><and><not><match><variable identifier="FEEDBACKBASIC" /><baseValue baseType="identifier">empty</baseValue></match></not><equal toleranceMode="exact"><variable identifier="SCORE" /><variable identifier="MAXSCORE" /></equal></and><setOutcomeValue identifier="FEEDBACKBASIC"><baseValue baseType="identifier">correct</baseValue></setOutcomeValue></responseIf></responseCondition></responseProcessing></assessmentItem>
