<?xml version="1.0" encoding="UTF-8"?>
<assessmentItem xmlns="http://www.imsglobal.org/xsd/imsqti_v2p1" xmlns:xsi="http://www.w3.org/2001/XMLSchema-instance" xsi:schemaLocation="http://www.imsglobal.org/xsd/imsqti_v2p1 http://www.imsglobal.org/xsd/qti/qtiv2p1/imsqti_v2p1p1.xsd http://www.w3.org/1998/Math/MathML http://www.w3.org/Math/XMLSchema/mathml2/mathml2.xsd" identifier="id912786d3-71df-40b3-aeae-6c6447f3661e" title="umformung_log_02" adaptive="false" timeDependent="false"><responseDeclaration identifier="RESPONSE_1406634843232" cardinality="single" baseType="float"><correctResponse><value>0</value></correctResponse></responseDeclaration><outcomeDeclaration identifier="SCORE" cardinality="single" baseType="float"><defaultValue><value>0</value></defaultValue></outcomeDeclaration><outcomeDeclaration identifier="MAXSCORE" cardinality="single" baseType="float"><defaultValue><value>1</value></defaultValue></outcomeDeclaration><outcomeDeclaration identifier="FEEDBACKBASIC" cardinality="single" baseType="identifier" view="testConstructor"><defaultValue><value>empty</value></defaultValue></outcomeDeclaration><outcomeDeclaration identifier="FEEDBACKMODAL" cardinality="multiple" baseType="identifier" view="testConstructor" /><templateDeclaration identifier="a" cardinality="single" baseType="integer" /><templateDeclaration identifier="b" cardinality="single" baseType="integer" /><templateDeclaration identifier="ergebnis" cardinality="single" baseType="integer" /><templateProcessing><setTemplateValue identifier="a"><randomInteger min="6" max="15" /></setTemplateValue><setTemplateValue identifier="b"><randomInteger min="3" max="12" /></setTemplateValue><setTemplateValue identifier="ergebnis"><customOperator definition="MAXIMA" value="float($(1)+2*$(2));"><variable identifier="a" /><variable identifier="b" /></customOperator></setTemplateValue><setCorrectResponse identifier="RESPONSE_1406634843232"><variable identifier="ergebnis" /></setCorrectResponse></templateProcessing><itemBody ><p>Formen Sie um und geben Sie das Ergebnis an!</p><p>\(\log_2\left(2^{<printedVariable identifier="a" />}\cdot4^{<printedVariable identifier="b" />}\right)\) = <textEntryInteraction responseIdentifier="RESPONSE_1406634843232" /></p></itemBody><responseProcessing><responseCondition><responseIf><equal toleranceMode="exact"><variable identifier="RESPONSE_1406634843232" /><correct identifier="RESPONSE_1406634843232" /></equal><setOutcomeValue identifier="SCORE"><sum><variable identifier="SCORE" /><baseValue baseType="float">1</baseValue></sum></setOutcomeValue></responseIf></responseCondition><responseCondition><responseIf><not><isNull><variable identifier="RESPONSE_1406634843232" /></isNull></not><setOutcomeValue identifier="FEEDBACKBASIC"><baseValue baseType="identifier">incorrect</baseValue></setOutcomeValue></responseIf></responseCondition><responseCondition><responseIf><and><not><match><variable identifier="FEEDBACKBASIC" /><baseValue baseType="identifier">empty</baseValue></match></not><equal toleranceMode="exact"><variable identifier="SCORE" /><variable identifier="MAXSCORE" /></equal></and><setOutcomeValue identifier="FEEDBACKBASIC"><baseValue baseType="identifier">correct</baseValue></setOutcomeValue></responseIf></responseCondition><responseCondition><responseIf><and><match><baseValue baseType="identifier">correct</baseValue><variable identifier="FEEDBACKBASIC" /></match></and><setOutcomeValue identifier="FEEDBACKMODAL"><multiple><variable identifier="FEEDBACKMODAL" /><baseValue baseType="identifier">Feedback350958638</baseValue></multiple></setOutcomeValue></responseIf></responseCondition><responseCondition><responseIf><and><match><baseValue baseType="identifier">incorrect</baseValue><variable identifier="FEEDBACKBASIC" /></match></and><setOutcomeValue identifier="FEEDBACKMODAL"><multiple><variable identifier="FEEDBACKMODAL" /><baseValue baseType="identifier">Feedback28341532</baseValue></multiple></setOutcomeValue></responseIf></responseCondition></responseProcessing><modalFeedback  identifier="Feedback350958638" outcomeIdentifier="FEEDBACKMODAL" showHide="show" title="Richtig!"><p>Hier ein möglicher Lösungsweg:</p><p>\(\log_2\left(2^{<printedVariable identifier="a" />}\cdot4^{<printedVariable identifier="b" />}\right) = <printedVariable identifier="a" />\log_2 2 + <printedVariable identifier="b" />\log_2 4 = <printedVariable identifier="a" />+2\cdot<printedVariable identifier="b" />=<printedVariable identifier="ergebnis" />\).</p></modalFeedback><modalFeedback  identifier="Feedback28341532" outcomeIdentifier="FEEDBACKMODAL" showHide="show" title="Leider falsch!"><p>Hier ein möglicher Lösungsweg:</p><p>\(\log_2\left(2^{<printedVariable identifier="a" />}\cdot4^{<printedVariable identifier="b" />}\right) = <printedVariable identifier="a" />\log_2 2 + <printedVariable identifier="b" />\log_2 4 = <printedVariable identifier="a" />+2\cdot<printedVariable identifier="b" />=<printedVariable identifier="ergebnis" />\).</p></modalFeedback></assessmentItem>
