<?xml version="1.0" encoding="UTF-8"?>
<assessmentItem xmlns="http://www.imsglobal.org/xsd/imsqti_v2p1" xmlns:xsi="http://www.w3.org/2001/XMLSchema-instance" xsi:schemaLocation="http://www.imsglobal.org/xsd/imsqti_v2p1 http://www.imsglobal.org/xsd/qti/qtiv2p1/imsqti_v2p1p1.xsd http://www.w3.org/1998/Math/MathML http://www.w3.org/Math/XMLSchema/mathml2/mathml2.xsd" identifier="id7d381e43-9dde-41db-8a93-ff519ed51e34" title="betragsungleichung_01" adaptive="false" timeDependent="false"><responseDeclaration identifier="RESPONSE_1386160498300" cardinality="single" baseType="string" /><responseDeclaration identifier="RESPONSE_1386160503868" cardinality="single" baseType="string" /><outcomeDeclaration identifier="SCORE" cardinality="single" baseType="float"><defaultValue><value>0</value></defaultValue></outcomeDeclaration><outcomeDeclaration identifier="MAXSCORE" cardinality="single" baseType="float"><defaultValue><value>2</value></defaultValue></outcomeDeclaration><outcomeDeclaration identifier="FEEDBACKBASIC" cardinality="single" baseType="identifier" view="testConstructor"><defaultValue><value>empty</value></defaultValue></outcomeDeclaration><outcomeDeclaration identifier="FEEDBACKMODAL" cardinality="multiple" baseType="identifier" view="testConstructor" /><templateDeclaration identifier="a" cardinality="single" baseType="integer" /><templateDeclaration identifier="babs" cardinality="single" baseType="integer" /><templateDeclaration identifier="bsign" cardinality="single" baseType="integer" /><templateDeclaration identifier="b" cardinality="single" baseType="float" /><templateDeclaration identifier="s" cardinality="single" baseType="string" /><templateDeclaration identifier="c" cardinality="single" baseType="integer" /><templateDeclaration identifier="l" cardinality="single" baseType="integer" /><templateDeclaration identifier="r" cardinality="single" baseType="integer" /><templateDeclaration identifier="links" cardinality="single" baseType="string" /><templateDeclaration identifier="rechts" cardinality="single" baseType="string" /><templateProcessing><setTemplateValue identifier="a"><randomInteger min="2" max="5" /></setTemplateValue><setTemplateValue identifier="babs"><randomInteger min="1" max="10" /></setTemplateValue><setTemplateValue identifier="bsign"><randomInteger min="-1" max="1" step="2" /></setTemplateValue><setTemplateValue identifier="b"><customOperator definition="MAXIMA" value="float($(1)*$(2));"><variable identifier="bsign" /><variable identifier="babs" /></customOperator></setTemplateValue><setTemplateValue identifier="s"><random><multiple><baseValue baseType="string">-</baseValue><baseValue baseType="string">+</baseValue></multiple></random></setTemplateValue><templateCondition><templateIf><gte><variable identifier="b" /><baseValue baseType="integer">0</baseValue></gte><setTemplateValue identifier="s"><random><multiple><baseValue baseType="string">+</baseValue></multiple></random></setTemplateValue></templateIf><templateElse><setTemplateValue identifier="s"><random><multiple><baseValue baseType="string">-</baseValue></multiple></random></setTemplateValue></templateElse></templateCondition><setTemplateValue identifier="c"><randomInteger min="1" max="10" /></setTemplateValue><setTemplateValue identifier="l"><customOperator definition="MAXIMA" value="float(-$(1)-$(2));"><variable identifier="c" /><variable identifier="b" /></customOperator></setTemplateValue><setTemplateValue identifier="r"><customOperator definition="MAXIMA" value="float($(1)-$(2));"><variable identifier="c" /><variable identifier="b" /></customOperator></setTemplateValue><setTemplateValue identifier="links"><customOperator definition="MAXIMA" value="tex1($(1)/$(2))"><variable identifier="l" /><variable identifier="a" /></customOperator></setTemplateValue><setTemplateValue identifier="rechts"><customOperator definition="MAXIMA" value="tex1($(1)/$(2))"><variable identifier="r" /><variable identifier="a" /></customOperator></setTemplateValue><setCorrectResponse identifier="RESPONSE_1386160498300"><customOperator definition="VARIABLESTRING" value="$(2)/$(1)"><variable identifier="a" /><variable identifier="l" /></customOperator></setCorrectResponse><setCorrectResponse identifier="RESPONSE_1386160503868"><customOperator definition="VARIABLESTRING" value="$(2)/$(1)"><variable identifier="a" /><variable identifier="r" /></customOperator></setCorrectResponse></templateProcessing><itemBody ><p>Die Lösungsmenge der Ungleichung \(|<printedVariable identifier="a" />x<printedVariable identifier="s" /><printedVariable identifier="babs" />|&lt;<printedVariable identifier="c" />\) ist ein Intervall der Form \((a,b)\).</p><p>Bestimmen Sie die Intervallgrenzen \(a\) und \(b\) ! Sofern nötig, runden Sie auf zwei Stellen nach dem Komma!</p><p>\(a\) = <textEntryInteraction responseIdentifier="RESPONSE_1386160498300" /></p><p>\(b\) = <textEntryInteraction responseIdentifier="RESPONSE_1386160503868" /></p><p><strong>Hinweis:</strong> Sie können Brüche wiefolgt eingeben: \(\frac xy=\) <strong>x/y. </strong>Geben Sie bitte <strong>keine Kommazahlen</strong> ein!</p><p>                z.B. \(\frac13=\) <strong>1/3</strong>, <span style="text-decoration: underline;">nicht</span> <strong>0.3333</strong> !</p></itemBody><responseProcessing><responseCondition><responseIf><customOperator definition="MAXIMA" value="is(equal(ev($(1)),ev($(2))));" caseSensitive="false"><variable identifier="RESPONSE_1386160498300" /><correct identifier="RESPONSE_1386160498300" /></customOperator><setOutcomeValue identifier="SCORE"><sum><variable identifier="SCORE" /><baseValue baseType="float">1</baseValue></sum></setOutcomeValue></responseIf></responseCondition><responseCondition><responseIf><not><isNull><variable identifier="RESPONSE_1386160498300" /></isNull></not><setOutcomeValue identifier="FEEDBACKBASIC"><baseValue baseType="identifier">incorrect</baseValue></setOutcomeValue></responseIf></responseCondition><responseCondition><responseIf><customOperator definition="MAXIMA" value="is(equal(ev($(1)),ev($(2))));" caseSensitive="false"><variable identifier="RESPONSE_1386160503868" /><correct identifier="RESPONSE_1386160503868" /></customOperator><setOutcomeValue identifier="SCORE"><sum><variable identifier="SCORE" /><baseValue baseType="float">1</baseValue></sum></setOutcomeValue></responseIf></responseCondition><responseCondition><responseIf><not><isNull><variable identifier="RESPONSE_1386160503868" /></isNull></not><setOutcomeValue identifier="FEEDBACKBASIC"><baseValue baseType="identifier">incorrect</baseValue></setOutcomeValue></responseIf></responseCondition><responseCondition><responseIf><and><not><match><variable identifier="FEEDBACKBASIC" /><baseValue baseType="identifier">empty</baseValue></match></not><equal toleranceMode="exact"><variable identifier="SCORE" /><variable identifier="MAXSCORE" /></equal></and><setOutcomeValue identifier="FEEDBACKBASIC"><baseValue baseType="identifier">correct</baseValue></setOutcomeValue></responseIf></responseCondition><responseCondition><responseIf><and><match><baseValue baseType="identifier">correct</baseValue><variable identifier="FEEDBACKBASIC" /></match></and><setOutcomeValue identifier="FEEDBACKMODAL"><multiple><variable identifier="FEEDBACKMODAL" /><baseValue baseType="identifier">Feedback1229863575</baseValue></multiple></setOutcomeValue></responseIf></responseCondition><responseCondition><responseIf><and><match><baseValue baseType="identifier">incorrect</baseValue><variable identifier="FEEDBACKBASIC" /></match></and><setOutcomeValue identifier="FEEDBACKMODAL"><multiple><variable identifier="FEEDBACKMODAL" /><baseValue baseType="identifier">Feedback1480447427</baseValue></multiple></setOutcomeValue></responseIf></responseCondition></responseProcessing><modalFeedback  identifier="Feedback1229863575" outcomeIdentifier="FEEDBACKMODAL" showHide="show" title="Richtig!"><p>Die Intervallgrenzen ergeben sich wiefolgt:</p><p><br />$$-<printedVariable identifier="c" />&lt;<printedVariable identifier="a" />x<printedVariable identifier="s" /><printedVariable identifier="babs" />&lt;<printedVariable identifier="c" /> \iff <printedVariable identifier="l" />&lt;<printedVariable identifier="a" />x&lt;<printedVariable identifier="r" />.$$</p><p><br />Also ist $$a=<printedVariable identifier="links" />$$ und $$b=<printedVariable identifier="rechts" />$$.</p></modalFeedback><modalFeedback  identifier="Feedback1480447427" outcomeIdentifier="FEEDBACKMODAL" showHide="show" title="Leider falsch!"><p>Die Intervallgrenzen ergeben sich wiefolgt:</p><p><br />$$-<printedVariable identifier="c" />&lt;<printedVariable identifier="a" />x<printedVariable identifier="s" /><printedVariable identifier="babs" />&lt;<printedVariable identifier="c" /> \iff <printedVariable identifier="l" />&lt;<printedVariable identifier="a" />x&lt;<printedVariable identifier="r" />.$$</p><p><br />Also ist $$a=<printedVariable identifier="links" />$$ und $$b=<printedVariable identifier="rechts" />$$.</p><p> </p></modalFeedback></assessmentItem>
