<?xml version="1.0" encoding="UTF-8"?>
<assessmentItem xmlns="http://www.imsglobal.org/xsd/imsqti_v2p1" xmlns:xsi="http://www.w3.org/2001/XMLSchema-instance" xsi:schemaLocation="http://www.imsglobal.org/xsd/imsqti_v2p1 http://www.imsglobal.org/xsd/qti/qtiv2p1/imsqti_v2p1p1.xsd http://www.w3.org/1998/Math/MathML http://www.w3.org/Math/XMLSchema/mathml2/mathml2.xsd" identifier="idd512ece3-52f8-4ea0-a58b-02e30c25597e" title="integral_p/(mx+n)" adaptive="false" timeDependent="false"><responseDeclaration identifier="RESPONSE_1403681239523" cardinality="single" baseType="float"><correctResponse><value>0</value></correctResponse></responseDeclaration><outcomeDeclaration identifier="SCORE" cardinality="single" baseType="float"><defaultValue><value>0</value></defaultValue></outcomeDeclaration><outcomeDeclaration identifier="MAXSCORE" cardinality="single" baseType="float"><defaultValue><value>3</value></defaultValue></outcomeDeclaration><outcomeDeclaration identifier="FEEDBACKBASIC" cardinality="single" baseType="identifier" view="testConstructor"><defaultValue><value>empty</value></defaultValue></outcomeDeclaration><templateDeclaration identifier="m" cardinality="single" baseType="float" /><templateDeclaration identifier="n" cardinality="single" baseType="integer" /><templateDeclaration identifier="a" cardinality="single" baseType="integer" /><templateDeclaration identifier="b" cardinality="single" baseType="integer" /><templateDeclaration identifier="p" cardinality="single" baseType="integer" /><templateDeclaration identifier="solution" cardinality="single" baseType="float" /><templateProcessing><setTemplateValue identifier="m"><random><multiple><baseValue baseType="float">0.5</baseValue><baseValue baseType="float">1.5</baseValue><baseValue baseType="float">2</baseValue><baseValue baseType="float">2.5</baseValue><baseValue baseType="float">3</baseValue></multiple></random></setTemplateValue><setTemplateValue identifier="n"><randomInteger min="1" max="5" /></setTemplateValue><setTemplateValue identifier="a"><randomInteger min="0" max="3" /></setTemplateValue><setTemplateValue identifier="b"><randomInteger min="4" max="7" /></setTemplateValue><setTemplateValue identifier="p"><randomInteger min="2" max="4" /></setTemplateValue><setTemplateValue identifier="solution"><customOperator definition="MAXIMA" value="float($(1)/$(2))*float(log($(3)*$(4)+$(5))-log($(6)*$(7)+$(8)))"><variable identifier="p" /><variable identifier="m" /><variable identifier="m" /><variable identifier="b" /><variable identifier="n" /><variable identifier="m" /><variable identifier="a" /><variable identifier="n" /></customOperator></setTemplateValue><setCorrectResponse identifier="RESPONSE_1403681239523"><variable identifier="solution" /></setCorrectResponse></templateProcessing><itemBody ><p><p>Berechnen Sie das folgende bestimmte Integral:</p><p>\[\int_<printedVariable identifier="a" />^<printedVariable identifier="b" />\frac<printedVariable identifier="p" />{<printedVariable identifier="m" />x+<printedVariable identifier="n" />} \,\mathrm{d}x = \] <textEntryInteraction responseIdentifier="RESPONSE_1403681239523" expectedLength="6" /></p><p>Geben Sie die Lösung als Dezimalbruch mit mindestens zwei Nachkommastellen an.</p></p></itemBody><responseProcessing><responseCondition><responseIf><equal toleranceMode="relative" tolerance="10.0 10.0" includeLowerBound="true" includeUpperBound="true"><variable identifier="RESPONSE_1403681239523" /><correct identifier="RESPONSE_1403681239523" /></equal><setOutcomeValue identifier="SCORE"><sum><variable identifier="SCORE" /><baseValue baseType="float">3</baseValue></sum></setOutcomeValue></responseIf></responseCondition><responseCondition><responseIf><not><isNull><variable identifier="RESPONSE_1403681239523" /></isNull></not><setOutcomeValue identifier="FEEDBACKBASIC"><baseValue baseType="identifier">incorrect</baseValue></setOutcomeValue></responseIf></responseCondition><responseCondition><responseIf><and><not><match><variable identifier="FEEDBACKBASIC" /><baseValue baseType="identifier">empty</baseValue></match></not><equal toleranceMode="exact"><variable identifier="SCORE" /><variable identifier="MAXSCORE" /></equal></and><setOutcomeValue identifier="FEEDBACKBASIC"><baseValue baseType="identifier">correct</baseValue></setOutcomeValue></responseIf></responseCondition></responseProcessing></assessmentItem>
