<?xml version="1.0" encoding="UTF-8"?>
<assessmentItem xmlns="http://www.imsglobal.org/xsd/imsqti_v2p1" xmlns:xsi="http://www.w3.org/2001/XMLSchema-instance" xsi:schemaLocation="http://www.imsglobal.org/xsd/imsqti_v2p1 http://www.imsglobal.org/xsd/qti/qtiv2p1/imsqti_v2p1p1.xsd http://www.w3.org/1998/Math/MathML http://www.w3.org/Math/XMLSchema/mathml2/mathml2.xsd" identifier="id0b7236e8-7313-4ea2-b336-19fd873d293d" title="Partialbruchzerlegung_02" adaptive="false" timeDependent="false"><responseDeclaration identifier="RESPONSE_1405030544113" cardinality="single" baseType="string" /><outcomeDeclaration identifier="SCORE" cardinality="single" baseType="float"><defaultValue><value>0</value></defaultValue></outcomeDeclaration><outcomeDeclaration identifier="MAXSCORE" cardinality="single" baseType="float"><defaultValue><value>1</value></defaultValue></outcomeDeclaration><outcomeDeclaration identifier="FEEDBACKBASIC" cardinality="single" baseType="identifier" view="testConstructor"><defaultValue><value>empty</value></defaultValue></outcomeDeclaration><templateDeclaration identifier="rsign" cardinality="single" baseType="integer" /><templateDeclaration identifier="rr" cardinality="single" baseType="integer" /><templateDeclaration identifier="r" cardinality="single" baseType="integer" /><templateDeclaration identifier="ssign" cardinality="single" baseType="integer" /><templateDeclaration identifier="ss" cardinality="single" baseType="integer" /><templateDeclaration identifier="s" cardinality="single" baseType="integer" /><templateDeclaration identifier="csign" cardinality="single" baseType="integer" /><templateDeclaration identifier="cc" cardinality="single" baseType="integer" /><templateDeclaration identifier="c" cardinality="single" baseType="integer" /><templateDeclaration identifier="cstring" cardinality="single" baseType="string" /><templateDeclaration identifier="a" cardinality="single" baseType="integer" /><templateDeclaration identifier="b" cardinality="single" baseType="integer" /><templateDeclaration identifier="bb" cardinality="single" baseType="integer" /><templateDeclaration identifier="bstring" cardinality="single" baseType="string" /><templateProcessing><setTemplateValue identifier="rsign"><random><multiple><baseValue baseType="integer">1</baseValue><baseValue baseType="integer">-1</baseValue></multiple></random></setTemplateValue><setTemplateValue identifier="rr"><randomInteger min="1" max="10" /></setTemplateValue><setTemplateValue identifier="r"><customOperator definition="MAXIMA" value="float($(1)*$(2));"><variable identifier="rsign" /><variable identifier="rr" /></customOperator></setTemplateValue><setTemplateValue identifier="ssign"><random><multiple><baseValue baseType="integer">1</baseValue><baseValue baseType="integer">-1</baseValue></multiple></random></setTemplateValue><setTemplateValue identifier="ss"><randomInteger min="1" max="10" /></setTemplateValue><setTemplateValue identifier="s"><customOperator definition="MAXIMA" value="float($(1)*$(2));"><variable identifier="ssign" /><variable identifier="ss" /></customOperator></setTemplateValue><setTemplateValue identifier="csign"><random><multiple><baseValue baseType="integer">1</baseValue><baseValue baseType="integer">-1</baseValue></multiple></random></setTemplateValue><setTemplateValue identifier="cc"><randomInteger min="1" max="10" /></setTemplateValue><setTemplateValue identifier="c"><customOperator definition="MAXIMA" value="float($(1)*$(2));"><variable identifier="csign" /><variable identifier="cc" /></customOperator></setTemplateValue><setTemplateValue identifier="cstring"><random><multiple><baseValue baseType="string">-</baseValue></multiple></random></setTemplateValue><templateCondition><templateIf><lt><variable identifier="c" /><baseValue baseType="integer">0</baseValue></lt><setTemplateValue identifier="cstring"><random><multiple><baseValue baseType="string">+</baseValue></multiple></random></setTemplateValue></templateIf></templateCondition><setTemplateValue identifier="a"><customOperator definition="MAXIMA" value="float($(1));"><variable identifier="r" /></customOperator></setTemplateValue><setTemplateValue identifier="b"><customOperator definition="MAXIMA" value="float($(1)-$(2)*$(3));"><variable identifier="s" /><variable identifier="r" /><variable identifier="c" /></customOperator></setTemplateValue><setTemplateValue identifier="bb"><customOperator definition="MAXIMA" value="float(abs($(1)));"><variable identifier="b" /></customOperator></setTemplateValue><setTemplateValue identifier="bstring"><random><multiple><baseValue baseType="string">+</baseValue></multiple></random></setTemplateValue><templateCondition><templateIf><lt><variable identifier="b" /><baseValue baseType="integer">0</baseValue></lt><setTemplateValue identifier="bstring"><random><multiple><baseValue baseType="string">-</baseValue></multiple></random></setTemplateValue></templateIf></templateCondition><setCorrectResponse identifier="RESPONSE_1405030544113"><customOperator definition="VARIABLESTRING" value="$(1)/(x-$(3))+$(2)/(x-$(3))^2"><variable identifier="r" /><variable identifier="s" /><variable identifier="c" /></customOperator></setCorrectResponse></templateProcessing><itemBody ><p>Führen Sie eine Partialbruchzerlegung des Polynoms $$P(x) = \frac{<printedVariable identifier="a" />x<printedVariable identifier="bstring" /><printedVariable identifier="bb" />}{(x<printedVariable identifier="cstring" /><printedVariable identifier="cc" />)^2}$$ durch.</p><p>$$P(x) = $$<textEntryInteraction responseIdentifier="RESPONSE_1405030544113" class="maxima-formula show-latex show-syntax-error" /></p><p>Hinweise zur Formeleingabe:</p><ul><li>\(3x\) = 3*x, \(x\cdot y\) = x*y, \(\frac{x}{y}\) = x/y, \(x^y\) = x^y</li><li>Verwenden Sie, falls notwendig, ganzzahlige Brüche.</li><li>Durch Klicken auf die ?-Schaltfläche können Sie Ihre Formel vor Speichern der Antwort zunächst überprüfen.</li></ul><p> </p></itemBody><responseProcessing><responseCondition><responseIf><customOperator definition="MAXIMA" value="is(equal(num($(1)),num($(2))));"><variable identifier="RESPONSE_1405030544113" /><correct identifier="RESPONSE_1405030544113" /></customOperator><setOutcomeValue identifier="SCORE"><sum><variable identifier="SCORE" /><baseValue baseType="float">1</baseValue></sum></setOutcomeValue></responseIf></responseCondition><responseCondition><responseIf><not><isNull><variable identifier="RESPONSE_1405030544113" /></isNull></not><setOutcomeValue identifier="FEEDBACKBASIC"><baseValue baseType="identifier">incorrect</baseValue></setOutcomeValue></responseIf></responseCondition><responseCondition><responseIf><and><not><match><variable identifier="FEEDBACKBASIC" /><baseValue baseType="identifier">empty</baseValue></match></not><equal toleranceMode="exact"><variable identifier="SCORE" /><variable identifier="MAXSCORE" /></equal></and><setOutcomeValue identifier="FEEDBACKBASIC"><baseValue baseType="identifier">correct</baseValue></setOutcomeValue></responseIf></responseCondition></responseProcessing></assessmentItem>
