<?xml version="1.0" encoding="UTF-8"?>
<assessmentItem xmlns="http://www.imsglobal.org/xsd/imsqti_v2p1" xmlns:xsi="http://www.w3.org/2001/XMLSchema-instance" xsi:schemaLocation="http://www.imsglobal.org/xsd/imsqti_v2p1 http://www.imsglobal.org/xsd/qti/qtiv2p1/imsqti_v2p1p1.xsd http://www.w3.org/1998/Math/MathML http://www.w3.org/Math/XMLSchema/mathml2/mathml2.xsd" identifier="idb898f832-c7d4-42d7-95a0-49cf74996ae3" title="aussagen_symbole_zuordnen_01" adaptive="false" timeDependent="false"><responseDeclaration identifier="RESPONSE_1" cardinality="multiple" baseType="directedPair"><correctResponse><value>idd9acee89-8db4-46d8-90e7-bcc89af64c33 idd55f90e6-2bae-4ea7-a431-5b6952eff796</value><value>id164dc0db-b25c-445d-9683-c24721d0330d idca4eaef0-2b57-4725-82cc-74f39abfa3fa</value><value>id67c51137-4411-4986-a8df-0cddc86d2845 idceec4faa-3162-4785-a577-829273bac631</value><value>id529d851b-0f25-42ab-bd20-d2ed9dc3e933 idf7c8c2d5-e5ac-4536-8105-4a0be59d4746</value><value>idb40e9229-63cf-47a5-ae70-bf7d7d329a12 id1b2b24c1-d6d4-425e-b368-d8fd0934f903</value></correctResponse><mapping defaultValue="0" lowerBound="0.0"><mapEntry mapKey="idd9acee89-8db4-46d8-90e7-bcc89af64c33 idd55f90e6-2bae-4ea7-a431-5b6952eff796" mappedValue="0.4" /><mapEntry mapKey="id529d851b-0f25-42ab-bd20-d2ed9dc3e933 idf7c8c2d5-e5ac-4536-8105-4a0be59d4746" mappedValue="0.4" /><mapEntry mapKey="id67c51137-4411-4986-a8df-0cddc86d2845 idceec4faa-3162-4785-a577-829273bac631" mappedValue="0.4" /><mapEntry mapKey="id164dc0db-b25c-445d-9683-c24721d0330d idca4eaef0-2b57-4725-82cc-74f39abfa3fa" mappedValue="0.4" /><mapEntry mapKey="idb40e9229-63cf-47a5-ae70-bf7d7d329a12 id1b2b24c1-d6d4-425e-b368-d8fd0934f903" mappedValue="0.4" /></mapping></responseDeclaration><outcomeDeclaration identifier="SCORE" cardinality="single" baseType="float"><defaultValue><value>0</value></defaultValue></outcomeDeclaration><outcomeDeclaration identifier="MAXSCORE" cardinality="single" baseType="float"><defaultValue><value>2</value></defaultValue></outcomeDeclaration><outcomeDeclaration identifier="FEEDBACKBASIC" cardinality="single" baseType="identifier" view="testConstructor"><defaultValue><value>empty</value></defaultValue></outcomeDeclaration><outcomeDeclaration identifier="FEEDBACKMODAL" cardinality="multiple" baseType="identifier" view="testConstructor" /><itemBody ><p>Es seien A und B folgende Aussagen.</p><p>A: "Es schneit."                      </p><p>B: "Es ist kalt."<br /><br />Ordnen Sie den Aussagen ihre Entsprechung in logischen Symbolen zu!</p><matchInteraction responseIdentifier="RESPONSE_1" shuffle="true" maxAssociations="0"><simpleMatchSet><simpleAssociableChoice identifier="idd9acee89-8db4-46d8-90e7-bcc89af64c33" fixed="false" matchMax="1"><p>\(A\land B\)</p></simpleAssociableChoice><simpleAssociableChoice identifier="id529d851b-0f25-42ab-bd20-d2ed9dc3e933" fixed="false" matchMax="1"><p>\(A\land \lnot B\)</p></simpleAssociableChoice><simpleAssociableChoice identifier="id67c51137-4411-4986-a8df-0cddc86d2845" fixed="false" matchMax="1"><p>\(A \Rightarrow B\)</p></simpleAssociableChoice><simpleAssociableChoice identifier="id164dc0db-b25c-445d-9683-c24721d0330d" fixed="false" matchMax="1"><p>\(\lnot (A \lor B)\)</p></simpleAssociableChoice><simpleAssociableChoice identifier="idb40e9229-63cf-47a5-ae70-bf7d7d329a12" fixed="false" matchMax="1"><p>\(\lnot A\)</p></simpleAssociableChoice><simpleAssociableChoice identifier="id4d794567-9c34-4ca3-9a96-5602375ffe87" fixed="false" matchMax="1"><p>\(A \Leftrightarrow B\)</p></simpleAssociableChoice><simpleAssociableChoice identifier="id8f16b17b-4728-439a-aa14-ae7c83be1cf8" fixed="false" matchMax="1"><p>\(A\)</p></simpleAssociableChoice><simpleAssociableChoice identifier="id996b6019-4635-46f2-a410-ae65be27961f" fixed="false" matchMax="1"><p>\(\lnot (A \land B)\)</p></simpleAssociableChoice></simpleMatchSet><simpleMatchSet><simpleAssociableChoice identifier="idd55f90e6-2bae-4ea7-a431-5b6952eff796" fixed="false" matchMax="1"><p>Es schneit und es ist kalt. </p></simpleAssociableChoice><simpleAssociableChoice identifier="idf7c8c2d5-e5ac-4536-8105-4a0be59d4746" fixed="false" matchMax="1"><p> Es schneit, aber es nicht ist kalt.</p></simpleAssociableChoice><simpleAssociableChoice identifier="idceec4faa-3162-4785-a577-829273bac631" fixed="false" matchMax="1"><p> Wenn es schneit, dann ist es kalt. </p></simpleAssociableChoice><simpleAssociableChoice identifier="idca4eaef0-2b57-4725-82cc-74f39abfa3fa" fixed="false" matchMax="1"><p> Es stimmt nicht, dass es kalt ist oder schneit.</p></simpleAssociableChoice><simpleAssociableChoice identifier="id1b2b24c1-d6d4-425e-b368-d8fd0934f903" fixed="false" matchMax="1"><p> Es schneit nicht.</p></simpleAssociableChoice></simpleMatchSet></matchInteraction></itemBody><responseProcessing><responseCondition><responseIf><not><isNull><variable identifier="RESPONSE_1" /></isNull></not><setOutcomeValue identifier="SCORE"><sum><variable identifier="SCORE" /><mapResponse identifier="RESPONSE_1" /></sum></setOutcomeValue><setOutcomeValue identifier="FEEDBACKBASIC"><baseValue baseType="identifier">incorrect</baseValue></setOutcomeValue></responseIf></responseCondition><responseCondition><responseIf><and><not><match><variable identifier="FEEDBACKBASIC" /><baseValue baseType="identifier">empty</baseValue></match></not><equal toleranceMode="exact"><variable identifier="SCORE" /><variable identifier="MAXSCORE" /></equal></and><setOutcomeValue identifier="FEEDBACKBASIC"><baseValue baseType="identifier">correct</baseValue></setOutcomeValue></responseIf></responseCondition><responseCondition><responseIf><and><match><baseValue baseType="identifier">correct</baseValue><variable identifier="FEEDBACKBASIC" /></match></and><setOutcomeValue identifier="FEEDBACKMODAL"><multiple><variable identifier="FEEDBACKMODAL" /><baseValue baseType="identifier">Feedback655053113</baseValue></multiple></setOutcomeValue></responseIf></responseCondition><responseCondition><responseIf><and><match><baseValue baseType="identifier">incorrect</baseValue><variable identifier="FEEDBACKBASIC" /></match></and><setOutcomeValue identifier="FEEDBACKMODAL"><multiple><variable identifier="FEEDBACKMODAL" /><baseValue baseType="identifier">Feedback1476495669</baseValue></multiple></setOutcomeValue></responseIf></responseCondition></responseProcessing><modalFeedback  identifier="Feedback655053113" outcomeIdentifier="FEEDBACKMODAL" showHide="show" title="Richtig!" /><modalFeedback  identifier="Feedback1476495669" outcomeIdentifier="FEEDBACKMODAL" showHide="show" title="Leider falsch!" /></assessmentItem>
