<?xml version="1.0" encoding="UTF-8"?>
<assessmentItem xmlns="http://www.imsglobal.org/xsd/imsqti_v2p1" xmlns:xsi="http://www.w3.org/2001/XMLSchema-instance" xsi:schemaLocation="http://www.imsglobal.org/xsd/imsqti_v2p1 http://www.imsglobal.org/xsd/qti/qtiv2p1/imsqti_v2p1p1.xsd http://www.w3.org/1998/Math/MathML http://www.w3.org/Math/XMLSchema/mathml2/mathml2.xsd" identifier="ida73755f9-b930-4cab-b11c-5ce3e9d41541" title="kriterien_w/f_01" adaptive="false" timeDependent="false"><responseDeclaration identifier="RESPONSE_1" cardinality="multiple" baseType="identifier"><correctResponse><value>id89b4b49c-6346-45ca-bb13-ecce22007fb3</value><value>id6de623a0-0fb9-4747-be59-386cc47c53f6</value><value>idc06bd645-d674-4ecc-9389-ca0f941fe25c</value></correctResponse></responseDeclaration><outcomeDeclaration identifier="SCORE" cardinality="single" baseType="float"><defaultValue><value>0</value></defaultValue></outcomeDeclaration><outcomeDeclaration identifier="MAXSCORE" cardinality="single" baseType="float"><defaultValue><value>1</value></defaultValue></outcomeDeclaration><outcomeDeclaration identifier="FEEDBACKBASIC" cardinality="single" baseType="identifier"><defaultValue><value>empty</value></defaultValue></outcomeDeclaration><itemBody ><p>Es sei \(f\) eine differenzierbare Funktion und \(x\in\mathbb R\) aus dem Definitionsbereich von \(f\).</p><p>Entscheiden Sie, welche der folgenden Aussagen stets korrekt sind!</p><choiceInteraction responseIdentifier="RESPONSE_1" shuffle="true" maxChoices="0"><simpleChoice identifier="id89b4b49c-6346-45ca-bb13-ecce22007fb3"><p>Hat die erste Ableitung \(f'\) in \(x\) einen Vorzeichenwechsel, so liegt in \(x\) ein lokales Extremum vor.</p></simpleChoice><simpleChoice identifier="id70f6c9c6-759a-4a34-871c-b884874ac01a"><p>Ist \(f''(x)=0\), so hat die Funktion in \(x\) eine Wendestelle.</p></simpleChoice><simpleChoice identifier="idf18eb6ea-0a6b-41e0-9f25-68a277165ac7"><p>Ist \(f'(x)=0\) und \(f''(x)=0\), so hat die Funktion in \(x\) kein lokales Extremum.</p></simpleChoice><simpleChoice identifier="id6de623a0-0fb9-4747-be59-386cc47c53f6"><p>Ist \(f''(x)&gt;0\), so ist \(f\) in \(x\) linksgekrümmt.</p></simpleChoice><simpleChoice identifier="id6ae10435-fc3f-4ef2-ba0e-8f433e0afe11"><p>Ist \(f''(x)=0\) und \(f'''(x)&gt;0\), so ändert sich das Krümmungsverhalten in \(x\) von konvex zu konkav.</p></simpleChoice><simpleChoice identifier="idc06bd645-d674-4ecc-9389-ca0f941fe25c"><p>Ist \(f'(x)=0\), \(f''(x)=0\) und \(f'''(x)\neq0\), so ist \(x\) Sattelstelle.</p></simpleChoice></choiceInteraction></itemBody><responseProcessing><responseCondition><responseIf><isNull><variable identifier="RESPONSE_1" /></isNull><setOutcomeValue identifier="FEEDBACKBASIC"><baseValue baseType="identifier">empty</baseValue></setOutcomeValue></responseIf><responseElseIf><match><variable identifier="RESPONSE_1" /><correct identifier="RESPONSE_1" /></match><setOutcomeValue identifier="SCORE"><sum><variable identifier="SCORE" /><variable identifier="MAXSCORE" /></sum></setOutcomeValue><setOutcomeValue identifier="FEEDBACKBASIC"><baseValue baseType="identifier">correct</baseValue></setOutcomeValue></responseElseIf><responseElse><setOutcomeValue identifier="FEEDBACKBASIC"><baseValue baseType="identifier">incorrect</baseValue></setOutcomeValue></responseElse></responseCondition></responseProcessing></assessmentItem>
