<?xml version="1.0" encoding="UTF-8"?>
<manifest
	xmlns="http://www.imsglobal.org/xsd/imscp_v1p1"
	xmlns:xsi="http://www.w3.org/2001/XMLSchema-instance" 
	xsi:schemaLocation="http://www.imsglobal.org/xsd/imscp_v1p1 http://www.imsglobal.org/xsd/qti/qtiv2p1/qtiv2p1_imscpv1p2_v1p0.xsd 
											http://www.imsglobal.org/xsd/imsqti_v2p1 http://www.imsglobal.org/xsd/qti/qtiv2p1/imsqti_v2p1p1.xsd 
											http://www.imsglobal.org/xsd/imsqti_metadata_v2p1 http://www.imsglobal.org/xsd/qti/qtiv2p1/imsqti_metadata_v2p1p1.xsd
											http://ltsc.ieee.org/xsd/LOM http://www.imsglobal.org/xsd/imsmd_loose_v1p3p2.xsd"
	identifier="manifestID">
	<metadata>
		<schema>QTIv2.1 Package</schema>
    <schemaversion>1.0.0</schemaversion>
  </metadata>
	<organizations />
	<resources>
		<resource identifier="ida73755f9_b930_4cab_b11c_5ce3e9d41541" type="imsqti_item_xmlv2p1" href="ida73755f9-b930-4cab-b11c-5ce3e9d41541.xml"><metadata><lom xmlns="http://ltsc.ieee.org/xsd/LOM"><general ><identifier><entry>ida73755f9-b930-4cab-b11c-5ce3e9d41541</entry></identifier><title><string language="de">kriterien_w/f_01</string></title><description><string language="de"></string></description><keyword><string language="de">Ableitung</string></keyword><keyword><string language="de">Kurvendiskussion</string></keyword><keyword><string language="de">Sattelpunkt</string></keyword><keyword><string language="de">Wendepunkt</string></keyword><keyword><string language="de">hinreichende Bedingungen</string></keyword><keyword><string language="de">lokales Extremum</string></keyword><keyword><string language="de">notwendige Bedingungen</string></keyword><keyword><string language="de">Kurvendiskussion</string></keyword><keyword><string language="de">Sattelpunkt</string></keyword><keyword><string language="de">Wendepunkt</string></keyword><keyword><string language="de">hinreichende Bedingungen</string></keyword><keyword><string language="de">lokales Extremum</string></keyword><keyword><string language="de">notwendige Bedingungen</string></keyword><keyword><string language="de">Kurvendiskussion</string></keyword><keyword><string language="de">Sattelpunkt</string></keyword><keyword><string language="de">Wendepunkt</string></keyword><keyword><string language="de">hinreichende Bedingungen</string></keyword><keyword><string language="de">lokales Extremum</string></keyword><keyword><string language="de">notwendige Bedingungen</string></keyword><keyword><string language="de">Kurvendiskussion</string></keyword><keyword><string language="de">Sattelpunkt</string></keyword><keyword><string language="de">Wendepunkt</string></keyword><keyword><string language="de">hinreichende Bedingungen</string></keyword><keyword><string language="de">lokales Extremum</string></keyword><keyword><string language="de">notwendige Bedingungen</string></keyword><keyword><string language="de">Kurvendiskussion</string></keyword><keyword><string language="de">Sattelpunkt</string></keyword><keyword><string language="de">Wendepunkt</string></keyword><keyword><string language="de">hinreichende Bedingungen</string></keyword><keyword><string language="de">lokales Extremum</string></keyword><keyword><string language="de">notwendige Bedingungen</string></keyword></general><lifeCycle ><contribute><date><dateTime>2014-08-07T09:46:46</dateTime></date><role><source>LOMv1.0</source><value>author</value></role><entity>BEGIN:VCARD&#xD;
VERSION:4.0&#xD;
FN:nesfr@tu-chemnitz.de&#xD;
PRODID:ONYX Editor 5.9.2&#xD;
END:VCARD&#xD;
</entity></contribute></lifeCycle><educational ><learningResourceType><source>QTIv2.1</source><value>AssessmentItem</value></learningResourceType></educational><qtiMetadata xmlns="http://www.imsglobal.org/xsd/imsqti_metadata_v2p1"><interactionType >choiceInteraction</interactionType><toolName >ONYX Editor</toolName><toolVersion >5.6.1</toolVersion><toolVendor >BPS Bildungsportal Sachsen GmbH</toolVendor></qtiMetadata></lom></metadata><file href="ida73755f9-b930-4cab-b11c-5ce3e9d41541.xml" /></resource>
	</resources>
</manifest>
