<?xml version="1.0" encoding="UTF-8"?>
<assessmentItem xmlns="http://www.imsglobal.org/xsd/imsqti_v2p1" xmlns:xsi="http://www.w3.org/2001/XMLSchema-instance" xsi:schemaLocation="http://www.imsglobal.org/xsd/imsqti_v2p1 http://www.imsglobal.org/xsd/qti/qtiv2p1/imsqti_v2p1p1.xsd http://www.w3.org/1998/Math/MathML http://www.w3.org/Math/XMLSchema/mathml2/mathml2.xsd" identifier="id0fbee600-80cf-4af9-902e-3a6d7c6fcca4" title="maschine_werkstücke_01" adaptive="false" timeDependent="false"><responseDeclaration identifier="RESPONSE_1389694769007" cardinality="single" baseType="float"><correctResponse><value>0</value></correctResponse></responseDeclaration><outcomeDeclaration identifier="SCORE" cardinality="single" baseType="float"><defaultValue><value>0</value></defaultValue></outcomeDeclaration><outcomeDeclaration identifier="MAXSCORE" cardinality="single" baseType="float"><defaultValue><value>1</value></defaultValue></outcomeDeclaration><outcomeDeclaration identifier="FEEDBACKBASIC" cardinality="single" baseType="identifier" view="testConstructor"><defaultValue><value>empty</value></defaultValue></outcomeDeclaration><outcomeDeclaration identifier="FEEDBACKMODAL" cardinality="multiple" baseType="identifier" view="testConstructor" /><templateDeclaration identifier="ws1" cardinality="single" baseType="integer" /><templateDeclaration identifier="n" cardinality="single" baseType="integer" /><templateDeclaration identifier="h" cardinality="single" baseType="integer" /><templateDeclaration identifier="wsn" cardinality="single" baseType="float" /><templateProcessing><setTemplateValue identifier="ws1"><randomInteger min="3" max="7" /></setTemplateValue><setTemplateValue identifier="n"><randomInteger min="5" max="10" /></setTemplateValue><setTemplateValue identifier="h"><randomInteger min="3" max="7" /></setTemplateValue><setTemplateValue identifier="wsn"><customOperator definition="MAXIMA" value="float(3*$(1)*$(2)*$(3));"><variable identifier="ws1" /><variable identifier="n" /><variable identifier="h" /></customOperator></setTemplateValue><setCorrectResponse identifier="RESPONSE_1389694769007"><variable identifier="n" /></setCorrectResponse></templateProcessing><itemBody ><p>Eine Maschine kann in 20 min <printedVariable identifier="ws1" /> Werkstücke herstellen.</p><p>Wieviele Machinen werden benötigt, um in <printedVariable identifier="h" /> Stunden <printedVariable identifier="wsn" /> Werkstücke herstellen zu können?</p><p>Antwort: <textEntryInteraction responseIdentifier="RESPONSE_1389694769007" /> Machinen</p></itemBody><responseProcessing><responseCondition><responseIf><equal toleranceMode="exact"><variable identifier="RESPONSE_1389694769007" /><correct identifier="RESPONSE_1389694769007" /></equal><setOutcomeValue identifier="SCORE"><sum><variable identifier="SCORE" /><baseValue baseType="float">1</baseValue></sum></setOutcomeValue></responseIf></responseCondition><responseCondition><responseIf><not><isNull><variable identifier="RESPONSE_1389694769007" /></isNull></not><setOutcomeValue identifier="FEEDBACKBASIC"><baseValue baseType="identifier">incorrect</baseValue></setOutcomeValue></responseIf></responseCondition><responseCondition><responseIf><and><not><match><variable identifier="FEEDBACKBASIC" /><baseValue baseType="identifier">empty</baseValue></match></not><equal toleranceMode="exact"><variable identifier="SCORE" /><variable identifier="MAXSCORE" /></equal></and><setOutcomeValue identifier="FEEDBACKBASIC"><baseValue baseType="identifier">correct</baseValue></setOutcomeValue></responseIf></responseCondition><responseCondition><responseIf><and><match><baseValue baseType="identifier">correct</baseValue><variable identifier="FEEDBACKBASIC" /></match></and><setOutcomeValue identifier="FEEDBACKMODAL"><multiple><variable identifier="FEEDBACKMODAL" /><baseValue baseType="identifier">Feedback972212289</baseValue></multiple></setOutcomeValue></responseIf></responseCondition><responseCondition><responseIf><and><match><baseValue baseType="identifier">incorrect</baseValue><variable identifier="FEEDBACKBASIC" /></match></and><setOutcomeValue identifier="FEEDBACKMODAL"><multiple><variable identifier="FEEDBACKMODAL" /><baseValue baseType="identifier">Feedback1246228717</baseValue></multiple></setOutcomeValue></responseIf></responseCondition></responseProcessing><modalFeedback  identifier="Feedback972212289" outcomeIdentifier="FEEDBACKMODAL" showHide="show" title="Richtig!"><p>Die gesuchte Anzahl an benötigten Maschinen sei mit \(n\) bezeichnet.</p><p>Bekannt ist, dass eine Maschine in \(<printedVariable identifier="h" />\) Stunden genau \(<printedVariable identifier="h" />\cdot3\cdot<printedVariable identifier="ws1" />\) Werkstücke fertigen kann.</p><p>\(n\) Maschinen sollen in dieser Zeit \(<printedVariable identifier="wsn" />\) Werkstücke herstellen.</p><p>Demnach ist folgende Gleichung nach \(n\) aufzulösen:</p><p>$$\frac{<printedVariable identifier="h" />\cdot3\cdot<printedVariable identifier="ws1" />}{<printedVariable identifier="wsn" />}=\frac1n\iff n=<printedVariable identifier="n" />.$$</p></modalFeedback><modalFeedback  identifier="Feedback1246228717" outcomeIdentifier="FEEDBACKMODAL" showHide="show" title="Leider falsch!"><p>Die gesuchte Anzahl an benötigten Maschinen sei mit \(n\) bezeichnet.</p><p>Bekannt ist, dass eine Maschine in \(<printedVariable identifier="h" />\) Stunden genau \(<printedVariable identifier="h" />\cdot3\cdot<printedVariable identifier="ws1" />\) Werkstücke fertigen kann.</p><p>\(n\) Maschinen sollen in dieser Zeit \(<printedVariable identifier="wsn" />\) Werkstücke herstellen.</p><p>Demnach ist folgende Gleichung nach \(n\) aufzulösen:</p><p>$$\frac{<printedVariable identifier="h" />\cdot3\cdot<printedVariable identifier="ws1" />}{<printedVariable identifier="wsn" />}=\frac1n\iff n=<printedVariable identifier="n" />.$$</p></modalFeedback></assessmentItem>
