<?xml version="1.0" encoding="UTF-8"?>
<assessmentItem xmlns="http://www.imsglobal.org/xsd/imsqti_v2p1" xmlns:xsi="http://www.w3.org/2001/XMLSchema-instance" xsi:schemaLocation="http://www.imsglobal.org/xsd/imsqti_v2p1 http://www.imsglobal.org/xsd/qti/qtiv2p1/imsqti_v2p1p1.xsd http://www.w3.org/1998/Math/MathML http://www.w3.org/Math/XMLSchema/mathml2/mathml2.xsd" identifier="ida26a6f51-60e7-4958-b9f2-b76a96f5d7e9" title="invertierbarkeit_matrizen_01" adaptive="false" timeDependent="false"><responseDeclaration identifier="RESPONSE_1" cardinality="multiple" baseType="identifier"><correctResponse><value>id119a9c49-43ef-4c07-a2ba-60685bbf552b</value><value>id52abbf6f-5c8a-4104-8d10-8cdf0547079b</value><value>idd102eaab-0c40-4a60-98f0-1d5f3af89fa9</value><value>id4b4ded1f-a98d-41e3-af30-873e382e5b5d</value></correctResponse><mapping defaultValue="0" lowerBound="0.0"><mapEntry mapKey="id119a9c49-43ef-4c07-a2ba-60685bbf552b" mappedValue="0.5" /><mapEntry mapKey="id52abbf6f-5c8a-4104-8d10-8cdf0547079b" mappedValue="0.5" /><mapEntry mapKey="idd479d4ef-55d9-410b-b9cb-2e479bd86409" mappedValue="-1.0" /><mapEntry mapKey="id00e61218-48bf-4507-949e-95c5096145d6" mappedValue="-1.0" /><mapEntry mapKey="idd102eaab-0c40-4a60-98f0-1d5f3af89fa9" mappedValue="0.5" /><mapEntry mapKey="id4b4ded1f-a98d-41e3-af30-873e382e5b5d" mappedValue="0.5" /></mapping></responseDeclaration><outcomeDeclaration identifier="SCORE" cardinality="single" baseType="float"><defaultValue><value>0</value></defaultValue></outcomeDeclaration><outcomeDeclaration identifier="MAXSCORE" cardinality="single" baseType="float"><defaultValue><value>2</value></defaultValue></outcomeDeclaration><outcomeDeclaration identifier="FEEDBACKBASIC" cardinality="single" baseType="identifier" view="testConstructor"><defaultValue><value>empty</value></defaultValue></outcomeDeclaration><itemBody ><p>Welche der folgenden Matrizen sind invertierbar?</p><choiceInteraction responseIdentifier="RESPONSE_1" shuffle="true" maxChoices="0" orientation="vertical"><simpleChoice identifier="id119a9c49-43ef-4c07-a2ba-60685bbf552b"><p>$$\begin{pmatrix}1&amp;2&amp;3\\3&amp;1&amp;2\\2&amp;3&amp;1\end{pmatrix}$$</p></simpleChoice><simpleChoice identifier="id52abbf6f-5c8a-4104-8d10-8cdf0547079b"><p>$$\begin{pmatrix}0&amp;1&amp;0&amp;0\\0&amp;0&amp;1&amp;0\\0&amp;0&amp;0&amp;1\\1&amp;0&amp;0&amp;0\end{pmatrix}$$</p></simpleChoice><simpleChoice identifier="idd479d4ef-55d9-410b-b9cb-2e479bd86409"><p>$$\begin{pmatrix}1&amp;2&amp;3&amp;4\\0&amp;1&amp;2&amp;3\\0&amp;0&amp;1&amp;2\end{pmatrix}$$</p></simpleChoice><simpleChoice identifier="id00e61218-48bf-4507-949e-95c5096145d6"><p>$$\begin{pmatrix}1&amp;2&amp;3&amp;4\\0&amp;1&amp;2&amp;3\\0&amp;0&amp;1&amp;2\\0&amp;1&amp;3&amp;5\end{pmatrix}$$</p></simpleChoice><simpleChoice identifier="idd102eaab-0c40-4a60-98f0-1d5f3af89fa9"><p>$$\begin{pmatrix}\cos\alpha&amp;-\sin\alpha\\\sin\alpha&amp;\cos\alpha\end{pmatrix}, \alpha\in\mathbb R$$</p></simpleChoice><simpleChoice identifier="id4b4ded1f-a98d-41e3-af30-873e382e5b5d"><p>$$\begin{pmatrix}1&amp;1&amp;1&amp;1\\1&amp;2&amp;4&amp;8\\1&amp;3&amp;9&amp;27\\1&amp;4&amp;16&amp;64\end{pmatrix}$$</p></simpleChoice></choiceInteraction></itemBody><responseProcessing><responseCondition><responseIf><not><isNull><variable identifier="RESPONSE_1" /></isNull></not><setOutcomeValue identifier="SCORE"><sum><variable identifier="SCORE" /><mapResponse identifier="RESPONSE_1" /></sum></setOutcomeValue><setOutcomeValue identifier="FEEDBACKBASIC"><baseValue baseType="identifier">incorrect</baseValue></setOutcomeValue></responseIf></responseCondition><responseCondition><responseIf><and><not><match><variable identifier="FEEDBACKBASIC" /><baseValue baseType="identifier">empty</baseValue></match></not><equal toleranceMode="exact"><variable identifier="SCORE" /><variable identifier="MAXSCORE" /></equal></and><setOutcomeValue identifier="FEEDBACKBASIC"><baseValue baseType="identifier">correct</baseValue></setOutcomeValue></responseIf></responseCondition></responseProcessing></assessmentItem>
