<?xml version="1.0" encoding="UTF-8"?>
<assessmentItem xmlns="http://www.imsglobal.org/xsd/imsqti_v2p1" xmlns:xsi="http://www.w3.org/2001/XMLSchema-instance" xsi:schemaLocation="http://www.imsglobal.org/xsd/imsqti_v2p1 http://www.imsglobal.org/xsd/qti/qtiv2p1/imsqti_v2p1p1.xsd http://www.w3.org/1998/Math/MathML http://www.w3.org/Math/XMLSchema/mathml2/mathml2.xsd" identifier="id2d01efd9-4e9b-4877-9b42-f23dfec4179d" title="AdditionKartesischeKoordinaten" adaptive="false" timeDependent="false"><responseDeclaration identifier="RESPONSE_1413883775860" cardinality="single" baseType="string" /><outcomeDeclaration identifier="SCORE" cardinality="single" baseType="float"><defaultValue><value>0</value></defaultValue></outcomeDeclaration><outcomeDeclaration identifier="MAXSCORE" cardinality="single" baseType="float"><defaultValue><value>1</value></defaultValue></outcomeDeclaration><outcomeDeclaration identifier="FEEDBACKBASIC" cardinality="single" baseType="identifier" view="testConstructor"><defaultValue><value>empty</value></defaultValue></outcomeDeclaration><outcomeDeclaration identifier="FEEDBACKMODAL" cardinality="multiple" baseType="identifier" view="testConstructor" /><templateDeclaration identifier="a" cardinality="single" baseType="integer" /><templateDeclaration identifier="b" cardinality="single" baseType="integer" /><templateDeclaration identifier="c" cardinality="single" baseType="integer" /><templateDeclaration identifier="d" cardinality="single" baseType="integer" /><templateDeclaration identifier="e" cardinality="single" baseType="integer" /><templateDeclaration identifier="vz1" cardinality="single" baseType="string" /><templateDeclaration identifier="vz2" cardinality="single" baseType="string" /><templateDeclaration identifier="vz3" cardinality="single" baseType="string" /><templateDeclaration identifier="vz4" cardinality="single" baseType="string" /><templateDeclaration identifier="rez" cardinality="single" baseType="integer" /><templateDeclaration identifier="imz" cardinality="single" baseType="integer" /><templateProcessing><setTemplateValue identifier="a"><randomInteger min="1" max="7" /></setTemplateValue><setTemplateValue identifier="b"><randomInteger min="-7" max="7" /></setTemplateValue><setTemplateValue identifier="c"><randomInteger min="1" max="7" /></setTemplateValue><setTemplateValue identifier="d"><randomInteger min="1" max="7" /></setTemplateValue><setTemplateValue identifier="e"><randomInteger min="1" max="7" /></setTemplateValue><setTemplateValue identifier="vz1"><random><multiple><baseValue baseType="string">+</baseValue><baseValue baseType="string">-</baseValue></multiple></random></setTemplateValue><setTemplateValue identifier="vz2"><random><multiple><baseValue baseType="string">+</baseValue><baseValue baseType="string">-</baseValue></multiple></random></setTemplateValue><setTemplateValue identifier="vz3"><random><multiple><baseValue baseType="string">+</baseValue><baseValue baseType="string">-</baseValue></multiple></random></setTemplateValue><setTemplateValue identifier="vz4"><random><multiple><baseValue baseType="string">+</baseValue><baseValue baseType="string">-</baseValue></multiple></random></setTemplateValue><setTemplateValue identifier="rez"><customOperator definition="MAXIMA" value="float($(1)$(2)+$(3)$(4));"><variable identifier="vz1" /><variable identifier="a" /><variable identifier="vz3" /><variable identifier="d" /></customOperator></setTemplateValue><setTemplateValue identifier="imz"><customOperator definition="MAXIMA" value="float($(1)+$(2)$(3)+$(4)$(5));"><variable identifier="b" /><variable identifier="vz2" /><variable identifier="c" /><variable identifier="vz4" /><variable identifier="e" /></customOperator></setTemplateValue><setCorrectResponse identifier="RESPONSE_1413883775860"><customOperator definition="VARIABLESTRING" value="$(1)+$(2)*%i"><variable identifier="rez" /><variable identifier="imz" /></customOperator></setCorrectResponse></templateProcessing><itemBody ><p><p>Berechne die folgende komplexe Zahl z in der Form z = a + b i, mit a, b reell und i die imaginäre Einheit der komplexen Zahlen.</p><p><strong>Eingabesyntax: </strong></p><p><strong>%i für i</strong></p><p><strong>* für jede Multiplikation.</strong></p><p>Beispiel: 2 + 3 i + 1 - i  is einzugeben als  3 + 2*%i</p><p><printedVariable identifier="b" /> i <printedVariable identifier="vz1" /> <printedVariable identifier="a" /> <printedVariable identifier="vz2" /> <printedVariable identifier="c" /> i <printedVariable identifier="vz3" /> <printedVariable identifier="d" /> <printedVariable identifier="vz4" /> <printedVariable identifier="e" /> i = <textEntryInteraction responseIdentifier="RESPONSE_1413883775860" expectedLength="5" class="maxima-formula show-latex show-syntax-error" /></p><p><strong><em> </em></strong></p></p></itemBody><responseProcessing><responseCondition><responseIf><customOperator definition="MAXIMA" value="is(equal(ev($(1)),ev($(2))));"><variable identifier="RESPONSE_1413883775860" /><correct identifier="RESPONSE_1413883775860" /></customOperator><setOutcomeValue identifier="SCORE"><sum><variable identifier="SCORE" /><baseValue baseType="float">1</baseValue></sum></setOutcomeValue></responseIf></responseCondition><responseCondition><responseIf><not><isNull><variable identifier="RESPONSE_1413883775860" /></isNull></not><setOutcomeValue identifier="FEEDBACKBASIC"><baseValue baseType="identifier">incorrect</baseValue></setOutcomeValue></responseIf></responseCondition><responseCondition><responseIf><and><not><match><variable identifier="FEEDBACKBASIC" /><baseValue baseType="identifier">empty</baseValue></match></not><equal toleranceMode="exact"><variable identifier="SCORE" /><variable identifier="MAXSCORE" /></equal></and><setOutcomeValue identifier="FEEDBACKBASIC"><baseValue baseType="identifier">correct</baseValue></setOutcomeValue></responseIf></responseCondition><responseCondition><responseIf><and><match><baseValue baseType="identifier">incorrect</baseValue><variable identifier="FEEDBACKBASIC" /></match></and><setOutcomeValue identifier="FEEDBACKMODAL"><multiple><variable identifier="FEEDBACKMODAL" /><baseValue baseType="identifier">Feedback209234224</baseValue></multiple></setOutcomeValue></responseIf></responseCondition></responseProcessing><modalFeedback  identifier="Feedback209234224" outcomeIdentifier="FEEDBACKMODAL" showHide="show" /></assessmentItem>
