<?xml version="1.0" encoding="UTF-8"?>
<assessmentItem xmlns="http://www.imsglobal.org/xsd/imsqti_v2p1" xmlns:xsi="http://www.w3.org/2001/XMLSchema-instance" xsi:schemaLocation="http://www.imsglobal.org/xsd/imsqti_v2p1 http://www.imsglobal.org/xsd/qti/qtiv2p1/imsqti_v2p1p1.xsd http://www.w3.org/1998/Math/MathML http://www.w3.org/Math/XMLSchema/mathml2/mathml2.xsd" identifier="ide1e26210-0929-47ee-ada4-5a8713863524" title="KomplexeNullstellenPolynomGrad5" adaptive="false" timeDependent="false"><responseDeclaration identifier="RESPONSE_1410012695530" cardinality="single" baseType="string" /><outcomeDeclaration identifier="SCORE" cardinality="single" baseType="float"><defaultValue><value>0</value></defaultValue></outcomeDeclaration><outcomeDeclaration identifier="MAXSCORE" cardinality="single" baseType="float"><defaultValue><value>5</value></defaultValue></outcomeDeclaration><outcomeDeclaration identifier="FEEDBACKBASIC" cardinality="single" baseType="identifier" view="testConstructor"><defaultValue><value>empty</value></defaultValue></outcomeDeclaration><outcomeDeclaration identifier="FEEDBACKMODAL" cardinality="multiple" baseType="identifier" view="testConstructor" /><templateDeclaration identifier="x0" cardinality="single" baseType="integer" /><templateDeclaration identifier="x1" cardinality="single" baseType="integer" /><templateDeclaration identifier="x2" cardinality="single" baseType="integer" /><templateDeclaration identifier="px" cardinality="single" baseType="string" /><templateDeclaration identifier="tpx" cardinality="single" baseType="string" /><templateProcessing><setTemplateValue identifier="x0"><randomInteger min="-4" max="5" /></setTemplateValue><templateCondition><templateIf><match><variable identifier="x0" /><baseValue baseType="integer">0</baseValue></match><setTemplateValue identifier="x0"><randomInteger min="1" max="5" /></setTemplateValue></templateIf></templateCondition><setTemplateValue identifier="x1"><randomInteger min="1" max="6" /></setTemplateValue><setTemplateValue identifier="x2"><randomInteger min="1" max="6" /></setTemplateValue><setTemplateValue identifier="px"><customOperator definition="MAXIMA" value="string(expand((x-$(1))*(x^2-$(2))*(x^2+$(3))))"><variable identifier="x0" /><variable identifier="x1" /><variable identifier="x2" /></customOperator></setTemplateValue><setTemplateValue identifier="tpx"><customOperator definition="MAXIMA" value="tex1($(1))"><variable identifier="px" /></customOperator></setTemplateValue><setCorrectResponse identifier="RESPONSE_1410012695530"><customOperator definition="VARIABLESTRING" value="{$(1), -sqrt($(2)), sqrt($(2)),sqrt($(3))*%i,-sqrt($(3))*%i}"><variable identifier="x0" /><variable identifier="x1" /><variable identifier="x2" /></customOperator></setCorrectResponse></templateProcessing><itemBody ><p><p><div dir="ltr" style="font-size: 13.2835px; font-family: sans-serif; left: 107.72px; top: 472.933px; transform: rotate(0deg) scale(0.996632, 1); transform-origin: 0% 0% 0px;" data-angle="0" data-font-name="g_font_9_0" data-canvas-width="309.9524353973021">Man bestimme die Menge \(N\) aller<strong> komplexen </strong>Nullstellen des Polynoms \(p\) mit</div><div dir="ltr" style="font-size: 13.2835px; font-family: sans-serif; left: 107.72px; top: 472.933px; transform: rotate(0deg) scale(0.996632, 1); transform-origin: 0% 0% 0px;" data-angle="0" data-font-name="g_font_9_0" data-canvas-width="309.9524353973021">\(p(x) := <printedVariable identifier="tpx" />\).</div><div dir="ltr" style="font-size: 13.2835px; font-family: sans-serif; left: 107.72px; top: 472.933px; transform: rotate(0deg) scale(0.996632, 1); transform-origin: 0% 0% 0px;" data-angle="0" data-font-name="g_font_9_0" data-canvas-width="309.9524353973021"> </div><div dir="ltr" style="font-size: 13.2835px; font-family: sans-serif; left: 107.72px; top: 472.933px; transform: rotate(0deg) scale(0.996632, 1); transform-origin: 0% 0% 0px;" data-angle="0" data-font-name="g_font_9_0" data-canvas-width="309.9524353973021">Geben Sie die Menge \(N\) exakt und ohne zu runden in Maxima Schreibweise an:</div><div dir="ltr" style="font-size: 13.2835px; font-family: sans-serif; left: 107.72px; top: 472.933px; transform: rotate(0deg) scale(0.996632, 1); transform-origin: 0% 0% 0px;" data-angle="0" data-font-name="g_font_9_0" data-canvas-width="309.9524353973021"><em>Beispiel: Die Maxima Schreibweise der Menge \( \{ 1, \sqrt{7}, 8, 3+2\mathrm{i}\} \) ist { 1, sqrt(7), 8,3+2*%i}</em></div><div dir="ltr" style="font-size: 13.2835px; font-family: sans-serif; left: 107.72px; top: 472.933px; transform: rotate(0deg) scale(0.996632, 1); transform-origin: 0% 0% 0px;" data-angle="0" data-font-name="g_font_9_0" data-canvas-width="309.9524353973021"> </div><div dir="ltr" style="font-size: 13.2835px; font-family: sans-serif; left: 107.72px; top: 472.933px; transform: rotate(0deg) scale(0.996632, 1); transform-origin: 0% 0% 0px;" data-angle="0" data-font-name="g_font_9_0" data-canvas-width="309.9524353973021">\(N\) = <textEntryInteraction responseIdentifier="RESPONSE_1410012695530" expectedLength="20" class="maxima-formula show-latex show-syntax-error" /></div><div dir="ltr" style="font-size: 13.2835px; font-family: sans-serif; left: 107.72px; top: 472.933px; transform: rotate(0deg) scale(0.996632, 1); transform-origin: 0% 0% 0px;" data-angle="0" data-font-name="g_font_9_0" data-canvas-width="309.9524353973021"> </div><p> </p><p> </p><p> </p><p> </p></p></p></itemBody><responseProcessing><responseCondition><responseIf><customOperator definition="MAXIMA" value="is(equal(ev($(1)),ev($(2))));"><variable identifier="RESPONSE_1410012695530" /><correct identifier="RESPONSE_1410012695530" /></customOperator><setOutcomeValue identifier="SCORE"><sum><variable identifier="SCORE" /><baseValue baseType="float">5</baseValue></sum></setOutcomeValue></responseIf></responseCondition><responseCondition><responseIf><not><isNull><variable identifier="RESPONSE_1410012695530" /></isNull></not><setOutcomeValue identifier="FEEDBACKBASIC"><baseValue baseType="identifier">incorrect</baseValue></setOutcomeValue></responseIf></responseCondition><responseCondition><responseIf><and><not><match><variable identifier="FEEDBACKBASIC" /><baseValue baseType="identifier">empty</baseValue></match></not><equal toleranceMode="exact"><variable identifier="SCORE" /><variable identifier="MAXSCORE" /></equal></and><setOutcomeValue identifier="FEEDBACKBASIC"><baseValue baseType="identifier">correct</baseValue></setOutcomeValue></responseIf></responseCondition><responseCondition><responseIf><and><match><baseValue baseType="identifier">correct</baseValue><variable identifier="FEEDBACKBASIC" /></match></and><setOutcomeValue identifier="FEEDBACKMODAL"><multiple><variable identifier="FEEDBACKMODAL" /><baseValue baseType="identifier">Feedback1732658414</baseValue></multiple></setOutcomeValue></responseIf></responseCondition><responseCondition><responseIf><and><match><baseValue baseType="identifier">incorrect</baseValue><variable identifier="FEEDBACKBASIC" /></match></and><setOutcomeValue identifier="FEEDBACKMODAL"><multiple><variable identifier="FEEDBACKMODAL" /><baseValue baseType="identifier">Feedback911710778</baseValue></multiple></setOutcomeValue></responseIf></responseCondition></responseProcessing><modalFeedback  identifier="Feedback1732658414" outcomeIdentifier="FEEDBACKMODAL" showHide="show" title="Alles richtig!" /><modalFeedback  identifier="Feedback911710778" outcomeIdentifier="FEEDBACKMODAL" showHide="show" title="Leider nicht alles richtig!"><p>Musterlösung für ein konkretes Beispiel: Sei \( p(x) =  x^5+3x^4-4x-12\).</p><p>Eine ganzzahlige Lösung \(x_0\) der Gleichung \(p(x) = 0\) muss ein Teiler von \(12\) sein. Es reicht also, die Zahlen \(-12\), \(-4\), \(-3\), \(-1\), \(1\) , \(3\), \(4\), \(12\) zu untersuchen. Zweckmäßigerweise beginnt man mit den betragsmäßig kleinsten Zahlen. Irgendwann kommen wir dann bei \(x = -3\) an.</p><p>Durch Polynomdivision erhält man : \( g(x)= \frac{p(x)}{x-x_0}= \frac{p(x)}{x+3}= x^4 - 4\).</p><p>Wie findet man jetzt die weiteren Nullstellen von \(p\)? Die Gleichung \( g(x) = \frac{p(x)}{x+3}= x^4 - 4\) zeigt, dass jede von \(- 3\) verschiedene Nullstelle von \(p\) auch eine Nullstelle von \(g(x) = x^4-4\) sein muss und umgekehrt. Wir faktorisieren also \(g(x) = x^4-4 = (x^2-2)(x^2+2)\) und lesen zwei weitere reelle Nullstellen \(x_1 = \sqrt{2}\) und  \(x_2 = -\sqrt{2}\) ab.</p><p>Falls g ein allgemeineres biquadratisches Polynom vom Typ \( g(x) = x^4 + px^2+q \) ist, substituiere \( x^2 = z\) und löse dann zunächst die Gleichung \( z^2 +pz+q =0\).</p></modalFeedback></assessmentItem>
