<?xml version="1.0" encoding="UTF-8"?>
<assessmentItem xmlns="http://www.imsglobal.org/xsd/imsqti_v2p1" xmlns:xsi="http://www.w3.org/2001/XMLSchema-instance" xsi:schemaLocation="http://www.imsglobal.org/xsd/imsqti_v2p1 http://www.imsglobal.org/xsd/qti/qtiv2p1/imsqti_v2p1p1.xsd http://www.w3.org/1998/Math/MathML http://www.w3.org/Math/XMLSchema/mathml2/mathml2.xsd" identifier="ida7ece58f-e901-405f-af02-1f9113f103ea" title="vereinfachung_brüche_10" adaptive="false" timeDependent="false"><responseDeclaration identifier="RESPONSE_1409834609018" cardinality="single" baseType="string" /><outcomeDeclaration identifier="SCORE" cardinality="single" baseType="float"><defaultValue><value>0</value></defaultValue></outcomeDeclaration><outcomeDeclaration identifier="MAXSCORE" cardinality="single" baseType="float"><defaultValue><value>1</value></defaultValue></outcomeDeclaration><outcomeDeclaration identifier="FEEDBACKBASIC" cardinality="single" baseType="identifier" view="testConstructor"><defaultValue><value>empty</value></defaultValue></outcomeDeclaration><outcomeDeclaration identifier="FEEDBACKMODAL" cardinality="multiple" baseType="identifier" view="testConstructor" /><templateDeclaration identifier="help" cardinality="single" baseType="integer" /><templateDeclaration identifier="pm" cardinality="single" baseType="string" /><templateDeclaration identifier="c" cardinality="single" baseType="integer" /><templateDeclaration identifier="d" cardinality="single" baseType="integer" /><templateDeclaration identifier="c^2" cardinality="single" baseType="integer" /><templateDeclaration identifier="d^2" cardinality="single" baseType="integer" /><templateDeclaration identifier="mp" cardinality="single" baseType="string" /><templateProcessing><setTemplateValue identifier="help"><random><multiple><baseValue baseType="integer">-1</baseValue><baseValue baseType="integer">1</baseValue></multiple></random></setTemplateValue><setTemplateValue identifier="pm"><random><multiple><baseValue baseType="string">+</baseValue></multiple></random></setTemplateValue><templateCondition><templateIf><lt><variable identifier="help" /><baseValue baseType="integer">0</baseValue></lt><setTemplateValue identifier="pm"><random><multiple><baseValue baseType="string">-</baseValue></multiple></random></setTemplateValue></templateIf><templateElse><setTemplateValue identifier="pm"><random><multiple><baseValue baseType="string">+</baseValue></multiple></random></setTemplateValue></templateElse></templateCondition><setTemplateValue identifier="c"><randomInteger min="2" max="9" /></setTemplateValue><setTemplateValue identifier="d"><randomInteger min="2" max="10" /></setTemplateValue><templateCondition><templateIf><match><variable identifier="c" /><baseValue baseType="integer">2</baseValue></match><setTemplateValue identifier="d"><random><multiple><baseValue baseType="integer">3</baseValue><baseValue baseType="integer">5</baseValue><baseValue baseType="integer">7</baseValue><baseValue baseType="integer">9</baseValue></multiple></random></setTemplateValue></templateIf><templateElseIf><match><variable identifier="c" /><baseValue baseType="integer">3</baseValue></match><setTemplateValue identifier="d"><random><multiple><baseValue baseType="integer">2</baseValue><baseValue baseType="integer">4</baseValue><baseValue baseType="integer">5</baseValue><baseValue baseType="integer">7</baseValue><baseValue baseType="integer">8</baseValue><baseValue baseType="integer">10</baseValue></multiple></random></setTemplateValue></templateElseIf><templateElseIf><match><variable identifier="c" /><baseValue baseType="integer">4</baseValue></match><setTemplateValue identifier="d"><random><multiple><baseValue baseType="integer">3</baseValue><baseValue baseType="integer">5</baseValue><baseValue baseType="integer">7</baseValue><baseValue baseType="integer">9</baseValue></multiple></random></setTemplateValue></templateElseIf><templateElseIf><match><variable identifier="c" /><baseValue baseType="integer">5</baseValue></match><setTemplateValue identifier="d"><random><multiple><baseValue baseType="integer">2</baseValue><baseValue baseType="integer">3</baseValue><baseValue baseType="integer">4</baseValue><baseValue baseType="integer">6</baseValue><baseValue baseType="integer">7</baseValue><baseValue baseType="integer">8</baseValue><baseValue baseType="integer">9</baseValue></multiple></random></setTemplateValue></templateElseIf><templateElseIf><match><variable identifier="c" /><baseValue baseType="integer">6</baseValue></match><setTemplateValue identifier="d"><random><multiple><baseValue baseType="integer">5</baseValue><baseValue baseType="integer">7</baseValue></multiple></random></setTemplateValue></templateElseIf><templateElseIf><match><variable identifier="c" /><baseValue baseType="integer">7</baseValue></match><setTemplateValue identifier="d"><random><multiple><baseValue baseType="integer">2</baseValue><baseValue baseType="integer">3</baseValue><baseValue baseType="integer">4</baseValue><baseValue baseType="integer">5</baseValue><baseValue baseType="integer">6</baseValue><baseValue baseType="integer">8</baseValue><baseValue baseType="integer">9</baseValue><baseValue baseType="integer">10</baseValue></multiple></random></setTemplateValue></templateElseIf><templateElseIf><match><variable identifier="c" /><baseValue baseType="integer">8</baseValue></match><setTemplateValue identifier="d"><random><multiple><baseValue baseType="integer">3</baseValue><baseValue baseType="integer">5</baseValue><baseValue baseType="integer">7</baseValue><baseValue baseType="integer">9</baseValue></multiple></random></setTemplateValue></templateElseIf><templateElseIf><match><variable identifier="c" /><baseValue baseType="integer">9</baseValue></match><setTemplateValue identifier="d"><random><multiple><baseValue baseType="integer">2</baseValue><baseValue baseType="integer">4</baseValue><baseValue baseType="integer">5</baseValue><baseValue baseType="integer">7</baseValue><baseValue baseType="integer">8</baseValue><baseValue baseType="integer">10</baseValue></multiple></random></setTemplateValue></templateElseIf></templateCondition><setTemplateValue identifier="c^2"><customOperator definition="MAXIMA" value="float($(1)*$(2));"><variable identifier="c" /><variable identifier="c" /></customOperator></setTemplateValue><setTemplateValue identifier="d^2"><customOperator definition="MAXIMA" value="float($(1)*$(2));"><variable identifier="d" /><variable identifier="d" /></customOperator></setTemplateValue><setTemplateValue identifier="mp"><random><multiple><baseValue baseType="string">+</baseValue></multiple></random></setTemplateValue><templateCondition><templateIf><gt><variable identifier="help" /><baseValue baseType="integer">0</baseValue></gt><setTemplateValue identifier="mp"><random><multiple><baseValue baseType="string">-</baseValue></multiple></random></setTemplateValue></templateIf></templateCondition><setCorrectResponse identifier="RESPONSE_1409834609018"><customOperator definition="VARIABLESTRING" value="$(1)*a $(3) $(2)*b"><variable identifier="c" /><variable identifier="d" /><variable identifier="mp" /></customOperator></setCorrectResponse></templateProcessing><itemBody ><p>Vereinfachen Sie den folgenden Ausdruck soweit wie möglich und ergänzen Sie die Lösung!</p><p>$$\qquad\frac{<printedVariable identifier="c^2" />a^2-<printedVariable identifier="d^2" />b^2}{<printedVariable identifier="c" />a <printedVariable identifier="pm" /> <printedVariable identifier="d" />b} = \ldots = $$ <textEntryInteraction responseIdentifier="RESPONSE_1409834609018" expectedLength="8" class="maxima-formula show-latex" /></p><p> </p><p>Hinweise zur Formeleingabe:</p><ul><li>\(x\cdot y\) = x*y, z.B. \(3x\) = 3*x \(\Rightarrow\) Bitte keine * vergessen!</li><li>Durch Klicken auf die ?-Schaltfläche können Sie Ihre Formel vor Speichern der Antwort zunächst überprüfen.</li></ul></itemBody><responseProcessing><responseCondition><responseIf><customOperator definition="MAXIMA" value="is(equal(num($(1)), num($(2))));"><variable identifier="RESPONSE_1409834609018" /><correct identifier="RESPONSE_1409834609018" /></customOperator><setOutcomeValue identifier="SCORE"><sum><variable identifier="SCORE" /><baseValue baseType="float">1</baseValue></sum></setOutcomeValue></responseIf></responseCondition><responseCondition><responseIf><not><isNull><variable identifier="RESPONSE_1409834609018" /></isNull></not><setOutcomeValue identifier="FEEDBACKBASIC"><baseValue baseType="identifier">incorrect</baseValue></setOutcomeValue></responseIf></responseCondition><responseCondition><responseIf><and><not><match><variable identifier="FEEDBACKBASIC" /><baseValue baseType="identifier">empty</baseValue></match></not><equal toleranceMode="exact"><variable identifier="SCORE" /><variable identifier="MAXSCORE" /></equal></and><setOutcomeValue identifier="FEEDBACKBASIC"><baseValue baseType="identifier">correct</baseValue></setOutcomeValue></responseIf></responseCondition><responseCondition><responseIf><and><match><baseValue baseType="identifier">correct</baseValue><variable identifier="FEEDBACKBASIC" /></match></and><setOutcomeValue identifier="FEEDBACKMODAL"><multiple><variable identifier="FEEDBACKMODAL" /><baseValue baseType="identifier">Feedback1262558942</baseValue></multiple></setOutcomeValue></responseIf></responseCondition><responseCondition><responseIf><and><match><baseValue baseType="identifier">incorrect</baseValue><variable identifier="FEEDBACKBASIC" /></match></and><setOutcomeValue identifier="FEEDBACKMODAL"><multiple><variable identifier="FEEDBACKMODAL" /><baseValue baseType="identifier">Feedback1356296158</baseValue></multiple></setOutcomeValue></responseIf></responseCondition></responseProcessing><modalFeedback  identifier="Feedback1262558942" outcomeIdentifier="FEEDBACKMODAL" showHide="show" title="Richtig!"><p>Lösung:</p><p>$$\qquad\qquad\frac{<printedVariable identifier="c^2" />a^2-<printedVariable identifier="d^2" />b^2}{<printedVariable identifier="c" />a <printedVariable identifier="pm" /> <printedVariable identifier="d" />b} = \frac{(<printedVariable identifier="c" />a+<printedVariable identifier="d" />b)(<printedVariable identifier="c" />a-<printedVariable identifier="d" />b)}{<printedVariable identifier="c" />a <printedVariable identifier="pm" /> <printedVariable identifier="d" />b} = <printedVariable identifier="c" />a <printedVariable identifier="mp" /> <printedVariable identifier="d" />b$$</p></modalFeedback><modalFeedback  identifier="Feedback1356296158" outcomeIdentifier="FEEDBACKMODAL" showHide="show" title="Leider falsch!"><p>Lösung:</p><p>$$\qquad\qquad\frac{<printedVariable identifier="c^2" />a^2-<printedVariable identifier="d^2" />b^2}{<printedVariable identifier="c" />a <printedVariable identifier="pm" /> <printedVariable identifier="d" />b} = \frac{(<printedVariable identifier="c" />a+<printedVariable identifier="d" />b)(<printedVariable identifier="c" />a-<printedVariable identifier="d" />b)}{<printedVariable identifier="c" />a <printedVariable identifier="pm" /> <printedVariable identifier="d" />b} = <printedVariable identifier="c" />a <printedVariable identifier="mp" /> <printedVariable identifier="d" />b$$</p></modalFeedback></assessmentItem>
