<?xml version="1.0" encoding="UTF-8"?>
<assessmentItem xmlns="http://www.imsglobal.org/xsd/imsqti_v2p1" xmlns:xsi="http://www.w3.org/2001/XMLSchema-instance" xsi:schemaLocation="http://www.imsglobal.org/xsd/imsqti_v2p1 http://www.imsglobal.org/xsd/qti/qtiv2p1/imsqti_v2p1p1.xsd http://www.w3.org/1998/Math/MathML http://www.w3.org/Math/XMLSchema/mathml2/mathml2.xsd" identifier="ida8847ba8-8a21-4d13-8dfe-b5a7a9a27cdc" title="KomplexDifferenzierbar" adaptive="false" timeDependent="false"><responseDeclaration identifier="RESPONSE_1" cardinality="multiple" baseType="identifier"><correctResponse><value>idc4ad6265-0350-408e-a655-601ee836a860</value><value>id3aa1b5ef-61c1-46e3-841b-7a0cb7b05589</value><value>idc18fb7e1-ec41-47c1-b1fe-e812a80f344f</value></correctResponse><mapping defaultValue="0" lowerBound="0.0"><mapEntry mapKey="idc4ad6265-0350-408e-a655-601ee836a860" mappedValue="1.0" /><mapEntry mapKey="id3aa1b5ef-61c1-46e3-841b-7a0cb7b05589" mappedValue="1.0" /><mapEntry mapKey="id5500b2d3-a419-41dd-81d0-7d6f68df6761" mappedValue="-1.5" /><mapEntry mapKey="idf7eff01a-080f-4225-b669-1e134b4d6b9f" mappedValue="-1.5" /><mapEntry mapKey="idc18fb7e1-ec41-47c1-b1fe-e812a80f344f" mappedValue="1.0" /></mapping></responseDeclaration><outcomeDeclaration identifier="SCORE" cardinality="single" baseType="float"><defaultValue><value>0</value></defaultValue></outcomeDeclaration><outcomeDeclaration identifier="MAXSCORE" cardinality="single" baseType="float"><defaultValue><value>3</value></defaultValue></outcomeDeclaration><outcomeDeclaration identifier="FEEDBACKBASIC" cardinality="single" baseType="identifier" view="testConstructor"><defaultValue><value>empty</value></defaultValue></outcomeDeclaration><templateDeclaration identifier="a" cardinality="single" baseType="integer" /><templateDeclaration identifier="b" cardinality="single" baseType="integer" /><templateDeclaration identifier="c" cardinality="single" baseType="integer" /><templateDeclaration identifier="d" cardinality="single" baseType="integer" /><templateDeclaration identifier="e" cardinality="single" baseType="integer" /><templateDeclaration identifier="k" cardinality="single" baseType="integer" /><templateProcessing><setTemplateValue identifier="a"><randomInteger min="1" max="7" /></setTemplateValue><setTemplateValue identifier="b"><randomInteger min="1" max="7" /></setTemplateValue><setTemplateValue identifier="c"><randomInteger min="1" max="7" /></setTemplateValue><setTemplateValue identifier="d"><randomInteger min="1" max="9" /></setTemplateValue><setTemplateValue identifier="e"><randomInteger min="1" max="9" /></setTemplateValue><setTemplateValue identifier="k"><randomInteger min="2" max="7" /></setTemplateValue></templateProcessing><itemBody ><p>Setze einen Haken an jede Funktion die auf ihrem Definitionsbereich \( D \subset \mathbb C \) komplex differenzierbar ist:</p><choiceInteraction responseIdentifier="RESPONSE_1" shuffle="false" maxChoices="0"><simpleChoice identifier="idc4ad6265-0350-408e-a655-601ee836a860"><p>\( \sin(<printedVariable identifier="a" />\cdot z + \mathrm i) + <printedVariable identifier="b" />\cdot \mathrm i + <printedVariable identifier="c" />\)</p></simpleChoice><simpleChoice identifier="id3aa1b5ef-61c1-46e3-841b-7a0cb7b05589"><p>\( <printedVariable identifier="d" /> \cdot z^<printedVariable identifier="k" />\)</p></simpleChoice><simpleChoice identifier="id5500b2d3-a419-41dd-81d0-7d6f68df6761"><p>\( |z| = \sqrt{x^2+y^2}\) für \( z = x + y \mathrm i\)</p></simpleChoice><simpleChoice identifier="idf7eff01a-080f-4225-b669-1e134b4d6b9f"><p>\(<printedVariable identifier="e" />x + y\) für \(z = x + y \mathrm i\)</p></simpleChoice><simpleChoice identifier="idc18fb7e1-ec41-47c1-b1fe-e812a80f344f"><p>\( <printedVariable identifier="a" />x+ y +(<printedVariable identifier="a" />y - x) \mathrm i + <printedVariable identifier="d" />\mathrm i -<printedVariable identifier="b" />\) für \(z = x + y \mathrm i\)</p></simpleChoice></choiceInteraction></itemBody><responseProcessing><responseCondition><responseIf><not><isNull><variable identifier="RESPONSE_1" /></isNull></not><setOutcomeValue identifier="SCORE"><sum><variable identifier="SCORE" /><mapResponse identifier="RESPONSE_1" /></sum></setOutcomeValue><setOutcomeValue identifier="FEEDBACKBASIC"><baseValue baseType="identifier">incorrect</baseValue></setOutcomeValue></responseIf></responseCondition><responseCondition><responseIf><and><not><match><variable identifier="FEEDBACKBASIC" /><baseValue baseType="identifier">empty</baseValue></match></not><equal toleranceMode="exact"><variable identifier="SCORE" /><variable identifier="MAXSCORE" /></equal></and><setOutcomeValue identifier="FEEDBACKBASIC"><baseValue baseType="identifier">correct</baseValue></setOutcomeValue></responseIf></responseCondition></responseProcessing></assessmentItem>
