<?xml version="1.0" encoding="UTF-8"?>
<assessmentItem xmlns="http://www.imsglobal.org/xsd/imsqti_v2p1" xmlns:xsi="http://www.w3.org/2001/XMLSchema-instance" xsi:schemaLocation="http://www.imsglobal.org/xsd/imsqti_v2p1 http://www.imsglobal.org/xsd/qti/qtiv2p1/imsqti_v2p1p1.xsd http://www.w3.org/1998/Math/MathML http://www.w3.org/Math/XMLSchema/mathml2/mathml2.xsd" identifier="id1d730e25-d12e-437b-87b3-56e58f763129" title="PolynomdivisionmitRestGrad5:Grad2" adaptive="false" timeDependent="false"><responseDeclaration identifier="RESPONSE_1408520666418" cardinality="single" baseType="string" /><responseDeclaration identifier="RESPONSE_1408520699649" cardinality="single" baseType="string" /><outcomeDeclaration identifier="SCORE" cardinality="single" baseType="float"><defaultValue><value>0</value></defaultValue></outcomeDeclaration><outcomeDeclaration identifier="MAXSCORE" cardinality="single" baseType="float"><defaultValue><value>6</value></defaultValue></outcomeDeclaration><outcomeDeclaration identifier="FEEDBACKBASIC" cardinality="single" baseType="identifier" view="testConstructor"><defaultValue><value>empty</value></defaultValue></outcomeDeclaration><templateDeclaration identifier="p0" cardinality="single" baseType="integer" /><templateDeclaration identifier="p1" cardinality="single" baseType="integer" /><templateDeclaration identifier="p2" cardinality="single" baseType="integer" /><templateDeclaration identifier="p3" cardinality="single" baseType="integer" /><templateDeclaration identifier="p4" cardinality="single" baseType="integer" /><templateDeclaration identifier="p5" cardinality="single" baseType="integer" /><templateDeclaration identifier="g0" cardinality="single" baseType="integer" /><templateDeclaration identifier="g1" cardinality="single" baseType="integer" /><templateDeclaration identifier="g2" cardinality="single" baseType="integer" /><templateDeclaration identifier="q0" cardinality="single" baseType="float" /><templateDeclaration identifier="q1" cardinality="single" baseType="float" /><templateDeclaration identifier="q2" cardinality="single" baseType="float" /><templateDeclaration identifier="q3" cardinality="single" baseType="float" /><templateDeclaration identifier="r0" cardinality="single" baseType="float" /><templateDeclaration identifier="r1" cardinality="single" baseType="float" /><templateProcessing><setTemplateValue identifier="p0"><randomInteger min="1" max="6" /></setTemplateValue><setTemplateValue identifier="p1"><randomInteger min="1" max="5" /></setTemplateValue><setTemplateValue identifier="p2"><randomInteger min="1" max="5" /></setTemplateValue><setTemplateValue identifier="p3"><randomInteger min="1" max="6" /></setTemplateValue><setTemplateValue identifier="p4"><randomInteger min="1" max="6" /></setTemplateValue><setTemplateValue identifier="p5"><randomInteger min="1" max="7" /></setTemplateValue><setTemplateValue identifier="g0"><randomInteger min="1" max="6" /></setTemplateValue><setTemplateValue identifier="g1"><randomInteger min="1" max="5" /></setTemplateValue><setTemplateValue identifier="g2"><randomInteger min="1" max="3" /></setTemplateValue><setTemplateValue identifier="q0"><customOperator definition="MAXIMA" value="float(coeff(divide(x^5+$(1)*x^4-$(2)*x^2-$(3),x^2+$(4)*x-$(5))[1],x,0));"><variable identifier="p4" /><variable identifier="p2" /><variable identifier="p0" /><variable identifier="g1" /><variable identifier="g0" /></customOperator></setTemplateValue><setTemplateValue identifier="q1"><customOperator definition="MAXIMA" value="float(coeff(divide(x^5+$(1)*x^4-$(2)*x^2-$(3),x^2+$(4)*x-$(5))[1],x,1));"><variable identifier="p4" /><variable identifier="p2" /><variable identifier="p0" /><variable identifier="g1" /><variable identifier="g0" /></customOperator></setTemplateValue><setTemplateValue identifier="q2"><customOperator definition="MAXIMA" value="float(coeff(divide(x^5+$(1)*x^4-$(2)*x^2-$(3),x^2+$(4)*x-$(5))[1],x,2));"><variable identifier="p4" /><variable identifier="p2" /><variable identifier="p0" /><variable identifier="g1" /><variable identifier="g0" /></customOperator></setTemplateValue><setTemplateValue identifier="q3"><customOperator definition="MAXIMA" value="float(coeff(divide(x^5+$(1)*x^4-$(2)*x^2-$(3),x^2+$(4)*x-$(5))[1],x,3));"><variable identifier="p4" /><variable identifier="p2" /><variable identifier="p0" /><variable identifier="g1" /><variable identifier="g0" /></customOperator></setTemplateValue><setTemplateValue identifier="r0"><customOperator definition="MAXIMA" value="float(coeff(divide(x^5+$(1)*x^4-$(2)*x^2-$(3),x^2+$(4)*x-$(5))[2],x,0));"><variable identifier="p4" /><variable identifier="p2" /><variable identifier="p0" /><variable identifier="g1" /><variable identifier="g0" /></customOperator></setTemplateValue><setTemplateValue identifier="r1"><customOperator definition="MAXIMA" value="float(coeff(divide(x^5+$(1)*x^4-$(2)*x^2-$(3),x^2+$(4)*x-$(5))[2],x,1));"><variable identifier="p4" /><variable identifier="p2" /><variable identifier="p0" /><variable identifier="g1" /><variable identifier="g0" /></customOperator></setTemplateValue><setCorrectResponse identifier="RESPONSE_1408520666418"><customOperator definition="VARIABLESTRING" value="$(4)*x^3+$(3)*x^2+$(2)*x+$(1)"><variable identifier="q0" /><variable identifier="q1" /><variable identifier="q2" /><variable identifier="q3" /></customOperator></setCorrectResponse><setCorrectResponse identifier="RESPONSE_1408520699649"><customOperator definition="VARIABLESTRING" value="$(2)*x+$(1)"><variable identifier="r0" /><variable identifier="r1" /></customOperator></setCorrectResponse></templateProcessing><itemBody ><p><p>Das Polynom</p><p style="-qt-block-indent: 0; text-indent: 0px; margin: 0px;">\[p(x)= x^5+<printedVariable identifier="p4" />x^4-<printedVariable identifier="p2" />x^2-<printedVariable identifier="p0" /> \]</p><p style="-qt-block-indent: 0; text-indent: 0px; margin: 0px;">lässt sich eindeutig in der Form \(p(x)= q(x)\cdot (x^2+<printedVariable identifier="g1" />x-<printedVariable identifier="g0" />) + r(x)\) mit Polynomen \(q(x)\) und \(r(x)\) schreiben, wobei grad\((r(x)) &lt; 2\).</p><p style="-qt-block-indent: 0; text-indent: 0px; margin: 0px;">Bestimmen Sie \(q(x)\) und \(r(x)\) durch Polynomdivision und geben Sie diese  Polynome in Maxima Schreibweise an: <em>Beispiel eines Polynoms in Maxima Schreibweise:</em> 2*x^7-3*x^2+8</p><p style="-qt-block-indent: 0; text-indent: 0px; margin: 0px;"> </p><p style="-qt-block-indent: 0; text-indent: 0px; margin: 0px;">\(q(x)\) = <textEntryInteraction responseIdentifier="RESPONSE_1408520666418" expectedLength="7" class="maxima-formula show-latex show-syntax-error" /></p><p style="-qt-block-indent: 0; text-indent: 0px; margin: 0px;"> </p><p style="-qt-block-indent: 0; text-indent: 0px; margin: 0px;">\(r(x)\) = <textEntryInteraction responseIdentifier="RESPONSE_1408520699649" expectedLength="5" class="maxima-formula show-latex show-syntax-error" /></p><p style="-qt-block-indent: 0; text-indent: 0px; margin: 0px;"> </p><p style="-qt-block-indent: 0; text-indent: 0px; margin: 0px;"> </p><p> </p></p></itemBody><responseProcessing><responseCondition><responseIf><customOperator definition="MAXIMA" value="is(equal(ev($(1)),ev($(2))));"><variable identifier="RESPONSE_1408520666418" /><correct identifier="RESPONSE_1408520666418" /></customOperator><setOutcomeValue identifier="SCORE"><sum><variable identifier="SCORE" /><baseValue baseType="float">3</baseValue></sum></setOutcomeValue></responseIf></responseCondition><responseCondition><responseIf><not><isNull><variable identifier="RESPONSE_1408520666418" /></isNull></not><setOutcomeValue identifier="FEEDBACKBASIC"><baseValue baseType="identifier">incorrect</baseValue></setOutcomeValue></responseIf></responseCondition><responseCondition><responseIf><customOperator definition="MAXIMA" value="is(equal(ev($(1)),ev($(2))));"><variable identifier="RESPONSE_1408520699649" /><correct identifier="RESPONSE_1408520699649" /></customOperator><setOutcomeValue identifier="SCORE"><sum><variable identifier="SCORE" /><baseValue baseType="float">3</baseValue></sum></setOutcomeValue></responseIf></responseCondition><responseCondition><responseIf><not><isNull><variable identifier="RESPONSE_1408520699649" /></isNull></not><setOutcomeValue identifier="FEEDBACKBASIC"><baseValue baseType="identifier">incorrect</baseValue></setOutcomeValue></responseIf></responseCondition><responseCondition><responseIf><and><not><match><variable identifier="FEEDBACKBASIC" /><baseValue baseType="identifier">empty</baseValue></match></not><equal toleranceMode="exact"><variable identifier="SCORE" /><variable identifier="MAXSCORE" /></equal></and><setOutcomeValue identifier="FEEDBACKBASIC"><baseValue baseType="identifier">correct</baseValue></setOutcomeValue></responseIf></responseCondition></responseProcessing></assessmentItem>
