<?xml version="1.0" encoding="UTF-8"?>
<assessmentItem xmlns="http://www.imsglobal.org/xsd/imsqti_v2p1" xmlns:xsi="http://www.w3.org/2001/XMLSchema-instance" xsi:schemaLocation="http://www.imsglobal.org/xsd/imsqti_v2p1 http://www.imsglobal.org/xsd/qti/qtiv2p1/imsqti_v2p1p1.xsd http://www.w3.org/1998/Math/MathML http://www.w3.org/Math/XMLSchema/mathml2/mathml2.xsd" identifier="id398874d9-3cf8-4ce8-a3f3-b6ff47b7acc4" title="LHopitalComplexVersion" adaptive="false" timeDependent="false"><responseDeclaration identifier="RESPONSE_1414860639489" cardinality="single" baseType="string" /><outcomeDeclaration identifier="SCORE" cardinality="single" baseType="float"><defaultValue><value>0</value></defaultValue></outcomeDeclaration><outcomeDeclaration identifier="MAXSCORE" cardinality="single" baseType="float"><defaultValue><value>2</value></defaultValue></outcomeDeclaration><outcomeDeclaration identifier="FEEDBACKBASIC" cardinality="single" baseType="identifier" view="testConstructor"><defaultValue><value>empty</value></defaultValue></outcomeDeclaration><templateDeclaration identifier="a" cardinality="single" baseType="integer" /><templateDeclaration identifier="b" cardinality="single" baseType="integer" /><templateDeclaration identifier="c" cardinality="single" baseType="integer" /><templateDeclaration identifier="d" cardinality="single" baseType="integer" /><templateDeclaration identifier="rep" cardinality="single" baseType="integer" /><templateDeclaration identifier="imp" cardinality="single" baseType="integer" /><templateDeclaration identifier="req" cardinality="single" baseType="integer" /><templateDeclaration identifier="imq" cardinality="single" baseType="integer" /><templateDeclaration identifier="vz1" cardinality="single" baseType="string" /><templateDeclaration identifier="vz2" cardinality="single" baseType="string" /><templateDeclaration identifier="vz3" cardinality="single" baseType="string" /><templateDeclaration identifier="aimp" cardinality="single" baseType="integer" /><templateDeclaration identifier="areq" cardinality="single" baseType="integer" /><templateDeclaration identifier="aimq" cardinality="single" baseType="integer" /><templateDeclaration identifier="rel" cardinality="single" baseType="integer" /><templateDeclaration identifier="iml" cardinality="single" baseType="integer" /><templateProcessing><setTemplateValue identifier="a"><randomInteger min="-4" max="4" /></setTemplateValue><templateCondition><templateIf><match><variable identifier="a" /><baseValue baseType="integer">0</baseValue></match><setTemplateValue identifier="a"><customOperator definition="MAXIMA" value="float(-1);" /></setTemplateValue></templateIf></templateCondition><setTemplateValue identifier="b"><randomInteger min="1" max="4" /></setTemplateValue><setTemplateValue identifier="c"><randomInteger min="1" max="4" /></setTemplateValue><setTemplateValue identifier="d"><randomInteger min="1" max="3" /></setTemplateValue><setTemplateValue identifier="rep"><customOperator definition="MAXIMA" value="float($(1)+$(2));"><variable identifier="a" /><variable identifier="c" /></customOperator></setTemplateValue><setTemplateValue identifier="imp"><customOperator definition="MAXIMA" value="float($(1)+$(2));"><variable identifier="d" /><variable identifier="b" /></customOperator></setTemplateValue><setTemplateValue identifier="req"><customOperator definition="MAXIMA" value="float($(1)*$(2)-$(3)*$(4));"><variable identifier="a" /><variable identifier="c" /><variable identifier="b" /><variable identifier="d" /></customOperator></setTemplateValue><setTemplateValue identifier="imq"><customOperator definition="MAXIMA" value="float($(1)*$(2)+$(3)*$(4));"><variable identifier="a" /><variable identifier="d" /><variable identifier="c" /><variable identifier="b" /></customOperator></setTemplateValue><setTemplateValue identifier="vz1"><random><multiple><baseValue baseType="string">+</baseValue></multiple></random></setTemplateValue><setTemplateValue identifier="vz2"><random><multiple><baseValue baseType="string">+</baseValue></multiple></random></setTemplateValue><setTemplateValue identifier="vz3"><random><multiple><baseValue baseType="string">+</baseValue></multiple></random></setTemplateValue><setTemplateValue identifier="aimp"><customOperator definition="MAXIMA" value="float(abs($(1)));"><variable identifier="imp" /></customOperator></setTemplateValue><templateCondition><templateIf><lt><variable identifier="imp" /><baseValue baseType="integer">0</baseValue></lt><setTemplateValue identifier="vz1"><random><multiple><baseValue baseType="string">-</baseValue></multiple></random></setTemplateValue></templateIf></templateCondition><setTemplateValue identifier="areq"><customOperator definition="MAXIMA" value="float(abs($(1)));"><variable identifier="req" /></customOperator></setTemplateValue><templateCondition><templateIf><lt><variable identifier="req" /><baseValue baseType="integer">0</baseValue></lt><setTemplateValue identifier="vz2"><random><multiple><baseValue baseType="string">-</baseValue></multiple></random></setTemplateValue></templateIf></templateCondition><setTemplateValue identifier="aimq"><customOperator definition="MAXIMA" value="float(abs($(1)));"><variable identifier="imq" /></customOperator></setTemplateValue><templateCondition><templateIf><lt><variable identifier="imq" /><baseValue baseType="integer">0</baseValue></lt><setTemplateValue identifier="vz3"><random><multiple><baseValue baseType="string">-</baseValue></multiple></random></setTemplateValue></templateIf></templateCondition><setTemplateValue identifier="rel"><customOperator definition="MAXIMA" value="float(2*$(1)-$(2));"><variable identifier="a" /><variable identifier="rep" /></customOperator></setTemplateValue><setTemplateValue identifier="iml"><customOperator definition="MAXIMA" value="float(2*$(1)-$(2));"><variable identifier="b" /><variable identifier="imp" /></customOperator></setTemplateValue><setCorrectResponse identifier="RESPONSE_1414860639489"><customOperator definition="VARIABLESTRING" value="$(1)+$(2)*%i"><variable identifier="rel" /><variable identifier="iml" /></customOperator></setCorrectResponse></templateProcessing><itemBody ><p>Compute the complex limit$$ \lim_{z \rightarrow <printedVariable identifier="a" /> + <printedVariable identifier="b" />\cdot{\mathrm i}} \frac{z^2 - (<printedVariable identifier="rep" /><printedVariable identifier="vz1" /><printedVariable identifier="aimp" />\cdot {\mathrm i}) \cdot z <printedVariable identifier="vz2" /><printedVariable identifier="areq" /> <printedVariable identifier="vz3" /><printedVariable identifier="aimq" />\cdot {\mathrm i}}{z-(<printedVariable identifier="a" />+ <printedVariable identifier="b" />\cdot {\mathrm i} )} $$ = <textEntryInteraction responseIdentifier="RESPONSE_1414860639489" expectedLength="8" class="maxima-formula show-latex show-syntax-error" /></p><p>Use %i for the imaginary unit i and * for any multiplikation.</p><p>Hint: The following complex version of the theorem of L'Hopital might be useful:</p><p>Assume f, g are defined on an open subset S of the complex plane and both are complex differentiable at a point \( z_0 \in S\) such that</p><p>\( f(z_0) = g(z_0) = 0\)  but  \( g'(z_0) \not = 0\).</p><p>Then holds:</p><p>$$ \lim_{z \rightarrow z_0} \frac{f(z)}{g(z)} = \frac{f'(z_0)}{g'(z_0)} $$</p><p>If you want to use this theorem, dont forget to verify the conditions under which the theorem is applicable.</p><p> </p></itemBody><responseProcessing><responseCondition><responseIf><customOperator definition="MAXIMA" value="is(equal(ev($(1)),ev($(2))));"><variable identifier="RESPONSE_1414860639489" /><correct identifier="RESPONSE_1414860639489" /></customOperator><setOutcomeValue identifier="SCORE"><sum><variable identifier="SCORE" /><baseValue baseType="float">2</baseValue></sum></setOutcomeValue></responseIf></responseCondition><responseCondition><responseIf><not><isNull><variable identifier="RESPONSE_1414860639489" /></isNull></not><setOutcomeValue identifier="FEEDBACKBASIC"><baseValue baseType="identifier">incorrect</baseValue></setOutcomeValue></responseIf></responseCondition><responseCondition><responseIf><and><not><match><variable identifier="FEEDBACKBASIC" /><baseValue baseType="identifier">empty</baseValue></match></not><equal toleranceMode="exact"><variable identifier="SCORE" /><variable identifier="MAXSCORE" /></equal></and><setOutcomeValue identifier="FEEDBACKBASIC"><baseValue baseType="identifier">correct</baseValue></setOutcomeValue></responseIf></responseCondition></responseProcessing></assessmentItem>
