<?xml version="1.0" encoding="UTF-8"?>
<assessmentItem xmlns="http://www.imsglobal.org/xsd/imsqti_v2p1" xmlns:xsi="http://www.w3.org/2001/XMLSchema-instance" xsi:schemaLocation="http://www.imsglobal.org/xsd/imsqti_v2p1 http://www.imsglobal.org/xsd/qti/qtiv2p1/imsqti_v2p1p1.xsd http://www.w3.org/1998/Math/MathML http://www.w3.org/Math/XMLSchema/mathml2/mathml2.xsd" identifier="id241cb706-839b-465c-82e7-b1fbc59b26c5" title="InterpolationspolynomGrad2" adaptive="false" timeDependent="false"><responseDeclaration identifier="RESPONSE_1390912878578" cardinality="single" baseType="float"><correctResponse><value>0</value></correctResponse></responseDeclaration><outcomeDeclaration identifier="SCORE" cardinality="single" baseType="float"><defaultValue><value>0</value></defaultValue></outcomeDeclaration><outcomeDeclaration identifier="MAXSCORE" cardinality="single" baseType="float"><defaultValue><value>4</value></defaultValue></outcomeDeclaration><outcomeDeclaration identifier="FEEDBACKBASIC" cardinality="single" baseType="identifier" view="testConstructor"><defaultValue><value>empty</value></defaultValue></outcomeDeclaration><outcomeDeclaration identifier="FEEDBACKMODAL" cardinality="multiple" baseType="identifier" view="testConstructor" /><templateDeclaration identifier="x0" cardinality="single" baseType="integer" /><templateDeclaration identifier="x1" cardinality="single" baseType="integer" /><templateDeclaration identifier="x2" cardinality="single" baseType="integer" /><templateDeclaration identifier="y0" cardinality="single" baseType="integer" /><templateDeclaration identifier="y1" cardinality="single" baseType="integer" /><templateDeclaration identifier="y2" cardinality="single" baseType="integer" /><templateDeclaration identifier="a0" cardinality="single" baseType="float" /><templateDeclaration identifier="a1" cardinality="single" baseType="float" /><templateDeclaration identifier="a2" cardinality="single" baseType="float" /><templateDeclaration identifier="x" cardinality="single" baseType="integer" /><templateDeclaration identifier="px" cardinality="single" baseType="float" /><templateProcessing><setTemplateValue identifier="x0"><randomInteger min="-5" max="5" /></setTemplateValue><setTemplateValue identifier="x1"><customOperator definition="MAXIMA" value="float($(1)-1);"><variable identifier="x0" /></customOperator></setTemplateValue><setTemplateValue identifier="x2"><customOperator definition="MAXIMA" value="float($(1)+1);"><variable identifier="x0" /></customOperator></setTemplateValue><setTemplateValue identifier="y0"><randomInteger min="-4" max="4" /></setTemplateValue><setTemplateValue identifier="y1"><randomInteger min="-4" max="8" /></setTemplateValue><setTemplateValue identifier="y2"><randomInteger min="-6" max="7" /></setTemplateValue><setTemplateValue identifier="a0"><customOperator definition="MAXIMA" value="float($(1));"><variable identifier="y0" /></customOperator></setTemplateValue><setTemplateValue identifier="a1"><customOperator definition="MAXIMA" value="float(($(1)-$(2))/($(3)-$(4)));"><variable identifier="y1" /><variable identifier="a0" /><variable identifier="x1" /><variable identifier="x0" /></customOperator></setTemplateValue><setTemplateValue identifier="a2"><customOperator definition="MAXIMA" value="float(($(1)-$(2)-$(3)*($(4)-$(5))/(($(6)-$(7))*($(8)-$(9))));"><variable identifier="y2" /><variable identifier="a0" /><variable identifier="a1" /><variable identifier="x2" /><variable identifier="x0" /><variable identifier="x2" /><variable identifier="x0" /><variable identifier="x2" /><variable identifier="x1" /></customOperator></setTemplateValue><setTemplateValue identifier="x"><customOperator definition="MAXIMA" value="float($(1)+2);"><variable identifier="x0" /></customOperator></setTemplateValue><setTemplateValue identifier="px"><customOperator definition="MAXIMA" value="float($(1)+$(2)*($(3)-$(4))+$(5)*($(6)-$(7))*($(8)-$(9)));"><variable identifier="a0" /><variable identifier="a1" /><variable identifier="x" /><variable identifier="x0" /><variable identifier="a2" /><variable identifier="x" /><variable identifier="x0" /><variable identifier="x" /><variable identifier="x1" /></customOperator></setTemplateValue><setCorrectResponse identifier="RESPONSE_1390912878578"><variable identifier="px" /></setCorrectResponse></templateProcessing><itemBody ><p>Gegeben seiein folgende Stützstellen \(x_i\) und Stützwerte \(y_i\). Berechne das Interpolationspolynom p(x) nach Newton oder Lagrange zu diesen Stützstellen/Stützwerten. Welchen Wert liefert p(<printedVariable identifier="x" />) ?</p><p>\( \begin{array}{cccc} x_i &amp; <printedVariable identifier="x0" />&amp;<printedVariable identifier="x1" /> &amp;<printedVariable identifier="x2" /> \\ y_i &amp; <printedVariable identifier="y0" />&amp;<printedVariable identifier="y1" /> &amp;<printedVariable identifier="y2" /> \\ \end{array}\)  </p><p>Lösung: p(<printedVariable identifier="x" />) = <textEntryInteraction responseIdentifier="RESPONSE_1390912878578" expectedLength="2" /></p><p> </p><p> </p><p> </p></itemBody><responseProcessing><responseCondition><responseIf><equal toleranceMode="absolute" tolerance="0.1 0.1" includeLowerBound="true" includeUpperBound="true"><variable identifier="RESPONSE_1390912878578" /><correct identifier="RESPONSE_1390912878578" /></equal><setOutcomeValue identifier="SCORE"><sum><variable identifier="SCORE" /><baseValue baseType="float">4</baseValue></sum></setOutcomeValue></responseIf></responseCondition><responseCondition><responseIf><not><isNull><variable identifier="RESPONSE_1390912878578" /></isNull></not><setOutcomeValue identifier="FEEDBACKBASIC"><baseValue baseType="identifier">incorrect</baseValue></setOutcomeValue></responseIf></responseCondition><responseCondition><responseIf><and><not><match><variable identifier="FEEDBACKBASIC" /><baseValue baseType="identifier">empty</baseValue></match></not><equal toleranceMode="exact"><variable identifier="SCORE" /><variable identifier="MAXSCORE" /></equal></and><setOutcomeValue identifier="FEEDBACKBASIC"><baseValue baseType="identifier">correct</baseValue></setOutcomeValue></responseIf></responseCondition><responseCondition><responseIf><and><match><baseValue baseType="identifier">incorrect</baseValue><variable identifier="FEEDBACKBASIC" /></match></and><setOutcomeValue identifier="FEEDBACKMODAL"><multiple><variable identifier="FEEDBACKMODAL" /><baseValue baseType="identifier">Feedback1453500374</baseValue></multiple></setOutcomeValue></responseIf></responseCondition></responseProcessing><modalFeedback  identifier="Feedback1453500374" outcomeIdentifier="FEEDBACKMODAL" showHide="show"><p>Lösung einer ähnlichen Aufgabe:</p><p>Wir berechnen das Interpolationspolynom nach Newton mit den Stützstellen/Stützwerten:</p><p>\(x_0 = 0,  \quad y_0=1,\quad   x_1 = 1, \quad  y_1 = 1, \quad x_2 = -1,\quad  y_2 = -1\). Die zugehörigen Newtonbasispolynome \(N_i(x)\) lauten dann:</p><p>\(N_0(x)=1,  \quad N_1(x) = (x-x_0) = x, \quad N_2(x) = (x-x_0)(x-x_1)= x(x-1)\). Damit erhält man den Ansatz</p><p>\(p(x) = c_2\cdot N_2(x) + c_1\cdot N_1(x) +c_0\cdot N_2(x) = c_2 \cdot x(x-1) + c_1 \cdot x +c_0\) mit zu bestimmenden Koeffizienten \(c_i\).</p><p>Diese bestimmt man am einfachsten, wenn der Reihe nach die Stützstellen eingesetzt werden, beginnend mit \(x_0 = 0\). Setzt man \(x_0 = 0\) ein in p(x), erhalten wir sofort \(c_0=1\) da \(p(0) = y_0 =1\). Durch Einsetzen von \(x_1 = 1\) ein in p(x) und Ausnutzung das man \(c_0\) schon kennt, erhält man analog \(c_1=0\). Genauso ermittelt man dann \(c_2=-1\).</p><p> </p><p> </p></modalFeedback></assessmentItem>
