<?xml version="1.0" encoding="UTF-8"?>
<assessmentItem xmlns="http://www.imsglobal.org/xsd/imsqti_v2p1" xmlns:xsi="http://www.w3.org/2001/XMLSchema-instance" xsi:schemaLocation="http://www.imsglobal.org/xsd/imsqti_v2p1 http://www.imsglobal.org/xsd/qti/qtiv2p1/imsqti_v2p1p1.xsd http://www.w3.org/1998/Math/MathML http://www.w3.org/Math/XMLSchema/mathml2/mathml2.xsd" identifier="id7e353528-2074-4d42-b8e5-8904228d8d35" title="betragsungleichung_02" adaptive="false" timeDependent="false"><responseDeclaration identifier="RESPONSE_1409561810924" cardinality="single" baseType="float"><correctResponse><value>0</value></correctResponse></responseDeclaration><responseDeclaration identifier="RESPONSE_1409561843614" cardinality="single" baseType="string" /><responseDeclaration identifier="RESPONSE_1409561847030" cardinality="single" baseType="string" /><outcomeDeclaration identifier="SCORE" cardinality="single" baseType="float"><defaultValue><value>0</value></defaultValue></outcomeDeclaration><outcomeDeclaration identifier="MAXSCORE" cardinality="single" baseType="float"><defaultValue><value>3</value></defaultValue></outcomeDeclaration><outcomeDeclaration identifier="FEEDBACKBASIC" cardinality="single" baseType="identifier" view="testConstructor"><defaultValue><value>empty</value></defaultValue></outcomeDeclaration><outcomeDeclaration identifier="FEEDBACKMODAL" cardinality="multiple" baseType="identifier" view="testConstructor" /><templateDeclaration identifier="form" cardinality="single" baseType="integer" /><templateDeclaration identifier="relation" cardinality="single" baseType="string" /><templateDeclaration identifier="a" cardinality="single" baseType="integer" /><templateDeclaration identifier="b" cardinality="single" baseType="integer" /><templateDeclaration identifier="h" cardinality="single" baseType="integer" /><templateDeclaration identifier="c" cardinality="single" baseType="integer" /><templateDeclaration identifier="d" cardinality="single" baseType="integer" /><templateDeclaration identifier="a+1" cardinality="single" baseType="integer" /><templateDeclaration identifier="d-c+ab" cardinality="single" baseType="integer" /><templateDeclaration identifier="d-c-ab" cardinality="single" baseType="integer" /><templateDeclaration identifier="1-a" cardinality="single" baseType="integer" /><templateDeclaration identifier="ab" cardinality="single" baseType="integer" /><templateDeclaration identifier="help" cardinality="single" baseType="string" /><templateDeclaration identifier="s" cardinality="single" baseType="integer" /><templateProcessing><setTemplateValue identifier="form"><random><multiple><baseValue baseType="integer">1</baseValue><baseValue baseType="integer">2</baseValue><baseValue baseType="integer">3</baseValue><baseValue baseType="integer">4</baseValue></multiple></random></setTemplateValue><setTemplateValue identifier="relation"><random><multiple><baseValue baseType="string">\leq</baseValue><baseValue baseType="string">\geq</baseValue><baseValue baseType="string">&lt;</baseValue><baseValue baseType="string">&gt;</baseValue></multiple></random></setTemplateValue><templateCondition><templateIf><match><variable identifier="form" /><baseValue baseType="integer">1</baseValue></match><setTemplateValue identifier="relation"><random><multiple><baseValue baseType="string">\leq</baseValue></multiple></random></setTemplateValue></templateIf><templateElseIf><match><variable identifier="form" /><baseValue baseType="integer">2</baseValue></match><setTemplateValue identifier="relation"><random><multiple><baseValue baseType="string">&lt;</baseValue></multiple></random></setTemplateValue></templateElseIf><templateElseIf><match><variable identifier="form" /><baseValue baseType="integer">3</baseValue></match><setTemplateValue identifier="relation"><random><multiple><baseValue baseType="string">\geq</baseValue></multiple></random></setTemplateValue></templateElseIf><templateElseIf><match><variable identifier="form" /><baseValue baseType="integer">4</baseValue></match><setTemplateValue identifier="relation"><random><multiple><baseValue baseType="string">&gt;</baseValue></multiple></random></setTemplateValue></templateElseIf></templateCondition><setTemplateValue identifier="a"><randomInteger min="2" max="4" /></setTemplateValue><setTemplateValue identifier="b"><randomInteger min="1" max="4" /></setTemplateValue><setTemplateValue identifier="h"><random><multiple><baseValue baseType="integer">1</baseValue><baseValue baseType="integer">2</baseValue><baseValue baseType="integer">3</baseValue><baseValue baseType="integer">4</baseValue></multiple></random></setTemplateValue><setTemplateValue identifier="c"><customOperator definition="MAXIMA" value="float($(1)+$(2));"><variable identifier="b" /><variable identifier="h" /></customOperator></setTemplateValue><setTemplateValue identifier="d"><customOperator definition="MAXIMA" value="float($(1)+$(2)+1);"><variable identifier="b" /><variable identifier="c" /></customOperator></setTemplateValue><setTemplateValue identifier="a+1"><customOperator definition="MAXIMA" value="float($(1)+1);"><variable identifier="a" /></customOperator></setTemplateValue><setTemplateValue identifier="d-c+ab"><customOperator definition="MAXIMA" value="float($(1)-$(2)+$(3)*$(4));"><variable identifier="d" /><variable identifier="c" /><variable identifier="a" /><variable identifier="b" /></customOperator></setTemplateValue><setTemplateValue identifier="d-c-ab"><customOperator definition="MAXIMA" value="float($(1)-$(2)-$(3)*$(4));"><variable identifier="d" /><variable identifier="c" /><variable identifier="a" /><variable identifier="b" /></customOperator></setTemplateValue><setTemplateValue identifier="1-a"><customOperator definition="MAXIMA" value="float(1-$(1));"><variable identifier="a" /></customOperator></setTemplateValue><setTemplateValue identifier="ab"><customOperator definition="MAXIMA" value="float($(1)*$(2));"><variable identifier="a" /><variable identifier="b" /></customOperator></setTemplateValue><setTemplateValue identifier="help"><random><multiple><baseValue baseType="string">&lt;</baseValue><baseValue baseType="string">&gt;</baseValue><baseValue baseType="string">\leq</baseValue><baseValue baseType="string">\geq</baseValue></multiple></random></setTemplateValue><templateCondition><templateIf><match><variable identifier="form" /><baseValue baseType="integer">1</baseValue></match><setTemplateValue identifier="help"><random><multiple><baseValue baseType="string">\geq</baseValue></multiple></random></setTemplateValue></templateIf><templateElseIf><match><variable identifier="form" /><baseValue baseType="integer">2</baseValue></match><setTemplateValue identifier="help"><random><multiple><baseValue baseType="string">&gt;</baseValue></multiple></random></setTemplateValue></templateElseIf><templateElseIf><match><variable identifier="form" /><baseValue baseType="integer">3</baseValue></match><setTemplateValue identifier="help"><random><multiple><baseValue baseType="string">\leq</baseValue></multiple></random></setTemplateValue></templateElseIf><templateElseIf><match><variable identifier="form" /><baseValue baseType="integer">4</baseValue></match><setTemplateValue identifier="help"><random><multiple><baseValue baseType="string">&lt;</baseValue></multiple></random></setTemplateValue></templateElseIf></templateCondition><setTemplateValue identifier="s"><customOperator definition="MAXIMA" value="float(-($(1)+$(2)-$(3)*$(4)));"><variable identifier="d" /><variable identifier="c" /><variable identifier="a" /><variable identifier="b" /></customOperator></setTemplateValue><setCorrectResponse identifier="RESPONSE_1409561843614"><customOperator definition="VARIABLESTRING" value="$(1)/$(2)"><variable identifier="d-c-ab" /><variable identifier="1-a" /></customOperator></setCorrectResponse><setCorrectResponse identifier="RESPONSE_1409561847030"><customOperator definition="VARIABLESTRING" value="$(2)/$(1)"><variable identifier="a+1" /><variable identifier="d-c+ab" /></customOperator></setCorrectResponse><setCorrectResponse identifier="RESPONSE_1409561810924"><variable identifier="form" /></setCorrectResponse></templateProcessing><itemBody ><p><p>Wir betrachten die Ungleichung $$<printedVariable identifier="a" />|-x+<printedVariable identifier="b" />|+|x+<printedVariable identifier="c" />| <printedVariable identifier="relation" /> <printedVariable identifier="d" />$$.</p><p>Welche Form hat die Lösungsmenge?</p><p><strong>Form 1:</strong> \( \mathcal L = [a, b]\)</p><p><strong>Form 2:</strong> \( \mathcal L = (a, b)\)</p><p><strong>Form 3:</strong> \( \mathcal L = (-\infty, a] \cup [b, \infty)\)</p><p><strong>Form 4:</strong> \( \mathcal L = (-\infty, a) \cup (b, \infty)\)</p><p> </p><p><strong>Lösung:</strong> Die Lösungsmenge ist von der Form<textEntryInteraction responseIdentifier="RESPONSE_1409561810924" expectedLength="3" /> (bitte geben Sie die richtige Zahl ein!). Dabei sind \(a =\)<textEntryInteraction responseIdentifier="RESPONSE_1409561843614" expectedLength="3" /> und \(b =\)<textEntryInteraction responseIdentifier="RESPONSE_1409561847030" expectedLength="3" />.</p><p><strong>Hinweis:  </strong>Geben Sie Brüche bitte wie folgt ein: \[\frac xy =\] <strong>x/y. </strong>Geben Sie bitte <strong>keine Kommazahlen</strong> ein!</p><p>                z.B. \[\tfrac13 =\] <strong>1/3</strong> und <span style="text-decoration: underline;">nicht</span> <strong>0.3333</strong>...!</p><p> </p></p></itemBody><responseProcessing><responseCondition><responseIf><equal toleranceMode="exact"><variable identifier="RESPONSE_1409561810924" /><correct identifier="RESPONSE_1409561810924" /></equal><setOutcomeValue identifier="SCORE"><sum><variable identifier="SCORE" /><baseValue baseType="float">1</baseValue></sum></setOutcomeValue></responseIf></responseCondition><responseCondition><responseIf><not><isNull><variable identifier="RESPONSE_1409561810924" /></isNull></not><setOutcomeValue identifier="FEEDBACKBASIC"><baseValue baseType="identifier">incorrect</baseValue></setOutcomeValue></responseIf></responseCondition><responseCondition><responseIf><customOperator definition="MAXIMA" value="is(equal(ev($(1)),ev($(2))));"><variable identifier="RESPONSE_1409561843614" /><correct identifier="RESPONSE_1409561843614" /></customOperator><setOutcomeValue identifier="SCORE"><sum><variable identifier="SCORE" /><baseValue baseType="float">1</baseValue></sum></setOutcomeValue></responseIf></responseCondition><responseCondition><responseIf><not><isNull><variable identifier="RESPONSE_1409561843614" /></isNull></not><setOutcomeValue identifier="FEEDBACKBASIC"><baseValue baseType="identifier">incorrect</baseValue></setOutcomeValue></responseIf></responseCondition><responseCondition><responseIf><customOperator definition="MAXIMA" value="is(equal(ev($(1)),ev($(2))));"><variable identifier="RESPONSE_1409561847030" /><correct identifier="RESPONSE_1409561847030" /></customOperator><setOutcomeValue identifier="SCORE"><sum><variable identifier="SCORE" /><baseValue baseType="float">1</baseValue></sum></setOutcomeValue></responseIf></responseCondition><responseCondition><responseIf><not><isNull><variable identifier="RESPONSE_1409561847030" /></isNull></not><setOutcomeValue identifier="FEEDBACKBASIC"><baseValue baseType="identifier">incorrect</baseValue></setOutcomeValue></responseIf></responseCondition><responseCondition><responseIf><and><not><match><variable identifier="FEEDBACKBASIC" /><baseValue baseType="identifier">empty</baseValue></match></not><equal toleranceMode="exact"><variable identifier="SCORE" /><variable identifier="MAXSCORE" /></equal></and><setOutcomeValue identifier="FEEDBACKBASIC"><baseValue baseType="identifier">correct</baseValue></setOutcomeValue></responseIf></responseCondition><responseCondition><responseIf><and><match><baseValue baseType="identifier">correct</baseValue><variable identifier="FEEDBACKBASIC" /></match></and><setOutcomeValue identifier="FEEDBACKMODAL"><multiple><variable identifier="FEEDBACKMODAL" /><baseValue baseType="identifier">Feedback1864718134</baseValue></multiple></setOutcomeValue></responseIf></responseCondition><responseCondition><responseIf><and><match><baseValue baseType="identifier">incorrect</baseValue><variable identifier="FEEDBACKBASIC" /></match></and><setOutcomeValue identifier="FEEDBACKMODAL"><multiple><variable identifier="FEEDBACKMODAL" /><baseValue baseType="identifier">Feedback911223422</baseValue></multiple></setOutcomeValue></responseIf></responseCondition></responseProcessing><modalFeedback  identifier="Feedback1864718134" outcomeIdentifier="FEEDBACKMODAL" showHide="show" title="Richtig!"><p>Lösung:</p><p>$$1.\ Fall\ (x\geq <printedVariable identifier="b" />): \qquad\qquad <printedVariable identifier="a" />x-<printedVariable identifier="ab" />+x+<printedVariable identifier="c" /> <printedVariable identifier="relation" /> <printedVariable identifier="d" /> \;\iff\; x <printedVariable identifier="relation" /> \frac{<printedVariable identifier="d-c+ab" />}{<printedVariable identifier="a+1" />}\qquad\qquad\qquad\quad \Rightarrow\mathcal L_1 = \{x\in \mathbb R:x\geq <printedVariable identifier="b" />\} \cap \Big\{x\in \mathbb R : x <printedVariable identifier="relation" /> \frac{<printedVariable identifier="d-c+ab" />}{<printedVariable identifier="a+1" />} \Big\}$$</p><p>$$2.\ Fall\ (x\leq-<printedVariable identifier="c" />): \qquad\; -<printedVariable identifier="a" />x+<printedVariable identifier="ab" />-x-<printedVariable identifier="c" /> <printedVariable identifier="relation" /> <printedVariable identifier="d" /> \;\iff\; x <printedVariable identifier="help" /> \frac{<printedVariable identifier="s" />}{<printedVariable identifier="a+1" />}\qquad\qquad\qquad \Rightarrow\mathcal L_2 = \{x\in \mathbb R:x\leq -<printedVariable identifier="c" />\} \cap \Big\{x\in \mathbb R:x <printedVariable identifier="help" /> \frac{<printedVariable identifier="s" />}{<printedVariable identifier="a+1" />} \Big\}$$</p><p>$$3.\ Fall\ (x\in (-<printedVariable identifier="c" />,<printedVariable identifier="b" />)): \quad -<printedVariable identifier="a" />x+<printedVariable identifier="ab" />+x+<printedVariable identifier="c" /> <printedVariable identifier="relation" /> <printedVariable identifier="d" /> \;\iff\; x <printedVariable identifier="help" /> \frac{<printedVariable identifier="d-c-ab" />}{<printedVariable identifier="1-a" />}\qquad\qquad\qquad \Rightarrow\mathcal L_3 = \{x\in \mathbb R:-<printedVariable identifier="c" /> &lt; x &lt; <printedVariable identifier="b" />\} \cap \Big\{x\in \mathbb R:x <printedVariable identifier="help" /> \frac{<printedVariable identifier="d-c-ab" />}{<printedVariable identifier="1-a" />} \Big\}$$</p><p> </p><p>$$\implies \mathcal L = \mathcal L_1 \cup \mathcal L_2 \cup \mathcal L_3$$</p><p>$$\;\text{d.h.  Form <printedVariable identifier="form" /> mit} \;a=\frac{<printedVariable identifier="d-c-ab" />}{<printedVariable identifier="1-a" />}, \ b=\frac{<printedVariable identifier="d-c+ab" />}{<printedVariable identifier="a+1" />}.$$</p></modalFeedback><modalFeedback  identifier="Feedback911223422" outcomeIdentifier="FEEDBACKMODAL" showHide="show" title="Leider falsch!"><p>Lösung:</p><p>$$1.\ Fall\ (x\geq <printedVariable identifier="b" />): \qquad\qquad <printedVariable identifier="a" />x-<printedVariable identifier="ab" />+x+<printedVariable identifier="c" /> <printedVariable identifier="relation" /> <printedVariable identifier="d" /> \;\iff\; x <printedVariable identifier="relation" /> \frac{<printedVariable identifier="d-c+ab" />}{<printedVariable identifier="a+1" />}\qquad\qquad\qquad\quad \Rightarrow\mathcal L_1 = \{x\in \mathbb R:x\geq <printedVariable identifier="b" />\} \cap \Big\{x\in \mathbb R : x <printedVariable identifier="relation" /> \frac{<printedVariable identifier="d-c+ab" />}{<printedVariable identifier="a+1" />} \Big\}$$</p><p>$$2.\ Fall\ (x\leq-<printedVariable identifier="c" />): \qquad\; -<printedVariable identifier="a" />x+<printedVariable identifier="ab" />-x-<printedVariable identifier="c" /> <printedVariable identifier="relation" /> <printedVariable identifier="d" /> \;\iff\; x <printedVariable identifier="help" /> \frac{<printedVariable identifier="s" />}{<printedVariable identifier="a+1" />}\qquad\qquad\qquad \Rightarrow\mathcal L_2 = \{x\in \mathbb R:x\leq -<printedVariable identifier="c" />\} \cap \Big\{x\in \mathbb R:x <printedVariable identifier="help" /> \frac{<printedVariable identifier="s" />}{<printedVariable identifier="a+1" />} \Big\}$$</p><p>$$3.\ Fall\ (x\in (-<printedVariable identifier="c" />,<printedVariable identifier="b" />)): \quad -<printedVariable identifier="a" />x+<printedVariable identifier="ab" />+x+<printedVariable identifier="c" /> <printedVariable identifier="relation" /> <printedVariable identifier="d" /> \;\iff\; x <printedVariable identifier="help" /> \frac{<printedVariable identifier="d-c-ab" />}{<printedVariable identifier="1-a" />}\qquad\qquad\qquad \Rightarrow\mathcal L_3 = \{x\in \mathbb R:-<printedVariable identifier="c" /> &lt; x &lt; <printedVariable identifier="b" />\} \cap \Big\{x\in \mathbb R:x <printedVariable identifier="help" /> \frac{<printedVariable identifier="d-c-ab" />}{<printedVariable identifier="1-a" />} \Big\}$$</p><p> </p><p>$$\implies \mathcal L = \mathcal L_1 \cup \mathcal L_2 \cup \mathcal L_3$$</p><p>$$\;\text{d.h.  Form <printedVariable identifier="form" /> mit} \;a=\frac{<printedVariable identifier="d-c-ab" />}{<printedVariable identifier="1-a" />}, \ b=\frac{<printedVariable identifier="d-c+ab" />}{<printedVariable identifier="a+1" />}.$$</p></modalFeedback></assessmentItem>
