<?xml version="1.0" encoding="UTF-8"?>
<assessmentItem xmlns="http://www.imsglobal.org/xsd/imsqti_v2p1" xmlns:xsi="http://www.w3.org/2001/XMLSchema-instance" xsi:schemaLocation="http://www.imsglobal.org/xsd/imsqti_v2p1 http://www.imsglobal.org/xsd/qti/qtiv2p1/imsqti_v2p1p1.xsd http://www.w3.org/1998/Math/MathML http://www.w3.org/Math/XMLSchema/mathml2/mathml2.xsd" identifier="id01ca1969-effe-49b4-80eb-5ca37b5016a4" title="KombinatorikGrundformeln" adaptive="false" timeDependent="false"><responseDeclaration identifier="RESPONSE_1400072316468" cardinality="single" baseType="float"><correctResponse><value>0</value></correctResponse></responseDeclaration><responseDeclaration identifier="RESPONSE_1400072484109" cardinality="single" baseType="float"><correctResponse><value>0</value></correctResponse></responseDeclaration><responseDeclaration identifier="RESPONSE_1400072521961" cardinality="single" baseType="float"><correctResponse><value>0</value></correctResponse></responseDeclaration><responseDeclaration identifier="RESPONSE_1400072551559" cardinality="single" baseType="float"><correctResponse><value>0</value></correctResponse></responseDeclaration><responseDeclaration identifier="RESPONSE_1400072587306" cardinality="single" baseType="float"><correctResponse><value>0</value></correctResponse></responseDeclaration><outcomeDeclaration identifier="SCORE" cardinality="single" baseType="float"><defaultValue><value>0</value></defaultValue></outcomeDeclaration><outcomeDeclaration identifier="MAXSCORE" cardinality="single" baseType="float"><defaultValue><value>10</value></defaultValue></outcomeDeclaration><outcomeDeclaration identifier="FEEDBACKBASIC" cardinality="single" baseType="identifier" view="testConstructor"><defaultValue><value>empty</value></defaultValue></outcomeDeclaration><outcomeDeclaration identifier="FEEDBACKMODAL" cardinality="multiple" baseType="identifier" view="testConstructor" /><templateDeclaration identifier="i" cardinality="single" baseType="integer" /><templateDeclaration identifier="n" cardinality="single" baseType="integer" /><templateDeclaration identifier="ls" cardinality="single" baseType="integer" /><templateDeclaration identifier="t" cardinality="single" baseType="integer" /><templateDeclaration identifier="ts" cardinality="single" baseType="integer" /><templateDeclaration identifier="z" cardinality="single" baseType="integer" /><templateDeclaration identifier="zs" cardinality="single" baseType="integer" /><templateDeclaration identifier="y" cardinality="single" baseType="integer" /><templateDeclaration identifier="ys" cardinality="single" baseType="integer" /><templateDeclaration identifier="k" cardinality="single" baseType="integer" /><templateDeclaration identifier="s" cardinality="single" baseType="integer" /><templateProcessing><setTemplateValue identifier="i"><randomInteger min="2" max="6" /></setTemplateValue><setTemplateValue identifier="n"><randomInteger min="35" max="49" /></setTemplateValue><setTemplateValue identifier="ls"><customOperator definition="MAXIMA" value="float($(1)!/(($(2)-$(3))!*$(4)!));"><variable identifier="n" /><variable identifier="n" /><variable identifier="i" /><variable identifier="i" /></customOperator></setTemplateValue><setTemplateValue identifier="t"><randomInteger min="2" max="8" /></setTemplateValue><setTemplateValue identifier="ts"><customOperator definition="MAXIMA" value="float((5+$(1))!/($(2)!*((5+$(3))-$(4))!));"><variable identifier="t" /><variable identifier="t" /><variable identifier="t" /><variable identifier="t" /></customOperator></setTemplateValue><setTemplateValue identifier="z"><randomInteger min="2" max="6" /></setTemplateValue><setTemplateValue identifier="zs"><customOperator definition="MAXIMA" value="float(5^$(1));"><variable identifier="z" /></customOperator></setTemplateValue><setTemplateValue identifier="y"><randomInteger min="1" max="9" /></setTemplateValue><setTemplateValue identifier="ys"><customOperator definition="MAXIMA" value="float(6!/(3!*2!));" /></setTemplateValue><templateCondition><templateIf><match><variable identifier="y" /><baseValue baseType="integer">1</baseValue></match><setTemplateValue identifier="ys"><customOperator definition="MAXIMA" value="float(6!/(4!*2!));" /></setTemplateValue></templateIf></templateCondition><templateCondition><templateIf><match><variable identifier="y" /><baseValue baseType="integer">5</baseValue></match><setTemplateValue identifier="ys"><customOperator definition="MAXIMA" value="float(6!/(3!*3!));" /></setTemplateValue></templateIf></templateCondition><setTemplateValue identifier="k"><randomInteger min="2" max="8" /></setTemplateValue><setTemplateValue identifier="s"><customOperator definition="MAXIMA" value="float(10!/(10-$(1))!-9!/(9-$(2)+1)!);"><variable identifier="k" /><variable identifier="k" /></customOperator></setTemplateValue><setCorrectResponse identifier="RESPONSE_1400072316468"><variable identifier="s" /></setCorrectResponse><setCorrectResponse identifier="RESPONSE_1400072484109"><variable identifier="ls" /></setCorrectResponse><setCorrectResponse identifier="RESPONSE_1400072521961"><variable identifier="ts" /></setCorrectResponse><setCorrectResponse identifier="RESPONSE_1400072551559"><variable identifier="ys" /></setCorrectResponse><setCorrectResponse identifier="RESPONSE_1400072587306"><variable identifier="zs" /></setCorrectResponse></templateProcessing><itemBody ><p><p><p>Geben Sie bitte alle Ergebnisse in ganzen Zahlen an.</p><p>a) Wie viele verschiedene <printedVariable identifier="k" />-stellige Zahlen (mit lauter verschiedenen Ziffern) können aus den Ziffern 0,1,2,3,4,5,6,7,8,9 gebildet werden? Beachte dass eine <printedVariable identifier="k" />-stellige Zahl keine fühernde Null links haben darf, z.B. ist die Zahl 01234 keine 5 -stellige Zahl, wohl aber 10234. </p><p>       \(n_a\)= <textEntryInteraction responseIdentifier="RESPONSE_1400072316468" expectedLength="8" /></p><p> </p><p>b) Eine Studentengruppe führt ihr eigenes Lotto durch. Es werden bei einer Ziehung <printedVariable identifier="i" /> Kugeln aus <printedVariable identifier="n" /> Kugeln gezogen.  Wie viele Tippscheine muss man mindestens abgeben, um beim diesem Lotto mit absoluter Sicherheit einen <printedVariable identifier="i" />'er Treffer zu erzielen?</p><p>       \(n_b\)= <textEntryInteraction responseIdentifier="RESPONSE_1400072484109" /></p><p>c) Wie groß ist die Anzahl der verschiedenen Würfe beim Würfeln mit <printedVariable identifier="t" /> (äußerlich gleichen, gleichzeitig geworfenen) Würfeln? Beachte, dass hier verschiedene Ereignisse zum selben Wurf führen können.</p><p>       \(n_c\)= <textEntryInteraction responseIdentifier="RESPONSE_1400072521961" /></p><p>d) Wie viele verschiedene sechsstellige Zahlen kann man aus den Ziffern 1; <printedVariable identifier="y" />; 1; 5; 1;5  bilden?</p><p>Verwende für jede sechstellige Zahl jede Ziffer so oft wie sie in der obigen Aufzählung auftaucht.</p><p>       \(n_d\)= <textEntryInteraction responseIdentifier="RESPONSE_1400072551559" /></p><p>e) Wie viele verschiedene <printedVariable identifier="z" />-stellige natürliche Zahlen gibt es, deren Dezimaldarstellung nur ungerade Ziffern enthält?</p><p>       \(n_e\)= <textEntryInteraction responseIdentifier="RESPONSE_1400072587306" /></p></p></p></itemBody><responseProcessing><responseCondition><responseIf><equal toleranceMode="exact"><variable identifier="RESPONSE_1400072316468" /><correct identifier="RESPONSE_1400072316468" /></equal><setOutcomeValue identifier="SCORE"><sum><variable identifier="SCORE" /><baseValue baseType="float">2</baseValue></sum></setOutcomeValue></responseIf></responseCondition><responseCondition><responseIf><not><isNull><variable identifier="RESPONSE_1400072316468" /></isNull></not><setOutcomeValue identifier="FEEDBACKBASIC"><baseValue baseType="identifier">incorrect</baseValue></setOutcomeValue></responseIf></responseCondition><responseCondition><responseIf><equal toleranceMode="exact"><variable identifier="RESPONSE_1400072484109" /><correct identifier="RESPONSE_1400072484109" /></equal><setOutcomeValue identifier="SCORE"><sum><variable identifier="SCORE" /><baseValue baseType="float">2</baseValue></sum></setOutcomeValue></responseIf></responseCondition><responseCondition><responseIf><not><isNull><variable identifier="RESPONSE_1400072484109" /></isNull></not><setOutcomeValue identifier="FEEDBACKBASIC"><baseValue baseType="identifier">incorrect</baseValue></setOutcomeValue></responseIf></responseCondition><responseCondition><responseIf><equal toleranceMode="exact"><variable identifier="RESPONSE_1400072521961" /><correct identifier="RESPONSE_1400072521961" /></equal><setOutcomeValue identifier="SCORE"><sum><variable identifier="SCORE" /><baseValue baseType="float">2</baseValue></sum></setOutcomeValue></responseIf></responseCondition><responseCondition><responseIf><not><isNull><variable identifier="RESPONSE_1400072521961" /></isNull></not><setOutcomeValue identifier="FEEDBACKBASIC"><baseValue baseType="identifier">incorrect</baseValue></setOutcomeValue></responseIf></responseCondition><responseCondition><responseIf><equal toleranceMode="exact"><variable identifier="RESPONSE_1400072551559" /><correct identifier="RESPONSE_1400072551559" /></equal><setOutcomeValue identifier="SCORE"><sum><variable identifier="SCORE" /><baseValue baseType="float">2</baseValue></sum></setOutcomeValue></responseIf></responseCondition><responseCondition><responseIf><not><isNull><variable identifier="RESPONSE_1400072551559" /></isNull></not><setOutcomeValue identifier="FEEDBACKBASIC"><baseValue baseType="identifier">incorrect</baseValue></setOutcomeValue></responseIf></responseCondition><responseCondition><responseIf><equal toleranceMode="exact"><variable identifier="RESPONSE_1400072587306" /><correct identifier="RESPONSE_1400072587306" /></equal><setOutcomeValue identifier="SCORE"><sum><variable identifier="SCORE" /><baseValue baseType="float">2</baseValue></sum></setOutcomeValue></responseIf></responseCondition><responseCondition><responseIf><not><isNull><variable identifier="RESPONSE_1400072587306" /></isNull></not><setOutcomeValue identifier="FEEDBACKBASIC"><baseValue baseType="identifier">incorrect</baseValue></setOutcomeValue></responseIf></responseCondition><responseCondition><responseIf><and><not><match><variable identifier="FEEDBACKBASIC" /><baseValue baseType="identifier">empty</baseValue></match></not><equal toleranceMode="exact"><variable identifier="SCORE" /><variable identifier="MAXSCORE" /></equal></and><setOutcomeValue identifier="FEEDBACKBASIC"><baseValue baseType="identifier">correct</baseValue></setOutcomeValue></responseIf></responseCondition><responseCondition><responseIf><and><match><baseValue baseType="identifier">correct</baseValue><variable identifier="FEEDBACKBASIC" /></match></and><setOutcomeValue identifier="FEEDBACKMODAL"><multiple><variable identifier="FEEDBACKMODAL" /><baseValue baseType="identifier">Feedback635257889</baseValue></multiple></setOutcomeValue></responseIf></responseCondition><responseCondition><responseIf><and><match><baseValue baseType="identifier">incorrect</baseValue><variable identifier="FEEDBACKBASIC" /></match></and><setOutcomeValue identifier="FEEDBACKMODAL"><multiple><variable identifier="FEEDBACKMODAL" /><baseValue baseType="identifier">Feedback1638131186</baseValue></multiple></setOutcomeValue></responseIf></responseCondition></responseProcessing><modalFeedback  identifier="Feedback635257889" outcomeIdentifier="FEEDBACKMODAL" showHide="show"><p><strong>Ihre Lösungen zur Aufgabe 8.1 sind zu den Eich Lösungen äquivalent. Volle Punkte für diese Aufgabe.</strong></p></modalFeedback><modalFeedback  identifier="Feedback1638131186" outcomeIdentifier="FEEDBACKMODAL" showHide="show"><p><strong>Ihre Lösung für mindestens eine der Lücken zu Aufgabe 8.1 war nicht äquivalent zur Eich Lösung. Es gab einen Punkteabzug.</strong></p><p> </p><p><strong>Lösungsansätze:</strong></p><p><strong>zu 8.1a): Verwende die Formel <span style="text-decoration: underline;">Variation ohne Wiederholung</span> zweimal und subtrahiere.<br /></strong></p><p><strong>zu 8.1b): Verwende die Formel <span style="text-decoration: underline;">Kombination ohne Wiederholung</span>.<br /></strong></p><p><strong>zu 8.1c): Verwende die Formel  <span style="text-decoration: underline;">Kombination mit Wiederholung.</span><br /></strong></p><p><strong>zu 8.1d): Verwende die Formel  <span style="text-decoration: underline;">Permutation mit Wiederholung.</span><br /></strong></p><p><strong>zu 8.1e): Verwende die Formel <span style="text-decoration: underline;">Variation mit Wiederholung. </span></strong></p></modalFeedback></assessmentItem>
