<?xml version="1.0" encoding="UTF-8"?>
<assessmentItem xmlns="http://www.imsglobal.org/xsd/imsqti_v2p1" xmlns:xsi="http://www.w3.org/2001/XMLSchema-instance" xsi:schemaLocation="http://www.imsglobal.org/xsd/imsqti_v2p1 imsqti_v2p1.xsd" identifier="idd877f149-d96f-4acf-8481-664bc8f01a85" title="1. Grundlagen Projektmanagement" adaptive="false" timeDependent="false"><responseDeclaration identifier="RESPONSE_1" cardinality="multiple" baseType="identifier"><correctResponse><value>id7d4e62e9-562c-4aee-929a-ca5091c7e3f7</value><value>id2fffb4b2-190c-4b2a-be24-2d09649c2cba</value><value>id4df76623-9128-44f4-b034-a7bbf3214e5c</value><value>id5340ce42-02e2-4ed6-85f3-4f640ac7a8e1</value><value>id48113efa-f879-4a22-a959-fb9efe14343c</value></correctResponse><mapping defaultValue="0" lowerBound="0.0"><mapEntry mapKey="id7d4e62e9-562c-4aee-929a-ca5091c7e3f7" mappedValue="1.0" /><mapEntry mapKey="id0034d988-76b2-4f47-b564-2b1196a2259e" mappedValue="-1.0" /><mapEntry mapKey="id2fffb4b2-190c-4b2a-be24-2d09649c2cba" mappedValue="1.0" /><mapEntry mapKey="id9375b586-ae9b-45c0-9568-a6be2f0798a4" mappedValue="-1.0" /><mapEntry mapKey="id4df76623-9128-44f4-b034-a7bbf3214e5c" mappedValue="1.0" /><mapEntry mapKey="id10c13763-5324-4495-ace8-26b941c49f7d" mappedValue="-1.0" /><mapEntry mapKey="id5340ce42-02e2-4ed6-85f3-4f640ac7a8e1" mappedValue="1.0" /><mapEntry mapKey="id48113efa-f879-4a22-a959-fb9efe14343c" mappedValue="1.0" /><mapEntry mapKey="id52599a4f-72f3-4fce-a2a0-a696b1775d75" mappedValue="-1.0" /></mapping></responseDeclaration><outcomeDeclaration identifier="SCORE" cardinality="single" baseType="float"><defaultValue><value>0</value></defaultValue></outcomeDeclaration><outcomeDeclaration identifier="MAXSCORE" cardinality="single" baseType="float"><defaultValue><value>5</value></defaultValue></outcomeDeclaration><outcomeDeclaration identifier="FEEDBACKBASIC" cardinality="single" baseType="identifier" view="testConstructor"><defaultValue><value>empty</value></defaultValue></outcomeDeclaration><itemBody><p xmlns=""><strong>Wie ist ein Projekt charakterisiert</strong>?</p><p xmlns="">(Klicken Sie die richtige(n) Antwort(en) an)</p><p xmlns=""> </p><p xmlns="">Antwort:</p><choiceInteraction responseIdentifier="RESPONSE_1" shuffle="false" maxChoices="0"><simpleChoice identifier="id7d4e62e9-562c-4aee-929a-ca5091c7e3f7"><p xmlns="">Ein Projekt ist ein einmaliges Vorhaben</p></simpleChoice><simpleChoice identifier="id0034d988-76b2-4f47-b564-2b1196a2259e"><p xmlns="">Ein Projekt ist ein sich wiederholendes Vorhaben</p></simpleChoice><simpleChoice identifier="id2fffb4b2-190c-4b2a-be24-2d09649c2cba"><p xmlns="">Ein Projekt hat ein eindeutiges Ziel</p></simpleChoice><simpleChoice identifier="id9375b586-ae9b-45c0-9568-a6be2f0798a4"><p xmlns="">Ein Projekt hat mehrere, sich wechselnde Ziele</p></simpleChoice><simpleChoice identifier="id4df76623-9128-44f4-b034-a7bbf3214e5c"><p xmlns="">Die Laufzeit eines Projekts ist stets zeitlich befristet</p></simpleChoice><simpleChoice identifier="id10c13763-5324-4495-ace8-26b941c49f7d"><p xmlns="">Die Laufzeit eines Projekts ist meist unbefristet</p></simpleChoice><simpleChoice identifier="id5340ce42-02e2-4ed6-85f3-4f640ac7a8e1"><p xmlns="">Ein Projekt verfügt über eigene, begrenzte Ressourcen</p></simpleChoice><simpleChoice identifier="id48113efa-f879-4a22-a959-fb9efe14343c"><p xmlns="">Ein Projekt ist in der Regel komplex und interdisziplinär</p></simpleChoice><simpleChoice identifier="id52599a4f-72f3-4fce-a2a0-a696b1775d75"><p xmlns="">Ein Projekt ist stets einfach und überschaubar</p></simpleChoice></choiceInteraction></itemBody><responseProcessing><responseCondition><responseIf><not><isNull><variable identifier="RESPONSE_1" /></isNull></not><setOutcomeValue identifier="SCORE"><sum><variable identifier="SCORE" /><mapResponse identifier="RESPONSE_1" /></sum></setOutcomeValue><setOutcomeValue identifier="FEEDBACKBASIC"><baseValue baseType="identifier">incorrect</baseValue></setOutcomeValue></responseIf></responseCondition><responseCondition><responseIf><and><not><match><variable identifier="FEEDBACKBASIC" /><baseValue baseType="identifier">empty</baseValue></match></not><equal toleranceMode="exact"><variable identifier="SCORE" /><variable identifier="MAXSCORE" /></equal></and><setOutcomeValue identifier="FEEDBACKBASIC"><baseValue baseType="identifier">correct</baseValue></setOutcomeValue></responseIf></responseCondition></responseProcessing></assessmentItem>
