<?xml version="1.0" encoding="UTF-8"?>
<assessmentItem xmlns="http://www.imsglobal.org/xsd/imsqti_v2p1" xmlns:xsi="http://www.w3.org/2001/XMLSchema-instance" xsi:schemaLocation="http://www.imsglobal.org/xsd/imsqti_v2p1 http://www.imsglobal.org/xsd/qti/qtiv2p1/imsqti_v2p1p1.xsd http://www.w3.org/1998/Math/MathML http://www.w3.org/Math/XMLSchema/mathml2/mathml2.xsd" identifier="ide82286a5-e238-452e-a407-61d25f2d4479" title="wahrscheinlichkeit_würfel_01" adaptive="false" timeDependent="false"><responseDeclaration identifier="RESPONSE_1415283219398" cardinality="single" baseType="string" /><responseDeclaration identifier="RESPONSE_1415283227238" cardinality="single" baseType="string" /><responseDeclaration identifier="RESPONSE_1415283229768" cardinality="single" baseType="string" /><responseDeclaration identifier="RESPONSE_1415283233559" cardinality="single" baseType="string" /><responseDeclaration identifier="RESPONSE_1415283237378" cardinality="single" baseType="string" /><responseDeclaration identifier="RESPONSE_1415283240358" cardinality="single" baseType="string" /><outcomeDeclaration identifier="SCORE" cardinality="single" baseType="float"><defaultValue><value>0</value></defaultValue></outcomeDeclaration><outcomeDeclaration identifier="MAXSCORE" cardinality="single" baseType="float"><defaultValue><value>3</value></defaultValue></outcomeDeclaration><outcomeDeclaration identifier="FEEDBACKBASIC" cardinality="single" baseType="identifier" view="testConstructor"><defaultValue><value>empty</value></defaultValue></outcomeDeclaration><outcomeDeclaration identifier="FEEDBACKMODAL" cardinality="multiple" baseType="identifier" view="testConstructor" /><templateProcessing><setCorrectResponse identifier="RESPONSE_1415283219398"><customOperator definition="VARIABLESTRING" value="" /></setCorrectResponse><setCorrectResponse identifier="RESPONSE_1415283227238"><customOperator definition="VARIABLESTRING" value="" /></setCorrectResponse><setCorrectResponse identifier="RESPONSE_1415283229768"><customOperator definition="VARIABLESTRING" value="" /></setCorrectResponse><setCorrectResponse identifier="RESPONSE_1415283233559"><customOperator definition="VARIABLESTRING" value="" /></setCorrectResponse><setCorrectResponse identifier="RESPONSE_1415283237378"><customOperator definition="VARIABLESTRING" value="" /></setCorrectResponse><setCorrectResponse identifier="RESPONSE_1415283240358"><customOperator definition="VARIABLESTRING" value="" /></setCorrectResponse></templateProcessing><itemBody ><p>Ein idealer Würfel wird einmal geworfen. Bestimmen Sie die Wahrscheinlichkeiten folgender Ereignisse!</p><p><strong>Hinweis:  </strong>Sie können Brüche wiefolgt eingeben: \(\frac xy =\) <strong>x/y</strong>. Geben Sie bitte <strong>keine Kommazahlen</strong> ein!</p><p> </p><p>\(\quad A:\) „Der Würfel zeigt eine gerade Zahl.“ \(\qquad\qquad\qquad\qquad\qquad\qquad\qquad P(A)=\) <textEntryInteraction responseIdentifier="RESPONSE_1415283219398" expectedLength="5" /></p><p>\(\quad B:\) „Die Augenzahl ist kleiner 7.“ \(\qquad\qquad\qquad\qquad\qquad\qquad\qquad\qquad\quad P(B)=\) <textEntryInteraction responseIdentifier="RESPONSE_1415283227238" expectedLength="5" /></p><p>\(\quad C:\) „Die Augenzahl ist 8.“ \(\qquad\qquad\qquad\qquad\qquad\qquad\qquad\qquad\qquad\qquad P(C)=\) <textEntryInteraction responseIdentifier="RESPONSE_1415283229768" expectedLength="5" /></p><p>\(\quad D:\) „Es fällt die 2 oder die 5.“ \(\qquad\qquad\qquad\qquad\qquad\qquad\qquad\qquad\qquad P(D)=\) <textEntryInteraction responseIdentifier="RESPONSE_1415283233559" expectedLength="5" /></p><p>\(\quad E:\) „Der Würfel zeigt eine Primzahl.“ \(\qquad\qquad\qquad\qquad\qquad\qquad\qquad\quad P(E)=\) <textEntryInteraction responseIdentifier="RESPONSE_1415283237378" expectedLength="5" /></p><p>\(\quad F:\) „Es fällt eine ungerade oder eine durch 3 teilbare Zahl.“ \(\qquad\qquad\qquad P(F) =\) <textEntryInteraction responseIdentifier="RESPONSE_1415283240358" expectedLength="5" /></p></itemBody><responseProcessing><responseCondition><responseIf><customOperator definition="MAXIMA" value="is(equal(ev($(1)),ev(1/2)));"><variable identifier="RESPONSE_1415283219398" /><correct identifier="RESPONSE_1415283219398" /></customOperator><setOutcomeValue identifier="SCORE"><sum><variable identifier="SCORE" /><baseValue baseType="float">0.5</baseValue></sum></setOutcomeValue></responseIf></responseCondition><responseCondition><responseIf><not><isNull><variable identifier="RESPONSE_1415283219398" /></isNull></not><setOutcomeValue identifier="FEEDBACKBASIC"><baseValue baseType="identifier">incorrect</baseValue></setOutcomeValue></responseIf></responseCondition><responseCondition><responseIf><customOperator definition="MAXIMA" value="is(equal(ev($(1)),ev(1)));"><variable identifier="RESPONSE_1415283227238" /><correct identifier="RESPONSE_1415283227238" /></customOperator><setOutcomeValue identifier="SCORE"><sum><variable identifier="SCORE" /><baseValue baseType="float">0.5</baseValue></sum></setOutcomeValue></responseIf></responseCondition><responseCondition><responseIf><not><isNull><variable identifier="RESPONSE_1415283227238" /></isNull></not><setOutcomeValue identifier="FEEDBACKBASIC"><baseValue baseType="identifier">incorrect</baseValue></setOutcomeValue></responseIf></responseCondition><responseCondition><responseIf><customOperator definition="MAXIMA" value="is(equal(ev($(1)),ev(0)));"><variable identifier="RESPONSE_1415283229768" /><correct identifier="RESPONSE_1415283229768" /></customOperator><setOutcomeValue identifier="SCORE"><sum><variable identifier="SCORE" /><baseValue baseType="float">0.5</baseValue></sum></setOutcomeValue></responseIf></responseCondition><responseCondition><responseIf><not><isNull><variable identifier="RESPONSE_1415283229768" /></isNull></not><setOutcomeValue identifier="FEEDBACKBASIC"><baseValue baseType="identifier">incorrect</baseValue></setOutcomeValue></responseIf></responseCondition><responseCondition><responseIf><customOperator definition="MAXIMA" value="is(equal(ev($(1)),ev(1/3)));"><variable identifier="RESPONSE_1415283233559" /><correct identifier="RESPONSE_1415283233559" /></customOperator><setOutcomeValue identifier="SCORE"><sum><variable identifier="SCORE" /><baseValue baseType="float">0.5</baseValue></sum></setOutcomeValue></responseIf></responseCondition><responseCondition><responseIf><not><isNull><variable identifier="RESPONSE_1415283233559" /></isNull></not><setOutcomeValue identifier="FEEDBACKBASIC"><baseValue baseType="identifier">incorrect</baseValue></setOutcomeValue></responseIf></responseCondition><responseCondition><responseIf><customOperator definition="MAXIMA" value="is(equal(ev($(1)),ev(1/2)));"><variable identifier="RESPONSE_1415283237378" /><correct identifier="RESPONSE_1415283237378" /></customOperator><setOutcomeValue identifier="SCORE"><sum><variable identifier="SCORE" /><baseValue baseType="float">0.5</baseValue></sum></setOutcomeValue></responseIf></responseCondition><responseCondition><responseIf><not><isNull><variable identifier="RESPONSE_1415283237378" /></isNull></not><setOutcomeValue identifier="FEEDBACKBASIC"><baseValue baseType="identifier">incorrect</baseValue></setOutcomeValue></responseIf></responseCondition><responseCondition><responseIf><customOperator definition="MAXIMA" value="is(equal(ev($(1)),ev(2/3)));"><variable identifier="RESPONSE_1415283240358" /><correct identifier="RESPONSE_1415283240358" /></customOperator><setOutcomeValue identifier="SCORE"><sum><variable identifier="SCORE" /><baseValue baseType="float">0.5</baseValue></sum></setOutcomeValue></responseIf></responseCondition><responseCondition><responseIf><not><isNull><variable identifier="RESPONSE_1415283240358" /></isNull></not><setOutcomeValue identifier="FEEDBACKBASIC"><baseValue baseType="identifier">incorrect</baseValue></setOutcomeValue></responseIf></responseCondition><responseCondition><responseIf><and><not><match><variable identifier="FEEDBACKBASIC" /><baseValue baseType="identifier">empty</baseValue></match></not><equal toleranceMode="exact"><variable identifier="SCORE" /><variable identifier="MAXSCORE" /></equal></and><setOutcomeValue identifier="FEEDBACKBASIC"><baseValue baseType="identifier">correct</baseValue></setOutcomeValue></responseIf></responseCondition><responseCondition><responseIf><and><match><baseValue baseType="identifier">correct</baseValue><variable identifier="FEEDBACKBASIC" /></match></and><setOutcomeValue identifier="FEEDBACKMODAL"><multiple><variable identifier="FEEDBACKMODAL" /><baseValue baseType="identifier">Feedback946657444</baseValue></multiple></setOutcomeValue></responseIf></responseCondition><responseCondition><responseIf><and><match><baseValue baseType="identifier">incorrect</baseValue><variable identifier="FEEDBACKBASIC" /></match></and><setOutcomeValue identifier="FEEDBACKMODAL"><multiple><variable identifier="FEEDBACKMODAL" /><baseValue baseType="identifier">Feedback1577728384</baseValue></multiple></setOutcomeValue></responseIf></responseCondition></responseProcessing><modalFeedback  identifier="Feedback946657444" outcomeIdentifier="FEEDBACKMODAL" showHide="show" title="Richtig!" /><modalFeedback  identifier="Feedback1577728384" outcomeIdentifier="FEEDBACKMODAL" showHide="show" title="Leider falsch!"><p>Lösung:</p><p>\(A=\{2,4,6\} \qquad\qquad \Rightarrow P(A)= \frac12\)</p><p>\(B=\{1,2,3,4,5,6\} \quad \Rightarrow P(B)= 1\)</p><p>\(C=\{ \} \qquad\qquad\qquad\; \Rightarrow P(C)= 0\)</p><p>\(D=\{2,5\} \qquad\qquad\;\;\ \Rightarrow P(D) = \frac 13\)</p><p>\(E=\{2,3,5\} \qquad\qquad \Rightarrow P(E) = \frac 12\)</p><p>\(F=\{1,3,5,6\} \qquad\quad \Rightarrow P(F) = \frac 23\)</p></modalFeedback></assessmentItem>
