<?xml version="1.0" encoding="UTF-8"?>
<assessmentItem xmlns="http://www.imsglobal.org/xsd/imsqti_v2p1" xmlns:xsi="http://www.w3.org/2001/XMLSchema-instance" xsi:schemaLocation="http://www.imsglobal.org/xsd/imsqti_v2p1 http://www.imsglobal.org/xsd/qti/qtiv2p1/imsqti_v2p1p1.xsd http://www.w3.org/1998/Math/MathML http://www.w3.org/Math/XMLSchema/mathml2/mathml2.xsd" identifier="id78ce951c-b681-4142-be44-4d752a6c07f4" title="stammfunktion_gauss_graphisch_01" adaptive="false" timeDependent="false"><responseDeclaration identifier="RESPONSE_1" cardinality="single" baseType="identifier"><correctResponse><value>id2c19e2e6-c9c3-425f-a8f1-be0bc0b36029</value></correctResponse></responseDeclaration><outcomeDeclaration identifier="SCORE" cardinality="single" baseType="float"><defaultValue><value>0</value></defaultValue></outcomeDeclaration><outcomeDeclaration identifier="MAXSCORE" cardinality="single" baseType="float"><defaultValue><value>1</value></defaultValue></outcomeDeclaration><outcomeDeclaration identifier="FEEDBACKBASIC" cardinality="single" baseType="identifier"><defaultValue><value>empty</value></defaultValue></outcomeDeclaration><itemBody ><p>Eine der in rot skizzierten Funktionen ist eine Stammfunktion der in blau dargestellten Funktion! Welche ist es?</p><choiceInteraction responseIdentifier="RESPONSE_1" shuffle="true" maxChoices="1" orientation="horizontal"><simpleChoice identifier="id2c19e2e6-c9c3-425f-a8f1-be0bc0b36029"><p><img src="media%2Fmedium422538813195261264stammfunktion_gauss_01.png" alt="" width="400" height="300" /></p></simpleChoice><simpleChoice identifier="id37007131-553f-4c40-bb43-914309dec952"><p><img src="media%2Fmedium8966483424469044465stammfunktion_gauss_02.png" alt="" height="300" /></p></simpleChoice><simpleChoice identifier="id9e18c70a-a2c2-4166-a497-90aa0f7ddf3c"><p><img src="media%2Fmedium2923215432946477447stammfunktion_gauss_03.png" alt="" height="300" /></p></simpleChoice><simpleChoice identifier="idc6095fd5-d57c-41a2-abab-faa8e785c5c6"><p><img src="media%2Fmedium1963189379203274929stammfunktion_gauss_04.png" alt="" height="300" /></p></simpleChoice></choiceInteraction></itemBody><responseProcessing><responseCondition><responseIf><isNull><variable identifier="RESPONSE_1" /></isNull><setOutcomeValue identifier="FEEDBACKBASIC"><baseValue baseType="identifier">empty</baseValue></setOutcomeValue></responseIf><responseElseIf><match><variable identifier="RESPONSE_1" /><correct identifier="RESPONSE_1" /></match><setOutcomeValue identifier="SCORE"><sum><variable identifier="SCORE" /><variable identifier="MAXSCORE" /></sum></setOutcomeValue><setOutcomeValue identifier="FEEDBACKBASIC"><baseValue baseType="identifier">correct</baseValue></setOutcomeValue></responseElseIf><responseElse><setOutcomeValue identifier="FEEDBACKBASIC"><baseValue baseType="identifier">incorrect</baseValue></setOutcomeValue></responseElse></responseCondition></responseProcessing></assessmentItem>
