<?xml version="1.0" encoding="UTF-8"?>
<assessmentItem xmlns="http://www.imsglobal.org/xsd/imsqti_v2p1" xmlns:xsi="http://www.w3.org/2001/XMLSchema-instance" xsi:schemaLocation="http://www.imsglobal.org/xsd/imsqti_v2p1 http://www.imsglobal.org/xsd/qti/qtiv2p1/imsqti_v2p1p1.xsd http://www.w3.org/1998/Math/MathML http://www.w3.org/Math/XMLSchema/mathml2/mathml2.xsd" identifier="id6dd4c6ff-2bd2-44aa-bef8-06ab1c5503cc" title="textaufgabe_studenten" adaptive="false" timeDependent="false"><responseDeclaration identifier="RESPONSE_1417698230165" cardinality="single" baseType="float"><correctResponse><value>0</value></correctResponse></responseDeclaration><outcomeDeclaration identifier="SCORE" cardinality="single" baseType="float"><defaultValue><value>0</value></defaultValue></outcomeDeclaration><outcomeDeclaration identifier="MAXSCORE" cardinality="single" baseType="float"><defaultValue><value>1</value></defaultValue></outcomeDeclaration><outcomeDeclaration identifier="FEEDBACKBASIC" cardinality="single" baseType="identifier" view="testConstructor"><defaultValue><value>empty</value></defaultValue></outcomeDeclaration><outcomeDeclaration identifier="FEEDBACKMODAL" cardinality="multiple" baseType="identifier" view="testConstructor" /><templateDeclaration identifier="a1" cardinality="single" baseType="integer" /><templateDeclaration identifier="a2" cardinality="single" baseType="integer" /><templateDeclaration identifier="a3" cardinality="single" baseType="integer" /><templateDeclaration identifier="a4" cardinality="single" baseType="integer" /><templateDeclaration identifier="lsg" cardinality="single" baseType="integer" /><templateProcessing><setTemplateValue identifier="a1"><random><multiple><baseValue baseType="integer">400</baseValue><baseValue baseType="integer">420</baseValue><baseValue baseType="integer">440</baseValue><baseValue baseType="integer">460</baseValue><baseValue baseType="integer">480</baseValue><baseValue baseType="integer">500</baseValue><baseValue baseType="integer">520</baseValue><baseValue baseType="integer">540</baseValue><baseValue baseType="integer">560</baseValue></multiple></random></setTemplateValue><setTemplateValue identifier="a2"><random><multiple><baseValue baseType="integer">100</baseValue><baseValue baseType="integer">110</baseValue><baseValue baseType="integer">120</baseValue><baseValue baseType="integer">130</baseValue><baseValue baseType="integer">140</baseValue><baseValue baseType="integer">150</baseValue><baseValue baseType="integer">160</baseValue><baseValue baseType="integer">170</baseValue><baseValue baseType="integer">180</baseValue></multiple></random></setTemplateValue><setTemplateValue identifier="a3"><random><multiple><baseValue baseType="integer">300</baseValue><baseValue baseType="integer">310</baseValue><baseValue baseType="integer">320</baseValue><baseValue baseType="integer">330</baseValue><baseValue baseType="integer">340</baseValue><baseValue baseType="integer">350</baseValue><baseValue baseType="integer">360</baseValue><baseValue baseType="integer">370</baseValue><baseValue baseType="integer">380</baseValue></multiple></random></setTemplateValue><setTemplateValue identifier="a4"><random><multiple><baseValue baseType="integer">230</baseValue><baseValue baseType="integer">240</baseValue><baseValue baseType="integer">250</baseValue><baseValue baseType="integer">260</baseValue><baseValue baseType="integer">270</baseValue><baseValue baseType="integer">280</baseValue><baseValue baseType="integer">290</baseValue><baseValue baseType="integer">300</baseValue></multiple></random></setTemplateValue><setTemplateValue identifier="lsg"><customOperator definition="MAXIMA" value="float(($(1)+$(2)-$(3))/2);"><variable identifier="a2" /><variable identifier="a3" /><variable identifier="a4" /></customOperator></setTemplateValue><setCorrectResponse identifier="RESPONSE_1417698230165"><variable identifier="lsg" /></setCorrectResponse></templateProcessing><itemBody ><p><strong>Lösen Sie mithilfe eines Gleichungssystems!</strong></p><p>Unter den <printedVariable identifier="a1" /> Studierenden in einem Hörsaal sind <printedVariable identifier="a3" /> weiblich und <printedVariable identifier="a2" /> rauchen.</p><p>Die Menge der Männer, die rauchen, und der Frauen, welche nicht rauchen, umfasst <printedVariable identifier="a4" /> Personen.</p><p>Wieviele Raucherinnen sitzen im Hörsaal?     <textEntryInteraction responseIdentifier="RESPONSE_1417698230165" expectedLength="4" /></p></itemBody><responseProcessing><responseCondition><responseIf><equal toleranceMode="exact"><variable identifier="RESPONSE_1417698230165" /><correct identifier="RESPONSE_1417698230165" /></equal><setOutcomeValue identifier="SCORE"><sum><variable identifier="SCORE" /><baseValue baseType="float">1</baseValue></sum></setOutcomeValue></responseIf></responseCondition><responseCondition><responseIf><not><isNull><variable identifier="RESPONSE_1417698230165" /></isNull></not><setOutcomeValue identifier="FEEDBACKBASIC"><baseValue baseType="identifier">incorrect</baseValue></setOutcomeValue></responseIf></responseCondition><responseCondition><responseIf><and><not><match><variable identifier="FEEDBACKBASIC" /><baseValue baseType="identifier">empty</baseValue></match></not><equal toleranceMode="exact"><variable identifier="SCORE" /><variable identifier="MAXSCORE" /></equal></and><setOutcomeValue identifier="FEEDBACKBASIC"><baseValue baseType="identifier">correct</baseValue></setOutcomeValue></responseIf></responseCondition><responseCondition><responseIf><and><match><baseValue baseType="identifier">correct</baseValue><variable identifier="FEEDBACKBASIC" /></match></and><setOutcomeValue identifier="FEEDBACKMODAL"><multiple><variable identifier="FEEDBACKMODAL" /><baseValue baseType="identifier">Feedback2029412087</baseValue></multiple></setOutcomeValue></responseIf></responseCondition><responseCondition><responseIf><and><match><baseValue baseType="identifier">incorrect</baseValue><variable identifier="FEEDBACKBASIC" /></match></and><setOutcomeValue identifier="FEEDBACKMODAL"><multiple><variable identifier="FEEDBACKMODAL" /><baseValue baseType="identifier">Feedback631170571</baseValue></multiple></setOutcomeValue></responseIf></responseCondition></responseProcessing><modalFeedback  identifier="Feedback2029412087" outcomeIdentifier="FEEDBACKMODAL" showHide="show" title="Richtig!"><p> \(r_m - \) Raucher                                      \(r_w - \) Raucherinnen</p><p> \(n_m - \) Nichtraucher                                \(n_w - \) Nichtraucherinnen</p><p> </p><p>D.h. wir suchen die Lösung des folgenden Gleichungssystems:</p><p>\(\begin{matrix} r_m&amp;+&amp;r_w&amp;+&amp;n_m&amp;+&amp;n_w&amp; = &amp;<printedVariable identifier="a1" /> \\ r_m&amp;+&amp;r_w&amp; &amp; &amp; &amp; &amp;= &amp;<printedVariable identifier="a2" /> \\ &amp; &amp;r_w&amp; + &amp; &amp; &amp;n_w &amp;=&amp; <printedVariable identifier="a3" /> \\ r_m &amp;+&amp; &amp; &amp; &amp; &amp; n_w &amp; =&amp; <printedVariable identifier="a4" /> \end{matrix}\)</p><p> </p><p>Die erste Gleichung ist zur Bestimmung von \(r_w\) nicht relevant.</p><p>Durch Auflösen der letzten drei Gleichungen ergibt sich \(r_w = <printedVariable identifier="lsg" />\).</p></modalFeedback><modalFeedback  identifier="Feedback631170571" outcomeIdentifier="FEEDBACKMODAL" showHide="show" title="Leider falsch!"><p> \(r_m - \) Raucher                                      \(r_w - \) Raucherinnen</p><p> \(n_m - \) Nichtraucher                                \(n_w - \) Nichtraucherinnen</p><p> </p><p>D.h. wir suchen die Lösung des folgenden Gleichungssystems:</p><p>\(\begin{matrix} r_m&amp;+&amp;r_w&amp;+&amp;n_m&amp;+&amp;n_w&amp; = &amp;<printedVariable identifier="a1" /> \\ r_m&amp;+&amp;r_w&amp; &amp; &amp; &amp; &amp;= &amp;<printedVariable identifier="a2" /> \\ &amp; &amp;r_w&amp; + &amp; &amp; &amp;n_w &amp;=&amp; <printedVariable identifier="a3" /> \\ r_m &amp;+&amp; &amp; &amp; &amp; &amp; n_w &amp; =&amp; <printedVariable identifier="a4" /> \end{matrix}\)</p><p> </p><p>Die erste Gleichung ist zur Bestimmung von \(r_w\) nicht relevant.</p><p>Durch Auflösen der letzten drei Gleichungen ergibt sich \(r_w = <printedVariable identifier="lsg" />\).</p></modalFeedback></assessmentItem>
