<?xml version="1.0" encoding="UTF-8"?>
<assessmentItem xmlns="http://www.imsglobal.org/xsd/imsqti_v2p1" xmlns:xsi="http://www.w3.org/2001/XMLSchema-instance" xsi:schemaLocation="http://www.imsglobal.org/xsd/imsqti_v2p1 http://www.imsglobal.org/xsd/qti/qtiv2p1/imsqti_v2p1p1.xsd http://www.w3.org/1998/Math/MathML http://www.w3.org/Math/XMLSchema/mathml2/mathml2.xsd" identifier="id899d8478-df64-4517-97d2-017b12541b78" title="DeterminanteUndLineareGleichungssysteme" adaptive="false" timeDependent="false"><responseDeclaration identifier="RESPONSE_1" cardinality="multiple" baseType="identifier"><correctResponse><value>id77095a98-6132-444c-bff1-c433647124a5</value><value>iddcab1dc8-e077-4605-8390-99b7a1903902</value><value>id74185947-3bfc-4d06-ad58-1dc57dad51f4</value></correctResponse></responseDeclaration><outcomeDeclaration identifier="SCORE" cardinality="single" baseType="float"><defaultValue><value>0</value></defaultValue></outcomeDeclaration><outcomeDeclaration identifier="MAXSCORE" cardinality="single" baseType="float"><defaultValue><value>6</value></defaultValue></outcomeDeclaration><outcomeDeclaration identifier="FEEDBACKBASIC" cardinality="single" baseType="identifier"><defaultValue><value>empty</value></defaultValue></outcomeDeclaration><itemBody ><p><strong>Sei ein Gleichungssystem G von n Gleichungen mit den n  Variablen x<sub>1</sub>, ..., x<sub>n</sub> und zugehörigen Koeffizienten a<sub>ij</sub> sowie rechten Seiten b<sub>i</sub> gegeben</strong>: $$ G: \quad \begin{array}{II} a_{11}x_1 + \cdots +a_{1n} x_n &amp; = &amp; b_1 \\ a_{21}x_1 + \cdots +a_{2n} x_n &amp; = &amp; b_2 \\ \vdots &amp; \vdots &amp; \vdots   &amp; \\ a_{n1}x_1 + \cdots + a_{nn}  x_n &amp; = &amp; b_n \\ \end{array} \quad Mit \quad A: =\left( \begin{array}{ccccc} a_{11} &amp; \cdots &amp; a_{1j} &amp; \cdots &amp;a_{1n} \\ \vdots &amp; &amp; \vdots &amp; &amp; \vdots \\a_{i1} &amp; \cdots &amp; a_{ij} &amp; \cdots &amp; a_{in} \\ \vdots &amp; &amp; \vdots &amp; &amp; \vdots \\ a_{n1} &amp; \cdots &amp; a_{nj} &amp; \cdots &amp; a_{nn} \end{array}\right), \quad b: = \left(\begin{array}{c} b_1 \\ b_2 \\ \vdots \\ b_n \\ \end{array}\right) \quad und \quad x: = \left(\begin{array}{c} x_1 \\ x_2 \\ \vdots \\ x_n \\ \end{array}\right)$$ l<strong>äßt sich G also auch kurz durch A x= b formulieren</strong>. <strong>Dann gilt:</strong></p><p> </p><choiceInteraction responseIdentifier="RESPONSE_1" shuffle="true" maxChoices="0"><simpleChoice identifier="id77095a98-6132-444c-bff1-c433647124a5"><p>Wenn <strong>A x = 0</strong> nur für genau ein<strong> x</strong> gilt, dann muß<strong> \( Det(A) \not = 0 \)</strong> gelten und <strong>A</strong> muß sogar invertierbar sein.</p><p> </p></simpleChoice><simpleChoice identifier="iddcab1dc8-e077-4605-8390-99b7a1903902"><p>Das System <strong>A x= b</strong> hat für jeden vorgegeben Vektor <strong>b</strong> nur eine eindeutig bestimmte Lösung <strong>x, </strong> genau dann wenn <strong>\( Det(A) \not = 0 \)</strong>  gilt.</p><p> </p><p><strong> </strong></p></simpleChoice><simpleChoice identifier="iddb59b5de-a17e-4f04-93e6-15a1f16f0791"><p>Wenn<strong> \( Det(A) = 0 \)</strong>  ist, dann gibt es für das System <strong>G</strong> keine Lösung <strong>x</strong></p></simpleChoice><simpleChoice identifier="idb9c0eacc-21b9-4054-9b29-774f85f39336"><p>Wenn \( Det(A) = 0 \) ist, dann hat A x = 0 für manche Matrizen A keine Lösung und für andere Matrizen A gibt es unendlich viele Lösungen zu A x = 0.</p></simpleChoice><simpleChoice identifier="id74185947-3bfc-4d06-ad58-1dc57dad51f4"><p> </p><p>Wenn \( Det(A) = 0 \) ist, dann hat A x = b keine Lösung oder unendlich viele Lösungen, je nachdem welche Gestalt b hat.</p></simpleChoice><simpleChoice identifier="id8335b360-d1e1-4e9b-9800-3a4ded7a6ba7"><p> </p><p>Wenn \( Det(A) = 0 \) ist und \( b \not = 0 \), dann kann G keine Lösung x besitzen.</p></simpleChoice></choiceInteraction></itemBody><responseProcessing><responseCondition><responseIf><isNull><variable identifier="RESPONSE_1" /></isNull><setOutcomeValue identifier="FEEDBACKBASIC"><baseValue baseType="identifier">empty</baseValue></setOutcomeValue></responseIf><responseElseIf><match><variable identifier="RESPONSE_1" /><correct identifier="RESPONSE_1" /></match><setOutcomeValue identifier="SCORE"><sum><variable identifier="SCORE" /><variable identifier="MAXSCORE" /></sum></setOutcomeValue><setOutcomeValue identifier="FEEDBACKBASIC"><baseValue baseType="identifier">correct</baseValue></setOutcomeValue></responseElseIf><responseElse><setOutcomeValue identifier="FEEDBACKBASIC"><baseValue baseType="identifier">incorrect</baseValue></setOutcomeValue></responseElse></responseCondition></responseProcessing></assessmentItem>
