<?xml version="1.0" encoding="UTF-8"?>
<assessmentItem xmlns="http://www.imsglobal.org/xsd/imsqti_v2p1" xmlns:xsi="http://www.w3.org/2001/XMLSchema-instance" xsi:schemaLocation="http://www.imsglobal.org/xsd/imsqti_v2p1 http://www.imsglobal.org/xsd/qti/qtiv2p1/imsqti_v2p1p1.xsd http://www.w3.org/1998/Math/MathML http://www.w3.org/Math/XMLSchema/mathml2/mathml2.xsd" identifier="id80d77b17-5de8-4935-80e2-70b3c647ff83" title="lagebeziehungen_geraden_01" adaptive="false" timeDependent="false"><responseDeclaration identifier="RESPONSE_1" cardinality="multiple" baseType="directedPair"><correctResponse><value>id577426ff-8ebb-4e65-817d-61202bf484e0 id7de7c0d9-c7ec-46df-985e-349e5837475c</value><value>idd2f9abca-e685-4de2-981a-9a268e8e3880 idcba2547a-f51a-4687-86d7-11bf29349aae</value><value>id1b18596d-d350-4c80-afb7-8fb962f20cca id6954eb09-b322-4c2d-b2d8-ec737540a04f</value></correctResponse></responseDeclaration><outcomeDeclaration identifier="SCORE" cardinality="single" baseType="float"><defaultValue><value>0</value></defaultValue></outcomeDeclaration><outcomeDeclaration identifier="MAXSCORE" cardinality="single" baseType="float"><defaultValue><value>1</value></defaultValue></outcomeDeclaration><outcomeDeclaration identifier="FEEDBACKBASIC" cardinality="single" baseType="identifier"><defaultValue><value>empty</value></defaultValue></outcomeDeclaration><outcomeDeclaration identifier="FEEDBACKMODAL" cardinality="multiple" baseType="identifier" view="testConstructor" /><itemBody ><p>Gegeben seien die 3 Geraden</p><p>$$g_1: \vec x(s)=\begin{pmatrix}1\\0\\1\end{pmatrix}+s\cdot\begin{pmatrix}2\\1\\0\end{pmatrix},$$</p><p>$$g_2: \vec x(t)=\begin{pmatrix}1\\1\\1\end{pmatrix}+t\cdot\begin{pmatrix}4\\2\\0\end{pmatrix}$$ sowie</p><p>$$g_3: \vec x(u)=\begin{pmatrix}-1\\0\\-1\end{pmatrix}+u\cdot\begin{pmatrix}2\\1\\2\end{pmatrix}.$$</p><p>Welche Lagebeziehungen haben die Geraden jeweils zueinander?</p><matchInteraction responseIdentifier="RESPONSE_1" shuffle="false" maxAssociations="0"><simpleMatchSet><simpleAssociableChoice identifier="id577426ff-8ebb-4e65-817d-61202bf484e0" fixed="false" matchMax="1"><p>\(g_1\) und \(g_2\)</p></simpleAssociableChoice><simpleAssociableChoice identifier="idd2f9abca-e685-4de2-981a-9a268e8e3880" fixed="false" matchMax="1"><p>\(g_1\) und \(g_3\)</p></simpleAssociableChoice><simpleAssociableChoice identifier="id1b18596d-d350-4c80-afb7-8fb962f20cca" fixed="false" matchMax="1"><p>\(g_2\) und \(g_3\)</p></simpleAssociableChoice></simpleMatchSet><simpleMatchSet><simpleAssociableChoice identifier="idc8a81a8a-9e1a-4789-b23b-652f91e39e2a" fixed="false" matchMax="0"><p>sind identisch</p></simpleAssociableChoice><simpleAssociableChoice identifier="id7de7c0d9-c7ec-46df-985e-349e5837475c" fixed="false" matchMax="0"><p>sind parallel zueinander</p></simpleAssociableChoice><simpleAssociableChoice identifier="id6954eb09-b322-4c2d-b2d8-ec737540a04f" fixed="false" matchMax="0"><p>schneiden sich</p></simpleAssociableChoice><simpleAssociableChoice identifier="idcba2547a-f51a-4687-86d7-11bf29349aae" fixed="false" matchMax="0"><p>sind windschief</p></simpleAssociableChoice></simpleMatchSet></matchInteraction></itemBody><responseProcessing><responseCondition><responseIf><isNull><variable identifier="RESPONSE_1" /></isNull><setOutcomeValue identifier="FEEDBACKBASIC"><baseValue baseType="identifier">empty</baseValue></setOutcomeValue></responseIf><responseElseIf><match><variable identifier="RESPONSE_1" /><correct identifier="RESPONSE_1" /></match><setOutcomeValue identifier="SCORE"><sum><variable identifier="SCORE" /><variable identifier="MAXSCORE" /></sum></setOutcomeValue><setOutcomeValue identifier="FEEDBACKBASIC"><baseValue baseType="identifier">correct</baseValue></setOutcomeValue></responseElseIf><responseElse><setOutcomeValue identifier="FEEDBACKBASIC"><baseValue baseType="identifier">incorrect</baseValue></setOutcomeValue></responseElse></responseCondition><responseCondition><responseIf><and><match><baseValue baseType="identifier">correct</baseValue><variable identifier="FEEDBACKBASIC" /></match></and><setOutcomeValue identifier="FEEDBACKMODAL"><multiple><variable identifier="FEEDBACKMODAL" /><baseValue baseType="identifier">Feedback1798037418</baseValue></multiple></setOutcomeValue></responseIf></responseCondition><responseCondition><responseIf><and><match><baseValue baseType="identifier">incorrect</baseValue><variable identifier="FEEDBACKBASIC" /></match></and><setOutcomeValue identifier="FEEDBACKMODAL"><multiple><variable identifier="FEEDBACKMODAL" /><baseValue baseType="identifier">Feedback510062626</baseValue></multiple></setOutcomeValue></responseIf></responseCondition></responseProcessing><modalFeedback  identifier="Feedback1798037418" outcomeIdentifier="FEEDBACKMODAL" showHide="show" title="Richtig!"><p>Die Richtungsvektoren von \(g_1\) und \(g_2\) sind linear abhängig: $$2\cdot\begin{pmatrix}2\\1\\0\end{pmatrix} = \begin{pmatrix}4\\2\\0\end{pmatrix}.$$</p><p>Daher sind \(g_1\) und \(g_2\) entweder identisch oder parallel zueinander. Gleichsetzen liefert, dass \(g_1\) und \(g_2\) keinen gemeinsamen Punkt haben! Also verlaufen \(g_1\) und \(g_2\) zueinander parallel.</p><p>Die Richtungsvektoren von \(g_1\) und \(g_3\) sind nicht linear abhängig. Man findet durch Gleichsetzen der beiden Geraden schnell heraus, dass diese keinen Schnittpunkt haben. Daher sind \(g_1\) und \(g_3\) windschief.</p><p>Gleichsetzen der Geradengleichungen von \(g_2\) und \(g_3\) liefert eine wahre Aussage für \(t=0\) und \(u=1\). Daher haben diese beiden Geraden den gemeinsamen Punkt \(S(1,1,1)\).</p></modalFeedback><modalFeedback  identifier="Feedback510062626" outcomeIdentifier="FEEDBACKMODAL" showHide="show" title="Leider nicht (vollständig) richtig!"><p>Die Richtungsvektoren von \(g_1\) und \(g_2\) sind linear abhängig: $$2\cdot\begin{pmatrix}2\\1\\0\end{pmatrix} = \begin{pmatrix}4\\2\\0\end{pmatrix}.$$</p><p>Daher sind \(g_1\) und \(g_2\) entweder identisch oder parallel zueinander. Gleichsetzen liefert, dass \(g_1\) und \(g_2\) keinen gemeinsamen Punkt haben! Also verlaufen \(g_1\) und \(g_2\) zueinander parallel.</p><p>Die Richtungsvektoren von \(g_1\) und \(g_3\) sind nicht linear abhängig. Man findet durch Gleichsetzen der beiden Geraden schnell heraus, dass diese keinen Schnittpunkt haben. Daher sind \(g_1\) und \(g_3\) windschief.</p><p>Gleichsetzen der Geradengleichungen von \(g_2\) und \(g_3\) liefert eine wahre Aussage für \(t=0\) und \(u=1\). Daher haben diese beiden Geraden den gemeinsamen Punkt \(S(1,1,1)\).</p></modalFeedback></assessmentItem>
