<?xml version="1.0" encoding="UTF-8"?>
<assessmentItem xmlns="http://www.imsglobal.org/xsd/imsqti_v2p1" xmlns:xsi="http://www.w3.org/2001/XMLSchema-instance" xsi:schemaLocation="http://www.imsglobal.org/xsd/imsqti_v2p1 http://www.imsglobal.org/xsd/qti/qtiv2p1/imsqti_v2p1p1.xsd http://www.w3.org/1998/Math/MathML http://www.w3.org/Math/XMLSchema/mathml2/mathml2.xsd" identifier="id3ddf77a4-08c2-48c7-bcab-291a6b3201aa" title="ContourIntegration3" adaptive="false" timeDependent="false"><responseDeclaration identifier="RESPONSE_1415789940410" cardinality="single" baseType="string" /><outcomeDeclaration identifier="SCORE" cardinality="single" baseType="float"><defaultValue><value>0</value></defaultValue></outcomeDeclaration><outcomeDeclaration identifier="MAXSCORE" cardinality="single" baseType="float"><defaultValue><value>3</value></defaultValue></outcomeDeclaration><outcomeDeclaration identifier="FEEDBACKBASIC" cardinality="single" baseType="identifier" view="testConstructor"><defaultValue><value>empty</value></defaultValue></outcomeDeclaration><outcomeDeclaration identifier="FEEDBACKMODAL" cardinality="multiple" baseType="identifier" view="testConstructor" /><templateDeclaration identifier="var1" cardinality="single" baseType="integer" /><templateDeclaration identifier="var2" cardinality="single" baseType="integer" /><templateDeclaration identifier="solution" cardinality="single" baseType="integer" /><templateDeclaration identifier="r" cardinality="single" baseType="integer" /><templateDeclaration identifier="end" cardinality="single" baseType="integer" /><templateDeclaration identifier="cosend" cardinality="single" baseType="float" /><templateProcessing><setTemplateValue identifier="var1"><randomInteger min="1" max="10" /></setTemplateValue><setTemplateValue identifier="var2"><randomInteger min="1" max="10" /></setTemplateValue><setTemplateValue identifier="solution"><customOperator definition="MAXIMA" value="float($(1)+$(2));"><variable identifier="var1" /><variable identifier="var2" /></customOperator></setTemplateValue><setTemplateValue identifier="r"><randomInteger min="4" max="16" /></setTemplateValue><setTemplateValue identifier="end"><customOperator definition="MAXIMA" value="float($(1)/3.2);"><variable identifier="r" /></customOperator></setTemplateValue><setTemplateValue identifier="cosend"><customOperator definition="MAXIMA" value="float(-$(1)*cos($(2)*%pi));"><variable identifier="end" /><variable identifier="end" /></customOperator></setTemplateValue><setCorrectResponse identifier="RESPONSE_1415789940410"><customOperator definition="VARIABLESTRING" value="$(1)/($(2)*%pi*%i+$(1)) -1"><variable identifier="r" /><variable identifier="cosend" /></customOperator></setCorrectResponse></templateProcessing><itemBody ><p><p>Compute $$ \int_{\gamma}f $$ with $$ f(z):= \sum_{k=1}^{\infty} \frac{(k+1)}{<printedVariable identifier="r" />^{k+1}}z^k $$   on the contour $$ \gamma(t) := t \cdot \sin(t) + t \cdot \cos(t) \cdot \mathbb i $$  for  \( 0 \le t \le \<printedVariable identifier="end" />\cdot \pi\)</p><p>Syntax:</p><p>%i for i</p><p>%pi for \(\pi\)</p><p>* for any multiplikation</p><p>$$ \int_{\gamma}f $$ =  <textEntryInteraction responseIdentifier="RESPONSE_1415789940410" expectedLength="20" class="maxima-formula show-latex show-syntax-error" /></p><p> </p><p> </p></p></itemBody><responseProcessing><responseCondition><responseIf><customOperator definition="MAXIMA" value="is(equal(ev($(1)),ev($(2))));"><variable identifier="RESPONSE_1415789940410" /><correct identifier="RESPONSE_1415789940410" /></customOperator><setOutcomeValue identifier="SCORE"><sum><variable identifier="SCORE" /><baseValue baseType="float">3</baseValue></sum></setOutcomeValue></responseIf></responseCondition><responseCondition><responseIf><not><isNull><variable identifier="RESPONSE_1415789940410" /></isNull></not><setOutcomeValue identifier="FEEDBACKBASIC"><baseValue baseType="identifier">incorrect</baseValue></setOutcomeValue></responseIf></responseCondition><responseCondition><responseIf><and><not><match><variable identifier="FEEDBACKBASIC" /><baseValue baseType="identifier">empty</baseValue></match></not><equal toleranceMode="exact"><variable identifier="SCORE" /><variable identifier="MAXSCORE" /></equal></and><setOutcomeValue identifier="FEEDBACKBASIC"><baseValue baseType="identifier">correct</baseValue></setOutcomeValue></responseIf></responseCondition><responseCondition><responseIf><and><match><baseValue baseType="identifier">incorrect</baseValue><variable identifier="FEEDBACKBASIC" /></match></and><setOutcomeValue identifier="FEEDBACKMODAL"><multiple><variable identifier="FEEDBACKMODAL" /><baseValue baseType="identifier">Feedback1141388</baseValue></multiple></setOutcomeValue></responseIf></responseCondition></responseProcessing><modalFeedback  identifier="Feedback1141388" outcomeIdentifier="FEEDBACKMODAL" showHide="show"><p>Find an antiderative of f by term wise integration. Identify the integrated series. Under the given conditions, apply a suitable formula for the evaluation of \( \int_{\gamma} f\).</p></modalFeedback></assessmentItem>
