<?xml version="1.0" encoding="UTF-8"?>
<assessmentItem xmlns="http://www.imsglobal.org/xsd/imsqti_v2p1" xmlns:xsi="http://www.w3.org/2001/XMLSchema-instance" xsi:schemaLocation="http://www.imsglobal.org/xsd/imsqti_v2p1 http://www.imsglobal.org/xsd/qti/qtiv2p1/imsqti_v2p1p1.xsd http://www.w3.org/1998/Math/MathML http://www.w3.org/Math/XMLSchema/mathml2/mathml2.xsd" identifier="id049b0b4b-32b6-4f19-82d5-0c12765937dc" title="DerivativePowerSeries" adaptive="false" timeDependent="false"><responseDeclaration identifier="RESPONSE_1414667120916" cardinality="single" baseType="string" /><outcomeDeclaration identifier="SCORE" cardinality="single" baseType="float"><defaultValue><value>0</value></defaultValue></outcomeDeclaration><outcomeDeclaration identifier="MAXSCORE" cardinality="single" baseType="float"><defaultValue><value>2</value></defaultValue></outcomeDeclaration><outcomeDeclaration identifier="FEEDBACKBASIC" cardinality="single" baseType="identifier" view="testConstructor"><defaultValue><value>empty</value></defaultValue></outcomeDeclaration><outcomeDeclaration identifier="FEEDBACKMODAL" cardinality="multiple" baseType="identifier" view="testConstructor" /><templateDeclaration identifier="var1" cardinality="single" baseType="integer" /><templateDeclaration identifier="var2" cardinality="single" baseType="integer" /><templateDeclaration identifier="solution" cardinality="single" baseType="integer" /><templateDeclaration identifier="a" cardinality="single" baseType="integer" /><templateDeclaration identifier="b" cardinality="single" baseType="integer" /><templateDeclaration identifier="c" cardinality="single" baseType="integer" /><templateDeclaration identifier="d" cardinality="single" baseType="integer" /><templateDeclaration identifier="f" cardinality="single" baseType="integer" /><templateDeclaration identifier="f+1" cardinality="single" baseType="integer" /><templateProcessing><setTemplateValue identifier="var1"><randomInteger min="1" max="10" /></setTemplateValue><setTemplateValue identifier="var2"><randomInteger min="1" max="10" /></setTemplateValue><setTemplateValue identifier="solution"><customOperator definition="MAXIMA" value="float($(1)+$(2));"><variable identifier="var1" /><variable identifier="var2" /></customOperator></setTemplateValue><setTemplateValue identifier="a"><randomInteger min="1" max="5" /></setTemplateValue><setTemplateValue identifier="b"><randomInteger min="1" max="6" /></setTemplateValue><setTemplateValue identifier="c"><randomInteger min="1" max="7" /></setTemplateValue><setTemplateValue identifier="d"><randomInteger min="1" max="7" /></setTemplateValue><setTemplateValue identifier="f"><randomInteger min="2" max="8" /></setTemplateValue><setTemplateValue identifier="f+1"><customOperator definition="MAXIMA" value="float($(1)+1);"><variable identifier="f" /></customOperator></setTemplateValue><setCorrectResponse identifier="RESPONSE_1414667120916"><customOperator definition="VARIABLESTRING" value="($(1)-$(2)*%i)*(k+1)/(k+$(3))"><variable identifier="a" /><variable identifier="b" /><variable identifier="f+1" /></customOperator></setCorrectResponse></templateProcessing><itemBody ><p><p>Consider the power series:</p><p>$$ f(z ) = \sum_{k=0}^{\infty} \frac{<printedVariable identifier="a" />- <printedVariable identifier="b" /> \cdot \bf{i}}{(k+<printedVariable identifier="f" />)} ( z - <printedVariable identifier="c" /> + <printedVariable identifier="d" /> \dot \bf{i})^{k} $$.</p><p>Compute the first derivative of f within its disc of convergence, that is,</p><p>$$ f'(z ) = \sum_{k=0}^{\infty} b_k ( z - <printedVariable identifier="c" /> + <printedVariable identifier="d" /> \dot \bf{i})^k $$ with \( b_k \in \mathbb C\) for each \( k \in \mathbb N_0 \):</p><p>Enter the term \( b_k\) depending on k. Use %i for the imaginary unit i and * for any multiplikation.</p><p><strong>Note that both power series (f and f') start at the index k = 0.</strong></p><p>Example of correct input syntax: For the term \( \frac{2-3\dot i}{k^2} \) you enter (2- 3*%i)/k^2</p><p>\( b_k \) = <textEntryInteraction responseIdentifier="RESPONSE_1414667120916" expectedLength="15" class="maxima-formula show-latex show-syntax-error" />, \( k \in \mathbb N_0 \)</p><p> </p><p> </p><p> </p></p></itemBody><responseProcessing><responseCondition><responseIf><customOperator definition="MAXIMA" value="is(equal(ev($(1)),ev($(2))));"><variable identifier="RESPONSE_1414667120916" /><correct identifier="RESPONSE_1414667120916" /></customOperator><setOutcomeValue identifier="SCORE"><sum><variable identifier="SCORE" /><baseValue baseType="float">2</baseValue></sum></setOutcomeValue></responseIf></responseCondition><responseCondition><responseIf><not><isNull><variable identifier="RESPONSE_1414667120916" /></isNull></not><setOutcomeValue identifier="FEEDBACKBASIC"><baseValue baseType="identifier">incorrect</baseValue></setOutcomeValue></responseIf></responseCondition><responseCondition><responseIf><and><not><match><variable identifier="FEEDBACKBASIC" /><baseValue baseType="identifier">empty</baseValue></match></not><equal toleranceMode="exact"><variable identifier="SCORE" /><variable identifier="MAXSCORE" /></equal></and><setOutcomeValue identifier="FEEDBACKBASIC"><baseValue baseType="identifier">correct</baseValue></setOutcomeValue></responseIf></responseCondition><responseCondition><responseIf><and><match><baseValue baseType="identifier">incorrect</baseValue><variable identifier="FEEDBACKBASIC" /></match></and><setOutcomeValue identifier="FEEDBACKMODAL"><multiple><variable identifier="FEEDBACKMODAL" /><baseValue baseType="identifier">Feedback1897122524</baseValue></multiple></setOutcomeValue></responseIf></responseCondition></responseProcessing><modalFeedback  identifier="Feedback1897122524" outcomeIdentifier="FEEDBACKMODAL" showHide="show"><p>Let \( f(z) =  \sum_{k=0}^{\infty} a_k \cdot z^k \) be a power series. Then</p><p>\( f'(z) =  \sum_{k=0}^{\infty} a_k \cdot k \cdot z^{k-1} = \sum_{k=1}^{\infty} a_k \cdot k \cdot z^{k-1}\) because the first term is zero. Now shift the index k back to zero and you get:</p><p>\( f'(z) = \sum_{k=0}^{\infty} a_{k+1} \cdot (k+1) \cdot z^k \).</p></modalFeedback></assessmentItem>
