<?xml version="1.0" encoding="UTF-8"?>
<assessmentItem xmlns="http://www.imsglobal.org/xsd/imsqti_v2p1" xmlns:xsi="http://www.w3.org/2001/XMLSchema-instance" xsi:schemaLocation="http://www.imsglobal.org/xsd/imsqti_v2p1 http://www.imsglobal.org/xsd/qti/qtiv2p1/imsqti_v2p1p1.xsd http://www.w3.org/1998/Math/MathML http://www.w3.org/Math/XMLSchema/mathml2/mathml2.xsd" identifier="id11a4d180-4e88-46c9-b2a3-c3819b6be373" title="ableitung_produkt_06" adaptive="false" timeDependent="false"><responseDeclaration identifier="RESPONSE_1410265104969" cardinality="single" baseType="string" /><outcomeDeclaration identifier="SCORE" cardinality="single" baseType="float"><defaultValue><value>0</value></defaultValue></outcomeDeclaration><outcomeDeclaration identifier="MAXSCORE" cardinality="single" baseType="float"><defaultValue><value>1</value></defaultValue></outcomeDeclaration><outcomeDeclaration identifier="FEEDBACKBASIC" cardinality="single" baseType="identifier" view="testConstructor"><defaultValue><value>empty</value></defaultValue></outcomeDeclaration><outcomeDeclaration identifier="FEEDBACKMODAL" cardinality="multiple" baseType="identifier" view="testConstructor" /><templateDeclaration identifier="a" cardinality="single" baseType="integer" /><templateDeclaration identifier="b" cardinality="single" baseType="integer" /><templateDeclaration identifier="c" cardinality="single" baseType="integer" /><templateDeclaration identifier="2*b" cardinality="single" baseType="integer" /><templateDeclaration identifier="c+1" cardinality="single" baseType="integer" /><templateDeclaration identifier="c-1" cardinality="single" baseType="integer" /><templateProcessing><setTemplateValue identifier="a"><randomInteger min="2" max="6" /></setTemplateValue><setTemplateValue identifier="b"><randomInteger min="2" max="7" /></setTemplateValue><setTemplateValue identifier="c"><randomInteger min="2" max="10" /></setTemplateValue><setTemplateValue identifier="2*b"><customOperator definition="MAXIMA" value="float(2*$(1));"><variable identifier="b" /></customOperator></setTemplateValue><setTemplateValue identifier="c+1"><customOperator definition="MAXIMA" value="float($(1)+1);"><variable identifier="c" /></customOperator></setTemplateValue><setTemplateValue identifier="c-1"><customOperator definition="MAXIMA" value="float($(1)-1);"><variable identifier="c" /></customOperator></setTemplateValue><setCorrectResponse identifier="RESPONSE_1410265104969"><customOperator definition="VARIABLESTRING" value="$(1)*($(3)*x-$(4)*x^$(2))"><variable identifier="a" /><variable identifier="c" /><variable identifier="2*b" /><variable identifier="c+1" /></customOperator></setCorrectResponse></templateProcessing><itemBody ><p>Geben Sie die Ableitung der Funktion $$f(x) = <printedVariable identifier="a" />x \cdot (<printedVariable identifier="b" />x-x^<printedVariable identifier="c" />)$$ an! Bitte vereinfachen Sie Ihre Lösung soweit wie möglich.</p><p><strong>Ergebnis:</strong> $$\qquad f'(x) = $$ <textEntryInteraction responseIdentifier="RESPONSE_1410265104969" class="maxima-formula show-latex" /></p><p> </p><p>Hinweise zur Formeleingabe:</p><ul><li>\(\frac{x}{y}\) = x/y, \(x^y\) = x^y</li><li>\(x\cdot y\) = x*y, z.B. \(3x\) = 3*x  \(\Rightarrow\)  Bitte keine * vergessen!</li><li>Durch Klicken auf die ?-Schaltfläche können Sie Ihre Formel vor Speichern der Antwort zunächst überprüfen.</li></ul></itemBody><responseProcessing><responseCondition><responseIf><customOperator definition="MAXIMA" value="is(equal(ev($(1)),ev($(2))));"><variable identifier="RESPONSE_1410265104969" /><correct identifier="RESPONSE_1410265104969" /></customOperator><setOutcomeValue identifier="SCORE"><sum><variable identifier="SCORE" /><baseValue baseType="float">1</baseValue></sum></setOutcomeValue></responseIf></responseCondition><responseCondition><responseIf><not><isNull><variable identifier="RESPONSE_1410265104969" /></isNull></not><setOutcomeValue identifier="FEEDBACKBASIC"><baseValue baseType="identifier">incorrect</baseValue></setOutcomeValue></responseIf></responseCondition><responseCondition><responseIf><and><not><match><variable identifier="FEEDBACKBASIC" /><baseValue baseType="identifier">empty</baseValue></match></not><equal toleranceMode="exact"><variable identifier="SCORE" /><variable identifier="MAXSCORE" /></equal></and><setOutcomeValue identifier="FEEDBACKBASIC"><baseValue baseType="identifier">correct</baseValue></setOutcomeValue></responseIf></responseCondition><responseCondition><responseIf><and><match><baseValue baseType="identifier">correct</baseValue><variable identifier="FEEDBACKBASIC" /></match></and><setOutcomeValue identifier="FEEDBACKMODAL"><multiple><variable identifier="FEEDBACKMODAL" /><baseValue baseType="identifier">Feedback1151461778</baseValue></multiple></setOutcomeValue></responseIf></responseCondition><responseCondition><responseIf><and><match><baseValue baseType="identifier">incorrect</baseValue><variable identifier="FEEDBACKBASIC" /></match></and><setOutcomeValue identifier="FEEDBACKMODAL"><multiple><variable identifier="FEEDBACKMODAL" /><baseValue baseType="identifier">Feedback968009370</baseValue></multiple></setOutcomeValue></responseIf></responseCondition></responseProcessing><modalFeedback  identifier="Feedback1151461778" outcomeIdentifier="FEEDBACKMODAL" showHide="show" title="Richtig!" /><modalFeedback  identifier="Feedback968009370" outcomeIdentifier="FEEDBACKMODAL" showHide="show" title="Leider falsch!"><p>Lösung: $$\qquad\qquad f'(x) = <printedVariable identifier="a" /> \cdot (<printedVariable identifier="b" />x-x^<printedVariable identifier="c" />) + <printedVariable identifier="a" />x \cdot (<printedVariable identifier="b" />-<printedVariable identifier="c" />x^<printedVariable identifier="c-1" />) = <printedVariable identifier="a" />(<printedVariable identifier="b" />x-x^<printedVariable identifier="c" />+<printedVariable identifier="b" />x-<printedVariable identifier="c" />x^<printedVariable identifier="c" />) = <printedVariable identifier="a" />(<printedVariable identifier="2*b" />x-<printedVariable identifier="c+1" />x^<printedVariable identifier="c" />)$$</p></modalFeedback></assessmentItem>
