<?xml version="1.0" encoding="UTF-8"?>
<assessmentItem xmlns="http://www.imsglobal.org/xsd/imsqti_v2p1" xmlns:xsi="http://www.w3.org/2001/XMLSchema-instance" xsi:schemaLocation="http://www.imsglobal.org/xsd/imsqti_v2p1 http://www.imsglobal.org/xsd/qti/qtiv2p1/imsqti_v2p1p1.xsd http://www.w3.org/1998/Math/MathML http://www.w3.org/Math/XMLSchema/mathml2/mathml2.xsd" identifier="id76aa2cf1-bb38-4e99-8326-1377d381bc14" title="ResiduenSatzAnwendung1" adaptive="false" timeDependent="false"><responseDeclaration identifier="RESPONSE_1417528357725" cardinality="single" baseType="string" /><outcomeDeclaration identifier="SCORE" cardinality="single" baseType="float"><defaultValue><value>0</value></defaultValue></outcomeDeclaration><outcomeDeclaration identifier="MAXSCORE" cardinality="single" baseType="float"><defaultValue><value>3</value></defaultValue></outcomeDeclaration><outcomeDeclaration identifier="FEEDBACKBASIC" cardinality="single" baseType="identifier" view="testConstructor"><defaultValue><value>empty</value></defaultValue></outcomeDeclaration><outcomeDeclaration identifier="FEEDBACKMODAL" cardinality="multiple" baseType="identifier" view="testConstructor" /><templateDeclaration identifier="a" cardinality="single" baseType="integer" /><templateDeclaration identifier="b" cardinality="single" baseType="integer" /><templateDeclaration identifier="c" cardinality="single" baseType="integer" /><templateDeclaration identifier="max" cardinality="single" baseType="integer" /><templateDeclaration identifier="vz1" cardinality="single" baseType="string" /><templateDeclaration identifier="vz2" cardinality="single" baseType="string" /><templateDeclaration identifier="vz3" cardinality="single" baseType="string" /><templateDeclaration identifier="nres1" cardinality="single" baseType="integer" /><templateDeclaration identifier="nres2" cardinality="single" baseType="integer" /><templateDeclaration identifier="nres3" cardinality="single" baseType="integer" /><templateProcessing><setTemplateValue identifier="a"><randomInteger min="1" max="7" /></setTemplateValue><setTemplateValue identifier="b"><customOperator definition="MAXIMA" value="float($(1)+1);"><variable identifier="a" /></customOperator></setTemplateValue><setTemplateValue identifier="c"><customOperator definition="MAXIMA" value="float($(1)-1);"><variable identifier="a" /></customOperator></setTemplateValue><setTemplateValue identifier="max"><customOperator definition="MAXIMA" value="float($(1)+2);"><variable identifier="a" /></customOperator></setTemplateValue><setTemplateValue identifier="vz1"><random><multiple><baseValue baseType="string">+</baseValue><baseValue baseType="string">-</baseValue></multiple></random></setTemplateValue><setTemplateValue identifier="vz2"><random><multiple><baseValue baseType="string">+</baseValue><baseValue baseType="string">-</baseValue></multiple></random></setTemplateValue><setTemplateValue identifier="vz3"><random><multiple><baseValue baseType="string">+</baseValue><baseValue baseType="string">-</baseValue></multiple></random></setTemplateValue><setTemplateValue identifier="nres1"><customOperator definition="MAXIMA" value="float((-1*$(1)$(2)$(3)$(4))*(-1*$(5)$(6)$(7)$(8)));"><variable identifier="vz1" /><variable identifier="a" /><variable identifier="vz2" /><variable identifier="b" /><variable identifier="vz1" /><variable identifier="a" /><variable identifier="vz3" /><variable identifier="c" /></customOperator></setTemplateValue><setTemplateValue identifier="nres2"><customOperator definition="MAXIMA" value="float((-1*$(1)$(2)$(3)$(4))*(-1*$(5)$(6)$(7)$(8)));"><variable identifier="vz2" /><variable identifier="b" /><variable identifier="vz1" /><variable identifier="a" /><variable identifier="vz2" /><variable identifier="b" /><variable identifier="vz3" /><variable identifier="c" /></customOperator></setTemplateValue><setTemplateValue identifier="nres3"><customOperator definition="MAXIMA" value="float((-1*$(1)$(2)$(3)$(4))*(-1*$(5)$(6)$(7)$(8)));"><variable identifier="vz3" /><variable identifier="c" /><variable identifier="vz1" /><variable identifier="a" /><variable identifier="vz3" /><variable identifier="c" /><variable identifier="vz2" /><variable identifier="b" /></customOperator></setTemplateValue><setCorrectResponse identifier="RESPONSE_1417528357725"><customOperator definition="VARIABLESTRING" value="2*%i*%pi*(1/$(1)+1/$(2)+1/$(3))"><variable identifier="nres1" /><variable identifier="nres2" /><variable identifier="nres3" /></customOperator></setCorrectResponse></templateProcessing><itemBody ><p><p>Berechne   $$ \int_{\gamma } \frac{1}{(z<printedVariable identifier="vz1" /><printedVariable identifier="a" />)(z<printedVariable identifier="vz2" /><printedVariable identifier="b" />)(z<printedVariable identifier="vz3" /><printedVariable identifier="c" />)} $$ with \(\gamma (t) = <printedVariable identifier="max" />\cdot e^{2\pi\mathbb i t}\) for \( 0 \le t \le 1\).</p><p>Ergebnis = <textEntryInteraction responseIdentifier="RESPONSE_1417528357725" expectedLength="14" class="maxima-formula show-latex show-syntax-error" /></p><p>Syntax:</p><p>%i für i</p><p>%pi für \(\pi\)</p><p>* für jede Multiplikation</p><p>^ für Potenz</p><p> </p></p></itemBody><responseProcessing><responseCondition><responseIf><customOperator definition="MAXIMA" value="is(equal(ev($(1)),ev($(2))));"><variable identifier="RESPONSE_1417528357725" /><correct identifier="RESPONSE_1417528357725" /></customOperator><setOutcomeValue identifier="SCORE"><sum><variable identifier="SCORE" /><baseValue baseType="float">3</baseValue></sum></setOutcomeValue></responseIf></responseCondition><responseCondition><responseIf><not><isNull><variable identifier="RESPONSE_1417528357725" /></isNull></not><setOutcomeValue identifier="FEEDBACKBASIC"><baseValue baseType="identifier">incorrect</baseValue></setOutcomeValue></responseIf></responseCondition><responseCondition><responseIf><and><not><match><variable identifier="FEEDBACKBASIC" /><baseValue baseType="identifier">empty</baseValue></match></not><equal toleranceMode="exact"><variable identifier="SCORE" /><variable identifier="MAXSCORE" /></equal></and><setOutcomeValue identifier="FEEDBACKBASIC"><baseValue baseType="identifier">correct</baseValue></setOutcomeValue></responseIf></responseCondition><responseCondition><responseIf><and><match><baseValue baseType="identifier">incorrect</baseValue><variable identifier="FEEDBACKBASIC" /></match></and><setOutcomeValue identifier="FEEDBACKMODAL"><multiple><variable identifier="FEEDBACKMODAL" /><baseValue baseType="identifier">Feedback1134003328</baseValue></multiple></setOutcomeValue></responseIf></responseCondition></responseProcessing><modalFeedback  identifier="Feedback1134003328" outcomeIdentifier="FEEDBACKMODAL" showHide="show"><p>Wende den Residuensatz an.</p></modalFeedback></assessmentItem>
