<?xml version="1.0" encoding="UTF-8"?>
<assessmentItem xmlns="http://www.imsglobal.org/xsd/imsqti_v2p1" xmlns:xsi="http://www.w3.org/2001/XMLSchema-instance" xsi:schemaLocation="http://www.imsglobal.org/xsd/imsqti_v2p1 http://www.imsglobal.org/xsd/qti/qtiv2p1/imsqti_v2p1p1.xsd http://www.w3.org/1998/Math/MathML http://www.w3.org/Math/XMLSchema/mathml2/mathml2.xsd" identifier="idf326fe8d-17ae-4698-b1bf-cd29cd586e11" title="L'Hospital" adaptive="false" timeDependent="false"><responseDeclaration identifier="RESPONSE_1417624543205" cardinality="single" baseType="float"><correctResponse><value>0</value></correctResponse></responseDeclaration><responseDeclaration identifier="RESPONSE_1417624878624" cardinality="single" baseType="float"><correctResponse><value>0</value></correctResponse></responseDeclaration><responseDeclaration identifier="RESPONSE_1417624902992" cardinality="single" baseType="float"><correctResponse><value>0</value></correctResponse></responseDeclaration><outcomeDeclaration identifier="SCORE" cardinality="single" baseType="float"><defaultValue><value>0</value></defaultValue></outcomeDeclaration><outcomeDeclaration identifier="MAXSCORE" cardinality="single" baseType="float"><defaultValue><value>3</value></defaultValue></outcomeDeclaration><outcomeDeclaration identifier="FEEDBACKBASIC" cardinality="single" baseType="identifier" view="testConstructor"><defaultValue><value>empty</value></defaultValue></outcomeDeclaration><templateDeclaration identifier="a1" cardinality="single" baseType="integer" /><templateDeclaration identifier="a2" cardinality="single" baseType="integer" /><templateDeclaration identifier="a3" cardinality="single" baseType="integer" /><templateDeclaration identifier="g1" cardinality="single" baseType="float" /><templateDeclaration identifier="g2" cardinality="single" baseType="float" /><templateDeclaration identifier="g3" cardinality="single" baseType="float" /><templateProcessing><setTemplateValue identifier="a1"><randomInteger min="1" max="9" /></setTemplateValue><setTemplateValue identifier="a2"><randomInteger min="1" max="9" /></setTemplateValue><setTemplateValue identifier="a3"><random><multiple><baseValue baseType="integer">-8</baseValue><baseValue baseType="integer">-6</baseValue><baseValue baseType="integer">-4</baseValue><baseValue baseType="integer">-2</baseValue><baseValue baseType="integer">2</baseValue><baseValue baseType="integer">4</baseValue><baseValue baseType="integer">6</baseValue><baseValue baseType="integer">8</baseValue></multiple></random></setTemplateValue><setTemplateValue identifier="g1"><customOperator definition="MAXIMA" value="float(($(1)+1)*exp(1));"><variable identifier="a1" /></customOperator></setTemplateValue><setTemplateValue identifier="g2"><customOperator definition="MAXIMA" value="float(($(1))/2);"><variable identifier="a2" /></customOperator></setTemplateValue><setTemplateValue identifier="g3"><customOperator definition="MAXIMA" value="float($(1));"><variable identifier="a3" /></customOperator></setTemplateValue><setCorrectResponse identifier="RESPONSE_1417624543205"><variable identifier="g1" /></setCorrectResponse><setCorrectResponse identifier="RESPONSE_1417624878624"><variable identifier="g2" /></setCorrectResponse><setCorrectResponse identifier="RESPONSE_1417624902992"><variable identifier="g3" /></setCorrectResponse></templateProcessing><itemBody ><p><p>Berechnen Sie die folgenden Grenzwerte unter Zuhilfenahme der Regel von de l'Hospital.</p><p>Runden Sie die Ergebnisse ggf. auf 2 Stellen nach dem Komma.</p><p> $$\lim_{x\to 0}\frac{e^{<printedVariable identifier="a1" />x}-e^{-x}}{\ln(x+e)-1}=$$<textEntryInteraction responseIdentifier="RESPONSE_1417624543205" expectedLength="3" /></p><p> $$\lim_{x\to 0}\,\frac{x^2+<printedVariable identifier="a2" />x}{x+\sin x}=$$<textEntryInteraction responseIdentifier="RESPONSE_1417624878624" expectedLength="3" /></p><p> $$\lim_{x\to \pi}\,\frac{\sin (<printedVariable identifier="a3" />x) }{x-\pi}=$$<textEntryInteraction responseIdentifier="RESPONSE_1417624902992" expectedLength="3" /></p></p></itemBody><responseProcessing><responseCondition><responseIf><equal toleranceMode="absolute" tolerance="0.01 0.01" includeLowerBound="true" includeUpperBound="true"><variable identifier="RESPONSE_1417624543205" /><correct identifier="RESPONSE_1417624543205" /></equal><setOutcomeValue identifier="SCORE"><sum><variable identifier="SCORE" /><baseValue baseType="float">1</baseValue></sum></setOutcomeValue></responseIf></responseCondition><responseCondition><responseIf><not><isNull><variable identifier="RESPONSE_1417624543205" /></isNull></not><setOutcomeValue identifier="FEEDBACKBASIC"><baseValue baseType="identifier">incorrect</baseValue></setOutcomeValue></responseIf></responseCondition><responseCondition><responseIf><equal toleranceMode="absolute" tolerance="0.01 0.01" includeLowerBound="true" includeUpperBound="true"><variable identifier="RESPONSE_1417624878624" /><correct identifier="RESPONSE_1417624878624" /></equal><setOutcomeValue identifier="SCORE"><sum><variable identifier="SCORE" /><baseValue baseType="float">1</baseValue></sum></setOutcomeValue></responseIf></responseCondition><responseCondition><responseIf><not><isNull><variable identifier="RESPONSE_1417624878624" /></isNull></not><setOutcomeValue identifier="FEEDBACKBASIC"><baseValue baseType="identifier">incorrect</baseValue></setOutcomeValue></responseIf></responseCondition><responseCondition><responseIf><equal toleranceMode="absolute" tolerance="0.01 0.01" includeLowerBound="true" includeUpperBound="true"><variable identifier="RESPONSE_1417624902992" /><correct identifier="RESPONSE_1417624902992" /></equal><setOutcomeValue identifier="SCORE"><sum><variable identifier="SCORE" /><baseValue baseType="float">1</baseValue></sum></setOutcomeValue></responseIf></responseCondition><responseCondition><responseIf><not><isNull><variable identifier="RESPONSE_1417624902992" /></isNull></not><setOutcomeValue identifier="FEEDBACKBASIC"><baseValue baseType="identifier">incorrect</baseValue></setOutcomeValue></responseIf></responseCondition><responseCondition><responseIf><and><not><match><variable identifier="FEEDBACKBASIC" /><baseValue baseType="identifier">empty</baseValue></match></not><equal toleranceMode="exact"><variable identifier="SCORE" /><variable identifier="MAXSCORE" /></equal></and><setOutcomeValue identifier="FEEDBACKBASIC"><baseValue baseType="identifier">correct</baseValue></setOutcomeValue></responseIf></responseCondition></responseProcessing></assessmentItem>
