<?xml version="1.0" encoding="UTF-8"?>
<assessmentItem xmlns="http://www.imsglobal.org/xsd/imsqti_v2p1" xmlns:xsi="http://www.w3.org/2001/XMLSchema-instance" xsi:schemaLocation="http://www.imsglobal.org/xsd/imsqti_v2p1 http://www.imsglobal.org/xsd/qti/qtiv2p1/imsqti_v2p1p1.xsd http://www.w3.org/1998/Math/MathML http://www.w3.org/Math/XMLSchema/mathml2/mathml2.xsd" identifier="id7b867981-ce35-4797-bae5-929862270a88" title="graph_1/(x-2)^2" adaptive="false" timeDependent="false"><responseDeclaration identifier="RESPONSE_1" cardinality="single" baseType="identifier"><correctResponse><value>idc337ae0c-58b3-4bad-ae81-03863a09896d</value></correctResponse></responseDeclaration><outcomeDeclaration identifier="SCORE" cardinality="single" baseType="float"><defaultValue><value>0</value></defaultValue></outcomeDeclaration><outcomeDeclaration identifier="MAXSCORE" cardinality="single" baseType="float"><defaultValue><value>1</value></defaultValue></outcomeDeclaration><outcomeDeclaration identifier="FEEDBACKBASIC" cardinality="single" baseType="identifier"><defaultValue><value>empty</value></defaultValue></outcomeDeclaration><outcomeDeclaration identifier="FEEDBACKMODAL" cardinality="multiple" baseType="identifier" view="testConstructor" /><itemBody ><p>Der Graph welcher Funktion ist auf dem folgenden Bild dargestellt?</p><p><img src="media%2Fmedium3944370879552449754pow_x-2_-2.png" alt="" width="467" height="350" /></p><choiceInteraction responseIdentifier="RESPONSE_1" shuffle="true" maxChoices="1" orientation="horizontal"><simpleChoice identifier="idc337ae0c-58b3-4bad-ae81-03863a09896d"><p>$$f(x)=\frac1{(x-2)^2}$$</p></simpleChoice><simpleChoice identifier="id0e7ce0b8-64cd-4078-a736-56d4ec788f15"><p>$$f(x)=\frac1{(x+2)^2}$$</p></simpleChoice><simpleChoice identifier="idf50f1033-d7e2-4147-9872-cde74bd6b8cc"><p>$$f(x)=\frac1{x^2-2}$$</p></simpleChoice><simpleChoice identifier="iddbf66ac9-30c6-4336-8fa5-47e2a8783695"><p>$$f(x)=\frac1{x^2+4}$$</p></simpleChoice><simpleChoice identifier="id8af750f8-891b-4fcd-b886-a2fd4f91f271"><p>$$f(x)=\frac1{x^2-4}$$</p></simpleChoice></choiceInteraction></itemBody><responseProcessing><responseCondition><responseIf><isNull><variable identifier="RESPONSE_1" /></isNull><setOutcomeValue identifier="FEEDBACKBASIC"><baseValue baseType="identifier">empty</baseValue></setOutcomeValue></responseIf><responseElseIf><match><variable identifier="RESPONSE_1" /><correct identifier="RESPONSE_1" /></match><setOutcomeValue identifier="SCORE"><sum><variable identifier="SCORE" /><variable identifier="MAXSCORE" /></sum></setOutcomeValue><setOutcomeValue identifier="FEEDBACKBASIC"><baseValue baseType="identifier">correct</baseValue></setOutcomeValue></responseElseIf><responseElse><setOutcomeValue identifier="FEEDBACKBASIC"><baseValue baseType="identifier">incorrect</baseValue></setOutcomeValue></responseElse></responseCondition><responseCondition><responseIf><and><match><baseValue baseType="identifier">correct</baseValue><variable identifier="FEEDBACKBASIC" /></match></and><setOutcomeValue identifier="FEEDBACKMODAL"><multiple><variable identifier="FEEDBACKMODAL" /><baseValue baseType="identifier">Feedback1213048063</baseValue></multiple></setOutcomeValue></responseIf></responseCondition><responseCondition><responseIf><and><match><baseValue baseType="identifier">incorrect</baseValue><variable identifier="FEEDBACKBASIC" /></match></and><setOutcomeValue identifier="FEEDBACKMODAL"><multiple><variable identifier="FEEDBACKMODAL" /><baseValue baseType="identifier">Feedback1828251784</baseValue></multiple></setOutcomeValue></responseIf></responseCondition></responseProcessing><modalFeedback  identifier="Feedback1213048063" outcomeIdentifier="FEEDBACKMODAL" showHide="show" title="Richtig!"><p>Das Bild zeigt den Graphen der Funktion $$f(x)=\frac1{(x-2)^2}$$.</p><p>Diese Funktion ist für \(x=2\) nicht definiert und nimmt nur Werte \(&gt;0\) an.</p><p>Zu den anderen Funktionen:</p><ul><li>Die Funktion $$f(x)=\frac1{(x+2)^2}$$ hat ihre Polstelle bei \(x=-2\).</li><li>$$f(x)=\frac1{x^2-4}$$ hat zwei Polstellen, nämlich bei \(x_{1,2}=\pm 2\).</li><li>$$f(x)=\frac1{x^2-2}$$ hat ebenfalls zwei Polstellen, nämlich bei \(x_{1,2}=\pm\sqrt2\).</li><li>$$f(x)=\frac1{x^2+4}$$ ist für alle \(x\in\mathbb R\) definiert.</li></ul></modalFeedback><modalFeedback  identifier="Feedback1828251784" outcomeIdentifier="FEEDBACKMODAL" showHide="show" title="Leider falsch!"><p>Das Bild zeigt den Graphen der Funktion $$f(x)=\frac1{(x-2)^2}$$.</p><p>Diese Funktion ist für \(x=2\) nicht definiert und nimmt nur Werte \(&gt;0\) an.</p><p>Zu den anderen Funktionen:</p><ul><li>Die Funktion $$f(x)=\frac1{(x+2)^2}$$ hat ihre Polstelle bei \(x=-2\).</li><li>$$f(x)=\frac1{x^2-4}$$ hat zwei Polstellen, nämlich bei \(x_{1,2}=\pm 2\).</li><li>$$f(x)=\frac1{x^2-2}$$ hat ebenfalls zwei Polstellen, nämlich bei \(x_{1,2}=\pm\sqrt2\).</li><li>$$f(x)=\frac1{x^2+4}$$ ist für alle \(x\in\mathbb R\) definiert.</li></ul></modalFeedback></assessmentItem>
