<?xml version="1.0" encoding="UTF-8"?>
<assessmentItem xmlns="http://www.imsglobal.org/xsd/imsqti_v2p1" xmlns:xsi="http://www.w3.org/2001/XMLSchema-instance" xsi:schemaLocation="http://www.imsglobal.org/xsd/imsqti_v2p1 http://www.imsglobal.org/xsd/qti/qtiv2p1/imsqti_v2p1p1.xsd http://www.w3.org/1998/Math/MathML http://www.w3.org/Math/XMLSchema/mathml2/mathml2.xsd" identifier="idb2d81112-cef8-4e2c-8786-64432b519043" title="IntrechnungPartielleIntegration" adaptive="false" timeDependent="false"><responseDeclaration identifier="RESPONSE_1401635939792" cardinality="single" baseType="string" /><responseDeclaration identifier="RESPONSE_1401636214726" cardinality="single" baseType="string" /><outcomeDeclaration identifier="SCORE" cardinality="single" baseType="float"><defaultValue><value>0</value></defaultValue></outcomeDeclaration><outcomeDeclaration identifier="MAXSCORE" cardinality="single" baseType="float"><defaultValue><value>6</value></defaultValue></outcomeDeclaration><outcomeDeclaration identifier="FEEDBACKBASIC" cardinality="single" baseType="identifier" view="testConstructor"><defaultValue><value>empty</value></defaultValue></outcomeDeclaration><outcomeDeclaration identifier="FEEDBACKMODAL" cardinality="multiple" baseType="identifier" view="testConstructor" /><templateDeclaration identifier="a" cardinality="single" baseType="integer" /><templateDeclaration identifier="b" cardinality="single" baseType="integer" /><templateProcessing><setTemplateValue identifier="a"><randomInteger min="2" max="9" /></setTemplateValue><setTemplateValue identifier="b"><randomInteger min="1" max="7" /></setTemplateValue><setCorrectResponse identifier="RESPONSE_1401635939792"><customOperator definition="VARIABLESTRING" value="(-x^2+$(1)-2*x-2)*%e^(-x)+C"><variable identifier="a" /></customOperator></setCorrectResponse><setCorrectResponse identifier="RESPONSE_1401636214726"><customOperator definition="VARIABLESTRING" value="a*((2*(t-$(1))^(5/2))/5+(2*$(1)*(t-$(1))^(3/2))/3)+C"><variable identifier="b" /></customOperator></setCorrectResponse></templateProcessing><itemBody ><p><p>Bestimmen Sie die folgenden unbestimmten Integrale durch partielle Integration (6P):</p><p style="-qt-paragraph-type: empty; -qt-block-indent: 0; text-indent: 0px; margin: 0px;"> </p><p style="-qt-block-indent: 0; text-indent: 0px; margin: 0px;">\( a.) \int (x^2-<printedVariable identifier="a" />)\cdot e^{-x} \ dx \quad b.) \ \int a t\sqrt{t-<printedVariable identifier="b" />} \ dt \)</p><p style="-qt-block-indent: 0; text-indent: 0px; margin: 0px;"> </p><p style="-qt-block-indent: 0; text-indent: 0px; margin: 0px;">Geben Sie die Ergebnisse in Maxima-Schreibweise ein und eine Konstante mit dem Großbuchstaben C:</p><p style="-qt-block-indent: 0; text-indent: 0px; margin: 0px;"> </p><p style="-qt-block-indent: 0; text-indent: 0px; margin: 0px;">a) <textEntryInteraction responseIdentifier="RESPONSE_1401635939792" class="maxima-formula show-latex show-syntax-error" /></p><p style="-qt-block-indent: 0; text-indent: 0px; margin: 0px;">b) <textEntryInteraction responseIdentifier="RESPONSE_1401636214726" expectedLength="16" class="maxima-formula show-latex show-syntax-error" /></p></p></itemBody><responseProcessing><responseCondition><responseIf><customOperator definition="MAXIMA" value="is(equal(ev($(1)),ev($(2))));"><variable identifier="RESPONSE_1401635939792" /><correct identifier="RESPONSE_1401635939792" /></customOperator><setOutcomeValue identifier="SCORE"><sum><variable identifier="SCORE" /><baseValue baseType="float">3</baseValue></sum></setOutcomeValue></responseIf></responseCondition><responseCondition><responseIf><not><isNull><variable identifier="RESPONSE_1401635939792" /></isNull></not><setOutcomeValue identifier="FEEDBACKBASIC"><baseValue baseType="identifier">incorrect</baseValue></setOutcomeValue></responseIf></responseCondition><responseCondition><responseIf><customOperator definition="MAXIMA" value="is(equal(ev($(1)),ev($(2))));"><variable identifier="RESPONSE_1401636214726" /><correct identifier="RESPONSE_1401636214726" /></customOperator><setOutcomeValue identifier="SCORE"><sum><variable identifier="SCORE" /><baseValue baseType="float">3</baseValue></sum></setOutcomeValue></responseIf></responseCondition><responseCondition><responseIf><not><isNull><variable identifier="RESPONSE_1401636214726" /></isNull></not><setOutcomeValue identifier="FEEDBACKBASIC"><baseValue baseType="identifier">incorrect</baseValue></setOutcomeValue></responseIf></responseCondition><responseCondition><responseIf><and><not><match><variable identifier="FEEDBACKBASIC" /><baseValue baseType="identifier">empty</baseValue></match></not><equal toleranceMode="exact"><variable identifier="SCORE" /><variable identifier="MAXSCORE" /></equal></and><setOutcomeValue identifier="FEEDBACKBASIC"><baseValue baseType="identifier">correct</baseValue></setOutcomeValue></responseIf></responseCondition><responseCondition><responseIf><and><match><baseValue baseType="identifier">correct</baseValue><variable identifier="FEEDBACKBASIC" /></match></and><setOutcomeValue identifier="FEEDBACKMODAL"><multiple><variable identifier="FEEDBACKMODAL" /><baseValue baseType="identifier">Feedback2060885131</baseValue></multiple></setOutcomeValue></responseIf></responseCondition><responseCondition><responseIf><and><match><baseValue baseType="identifier">incorrect</baseValue><variable identifier="FEEDBACKBASIC" /></match></and><setOutcomeValue identifier="FEEDBACKMODAL"><multiple><variable identifier="FEEDBACKMODAL" /><baseValue baseType="identifier">Feedback532654254</baseValue></multiple></setOutcomeValue></responseIf></responseCondition></responseProcessing><modalFeedback  identifier="Feedback2060885131" outcomeIdentifier="FEEDBACKMODAL" showHide="show"><p><strong> <strong>Ihre Lösungen zur Aufgabe 2.2 sind zu den Eich Lösungen äquivalent. Volle Punkte für diese Aufgabe.</strong></strong></p></modalFeedback><modalFeedback  identifier="Feedback532654254" outcomeIdentifier="FEEDBACKMODAL" showHide="show"><p><strong>Ihre Lösung für mindestens eine der Lücken zu Aufgabe 2.2 war nicht äquivalent zur Eich Lösung. Es gab einen Punkteabzug.</strong></p></modalFeedback></assessmentItem>
