<?xml version="1.0" encoding="UTF-8"?>
<assessmentItem xmlns="http://www.imsglobal.org/xsd/imsqti_v2p1" xmlns:xsi="http://www.w3.org/2001/XMLSchema-instance" xsi:schemaLocation="http://www.imsglobal.org/xsd/imsqti_v2p1 http://www.imsglobal.org/xsd/qti/qtiv2p1/imsqti_v2p1p1.xsd http://www.w3.org/1998/Math/MathML http://www.w3.org/Math/XMLSchema/mathml2/mathml2.xsd" identifier="id45f3a715-f048-4618-bf96-6fe7c53e893c" title="UnbestimmteIntegraleEinfach" adaptive="false" timeDependent="false"><responseDeclaration identifier="RESPONSE_1401281074348" cardinality="single" baseType="string" /><responseDeclaration identifier="RESPONSE_1401281171855" cardinality="single" baseType="string" /><responseDeclaration identifier="RESPONSE_1401281185677" cardinality="single" baseType="string" /><responseDeclaration identifier="RESPONSE_1401281206677" cardinality="single" baseType="string" /><outcomeDeclaration identifier="SCORE" cardinality="single" baseType="float"><defaultValue><value>0</value></defaultValue></outcomeDeclaration><outcomeDeclaration identifier="MAXSCORE" cardinality="single" baseType="float"><defaultValue><value>8</value></defaultValue></outcomeDeclaration><outcomeDeclaration identifier="FEEDBACKBASIC" cardinality="single" baseType="identifier" view="testConstructor"><defaultValue><value>empty</value></defaultValue></outcomeDeclaration><outcomeDeclaration identifier="FEEDBACKMODAL" cardinality="multiple" baseType="identifier" view="testConstructor" /><templateDeclaration identifier="a" cardinality="single" baseType="integer" /><templateDeclaration identifier="b" cardinality="single" baseType="integer" /><templateDeclaration identifier="a1" cardinality="single" baseType="integer" /><templateDeclaration identifier="c" cardinality="single" baseType="integer" /><templateDeclaration identifier="c1" cardinality="single" baseType="integer" /><templateDeclaration identifier="d" cardinality="single" baseType="integer" /><templateDeclaration identifier="d1" cardinality="single" baseType="integer" /><templateDeclaration identifier="as" cardinality="single" baseType="integer" /><templateProcessing><setTemplateValue identifier="a"><randomInteger min="1" max="9" step="2" /></setTemplateValue><setTemplateValue identifier="b"><randomInteger min="2" max="9" /></setTemplateValue><setTemplateValue identifier="a1"><randomInteger min="2" max="8" step="2" /></setTemplateValue><setTemplateValue identifier="c"><randomInteger min="1" max="9" step="2" /></setTemplateValue><setTemplateValue identifier="c1"><randomInteger min="2" max="8" step="2" /></setTemplateValue><setTemplateValue identifier="d"><randomInteger min="2" max="6" /></setTemplateValue><setTemplateValue identifier="d1"><randomInteger min="-6" max="-2" /></setTemplateValue><setTemplateValue identifier="as"><customOperator definition="MAXIMA" value="float(($(1)/$(2))*x +C);"><variable identifier="a" /><variable identifier="a1" /></customOperator></setTemplateValue><setCorrectResponse identifier="RESPONSE_1401281074348"><customOperator definition="VARIABLESTRING" value="($(1)/$(2))*x+C"><variable identifier="a" /><variable identifier="a1" /></customOperator></setCorrectResponse><setCorrectResponse identifier="RESPONSE_1401281171855"><customOperator definition="VARIABLESTRING" value="$(1)*exp(x)+C"><variable identifier="b" /></customOperator></setCorrectResponse><setCorrectResponse identifier="RESPONSE_1401281185677"><customOperator definition="VARIABLESTRING" value="($(1)/$(2))* sin(x) +C"><variable identifier="c" /><variable identifier="c1" /></customOperator></setCorrectResponse><setCorrectResponse identifier="RESPONSE_1401281206677"><customOperator definition="VARIABLESTRING" value="($(1)/($(2)+1))*x^($(2)+1) + C"><variable identifier="d" /><variable identifier="d1" /></customOperator></setCorrectResponse></templateProcessing><itemBody ><p><p>Bestimmen Sie die folgenden unbestimmten Integrale (8P):</p><p style="-qt-paragraph-type: empty; -qt-block-indent: 0; text-indent: 0px; margin: 0px;"> </p><p style="-qt-block-indent: 0; text-indent: 0px; margin: 0px;">a.) \(\ \int \frac<printedVariable identifier="a" /><printedVariable identifier="a1" /> \ dx \quad\)     b.) \( \ \int <printedVariable identifier="b" /> e^x \ dx \quad\)     c.) \(\ \int \frac<printedVariable identifier="c" /><printedVariable identifier="c1" /> \cos(x)\ dx \quad\)     d.) \(\ \int <printedVariable identifier="d" />x^{<printedVariable identifier="d1" />}\ dx\)</p><p style="-qt-block-indent: 0; text-indent: 0px; margin: 0px;"> </p><p style="-qt-block-indent: 0; text-indent: 0px; margin: 0px;">Geben Sie die Ergebnisse in Maxima-Schreibweise ein und eine Konstante mit Großbuchstabe C:</p><p style="-qt-block-indent: 0; text-indent: 0px; margin: 0px;"> </p><p style="-qt-block-indent: 0; text-indent: 0px; margin: 0px;">a) <textEntryInteraction responseIdentifier="RESPONSE_1401281074348" class="maxima-formula show-latex show-syntax-error" /></p><p style="-qt-block-indent: 0; text-indent: 0px; margin: 0px;">b) <textEntryInteraction responseIdentifier="RESPONSE_1401281171855" class="maxima-formula show-latex show-syntax-error" /></p><p style="-qt-block-indent: 0; text-indent: 0px; margin: 0px;">c) <textEntryInteraction responseIdentifier="RESPONSE_1401281185677" class="maxima-formula show-latex show-syntax-error" /></p><p style="-qt-paragraph-type: empty; -qt-block-indent: 0; text-indent: 0px; margin: 0px;">d) <textEntryInteraction responseIdentifier="RESPONSE_1401281206677" class="maxima-formula show-latex show-syntax-error" /></p><p> </p></p></itemBody><responseProcessing><responseCondition><responseIf><customOperator definition="MAXIMA" value="is(equal(ev($(1)),ev($(2))));"><variable identifier="RESPONSE_1401281074348" /><correct identifier="RESPONSE_1401281074348" /></customOperator><setOutcomeValue identifier="SCORE"><sum><variable identifier="SCORE" /><baseValue baseType="float">2</baseValue></sum></setOutcomeValue></responseIf></responseCondition><responseCondition><responseIf><not><isNull><variable identifier="RESPONSE_1401281074348" /></isNull></not><setOutcomeValue identifier="FEEDBACKBASIC"><baseValue baseType="identifier">incorrect</baseValue></setOutcomeValue></responseIf></responseCondition><responseCondition><responseIf><customOperator definition="MAXIMA" value="is(equal(ev($(1)),ev($(2))));"><variable identifier="RESPONSE_1401281171855" /><correct identifier="RESPONSE_1401281171855" /></customOperator><setOutcomeValue identifier="SCORE"><sum><variable identifier="SCORE" /><baseValue baseType="float">2</baseValue></sum></setOutcomeValue></responseIf></responseCondition><responseCondition><responseIf><not><isNull><variable identifier="RESPONSE_1401281171855" /></isNull></not><setOutcomeValue identifier="FEEDBACKBASIC"><baseValue baseType="identifier">incorrect</baseValue></setOutcomeValue></responseIf></responseCondition><responseCondition><responseIf><customOperator definition="MAXIMA" value="is(equal(ev($(1)),ev($(2))));"><variable identifier="RESPONSE_1401281185677" /><correct identifier="RESPONSE_1401281185677" /></customOperator><setOutcomeValue identifier="SCORE"><sum><variable identifier="SCORE" /><baseValue baseType="float">2</baseValue></sum></setOutcomeValue></responseIf></responseCondition><responseCondition><responseIf><not><isNull><variable identifier="RESPONSE_1401281185677" /></isNull></not><setOutcomeValue identifier="FEEDBACKBASIC"><baseValue baseType="identifier">incorrect</baseValue></setOutcomeValue></responseIf></responseCondition><responseCondition><responseIf><customOperator definition="MAXIMA" value="is(equal(ev($(1)),ev($(2))));"><variable identifier="RESPONSE_1401281206677" /><correct identifier="RESPONSE_1401281206677" /></customOperator><setOutcomeValue identifier="SCORE"><sum><variable identifier="SCORE" /><baseValue baseType="float">2</baseValue></sum></setOutcomeValue></responseIf></responseCondition><responseCondition><responseIf><not><isNull><variable identifier="RESPONSE_1401281206677" /></isNull></not><setOutcomeValue identifier="FEEDBACKBASIC"><baseValue baseType="identifier">incorrect</baseValue></setOutcomeValue></responseIf></responseCondition><responseCondition><responseIf><and><not><match><variable identifier="FEEDBACKBASIC" /><baseValue baseType="identifier">empty</baseValue></match></not><equal toleranceMode="exact"><variable identifier="SCORE" /><variable identifier="MAXSCORE" /></equal></and><setOutcomeValue identifier="FEEDBACKBASIC"><baseValue baseType="identifier">correct</baseValue></setOutcomeValue></responseIf></responseCondition><responseCondition><responseIf><and><match><baseValue baseType="identifier">correct</baseValue><variable identifier="FEEDBACKBASIC" /></match></and><setOutcomeValue identifier="FEEDBACKMODAL"><multiple><variable identifier="FEEDBACKMODAL" /><baseValue baseType="identifier">Feedback722344862</baseValue></multiple></setOutcomeValue></responseIf></responseCondition><responseCondition><responseIf><and><match><baseValue baseType="identifier">incorrect</baseValue><variable identifier="FEEDBACKBASIC" /></match></and><setOutcomeValue identifier="FEEDBACKMODAL"><multiple><variable identifier="FEEDBACKMODAL" /><baseValue baseType="identifier">Feedback725039143</baseValue></multiple></setOutcomeValue></responseIf></responseCondition></responseProcessing><modalFeedback  identifier="Feedback722344862" outcomeIdentifier="FEEDBACKMODAL" showHide="show"><p><strong>Ihre Lösungen zur Aufgabe 1.1 sind zu den Eich Lösungen äquivalent. Volle Punkte für diese Aufgabe.</strong></p></modalFeedback><modalFeedback  identifier="Feedback725039143" outcomeIdentifier="FEEDBACKMODAL" showHide="show"><p><strong>Ihre Lösung für mindestens eine der Lücken zu Aufgabe 1.1 war nicht äquivalent zur Eich Lösung. Es gab einen Punkteabzug.</strong></p></modalFeedback></assessmentItem>
