<?xml version="1.0" encoding="UTF-8"?>
<assessmentItem xmlns="http://www.imsglobal.org/xsd/imsqti_v2p1" xmlns:xsi="http://www.w3.org/2001/XMLSchema-instance" xsi:schemaLocation="http://www.imsglobal.org/xsd/imsqti_v2p1 http://www.imsglobal.org/xsd/qti/qtiv2p1/imsqti_v2p1p1.xsd http://www.w3.org/1998/Math/MathML http://www.w3.org/Math/XMLSchema/mathml2/mathml2.xsd" identifier="id9244739a-d35b-4bbc-a0fd-d71458bd75bf" title="gleichung_06" adaptive="false" timeDependent="false"><responseDeclaration identifier="RESPONSE_1409145228831" cardinality="single" baseType="string" /><outcomeDeclaration identifier="SCORE" cardinality="single" baseType="float"><defaultValue><value>0</value></defaultValue></outcomeDeclaration><outcomeDeclaration identifier="MAXSCORE" cardinality="single" baseType="float"><defaultValue><value>1</value></defaultValue></outcomeDeclaration><outcomeDeclaration identifier="FEEDBACKBASIC" cardinality="single" baseType="identifier" view="testConstructor"><defaultValue><value>empty</value></defaultValue></outcomeDeclaration><outcomeDeclaration identifier="FEEDBACKMODAL" cardinality="multiple" baseType="identifier" view="testConstructor" /><templateDeclaration identifier="a" cardinality="single" baseType="integer" /><templateDeclaration identifier="b" cardinality="single" baseType="integer" /><templateDeclaration identifier="sgn_b" cardinality="single" baseType="string" /><templateDeclaration identifier="c" cardinality="single" baseType="integer" /><templateDeclaration identifier="d" cardinality="single" baseType="integer" /><templateDeclaration identifier="sgn_d" cardinality="single" baseType="string" /><templateDeclaration identifier="e" cardinality="single" baseType="integer" /><templateDeclaration identifier="sgn_e" cardinality="single" baseType="string" /><templateDeclaration identifier="f" cardinality="single" baseType="integer" /><templateDeclaration identifier="z" cardinality="single" baseType="integer" /><templateDeclaration identifier="n" cardinality="single" baseType="integer" /><templateDeclaration identifier="l_tex" cardinality="single" baseType="string" /><templateProcessing><setTemplateValue identifier="a"><randomInteger min="2" max="4" /></setTemplateValue><setTemplateValue identifier="b"><randomInteger min="1" max="5" /></setTemplateValue><setTemplateValue identifier="sgn_b"><random><multiple><baseValue baseType="string">+</baseValue><baseValue baseType="string">-</baseValue></multiple></random></setTemplateValue><setTemplateValue identifier="c"><random><multiple><baseValue baseType="integer">2</baseValue><baseValue baseType="integer">3</baseValue><baseValue baseType="integer">4</baseValue></multiple></random></setTemplateValue><setTemplateValue identifier="d"><randomInteger min="2" max="10" /></setTemplateValue><setTemplateValue identifier="sgn_d"><random><multiple><baseValue baseType="string">+</baseValue><baseValue baseType="string">-</baseValue></multiple></random></setTemplateValue><setTemplateValue identifier="e"><randomInteger min="1" max="5" /></setTemplateValue><setTemplateValue identifier="sgn_e"><random><multiple><baseValue baseType="string">+</baseValue><baseValue baseType="string">-</baseValue></multiple></random></setTemplateValue><setTemplateValue identifier="f"><random><multiple><baseValue baseType="integer">-5</baseValue><baseValue baseType="integer">-4</baseValue><baseValue baseType="integer">-3</baseValue><baseValue baseType="integer">5</baseValue></multiple></random></setTemplateValue><setTemplateValue identifier="z"><customOperator definition="MAXIMA" value="float($(1)$(2)-$(3)$(4));"><variable identifier="sgn_e" /><variable identifier="e" /><variable identifier="sgn_b" /><variable identifier="b" /></customOperator></setTemplateValue><setTemplateValue identifier="n"><customOperator definition="MAXIMA" value="float($(1)-$(2));"><variable identifier="a" /><variable identifier="f" /></customOperator></setTemplateValue><setTemplateValue identifier="l_tex"><customOperator definition="MAXIMA" value="tex1($(1)/$(2))"><variable identifier="z" /><variable identifier="n" /></customOperator></setTemplateValue><setCorrectResponse identifier="RESPONSE_1409145228831"><customOperator definition="VARIABLESTRING" value="$(1)/$(2)"><variable identifier="z" /><variable identifier="n" /></customOperator></setCorrectResponse></templateProcessing><itemBody ><p>Bestimmen Sie die Lösung der Gleichung $$\frac{<printedVariable identifier="a" />x <printedVariable identifier="sgn_b" /><printedVariable identifier="b" />}{<printedVariable identifier="c" />x <printedVariable identifier="sgn_d" /><printedVariable identifier="d" />} = \frac{<printedVariable identifier="f" />x <printedVariable identifier="sgn_e" /><printedVariable identifier="e" />}{<printedVariable identifier="c" />x <printedVariable identifier="sgn_d" /><printedVariable identifier="d" />}$$.</p><p>\( x = \) <textEntryInteraction responseIdentifier="RESPONSE_1409145228831" expectedLength="5" /></p><p> </p><p><strong>Hinweis:  </strong>Geben Sie Brüche bitte wie folgt ein: \[\frac xy =\] <strong>x/y. </strong>Geben Sie bitte <strong>keine Kommazahlen</strong> ein!</p><p>                z.B. \[\tfrac13 =\] <strong>1/3</strong> und <span style="text-decoration: underline;">nicht</span> <strong>0.3333</strong>...!</p><p> </p></itemBody><responseProcessing><responseCondition><responseIf><customOperator definition="MAXIMA" value="is(equal(ev($(1)),ev($(2))));"><variable identifier="RESPONSE_1409145228831" /><correct identifier="RESPONSE_1409145228831" /></customOperator><setOutcomeValue identifier="SCORE"><sum><variable identifier="SCORE" /><baseValue baseType="float">1</baseValue></sum></setOutcomeValue></responseIf></responseCondition><responseCondition><responseIf><not><isNull><variable identifier="RESPONSE_1409145228831" /></isNull></not><setOutcomeValue identifier="FEEDBACKBASIC"><baseValue baseType="identifier">incorrect</baseValue></setOutcomeValue></responseIf></responseCondition><responseCondition><responseIf><and><not><match><variable identifier="FEEDBACKBASIC" /><baseValue baseType="identifier">empty</baseValue></match></not><equal toleranceMode="exact"><variable identifier="SCORE" /><variable identifier="MAXSCORE" /></equal></and><setOutcomeValue identifier="FEEDBACKBASIC"><baseValue baseType="identifier">correct</baseValue></setOutcomeValue></responseIf></responseCondition><responseCondition><responseIf><and><match><baseValue baseType="identifier">correct</baseValue><variable identifier="FEEDBACKBASIC" /></match></and><setOutcomeValue identifier="FEEDBACKMODAL"><multiple><variable identifier="FEEDBACKMODAL" /><baseValue baseType="identifier">Feedback1303793777</baseValue></multiple></setOutcomeValue></responseIf></responseCondition><responseCondition><responseIf><and><match><baseValue baseType="identifier">incorrect</baseValue><variable identifier="FEEDBACKBASIC" /></match></and><setOutcomeValue identifier="FEEDBACKMODAL"><multiple><variable identifier="FEEDBACKMODAL" /><baseValue baseType="identifier">Feedback626068937</baseValue></multiple></setOutcomeValue></responseIf></responseCondition></responseProcessing><modalFeedback  identifier="Feedback1303793777" outcomeIdentifier="FEEDBACKMODAL" showHide="show" title="Richtig!"><p>Lösung:</p><p>$$\qquad\frac{<printedVariable identifier="a" />x <printedVariable identifier="sgn_b" /><printedVariable identifier="b" />}{<printedVariable identifier="c" />x <printedVariable identifier="sgn_d" /><printedVariable identifier="d" />} = \frac{<printedVariable identifier="f" />x <printedVariable identifier="sgn_e" /><printedVariable identifier="e" />}{<printedVariable identifier="c" />x <printedVariable identifier="sgn_d" /><printedVariable identifier="d" />} \iff <printedVariable identifier="a" />x <printedVariable identifier="sgn_b" /><printedVariable identifier="b" /> = <printedVariable identifier="f" />x <printedVariable identifier="sgn_e" /><printedVariable identifier="e" /> \iff <printedVariable identifier="n" />x = <printedVariable identifier="z" /> \iff x = <printedVariable identifier="l_tex" />$$</p></modalFeedback><modalFeedback  identifier="Feedback626068937" outcomeIdentifier="FEEDBACKMODAL" showHide="show" title="Leider falsch!"><p>Lösung:</p><p>$$\qquad\frac{<printedVariable identifier="a" />x <printedVariable identifier="sgn_b" /><printedVariable identifier="b" />}{<printedVariable identifier="c" />x <printedVariable identifier="sgn_d" /><printedVariable identifier="d" />} = \frac{<printedVariable identifier="f" />x <printedVariable identifier="sgn_e" /><printedVariable identifier="e" />}{<printedVariable identifier="c" />x <printedVariable identifier="sgn_d" /><printedVariable identifier="d" />} \iff <printedVariable identifier="a" />x <printedVariable identifier="sgn_b" /><printedVariable identifier="b" /> = <printedVariable identifier="f" />x <printedVariable identifier="sgn_e" /><printedVariable identifier="e" /> \iff <printedVariable identifier="n" />x = <printedVariable identifier="z" /> \iff x = <printedVariable identifier="l_tex" />$$</p></modalFeedback></assessmentItem>
