<?xml version="1.0" encoding="UTF-8"?>
<assessmentItem xmlns="http://www.imsglobal.org/xsd/imsqti_v2p1" xmlns:xsi="http://www.w3.org/2001/XMLSchema-instance" xsi:schemaLocation="http://www.imsglobal.org/xsd/imsqti_v2p1 http://www.imsglobal.org/xsd/qti/qtiv2p1/imsqti_v2p1p1.xsd http://www.w3.org/1998/Math/MathML http://www.w3.org/Math/XMLSchema/mathml2/mathml2.xsd" identifier="id7ee8ccbf-7bb6-4d1d-aa30-5e7aaff6f013" title="ValuePowerSeriesViaIntegrationDifferentiation" adaptive="false" timeDependent="false"><responseDeclaration identifier="RESPONSE_1414945201365" cardinality="single" baseType="string" /><outcomeDeclaration identifier="SCORE" cardinality="single" baseType="float"><defaultValue><value>0</value></defaultValue></outcomeDeclaration><outcomeDeclaration identifier="MAXSCORE" cardinality="single" baseType="float"><defaultValue><value>3</value></defaultValue></outcomeDeclaration><outcomeDeclaration identifier="FEEDBACKBASIC" cardinality="single" baseType="identifier" view="testConstructor"><defaultValue><value>empty</value></defaultValue></outcomeDeclaration><outcomeDeclaration identifier="FEEDBACKMODAL" cardinality="multiple" baseType="identifier" view="testConstructor" /><templateDeclaration identifier="b" cardinality="single" baseType="float" /><templateDeclaration identifier="c" cardinality="single" baseType="float" /><templateDeclaration identifier="a" cardinality="single" baseType="float" /><templateProcessing><setTemplateValue identifier="b"><random><multiple><baseValue baseType="float">1</baseValue><baseValue baseType="float">2</baseValue><baseValue baseType="float">3</baseValue><baseValue baseType="float">4</baseValue><baseValue baseType="float">5</baseValue><baseValue baseType="float">6</baseValue><baseValue baseType="float">7</baseValue><baseValue baseType="float">8</baseValue><baseValue baseType="float">9</baseValue><baseValue baseType="float">10</baseValue></multiple></random></setTemplateValue><setTemplateValue identifier="c"><random><multiple><baseValue baseType="float">1</baseValue><baseValue baseType="float">2</baseValue><baseValue baseType="float">3</baseValue><baseValue baseType="float">4</baseValue><baseValue baseType="float">5</baseValue><baseValue baseType="float">6</baseValue></multiple></random></setTemplateValue><setTemplateValue identifier="a"><customOperator definition="MAXIMA" value="float($(1)-$(2));"><variable identifier="b" /><variable identifier="c" /></customOperator></setTemplateValue><setCorrectResponse identifier="RESPONSE_1414945201365"><customOperator definition="VARIABLESTRING" value="$(1)/($(1)-%i*$(2))^2"><variable identifier="b" /><variable identifier="a" /></customOperator></setCorrectResponse></templateProcessing><itemBody ><p><p>Consider the power series</p><p>$$f(z) = \sum_{k=0}^{\infty} \frac{k+1}{<printedVariable identifier="b" />^{k+1}} z^k $$ about the point \( z_0 = 0\).</p><p>Determine whether \( z_1:= <printedVariable identifier="a" />\cdot \mathrm i \) is within its disc of convergence.</p><p>If so, compute \( f(<printedVariable identifier="a" />\cdot \mathrm i )\) exact as a fraction of complex numbers.</p><p>Use %i for the imaginery unit i and * for any multiplication.</p><p>\( f(<printedVariable identifier="a" />\cdot i )\) = <textEntryInteraction responseIdentifier="RESPONSE_1414945201365" expectedLength="20" class="maxima-formula show-latex show-syntax-error" /></p><p>Hint: After determining the radius of convergence of f , integrate the power series f term wise.</p><p>The integrated series F  will look much simpler as the original one. Determine the function F(z) that is represented by the integrated series. Then come back to f(z) by the equation F'(z) = f(z).</p><p> </p></p></itemBody><responseProcessing><responseCondition><responseIf><customOperator definition="MAXIMA" value="is(equal(ev($(1)),ev($(2))));"><variable identifier="RESPONSE_1414945201365" /><correct identifier="RESPONSE_1414945201365" /></customOperator><setOutcomeValue identifier="SCORE"><sum><variable identifier="SCORE" /><baseValue baseType="float">3</baseValue></sum></setOutcomeValue></responseIf></responseCondition><responseCondition><responseIf><not><isNull><variable identifier="RESPONSE_1414945201365" /></isNull></not><setOutcomeValue identifier="FEEDBACKBASIC"><baseValue baseType="identifier">incorrect</baseValue></setOutcomeValue></responseIf></responseCondition><responseCondition><responseIf><and><not><match><variable identifier="FEEDBACKBASIC" /><baseValue baseType="identifier">empty</baseValue></match></not><equal toleranceMode="exact"><variable identifier="SCORE" /><variable identifier="MAXSCORE" /></equal></and><setOutcomeValue identifier="FEEDBACKBASIC"><baseValue baseType="identifier">correct</baseValue></setOutcomeValue></responseIf></responseCondition><responseCondition><responseIf><and><match><baseValue baseType="identifier">incorrect</baseValue><variable identifier="FEEDBACKBASIC" /></match></and><setOutcomeValue identifier="FEEDBACKMODAL"><multiple><variable identifier="FEEDBACKMODAL" /><baseValue baseType="identifier">Feedback977948947</baseValue></multiple></setOutcomeValue></responseIf></responseCondition></responseProcessing><modalFeedback  identifier="Feedback977948947" outcomeIdentifier="FEEDBACKMODAL" showHide="show"><p>$$\int (\sum_{k=0}^{\infty} \frac{k+1}{<printedVariable identifier="b" />^{k+1}} z^k) dz =  \sum_{k=0}^{\infty} \frac{1}{<printedVariable identifier="b" />^{k+1}} z^{k+1} = \frac{z}{<printedVariable identifier="b" />}\sum_{k=0}^{\infty} \frac{1}{<printedVariable identifier="b" />^k} z^k$$. This is a geometric series.</p></modalFeedback></assessmentItem>
