<?xml version="1.0" encoding="UTF-8"?>
<assessmentItem xmlns="http://www.imsglobal.org/xsd/imsqti_v2p1" xmlns:xsi="http://www.w3.org/2001/XMLSchema-instance" xsi:schemaLocation="http://www.imsglobal.org/xsd/imsqti_v2p1 http://www.imsglobal.org/xsd/qti/qtiv2p1/imsqti_v2p1p1.xsd http://www.w3.org/1998/Math/MathML http://www.w3.org/Math/XMLSchema/mathml2/mathml2.xsd" identifier="id428330ae-55c7-4096-86d2-85220fc1a93b" title="KonfidenzintervallErwartungswert" adaptive="false" timeDependent="false"><responseDeclaration identifier="RESPONSE_1403082568886" cardinality="single" baseType="float"><correctResponse><value>0</value></correctResponse></responseDeclaration><responseDeclaration identifier="RESPONSE_1403082607293" cardinality="single" baseType="float"><correctResponse><value>0</value></correctResponse></responseDeclaration><outcomeDeclaration identifier="SCORE" cardinality="single" baseType="float"><defaultValue><value>0</value></defaultValue></outcomeDeclaration><outcomeDeclaration identifier="MAXSCORE" cardinality="single" baseType="float"><defaultValue><value>6</value></defaultValue></outcomeDeclaration><outcomeDeclaration identifier="FEEDBACKBASIC" cardinality="single" baseType="identifier" view="testConstructor"><defaultValue><value>empty</value></defaultValue></outcomeDeclaration><outcomeDeclaration identifier="FEEDBACKMODAL" cardinality="multiple" baseType="identifier" view="testConstructor" /><templateDeclaration identifier="Distribdummy" cardinality="single" baseType="integer" /><templateDeclaration identifier="Rundungsdummy" cardinality="single" baseType="float" /><templateDeclaration identifier="v" cardinality="single" baseType="integer" /><templateDeclaration identifier="u" cardinality="single" baseType="string" /><templateDeclaration identifier="a" cardinality="single" baseType="float" /><templateDeclaration identifier="b" cardinality="single" baseType="float" /><templateDeclaration identifier="w1" cardinality="single" baseType="float" /><templateDeclaration identifier="w2" cardinality="single" baseType="float" /><templateDeclaration identifier="w3" cardinality="single" baseType="float" /><templateDeclaration identifier="w4" cardinality="single" baseType="float" /><templateDeclaration identifier="w5" cardinality="single" baseType="float" /><templateDeclaration identifier="w6" cardinality="single" baseType="float" /><templateDeclaration identifier="w7" cardinality="single" baseType="float" /><templateDeclaration identifier="w8" cardinality="single" baseType="float" /><templateDeclaration identifier="w9" cardinality="single" baseType="float" /><templateDeclaration identifier="wa" cardinality="single" baseType="float" /><templateDeclaration identifier="wb" cardinality="single" baseType="float" /><templateDeclaration identifier="wc" cardinality="single" baseType="float" /><templateDeclaration identifier="wd" cardinality="single" baseType="float" /><templateDeclaration identifier="we" cardinality="single" baseType="float" /><templateDeclaration identifier="wf" cardinality="single" baseType="float" /><templateDeclaration identifier="wg" cardinality="single" baseType="float" /><templateDeclaration identifier="wh" cardinality="single" baseType="float" /><templateDeclaration identifier="r" cardinality="single" baseType="float" /><templateDeclaration identifier="y" cardinality="single" baseType="float" /><templateProcessing><setTemplateValue identifier="Distribdummy"><customOperator definition="MAXIMA" value="float(load(distrib));" /></setTemplateValue><setTemplateValue identifier="Rundungsdummy"><customOperator definition="MAXIMA" value="float(fpprintprec : 4);" /></setTemplateValue><setTemplateValue identifier="v"><randomInteger min="2" max="10" /></setTemplateValue><setTemplateValue identifier="u"><random><multiple><baseValue baseType="string">190</baseValue><baseValue baseType="string">195</baseValue><baseValue baseType="string">200</baseValue><baseValue baseType="string">202</baseValue><baseValue baseType="string">204</baseValue><baseValue baseType="string">205</baseValue><baseValue baseType="string">207</baseValue><baseValue baseType="string">210</baseValue><baseValue baseType="string">211</baseValue><baseValue baseType="string">213</baseValue><baseValue baseType="string">214</baseValue><baseValue baseType="string">215</baseValue></multiple></random></setTemplateValue><setTemplateValue identifier="a"><random><multiple><baseValue baseType="float">0.01</baseValue><baseValue baseType="float">0.02</baseValue><baseValue baseType="float">0.03</baseValue><baseValue baseType="float">0.04</baseValue><baseValue baseType="float">0.05</baseValue><baseValue baseType="float">0.06</baseValue><baseValue baseType="float">0.07</baseValue><baseValue baseType="float">0.08</baseValue><baseValue baseType="float">0.09</baseValue><baseValue baseType="float">0.1</baseValue></multiple></random></setTemplateValue><setTemplateValue identifier="b"><customOperator definition="MAXIMA" value="float(1-$(1));"><variable identifier="a" /></customOperator></setTemplateValue><setTemplateValue identifier="w1"><customOperator definition="MAXIMA" value="float(random_normal($(1),sqrt($(2))));"><variable identifier="u" /><variable identifier="v" /></customOperator></setTemplateValue><setTemplateValue identifier="w2"><customOperator definition="MAXIMA" value="float(random_normal($(1),sqrt($(2))));"><variable identifier="u" /><variable identifier="v" /></customOperator></setTemplateValue><setTemplateValue identifier="w3"><customOperator definition="MAXIMA" value="float(random_normal($(1),sqrt($(2))));"><variable identifier="u" /><variable identifier="v" /></customOperator></setTemplateValue><setTemplateValue identifier="w4"><customOperator definition="MAXIMA" value="float(random_normal($(1),sqrt($(2))));"><variable identifier="u" /><variable identifier="v" /></customOperator></setTemplateValue><setTemplateValue identifier="w5"><customOperator definition="MAXIMA" value="float(random_normal($(1),sqrt($(2))));"><variable identifier="u" /><variable identifier="v" /></customOperator></setTemplateValue><setTemplateValue identifier="w6"><customOperator definition="MAXIMA" value="float(random_normal($(1),sqrt($(2))));"><variable identifier="u" /><variable identifier="v" /></customOperator></setTemplateValue><setTemplateValue identifier="w7"><customOperator definition="MAXIMA" value="float(random_normal($(1),sqrt($(2))));"><variable identifier="u" /><variable identifier="v" /></customOperator></setTemplateValue><setTemplateValue identifier="w8"><customOperator definition="MAXIMA" value="float(random_normal($(1),sqrt($(2))));"><variable identifier="u" /><variable identifier="v" /></customOperator></setTemplateValue><setTemplateValue identifier="w9"><customOperator definition="MAXIMA" value="float(random_normal($(1),sqrt($(2))));"><variable identifier="u" /><variable identifier="v" /></customOperator></setTemplateValue><setTemplateValue identifier="wa"><customOperator definition="MAXIMA" value="float(random_normal($(1),sqrt($(2))));"><variable identifier="u" /><variable identifier="v" /></customOperator></setTemplateValue><setTemplateValue identifier="wb"><customOperator definition="MAXIMA" value="float(random_normal($(1),sqrt($(2))));"><variable identifier="u" /><variable identifier="v" /></customOperator></setTemplateValue><setTemplateValue identifier="wc"><customOperator definition="MAXIMA" value="float(random_normal($(1),sqrt($(2))));"><variable identifier="u" /><variable identifier="v" /></customOperator></setTemplateValue><setTemplateValue identifier="wd"><customOperator definition="MAXIMA" value="float(random_normal($(1),sqrt($(2))));"><variable identifier="u" /><variable identifier="v" /></customOperator></setTemplateValue><setTemplateValue identifier="we"><customOperator definition="MAXIMA" value="float(random_normal($(1),sqrt($(2))));"><variable identifier="u" /><variable identifier="v" /></customOperator></setTemplateValue><setTemplateValue identifier="wf"><customOperator definition="MAXIMA" value="float(random_normal($(1),sqrt($(2))));"><variable identifier="u" /><variable identifier="v" /></customOperator></setTemplateValue><setTemplateValue identifier="wg"><customOperator definition="MAXIMA" value="float(random_normal($(1),sqrt($(2))));"><variable identifier="u" /><variable identifier="v" /></customOperator></setTemplateValue><setTemplateValue identifier="wh"><customOperator definition="MAXIMA" value="float(random_normal($(1),sqrt($(2))));"><variable identifier="u" /><variable identifier="v" /></customOperator></setTemplateValue><setTemplateValue identifier="r"><customOperator definition="MAXIMA" value="float(quantile_normal( ($(1)+1)/2, 0,1) *sqrt($(2))/sqrt(17))"><variable identifier="b" /><variable identifier="v" /></customOperator></setTemplateValue><setTemplateValue identifier="y"><customOperator definition="MAXIMA" value="float(($(1)+$(2)+ $(3)+$(4)+$(5)+$(6)+$(7)+$(8)+$(9)+$(10)+$(11)+$(12)+$(13)+$(14)+$(15)+$(16)+$(17))/17 )"><variable identifier="w1" /><variable identifier="w2" /><variable identifier="w3" /><variable identifier="w4" /><variable identifier="w5" /><variable identifier="w6" /><variable identifier="w7" /><variable identifier="w8" /><variable identifier="w9" /><variable identifier="wa" /><variable identifier="wb" /><variable identifier="wc" /><variable identifier="wd" /><variable identifier="we" /><variable identifier="wf" /><variable identifier="wg" /><variable identifier="wh" /></customOperator></setTemplateValue><setCorrectResponse identifier="RESPONSE_1403082568886"><variable identifier="y" /></setCorrectResponse><setCorrectResponse identifier="RESPONSE_1403082607293"><variable identifier="r" /></setCorrectResponse></templateProcessing><itemBody ><p><p style="-qt-block-indent: 0; text-indent: 0px; margin: 0px;">Der laufenden Produktion eines bestimmten Bauteils wurde eine</p><p style="-qt-block-indent: 0; text-indent: 0px; margin: 0px;">Stichprobe vom Umfang n = 17 entnommen. Fürr das Gewicht (in g)</p><p style="-qt-block-indent: 0; text-indent: 0px; margin: 0px;">ergaben sich folgende Werte:</p><p style="-qt-block-indent: 0; text-indent: 0px; margin: 0px;">(<em>Falls hier einige der 17 Zahlen gleich Null sind, starten Sie bitte den Test erneut- der Zufallszahlengenerator muß gelegendlich erst warm werden.)</em></p><p style="-qt-block-indent: 0; text-indent: 0px; margin: 0px;"> </p><p style="-qt-block-indent: 0; text-indent: 0px; margin: 0px;"><printedVariable identifier="w1" />     <printedVariable identifier="w2" />    <printedVariable identifier="w3" />    <printedVariable identifier="w4" />     <printedVariable identifier="w5" />   <printedVariable identifier="w6" /></p><p style="-qt-block-indent: 0; text-indent: 0px; margin: 0px;"> </p><p style="-qt-block-indent: 0; text-indent: 0px; margin: 0px;"><printedVariable identifier="w7" />     <printedVariable identifier="w8" />     <printedVariable identifier="w9" />     <printedVariable identifier="wa" />     <printedVariable identifier="wb" />    <printedVariable identifier="wc" /></p><p style="-qt-block-indent: 0; text-indent: 0px; margin: 0px;"> </p><p style="-qt-block-indent: 0; text-indent: 0px; margin: 0px;"><printedVariable identifier="wd" />     <printedVariable identifier="we" />     <printedVariable identifier="wf" />    <printedVariable identifier="wg" />    <printedVariable identifier="wh" /> </p><p> </p><p style="-qt-block-indent: 0; text-indent: 0px; margin: 0px;"> </p><p style="-qt-block-indent: 0; text-indent: 0px; margin: 0px;">Es sei bekannt, dass die Messgrössen normalverteilt sind und die</p><p style="-qt-block-indent: 0; text-indent: 0px; margin: 0px;">Varianz \(\sigma^{2}=\) <printedVariable identifier="v" /> beträgt. Bestimmen Sie für den Erwartungswert</p><p style="-qt-block-indent: 0; text-indent: 0px; margin: 0px;">\(\mu\) ein Konfidenzintervall \(I = [\overline{x}-r, \overline{x}+r]\) zum Niveau \(\gamma =\) <printedVariable identifier="b" /></p><p style="-qt-block-indent: 0; text-indent: 0px; margin: 0px;"> </p><p style="-qt-block-indent: 0; text-indent: 0px; margin: 0px;">Hierbei ist \(\overline{x}\) der Mittelwert der Stichprobe.</p><p style="-qt-block-indent: 0; text-indent: 0px; margin: 0px;"> </p><p style="-qt-block-indent: 0; text-indent: 0px; margin: 0px;">Runden Sie auf eine Stelle nach dem Komma:</p><p style="-qt-block-indent: 0; text-indent: 0px; margin: 0px;"> </p><p style="-qt-block-indent: 0; text-indent: 0px; margin: 0px;">\(\overline{x}\) = <textEntryInteraction responseIdentifier="RESPONSE_1403082568886" expectedLength="5" /></p><p style="-qt-block-indent: 0; text-indent: 0px; margin: 0px;"> </p><p style="-qt-block-indent: 0; text-indent: 0px; margin: 0px;">r = <textEntryInteraction responseIdentifier="RESPONSE_1403082607293" expectedLength="3" /></p><p> </p></p></itemBody><responseProcessing><responseCondition><responseIf><equal toleranceMode="absolute" tolerance="0.1 0.1" includeLowerBound="true" includeUpperBound="true"><variable identifier="RESPONSE_1403082568886" /><correct identifier="RESPONSE_1403082568886" /></equal><setOutcomeValue identifier="SCORE"><sum><variable identifier="SCORE" /><baseValue baseType="float">1</baseValue></sum></setOutcomeValue></responseIf></responseCondition><responseCondition><responseIf><not><isNull><variable identifier="RESPONSE_1403082568886" /></isNull></not><setOutcomeValue identifier="FEEDBACKBASIC"><baseValue baseType="identifier">incorrect</baseValue></setOutcomeValue></responseIf></responseCondition><responseCondition><responseIf><equal toleranceMode="absolute" tolerance="0.1 0.1" includeLowerBound="true" includeUpperBound="true"><variable identifier="RESPONSE_1403082607293" /><correct identifier="RESPONSE_1403082607293" /></equal><setOutcomeValue identifier="SCORE"><sum><variable identifier="SCORE" /><baseValue baseType="float">5</baseValue></sum></setOutcomeValue></responseIf></responseCondition><responseCondition><responseIf><not><isNull><variable identifier="RESPONSE_1403082607293" /></isNull></not><setOutcomeValue identifier="FEEDBACKBASIC"><baseValue baseType="identifier">incorrect</baseValue></setOutcomeValue></responseIf></responseCondition><responseCondition><responseIf><and><not><match><variable identifier="FEEDBACKBASIC" /><baseValue baseType="identifier">empty</baseValue></match></not><equal toleranceMode="exact"><variable identifier="SCORE" /><variable identifier="MAXSCORE" /></equal></and><setOutcomeValue identifier="FEEDBACKBASIC"><baseValue baseType="identifier">correct</baseValue></setOutcomeValue></responseIf></responseCondition><responseCondition><responseIf><and><match><baseValue baseType="identifier">incorrect</baseValue><variable identifier="FEEDBACKBASIC" /></match></and><setOutcomeValue identifier="FEEDBACKMODAL"><multiple><variable identifier="FEEDBACKMODAL" /><baseValue baseType="identifier">Feedback222825217</baseValue></multiple></setOutcomeValue></responseIf></responseCondition></responseProcessing><modalFeedback  identifier="Feedback222825217" outcomeIdentifier="FEEDBACKMODAL" showHide="show"><p style="-qt-block-indent: 0; text-indent: 0px; margin: 0px;">Berechne mit Hilfe der Stichprobe eine Erwartungswertschätzung \(\overline{x}\) durch die bekannte Mittelwertbildung der Stichprobenelemente.</p><p style="-qt-block-indent: 0; text-indent: 0px; margin: 0px;"> </p><p style="-qt-block-indent: 0; text-indent: 0px; margin: 0px;">Berechne jetzt zunächst die Konstante c aus der Bedingung:</p><p style="-qt-block-indent: 0; text-indent: 0px; margin: 0px;">\[ P(-c\leq \frac{\overline {X} - \mu}{\sigma/\sqrt n} \leq c) = \gamma \leftrightarrow 2\cdot P(\frac{\overline {X} - \mu}{\sigma/\sqrt n} \leq c) - 1= \gamma\]</p><p style="-qt-block-indent: 0; text-indent: 0px; margin: 0px;">da \(\frac{\overline {X} - \mu}{\sigma/\sqrt n}\) <strong>standardnormalverteilt</strong> ist. c ist damit das standartnormal-Quantil  zu \(\frac{\gamma+1}{2}\) Benutze eine Tabelle oder TR, Computeralgebrasystem um dieses Quantil zu berechnen.</p><p style="-qt-block-indent: 0; text-indent: 0px; margin: 0px;"> </p><p style="-qt-block-indent: 0; text-indent: 0px; margin: 0px;">Ist c berechnet, erhält man das Vertrauensintervall durch umformen der Ansatzgleichung:</p><p style="-qt-block-indent: 0; text-indent: 0px; margin: 0px;"> </p><p style="-qt-block-indent: 0; text-indent: 0px; margin: 0px;">\[\overline {x} - c\frac{\sigma}{\sqrt n} \leq \mu \leq \overline{x} + c\frac{\sigma}{\sqrt n} \] <br /><br /></p></modalFeedback></assessmentItem>
