<?xml version="1.0" encoding="UTF-8"?>
<assessmentItem xmlns="http://www.imsglobal.org/xsd/imsqti_v2p1" xmlns:xsi="http://www.w3.org/2001/XMLSchema-instance" xsi:schemaLocation="http://www.imsglobal.org/xsd/imsqti_v2p1 http://www.imsglobal.org/xsd/qti/qtiv2p1/imsqti_v2p1p1.xsd http://www.w3.org/1998/Math/MathML http://www.w3.org/Math/XMLSchema/mathml2/mathml2.xsd" identifier="id4520253a-0c87-4838-ae98-012657578ec1" title="RadiusConvergence" adaptive="false" timeDependent="false"><responseDeclaration identifier="RESPONSE_1" cardinality="single" baseType="identifier"><correctResponse><value>id741aafc7-313b-4265-9e45-28401c69b968</value></correctResponse></responseDeclaration><outcomeDeclaration identifier="SCORE" cardinality="single" baseType="float"><defaultValue><value>0</value></defaultValue></outcomeDeclaration><outcomeDeclaration identifier="MAXSCORE" cardinality="single" baseType="float"><defaultValue><value>1</value></defaultValue></outcomeDeclaration><outcomeDeclaration identifier="FEEDBACKBASIC" cardinality="single" baseType="identifier"><defaultValue><value>empty</value></defaultValue></outcomeDeclaration><templateDeclaration identifier="r" cardinality="single" baseType="integer" /><templateDeclaration identifier="i" cardinality="single" baseType="integer" /><templateDeclaration identifier="k" cardinality="single" baseType="integer" /><templateProcessing><setTemplateValue identifier="r"><randomInteger min="3" max="7" /></setTemplateValue><setTemplateValue identifier="i"><randomInteger min="1" max="8" /></setTemplateValue><setTemplateValue identifier="k"><randomInteger min="2" max="6" /></setTemplateValue></templateProcessing><itemBody ><p>Lets suppose that the power series $$ \sum_{k=0}^{\infty} a_k z^k $$ has a radius of convergence of <printedVariable identifier="r" />.</p><p>Then $$ \sum_{k=<printedVariable identifier="i" />}^{\infty} a_k z^{<printedVariable identifier="k" />\cdot k} $$ has a radius \( r\) of convergence of:</p><choiceInteraction responseIdentifier="RESPONSE_1" shuffle="false" maxChoices="1"><simpleChoice identifier="ide46f3267-5ef0-4a32-99ee-6253558dd77e"><p>\(r =   \sqrt{<printedVariable identifier="r" />} \)</p></simpleChoice><simpleChoice identifier="id572eb360-ec94-4add-b686-a9b0877c0330"><p>\(r =   <printedVariable identifier="r" />^2 \)</p></simpleChoice><simpleChoice identifier="id72a7ab4f-26e4-4f15-92e4-6145f426e6d3"><p>\(r =    <printedVariable identifier="r" />^<printedVariable identifier="k" /> \)</p></simpleChoice><simpleChoice identifier="id741aafc7-313b-4265-9e45-28401c69b968"><p>\(r =   \sqrt[<printedVariable identifier="k" />]<printedVariable identifier="r" /> \)</p></simpleChoice><simpleChoice identifier="id93ff7a82-12fe-4dfa-89ff-7558711194e9"><p>\(r =   \frac{1}{<printedVariable identifier="r" />}\)</p></simpleChoice><simpleChoice identifier="ide22d2a02-4fee-46f5-8d31-0b74c817f949"><p>\(r =<printedVariable identifier="r" />\) <strong><br /></strong></p></simpleChoice></choiceInteraction></itemBody><responseProcessing><responseCondition><responseIf><isNull><variable identifier="RESPONSE_1" /></isNull><setOutcomeValue identifier="FEEDBACKBASIC"><baseValue baseType="identifier">empty</baseValue></setOutcomeValue></responseIf><responseElseIf><match><variable identifier="RESPONSE_1" /><correct identifier="RESPONSE_1" /></match><setOutcomeValue identifier="SCORE"><sum><variable identifier="SCORE" /><variable identifier="MAXSCORE" /></sum></setOutcomeValue><setOutcomeValue identifier="FEEDBACKBASIC"><baseValue baseType="identifier">correct</baseValue></setOutcomeValue></responseElseIf><responseElse><setOutcomeValue identifier="FEEDBACKBASIC"><baseValue baseType="identifier">incorrect</baseValue></setOutcomeValue></responseElse></responseCondition></responseProcessing></assessmentItem>
