<?xml version="1.0" encoding="UTF-8"?>
<assessmentItem xmlns="http://www.imsglobal.org/xsd/imsqti_v2p1" xmlns:xsi="http://www.w3.org/2001/XMLSchema-instance" xsi:schemaLocation="http://www.imsglobal.org/xsd/imsqti_v2p1 http://www.imsglobal.org/xsd/qti/qtiv2p1/imsqti_v2p1p1.xsd http://www.w3.org/1998/Math/MathML http://www.w3.org/Math/XMLSchema/mathml2/mathml2.xsd" identifier="id5d42422b-c907-435e-aadd-838cc7b24b11" title="asymptote_waagerecht_02" adaptive="false" timeDependent="false"><responseDeclaration identifier="RESPONSE_1404801475516" cardinality="single" baseType="string" /><outcomeDeclaration identifier="SCORE" cardinality="single" baseType="float"><defaultValue><value>0</value></defaultValue></outcomeDeclaration><outcomeDeclaration identifier="MAXSCORE" cardinality="single" baseType="float"><defaultValue><value>1</value></defaultValue></outcomeDeclaration><outcomeDeclaration identifier="FEEDBACKBASIC" cardinality="single" baseType="identifier" view="testConstructor"><defaultValue><value>empty</value></defaultValue></outcomeDeclaration><templateDeclaration identifier="a" cardinality="single" baseType="integer" /><templateDeclaration identifier="b" cardinality="single" baseType="integer" /><templateDeclaration identifier="c" cardinality="single" baseType="integer" /><templateDeclaration identifier="d" cardinality="single" baseType="integer" /><templateDeclaration identifier="e" cardinality="single" baseType="integer" /><templateDeclaration identifier="ac" cardinality="single" baseType="integer" /><templateDeclaration identifier="ad" cardinality="single" baseType="integer" /><templateDeclaration identifier="aepb" cardinality="single" baseType="integer" /><templateProcessing><setTemplateValue identifier="a"><randomInteger min="1" max="3" /></setTemplateValue><setTemplateValue identifier="b"><randomInteger min="1" max="10" /></setTemplateValue><setTemplateValue identifier="c"><randomInteger min="2" max="4" /></setTemplateValue><setTemplateValue identifier="d"><randomInteger min="1" max="10" /></setTemplateValue><setTemplateValue identifier="e"><randomInteger min="1" max="10" /></setTemplateValue><setTemplateValue identifier="ac"><customOperator definition="MAXIMA" value="float($(1)*$(2));"><variable identifier="a" /><variable identifier="c" /></customOperator></setTemplateValue><setTemplateValue identifier="ad"><customOperator definition="MAXIMA" value="float($(1)*$(2));"><variable identifier="a" /><variable identifier="d" /></customOperator></setTemplateValue><setTemplateValue identifier="aepb"><customOperator definition="MAXIMA" value="float($(1)*$(2)+$(3));"><variable identifier="a" /><variable identifier="e" /><variable identifier="b" /></customOperator></setTemplateValue><setCorrectResponse identifier="RESPONSE_1404801475516"><customOperator definition="VARIABLESTRING" value="$(1)"><variable identifier="a" /></customOperator></setCorrectResponse></templateProcessing><itemBody ><p><p><p>Es sei die Funktion $$y(x) = \frac{<printedVariable identifier="ac" />x^2+<printedVariable identifier="ad" />x+<printedVariable identifier="aepb" />}{<printedVariable identifier="c" />x^2+<printedVariable identifier="d" />x+<printedVariable identifier="e" />}$$ gegeben.</p><p>Bestimmen Sie die Asymptote $$t(x)$$ dieser Funktion!</p><p>$$t(x)$$ =<textEntryInteraction responseIdentifier="RESPONSE_1404801475516" class="maxima-formula show-latex show-syntax-error" /></p><p>Hinweise zur Formeleingabe:</p><ul><li>\(3x\) = 3*x, \(x\cdot y\) = x*y, \(\frac{x}{y}\) = x/y, \(x^y\) = x^y</li><li>Verwenden Sie, falls notwendig, ganzzahlige Brüche.</li><li>Durch Klicken auf die ?-Schaltfläche können Sie Ihre Formel vor Speichern der Antwort zunächst überprüfen.</li></ul></p></p></itemBody><responseProcessing><responseCondition><responseIf><customOperator definition="MAXIMA" value="is(equal(ev($(1)),ev($(2))));"><variable identifier="RESPONSE_1404801475516" /><correct identifier="RESPONSE_1404801475516" /></customOperator><setOutcomeValue identifier="SCORE"><sum><variable identifier="SCORE" /><baseValue baseType="float">1</baseValue></sum></setOutcomeValue></responseIf></responseCondition><responseCondition><responseIf><not><isNull><variable identifier="RESPONSE_1404801475516" /></isNull></not><setOutcomeValue identifier="FEEDBACKBASIC"><baseValue baseType="identifier">incorrect</baseValue></setOutcomeValue></responseIf></responseCondition><responseCondition><responseIf><and><not><match><variable identifier="FEEDBACKBASIC" /><baseValue baseType="identifier">empty</baseValue></match></not><equal toleranceMode="exact"><variable identifier="SCORE" /><variable identifier="MAXSCORE" /></equal></and><setOutcomeValue identifier="FEEDBACKBASIC"><baseValue baseType="identifier">correct</baseValue></setOutcomeValue></responseIf></responseCondition></responseProcessing></assessmentItem>
