<?xml version="1.0" encoding="UTF-8"?>
<assessmentItem xmlns="http://www.imsglobal.org/xsd/imsqti_v2p1" xmlns:xsi="http://www.w3.org/2001/XMLSchema-instance" xsi:schemaLocation="http://www.imsglobal.org/xsd/imsqti_v2p1 http://www.imsglobal.org/xsd/qti/qtiv2p1/imsqti_v2p1p1.xsd http://www.w3.org/1998/Math/MathML http://www.w3.org/Math/XMLSchema/mathml2/mathml2.xsd" identifier="idb6de4bb8-d9da-4a8a-8db3-cec63574f907" title="rechteck_parabel_01" adaptive="false" timeDependent="false"><responseDeclaration identifier="RESPONSE_1399371933567" cardinality="single" baseType="float"><correctResponse><value>0</value></correctResponse></responseDeclaration><responseDeclaration identifier="RESPONSE_1399371971821" cardinality="single" baseType="float"><correctResponse><value>0</value></correctResponse></responseDeclaration><outcomeDeclaration identifier="SCORE" cardinality="single" baseType="float"><defaultValue><value>0</value></defaultValue></outcomeDeclaration><outcomeDeclaration identifier="MAXSCORE" cardinality="single" baseType="float"><defaultValue><value>2</value></defaultValue></outcomeDeclaration><outcomeDeclaration identifier="FEEDBACKBASIC" cardinality="single" baseType="identifier" view="testConstructor"><defaultValue><value>empty</value></defaultValue></outcomeDeclaration><outcomeDeclaration identifier="FEEDBACKMODAL" cardinality="multiple" baseType="identifier" view="testConstructor" /><templateDeclaration identifier="b" cardinality="single" baseType="integer" /><templateDeclaration identifier="a_fact" cardinality="single" baseType="integer" /><templateDeclaration identifier="a" cardinality="single" baseType="integer" /><templateDeclaration identifier="x0" cardinality="single" baseType="float" /><templateDeclaration identifier="s" cardinality="single" baseType="float" /><templateDeclaration identifier="V" cardinality="single" baseType="float" /><templateProcessing><setTemplateValue identifier="b"><randomInteger min="2" max="5" /></setTemplateValue><setTemplateValue identifier="a_fact"><randomInteger min="1" max="5" /></setTemplateValue><setTemplateValue identifier="a"><customOperator definition="MAXIMA" value="float($(1)*$(2));"><variable identifier="a_fact" /><variable identifier="b" /></customOperator></setTemplateValue><setTemplateValue identifier="x0"><customOperator definition="MAXIMA" value="float(sqrt(2*$(1)/(6*$(2))));"><variable identifier="a" /><variable identifier="b" /></customOperator></setTemplateValue><setTemplateValue identifier="s"><customOperator definition="MAXIMA" value="float(2*$(1));"><variable identifier="x0" /></customOperator></setTemplateValue><setTemplateValue identifier="V"><customOperator definition="MAXIMA" value="float($(1)*($(2)-$(3)*$(4)^2));"><variable identifier="s" /><variable identifier="a" /><variable identifier="b" /><variable identifier="x0" /></customOperator></setTemplateValue><setCorrectResponse identifier="RESPONSE_1399371933567"><variable identifier="s" /></setCorrectResponse><setCorrectResponse identifier="RESPONSE_1399371971821"><variable identifier="V" /></setCorrectResponse></templateProcessing><itemBody ><table><tbody><tr><td><p>Finden Sie das Rechteck maximalen Flächeninhalts, welches von der \(x\) -Achse und der Parabel \(p(x)=<printedVariable identifier="a" />-<printedVariable identifier="b" />x^2\) eingeschlossen wird.</p><p>Geben Sie dessen Seitenlänge \(s\) sowie den zugehörigen maximalen Flächeninhalt \(A\) an!</p><p>\(s\) = <textEntryInteraction responseIdentifier="RESPONSE_1399371933567" expectedLength="5" placeholderText="0,000" /></p><p>\(A\) = <textEntryInteraction responseIdentifier="RESPONSE_1399371971821" expectedLength="5" placeholderText="0,000" /></p><p><strong>Sofern nötig, runden Sie Ihre Ergebnisse auf 3 Stellen nach dem Komma!</strong></p></td><td><img src="media%2Fmedium8381167845277465737parabel.png" alt="" width="350" height="338" />  </td></tr></tbody></table></itemBody><responseProcessing><responseCondition><responseIf><equal toleranceMode="absolute" tolerance="0.001 0.001" includeLowerBound="true" includeUpperBound="true"><variable identifier="RESPONSE_1399371933567" /><correct identifier="RESPONSE_1399371933567" /></equal><setOutcomeValue identifier="SCORE"><sum><variable identifier="SCORE" /><baseValue baseType="float">1</baseValue></sum></setOutcomeValue></responseIf></responseCondition><responseCondition><responseIf><not><isNull><variable identifier="RESPONSE_1399371933567" /></isNull></not><setOutcomeValue identifier="FEEDBACKBASIC"><baseValue baseType="identifier">incorrect</baseValue></setOutcomeValue></responseIf></responseCondition><responseCondition><responseIf><equal toleranceMode="absolute" tolerance="0.001 0.001" includeLowerBound="true" includeUpperBound="true"><variable identifier="RESPONSE_1399371971821" /><correct identifier="RESPONSE_1399371971821" /></equal><setOutcomeValue identifier="SCORE"><sum><variable identifier="SCORE" /><baseValue baseType="float">1</baseValue></sum></setOutcomeValue></responseIf></responseCondition><responseCondition><responseIf><not><isNull><variable identifier="RESPONSE_1399371971821" /></isNull></not><setOutcomeValue identifier="FEEDBACKBASIC"><baseValue baseType="identifier">incorrect</baseValue></setOutcomeValue></responseIf></responseCondition><responseCondition><responseIf><and><not><match><variable identifier="FEEDBACKBASIC" /><baseValue baseType="identifier">empty</baseValue></match></not><equal toleranceMode="exact"><variable identifier="SCORE" /><variable identifier="MAXSCORE" /></equal></and><setOutcomeValue identifier="FEEDBACKBASIC"><baseValue baseType="identifier">correct</baseValue></setOutcomeValue></responseIf></responseCondition><responseCondition><responseIf><and><match><baseValue baseType="identifier">incorrect</baseValue><variable identifier="FEEDBACKBASIC" /></match></and><setOutcomeValue identifier="FEEDBACKMODAL"><multiple><variable identifier="FEEDBACKMODAL" /><baseValue baseType="identifier">Feedback1498390406</baseValue></multiple></setOutcomeValue></responseIf></responseCondition></responseProcessing><modalFeedback  identifier="Feedback1498390406" outcomeIdentifier="FEEDBACKMODAL" showHide="show" title="Musterlösung:"><p>Es sei \(p(x)=15-5x^2\).</p><p>Für jedes positive \(x\) zwischen den beiden Nullstellen ist der Flächinhalt des Rechtecks gegeben durch</p><p>\(A(x)=2x\cdot(15-5x^2)\) ( Breite \(s=2x\) mal Höhe \(p(x)\) ).</p><p>Der Flächeninhalt soll maximal werden, d.h. wir setzen \(A'(x)=30-30x^2=0\).</p><p>Daraus erhält man die Extremstellen \(x=\pm1\).</p><p><strong>Endergebnis:</strong> \(s=2\), \(A=20\).</p></modalFeedback></assessmentItem>
