<?xml version="1.0" encoding="UTF-8"?>
<manifest
	xmlns="http://www.imsglobal.org/xsd/imscp_v1p1"
	xmlns:xsi="http://www.w3.org/2001/XMLSchema-instance" 
	xsi:schemaLocation="http://www.imsglobal.org/xsd/imscp_v1p1 http://www.imsglobal.org/xsd/qti/qtiv2p1/qtiv2p1_imscpv1p2_v1p0.xsd 
											http://www.imsglobal.org/xsd/imsqti_v2p1 http://www.imsglobal.org/xsd/qti/qtiv2p1/imsqti_v2p1p1.xsd 
											http://www.imsglobal.org/xsd/imsqti_metadata_v2p1 http://www.imsglobal.org/xsd/qti/qtiv2p1/imsqti_metadata_v2p1p1.xsd
											http://ltsc.ieee.org/xsd/LOM http://www.imsglobal.org/xsd/imsmd_loose_v1p3p2.xsd"
	identifier="manifestID">
	<metadata>
		<schema>QTIv2.1 Package</schema>
    <schemaversion>1.0.0</schemaversion>
  </metadata>
	<organizations />
	<resources>
		<resource identifier="idb6de4bb8_d9da_4a8a_8db3_cec63574f907" type="imsqti_item_xmlv2p1" href="idb6de4bb8-d9da-4a8a-8db3-cec63574f907.xml"><metadata><lom xmlns="http://ltsc.ieee.org/xsd/LOM"><general ><identifier><entry>idb6de4bb8-d9da-4a8a-8db3-cec63574f907</entry></identifier><title><string language="de">rechteck_parabel_01</string></title><description><string language="de">Bestimmung des Rechtecks maximalen Flächeninhalts, eingeschlossen zwischen dem Funktionsgraphen einer gegebenen Parabel und der x-Achse.&#xD;
&#xD;
Hilfsmittel: Taschenrechner</string></description><keyword><string language="de">Extremwert</string></keyword><keyword><string language="de">Parabel</string></keyword><keyword><string language="de">Parabel</string></keyword><keyword><string language="de">Parabel</string></keyword><keyword><string language="de">Parabel</string></keyword><keyword><string language="de">Parabel</string></keyword><keyword><string language="de">maximaler Flächeninhalt</string></keyword><keyword><string language="de">maximaler Flächeninhalt</string></keyword><keyword><string language="de">maximaler Flächeninhalt</string></keyword><keyword><string language="de">maximaler Flächeninhalt</string></keyword><keyword><string language="de">maximaler Flächeninhalt</string></keyword></general><lifeCycle ><contribute><date><dateTime>2014-09-10T10:01:22</dateTime></date><role><source>LOMv1.0</source><value>author</value></role><entity>BEGIN:VCARD&#xD;
VERSION:4.0&#xD;
N;LANGUAGE=de:Morschel;Christoph;;;&#xD;
FN:Christoph Morschel&#xD;
EMAIL:christoph.morschel@htwk-leipzig.de&#xD;
PRODID:ONYX Editor 5.9.6&#xD;
END:VCARD&#xD;
</entity></contribute></lifeCycle><educational ><learningResourceType><source>QTIv2.1</source><value>AssessmentItem</value></learningResourceType><difficulty><source>LOMv1.0</source><value></value></difficulty></educational><classification ><purpose><source>LOMv1.0</source><value>discipline</value></purpose><taxonPath><source><string language="de">Unknown</string></source><taxon><entry><string language="de">Mathematik.Analysis.Differentialrechnung.Extremwertaufgaben</string></entry></taxon></taxonPath></classification><classification ><purpose><source>LOMv1.0</source><value>educational objective</value></purpose><taxonPath><source><string language="de">Bloom's taxonomy</string></source><taxon><entry><string language="de">application</string></entry></taxon></taxonPath></classification><qtiMetadata xmlns="http://www.imsglobal.org/xsd/imsqti_metadata_v2p1"><interactionType >textEntryInteraction</interactionType><toolName >ONYX Editor</toolName><toolVersion >5.6</toolVersion><toolVendor >BPS Bildungsportal Sachsen GmbH</toolVendor></qtiMetadata></lom></metadata><file href="idb6de4bb8-d9da-4a8a-8db3-cec63574f907.xml" /><file href="media/medium8381167845277465737parabel.png" /></resource>
	</resources>
</manifest>
