<?xml version="1.0" encoding="UTF-8"?>
<assessmentItem xmlns="http://www.imsglobal.org/xsd/imsqti_v2p1" xmlns:xsi="http://www.w3.org/2001/XMLSchema-instance" xsi:schemaLocation="http://www.imsglobal.org/xsd/imsqti_v2p1 http://www.imsglobal.org/xsd/qti/qtiv2p1/imsqti_v2p1p1.xsd http://www.w3.org/1998/Math/MathML http://www.w3.org/Math/XMLSchema/mathml2/mathml2.xsd" identifier="id63a890bd-9a99-4a06-a3be-e9a744094502" title="Stammfunktion1" adaptive="false" timeDependent="false"><responseDeclaration identifier="RESPONSE_1" cardinality="multiple" baseType="identifier"><correctResponse><value>ida1daa59f-a6f6-4dc6-8766-29c73bb4fe03</value><value>id8e87c193-003f-42ca-b0ef-d361239c3ecc</value><value>ida0b49035-9ba2-4543-b677-27e25a38775a</value><value>id8459e2e2-4ea0-4a5b-a38c-37bb8273da42</value></correctResponse><mapping defaultValue="0" lowerBound="0.0"><mapEntry mapKey="ida1daa59f-a6f6-4dc6-8766-29c73bb4fe03" mappedValue="0.75" /><mapEntry mapKey="id8e87c193-003f-42ca-b0ef-d361239c3ecc" mappedValue="0.75" /><mapEntry mapKey="ida0b49035-9ba2-4543-b677-27e25a38775a" mappedValue="0.75" /><mapEntry mapKey="id5296b7f4-131b-4148-bdb3-5919198c887c" mappedValue="-1.5" /><mapEntry mapKey="id8459e2e2-4ea0-4a5b-a38c-37bb8273da42" mappedValue="0.75" /><mapEntry mapKey="ide62fa7da-9713-4421-9a0c-f53c747d5005" mappedValue="-1.5" /></mapping></responseDeclaration><outcomeDeclaration identifier="SCORE" cardinality="single" baseType="float"><defaultValue><value>0</value></defaultValue></outcomeDeclaration><outcomeDeclaration identifier="MAXSCORE" cardinality="single" baseType="float"><defaultValue><value>3</value></defaultValue></outcomeDeclaration><outcomeDeclaration identifier="FEEDBACKBASIC" cardinality="single" baseType="identifier" view="testConstructor"><defaultValue><value>empty</value></defaultValue></outcomeDeclaration><outcomeDeclaration identifier="FEEDBACKMODAL" cardinality="multiple" baseType="identifier" view="testConstructor" /><templateDeclaration identifier="a" cardinality="single" baseType="integer" /><templateDeclaration identifier="k" cardinality="single" baseType="integer" /><templateDeclaration identifier="c" cardinality="single" baseType="integer" /><templateDeclaration identifier="b" cardinality="single" baseType="integer" /><templateDeclaration identifier="d" cardinality="single" baseType="integer" /><templateDeclaration identifier="e" cardinality="single" baseType="integer" /><templateProcessing><setTemplateValue identifier="a"><randomInteger min="1" max="7" /></setTemplateValue><setTemplateValue identifier="k"><randomInteger min="2" max="8" /></setTemplateValue><setTemplateValue identifier="c"><randomInteger min="1" max="8" /></setTemplateValue><setTemplateValue identifier="b"><randomInteger min="1" max="9" /></setTemplateValue><setTemplateValue identifier="d"><randomInteger min="1" max="10" /></setTemplateValue><setTemplateValue identifier="e"><randomInteger min="1" max="9" /></setTemplateValue></templateProcessing><itemBody ><p>Setze einen Haken an jede Funktion die eine Stammfunktion auf ihrem Definitionsbereich (inneres des Konvergenzbereiches im Fall einer Potenzreihe) besitzt.</p><p> </p><choiceInteraction responseIdentifier="RESPONSE_1" shuffle="false" maxChoices="0"><simpleChoice identifier="ida1daa59f-a6f6-4dc6-8766-29c73bb4fe03"><p>\( <printedVariable identifier="a" />\cdot  z^<printedVariable identifier="k" /> \cdot \mathrm i - <printedVariable identifier="c" /> \)</p></simpleChoice><simpleChoice identifier="id8e87c193-003f-42ca-b0ef-d361239c3ecc"><p>\( \sin(<printedVariable identifier="b" />\cdot  z^2)\)</p></simpleChoice><simpleChoice identifier="ida0b49035-9ba2-4543-b677-27e25a38775a"><p>$$\sum_{j=0}^{\infty} 200 ^{j} ( z - \mathrm i + <printedVariable identifier="d" />)^{j+2} $$</p></simpleChoice><simpleChoice identifier="id5296b7f4-131b-4148-bdb3-5919198c887c"><p>\( <printedVariable identifier="e" />x - <printedVariable identifier="b" />\cdot y \cdot \mathrm i + <printedVariable identifier="c" />\)  für \( z = x + y \mathrm i \in \mathbb C \)</p></simpleChoice><simpleChoice identifier="id8459e2e2-4ea0-4a5b-a38c-37bb8273da42"><p>\( <printedVariable identifier="a" />\cdot e^{x}\cdot e^{y\cdot  \mathrm i} \) für \( z = x + y \mathrm i \in \mathbb C\)</p></simpleChoice><simpleChoice identifier="ide62fa7da-9713-4421-9a0c-f53c747d5005"><p>\( \frac{<printedVariable identifier="a" />}{z}\) auf \( \mathbb C \backslash \{0\}\)</p></simpleChoice></choiceInteraction></itemBody><responseProcessing><responseCondition><responseIf><not><isNull><variable identifier="RESPONSE_1" /></isNull></not><setOutcomeValue identifier="SCORE"><sum><variable identifier="SCORE" /><mapResponse identifier="RESPONSE_1" /></sum></setOutcomeValue><setOutcomeValue identifier="FEEDBACKBASIC"><baseValue baseType="identifier">incorrect</baseValue></setOutcomeValue></responseIf></responseCondition><responseCondition><responseIf><and><not><match><variable identifier="FEEDBACKBASIC" /><baseValue baseType="identifier">empty</baseValue></match></not><equal toleranceMode="exact"><variable identifier="SCORE" /><variable identifier="MAXSCORE" /></equal></and><setOutcomeValue identifier="FEEDBACKBASIC"><baseValue baseType="identifier">correct</baseValue></setOutcomeValue></responseIf></responseCondition><responseCondition><responseIf><and><match><baseValue baseType="identifier">incorrect</baseValue><variable identifier="FEEDBACKBASIC" /></match></and><setOutcomeValue identifier="FEEDBACKMODAL"><multiple><variable identifier="FEEDBACKMODAL" /><baseValue baseType="identifier">Feedback896990124</baseValue></multiple></setOutcomeValue></responseIf></responseCondition></responseProcessing><modalFeedback  identifier="Feedback896990124" outcomeIdentifier="FEEDBACKMODAL" showHide="show"><p>Beachte, dass einige Funktionen, die eingeschränkt auf die reellen Zahlen dort eine Stammfunktion besitzen, keine Stammfunktion auf ihrem ganzen komplexen Definitionsbereich haben.</p><p> </p></modalFeedback></assessmentItem>
