<?xml version="1.0" encoding="UTF-8"?>
<assessmentItem xmlns="http://www.imsglobal.org/xsd/imsqti_v2p1" xmlns:xsi="http://www.w3.org/2001/XMLSchema-instance" xsi:schemaLocation="http://www.imsglobal.org/xsd/imsqti_v2p1 http://www.imsglobal.org/xsd/qti/qtiv2p1/imsqti_v2p1p1.xsd http://www.w3.org/1998/Math/MathML http://www.w3.org/Math/XMLSchema/mathml2/mathml2.xsd" identifier="id77709520-11f5-4a01-b5dc-3a6efeb1b664" title="Kuvenlänge" adaptive="false" timeDependent="false"><responseDeclaration identifier="RESPONSE_1415797919421" cardinality="single" baseType="float"><correctResponse><value>0</value></correctResponse></responseDeclaration><outcomeDeclaration identifier="SCORE" cardinality="single" baseType="float"><defaultValue><value>0</value></defaultValue></outcomeDeclaration><outcomeDeclaration identifier="MAXSCORE" cardinality="single" baseType="float"><defaultValue><value>2</value></defaultValue></outcomeDeclaration><outcomeDeclaration identifier="FEEDBACKBASIC" cardinality="single" baseType="identifier" view="testConstructor"><defaultValue><value>empty</value></defaultValue></outcomeDeclaration><templateDeclaration identifier="a" cardinality="single" baseType="integer" /><templateDeclaration identifier="b" cardinality="single" baseType="integer" /><templateDeclaration identifier="3a" cardinality="single" baseType="integer" /><templateDeclaration identifier="x1" cardinality="single" baseType="integer" /><templateDeclaration identifier="x2" cardinality="single" baseType="integer" /><templateDeclaration identifier="rx1" cardinality="single" baseType="integer" /><templateDeclaration identifier="rx2" cardinality="single" baseType="integer" /><templateDeclaration identifier="f" cardinality="single" baseType="float" /><templateDeclaration identifier="L" cardinality="single" baseType="float" /><templateProcessing><setTemplateValue identifier="a"><randomInteger min="1" max="7" /></setTemplateValue><setTemplateValue identifier="b"><randomInteger min="2" max="7" /></setTemplateValue><setTemplateValue identifier="3a"><customOperator definition="MAXIMA" value="float(3*$(1));"><variable identifier="a" /></customOperator></setTemplateValue><setTemplateValue identifier="x1"><randomInteger min="1" max="4" /></setTemplateValue><setTemplateValue identifier="x2"><customOperator definition="MAXIMA" value="float($(1)+2);"><variable identifier="x1" /></customOperator></setTemplateValue><setTemplateValue identifier="rx1"><customOperator definition="MAXIMA" value="float(($(1)*$(2)+$(3)+1)^3);"><variable identifier="a" /><variable identifier="x1" /><variable identifier="b" /></customOperator></setTemplateValue><setTemplateValue identifier="rx2"><customOperator definition="MAXIMA" value="float(($(1)*$(2)+$(3)+1)^3);"><variable identifier="a" /><variable identifier="x2" /><variable identifier="b" /></customOperator></setTemplateValue><setTemplateValue identifier="f"><customOperator definition="MAXIMA" value="float(2/(3*$(1)));"><variable identifier="a" /></customOperator></setTemplateValue><setTemplateValue identifier="L"><customOperator definition="MAXIMA" value="float($(1)*(sqrt($(2))-sqrt($(3))));"><variable identifier="f" /><variable identifier="rx2" /><variable identifier="rx1" /></customOperator></setTemplateValue><setCorrectResponse identifier="RESPONSE_1415797919421"><variable identifier="L" /></setCorrectResponse></templateProcessing><itemBody ><p><p>Berechne die Länge \(L\) Kurve $$ \gamma(t) = t + \frac{2}{<printedVariable identifier="3a" />}\cdot \sqrt{(<printedVariable identifier="a" />t+<printedVariable identifier="b" />)^3}\cdot \mathrm i \in \mathbb C$$   mit \(t \in  I = [<printedVariable identifier="x1" />, <printedVariable identifier="x2" /> ] \)</p><p>Runde \(L\) auf zwei Nachkommastellen, z.B. runde 2.2345 zu 2.23</p><p>\(L\) = <textEntryInteraction responseIdentifier="RESPONSE_1415797919421" expectedLength="7" /></p><p> </p></p></itemBody><responseProcessing><responseCondition><responseIf><equal toleranceMode="absolute" tolerance="0.1 0.1" includeLowerBound="true" includeUpperBound="true"><variable identifier="RESPONSE_1415797919421" /><correct identifier="RESPONSE_1415797919421" /></equal><setOutcomeValue identifier="SCORE"><sum><variable identifier="SCORE" /><baseValue baseType="float">2</baseValue></sum></setOutcomeValue></responseIf></responseCondition><responseCondition><responseIf><not><isNull><variable identifier="RESPONSE_1415797919421" /></isNull></not><setOutcomeValue identifier="FEEDBACKBASIC"><baseValue baseType="identifier">incorrect</baseValue></setOutcomeValue></responseIf></responseCondition><responseCondition><responseIf><and><not><match><variable identifier="FEEDBACKBASIC" /><baseValue baseType="identifier">empty</baseValue></match></not><equal toleranceMode="exact"><variable identifier="SCORE" /><variable identifier="MAXSCORE" /></equal></and><setOutcomeValue identifier="FEEDBACKBASIC"><baseValue baseType="identifier">correct</baseValue></setOutcomeValue></responseIf></responseCondition></responseProcessing></assessmentItem>
