<?xml version="1.0" encoding="UTF-8"?>
<assessmentItem xmlns="http://www.imsglobal.org/xsd/imsqti_v2p1" xmlns:xsi="http://www.w3.org/2001/XMLSchema-instance" xsi:schemaLocation="http://www.imsglobal.org/xsd/imsqti_v2p1 http://www.imsglobal.org/xsd/qti/qtiv2p1/imsqti_v2p1p1.xsd http://www.w3.org/1998/Math/MathML http://www.w3.org/Math/XMLSchema/mathml2/mathml2.xsd" identifier="ide941b0f5-fd59-4448-8da6-fac55d7a53c2" title="betragsungleichung_04" adaptive="false" timeDependent="false"><responseDeclaration identifier="RESPONSE_1409312943346" cardinality="single" baseType="float"><correctResponse><value>0</value></correctResponse></responseDeclaration><responseDeclaration identifier="RESPONSE_1409312949040" cardinality="single" baseType="string" /><responseDeclaration identifier="RESPONSE_1409312955078" cardinality="single" baseType="string" /><outcomeDeclaration identifier="SCORE" cardinality="single" baseType="float"><defaultValue><value>0</value></defaultValue></outcomeDeclaration><outcomeDeclaration identifier="MAXSCORE" cardinality="single" baseType="float"><defaultValue><value>3</value></defaultValue></outcomeDeclaration><outcomeDeclaration identifier="FEEDBACKBASIC" cardinality="single" baseType="identifier" view="testConstructor"><defaultValue><value>empty</value></defaultValue></outcomeDeclaration><outcomeDeclaration identifier="FEEDBACKMODAL" cardinality="multiple" baseType="identifier" view="testConstructor" /><templateDeclaration identifier="form" cardinality="single" baseType="integer" /><templateDeclaration identifier="relation" cardinality="single" baseType="string" /><templateDeclaration identifier="a" cardinality="single" baseType="integer" /><templateDeclaration identifier="b" cardinality="single" baseType="integer" /><templateDeclaration identifier="c" cardinality="single" baseType="integer" /><templateDeclaration identifier="d" cardinality="single" baseType="integer" /><templateDeclaration identifier="b-d" cardinality="single" baseType="integer" /><templateDeclaration identifier="a+c" cardinality="single" baseType="integer" /><templateDeclaration identifier="b+d" cardinality="single" baseType="integer" /><templateDeclaration identifier="a-c" cardinality="single" baseType="integer" /><templateDeclaration identifier="help" cardinality="single" baseType="string" /><templateDeclaration identifier="l1_tex" cardinality="single" baseType="string" /><templateDeclaration identifier="l2_tex" cardinality="single" baseType="string" /><templateProcessing><setTemplateValue identifier="form"><random><multiple><baseValue baseType="integer">1</baseValue><baseValue baseType="integer">2</baseValue><baseValue baseType="integer">3</baseValue><baseValue baseType="integer">4</baseValue></multiple></random></setTemplateValue><setTemplateValue identifier="relation"><random><multiple><baseValue baseType="string">\leq</baseValue><baseValue baseType="string">\geq</baseValue><baseValue baseType="string">&lt;</baseValue><baseValue baseType="string">&gt;</baseValue></multiple></random></setTemplateValue><templateCondition><templateIf><match><variable identifier="form" /><baseValue baseType="integer">1</baseValue></match><setTemplateValue identifier="relation"><random><multiple><baseValue baseType="string">&gt;</baseValue></multiple></random></setTemplateValue></templateIf><templateElseIf><match><variable identifier="form" /><baseValue baseType="integer">2</baseValue></match><setTemplateValue identifier="relation"><random><multiple><baseValue baseType="string">\geq</baseValue></multiple></random></setTemplateValue></templateElseIf><templateElseIf><match><variable identifier="form" /><baseValue baseType="integer">3</baseValue></match><setTemplateValue identifier="relation"><random><multiple><baseValue baseType="string">&lt;</baseValue></multiple></random></setTemplateValue></templateElseIf><templateElseIf><match><variable identifier="form" /><baseValue baseType="integer">4</baseValue></match><setTemplateValue identifier="relation"><random><multiple><baseValue baseType="string">\leq</baseValue></multiple></random></setTemplateValue></templateElseIf></templateCondition><setTemplateValue identifier="a"><randomInteger min="4" max="6" /></setTemplateValue><setTemplateValue identifier="b"><randomInteger min="1" max="5" /></setTemplateValue><setTemplateValue identifier="c"><randomInteger min="2" max="3" /></setTemplateValue><setTemplateValue identifier="d"><randomInteger min="1" max="6" /></setTemplateValue><setTemplateValue identifier="b-d"><customOperator definition="MAXIMA" value="float($(1)-$(2));"><variable identifier="b" /><variable identifier="d" /></customOperator></setTemplateValue><setTemplateValue identifier="a+c"><customOperator definition="MAXIMA" value="float($(1)+$(2));"><variable identifier="a" /><variable identifier="c" /></customOperator></setTemplateValue><setTemplateValue identifier="b+d"><customOperator definition="MAXIMA" value="float($(1)+$(2));"><variable identifier="b" /><variable identifier="d" /></customOperator></setTemplateValue><setTemplateValue identifier="a-c"><customOperator definition="MAXIMA" value="float($(1)-$(2));"><variable identifier="a" /><variable identifier="c" /></customOperator></setTemplateValue><setTemplateValue identifier="help"><random><multiple><baseValue baseType="string">&lt;</baseValue><baseValue baseType="string">&gt;</baseValue><baseValue baseType="string">\geq</baseValue><baseValue baseType="string">\leq</baseValue></multiple></random></setTemplateValue><templateCondition><templateIf><match><variable identifier="form" /><baseValue baseType="integer">1</baseValue></match><setTemplateValue identifier="help"><random><multiple><baseValue baseType="string">&lt;</baseValue></multiple></random></setTemplateValue></templateIf><templateElseIf><match><variable identifier="form" /><baseValue baseType="integer">2</baseValue></match><setTemplateValue identifier="help"><random><multiple><baseValue baseType="string">\leq</baseValue></multiple></random></setTemplateValue></templateElseIf><templateElseIf><match><variable identifier="form" /><baseValue baseType="integer">3</baseValue></match><setTemplateValue identifier="help"><random><multiple><baseValue baseType="string">&gt;</baseValue></multiple></random></setTemplateValue></templateElseIf><templateElseIf><match><variable identifier="form" /><baseValue baseType="integer">4</baseValue></match><setTemplateValue identifier="help"><random><multiple><baseValue baseType="string">\geq</baseValue></multiple></random></setTemplateValue></templateElseIf></templateCondition><setTemplateValue identifier="l1_tex"><customOperator definition="MAXIMA" value="tex1($(1)/$(2))"><variable identifier="b-d" /><variable identifier="a+c" /></customOperator></setTemplateValue><setTemplateValue identifier="l2_tex"><customOperator definition="MAXIMA" value="tex1($(1)/$(2))"><variable identifier="b+d" /><variable identifier="a-c" /></customOperator></setTemplateValue><setCorrectResponse identifier="RESPONSE_1409312949040"><customOperator definition="VARIABLESTRING" value="$(1)/$(2)"><variable identifier="b-d" /><variable identifier="a+c" /></customOperator></setCorrectResponse><setCorrectResponse identifier="RESPONSE_1409312955078"><customOperator definition="VARIABLESTRING" value="$(1)/$(2)"><variable identifier="b+d" /><variable identifier="a-c" /></customOperator></setCorrectResponse><setCorrectResponse identifier="RESPONSE_1409312943346"><variable identifier="form" /></setCorrectResponse></templateProcessing><itemBody ><p>Wir betrachten die Ungleichung $$|<printedVariable identifier="a" />x - <printedVariable identifier="b" />| <printedVariable identifier="relation" /> <printedVariable identifier="c" />x + <printedVariable identifier="d" />$$.</p><p>Welche Form hat die Lösungsmenge?</p><p>Form<strong> 1:</strong> \( \mathcal L = (-\infty, a) \cup (b, \infty)\)</p><p>Form<strong> 2:</strong> \( \mathcal L = (-\infty, a] \cup [b, \infty)\)</p><p>Form<strong> 3:</strong> \( \mathcal L = (a, b)\)</p><p>Form<strong> 4:</strong> \( \mathcal L = [a, b]\)</p><p> </p><p><strong>Lösung:</strong></p><p>Die Lösungsmenge ist von der Form<textEntryInteraction responseIdentifier="RESPONSE_1409312943346" expectedLength="3" /> (geben Sie 1, 2, 3 oder 4 ein!).</p><p>Dabei sind \(a =\)<textEntryInteraction responseIdentifier="RESPONSE_1409312949040" expectedLength="3" /> und \(b =\)<textEntryInteraction responseIdentifier="RESPONSE_1409312955078" expectedLength="3" />.</p><p><strong>Hinweise zur Eingabe:</strong></p><ul><li>Sie können Brüche in der Form \(\frac xy=\) <strong>x/y</strong> eingeben! Geben Sie bitte <strong>keine Kommazahlen</strong> ein!</li><li>Beispiel: \(\frac13=\) <strong>1/3</strong>, <span style="text-decoration: underline;">nicht</span> <strong>0.3333</strong>... !</li></ul></itemBody><responseProcessing><responseCondition><responseIf><equal toleranceMode="exact"><variable identifier="RESPONSE_1409312943346" /><correct identifier="RESPONSE_1409312943346" /></equal><setOutcomeValue identifier="SCORE"><sum><variable identifier="SCORE" /><baseValue baseType="float">1</baseValue></sum></setOutcomeValue></responseIf></responseCondition><responseCondition><responseIf><not><isNull><variable identifier="RESPONSE_1409312943346" /></isNull></not><setOutcomeValue identifier="FEEDBACKBASIC"><baseValue baseType="identifier">incorrect</baseValue></setOutcomeValue></responseIf></responseCondition><responseCondition><responseIf><customOperator definition="MAXIMA" value="is(equal(ev($(1)),ev($(2))));"><variable identifier="RESPONSE_1409312949040" /><correct identifier="RESPONSE_1409312949040" /></customOperator><setOutcomeValue identifier="SCORE"><sum><variable identifier="SCORE" /><baseValue baseType="float">1</baseValue></sum></setOutcomeValue></responseIf></responseCondition><responseCondition><responseIf><not><isNull><variable identifier="RESPONSE_1409312949040" /></isNull></not><setOutcomeValue identifier="FEEDBACKBASIC"><baseValue baseType="identifier">incorrect</baseValue></setOutcomeValue></responseIf></responseCondition><responseCondition><responseIf><customOperator definition="MAXIMA" value="is(equal(ev($(1)),ev($(2))));"><variable identifier="RESPONSE_1409312955078" /><correct identifier="RESPONSE_1409312955078" /></customOperator><setOutcomeValue identifier="SCORE"><sum><variable identifier="SCORE" /><baseValue baseType="float">1</baseValue></sum></setOutcomeValue></responseIf></responseCondition><responseCondition><responseIf><not><isNull><variable identifier="RESPONSE_1409312955078" /></isNull></not><setOutcomeValue identifier="FEEDBACKBASIC"><baseValue baseType="identifier">incorrect</baseValue></setOutcomeValue></responseIf></responseCondition><responseCondition><responseIf><and><not><match><variable identifier="FEEDBACKBASIC" /><baseValue baseType="identifier">empty</baseValue></match></not><equal toleranceMode="exact"><variable identifier="SCORE" /><variable identifier="MAXSCORE" /></equal></and><setOutcomeValue identifier="FEEDBACKBASIC"><baseValue baseType="identifier">correct</baseValue></setOutcomeValue></responseIf></responseCondition><responseCondition><responseIf><and><match><baseValue baseType="identifier">correct</baseValue><variable identifier="FEEDBACKBASIC" /></match></and><setOutcomeValue identifier="FEEDBACKMODAL"><multiple><variable identifier="FEEDBACKMODAL" /><baseValue baseType="identifier">Feedback1835282453</baseValue></multiple></setOutcomeValue></responseIf></responseCondition><responseCondition><responseIf><and><match><baseValue baseType="identifier">incorrect</baseValue><variable identifier="FEEDBACKBASIC" /></match></and><setOutcomeValue identifier="FEEDBACKMODAL"><multiple><variable identifier="FEEDBACKMODAL" /><baseValue baseType="identifier">Feedback1125313036</baseValue></multiple></setOutcomeValue></responseIf></responseCondition></responseProcessing><modalFeedback  identifier="Feedback1835282453" outcomeIdentifier="FEEDBACKMODAL" showHide="show" title="Richtig!"><p>Lösung:</p><p>$$1.\ Fall\ \Big(<printedVariable identifier="a" />x - <printedVariable identifier="b" /> \geq 0,\ d.h. \ x\geq \frac{<printedVariable identifier="b" />}{<printedVariable identifier="a" />}\Big):  \quad<printedVariable identifier="a" />x - <printedVariable identifier="b" /> <printedVariable identifier="relation" /> <printedVariable identifier="c" />x + <printedVariable identifier="d" /> \;\iff\; x <printedVariable identifier="relation" /> \frac{<printedVariable identifier="b+d" />}{<printedVariable identifier="a-c" />}\qquad\qquad\qquad\quad \Rightarrow\mathcal L_1 = \Big\{x\in \mathbb R:x\geq \frac{<printedVariable identifier="b" />}{<printedVariable identifier="a" />}\Big\} \cap \Big\{x\in \mathbb R:x <printedVariable identifier="relation" /> \frac{<printedVariable identifier="b+d" />}{<printedVariable identifier="a-c" />}\Big\}$$</p><p>$$2.\ Fall\ \Big(<printedVariable identifier="a" />x - <printedVariable identifier="b" /> \leq 0,\ d.h.  x\leq \frac{<printedVariable identifier="b" />}{<printedVariable identifier="a" />}\Big):  \quad-<printedVariable identifier="a" />x + <printedVariable identifier="b" /> <printedVariable identifier="relation" /> <printedVariable identifier="c" />x + <printedVariable identifier="d" />\;\iff\; x <printedVariable identifier="help" /> \frac{<printedVariable identifier="b-d" />}{<printedVariable identifier="a+c" />}\qquad\qquad\qquad \Rightarrow\mathcal L_2 = \Big\{x\in \mathbb R:x\leq \frac{<printedVariable identifier="b" />}{<printedVariable identifier="a" />}\Big\} \cap \Big\{x\in \mathbb R:x <printedVariable identifier="help" /> \frac{<printedVariable identifier="b-d" />}{<printedVariable identifier="a+c" />}\Big\}$$</p><p> </p><p>$$\implies \mathcal L = \mathcal L_1 \cup \mathcal L_2$$</p><p>$$\;\text{d.h.  Form <printedVariable identifier="form" /> mit} \;\; a=\frac{<printedVariable identifier="b-d" />}{<printedVariable identifier="a+c" />}, \ b=\frac{<printedVariable identifier="b+d" />}{<printedVariable identifier="a-c" />}$$</p></modalFeedback><modalFeedback  identifier="Feedback1125313036" outcomeIdentifier="FEEDBACKMODAL" showHide="show" title="Leider falsch!"><p>Lösung:</p><p>1. Fall$$ \Big(<printedVariable identifier="a" />x - <printedVariable identifier="b" /> \geq 0,\ d.h. \ x\geq \frac{<printedVariable identifier="b" />}{<printedVariable identifier="a" />}\Big):  \quad<printedVariable identifier="a" />x - <printedVariable identifier="b" /> <printedVariable identifier="relation" /> <printedVariable identifier="c" />x + <printedVariable identifier="d" /> \;\iff\; x <printedVariable identifier="relation" /> \frac{<printedVariable identifier="b+d" />}{<printedVariable identifier="a-c" />}\qquad\qquad\qquad\quad \Rightarrow\mathcal L_1 = \Big\{x\in \mathbb R:x\geq \frac{<printedVariable identifier="b" />}{<printedVariable identifier="a" />}\Big\} \cap \Big\{x\in \mathbb R:x <printedVariable identifier="relation" /> \frac{<printedVariable identifier="b+d" />}{<printedVariable identifier="a-c" />}\Big\}$$</p><p>2. Fall$$ \Big(<printedVariable identifier="a" />x - <printedVariable identifier="b" /> \leq 0,\ d.h.  x\leq \frac{<printedVariable identifier="b" />}{<printedVariable identifier="a" />}\Big):  \quad-<printedVariable identifier="a" />x + <printedVariable identifier="b" /> <printedVariable identifier="relation" /> <printedVariable identifier="c" />x + <printedVariable identifier="d" />\;\iff\; x <printedVariable identifier="help" /> \frac{<printedVariable identifier="b-d" />}{<printedVariable identifier="a+c" />}\qquad\qquad\qquad \Rightarrow\mathcal L_2 = \Big\{x\in \mathbb R:x\leq \frac{<printedVariable identifier="b" />}{<printedVariable identifier="a" />}\Big\} \cap \Big\{x\in \mathbb R:x <printedVariable identifier="help" /> \frac{<printedVariable identifier="b-d" />}{<printedVariable identifier="a+c" />}\Big\}$$</p><p> </p><p>$$\implies \mathcal L = \mathcal L_1 \cup \mathcal L_2$$</p><p>d.h.  Form <strong><printedVariable identifier="form" /></strong> mit  $$\;\; a=<printedVariable identifier="l1_tex" />, \ b=<printedVariable identifier="l2_tex" />$$</p></modalFeedback></assessmentItem>
