<?xml version="1.0" encoding="UTF-8"?>
<assessmentItem xmlns="http://www.imsglobal.org/xsd/imsqti_v2p1" xmlns:xsi="http://www.w3.org/2001/XMLSchema-instance" xsi:schemaLocation="http://www.imsglobal.org/xsd/imsqti_v2p1 http://www.imsglobal.org/xsd/qti/qtiv2p1/imsqti_v2p1p1.xsd http://www.w3.org/1998/Math/MathML http://www.w3.org/Math/XMLSchema/mathml2/mathml2.xsd" identifier="id94994cf6-f044-4aaf-a1f6-4e87ce236dc1" title="gauss-quadratur_01" adaptive="false" timeDependent="false"><responseDeclaration identifier="RESPONSE_1396426967729" cardinality="single" baseType="string"><correctResponse><value>Gauß</value></correctResponse><mapping defaultValue="0"><mapEntry mapKey="Gauß" mappedValue="1" caseSensitive="false" /><mapEntry mapKey="Gauss" mappedValue="1" caseSensitive="false" /></mapping></responseDeclaration><responseDeclaration identifier="RESPONSE_1396426984000" cardinality="single" baseType="string"><correctResponse><value>Legendre</value></correctResponse><mapping defaultValue="0"><mapEntry mapKey="Legendre" mappedValue="1" caseSensitive="false" /></mapping></responseDeclaration><outcomeDeclaration identifier="SCORE" cardinality="single" baseType="float"><defaultValue><value>0</value></defaultValue></outcomeDeclaration><outcomeDeclaration identifier="MAXSCORE" cardinality="single" baseType="float"><defaultValue><value>2</value></defaultValue></outcomeDeclaration><outcomeDeclaration identifier="FEEDBACKBASIC" cardinality="single" baseType="identifier" view="testConstructor"><defaultValue><value>empty</value></defaultValue></outcomeDeclaration><itemBody ><p><p>Ein Beispiel für ein numerisches Integrationsverfahren mit größtmöglichem Exaktheitsgrad ist die <textEntryInteraction responseIdentifier="RESPONSE_1396426967729" />-Quadratur. 
Dabei sind die Gewichte definiert über die Integrale der <textEntryInteraction responseIdentifier="RESPONSE_1396426984000" />-Polynome.</p></p></itemBody><responseProcessing><responseCondition><responseIf><not><isNull><variable identifier="RESPONSE_1396426967729" /></isNull></not><setOutcomeValue identifier="SCORE"><sum><variable identifier="SCORE" /><mapResponse identifier="RESPONSE_1396426967729" /></sum></setOutcomeValue><setOutcomeValue identifier="FEEDBACKBASIC"><baseValue baseType="identifier">incorrect</baseValue></setOutcomeValue></responseIf></responseCondition><responseCondition><responseIf><not><isNull><variable identifier="RESPONSE_1396426984000" /></isNull></not><setOutcomeValue identifier="SCORE"><sum><variable identifier="SCORE" /><mapResponse identifier="RESPONSE_1396426984000" /></sum></setOutcomeValue><setOutcomeValue identifier="FEEDBACKBASIC"><baseValue baseType="identifier">incorrect</baseValue></setOutcomeValue></responseIf></responseCondition><responseCondition><responseIf><and><not><match><variable identifier="FEEDBACKBASIC" /><baseValue baseType="identifier">empty</baseValue></match></not><equal toleranceMode="exact"><variable identifier="SCORE" /><variable identifier="MAXSCORE" /></equal></and><setOutcomeValue identifier="FEEDBACKBASIC"><baseValue baseType="identifier">correct</baseValue></setOutcomeValue></responseIf></responseCondition></responseProcessing></assessmentItem>
