<?xml version="1.0" encoding="UTF-8"?>
<assessmentItem xmlns="http://www.imsglobal.org/xsd/imsqti_v2p1" xmlns:xsi="http://www.w3.org/2001/XMLSchema-instance" xsi:schemaLocation="http://www.imsglobal.org/xsd/imsqti_v2p1 http://www.imsglobal.org/xsd/qti/qtiv2p1/imsqti_v2p1p1.xsd http://www.w3.org/1998/Math/MathML http://www.w3.org/Math/XMLSchema/mathml2/mathml2.xsd" identifier="idcc131f2e-8efd-4752-8cc0-3affc08a0976" title="zuordnung_normalengleichungen_01" adaptive="false" timeDependent="false"><responseDeclaration identifier="RESPONSE_1" cardinality="multiple" baseType="directedPair"><correctResponse><value>id4c05680e-5ea8-4bd2-a297-9d61829d59af idb004181e-b82e-44ee-9929-3e9faf983ae0</value><value>id3dd94253-a623-4c95-ba08-5c7b423e56a4 id27566f48-195c-4d76-9662-0718726cc99d</value></correctResponse></responseDeclaration><outcomeDeclaration identifier="SCORE" cardinality="single" baseType="float"><defaultValue><value>0</value></defaultValue></outcomeDeclaration><outcomeDeclaration identifier="MAXSCORE" cardinality="single" baseType="float"><defaultValue><value>1</value></defaultValue></outcomeDeclaration><outcomeDeclaration identifier="FEEDBACKBASIC" cardinality="single" baseType="identifier"><defaultValue><value>empty</value></defaultValue></outcomeDeclaration><itemBody ><p>Ordnen Sie einander zu!</p><matchInteraction responseIdentifier="RESPONSE_1" shuffle="true" maxAssociations="0"><simpleMatchSet><simpleAssociableChoice identifier="id4c05680e-5ea8-4bd2-a297-9d61829d59af" fixed="false" matchMax="1"><p>\(\large A^*Ax=A^*b\)</p></simpleAssociableChoice><simpleAssociableChoice identifier="id3dd94253-a623-4c95-ba08-5c7b423e56a4" fixed="false" matchMax="1"><p>\(\;\large x=A^*y \;\text{ mit }\; AA^*y=b\;\) </p></simpleAssociableChoice></simpleMatchSet><simpleMatchSet><simpleAssociableChoice identifier="idb004181e-b82e-44ee-9929-3e9faf983ae0" fixed="false" matchMax="1"><p>Normalengleichung 1. Art</p></simpleAssociableChoice><simpleAssociableChoice identifier="id27566f48-195c-4d76-9662-0718726cc99d" fixed="false" matchMax="1"><p>Normalengleichung 2. Art</p></simpleAssociableChoice></simpleMatchSet></matchInteraction></itemBody><responseProcessing><responseCondition><responseIf><isNull><variable identifier="RESPONSE_1" /></isNull><setOutcomeValue identifier="FEEDBACKBASIC"><baseValue baseType="identifier">empty</baseValue></setOutcomeValue></responseIf><responseElseIf><match><variable identifier="RESPONSE_1" /><correct identifier="RESPONSE_1" /></match><setOutcomeValue identifier="SCORE"><sum><variable identifier="SCORE" /><variable identifier="MAXSCORE" /></sum></setOutcomeValue><setOutcomeValue identifier="FEEDBACKBASIC"><baseValue baseType="identifier">correct</baseValue></setOutcomeValue></responseElseIf><responseElse><setOutcomeValue identifier="FEEDBACKBASIC"><baseValue baseType="identifier">incorrect</baseValue></setOutcomeValue></responseElse></responseCondition></responseProcessing></assessmentItem>
