<?xml version="1.0" encoding="UTF-8"?>
<assessmentItem xmlns="http://www.imsglobal.org/xsd/imsqti_v2p1" xmlns:xsi="http://www.w3.org/2001/XMLSchema-instance" xsi:schemaLocation="http://www.imsglobal.org/xsd/imsqti_v2p1 http://www.imsglobal.org/xsd/qti/qtiv2p1/imsqti_v2p1p1.xsd http://www.w3.org/1998/Math/MathML http://www.w3.org/Math/XMLSchema/mathml2/mathml2.xsd" identifier="idab921efc-1c28-482e-a26b-06453110f15d" title="ungleichung_04" adaptive="false" timeDependent="false"><responseDeclaration identifier="RESPONSE_1409296902956" cardinality="single" baseType="float"><correctResponse><value>0</value></correctResponse></responseDeclaration><responseDeclaration identifier="RESPONSE_1409296645165" cardinality="single" baseType="string" /><responseDeclaration identifier="RESPONSE_1409299181179" cardinality="single" baseType="string" /><outcomeDeclaration identifier="SCORE" cardinality="single" baseType="float"><defaultValue><value>0</value></defaultValue></outcomeDeclaration><outcomeDeclaration identifier="MAXSCORE" cardinality="single" baseType="float"><defaultValue><value>3</value></defaultValue></outcomeDeclaration><outcomeDeclaration identifier="FEEDBACKBASIC" cardinality="single" baseType="identifier" view="testConstructor"><defaultValue><value>empty</value></defaultValue></outcomeDeclaration><outcomeDeclaration identifier="FEEDBACKMODAL" cardinality="multiple" baseType="identifier" view="testConstructor" /><templateDeclaration identifier="a" cardinality="single" baseType="integer" /><templateDeclaration identifier="sgn_a" cardinality="single" baseType="string" /><templateDeclaration identifier="b" cardinality="single" baseType="integer" /><templateDeclaration identifier="sgn_b" cardinality="single" baseType="string" /><templateDeclaration identifier="c" cardinality="single" baseType="integer" /><templateDeclaration identifier="d" cardinality="single" baseType="integer" /><templateDeclaration identifier="h" cardinality="single" baseType="integer" /><templateDeclaration identifier="relation" cardinality="single" baseType="string" /><templateDeclaration identifier="z" cardinality="single" baseType="integer" /><templateDeclaration identifier="n" cardinality="single" baseType="integer" /><templateDeclaration identifier="max" cardinality="single" baseType="string" /><templateDeclaration identifier="min" cardinality="single" baseType="string" /><templateDeclaration identifier="pm" cardinality="single" baseType="string" /><templateDeclaration identifier="b-z/n" cardinality="single" baseType="float" /><templateDeclaration identifier="s" cardinality="single" baseType="integer" /><templateDeclaration identifier="form" cardinality="single" baseType="integer" /><templateDeclaration identifier="l1_tex" cardinality="single" baseType="string" /><templateDeclaration identifier="l2_tex" cardinality="single" baseType="string" /><templateProcessing><setTemplateValue identifier="a"><random><multiple><baseValue baseType="integer">3</baseValue><baseValue baseType="integer">4</baseValue><baseValue baseType="integer">6</baseValue></multiple></random></setTemplateValue><setTemplateValue identifier="sgn_a"><random><multiple><baseValue baseType="string">+</baseValue><baseValue baseType="string">-</baseValue></multiple></random></setTemplateValue><setTemplateValue identifier="b"><random><multiple><baseValue baseType="integer">1</baseValue><baseValue baseType="integer">2</baseValue><baseValue baseType="integer">5</baseValue></multiple></random></setTemplateValue><setTemplateValue identifier="sgn_b"><random><multiple><baseValue baseType="string">+</baseValue><baseValue baseType="string">-</baseValue></multiple></random></setTemplateValue><setTemplateValue identifier="c"><randomInteger min="1" max="3" /></setTemplateValue><setTemplateValue identifier="d"><randomInteger min="4" max="8" /></setTemplateValue><setTemplateValue identifier="h"><random><multiple><baseValue baseType="integer">1</baseValue><baseValue baseType="integer">3</baseValue></multiple></random></setTemplateValue><setTemplateValue identifier="relation"><random><multiple><baseValue baseType="string">\leq</baseValue><baseValue baseType="string">\geq</baseValue></multiple></random></setTemplateValue><templateCondition><templateIf><match><variable identifier="h" /><baseValue baseType="integer">1</baseValue></match><setTemplateValue identifier="relation"><random><multiple><baseValue baseType="string">\geq</baseValue></multiple></random></setTemplateValue></templateIf><templateElse><setTemplateValue identifier="relation"><random><multiple><baseValue baseType="string">\leq</baseValue></multiple></random></setTemplateValue></templateElse></templateCondition><setTemplateValue identifier="z"><customOperator definition="MAXIMA" value="float($(1)$(2)*$(3)-$(4)$(5)*$(6));"><variable identifier="sgn_b" /><variable identifier="b" /><variable identifier="c" /><variable identifier="sgn_a" /><variable identifier="a" /><variable identifier="d" /></customOperator></setTemplateValue><setTemplateValue identifier="n"><customOperator definition="MAXIMA" value="float($(1)-$(2));"><variable identifier="d" /><variable identifier="c" /></customOperator></setTemplateValue><setTemplateValue identifier="max"><customOperator definition="MAXIMA" value="string(max(-$(1)$(2), $(3)/$(4)))"><variable identifier="sgn_b" /><variable identifier="b" /><variable identifier="z" /><variable identifier="n" /></customOperator></setTemplateValue><setTemplateValue identifier="min"><customOperator definition="MAXIMA" value="string(min(-$(1)$(2), $(3)/$(4)))"><variable identifier="sgn_b" /><variable identifier="b" /><variable identifier="z" /><variable identifier="n" /></customOperator></setTemplateValue><setTemplateValue identifier="pm"><random><multiple><baseValue baseType="string">+</baseValue><baseValue baseType="string">-</baseValue></multiple></random></setTemplateValue><templateCondition><templateIf><lt><variable identifier="z/n" /><baseValue baseType="integer">0</baseValue></lt><setTemplateValue identifier="pm"><random><multiple><baseValue baseType="string">+</baseValue></multiple></random></setTemplateValue></templateIf><templateElse><setTemplateValue identifier="pm"><random><multiple><baseValue baseType="string">-</baseValue></multiple></random></setTemplateValue></templateElse></templateCondition><setTemplateValue identifier="b-z/n"><customOperator definition="MAXIMA" value="float(-$(1)$(2) - {z/n});"><variable identifier="sgn_b" /><variable identifier="b" /></customOperator></setTemplateValue><setTemplateValue identifier="s"><random><multiple><baseValue baseType="integer">0</baseValue></multiple></random></setTemplateValue><templateCondition><templateIf><gt><variable identifier="b-z/n" /><baseValue baseType="integer">0</baseValue></gt><setTemplateValue identifier="s"><random><multiple><baseValue baseType="integer">1</baseValue></multiple></random></setTemplateValue></templateIf><templateElse><setTemplateValue identifier="s"><random><multiple><baseValue baseType="integer">0</baseValue></multiple></random></setTemplateValue></templateElse></templateCondition><setTemplateValue identifier="form"><customOperator definition="MAXIMA" value="float($(1) + $(2));"><variable identifier="h" /><variable identifier="s" /></customOperator></setTemplateValue><setTemplateValue identifier="l1_tex"><customOperator definition="MAXIMA" value="tex1($(1))"><variable identifier="min" /></customOperator></setTemplateValue><setTemplateValue identifier="l2_tex"><customOperator definition="MAXIMA" value="tex1($(1))"><variable identifier="max" /></customOperator></setTemplateValue><setCorrectResponse identifier="RESPONSE_1409296645165"><customOperator definition="VARIABLESTRING" value="$(1)"><variable identifier="min" /></customOperator></setCorrectResponse><setCorrectResponse identifier="RESPONSE_1409299181179"><customOperator definition="VARIABLESTRING" value="$(1)"><variable identifier="max" /></customOperator></setCorrectResponse><setCorrectResponse identifier="RESPONSE_1409296902956"><variable identifier="form" /></setCorrectResponse></templateProcessing><itemBody ><p>Wir betrachten die Ungleichung $$\frac{x <printedVariable identifier="sgn_a" /><printedVariable identifier="a" />}{x <printedVariable identifier="sgn_b" /><printedVariable identifier="b" />} <printedVariable identifier="relation" /> \frac{<printedVariable identifier="c" />}{<printedVariable identifier="d" />}$$.</p><p>Welche Form hat die Lösungsmenge?</p><p><strong>Form 1:</strong> \( \mathcal L = (-\infty, a) \cup [b, \infty)\)</p><p><strong>Form 2:</strong> \( \mathcal L = (-\infty, a] \cup (b, \infty)\)</p><p><strong>Form 3:</strong> \( \mathcal L = (a, b]\)</p><p><strong>Form 4:</strong> \( \mathcal L = [a, b)\)</p><p> </p><p><strong>Lösung:</strong> Die Lösungsmenge ist von der Form<textEntryInteraction responseIdentifier="RESPONSE_1409296902956" expectedLength="3" /> (bitte geben Sie 1, 2, 3 oder 4 ein!). Dabei sind \(a =\)<textEntryInteraction responseIdentifier="RESPONSE_1409296645165" expectedLength="3" /> und \(b =\)<textEntryInteraction responseIdentifier="RESPONSE_1409299181179" expectedLength="3" />.</p><p><strong>Hinweis:  </strong>Geben Sie Brüche bitte wie folgt ein: \[\frac xy =\] <strong>x/y. </strong>Geben Sie bitte <strong>keine Kommazahlen</strong> ein!</p><p>                z.B. \[\tfrac13 =\] <strong>1/3</strong> und <span style="text-decoration: underline;">nicht</span> <strong>0.3333</strong>...!</p></itemBody><responseProcessing><responseCondition><responseIf><equal toleranceMode="exact"><variable identifier="RESPONSE_1409296902956" /><correct identifier="RESPONSE_1409296902956" /></equal><setOutcomeValue identifier="SCORE"><sum><variable identifier="SCORE" /><baseValue baseType="float">1</baseValue></sum></setOutcomeValue></responseIf></responseCondition><responseCondition><responseIf><not><isNull><variable identifier="RESPONSE_1409296902956" /></isNull></not><setOutcomeValue identifier="FEEDBACKBASIC"><baseValue baseType="identifier">incorrect</baseValue></setOutcomeValue></responseIf></responseCondition><responseCondition><responseIf><customOperator definition="MAXIMA" value="is(equal(ev($(1)),ev($(2))));"><variable identifier="RESPONSE_1409296645165" /><correct identifier="RESPONSE_1409296645165" /></customOperator><setOutcomeValue identifier="SCORE"><sum><variable identifier="SCORE" /><baseValue baseType="float">1</baseValue></sum></setOutcomeValue></responseIf></responseCondition><responseCondition><responseIf><not><isNull><variable identifier="RESPONSE_1409296645165" /></isNull></not><setOutcomeValue identifier="FEEDBACKBASIC"><baseValue baseType="identifier">incorrect</baseValue></setOutcomeValue></responseIf></responseCondition><responseCondition><responseIf><customOperator definition="MAXIMA" value="is(equal(ev($(1)),ev($(2))));"><variable identifier="RESPONSE_1409299181179" /><correct identifier="RESPONSE_1409299181179" /></customOperator><setOutcomeValue identifier="SCORE"><sum><variable identifier="SCORE" /><baseValue baseType="float">1</baseValue></sum></setOutcomeValue></responseIf></responseCondition><responseCondition><responseIf><not><isNull><variable identifier="RESPONSE_1409299181179" /></isNull></not><setOutcomeValue identifier="FEEDBACKBASIC"><baseValue baseType="identifier">incorrect</baseValue></setOutcomeValue></responseIf></responseCondition><responseCondition><responseIf><and><not><match><variable identifier="FEEDBACKBASIC" /><baseValue baseType="identifier">empty</baseValue></match></not><equal toleranceMode="exact"><variable identifier="SCORE" /><variable identifier="MAXSCORE" /></equal></and><setOutcomeValue identifier="FEEDBACKBASIC"><baseValue baseType="identifier">correct</baseValue></setOutcomeValue></responseIf></responseCondition><responseCondition><responseIf><and><match><baseValue baseType="identifier">correct</baseValue><variable identifier="FEEDBACKBASIC" /></match></and><setOutcomeValue identifier="FEEDBACKMODAL"><multiple><variable identifier="FEEDBACKMODAL" /><baseValue baseType="identifier">Feedback220037199</baseValue></multiple></setOutcomeValue></responseIf></responseCondition><responseCondition><responseIf><and><match><baseValue baseType="identifier">incorrect</baseValue><variable identifier="FEEDBACKBASIC" /></match></and><setOutcomeValue identifier="FEEDBACKMODAL"><multiple><variable identifier="FEEDBACKMODAL" /><baseValue baseType="identifier">Feedback3493256</baseValue></multiple></setOutcomeValue></responseIf></responseCondition></responseProcessing><modalFeedback  identifier="Feedback220037199" outcomeIdentifier="FEEDBACKMODAL" showHide="show" title="Richtig!" /><modalFeedback  identifier="Feedback3493256" outcomeIdentifier="FEEDBACKMODAL" showHide="show" title="Leider falsch!"><p>Lösungshinweis:</p><p>Um auf die Lösung zu kommen, muss man die Ungleichung kreuzweise multiplizieren.</p><p>Dabei ist jedoch darauf zu achten, dass eine Fallunterscheidung nötig ist, denn der Nenner des ersten Bruchs kann auch negativ werden.</p><p>Damit kommt man auf die zwei Lösungen \( a= <printedVariable identifier="l1_tex" />\) und \(b = <printedVariable identifier="l2_tex" />\), die Lösungsmenge ist dabei von der Form <strong><printedVariable identifier="form" /></strong>.</p></modalFeedback></assessmentItem>
