<?xml version="1.0" encoding="UTF-8"?>
<assessmentItem xmlns="http://www.imsglobal.org/xsd/imsqti_v2p1" xmlns:xsi="http://www.w3.org/2001/XMLSchema-instance" xsi:schemaLocation="http://www.imsglobal.org/xsd/imsqti_v2p1 http://www.imsglobal.org/xsd/qti/qtiv2p1/imsqti_v2p1p1.xsd http://www.w3.org/1998/Math/MathML http://www.w3.org/Math/XMLSchema/mathml2/mathml2.xsd" identifier="id36bc544f-abc7-4be2-8c8a-6785cf2ccf95" title="tangente_quadr_funktion_01" adaptive="false" timeDependent="false"><responseDeclaration identifier="RESPONSE_1396883071496" cardinality="single" baseType="float"><correctResponse><value>0</value></correctResponse></responseDeclaration><responseDeclaration identifier="RESPONSE_1396883085159" cardinality="single" baseType="float"><correctResponse><value>0</value></correctResponse></responseDeclaration><outcomeDeclaration identifier="SCORE" cardinality="single" baseType="float"><defaultValue><value>0</value></defaultValue></outcomeDeclaration><outcomeDeclaration identifier="MAXSCORE" cardinality="single" baseType="float"><defaultValue><value>2</value></defaultValue></outcomeDeclaration><outcomeDeclaration identifier="FEEDBACKBASIC" cardinality="single" baseType="identifier" view="testConstructor"><defaultValue><value>empty</value></defaultValue></outcomeDeclaration><outcomeDeclaration identifier="FEEDBACKMODAL" cardinality="multiple" baseType="identifier" view="testConstructor" /><templateDeclaration identifier="a" cardinality="single" baseType="integer" /><templateDeclaration identifier="a_pm" cardinality="single" baseType="string" /><templateDeclaration identifier="b" cardinality="single" baseType="integer" /><templateDeclaration identifier="b_pm" cardinality="single" baseType="string" /><templateDeclaration identifier="c" cardinality="single" baseType="integer" /><templateDeclaration identifier="c_pm" cardinality="single" baseType="string" /><templateDeclaration identifier="x0" cardinality="single" baseType="integer" /><templateDeclaration identifier="f_x0" cardinality="single" baseType="float" /><templateDeclaration identifier="df_x0" cardinality="single" baseType="float" /><templateDeclaration identifier="n" cardinality="single" baseType="float" /><templateProcessing><setTemplateValue identifier="a"><randomInteger min="2" max="3" /></setTemplateValue><setTemplateValue identifier="a_pm"><random><multiple><baseValue baseType="string">+</baseValue><baseValue baseType="string">-</baseValue></multiple></random></setTemplateValue><setTemplateValue identifier="b"><randomInteger min="2" max="4" /></setTemplateValue><setTemplateValue identifier="b_pm"><random><multiple><baseValue baseType="string">+</baseValue><baseValue baseType="string">-</baseValue></multiple></random></setTemplateValue><setTemplateValue identifier="c"><randomInteger min="1" max="4" /></setTemplateValue><setTemplateValue identifier="c_pm"><random><multiple><baseValue baseType="string">+</baseValue><baseValue baseType="string">-</baseValue></multiple></random></setTemplateValue><setTemplateValue identifier="x0"><random><multiple><baseValue baseType="integer">-3</baseValue><baseValue baseType="integer">-2</baseValue><baseValue baseType="integer">-1</baseValue><baseValue baseType="integer">1</baseValue><baseValue baseType="integer">2</baseValue><baseValue baseType="integer">3</baseValue></multiple></random></setTemplateValue><setTemplateValue identifier="f_x0"><customOperator definition="MAXIMA" value="float($(1)$(2)*($(3))^2$(4)$(5)*$(6)$(7)$(8));"><variable identifier="a_pm" /><variable identifier="a" /><variable identifier="x0" /><variable identifier="b_pm" /><variable identifier="b" /><variable identifier="x0" /><variable identifier="c_pm" /><variable identifier="c" /></customOperator></setTemplateValue><setTemplateValue identifier="df_x0"><customOperator definition="MAXIMA" value="float($(1)2*$(2)*$(3)$(4)$(5));"><variable identifier="a_pm" /><variable identifier="a" /><variable identifier="x0" /><variable identifier="b_pm" /><variable identifier="b" /></customOperator></setTemplateValue><setTemplateValue identifier="n"><customOperator definition="MAXIMA" value="float($(1)-$(2)*$(3));"><variable identifier="f_x0" /><variable identifier="df_x0" /><variable identifier="x0" /></customOperator></setTemplateValue><setCorrectResponse identifier="RESPONSE_1396883071496"><variable identifier="df_x0" /></setCorrectResponse><setCorrectResponse identifier="RESPONSE_1396883085159"><variable identifier="n" /></setCorrectResponse></templateProcessing><itemBody ><p>Gegeben sei die Funktion \(f(x)=<printedVariable identifier="a_pm" /><printedVariable identifier="a" />x^2<printedVariable identifier="b_pm" /><printedVariable identifier="b" />x<printedVariable identifier="c_pm" /><printedVariable identifier="c" />\). Geben Sie die Gleichung der Tangente \(t(x)\) im Punkt \(x_0=<printedVariable identifier="x0" />\) an!</p><p>Lösung: \(t(x)\) = <textEntryInteraction responseIdentifier="RESPONSE_1396883071496" expectedLength="3" /> \(x\) + <textEntryInteraction responseIdentifier="RESPONSE_1396883085159" expectedLength="3" /></p></itemBody><responseProcessing><responseCondition><responseIf><equal toleranceMode="exact"><variable identifier="RESPONSE_1396883071496" /><correct identifier="RESPONSE_1396883071496" /></equal><setOutcomeValue identifier="SCORE"><sum><variable identifier="SCORE" /><baseValue baseType="float">1</baseValue></sum></setOutcomeValue></responseIf></responseCondition><responseCondition><responseIf><not><isNull><variable identifier="RESPONSE_1396883071496" /></isNull></not><setOutcomeValue identifier="FEEDBACKBASIC"><baseValue baseType="identifier">incorrect</baseValue></setOutcomeValue></responseIf></responseCondition><responseCondition><responseIf><equal toleranceMode="exact"><variable identifier="RESPONSE_1396883085159" /><correct identifier="RESPONSE_1396883085159" /></equal><setOutcomeValue identifier="SCORE"><sum><variable identifier="SCORE" /><baseValue baseType="float">1</baseValue></sum></setOutcomeValue></responseIf></responseCondition><responseCondition><responseIf><not><isNull><variable identifier="RESPONSE_1396883085159" /></isNull></not><setOutcomeValue identifier="FEEDBACKBASIC"><baseValue baseType="identifier">incorrect</baseValue></setOutcomeValue></responseIf></responseCondition><responseCondition><responseIf><and><not><match><variable identifier="FEEDBACKBASIC" /><baseValue baseType="identifier">empty</baseValue></match></not><equal toleranceMode="exact"><variable identifier="SCORE" /><variable identifier="MAXSCORE" /></equal></and><setOutcomeValue identifier="FEEDBACKBASIC"><baseValue baseType="identifier">correct</baseValue></setOutcomeValue></responseIf></responseCondition><responseCondition><responseIf><and><match><baseValue baseType="identifier">incorrect</baseValue><variable identifier="FEEDBACKBASIC" /></match></and><setOutcomeValue identifier="FEEDBACKMODAL"><multiple><variable identifier="FEEDBACKMODAL" /><baseValue baseType="identifier">Feedback1567430972</baseValue></multiple></setOutcomeValue></responseIf></responseCondition></responseProcessing><modalFeedback  identifier="Feedback1567430972" outcomeIdentifier="FEEDBACKMODAL" showHide="show" title="Lösungshinweis:"><p>Es soll die Tangente an die Funktion \(f\) im Punkt \(x_0\) angelegt werden.</p><p>Die Tangente hat die Form \(t(x)=mx+n\), wobei \(m\) und \(n\) zu bestimmen sind.</p><p>Sowohl Anstieg als auch Funktionswert der Tangente und von \(f\) müssen in \(x_0\) übereinstimmen.</p><p>Demnach ist \(m=f'(x_0)\). Nun kann \(n\) bestimmt werden:</p><p>Es muss gelten \(f(x_0)=m x_0+n\). Da \(m\) schon bestimmt wurde, müssen wir nur noch nach \(n\) umstellen.</p></modalFeedback></assessmentItem>
