<?xml version="1.0" encoding="UTF-8"?>
<assessmentItem xmlns="http://www.imsglobal.org/xsd/imsqti_v2p1" xmlns:xsi="http://www.w3.org/2001/XMLSchema-instance" xsi:schemaLocation="http://www.imsglobal.org/xsd/imsqti_v2p1 http://www.imsglobal.org/xsd/qti/qtiv2p1/imsqti_v2p1p1.xsd http://www.w3.org/1998/Math/MathML http://www.w3.org/Math/XMLSchema/mathml2/mathml2.xsd" identifier="id93f7bbce-91cf-46c2-861c-a6b645ddddb8" title="asymptote_parabel_01" adaptive="false" timeDependent="false"><responseDeclaration identifier="RESPONSE_1404803627242" cardinality="single" baseType="string" /><outcomeDeclaration identifier="SCORE" cardinality="single" baseType="float"><defaultValue><value>0</value></defaultValue></outcomeDeclaration><outcomeDeclaration identifier="MAXSCORE" cardinality="single" baseType="float"><defaultValue><value>1</value></defaultValue></outcomeDeclaration><outcomeDeclaration identifier="FEEDBACKBASIC" cardinality="single" baseType="identifier" view="testConstructor"><defaultValue><value>empty</value></defaultValue></outcomeDeclaration><templateDeclaration identifier="a" cardinality="single" baseType="integer" /><templateDeclaration identifier="b" cardinality="single" baseType="integer" /><templateDeclaration identifier="c" cardinality="single" baseType="integer" /><templateDeclaration identifier="d" cardinality="single" baseType="integer" /><templateDeclaration identifier="e" cardinality="single" baseType="integer" /><templateDeclaration identifier="f" cardinality="single" baseType="integer" /><templateDeclaration identifier="ae" cardinality="single" baseType="integer" /><templateDeclaration identifier="afpbe" cardinality="single" baseType="integer" /><templateDeclaration identifier="bfpce" cardinality="single" baseType="integer" /><templateDeclaration identifier="cfpd" cardinality="single" baseType="integer" /><templateProcessing><setTemplateValue identifier="a"><randomInteger min="2" max="4" /></setTemplateValue><setTemplateValue identifier="b"><randomInteger min="1" max="10" /></setTemplateValue><setTemplateValue identifier="c"><randomInteger min="1" max="10" /></setTemplateValue><setTemplateValue identifier="d"><randomInteger min="1" max="10" /></setTemplateValue><setTemplateValue identifier="e"><randomInteger min="2" max="4" /></setTemplateValue><setTemplateValue identifier="f"><randomInteger min="1" max="10" /></setTemplateValue><setTemplateValue identifier="ae"><customOperator definition="MAXIMA" value="float($(1)*$(2));"><variable identifier="a" /><variable identifier="e" /></customOperator></setTemplateValue><setTemplateValue identifier="afpbe"><customOperator definition="MAXIMA" value="float($(1)*$(2)+$(3)*$(4));"><variable identifier="a" /><variable identifier="f" /><variable identifier="b" /><variable identifier="e" /></customOperator></setTemplateValue><setTemplateValue identifier="bfpce"><customOperator definition="MAXIMA" value="float($(1)*$(2)+$(3)*$(4));"><variable identifier="b" /><variable identifier="f" /><variable identifier="c" /><variable identifier="e" /></customOperator></setTemplateValue><setTemplateValue identifier="cfpd"><customOperator definition="MAXIMA" value="float($(1)*$(2)+$(3));"><variable identifier="c" /><variable identifier="f" /><variable identifier="d" /></customOperator></setTemplateValue><setCorrectResponse identifier="RESPONSE_1404803627242"><customOperator definition="VARIABLESTRING" value="$(1)*x^2+$(2)*x+$(3)"><variable identifier="a" /><variable identifier="b" /><variable identifier="c" /></customOperator></setCorrectResponse></templateProcessing><itemBody ><p><p><p>Es sei die Funktion $$y(x) = \frac{<printedVariable identifier="ae" />x^3+<printedVariable identifier="afpbe" />x^2+<printedVariable identifier="bfpce" />x+<printedVariable identifier="cfpd" />}{<printedVariable identifier="e" />x+<printedVariable identifier="f" />}$$ gegeben.<br /><br />Bestimmen Sie die Asymptote $$t(x)$$ dieser Funktion!<br /><br />$$t(x)$$ =<textEntryInteraction responseIdentifier="RESPONSE_1404803627242" class="maxima-formula show-latex show-syntax-error" /></p><p>Hinweise zur Formeleingabe:</p><ul><li>\(3x\) = 3*x, \(x\cdot y\) = x*y, \(\frac{x}{y}\) = x/y, \(x^y\) = x^y</li><li>Verwenden Sie, falls notwendig, ganzzahlige Brüche.</li><li>Durch Klicken auf die ?-Schaltfläche können Sie Ihre Formel vor Speichern der Antwort zunächst überprüfen.</li></ul></p></p></itemBody><responseProcessing><responseCondition><responseIf><customOperator definition="MAXIMA" value="is(equal(ev($(1)),ev($(2))));"><variable identifier="RESPONSE_1404803627242" /><correct identifier="RESPONSE_1404803627242" /></customOperator><setOutcomeValue identifier="SCORE"><sum><variable identifier="SCORE" /><baseValue baseType="float">1</baseValue></sum></setOutcomeValue></responseIf></responseCondition><responseCondition><responseIf><not><isNull><variable identifier="RESPONSE_1404803627242" /></isNull></not><setOutcomeValue identifier="FEEDBACKBASIC"><baseValue baseType="identifier">incorrect</baseValue></setOutcomeValue></responseIf></responseCondition><responseCondition><responseIf><and><not><match><variable identifier="FEEDBACKBASIC" /><baseValue baseType="identifier">empty</baseValue></match></not><equal toleranceMode="exact"><variable identifier="SCORE" /><variable identifier="MAXSCORE" /></equal></and><setOutcomeValue identifier="FEEDBACKBASIC"><baseValue baseType="identifier">correct</baseValue></setOutcomeValue></responseIf></responseCondition></responseProcessing></assessmentItem>
