<?xml version="1.0" encoding="UTF-8"?>
<manifest
	xmlns="http://www.imsglobal.org/xsd/imscp_v1p1"
	xmlns:xsi="http://www.w3.org/2001/XMLSchema-instance" 
	xsi:schemaLocation="http://www.imsglobal.org/xsd/imscp_v1p1 http://www.imsglobal.org/xsd/qti/qtiv2p1/qtiv2p1_imscpv1p2_v1p0.xsd 
											http://www.imsglobal.org/xsd/imsqti_v2p1 http://www.imsglobal.org/xsd/qti/qtiv2p1/imsqti_v2p1p1.xsd 
											http://www.imsglobal.org/xsd/imsqti_metadata_v2p1 http://www.imsglobal.org/xsd/qti/qtiv2p1/imsqti_metadata_v2p1p1.xsd
											http://ltsc.ieee.org/xsd/LOM http://www.imsglobal.org/xsd/imsmd_loose_v1p3p2.xsd"
	identifier="manifestID">
	<metadata>
		<schema>QTIv2.1 Package</schema>
    <schemaversion>1.0.0</schemaversion>
  </metadata>
	<organizations />
	<resources>
		<resource identifier="iddeaae8ae_5c6b_4495_95bd_f6e4cd6f4ee8" type="imsqti_item_xmlv2p1" href="iddeaae8ae-5c6b-4495-95bd-f6e4cd6f4ee8.xml"><metadata><lom xmlns="http://ltsc.ieee.org/xsd/LOM"><general ><identifier><entry>iddeaae8ae-5c6b-4495-95bd-f6e4cd6f4ee8</entry></identifier><title><string language="en_US">kurvenintegral_01</string></title><language>de</language><keyword><string language="en_US">Kurvenintegral</string></keyword><keyword><string language="en_US">komplexe Integration</string></keyword></general><lifeCycle ><contribute><date><dateTime>2014-05-27T08:48:10</dateTime></date><role><source>LOMv1.0</source><value>author</value></role><entity>BEGIN:VCARD&#xD;
VERSION:4.0&#xD;
FN:nesfr@tu-chemnitz.de&#xD;
PRODID:ONYX Editor 5.6.1&#xD;
END:VCARD&#xD;
</entity></contribute></lifeCycle><educational ><learningResourceType><source>QTIv2.1</source><value>AssessmentItem</value></learningResourceType></educational><classification ><purpose><source>LOMv1.0</source><value>discipline</value></purpose><taxonPath><source><string language="en_US">Unknown</string></source><taxon><entry><string language="en_US">Mathematik.Analysis.Funktionentheorie.Komplexe Integration</string></entry></taxon></taxonPath></classification><qtiMetadata xmlns="http://www.imsglobal.org/xsd/imsqti_metadata_v2p1"><interactionType >textEntryInteraction</interactionType><toolName >ONYX Editor</toolName><toolVersion >4.8.1</toolVersion><toolVendor >BPS Bildungsportal Sachsen GmbH</toolVendor></qtiMetadata></lom></metadata><file href="iddeaae8ae-5c6b-4495-95bd-f6e4cd6f4ee8.xml" /></resource>
	</resources>
</manifest>
