<?xml version="1.0" encoding="UTF-8"?>
<assessmentItem xmlns="http://www.imsglobal.org/xsd/imsqti_v2p1" xmlns:xsi="http://www.w3.org/2001/XMLSchema-instance" xsi:schemaLocation="http://www.imsglobal.org/xsd/imsqti_v2p1 http://www.imsglobal.org/xsd/qti/qtiv2p1/imsqti_v2p1p1.xsd http://www.w3.org/1998/Math/MathML http://www.w3.org/Math/XMLSchema/mathml2/mathml2.xsd" identifier="id1dc1755f-cb02-408c-b4f9-8d6458212654" title="tangente_anstieg_01" adaptive="false" timeDependent="false"><responseDeclaration identifier="RESPONSE_1" cardinality="single" baseType="identifier"><correctResponse><value>id6b10ac5f-640e-4554-935c-a215d3df1f34</value></correctResponse></responseDeclaration><outcomeDeclaration identifier="SCORE" cardinality="single" baseType="float"><defaultValue><value>0</value></defaultValue></outcomeDeclaration><outcomeDeclaration identifier="MAXSCORE" cardinality="single" baseType="float"><defaultValue><value>1</value></defaultValue></outcomeDeclaration><outcomeDeclaration identifier="FEEDBACKBASIC" cardinality="single" baseType="identifier"><defaultValue><value>empty</value></defaultValue></outcomeDeclaration><outcomeDeclaration identifier="FEEDBACKMODAL" cardinality="multiple" baseType="identifier" view="testConstructor" /><templateDeclaration identifier="x" cardinality="single" baseType="integer" /><templateDeclaration identifier="p" cardinality="single" baseType="integer" /><templateDeclaration identifier="q" cardinality="single" baseType="integer" /><templateDeclaration identifier="qx" cardinality="single" baseType="integer" /><templateDeclaration identifier="q_1x" cardinality="single" baseType="integer" /><templateDeclaration identifier="qq" cardinality="single" baseType="integer" /><templateProcessing><setTemplateValue identifier="x"><randomInteger min="1" max="3" /></setTemplateValue><setTemplateValue identifier="p"><randomInteger min="2" max="4" /></setTemplateValue><setTemplateValue identifier="q"><randomInteger min="5" max="10" /></setTemplateValue><setTemplateValue identifier="qx"><customOperator definition="MAXIMA" value="float($(1)*$(2));"><variable identifier="q" /><variable identifier="x" /></customOperator></setTemplateValue><setTemplateValue identifier="q_1x"><customOperator definition="MAXIMA" value="float(($(1)-1)*$(2));"><variable identifier="q" /><variable identifier="x" /></customOperator></setTemplateValue><setTemplateValue identifier="qq"><customOperator definition="MAXIMA" value="float($(1)*$(2));"><variable identifier="q" /><variable identifier="q" /></customOperator></setTemplateValue></templateProcessing><itemBody ><p>Der Anstieg der Tangente an den Graphen der Funktion f mit \(\displaystyle f(x) = \frac<printedVariable identifier="p" />{<printedVariable identifier="q" />} \mathrm e^{<printedVariable identifier="q" />x}\) an der Stelle \(x_0 = <printedVariable identifier="x" />\) beträgt:</p><choiceInteraction responseIdentifier="RESPONSE_1" shuffle="true" maxChoices="1"><simpleChoice identifier="id6b10ac5f-640e-4554-935c-a215d3df1f34"><p>\[<printedVariable identifier="p" />\mathrm e^{<printedVariable identifier="qx" />}\]</p></simpleChoice><simpleChoice identifier="idcec1cf6a-6274-487a-8b6e-79ae6237abb7"><p>\[\frac<printedVariable identifier="p" />{<printedVariable identifier="q" />} \mathrm e^{<printedVariable identifier="qx" />}\]</p></simpleChoice><simpleChoice identifier="ide86ea210-c0a9-4db4-afd5-d6bbeb55ab3b"><p>\[<printedVariable identifier="p" />\mathrm e^{<printedVariable identifier="q_1x" />}\]</p></simpleChoice><simpleChoice identifier="id7e0dfb83-3f46-41e8-9f19-c30d56167f53"><p>\[\frac<printedVariable identifier="p" />{<printedVariable identifier="q" />} \mathrm e^{<printedVariable identifier="q_1x" />}\]</p></simpleChoice><simpleChoice identifier="ida80ec493-2d19-437f-931e-c23efca3e8be"><p>\[\frac<printedVariable identifier="p" />{<printedVariable identifier="qq" />}\mathrm e^{<printedVariable identifier="qx" />}\]</p></simpleChoice></choiceInteraction></itemBody><responseProcessing><responseCondition><responseIf><isNull><variable identifier="RESPONSE_1" /></isNull><setOutcomeValue identifier="FEEDBACKBASIC"><baseValue baseType="identifier">empty</baseValue></setOutcomeValue></responseIf><responseElseIf><match><variable identifier="RESPONSE_1" /><correct identifier="RESPONSE_1" /></match><setOutcomeValue identifier="SCORE"><sum><variable identifier="SCORE" /><variable identifier="MAXSCORE" /></sum></setOutcomeValue><setOutcomeValue identifier="FEEDBACKBASIC"><baseValue baseType="identifier">correct</baseValue></setOutcomeValue></responseElseIf><responseElse><setOutcomeValue identifier="FEEDBACKBASIC"><baseValue baseType="identifier">incorrect</baseValue></setOutcomeValue></responseElse></responseCondition><responseCondition><responseIf><and><match><baseValue baseType="identifier">correct</baseValue><variable identifier="FEEDBACKBASIC" /></match></and><setOutcomeValue identifier="FEEDBACKMODAL"><multiple><variable identifier="FEEDBACKMODAL" /><baseValue baseType="identifier">Feedback1124294633</baseValue></multiple></setOutcomeValue></responseIf></responseCondition><responseCondition><responseIf><and><match><baseValue baseType="identifier">incorrect</baseValue><variable identifier="FEEDBACKBASIC" /></match></and><setOutcomeValue identifier="FEEDBACKMODAL"><multiple><variable identifier="FEEDBACKMODAL" /><baseValue baseType="identifier">Feedback640579218</baseValue></multiple></setOutcomeValue></responseIf></responseCondition></responseProcessing><modalFeedback  identifier="Feedback1124294633" outcomeIdentifier="FEEDBACKMODAL" showHide="show" title="Richtig!" /><modalFeedback  identifier="Feedback640579218" outcomeIdentifier="FEEDBACKMODAL" showHide="show" title="Leider falsch!" /></assessmentItem>
