<?xml version="1.0" encoding="UTF-8"?>
<assessmentItem xmlns="http://www.imsglobal.org/xsd/imsqti_v2p1" xmlns:xsi="http://www.w3.org/2001/XMLSchema-instance" xsi:schemaLocation="http://www.imsglobal.org/xsd/imsqti_v2p1 http://www.imsglobal.org/xsd/qti/qtiv2p1/imsqti_v2p1p1.xsd http://www.w3.org/1998/Math/MathML http://www.w3.org/Math/XMLSchema/mathml2/mathml2.xsd" identifier="idee174d7a-9a50-4213-8c35-9ebaedd514b1" title="tangente_waagerecht_02" adaptive="false" timeDependent="false"><responseDeclaration identifier="RESPONSE_1410337670684" cardinality="single" baseType="string" /><responseDeclaration identifier="RESPONSE_1410337717749" cardinality="single" baseType="string" /><responseDeclaration identifier="RESPONSE_1410337841925" cardinality="single" baseType="string" /><responseDeclaration identifier="RESPONSE_1410338252394" cardinality="single" baseType="string" /><outcomeDeclaration identifier="SCORE" cardinality="single" baseType="float"><defaultValue><value>0</value></defaultValue></outcomeDeclaration><outcomeDeclaration identifier="MAXSCORE" cardinality="single" baseType="float"><defaultValue><value>4</value></defaultValue></outcomeDeclaration><outcomeDeclaration identifier="FEEDBACKBASIC" cardinality="single" baseType="identifier" view="testConstructor"><defaultValue><value>empty</value></defaultValue></outcomeDeclaration><outcomeDeclaration identifier="FEEDBACKMODAL" cardinality="multiple" baseType="identifier" view="testConstructor" /><templateProcessing><setCorrectResponse identifier="RESPONSE_1410337670684"><customOperator definition="VARIABLESTRING" value="" /></setCorrectResponse><setCorrectResponse identifier="RESPONSE_1410337717749"><customOperator definition="VARIABLESTRING" value="" /></setCorrectResponse><setCorrectResponse identifier="RESPONSE_1410337841925"><customOperator definition="VARIABLESTRING" value="" /></setCorrectResponse><setCorrectResponse identifier="RESPONSE_1410338252394"><customOperator definition="VARIABLESTRING" value="" /></setCorrectResponse></templateProcessing><itemBody ><p><p>Bestimmen Sie die beiden waagerechten Tangenten an den Graphen der Funktion \(h(x) = x + 2\sin x. \quad (x\in[0,2\pi])\)</p><p>Geben Sie dazu zunächst die beiden Punkte an!</p><p>\(\qquad\qquad x_1 = \) <textEntryInteraction responseIdentifier="RESPONSE_1410337670684" expectedLength="5" class="maxima-formula show-latex" />(kleinerer Wert) $$\qquad\qquad\qquad$$ \(x_2 = \) <textEntryInteraction responseIdentifier="RESPONSE_1410337717749" expectedLength="5" class="maxima-formula show-latex" />(größerer Wert)</p><p> </p><p>Die Gleichungen der Tangenten lauten:</p><p>\(t_1(x) = \) <textEntryInteraction responseIdentifier="RESPONSE_1410337841925" class="maxima-formula show-latex" />(verläuft durch \(x_1\))</p><p>\(t_2(x) = \) <textEntryInteraction responseIdentifier="RESPONSE_1410338252394" class="maxima-formula show-latex" />(verläuft durch \(x_2\))</p><p> </p><p>Hinweise zur Formeleingabe:</p><ul><li>\(\frac{x}{y}\) = x/y, \(\sqrt x\) = sqrt(x) bzw. x^(1/2), \(\pi =\) pi bzw. %pi</li><li>\(x\cdot y\) = x*y, z.B. \(3x\) = 3*x \(\Rightarrow\) Bitte keine * vergessen!</li><li>Durch Klicken auf die ?-Schaltfläche können Sie Ihre Formel vor Speichern der Antwort zunächst überprüfen.</li></ul></p></itemBody><responseProcessing><responseCondition><responseIf><customOperator definition="MAXIMA" value="is(equal(ev($(1)),ev(2/3*%pi))) or is(equal(ev($(1)),ev(2/3*pi)));"><variable identifier="RESPONSE_1410337670684" /><correct identifier="RESPONSE_1410337670684" /></customOperator><setOutcomeValue identifier="SCORE"><sum><variable identifier="SCORE" /><baseValue baseType="float">1</baseValue></sum></setOutcomeValue></responseIf></responseCondition><responseCondition><responseIf><not><isNull><variable identifier="RESPONSE_1410337670684" /></isNull></not><setOutcomeValue identifier="FEEDBACKBASIC"><baseValue baseType="identifier">incorrect</baseValue></setOutcomeValue></responseIf></responseCondition><responseCondition><responseIf><customOperator definition="MAXIMA" value="is(equal(ev($(1)),ev(4/3*%pi))) or is(equal(ev($(1)),ev(4/3*pi)));"><variable identifier="RESPONSE_1410337717749" /><correct identifier="RESPONSE_1410337717749" /></customOperator><setOutcomeValue identifier="SCORE"><sum><variable identifier="SCORE" /><baseValue baseType="float">1</baseValue></sum></setOutcomeValue></responseIf></responseCondition><responseCondition><responseIf><not><isNull><variable identifier="RESPONSE_1410337717749" /></isNull></not><setOutcomeValue identifier="FEEDBACKBASIC"><baseValue baseType="identifier">incorrect</baseValue></setOutcomeValue></responseIf></responseCondition><responseCondition><responseIf><customOperator definition="MAXIMA" value="is(equal(ev($(1)),ev(2/3*%pi+sqrt(3)))) or is(equal(ev($(1)),ev(2/3*pi+sqrt(3))));"><variable identifier="RESPONSE_1410337841925" /><correct identifier="RESPONSE_1410337841925" /></customOperator><setOutcomeValue identifier="SCORE"><sum><variable identifier="SCORE" /><baseValue baseType="float">1</baseValue></sum></setOutcomeValue></responseIf></responseCondition><responseCondition><responseIf><not><isNull><variable identifier="RESPONSE_1410337841925" /></isNull></not><setOutcomeValue identifier="FEEDBACKBASIC"><baseValue baseType="identifier">incorrect</baseValue></setOutcomeValue></responseIf></responseCondition><responseCondition><responseIf><customOperator definition="MAXIMA" value="is(equal(ev($(1)),ev(4/3*%pi-sqrt(3)))) or is(equal(ev($(1)),ev(4/3*pi-sqrt(3))));"><variable identifier="RESPONSE_1410338252394" /><correct identifier="RESPONSE_1410338252394" /></customOperator><setOutcomeValue identifier="SCORE"><sum><variable identifier="SCORE" /><baseValue baseType="float">1</baseValue></sum></setOutcomeValue></responseIf></responseCondition><responseCondition><responseIf><not><isNull><variable identifier="RESPONSE_1410338252394" /></isNull></not><setOutcomeValue identifier="FEEDBACKBASIC"><baseValue baseType="identifier">incorrect</baseValue></setOutcomeValue></responseIf></responseCondition><responseCondition><responseIf><and><not><match><variable identifier="FEEDBACKBASIC" /><baseValue baseType="identifier">empty</baseValue></match></not><equal toleranceMode="exact"><variable identifier="SCORE" /><variable identifier="MAXSCORE" /></equal></and><setOutcomeValue identifier="FEEDBACKBASIC"><baseValue baseType="identifier">correct</baseValue></setOutcomeValue></responseIf></responseCondition><responseCondition><responseIf><and><match><baseValue baseType="identifier">correct</baseValue><variable identifier="FEEDBACKBASIC" /></match></and><setOutcomeValue identifier="FEEDBACKMODAL"><multiple><variable identifier="FEEDBACKMODAL" /><baseValue baseType="identifier">Feedback1609352029</baseValue></multiple></setOutcomeValue></responseIf></responseCondition><responseCondition><responseIf><and><match><baseValue baseType="identifier">incorrect</baseValue><variable identifier="FEEDBACKBASIC" /></match></and><setOutcomeValue identifier="FEEDBACKMODAL"><multiple><variable identifier="FEEDBACKMODAL" /><baseValue baseType="identifier">Feedback823017438</baseValue></multiple></setOutcomeValue></responseIf></responseCondition></responseProcessing><modalFeedback  identifier="Feedback1609352029" outcomeIdentifier="FEEDBACKMODAL" showHide="show" title="Richtig!"><p> </p><p>                                                                                           <img src="media%2Fmedium1630314724598872220plot1.png" alt="" width="600" height="364" /></p></modalFeedback><modalFeedback  identifier="Feedback823017438" outcomeIdentifier="FEEDBACKMODAL" showHide="show" title="Leider falsch!"><p>Waagerechte Tangenten an den Graphen erhält man in den Extrema der Funktion.</p><p>Um diese zu finden, leitet man die Funktion zunächst ab und setzt die Ableitung danach null.</p><p> </p><p>Damit erhält man \(x_1 = \frac 23\pi\) und \(x_2 = \frac 43\pi\).</p><p> </p><p>Für die jeweilige Tangente \(y=mx+n\) braucht man nur noch \(n\) zu bestimmen, da \(m=0\) gilt.</p><p>Hierfür sind nur die Funktionswerte der Punkte zu berechnen.</p><p>                                                                                                                           </p><p><img src="media%2Fmedium5208916067236838257plot1.png" alt="" width="500" height="302" /></p></modalFeedback></assessmentItem>
