<?xml version="1.0" encoding="UTF-8"?>
<assessmentItem xmlns="http://www.imsglobal.org/xsd/imsqti_v2p1" xmlns:xsi="http://www.w3.org/2001/XMLSchema-instance" xsi:schemaLocation="http://www.imsglobal.org/xsd/imsqti_v2p1 http://www.imsglobal.org/xsd/qti/qtiv2p1/imsqti_v2p1p1.xsd http://www.w3.org/1998/Math/MathML http://www.w3.org/Math/XMLSchema/mathml2/mathml2.xsd" identifier="id0e587015-bad9-4b83-9e8c-485861d4bfda" title="tangente_schnittpunkt_01" adaptive="false" timeDependent="false"><responseDeclaration identifier="RESPONSE_1410376547355" cardinality="single" baseType="float"><correctResponse><value>0</value></correctResponse></responseDeclaration><responseDeclaration identifier="RESPONSE_1410376567995" cardinality="single" baseType="float"><correctResponse><value>0</value></correctResponse></responseDeclaration><responseDeclaration identifier="RESPONSE_1410376826822" cardinality="single" baseType="float"><correctResponse><value>0</value></correctResponse></responseDeclaration><responseDeclaration identifier="RESPONSE_1410376832370" cardinality="single" baseType="float"><correctResponse><value>0</value></correctResponse></responseDeclaration><outcomeDeclaration identifier="SCORE" cardinality="single" baseType="float"><defaultValue><value>0</value></defaultValue></outcomeDeclaration><outcomeDeclaration identifier="MAXSCORE" cardinality="single" baseType="float"><defaultValue><value>4</value></defaultValue></outcomeDeclaration><outcomeDeclaration identifier="FEEDBACKBASIC" cardinality="single" baseType="identifier" view="testConstructor"><defaultValue><value>empty</value></defaultValue></outcomeDeclaration><outcomeDeclaration identifier="FEEDBACKMODAL" cardinality="multiple" baseType="identifier" view="testConstructor" /><templateDeclaration identifier="x_0" cardinality="single" baseType="integer" /><templateDeclaration identifier="m" cardinality="single" baseType="integer" /><templateDeclaration identifier="y_0" cardinality="single" baseType="integer" /><templateDeclaration identifier="n" cardinality="single" baseType="integer" /><templateDeclaration identifier="x" cardinality="single" baseType="integer" /><templateDeclaration identifier="y" cardinality="single" baseType="integer" /><templateProcessing><setTemplateValue identifier="x_0"><random><multiple><baseValue baseType="integer">-3</baseValue><baseValue baseType="integer">-2</baseValue><baseValue baseType="integer">-1</baseValue><baseValue baseType="integer">1</baseValue><baseValue baseType="integer">2</baseValue><baseValue baseType="integer">3</baseValue></multiple></random></setTemplateValue><setTemplateValue identifier="m"><customOperator definition="MAXIMA" value="float(3*$(1)*$(2));"><variable identifier="x_0" /><variable identifier="x_0" /></customOperator></setTemplateValue><setTemplateValue identifier="y_0"><customOperator definition="MAXIMA" value="float($(1)*$(2)*$(3));"><variable identifier="x_0" /><variable identifier="x_0" /><variable identifier="x_0" /></customOperator></setTemplateValue><setTemplateValue identifier="n"><customOperator definition="MAXIMA" value="float($(1)-$(2)*$(3));"><variable identifier="y_0" /><variable identifier="m" /><variable identifier="x_0" /></customOperator></setTemplateValue><setTemplateValue identifier="x"><customOperator definition="MAXIMA" value="float(((ratsimp((x^3-$(1)*x-$(2))/(x-$(3))/(x-$(4))))-x)*(-1));"><variable identifier="m" /><variable identifier="n" /><variable identifier="x_0" /><variable identifier="x_0" /></customOperator></setTemplateValue><setTemplateValue identifier="y"><customOperator definition="MAXIMA" value="float($(1)*$(2)*$(3));"><variable identifier="x" /><variable identifier="x" /><variable identifier="x" /></customOperator></setTemplateValue><setCorrectResponse identifier="RESPONSE_1410376547355"><variable identifier="m" /></setCorrectResponse><setCorrectResponse identifier="RESPONSE_1410376567995"><variable identifier="n" /></setCorrectResponse><setCorrectResponse identifier="RESPONSE_1410376826822"><variable identifier="x" /></setCorrectResponse><setCorrectResponse identifier="RESPONSE_1410376832370"><variable identifier="y" /></setCorrectResponse></templateProcessing><itemBody ><p><p>Gegeben ist die Funktion \(f(x) = x^3\). Geben Sie die Gleichung der Tangente an den Graphen im Punkt \(x_0 = <printedVariable identifier="x_0" />\) an!</p><p>Lösung: \(\qquad t(x) = \)<textEntryInteraction responseIdentifier="RESPONSE_1410376547355" expectedLength="5" />\(x + \)<textEntryInteraction responseIdentifier="RESPONSE_1410376567995" expectedLength="5" /></p><p> </p><p>Diese Tangente schneidet \(f\) in einem weiteren Punkt \(Q(x_Q,y_Q)\). Bestimmen Sie die Koordinaten von \(Q\)!</p><p>\(\qquad\qquad x_Q =\)<textEntryInteraction responseIdentifier="RESPONSE_1410376826822" expectedLength="5" />, \(y_Q =\)<textEntryInteraction responseIdentifier="RESPONSE_1410376832370" expectedLength="5" /></p></p></itemBody><responseProcessing><responseCondition><responseIf><equal toleranceMode="exact"><variable identifier="RESPONSE_1410376547355" /><correct identifier="RESPONSE_1410376547355" /></equal><setOutcomeValue identifier="SCORE"><sum><variable identifier="SCORE" /><baseValue baseType="float">1</baseValue></sum></setOutcomeValue></responseIf></responseCondition><responseCondition><responseIf><not><isNull><variable identifier="RESPONSE_1410376547355" /></isNull></not><setOutcomeValue identifier="FEEDBACKBASIC"><baseValue baseType="identifier">incorrect</baseValue></setOutcomeValue></responseIf></responseCondition><responseCondition><responseIf><equal toleranceMode="exact"><variable identifier="RESPONSE_1410376567995" /><correct identifier="RESPONSE_1410376567995" /></equal><setOutcomeValue identifier="SCORE"><sum><variable identifier="SCORE" /><baseValue baseType="float">1</baseValue></sum></setOutcomeValue></responseIf></responseCondition><responseCondition><responseIf><not><isNull><variable identifier="RESPONSE_1410376567995" /></isNull></not><setOutcomeValue identifier="FEEDBACKBASIC"><baseValue baseType="identifier">incorrect</baseValue></setOutcomeValue></responseIf></responseCondition><responseCondition><responseIf><equal toleranceMode="exact"><variable identifier="RESPONSE_1410376826822" /><correct identifier="RESPONSE_1410376826822" /></equal><setOutcomeValue identifier="SCORE"><sum><variable identifier="SCORE" /><baseValue baseType="float">1</baseValue></sum></setOutcomeValue></responseIf></responseCondition><responseCondition><responseIf><not><isNull><variable identifier="RESPONSE_1410376826822" /></isNull></not><setOutcomeValue identifier="FEEDBACKBASIC"><baseValue baseType="identifier">incorrect</baseValue></setOutcomeValue></responseIf></responseCondition><responseCondition><responseIf><equal toleranceMode="exact"><variable identifier="RESPONSE_1410376832370" /><correct identifier="RESPONSE_1410376832370" /></equal><setOutcomeValue identifier="SCORE"><sum><variable identifier="SCORE" /><baseValue baseType="float">1</baseValue></sum></setOutcomeValue></responseIf></responseCondition><responseCondition><responseIf><not><isNull><variable identifier="RESPONSE_1410376832370" /></isNull></not><setOutcomeValue identifier="FEEDBACKBASIC"><baseValue baseType="identifier">incorrect</baseValue></setOutcomeValue></responseIf></responseCondition><responseCondition><responseIf><and><not><match><variable identifier="FEEDBACKBASIC" /><baseValue baseType="identifier">empty</baseValue></match></not><equal toleranceMode="exact"><variable identifier="SCORE" /><variable identifier="MAXSCORE" /></equal></and><setOutcomeValue identifier="FEEDBACKBASIC"><baseValue baseType="identifier">correct</baseValue></setOutcomeValue></responseIf></responseCondition><responseCondition><responseIf><and><match><baseValue baseType="identifier">correct</baseValue><variable identifier="FEEDBACKBASIC" /></match></and><setOutcomeValue identifier="FEEDBACKMODAL"><multiple><variable identifier="FEEDBACKMODAL" /><baseValue baseType="identifier">Feedback2038667413</baseValue></multiple></setOutcomeValue></responseIf></responseCondition><responseCondition><responseIf><and><match><baseValue baseType="identifier">incorrect</baseValue><variable identifier="FEEDBACKBASIC" /></match></and><setOutcomeValue identifier="FEEDBACKMODAL"><multiple><variable identifier="FEEDBACKMODAL" /><baseValue baseType="identifier">Feedback781622406</baseValue></multiple></setOutcomeValue></responseIf></responseCondition></responseProcessing><modalFeedback  identifier="Feedback2038667413" outcomeIdentifier="FEEDBACKMODAL" showHide="show" title="Richtig!" /><modalFeedback  identifier="Feedback781622406" outcomeIdentifier="FEEDBACKMODAL" showHide="show" title="Leider falsch!"><p>Die Tangente an den Graphen von \(f\) ist von der Form \(y = mx+n\), wobei \(m\) und \(n\) zu bestimmen sind.</p><p>Den Anstieg der Tangenten erhält man aus der Ableitung von \(f\) im Punkt \(x_0\), d.h. \(m=<printedVariable identifier="m" />\).</p><p>Um \(n\) bestimmen zu können, braucht man noch den Funktionswert von \(f\) in \(x_0\) und setzt diese Werte danach in die Tangentengleichung ein.</p><p>Damit gilt: \(t(x) = <printedVariable identifier="m" />x+<printedVariable identifier="n" />.\)</p><p> </p><p>Um den Schnittpunkt zu bestimmen, muss man nun \(f(x)\) und \(t(x)\) gleichsetzen.</p><p>Lösungen dieser neuen Gleichung ist natürlich wieder \(x_0 = <printedVariable identifier="x_0" />\) und \(x_Q = <printedVariable identifier="x" />\).</p></modalFeedback></assessmentItem>
