<?xml version="1.0" encoding="UTF-8"?>
<assessmentItem xmlns="http://www.imsglobal.org/xsd/imsqti_v2p1" xmlns:xsi="http://www.w3.org/2001/XMLSchema-instance" xsi:schemaLocation="http://www.imsglobal.org/xsd/imsqti_v2p1 http://www.imsglobal.org/xsd/qti/qtiv2p1/imsqti_v2p1p1.xsd http://www.w3.org/1998/Math/MathML http://www.w3.org/Math/XMLSchema/mathml2/mathml2.xsd" identifier="id5ba878d7-824f-4cdf-b12e-d766dc07b08b" title="fläche_2parabeln_01" adaptive="false" timeDependent="false"><responseDeclaration identifier="RESPONSE_1386249365083" cardinality="single" baseType="float"><correctResponse><value>0</value></correctResponse></responseDeclaration><outcomeDeclaration identifier="SCORE" cardinality="single" baseType="float"><defaultValue><value>0</value></defaultValue></outcomeDeclaration><outcomeDeclaration identifier="MAXSCORE" cardinality="single" baseType="float"><defaultValue><value>1</value></defaultValue></outcomeDeclaration><outcomeDeclaration identifier="FEEDBACKBASIC" cardinality="single" baseType="identifier" view="testConstructor"><defaultValue><value>empty</value></defaultValue></outcomeDeclaration><outcomeDeclaration identifier="FEEDBACKMODAL" cardinality="multiple" baseType="identifier" view="testConstructor" /><templateDeclaration identifier="x1" cardinality="single" baseType="integer" /><templateDeclaration identifier="x2" cardinality="single" baseType="integer" /><templateDeclaration identifier="sum" cardinality="single" baseType="float" /><templateDeclaration identifier="prod" cardinality="single" baseType="float" /><templateDeclaration identifier="a1" cardinality="single" baseType="integer" /><templateDeclaration identifier="a2" cardinality="single" baseType="float" /><templateDeclaration identifier="b1_abs" cardinality="single" baseType="integer" /><templateDeclaration identifier="b1_sign" cardinality="single" baseType="integer" /><templateDeclaration identifier="b1" cardinality="single" baseType="float" /><templateDeclaration identifier="b1_vz" cardinality="single" baseType="string" /><templateDeclaration identifier="b2" cardinality="single" baseType="float" /><templateDeclaration identifier="b2_abs" cardinality="single" baseType="float" /><templateDeclaration identifier="b2_vz" cardinality="single" baseType="string" /><templateDeclaration identifier="c1_abs" cardinality="single" baseType="integer" /><templateDeclaration identifier="c1_sign" cardinality="single" baseType="integer" /><templateDeclaration identifier="c1" cardinality="single" baseType="float" /><templateDeclaration identifier="c1_vz" cardinality="single" baseType="string" /><templateDeclaration identifier="c2" cardinality="single" baseType="float" /><templateDeclaration identifier="c2_abs" cardinality="single" baseType="float" /><templateDeclaration identifier="c2_vz" cardinality="single" baseType="string" /><templateDeclaration identifier="wert1" cardinality="single" baseType="float" /><templateDeclaration identifier="wert2" cardinality="single" baseType="float" /><templateDeclaration identifier="wert3" cardinality="single" baseType="float" /><templateDeclaration identifier="ergebnis" cardinality="single" baseType="float" /><templateProcessing><setTemplateValue identifier="x1"><randomInteger min="-6" max="6" step="2" /></setTemplateValue><setTemplateValue identifier="x2"><randomInteger min="-5" max="5" step="2" /></setTemplateValue><setTemplateValue identifier="sum"><customOperator definition="MAXIMA" value="float($(1)+$(2));"><variable identifier="x1" /><variable identifier="x2" /></customOperator></setTemplateValue><setTemplateValue identifier="prod"><customOperator definition="MAXIMA" value="float($(1)*$(2));"><variable identifier="x1" /><variable identifier="x2" /></customOperator></setTemplateValue><setTemplateValue identifier="a1"><randomInteger min="2" max="5" /></setTemplateValue><setTemplateValue identifier="a2"><customOperator definition="MAXIMA" value="float($(1)-1);"><variable identifier="a1" /></customOperator></setTemplateValue><setTemplateValue identifier="b1_abs"><randomInteger min="1" max="5" /></setTemplateValue><setTemplateValue identifier="b1_sign"><randomInteger min="-1" max="1" step="2" /></setTemplateValue><setTemplateValue identifier="b1"><customOperator definition="MAXIMA" value="float($(1)*$(2));"><variable identifier="b1_sign" /><variable identifier="b1_abs" /></customOperator></setTemplateValue><setTemplateValue identifier="b1_vz"><random><multiple><baseValue baseType="string">+</baseValue><baseValue baseType="string">-</baseValue></multiple></random></setTemplateValue><templateCondition><templateIf><lt><variable identifier="b1" /><baseValue baseType="integer">0</baseValue></lt><setTemplateValue identifier="b1_vz"><random><multiple><baseValue baseType="string">-</baseValue></multiple></random></setTemplateValue></templateIf><templateElse><setTemplateValue identifier="b1_vz"><random><multiple><baseValue baseType="string">+</baseValue></multiple></random></setTemplateValue></templateElse></templateCondition><setTemplateValue identifier="b2"><customOperator definition="MAXIMA" value="float($(1)+$(2));"><variable identifier="b1" /><variable identifier="sum" /></customOperator></setTemplateValue><setTemplateValue identifier="b2_abs"><customOperator definition="MAXIMA" value="float(abs($(1)));"><variable identifier="b2" /></customOperator></setTemplateValue><setTemplateValue identifier="b2_vz"><random><multiple><baseValue baseType="string">+</baseValue><baseValue baseType="string">-</baseValue></multiple></random></setTemplateValue><templateCondition><templateIf><lt><variable identifier="b2" /><baseValue baseType="integer">0</baseValue></lt><setTemplateValue identifier="b2_vz"><random><multiple><baseValue baseType="string">-</baseValue></multiple></random></setTemplateValue></templateIf><templateElse><setTemplateValue identifier="b2_vz"><random><multiple><baseValue baseType="string">+</baseValue></multiple></random></setTemplateValue></templateElse></templateCondition><setTemplateValue identifier="c1_abs"><randomInteger min="1" max="5" /></setTemplateValue><setTemplateValue identifier="c1_sign"><randomInteger min="-1" max="1" step="2" /></setTemplateValue><setTemplateValue identifier="c1"><customOperator definition="MAXIMA" value="float($(1)*$(2));"><variable identifier="c1_sign" /><variable identifier="c1_abs" /></customOperator></setTemplateValue><setTemplateValue identifier="c1_vz"><random><multiple><baseValue baseType="string">+</baseValue><baseValue baseType="string">-</baseValue></multiple></random></setTemplateValue><templateCondition><templateIf><lt><variable identifier="c1" /><baseValue baseType="integer">0</baseValue></lt><setTemplateValue identifier="c1_vz"><random><multiple><baseValue baseType="string">-</baseValue></multiple></random></setTemplateValue></templateIf><templateElse><setTemplateValue identifier="c1_vz"><random><multiple><baseValue baseType="string">+</baseValue></multiple></random></setTemplateValue></templateElse></templateCondition><setTemplateValue identifier="c2"><customOperator definition="MAXIMA" value="float($(1)-$(2));"><variable identifier="c1" /><variable identifier="prod" /></customOperator></setTemplateValue><setTemplateValue identifier="c2_abs"><customOperator definition="MAXIMA" value="float(abs($(1)));"><variable identifier="c2" /></customOperator></setTemplateValue><setTemplateValue identifier="c2_vz"><random><multiple><baseValue baseType="string">+</baseValue><baseValue baseType="string">-</baseValue></multiple></random></setTemplateValue><templateCondition><templateIf><lt><variable identifier="c2" /><baseValue baseType="integer">0</baseValue></lt><setTemplateValue identifier="c2_vz"><random><multiple><baseValue baseType="string">-</baseValue></multiple></random></setTemplateValue></templateIf><templateElse><setTemplateValue identifier="c2_vz"><random><multiple><baseValue baseType="string">+</baseValue></multiple></random></setTemplateValue></templateElse></templateCondition><setTemplateValue identifier="wert1"><customOperator definition="MAXIMA" value="float((($(1))^3-($(2))^3)/3);"><variable identifier="x1" /><variable identifier="x2" /></customOperator></setTemplateValue><setTemplateValue identifier="wert2"><customOperator definition="MAXIMA" value="float((($(1))^2-($(2))^2)*$(3)/2);"><variable identifier="x1" /><variable identifier="x2" /><variable identifier="sum" /></customOperator></setTemplateValue><setTemplateValue identifier="wert3"><customOperator definition="MAXIMA" value="float($(1)*($(2)-$(3)));"><variable identifier="prod" /><variable identifier="x1" /><variable identifier="x2" /></customOperator></setTemplateValue><setTemplateValue identifier="ergebnis"><customOperator definition="MAXIMA" value="float(abs($(1)-$(2)+$(3)));"><variable identifier="wert1" /><variable identifier="wert2" /><variable identifier="wert3" /></customOperator></setTemplateValue><setCorrectResponse identifier="RESPONSE_1386249365083"><variable identifier="ergebnis" /></setCorrectResponse></templateProcessing><itemBody ><p><p>Gegeben seien die zwei Funktionen \(f_1(x)=<printedVariable identifier="a1" />x^2<printedVariable identifier="b1_vz" /><printedVariable identifier="b1_abs" />x<printedVariable identifier="c1_vz" /><printedVariable identifier="c1_abs" />\) und \(f_2(x)=<printedVariable identifier="a2" />x^2<printedVariable identifier="b2_vz" /><printedVariable identifier="b2_abs" />x<printedVariable identifier="c2_vz" /><printedVariable identifier="c2_abs" />\).</p><p>Berechnen Sie die Fläche \(A\), welche von \(f_1\) und \(f_2\) eingeschlossen wird.</p><p>Runden Sie das Ergebnis gegebenenfalls auf drei Nachkommastellen!</p><p>\(A=\) <textEntryInteraction responseIdentifier="RESPONSE_1386249365083" /></p></p></itemBody><responseProcessing><responseCondition><responseIf><equal toleranceMode="absolute" tolerance="0.001 0.001" includeLowerBound="true" includeUpperBound="true"><variable identifier="RESPONSE_1386249365083" /><correct identifier="RESPONSE_1386249365083" /></equal><setOutcomeValue identifier="SCORE"><sum><variable identifier="SCORE" /><baseValue baseType="float">1</baseValue></sum></setOutcomeValue></responseIf></responseCondition><responseCondition><responseIf><not><isNull><variable identifier="RESPONSE_1386249365083" /></isNull></not><setOutcomeValue identifier="FEEDBACKBASIC"><baseValue baseType="identifier">incorrect</baseValue></setOutcomeValue></responseIf></responseCondition><responseCondition><responseIf><and><not><match><variable identifier="FEEDBACKBASIC" /><baseValue baseType="identifier">empty</baseValue></match></not><equal toleranceMode="exact"><variable identifier="SCORE" /><variable identifier="MAXSCORE" /></equal></and><setOutcomeValue identifier="FEEDBACKBASIC"><baseValue baseType="identifier">correct</baseValue></setOutcomeValue></responseIf></responseCondition><responseCondition><responseIf><and><match><baseValue baseType="identifier">incorrect</baseValue><variable identifier="FEEDBACKBASIC" /></match></and><setOutcomeValue identifier="FEEDBACKMODAL"><multiple><variable identifier="FEEDBACKMODAL" /><baseValue baseType="identifier">Feedback2109084914</baseValue></multiple></setOutcomeValue></responseIf></responseCondition></responseProcessing><modalFeedback  identifier="Feedback2109084914" outcomeIdentifier="FEEDBACKMODAL" showHide="show" title="Lösungshinweis:"><p>Man bestimme die Schnittstellen \(x_1\) und \(x_2\) der beiden Funktionen \(f_1\) und \(f_2\).</p><p>Die Fläche \(A\) lässt sich nun wiefolgt berechnen:</p><p>\(\displaystyle A=\left|\int_{x_1}^{x_2}\left(f_1(x)-f_2(x)\right)\,\mathrm dx\right|\).</p></modalFeedback></assessmentItem>
