<?xml version="1.0" encoding="UTF-8"?>
<assessmentItem xmlns="http://www.imsglobal.org/xsd/imsqti_v2p1" xmlns:xsi="http://www.w3.org/2001/XMLSchema-instance" xsi:schemaLocation="http://www.imsglobal.org/xsd/imsqti_v2p1 http://www.imsglobal.org/xsd/qti/qtiv2p1/imsqti_v2p1p1.xsd http://www.w3.org/1998/Math/MathML http://www.w3.org/Math/XMLSchema/mathml2/mathml2.xsd" identifier="id5c96c989-e9f7-49ae-a66c-e4e207c1a172" title="produktregel_sinus_02" adaptive="false" timeDependent="false"><responseDeclaration identifier="RESPONSE_1" cardinality="single" baseType="identifier"><correctResponse><value>id75d5a77e-e37d-44b5-970e-26fa8bfaa9e8</value></correctResponse></responseDeclaration><outcomeDeclaration identifier="SCORE" cardinality="single" baseType="float"><defaultValue><value>0</value></defaultValue></outcomeDeclaration><outcomeDeclaration identifier="MAXSCORE" cardinality="single" baseType="float"><defaultValue><value>1</value></defaultValue></outcomeDeclaration><outcomeDeclaration identifier="FEEDBACKBASIC" cardinality="single" baseType="identifier"><defaultValue><value>empty</value></defaultValue></outcomeDeclaration><outcomeDeclaration identifier="FEEDBACKMODAL" cardinality="multiple" baseType="identifier" view="testConstructor" /><templateDeclaration identifier="a" cardinality="single" baseType="integer" /><templateDeclaration identifier="b" cardinality="single" baseType="integer" /><templateDeclaration identifier="c" cardinality="single" baseType="integer" /><templateDeclaration identifier="a_1" cardinality="single" baseType="integer" /><templateDeclaration identifier="c_1" cardinality="single" baseType="integer" /><templateDeclaration identifier="bc" cardinality="single" baseType="integer" /><templateDeclaration identifier="d" cardinality="single" baseType="integer" /><templateDeclaration identifier="e" cardinality="single" baseType="integer" /><templateProcessing><setTemplateValue identifier="a"><randomInteger min="3" max="10" /></setTemplateValue><setTemplateValue identifier="b"><randomInteger min="2" max="5" /></setTemplateValue><setTemplateValue identifier="c"><randomInteger min="3" max="6" /></setTemplateValue><setTemplateValue identifier="a_1"><customOperator definition="MAXIMA" value="float($(1)-1);"><variable identifier="a" /></customOperator></setTemplateValue><setTemplateValue identifier="c_1"><customOperator definition="MAXIMA" value="float($(1)-1);"><variable identifier="c" /></customOperator></setTemplateValue><setTemplateValue identifier="bc"><customOperator definition="MAXIMA" value="float($(1)*$(2));"><variable identifier="b" /><variable identifier="c" /></customOperator></setTemplateValue><setTemplateValue identifier="d"><customOperator definition="MAXIMA" value="float($(1)+$(2));"><variable identifier="a" /><variable identifier="c_1" /></customOperator></setTemplateValue><setTemplateValue identifier="e"><customOperator definition="MAXIMA" value="float($(1)+$(2));"><variable identifier="a" /><variable identifier="c" /></customOperator></setTemplateValue></templateProcessing><itemBody ><p>Welche der Funktionen \(g(x)\) beschreibt die erste Ableitung der Funktion \(f(x) = x^{<printedVariable identifier="a" />} \cdot \sin(<printedVariable identifier="b" />x^<printedVariable identifier="c" />)\)?</p><choiceInteraction responseIdentifier="RESPONSE_1" shuffle="true" maxChoices="1"><simpleChoice identifier="id75d5a77e-e37d-44b5-970e-26fa8bfaa9e8"><p>\(g(x) = <printedVariable identifier="a" />x^<printedVariable identifier="a_1" /> \cdot \sin(<printedVariable identifier="b" />x^<printedVariable identifier="c" />) + <printedVariable identifier="bc" />x^{<printedVariable identifier="d" />} \cdot \cos(<printedVariable identifier="b" />x^<printedVariable identifier="c" />)\)</p></simpleChoice><simpleChoice identifier="idefc1804e-d558-4c5d-a709-968da7cfe162"><p>\(g(x) = <printedVariable identifier="a" />x^<printedVariable identifier="a_1" /> \cdot \sin(<printedVariable identifier="b" />x^<printedVariable identifier="c" />) + <printedVariable identifier="bc" />x^{<printedVariable identifier="d" />} \cdot \sin(<printedVariable identifier="b" />x^<printedVariable identifier="c" />)\)</p></simpleChoice><simpleChoice identifier="idf5aa2c6e-d97a-4fb8-a795-143d3d710774"><p>\(g(x) = <printedVariable identifier="a" />x^<printedVariable identifier="a_1" /> \cdot \sin(<printedVariable identifier="b" />x^<printedVariable identifier="c" />) + \cos(<printedVariable identifier="b" />x^<printedVariable identifier="c" />)\)</p></simpleChoice><simpleChoice identifier="id83fa710d-172e-4832-bab5-d6e785450fb1"><p>\(g(x) = <printedVariable identifier="bc" />x^{<printedVariable identifier="d" />} \cdot \cos(<printedVariable identifier="b" />x^<printedVariable identifier="c" />)\)</p></simpleChoice><simpleChoice identifier="id965feddc-383b-46b2-8075-4de2108d82f7"><p>\(g(x) = <printedVariable identifier="a" />x^<printedVariable identifier="a_1" /> \cdot \sin(<printedVariable identifier="b" />x^<printedVariable identifier="c" />) + <printedVariable identifier="b" />x^{<printedVariable identifier="e" />} \cdot \cos(<printedVariable identifier="bc" />x^<printedVariable identifier="c_1" />)\)</p></simpleChoice></choiceInteraction></itemBody><responseProcessing><responseCondition><responseIf><isNull><variable identifier="RESPONSE_1" /></isNull><setOutcomeValue identifier="FEEDBACKBASIC"><baseValue baseType="identifier">empty</baseValue></setOutcomeValue></responseIf><responseElseIf><match><variable identifier="RESPONSE_1" /><correct identifier="RESPONSE_1" /></match><setOutcomeValue identifier="SCORE"><sum><variable identifier="SCORE" /><variable identifier="MAXSCORE" /></sum></setOutcomeValue><setOutcomeValue identifier="FEEDBACKBASIC"><baseValue baseType="identifier">correct</baseValue></setOutcomeValue></responseElseIf><responseElse><setOutcomeValue identifier="FEEDBACKBASIC"><baseValue baseType="identifier">incorrect</baseValue></setOutcomeValue></responseElse></responseCondition><responseCondition><responseIf><and><match><baseValue baseType="identifier">correct</baseValue><variable identifier="FEEDBACKBASIC" /></match></and><setOutcomeValue identifier="FEEDBACKMODAL"><multiple><variable identifier="FEEDBACKMODAL" /><baseValue baseType="identifier">Feedback434819962</baseValue></multiple></setOutcomeValue></responseIf></responseCondition><responseCondition><responseIf><and><match><baseValue baseType="identifier">incorrect</baseValue><variable identifier="FEEDBACKBASIC" /></match></and><setOutcomeValue identifier="FEEDBACKMODAL"><multiple><variable identifier="FEEDBACKMODAL" /><baseValue baseType="identifier">Feedback132250593</baseValue></multiple></setOutcomeValue></responseIf></responseCondition></responseProcessing><modalFeedback  identifier="Feedback434819962" outcomeIdentifier="FEEDBACKMODAL" showHide="show" title="Richtig!" /><modalFeedback  identifier="Feedback132250593" outcomeIdentifier="FEEDBACKMODAL" showHide="show" title="Leider falsch!"><p>Beachte: Ketten- und Produktregel anwenden!</p></modalFeedback></assessmentItem>
