<?xml version="1.0" encoding="UTF-8"?>
<assessmentItem xmlns="http://www.imsglobal.org/xsd/imsqti_v2p1" xmlns:xsi="http://www.w3.org/2001/XMLSchema-instance" xsi:schemaLocation="http://www.imsglobal.org/xsd/imsqti_v2p1 http://www.imsglobal.org/xsd/qti/qtiv2p1/imsqti_v2p1p1.xsd http://www.w3.org/1998/Math/MathML http://www.w3.org/Math/XMLSchema/mathml2/mathml2.xsd" identifier="id72074ed9-b300-4180-92d6-6f8c8b3c9f20" title="linearkombination_03" adaptive="false" timeDependent="false"><responseDeclaration identifier="RESPONSE_1416492373326" cardinality="single" baseType="float"><correctResponse><value>0</value></correctResponse></responseDeclaration><responseDeclaration identifier="RESPONSE_1416493367628" cardinality="single" baseType="float"><correctResponse><value>0</value></correctResponse></responseDeclaration><outcomeDeclaration identifier="SCORE" cardinality="single" baseType="float"><defaultValue><value>0</value></defaultValue></outcomeDeclaration><outcomeDeclaration identifier="MAXSCORE" cardinality="single" baseType="float"><defaultValue><value>2</value></defaultValue></outcomeDeclaration><outcomeDeclaration identifier="FEEDBACKBASIC" cardinality="single" baseType="identifier" view="testConstructor"><defaultValue><value>empty</value></defaultValue></outcomeDeclaration><outcomeDeclaration identifier="FEEDBACKMODAL" cardinality="multiple" baseType="identifier" view="testConstructor" /><templateDeclaration identifier="a" cardinality="single" baseType="integer" /><templateDeclaration identifier="b" cardinality="single" baseType="integer" /><templateDeclaration identifier="c" cardinality="single" baseType="integer" /><templateDeclaration identifier="d" cardinality="single" baseType="integer" /><templateDeclaration identifier="e" cardinality="single" baseType="integer" /><templateDeclaration identifier="f" cardinality="single" baseType="integer" /><templateDeclaration identifier="k" cardinality="single" baseType="integer" /><templateDeclaration identifier="g" cardinality="single" baseType="integer" /><templateDeclaration identifier="ak+gd" cardinality="single" baseType="integer" /><templateDeclaration identifier="bk+ge" cardinality="single" baseType="integer" /><templateDeclaration identifier="ck+gf" cardinality="single" baseType="integer" /><templateDeclaration identifier="ak" cardinality="single" baseType="integer" /><templateDeclaration identifier="bk" cardinality="single" baseType="integer" /><templateDeclaration identifier="ck" cardinality="single" baseType="integer" /><templateDeclaration identifier="gd" cardinality="single" baseType="integer" /><templateDeclaration identifier="gf" cardinality="single" baseType="integer" /><templateProcessing><setTemplateValue identifier="a"><randomInteger min="6" max="13" /></setTemplateValue><setTemplateValue identifier="b"><randomInteger min="2" max="9" /></setTemplateValue><setTemplateValue identifier="c"><randomInteger min="4" max="10" /></setTemplateValue><setTemplateValue identifier="d"><randomInteger min="1" max="7" /></setTemplateValue><setTemplateValue identifier="e"><randomInteger min="1" max="8" /></setTemplateValue><setTemplateValue identifier="f"><randomInteger min="1" max="9" /></setTemplateValue><setTemplateValue identifier="k"><randomInteger min="2" max="9" /></setTemplateValue><setTemplateValue identifier="g"><randomInteger min="2" max="5" /></setTemplateValue><setTemplateValue identifier="ak+gd"><customOperator definition="MAXIMA" value="float($(1)*$(2)+$(3)*$(4));"><variable identifier="a" /><variable identifier="k" /><variable identifier="g" /><variable identifier="d" /></customOperator></setTemplateValue><setTemplateValue identifier="bk+ge"><customOperator definition="MAXIMA" value="float($(1)*$(2)+$(3)*$(4));"><variable identifier="b" /><variable identifier="k" /><variable identifier="g" /><variable identifier="e" /></customOperator></setTemplateValue><setTemplateValue identifier="ck+gf"><customOperator definition="MAXIMA" value="float($(1)*$(2)+$(3)*$(4));"><variable identifier="c" /><variable identifier="k" /><variable identifier="g" /><variable identifier="f" /></customOperator></setTemplateValue><setTemplateValue identifier="ak"><customOperator definition="MAXIMA" value="float($(1)*$(2));"><variable identifier="a" /><variable identifier="k" /></customOperator></setTemplateValue><setTemplateValue identifier="bk"><customOperator definition="MAXIMA" value="float($(1)*$(2));"><variable identifier="b" /><variable identifier="k" /></customOperator></setTemplateValue><setTemplateValue identifier="ck"><customOperator definition="MAXIMA" value="float($(1)*$(2));"><variable identifier="c" /><variable identifier="k" /></customOperator></setTemplateValue><setTemplateValue identifier="gd"><customOperator definition="MAXIMA" value="float($(1)*$(2));"><variable identifier="g" /><variable identifier="d" /></customOperator></setTemplateValue><setTemplateValue identifier="gf"><customOperator definition="MAXIMA" value="float($(1)*$(2));"><variable identifier="g" /><variable identifier="f" /></customOperator></setTemplateValue><setCorrectResponse identifier="RESPONSE_1416492373326"><variable identifier="k" /></setCorrectResponse><setCorrectResponse identifier="RESPONSE_1416493367628"><variable identifier="e" /></setCorrectResponse></templateProcessing><itemBody ><p><p>Bestimmen Sie die Konstanten so, dass folgende Gleichung erfüllt ist!</p><p>\(\qquad k \cdot \begin{pmatrix} <printedVariable identifier="a" /> \\ <printedVariable identifier="b" /> \\ <printedVariable identifier="c" /> \end{pmatrix} + <printedVariable identifier="g" /> \cdot \begin{pmatrix} <printedVariable identifier="d" /> \\ y \\ <printedVariable identifier="f" /> \end{pmatrix} = \begin{pmatrix} <printedVariable identifier="ak+gd" /> \\ <printedVariable identifier="bk+ge" /> \\ <printedVariable identifier="ck+gf" />\end{pmatrix} \qquad\qquad\qquad k = \) <textEntryInteraction responseIdentifier="RESPONSE_1416492373326" expectedLength="4" /> \(\quad y = \) <textEntryInteraction responseIdentifier="RESPONSE_1416493367628" expectedLength="3" /></p></p></itemBody><responseProcessing><responseCondition><responseIf><equal toleranceMode="exact"><variable identifier="RESPONSE_1416492373326" /><correct identifier="RESPONSE_1416492373326" /></equal><setOutcomeValue identifier="SCORE"><sum><variable identifier="SCORE" /><baseValue baseType="float">1</baseValue></sum></setOutcomeValue></responseIf></responseCondition><responseCondition><responseIf><not><isNull><variable identifier="RESPONSE_1416492373326" /></isNull></not><setOutcomeValue identifier="FEEDBACKBASIC"><baseValue baseType="identifier">incorrect</baseValue></setOutcomeValue></responseIf></responseCondition><responseCondition><responseIf><equal toleranceMode="exact"><variable identifier="RESPONSE_1416493367628" /><correct identifier="RESPONSE_1416493367628" /></equal><setOutcomeValue identifier="SCORE"><sum><variable identifier="SCORE" /><baseValue baseType="float">1</baseValue></sum></setOutcomeValue></responseIf></responseCondition><responseCondition><responseIf><not><isNull><variable identifier="RESPONSE_1416493367628" /></isNull></not><setOutcomeValue identifier="FEEDBACKBASIC"><baseValue baseType="identifier">incorrect</baseValue></setOutcomeValue></responseIf></responseCondition><responseCondition><responseIf><and><not><match><variable identifier="FEEDBACKBASIC" /><baseValue baseType="identifier">empty</baseValue></match></not><equal toleranceMode="exact"><variable identifier="SCORE" /><variable identifier="MAXSCORE" /></equal></and><setOutcomeValue identifier="FEEDBACKBASIC"><baseValue baseType="identifier">correct</baseValue></setOutcomeValue></responseIf></responseCondition><responseCondition><responseIf><and><match><baseValue baseType="identifier">correct</baseValue><variable identifier="FEEDBACKBASIC" /></match></and><setOutcomeValue identifier="FEEDBACKMODAL"><multiple><variable identifier="FEEDBACKMODAL" /><baseValue baseType="identifier">Feedback277092628</baseValue></multiple></setOutcomeValue></responseIf></responseCondition><responseCondition><responseIf><and><match><baseValue baseType="identifier">incorrect</baseValue><variable identifier="FEEDBACKBASIC" /></match></and><setOutcomeValue identifier="FEEDBACKMODAL"><multiple><variable identifier="FEEDBACKMODAL" /><baseValue baseType="identifier">Feedback1351252100</baseValue></multiple></setOutcomeValue></responseIf></responseCondition></responseProcessing><modalFeedback  identifier="Feedback277092628" outcomeIdentifier="FEEDBACKMODAL" showHide="show" title="Richtig!" /><modalFeedback  identifier="Feedback1351252100" outcomeIdentifier="FEEDBACKMODAL" showHide="show" title="Leider falsch!"><p>Lösung:</p><p>\( \begin{pmatrix} <printedVariable identifier="ak+gd" /> \\ <printedVariable identifier="bk+ge" /> \\ <printedVariable identifier="ck+gf" /> \end{pmatrix} = \begin{pmatrix} <printedVariable identifier="ak" />+<printedVariable identifier="gd" /> \\ <printedVariable identifier="b" />k+<printedVariable identifier="g" />y \\ <printedVariable identifier="ck" />+<printedVariable identifier="gf" /> \end{pmatrix} = \begin{pmatrix} <printedVariable identifier="k" />\cdot<printedVariable identifier="a" /> \\ <printedVariable identifier="b" />k \\ <printedVariable identifier="k" />\cdot<printedVariable identifier="c" /> \end{pmatrix} + <printedVariable identifier="g" />\begin{pmatrix} <printedVariable identifier="d" /> \\ y \\ <printedVariable identifier="f" /> \end{pmatrix} = <printedVariable identifier="k" /> \cdot \begin{pmatrix} <printedVariable identifier="a" /> \\ <printedVariable identifier="b" /> \\ <printedVariable identifier="c" /> \end{pmatrix} + <printedVariable identifier="g" /> \cdot \begin{pmatrix} <printedVariable identifier="d" /> \\ y \\ <printedVariable identifier="f" /> \end{pmatrix}\)</p><p> </p><p>\(\Rightarrow <printedVariable identifier="bk+ge" /> = <printedVariable identifier="b" />k+<printedVariable identifier="g" />y = <printedVariable identifier="bk" /> +<printedVariable identifier="g" />y \qquad \Leftrightarrow \qquad y=<printedVariable identifier="e" />\)</p></modalFeedback></assessmentItem>
