<?xml version="1.0" encoding="UTF-8"?>
<assessmentItem xmlns="http://www.imsglobal.org/xsd/imsqti_v2p1" xmlns:xsi="http://www.w3.org/2001/XMLSchema-instance" xsi:schemaLocation="http://www.imsglobal.org/xsd/imsqti_v2p1 imsqti_v2p1.xsd" identifier="idb4bb2f19-b7bb-4896-87f4-477cafb2a731" title="28. Grundlagen Projektmanagement" adaptive="false" timeDependent="false"><responseDeclaration identifier="RESPONSE_1" cardinality="multiple" baseType="identifier"><correctResponse><value>idf1ea127c-4f11-4ca4-9cb0-e4ecd7a93c8d</value></correctResponse><mapping defaultValue="0" lowerBound="0.0"><mapEntry mapKey="idf1ea127c-4f11-4ca4-9cb0-e4ecd7a93c8d" mappedValue="1.0" /><mapEntry mapKey="ida3f0554a-caa7-4601-89fe-9ea3559a499a" mappedValue="-0.5" /><mapEntry mapKey="id54b9b7af-5eed-415a-8c3b-ba4f3def1bbe" mappedValue="-0.5" /></mapping></responseDeclaration><outcomeDeclaration identifier="SCORE" cardinality="single" baseType="float"><defaultValue><value>0</value></defaultValue></outcomeDeclaration><outcomeDeclaration identifier="MAXSCORE" cardinality="single" baseType="float"><defaultValue><value>1</value></defaultValue></outcomeDeclaration><outcomeDeclaration identifier="FEEDBACKBASIC" cardinality="single" baseType="identifier" view="testConstructor"><defaultValue><value>empty</value></defaultValue></outcomeDeclaration><itemBody><p xmlns=""><strong><span class="null">Was gehört zur Erkenntnissicherung innerhalb des Projektabschlusses?</span></strong></p><p xmlns=""><span class="null">(Klicken Sie die richtige(n) Antwort(en) an)</span></p><p xmlns=""> </p><p xmlns=""><strong><span class="null">Antwort:</span></strong></p><choiceInteraction responseIdentifier="RESPONSE_1" shuffle="true" maxChoices="0"><simpleChoice identifier="idf1ea127c-4f11-4ca4-9cb0-e4ecd7a93c8d"><p xmlns=""><span class="null">Nachkalkulation, Dokumentation abschließen, Projektbewertung</span></p></simpleChoice><simpleChoice identifier="ida3f0554a-caa7-4601-89fe-9ea3559a499a"><p xmlns=""><span class="null">Projektbewertung, Rest-Arbeiten, Projektabrechnung</span></p></simpleChoice><simpleChoice identifier="id54b9b7af-5eed-415a-8c3b-ba4f3def1bbe"><p xmlns=""><span class="null">Projektteam auflösen, Dokumentation abschließen, Prozesse beenden</span></p></simpleChoice></choiceInteraction></itemBody><responseProcessing><responseCondition><responseIf><not><isNull><variable identifier="RESPONSE_1" /></isNull></not><setOutcomeValue identifier="SCORE"><sum><variable identifier="SCORE" /><mapResponse identifier="RESPONSE_1" /></sum></setOutcomeValue><setOutcomeValue identifier="FEEDBACKBASIC"><baseValue baseType="identifier">incorrect</baseValue></setOutcomeValue></responseIf></responseCondition><responseCondition><responseIf><and><not><match><variable identifier="FEEDBACKBASIC" /><baseValue baseType="identifier">empty</baseValue></match></not><equal toleranceMode="exact"><variable identifier="SCORE" /><variable identifier="MAXSCORE" /></equal></and><setOutcomeValue identifier="FEEDBACKBASIC"><baseValue baseType="identifier">correct</baseValue></setOutcomeValue></responseIf></responseCondition></responseProcessing></assessmentItem>
