<?xml version="1.0" encoding="UTF-8"?>
<assessmentItem xmlns="http://www.imsglobal.org/xsd/imsqti_v2p1" xmlns:xsi="http://www.w3.org/2001/XMLSchema-instance" xsi:schemaLocation="http://www.imsglobal.org/xsd/imsqti_v2p1 http://www.imsglobal.org/xsd/qti/qtiv2p1/imsqti_v2p1p1.xsd http://www.w3.org/1998/Math/MathML http://www.w3.org/Math/XMLSchema/mathml2/mathml2.xsd" identifier="idb87c3c35-f03b-4aad-b173-6e92f46d61bc" title="ungleichung_03" adaptive="false" timeDependent="false"><responseDeclaration identifier="RESPONSE_1409231259862" cardinality="single" baseType="float"><correctResponse><value>0</value></correctResponse></responseDeclaration><responseDeclaration identifier="RESPONSE_1409231263357" cardinality="single" baseType="float"><correctResponse><value>0</value></correctResponse></responseDeclaration><responseDeclaration identifier="RESPONSE_1409231253341" cardinality="single" baseType="float"><correctResponse><value>0</value></correctResponse></responseDeclaration><outcomeDeclaration identifier="SCORE" cardinality="single" baseType="float"><defaultValue><value>0</value></defaultValue></outcomeDeclaration><outcomeDeclaration identifier="MAXSCORE" cardinality="single" baseType="float"><defaultValue><value>3</value></defaultValue></outcomeDeclaration><outcomeDeclaration identifier="FEEDBACKBASIC" cardinality="single" baseType="identifier" view="testConstructor"><defaultValue><value>empty</value></defaultValue></outcomeDeclaration><outcomeDeclaration identifier="FEEDBACKMODAL" cardinality="multiple" baseType="identifier" view="testConstructor" /><templateDeclaration identifier="n1" cardinality="single" baseType="integer" /><templateDeclaration identifier="n2" cardinality="single" baseType="integer" /><templateDeclaration identifier="a" cardinality="single" baseType="integer" /><templateDeclaration identifier="b" cardinality="single" baseType="integer" /><templateDeclaration identifier="form" cardinality="single" baseType="integer" /><templateDeclaration identifier="relation" cardinality="single" baseType="string" /><templateProcessing><setTemplateValue identifier="n1"><random><multiple><baseValue baseType="integer">1</baseValue><baseValue baseType="integer">2</baseValue><baseValue baseType="integer">5</baseValue><baseValue baseType="integer">8</baseValue></multiple></random></setTemplateValue><setTemplateValue identifier="n2"><random><multiple><baseValue baseType="integer">3</baseValue><baseValue baseType="integer">4</baseValue><baseValue baseType="integer">6</baseValue><baseValue baseType="integer">7</baseValue></multiple></random></setTemplateValue><setTemplateValue identifier="a"><customOperator definition="MAXIMA" value="float(min($(1),$(2)));"><variable identifier="n1" /><variable identifier="n2" /></customOperator></setTemplateValue><setTemplateValue identifier="b"><customOperator definition="MAXIMA" value="float(max($(1),$(2)));"><variable identifier="n1" /><variable identifier="n2" /></customOperator></setTemplateValue><setTemplateValue identifier="form"><random><multiple><baseValue baseType="integer">1</baseValue><baseValue baseType="integer">2</baseValue></multiple></random></setTemplateValue><setTemplateValue identifier="relation"><random><multiple><baseValue baseType="string">\leq</baseValue><baseValue baseType="string">\geq</baseValue></multiple></random></setTemplateValue><templateCondition><templateIf><match><variable identifier="form" /><baseValue baseType="integer">2</baseValue></match><setTemplateValue identifier="relation"><random><multiple><baseValue baseType="string">\leq</baseValue></multiple></random></setTemplateValue></templateIf><templateElse><setTemplateValue identifier="relation"><random><multiple><baseValue baseType="string">\geq</baseValue></multiple></random></setTemplateValue></templateElse></templateCondition><setCorrectResponse identifier="RESPONSE_1409231259862"><variable identifier="form" /></setCorrectResponse><setCorrectResponse identifier="RESPONSE_1409231263357"><variable identifier="a" /></setCorrectResponse><setCorrectResponse identifier="RESPONSE_1409231253341"><variable identifier="b" /></setCorrectResponse></templateProcessing><itemBody ><p>Wir betrachten die Ungleichung $$(x - <printedVariable identifier="n1" />)(x - <printedVariable identifier="n2" />) <printedVariable identifier="relation" /> 0$$.</p><p>Welche Form hat die Lösungsmenge?</p><p><strong>Form 1:</strong> \( \mathcal L = (-\infty, a] \cup [b,\infty)\) oder</p><p><strong>Form 2:</strong> \( \mathcal L = [a, b]\)</p><p><strong>Lösung:</strong> Die Lösungsmenge ist von der Form<textEntryInteraction responseIdentifier="RESPONSE_1409231259862" expectedLength="2" /> (bitte geben Sie 1 oder 2 ein!). Dabei sind \(a =\)<textEntryInteraction responseIdentifier="RESPONSE_1409231263357" expectedLength="2" /> und \(b=\)<textEntryInteraction responseIdentifier="RESPONSE_1409231253341" expectedLength="2" />.</p></itemBody><responseProcessing><responseCondition><responseIf><equal toleranceMode="exact"><variable identifier="RESPONSE_1409231259862" /><correct identifier="RESPONSE_1409231259862" /></equal><setOutcomeValue identifier="SCORE"><sum><variable identifier="SCORE" /><baseValue baseType="float">1</baseValue></sum></setOutcomeValue></responseIf></responseCondition><responseCondition><responseIf><not><isNull><variable identifier="RESPONSE_1409231259862" /></isNull></not><setOutcomeValue identifier="FEEDBACKBASIC"><baseValue baseType="identifier">incorrect</baseValue></setOutcomeValue></responseIf></responseCondition><responseCondition><responseIf><equal toleranceMode="exact"><variable identifier="RESPONSE_1409231263357" /><correct identifier="RESPONSE_1409231263357" /></equal><setOutcomeValue identifier="SCORE"><sum><variable identifier="SCORE" /><baseValue baseType="float">1</baseValue></sum></setOutcomeValue></responseIf></responseCondition><responseCondition><responseIf><not><isNull><variable identifier="RESPONSE_1409231263357" /></isNull></not><setOutcomeValue identifier="FEEDBACKBASIC"><baseValue baseType="identifier">incorrect</baseValue></setOutcomeValue></responseIf></responseCondition><responseCondition><responseIf><equal toleranceMode="exact"><variable identifier="RESPONSE_1409231253341" /><correct identifier="RESPONSE_1409231253341" /></equal><setOutcomeValue identifier="SCORE"><sum><variable identifier="SCORE" /><baseValue baseType="float">1</baseValue></sum></setOutcomeValue></responseIf></responseCondition><responseCondition><responseIf><not><isNull><variable identifier="RESPONSE_1409231253341" /></isNull></not><setOutcomeValue identifier="FEEDBACKBASIC"><baseValue baseType="identifier">incorrect</baseValue></setOutcomeValue></responseIf></responseCondition><responseCondition><responseIf><and><not><match><variable identifier="FEEDBACKBASIC" /><baseValue baseType="identifier">empty</baseValue></match></not><equal toleranceMode="exact"><variable identifier="SCORE" /><variable identifier="MAXSCORE" /></equal></and><setOutcomeValue identifier="FEEDBACKBASIC"><baseValue baseType="identifier">correct</baseValue></setOutcomeValue></responseIf></responseCondition><responseCondition><responseIf><and><match><baseValue baseType="identifier">correct</baseValue><variable identifier="FEEDBACKBASIC" /></match></and><setOutcomeValue identifier="FEEDBACKMODAL"><multiple><variable identifier="FEEDBACKMODAL" /><baseValue baseType="identifier">Feedback2132479509</baseValue></multiple></setOutcomeValue></responseIf></responseCondition><responseCondition><responseIf><and><match><baseValue baseType="identifier">incorrect</baseValue><variable identifier="FEEDBACKBASIC" /></match></and><setOutcomeValue identifier="FEEDBACKMODAL"><multiple><variable identifier="FEEDBACKMODAL" /><baseValue baseType="identifier">Feedback1488273554</baseValue></multiple></setOutcomeValue></responseIf></responseCondition></responseProcessing><modalFeedback  identifier="Feedback2132479509" outcomeIdentifier="FEEDBACKMODAL" showHide="show" title="Richtig!"><p>Lösung:</p><p>Die Gleichung $$(x - <printedVariable identifier="n1" />)(x - <printedVariable identifier="n2" />) = 0$$ ist erfüllt für \(a = <printedVariable identifier="a" />\) und \( b= <printedVariable identifier="b" />\).</p><p>Da aber die Relation \(<printedVariable identifier="relation" />\) gelten soll, heißt das, die Lösungsmenge ist von der Form <strong><printedVariable identifier="form" /></strong>.</p></modalFeedback><modalFeedback  identifier="Feedback1488273554" outcomeIdentifier="FEEDBACKMODAL" showHide="show" title="Leider falsch!"><p>Lösung:</p><p>Die Gleichung $$(x - <printedVariable identifier="n1" />)(x - <printedVariable identifier="n2" />) = 0$$ ist erfüllt für \(a = <printedVariable identifier="a" />\) und \( b= <printedVariable identifier="b" />\).</p><p>Da aber die Relation \(<printedVariable identifier="relation" />\) gelten soll, heißt das, die Lösungsmenge ist von der Form <strong><printedVariable identifier="form" /></strong>.</p></modalFeedback></assessmentItem>
