<?xml version="1.0" encoding="UTF-8"?>
<manifest
	xmlns="http://www.imsglobal.org/xsd/imscp_v1p1"
	xmlns:xsi="http://www.w3.org/2001/XMLSchema-instance" 
	xsi:schemaLocation="http://www.imsglobal.org/xsd/imscp_v1p1 http://www.imsglobal.org/xsd/qti/qtiv2p1/qtiv2p1_imscpv1p2_v1p0.xsd 
											http://www.imsglobal.org/xsd/imsqti_v2p1 http://www.imsglobal.org/xsd/qti/qtiv2p1/imsqti_v2p1p1.xsd 
											http://www.imsglobal.org/xsd/imsqti_metadata_v2p1 http://www.imsglobal.org/xsd/qti/qtiv2p1/imsqti_metadata_v2p1p1.xsd
											http://ltsc.ieee.org/xsd/LOM http://www.imsglobal.org/xsd/imsmd_loose_v1p3p2.xsd"
	identifier="manifestID">
	<metadata>
		<schema>QTIv2.1 Package</schema>
    <schemaversion>1.0.0</schemaversion>
  </metadata>
	<organizations />
	<resources>
		<resource identifier="idab97c745_9a0b_43ee_8da4_e3a7114f80bf" type="imsqti_item_xmlv2p1" href="idab97c745-9a0b-43ee-8da4-e3a7114f80bf.xml"><metadata><lom xmlns="http://ltsc.ieee.org/xsd/LOM"><general ><identifier><entry>idab97c745-9a0b-43ee-8da4-e3a7114f80bf</entry></identifier><title><string language="en_US">sinus_1/x_diff_03</string></title><keyword><string language="en_US">Ableitung</string></keyword><keyword><string language="en_US">Sinus</string></keyword><keyword><string language="en_US">Stetigkeit</string></keyword></general><lifeCycle ><contribute><date><dateTime>2014-07-09T10:34:43</dateTime></date><role><source>LOMv1.0</source><value>author</value></role><entity>BEGIN:VCARD&#xD;
VERSION:4.0&#xD;
FN:nesfr@tu-chemnitz.de&#xD;
PRODID:ONYX Editor 5.7.1&#xD;
END:VCARD&#xD;
</entity></contribute></lifeCycle></lom></metadata><file href="idab97c745-9a0b-43ee-8da4-e3a7114f80bf.xml" /></resource>
	</resources>
</manifest>
