<?xml version="1.0" encoding="UTF-8"?>
<autotoolnode>
<tasktype type_name="Machine.Numerical.RAM" type_scoring="i"/>
<taskconfiguration is_altered="true">
<auth_comment/>
<conf_text>Config&#13;
    { name = "RAM" , conditions = [ ] , arity = 1 , op = fib x1&#13;
    , num_args = 15 , max_arg = 20 , cut = 250000&#13;
    , checks = [ Builtins [ ]&#13;
               , No_While&#13;
               ]&#13;
    , start = [ Inc x2&#13;
              , Loop x1&#13;
                [ Loop x3 [ Dec x2 ] ]&#13;
              , Inc x2&#13;
              , Inc x3&#13;
              ]&#13;
    }</conf_text>
<doc_text>&lt;?xml version='1.0' ?&gt; &lt;Beside &gt;&lt;Link href="http://autolat.imn.htwk-leipzig.de/haddock/world/Machine-Numerical-Config.html#t%3AConfig" &gt;Machine.Numerical.Config.Config&lt;/Link &gt;&lt;Text &gt;(&lt;/Text &gt;&lt;Link href="http://autolat.imn.htwk-leipzig.de/haddock/world/RAM-Property.html#t%3AProperty" &gt;RAM.Property.Property&lt;/Link &gt;&lt;Text &gt;)&lt;/Text &gt;&lt;Text &gt;(&lt;/Text &gt;&lt;Text &gt;[&lt;/Text &gt;&lt;Link href="http://autolat.imn.htwk-leipzig.de/haddock/world/RAM-Type.html#t%3AStatement" &gt;RAM.Type.Statement&lt;/Link &gt;&lt;Text &gt;]&lt;/Text &gt;&lt;Text &gt;)&lt;/Text&gt;&lt;/Beside&gt;</doc_text>
<signature>044ee67ba1f579f2d7925ee8d4ff45777c7e9afd</signature>
<description/>
</taskconfiguration>
<configuration>
<scorepoints>20,15,10,7,6,5,4,3,2,1</scorepoints>
</configuration>
<server_conn name="autotool-Server HTWK" path="http://autolat.imn.htwk-leipzig.de/cgi-bin/autotool-0.2.0.cgi" url="http://autolat.imn.htwk-leipzig.de/cgi-bin/autotool-0.2.0.cgi"/>
</autotoolnode>
