<?xml version="1.0" encoding="UTF-8"?>
<assessmentItem xmlns="http://www.imsglobal.org/xsd/imsqti_v2p1" xmlns:xsi="http://www.w3.org/2001/XMLSchema-instance" xsi:schemaLocation="http://www.imsglobal.org/xsd/imsqti_v2p1 http://www.imsglobal.org/xsd/qti/qtiv2p1/imsqti_v2p1p1.xsd http://www.w3.org/1998/Math/MathML http://www.w3.org/Math/XMLSchema/mathml2/mathml2.xsd" identifier="id17c93a84-f2c0-4d04-845f-5bc3f893203b" title="vektoren_unabhänigkeit_01" adaptive="false" timeDependent="false"><imsqti:responseDeclaration xmlns:imsqti="http://www.imsglobal.org/xsd/imsqti_v2p1" identifier="RESPONSE_1" cardinality="multiple" baseType="identifier"><imsqti:correctResponse><imsqti:value>id47210e3f-159a-46ee-a95e-6af1b9b50c96</imsqti:value><imsqti:value>idbcad40fc-3b99-4f21-acdd-cdfa92c589be</imsqti:value><imsqti:value>idbd65621c-30f6-4979-b1cf-00e0efb1c60c</imsqti:value><imsqti:value>id860b91b0-963a-4c23-9e86-cd437d64d7fc</imsqti:value></imsqti:correctResponse><imsqti:mapping defaultValue="0" lowerBound="0.0"><imsqti:mapEntry mapKey="id47210e3f-159a-46ee-a95e-6af1b9b50c96" mappedValue="0.5" /><imsqti:mapEntry mapKey="idbcad40fc-3b99-4f21-acdd-cdfa92c589be" mappedValue="0.5" /><imsqti:mapEntry mapKey="idea742e21-7405-48d2-8962-556c9fbea0d1" mappedValue="-1.0" /><imsqti:mapEntry mapKey="id297073aa-af4a-4558-8e66-824ef415fe57" mappedValue="-1.0" /><imsqti:mapEntry mapKey="idbd65621c-30f6-4979-b1cf-00e0efb1c60c" mappedValue="0.5" /><imsqti:mapEntry mapKey="id860b91b0-963a-4c23-9e86-cd437d64d7fc" mappedValue="0.5" /></imsqti:mapping></imsqti:responseDeclaration><imsqti:outcomeDeclaration xmlns:imsqti="http://www.imsglobal.org/xsd/imsqti_v2p1" identifier="SCORE" cardinality="single" baseType="float"><imsqti:defaultValue><imsqti:value>0</imsqti:value></imsqti:defaultValue></imsqti:outcomeDeclaration><imsqti:outcomeDeclaration xmlns:imsqti="http://www.imsglobal.org/xsd/imsqti_v2p1" identifier="MAXSCORE" cardinality="single" baseType="float"><imsqti:defaultValue><imsqti:value>2</imsqti:value></imsqti:defaultValue></imsqti:outcomeDeclaration><imsqti:outcomeDeclaration xmlns:imsqti="http://www.imsglobal.org/xsd/imsqti_v2p1" identifier="FEEDBACKBASIC" cardinality="single" baseType="identifier" view="testConstructor"><imsqti:defaultValue><imsqti:value>empty</imsqti:value></imsqti:defaultValue></imsqti:outcomeDeclaration><imsqti:templateDeclaration xmlns:imsqti="http://www.imsglobal.org/xsd/imsqti_v2p1" identifier="a1" cardinality="single" baseType="integer" /><imsqti:templateDeclaration xmlns:imsqti="http://www.imsglobal.org/xsd/imsqti_v2p1" identifier="a2" cardinality="single" baseType="integer" /><imsqti:templateDeclaration xmlns:imsqti="http://www.imsglobal.org/xsd/imsqti_v2p1" identifier="a3" cardinality="single" baseType="integer" /><imsqti:templateDeclaration xmlns:imsqti="http://www.imsglobal.org/xsd/imsqti_v2p1" identifier="b1" cardinality="single" baseType="integer" /><imsqti:templateDeclaration xmlns:imsqti="http://www.imsglobal.org/xsd/imsqti_v2p1" identifier="b2" cardinality="single" baseType="integer" /><imsqti:templateDeclaration xmlns:imsqti="http://www.imsglobal.org/xsd/imsqti_v2p1" identifier="b3" cardinality="single" baseType="integer" /><imsqti:templateDeclaration xmlns:imsqti="http://www.imsglobal.org/xsd/imsqti_v2p1" identifier="alpha" cardinality="single" baseType="integer" /><imsqti:templateDeclaration xmlns:imsqti="http://www.imsglobal.org/xsd/imsqti_v2p1" identifier="beta" cardinality="single" baseType="integer" /><imsqti:templateDeclaration xmlns:imsqti="http://www.imsglobal.org/xsd/imsqti_v2p1" identifier="c1" cardinality="single" baseType="integer" /><imsqti:templateDeclaration xmlns:imsqti="http://www.imsglobal.org/xsd/imsqti_v2p1" identifier="c2" cardinality="single" baseType="integer" /><imsqti:templateDeclaration xmlns:imsqti="http://www.imsglobal.org/xsd/imsqti_v2p1" identifier="c3" cardinality="single" baseType="integer" /><imsqti:templateProcessing xmlns:imsqti="http://www.imsglobal.org/xsd/imsqti_v2p1"><imsqti:setTemplateValue identifier="a1"><imsqti:randomInteger min="1" max="5" /></imsqti:setTemplateValue><imsqti:setTemplateValue identifier="a2"><imsqti:randomInteger min="-5" max="-1" /></imsqti:setTemplateValue><imsqti:setTemplateValue identifier="a3"><imsqti:random><imsqti:multiple><imsqti:baseValue baseType="integer">-6</imsqti:baseValue><imsqti:baseValue baseType="integer">-4</imsqti:baseValue><imsqti:baseValue baseType="integer">-2</imsqti:baseValue><imsqti:baseValue baseType="integer">2</imsqti:baseValue><imsqti:baseValue baseType="integer">4</imsqti:baseValue><imsqti:baseValue baseType="integer">6</imsqti:baseValue></imsqti:multiple></imsqti:random></imsqti:setTemplateValue><imsqti:setTemplateValue identifier="b1"><imsqti:randomInteger min="0" max="0" step="0" /></imsqti:setTemplateValue><imsqti:setTemplateValue identifier="b2"><imsqti:randomInteger min="-5" max="5" step="2" /></imsqti:setTemplateValue><imsqti:setTemplateValue identifier="b3"><imsqti:randomInteger min="1" max="5" /></imsqti:setTemplateValue><imsqti:setTemplateValue identifier="alpha"><imsqti:random><imsqti:multiple><imsqti:baseValue baseType="integer">-2</imsqti:baseValue><imsqti:baseValue baseType="integer">-1</imsqti:baseValue><imsqti:baseValue baseType="integer">1</imsqti:baseValue><imsqti:baseValue baseType="integer">2</imsqti:baseValue></imsqti:multiple></imsqti:random></imsqti:setTemplateValue><imsqti:setTemplateValue identifier="beta"><imsqti:random><imsqti:multiple><imsqti:baseValue baseType="integer">-2</imsqti:baseValue><imsqti:baseValue baseType="integer">-1</imsqti:baseValue><imsqti:baseValue baseType="integer">1</imsqti:baseValue><imsqti:baseValue baseType="integer">2</imsqti:baseValue></imsqti:multiple></imsqti:random></imsqti:setTemplateValue><imsqti:setTemplateValue identifier="c1"><imsqti:customOperator definition="MAXIMA" value="float($(1)*$(2)+$(3)*$(4));"><imsqti:variable identifier="alpha" /><imsqti:variable identifier="a1" /><imsqti:variable identifier="beta" /><imsqti:variable identifier="b1" /></imsqti:customOperator></imsqti:setTemplateValue><imsqti:setTemplateValue identifier="c2"><imsqti:customOperator definition="MAXIMA" value="float($(1)*$(2)+$(3)*$(4));"><imsqti:variable identifier="alpha" /><imsqti:variable identifier="a2" /><imsqti:variable identifier="beta" /><imsqti:variable identifier="b2" /></imsqti:customOperator></imsqti:setTemplateValue><imsqti:setTemplateValue identifier="c3"><imsqti:customOperator definition="MAXIMA" value="float($(1)*$(2)+$(3)*$(4));"><imsqti:variable identifier="alpha" /><imsqti:variable identifier="a3" /><imsqti:variable identifier="beta" /><imsqti:variable identifier="b3" /></imsqti:customOperator></imsqti:setTemplateValue></imsqti:templateProcessing><itemBody ><p>Gegeben seien die folgenden Vektoren:</p><p>\(\qquad \vec a=(<printedVariable identifier="a1" />,<printedVariable identifier="a2" />,<printedVariable identifier="a3" />)\), \(\vec b=(<printedVariable identifier="b1" />,<printedVariable identifier="b2" />,<printedVariable identifier="b3" />)\), \(\vec c=(<printedVariable identifier="c1" />,<printedVariable identifier="c2" />,<printedVariable identifier="c3" />)\).</p><p>Welche der folgenden Aussagen sind richtig?</p><choiceInteraction responseIdentifier="RESPONSE_1" shuffle="false" maxChoices="0"><simpleChoice identifier="id47210e3f-159a-46ee-a95e-6af1b9b50c96"><p>Jeweils zwei der drei Vektoren sind linear unabhängig.</p></simpleChoice><simpleChoice identifier="idbcad40fc-3b99-4f21-acdd-cdfa92c589be"><p>Die Vektoren \(\vec a\), \(\vec b\) und \(\vec c\) sind linear abhänging.</p></simpleChoice><simpleChoice identifier="idea742e21-7405-48d2-8962-556c9fbea0d1"><p>Die Vektoren \(\vec a\), \(\vec b\) und \(\vec c\) bilden eine Basis des \(\mathbb R^3\).</p></simpleChoice><simpleChoice identifier="id297073aa-af4a-4558-8e66-824ef415fe57"><p>Die Dimension der linearen Hülle von \(\vec a\), \(\vec b\) und \(\vec c\) ist gleich 1.</p></simpleChoice><simpleChoice identifier="idbd65621c-30f6-4979-b1cf-00e0efb1c60c"><p>Die Dimension der linearen Hülle von \(\vec a\), \(\vec b\) und \(\vec c\) ist gleich 2.</p></simpleChoice><simpleChoice identifier="id860b91b0-963a-4c23-9e86-cd437d64d7fc"><p>Jeder der 3 Vektoren lässt sich als Linearkombination der anderen beiden Vektoren schreiben.</p></simpleChoice></choiceInteraction></itemBody><imsqti:responseProcessing xmlns:imsqti="http://www.imsglobal.org/xsd/imsqti_v2p1"><imsqti:responseCondition><imsqti:responseIf><imsqti:not><imsqti:isNull><imsqti:variable identifier="RESPONSE_1" /></imsqti:isNull></imsqti:not><imsqti:setOutcomeValue identifier="SCORE"><imsqti:sum><imsqti:variable identifier="SCORE" /><imsqti:mapResponse identifier="RESPONSE_1" /></imsqti:sum></imsqti:setOutcomeValue><imsqti:setOutcomeValue identifier="FEEDBACKBASIC"><imsqti:baseValue baseType="identifier">incorrect</imsqti:baseValue></imsqti:setOutcomeValue></imsqti:responseIf></imsqti:responseCondition><imsqti:responseCondition><imsqti:responseIf><imsqti:and><imsqti:not><imsqti:match><imsqti:variable identifier="FEEDBACKBASIC" /><imsqti:baseValue baseType="identifier">empty</imsqti:baseValue></imsqti:match></imsqti:not><imsqti:equal toleranceMode="exact"><imsqti:variable identifier="SCORE" /><imsqti:variable identifier="MAXSCORE" /></imsqti:equal></imsqti:and><imsqti:setOutcomeValue identifier="FEEDBACKBASIC"><imsqti:baseValue baseType="identifier">correct</imsqti:baseValue></imsqti:setOutcomeValue></imsqti:responseIf></imsqti:responseCondition></imsqti:responseProcessing></assessmentItem>
