<?xml version="1.0" encoding="UTF-8"?>
<assessmentItem xmlns="http://www.imsglobal.org/xsd/imsqti_v2p1" xmlns:xsi="http://www.w3.org/2001/XMLSchema-instance" xsi:schemaLocation="http://www.imsglobal.org/xsd/imsqti_v2p1 http://www.imsglobal.org/xsd/qti/qtiv2p1/imsqti_v2p1p1.xsd http://www.w3.org/1998/Math/MathML http://www.w3.org/Math/XMLSchema/mathml2/mathml2.xsd" identifier="id315f0fec-c51b-4ce4-bf5e-269c971be84d" title="CountingZeros" adaptive="false" timeDependent="false"><responseDeclaration identifier="RESPONSE_1417688645171" cardinality="single" baseType="float"><correctResponse><value>0</value></correctResponse></responseDeclaration><outcomeDeclaration identifier="SCORE" cardinality="single" baseType="float"><defaultValue><value>0</value></defaultValue></outcomeDeclaration><outcomeDeclaration identifier="MAXSCORE" cardinality="single" baseType="float"><defaultValue><value>3</value></defaultValue></outcomeDeclaration><outcomeDeclaration identifier="FEEDBACKBASIC" cardinality="single" baseType="identifier" view="testConstructor"><defaultValue><value>empty</value></defaultValue></outcomeDeclaration><outcomeDeclaration identifier="FEEDBACKMODAL" cardinality="multiple" baseType="identifier" view="testConstructor" /><templateDeclaration identifier="k" cardinality="single" baseType="integer" /><templateDeclaration identifier="a" cardinality="single" baseType="integer" /><templateDeclaration identifier="b" cardinality="single" baseType="integer" /><templateDeclaration identifier="c" cardinality="single" baseType="integer" /><templateDeclaration identifier="d" cardinality="single" baseType="integer" /><templateDeclaration identifier="f" cardinality="single" baseType="integer" /><templateProcessing><setTemplateValue identifier="k"><randomInteger min="0" max="4" /></setTemplateValue><setTemplateValue identifier="a"><randomInteger min="1" max="4" /></setTemplateValue><templateCondition><templateIf><match><variable identifier="k" /><baseValue baseType="integer">4</baseValue></match><setTemplateValue identifier="b"><randomInteger min="1" max="1" step="0" /></setTemplateValue></templateIf></templateCondition><setTemplateValue identifier="b"><randomInteger min="1" max="4" /></setTemplateValue><templateCondition><templateIf><match><variable identifier="k" /><baseValue baseType="integer">3</baseValue></match><setTemplateValue identifier="a"><randomInteger min="1" max="1" step="0" /></setTemplateValue></templateIf></templateCondition><setTemplateValue identifier="c"><randomInteger min="1" max="5" /></setTemplateValue><templateCondition><templateIf><match><variable identifier="k" /><baseValue baseType="integer">2</baseValue></match><setTemplateValue identifier="d"><randomInteger min="1" max="1" step="0" /></setTemplateValue></templateIf></templateCondition><templateCondition><templateIf><match><variable identifier="k" /><baseValue baseType="integer">1</baseValue></match><setTemplateValue identifier="c"><randomInteger min="1" max="1" step="0" /></setTemplateValue></templateIf></templateCondition><setTemplateValue identifier="d"><randomInteger min="1" max="3" /></setTemplateValue><setTemplateValue identifier="f"><randomInteger min="1" max="2" /></setTemplateValue><templateCondition><templateIf><match><variable identifier="k" /><baseValue baseType="integer">4</baseValue></match><setTemplateValue identifier="a"><customOperator definition="MAXIMA" value="float($(1)+$(2)+$(3)+$(4)+1);"><variable identifier="b" /><variable identifier="c" /><variable identifier="d" /><variable identifier="f" /></customOperator></setTemplateValue></templateIf></templateCondition><templateCondition><templateIf><match><variable identifier="k" /><baseValue baseType="integer">3</baseValue></match><setTemplateValue identifier="b"><customOperator definition="MAXIMA" value="float($(1)+$(2)+$(3)+$(4)+1);"><variable identifier="a" /><variable identifier="c" /><variable identifier="d" /><variable identifier="f" /></customOperator></setTemplateValue></templateIf></templateCondition><templateCondition><templateIf><match><variable identifier="k" /><baseValue baseType="integer">2</baseValue></match><setTemplateValue identifier="c"><customOperator definition="MAXIMA" value="float($(1)+$(2)+$(3)+$(4)+1);"><variable identifier="a" /><variable identifier="b" /><variable identifier="d" /><variable identifier="f" /></customOperator></setTemplateValue></templateIf></templateCondition><templateCondition><templateIf><match><variable identifier="k" /><baseValue baseType="integer">1</baseValue></match><setTemplateValue identifier="d"><customOperator definition="MAXIMA" value="float($(1)+$(2)+$(3)+$(4)+1);"><variable identifier="a" /><variable identifier="b" /><variable identifier="c" /><variable identifier="f" /></customOperator></setTemplateValue></templateIf></templateCondition><templateCondition><templateIf><match><variable identifier="k" /><baseValue baseType="integer">0</baseValue></match><setTemplateValue identifier="f"><customOperator definition="MAXIMA" value="float($(1)+$(2)+$(3)+$(4)+1);"><variable identifier="a" /><variable identifier="b" /><variable identifier="c" /><variable identifier="d" /></customOperator></setTemplateValue></templateIf></templateCondition><setCorrectResponse identifier="RESPONSE_1417688645171"><variable identifier="k" /></setCorrectResponse></templateProcessing><itemBody ><p><p>For the function $$f(z):= <printedVariable identifier="a" />z^4 - <printedVariable identifier="b" />z^3 +<printedVariable identifier="c" />z^2+<printedVariable identifier="d" />z -<printedVariable identifier="f" /> $$ determine the number N of zeros inside the unit disc around zero.</p><p>N = <textEntryInteraction responseIdentifier="RESPONSE_1417688645171" expectedLength="3" /></p><p>Hint: Use Rouche' s theorem with a suitable comparing function for which N is known. Here in this exercise look for a function of the type \( a z^k \) with a und k suitable.</p></p></itemBody><responseProcessing><responseCondition><responseIf><equal toleranceMode="exact"><variable identifier="RESPONSE_1417688645171" /><correct identifier="RESPONSE_1417688645171" /></equal><setOutcomeValue identifier="SCORE"><sum><variable identifier="SCORE" /><baseValue baseType="float">3</baseValue></sum></setOutcomeValue></responseIf></responseCondition><responseCondition><responseIf><not><isNull><variable identifier="RESPONSE_1417688645171" /></isNull></not><setOutcomeValue identifier="FEEDBACKBASIC"><baseValue baseType="identifier">incorrect</baseValue></setOutcomeValue></responseIf></responseCondition><responseCondition><responseIf><and><not><match><variable identifier="FEEDBACKBASIC" /><baseValue baseType="identifier">empty</baseValue></match></not><equal toleranceMode="exact"><variable identifier="SCORE" /><variable identifier="MAXSCORE" /></equal></and><setOutcomeValue identifier="FEEDBACKBASIC"><baseValue baseType="identifier">correct</baseValue></setOutcomeValue></responseIf></responseCondition><responseCondition><responseIf><and><match><baseValue baseType="identifier">incorrect</baseValue><variable identifier="FEEDBACKBASIC" /></match></and><setOutcomeValue identifier="FEEDBACKMODAL"><multiple><variable identifier="FEEDBACKMODAL" /><baseValue baseType="identifier">Feedback139987896</baseValue></multiple></setOutcomeValue></responseIf></responseCondition></responseProcessing><modalFeedback  identifier="Feedback139987896" outcomeIdentifier="FEEDBACKMODAL" showHide="show"><p>Note that in this case of using rouche's theorem, the comparing function is on the right side of the equation.</p></modalFeedback></assessmentItem>
