<?xml version="1.0" encoding="UTF-8"?>
<assessmentItem xmlns="http://www.imsglobal.org/xsd/imsqti_v2p1" xmlns:xsi="http://www.w3.org/2001/XMLSchema-instance" xsi:schemaLocation="http://www.imsglobal.org/xsd/imsqti_v2p1 http://www.imsglobal.org/xsd/qti/qtiv2p1/imsqti_v2p1p1.xsd http://www.w3.org/1998/Math/MathML http://www.w3.org/Math/XMLSchema/mathml2/mathml2.xsd" identifier="idcde8725c-b443-4162-9030-3f8847fadd25" title="DeterminanteGrundlagen1kurz" adaptive="false" timeDependent="false"><responseDeclaration identifier="RESPONSE_1" cardinality="multiple" baseType="identifier"><correctResponse><value>id32516b82-e300-4791-a8a0-575ae7dc9829</value><value>idad9bf28d-d347-4b9c-b1e4-4123e620d2c9</value><value>id323b6274-6886-470b-b1a8-9ccad2c9b517</value><value>id389d90cd-07a7-4899-b4ef-9e90937bf25e</value><value>id9e0510b2-72ab-4845-a818-667ad5933d2f</value></correctResponse><mapping defaultValue="0" lowerBound="0.0"><mapEntry mapKey="id32516b82-e300-4791-a8a0-575ae7dc9829" mappedValue="1.0" /><mapEntry mapKey="id15a83f8b-3502-4c96-a6b6-8e61ac270f59" mappedValue="-1.0" /><mapEntry mapKey="idad9bf28d-d347-4b9c-b1e4-4123e620d2c9" mappedValue="1.0" /><mapEntry mapKey="id57f88627-a6b4-4a75-90f1-e01f11252567" mappedValue="-1.0" /><mapEntry mapKey="id323b6274-6886-470b-b1a8-9ccad2c9b517" mappedValue="1.0" /><mapEntry mapKey="id2764d2c1-e4b5-4d57-ae72-e3095ec61444" mappedValue="-1.0" /><mapEntry mapKey="id389d90cd-07a7-4899-b4ef-9e90937bf25e" mappedValue="1.0" /><mapEntry mapKey="id9e0510b2-72ab-4845-a818-667ad5933d2f" mappedValue="1.0" /></mapping></responseDeclaration><outcomeDeclaration identifier="SCORE" cardinality="single" baseType="float"><defaultValue><value>0</value></defaultValue></outcomeDeclaration><outcomeDeclaration identifier="MAXSCORE" cardinality="single" baseType="float"><defaultValue><value>5</value></defaultValue></outcomeDeclaration><outcomeDeclaration identifier="FEEDBACKBASIC" cardinality="single" baseType="identifier" view="testConstructor"><defaultValue><value>empty</value></defaultValue></outcomeDeclaration><outcomeDeclaration identifier="FEEDBACKMODAL" cardinality="multiple" baseType="identifier" view="testConstructor" /><itemBody ><p>Welche der folgenden Aussagen über Determinanten von quadratischen Matrizen sind stets wahr:</p><choiceInteraction responseIdentifier="RESPONSE_1" shuffle="true" maxChoices="0"><simpleChoice identifier="id32516b82-e300-4791-a8a0-575ae7dc9829"><p>Die Determinante einer Matrix mit ganzzahligen Einträgen ist immer eine ganze Zahl.</p></simpleChoice><simpleChoice identifier="id15a83f8b-3502-4c96-a6b6-8e61ac270f59"><p>Wenn man eine Zeile oder Spalte mit einer reellen Zahl multipliziert, ändert sich die Determinante nicht. </p></simpleChoice><simpleChoice identifier="idad9bf28d-d347-4b9c-b1e4-4123e620d2c9"><p>Wenn man ein beliebiges Vielfaches von einer Zeile (Spalte) von einer anderen Zeile(Spalte) abzieht, ändert sich die Determinante nicht.</p></simpleChoice><simpleChoice identifier="id57f88627-a6b4-4a75-90f1-e01f11252567"><p>Wenn man zwei Zeilen(Spalten) der Matrix vertauscht, ändert sich die Determinante nicht.</p></simpleChoice><simpleChoice identifier="id323b6274-6886-470b-b1a8-9ccad2c9b517"><p>Wenn zwei Zeilen(Spalten) einer Matrix gleich sind, dann ist die Determinante gleich $$0$$.</p></simpleChoice><simpleChoice identifier="id2764d2c1-e4b5-4d57-ae72-e3095ec61444"><p>Seien $$A$$, $$B$$ Matrizen. Wenn gilt $$ \det A = \frac{1}{\det B}$$, dann muss $$B$$ die Inverse von $$A$$ sein.</p></simpleChoice><simpleChoice identifier="id389d90cd-07a7-4899-b4ef-9e90937bf25e"><p>Die Determinante der Transponierten einer Matrix $$A$$ ist gleich der Determinante der von $$A$$ selbst.</p></simpleChoice><simpleChoice identifier="id9e0510b2-72ab-4845-a818-667ad5933d2f"><p>Die Matrix $$A$$ ist genau dann invertierbar, wenn die Determinante von $$A$$ ungleich $$0$$ ist.</p></simpleChoice></choiceInteraction></itemBody><responseProcessing><responseCondition><responseIf><not><isNull><variable identifier="RESPONSE_1" /></isNull></not><setOutcomeValue identifier="SCORE"><sum><variable identifier="SCORE" /><mapResponse identifier="RESPONSE_1" /></sum></setOutcomeValue><setOutcomeValue identifier="FEEDBACKBASIC"><baseValue baseType="identifier">incorrect</baseValue></setOutcomeValue></responseIf></responseCondition><responseCondition><responseIf><and><not><match><variable identifier="FEEDBACKBASIC" /><baseValue baseType="identifier">empty</baseValue></match></not><equal toleranceMode="exact"><variable identifier="SCORE" /><variable identifier="MAXSCORE" /></equal></and><setOutcomeValue identifier="FEEDBACKBASIC"><baseValue baseType="identifier">correct</baseValue></setOutcomeValue></responseIf></responseCondition><responseCondition><responseIf><and><equal toleranceMode="exact"><variable identifier="SCORE" /><baseValue baseType="float">0</baseValue></equal></and><setOutcomeValue identifier="FEEDBACKMODAL"><multiple><variable identifier="FEEDBACKMODAL" /><baseValue baseType="identifier">Feedback481868851</baseValue></multiple></setOutcomeValue></responseIf></responseCondition><responseCondition><responseIf><and><equal toleranceMode="exact"><variable identifier="SCORE" /><baseValue baseType="float">0</baseValue></equal></and><setOutcomeValue identifier="FEEDBACKMODAL"><multiple><variable identifier="FEEDBACKMODAL" /><baseValue baseType="identifier">Feedback1671888525</baseValue></multiple></setOutcomeValue></responseIf></responseCondition><responseCondition><responseIf><and><equal toleranceMode="exact"><variable identifier="SCORE" /><baseValue baseType="float">0</baseValue></equal></and><setOutcomeValue identifier="FEEDBACKMODAL"><multiple><variable identifier="FEEDBACKMODAL" /><baseValue baseType="identifier">Feedback1787733596</baseValue></multiple></setOutcomeValue></responseIf></responseCondition></responseProcessing><modalFeedback  identifier="Feedback481868851" outcomeIdentifier="FEEDBACKMODAL" showHide="show" /><modalFeedback  identifier="Feedback1671888525" outcomeIdentifier="FEEDBACKMODAL" showHide="show" /><modalFeedback  identifier="Feedback1787733596" outcomeIdentifier="FEEDBACKMODAL" showHide="show" /></assessmentItem>
