<?xml version="1.0" encoding="UTF-8"?>
<autotoolnode>
<tasktype type_name="Machine.Numerical.RAM" type_scoring="i"/>
<taskconfiguration is_altered="true">
<auth_comment/>
<conf_text>Config&#13;
    { name = "RAM" , conditions = [ ] , arity = 2 , op = x1^x2&#13;
    , num_args = 10 , max_arg = 15 , cut = 100000&#13;
    , checks = [ Builtins [ Copy , Plus ]&#13;
               , No_Loop&#13;
               ]&#13;
    , start = [ Inc x2&#13;
              , Builtin { name = Copy , res = tempvar , args = [ x2 ] }&#13;
              , While tempvar&#13;
                [ Builtin { name = Copy , res = x0 , args = [ x2 ] }&#13;
                , Dec tempvar&#13;
                ]&#13;
              ]&#13;
    }</conf_text>
<doc_text>&lt;?xml version='1.0' ?&gt; &lt;Beside &gt;&lt;Link href="http://autolat.imn.htwk-leipzig.de/haddock/world/Machine-Numerical-Config.html#t%3AConfig" &gt;Machine.Numerical.Config.Config&lt;/Link &gt;&lt;Text &gt;(&lt;/Text &gt;&lt;Link href="http://autolat.imn.htwk-leipzig.de/haddock/world/RAM-Property.html#t%3AProperty" &gt;RAM.Property.Property&lt;/Link &gt;&lt;Text &gt;)&lt;/Text &gt;&lt;Text &gt;(&lt;/Text &gt;&lt;Text &gt;[&lt;/Text &gt;&lt;Link href="http://autolat.imn.htwk-leipzig.de/haddock/world/RAM-Type.html#t%3AStatement" &gt;RAM.Type.Statement&lt;/Link &gt;&lt;Text &gt;]&lt;/Text &gt;&lt;Text &gt;)&lt;/Text&gt;&lt;/Beside&gt;</doc_text>
<signature>a85cef0ecbbcc8eac4b2bbd226fb2f3024627dc4</signature>
<description/>
</taskconfiguration>
<configuration>
<scorepoints>20,15,10,7,6,5,4,3,2,1</scorepoints>
</configuration>
<server_conn name="autotool-Server HTWK" path="http://autolat.imn.htwk-leipzig.de/cgi-bin/autotool-0.2.0.cgi" url="http://autolat.imn.htwk-leipzig.de/cgi-bin/autotool-0.2.0.cgi"/>
</autotoolnode>
