<?xml version="1.0" encoding="UTF-8"?>
<assessmentItem xmlns="http://www.imsglobal.org/xsd/imsqti_v2p1" xmlns:xsi="http://www.w3.org/2001/XMLSchema-instance" xsi:schemaLocation="http://www.imsglobal.org/xsd/imsqti_v2p1 http://www.imsglobal.org/xsd/qti/qtiv2p1/imsqti_v2p1p1.xsd http://www.w3.org/1998/Math/MathML http://www.w3.org/Math/XMLSchema/mathml2/mathml2.xsd" identifier="idd959ffe3-eade-4e14-a022-0c81ef47ed91" title="betrag_vektor_01" adaptive="false" timeDependent="false"><responseDeclaration identifier="RESPONSE_1416484601104" cardinality="single" baseType="string" /><outcomeDeclaration identifier="SCORE" cardinality="single" baseType="float"><defaultValue><value>0</value></defaultValue></outcomeDeclaration><outcomeDeclaration identifier="MAXSCORE" cardinality="single" baseType="float"><defaultValue><value>1</value></defaultValue></outcomeDeclaration><outcomeDeclaration identifier="FEEDBACKBASIC" cardinality="single" baseType="identifier" view="testConstructor"><defaultValue><value>empty</value></defaultValue></outcomeDeclaration><outcomeDeclaration identifier="FEEDBACKMODAL" cardinality="multiple" baseType="identifier" view="testConstructor" /><templateDeclaration identifier="a" cardinality="single" baseType="integer" /><templateDeclaration identifier="b" cardinality="single" baseType="integer" /><templateDeclaration identifier="c" cardinality="single" baseType="integer" /><templateDeclaration identifier="d" cardinality="single" baseType="integer" /><templateDeclaration identifier="e" cardinality="single" baseType="integer" /><templateProcessing><setTemplateValue identifier="a"><randomInteger min="1" max="6" /></setTemplateValue><setTemplateValue identifier="b"><randomInteger min="1" max="6" /></setTemplateValue><setTemplateValue identifier="c"><randomInteger min="1" max="7" /></setTemplateValue><setTemplateValue identifier="d"><randomInteger min="5" max="9" /></setTemplateValue><setTemplateValue identifier="e"><customOperator definition="MAXIMA" value="float($(1)^2+$(2)^2+$(3)^2+$(4)^2);"><variable identifier="a" /><variable identifier="b" /><variable identifier="c" /><variable identifier="d" /></customOperator></setTemplateValue><setCorrectResponse identifier="RESPONSE_1416484601104"><customOperator definition="VARIABLESTRING" value="sqrt($(1))"><variable identifier="e" /></customOperator></setCorrectResponse></templateProcessing><itemBody ><p>Bestimmen Sie den Betrag des Vektors \(\vec v = \begin{pmatrix} <printedVariable identifier="a" /> \\ <printedVariable identifier="b" /> \\ <printedVariable identifier="c" /> \\ <printedVariable identifier="d" />\end{pmatrix}\).</p><p>\( \left|\vec v \right| = \) <textEntryInteraction responseIdentifier="RESPONSE_1416484601104" class="maxima-formula show-latex" /></p><p> </p><p><strong>Hinweis:</strong> Sie können Formeln wiefolgt eingeben: \(y\sqrt{x} =\) <strong>y*sqrt(x)</strong>.</p></itemBody><responseProcessing><responseCondition><responseIf><customOperator definition="MAXIMA" value="is(equal(ev($(1)),ev($(2))));"><variable identifier="RESPONSE_1416484601104" /><correct identifier="RESPONSE_1416484601104" /></customOperator><setOutcomeValue identifier="SCORE"><sum><variable identifier="SCORE" /><baseValue baseType="float">1</baseValue></sum></setOutcomeValue></responseIf></responseCondition><responseCondition><responseIf><not><isNull><variable identifier="RESPONSE_1416484601104" /></isNull></not><setOutcomeValue identifier="FEEDBACKBASIC"><baseValue baseType="identifier">incorrect</baseValue></setOutcomeValue></responseIf></responseCondition><responseCondition><responseIf><and><not><match><variable identifier="FEEDBACKBASIC" /><baseValue baseType="identifier">empty</baseValue></match></not><equal toleranceMode="exact"><variable identifier="SCORE" /><variable identifier="MAXSCORE" /></equal></and><setOutcomeValue identifier="FEEDBACKBASIC"><baseValue baseType="identifier">correct</baseValue></setOutcomeValue></responseIf></responseCondition><responseCondition><responseIf><and><match><baseValue baseType="identifier">correct</baseValue><variable identifier="FEEDBACKBASIC" /></match></and><setOutcomeValue identifier="FEEDBACKMODAL"><multiple><variable identifier="FEEDBACKMODAL" /><baseValue baseType="identifier">Feedback610615374</baseValue></multiple></setOutcomeValue></responseIf></responseCondition><responseCondition><responseIf><and><match><baseValue baseType="identifier">incorrect</baseValue><variable identifier="FEEDBACKBASIC" /></match></and><setOutcomeValue identifier="FEEDBACKMODAL"><multiple><variable identifier="FEEDBACKMODAL" /><baseValue baseType="identifier">Feedback967361013</baseValue></multiple></setOutcomeValue></responseIf></responseCondition></responseProcessing><modalFeedback  identifier="Feedback610615374" outcomeIdentifier="FEEDBACKMODAL" showHide="show" title="Richtig!" /><modalFeedback  identifier="Feedback967361013" outcomeIdentifier="FEEDBACKMODAL" showHide="show" title="Leider falsch!"><p>Der Betrag des Vektors ergibt sich folgendermaßen:</p><p>\(\left|\vec v \right| = \sqrt{<printedVariable identifier="a" />^2+<printedVariable identifier="b" />^2+<printedVariable identifier="c" />^2+<printedVariable identifier="d" />^2} = \sqrt{<printedVariable identifier="e" />}\)</p></modalFeedback></assessmentItem>
