<?xml version="1.0" encoding="UTF-8"?>
<assessmentItem xmlns="http://www.imsglobal.org/xsd/imsqti_v2p1" xmlns:xsi="http://www.w3.org/2001/XMLSchema-instance" xsi:schemaLocation="http://www.imsglobal.org/xsd/imsqti_v2p1 http://www.imsglobal.org/xsd/qti/qtiv2p1/imsqti_v2p1p1.xsd http://www.w3.org/1998/Math/MathML http://www.w3.org/Math/XMLSchema/mathml2/mathml2.xsd" identifier="idbd936f9e-c530-4839-aab7-ab430341bfa3" title="Hesse-Normalform_01" adaptive="false" timeDependent="false"><responseDeclaration identifier="RESPONSE_1416083336042" cardinality="single" baseType="string" /><responseDeclaration identifier="RESPONSE_1416083485786" cardinality="single" baseType="string" /><responseDeclaration identifier="RESPONSE_1416083513190" cardinality="single" baseType="string" /><responseDeclaration identifier="RESPONSE_1416083549315" cardinality="single" baseType="string" /><outcomeDeclaration identifier="SCORE" cardinality="single" baseType="float"><defaultValue><value>0</value></defaultValue></outcomeDeclaration><outcomeDeclaration identifier="MAXSCORE" cardinality="single" baseType="float"><defaultValue><value>4</value></defaultValue></outcomeDeclaration><outcomeDeclaration identifier="FEEDBACKBASIC" cardinality="single" baseType="identifier" view="testConstructor"><defaultValue><value>empty</value></defaultValue></outcomeDeclaration><outcomeDeclaration identifier="FEEDBACKMODAL" cardinality="multiple" baseType="identifier" view="testConstructor" /><templateDeclaration identifier="a1" cardinality="single" baseType="integer" /><templateDeclaration identifier="a2" cardinality="single" baseType="integer" /><templateDeclaration identifier="a3" cardinality="single" baseType="integer" /><templateDeclaration identifier="b1" cardinality="single" baseType="integer" /><templateDeclaration identifier="b2" cardinality="single" baseType="integer" /><templateDeclaration identifier="b3" cardinality="single" baseType="integer" /><templateDeclaration identifier="c1" cardinality="single" baseType="integer" /><templateDeclaration identifier="c2" cardinality="single" baseType="integer" /><templateDeclaration identifier="c3" cardinality="single" baseType="integer" /><templateDeclaration identifier="n1" cardinality="single" baseType="integer" /><templateDeclaration identifier="n2" cardinality="single" baseType="integer" /><templateDeclaration identifier="n3" cardinality="single" baseType="integer" /><templateDeclaration identifier="nn" cardinality="single" baseType="string" /><templateDeclaration identifier="vz" cardinality="single" baseType="integer" /><templateDeclaration identifier="r" cardinality="single" baseType="integer" /><templateDeclaration identifier="d" cardinality="single" baseType="string" /><templateDeclaration identifier="m1" cardinality="single" baseType="string" /><templateDeclaration identifier="m2" cardinality="single" baseType="string" /><templateDeclaration identifier="m3" cardinality="single" baseType="string" /><templateDeclaration identifier="tebene" cardinality="single" baseType="string" /><templateProcessing><setTemplateValue identifier="a1"><random><multiple><baseValue baseType="integer">-3</baseValue><baseValue baseType="integer">-2</baseValue><baseValue baseType="integer">-1</baseValue><baseValue baseType="integer">1</baseValue><baseValue baseType="integer">2</baseValue><baseValue baseType="integer">3</baseValue></multiple></random></setTemplateValue><setTemplateValue identifier="a2"><random><multiple><baseValue baseType="integer">-3</baseValue><baseValue baseType="integer">-2</baseValue><baseValue baseType="integer">-1</baseValue><baseValue baseType="integer">1</baseValue><baseValue baseType="integer">2</baseValue><baseValue baseType="integer">3</baseValue></multiple></random></setTemplateValue><setTemplateValue identifier="a3"><random><multiple><baseValue baseType="integer">-3</baseValue><baseValue baseType="integer">-2</baseValue><baseValue baseType="integer">-1</baseValue><baseValue baseType="integer">1</baseValue><baseValue baseType="integer">2</baseValue><baseValue baseType="integer">3</baseValue></multiple></random></setTemplateValue><setTemplateValue identifier="b1"><random><multiple><baseValue baseType="integer">-5</baseValue><baseValue baseType="integer">-4</baseValue><baseValue baseType="integer">-3</baseValue><baseValue baseType="integer">-2</baseValue><baseValue baseType="integer">-1</baseValue><baseValue baseType="integer">1</baseValue><baseValue baseType="integer">2</baseValue><baseValue baseType="integer">3</baseValue><baseValue baseType="integer">4</baseValue><baseValue baseType="integer">5</baseValue></multiple></random></setTemplateValue><setTemplateValue identifier="b2"><random><multiple><baseValue baseType="integer">-5</baseValue><baseValue baseType="integer">-4</baseValue><baseValue baseType="integer">-3</baseValue><baseValue baseType="integer">-2</baseValue><baseValue baseType="integer">-1</baseValue><baseValue baseType="integer">1</baseValue><baseValue baseType="integer">2</baseValue><baseValue baseType="integer">3</baseValue><baseValue baseType="integer">4</baseValue><baseValue baseType="integer">5</baseValue></multiple></random></setTemplateValue><setTemplateValue identifier="b3"><randomInteger min="0" max="0" step="0" /></setTemplateValue><setTemplateValue identifier="c1"><random><multiple><baseValue baseType="integer">-5</baseValue><baseValue baseType="integer">-4</baseValue><baseValue baseType="integer">-3</baseValue><baseValue baseType="integer">-2</baseValue><baseValue baseType="integer">-1</baseValue><baseValue baseType="integer">1</baseValue><baseValue baseType="integer">2</baseValue><baseValue baseType="integer">3</baseValue><baseValue baseType="integer">4</baseValue><baseValue baseType="integer">5</baseValue></multiple></random></setTemplateValue><setTemplateValue identifier="c2"><randomInteger min="0" max="0" step="0" /></setTemplateValue><setTemplateValue identifier="c3"><random><multiple><baseValue baseType="integer">-5</baseValue><baseValue baseType="integer">-4</baseValue><baseValue baseType="integer">-3</baseValue><baseValue baseType="integer">-2</baseValue><baseValue baseType="integer">-1</baseValue><baseValue baseType="integer">1</baseValue><baseValue baseType="integer">2</baseValue><baseValue baseType="integer">3</baseValue><baseValue baseType="integer">4</baseValue><baseValue baseType="integer">5</baseValue></multiple></random></setTemplateValue><setTemplateValue identifier="n1"><customOperator definition="MAXIMA" value="float($(1)*$(2)-$(3)*$(4));"><variable identifier="b2" /><variable identifier="c3" /><variable identifier="b3" /><variable identifier="c2" /></customOperator></setTemplateValue><setTemplateValue identifier="n2"><customOperator definition="MAXIMA" value="float($(1)*$(2)-$(3)*$(4));"><variable identifier="b3" /><variable identifier="c1" /><variable identifier="b1" /><variable identifier="c3" /></customOperator></setTemplateValue><setTemplateValue identifier="n3"><customOperator definition="MAXIMA" value="float($(1)*$(2)-$(3)*$(4));"><variable identifier="b1" /><variable identifier="c2" /><variable identifier="b2" /><variable identifier="c1" /></customOperator></setTemplateValue><setTemplateValue identifier="nn"><customOperator definition="MAXIMA" value="string(sqrt($(1)*$(2)+$(3)*$(4)+$(5)*$(6)))"><variable identifier="n1" /><variable identifier="n1" /><variable identifier="n2" /><variable identifier="n2" /><variable identifier="n3" /><variable identifier="n3" /></customOperator></setTemplateValue><setTemplateValue identifier="vz"><randomInteger min="1" max="1" step="0" /></setTemplateValue><setTemplateValue identifier="r"><customOperator definition="MAXIMA" value="float($(1)*$(2)+$(3)*$(4)+$(5)*$(6));"><variable identifier="a1" /><variable identifier="n1" /><variable identifier="a2" /><variable identifier="n2" /><variable identifier="a3" /><variable identifier="n3" /></customOperator></setTemplateValue><templateCondition><templateIf><lt><variable identifier="r" /><baseValue baseType="integer">0</baseValue></lt><setTemplateValue identifier="vz"><randomInteger min="-1" max="-1" step="0" /></setTemplateValue></templateIf></templateCondition><setTemplateValue identifier="d"><customOperator definition="MAXIMA" value="string($(1)*$(2)/($(3)))"><variable identifier="vz" /><variable identifier="r" /><variable identifier="nn" /></customOperator></setTemplateValue><setTemplateValue identifier="m1"><customOperator definition="MAXIMA" value="string($(1)*$(2)/($(3)))"><variable identifier="vz" /><variable identifier="n1" /><variable identifier="nn" /></customOperator></setTemplateValue><setTemplateValue identifier="m2"><customOperator definition="MAXIMA" value="string($(1)*$(2)/($(3)))"><variable identifier="vz" /><variable identifier="n2" /><variable identifier="nn" /></customOperator></setTemplateValue><setTemplateValue identifier="m3"><customOperator definition="MAXIMA" value="string($(1)*$(2)/($(3)))"><variable identifier="vz" /><variable identifier="n3" /><variable identifier="nn" /></customOperator></setTemplateValue><setTemplateValue identifier="tebene"><customOperator definition="MAXIMA" value="tex1(rat($(1)*x+$(2)*y+$(3)*z=$(4),z,y,x))"><variable identifier="n1" /><variable identifier="n2" /><variable identifier="n3" /><variable identifier="r" /></customOperator></setTemplateValue><setCorrectResponse identifier="RESPONSE_1416083336042"><customOperator definition="VARIABLESTRING" value="$(1)"><variable identifier="m1" /></customOperator></setCorrectResponse><setCorrectResponse identifier="RESPONSE_1416083485786"><customOperator definition="VARIABLESTRING" value="$(1)"><variable identifier="m2" /></customOperator></setCorrectResponse><setCorrectResponse identifier="RESPONSE_1416083513190"><customOperator definition="VARIABLESTRING" value="$(1)"><variable identifier="m3" /></customOperator></setCorrectResponse><setCorrectResponse identifier="RESPONSE_1416083549315"><customOperator definition="VARIABLESTRING" value="$(1)"><variable identifier="d" /></customOperator></setCorrectResponse></templateProcessing><itemBody ><p><p>Geben Sie zur Ebene</p><p>\(E=\{(<printedVariable identifier="a1" />,<printedVariable identifier="a2" />,<printedVariable identifier="a3" />)+s\cdot (<printedVariable identifier="b1" />,<printedVariable identifier="b2" />,<printedVariable identifier="b3" />) +t\cdot (<printedVariable identifier="c1" />,<printedVariable identifier="c2" />,<printedVariable identifier="c3" />)\colon  s,t\in \mathbb R\}\)</p><p>die Hesse-Normalform</p><p>\(E:=\{(x,y,z)\in \mathbb R^3\colon m_x\cdot x+m_y\cdot y+m_z\cdot z=d\}\)</p><p>an, indem Sie \(\underline m=(m_x,m_y,m_z)\) und \(d\) exakt in Maxima-Schreibweise angeben:</p><p>\(\underline m=\) (<textEntryInteraction responseIdentifier="RESPONSE_1416083336042" expectedLength="3" class="maxima-formula show-latex show-syntax-error" />,<textEntryInteraction responseIdentifier="RESPONSE_1416083485786" expectedLength="3" class="maxima-formula show-latex show-syntax-error" />,<textEntryInteraction responseIdentifier="RESPONSE_1416083513190" expectedLength="3" class="maxima-formula show-latex show-syntax-error" />)</p><p>\(d=\) <textEntryInteraction responseIdentifier="RESPONSE_1416083549315" expectedLength="3" class="maxima-formula show-latex show-syntax-error" /></p></p></itemBody><responseProcessing><responseCondition><responseIf><customOperator definition="MAXIMA" value="is(equal(ev($(1)),ev($(2))));"><variable identifier="RESPONSE_1416083336042" /><correct identifier="RESPONSE_1416083336042" /></customOperator><setOutcomeValue identifier="SCORE"><sum><variable identifier="SCORE" /><baseValue baseType="float">1</baseValue></sum></setOutcomeValue></responseIf></responseCondition><responseCondition><responseIf><not><isNull><variable identifier="RESPONSE_1416083336042" /></isNull></not><setOutcomeValue identifier="FEEDBACKBASIC"><baseValue baseType="identifier">incorrect</baseValue></setOutcomeValue></responseIf></responseCondition><responseCondition><responseIf><customOperator definition="MAXIMA" value="is(equal(ev($(1)),ev($(2))));"><variable identifier="RESPONSE_1416083485786" /><correct identifier="RESPONSE_1416083485786" /></customOperator><setOutcomeValue identifier="SCORE"><sum><variable identifier="SCORE" /><baseValue baseType="float">1</baseValue></sum></setOutcomeValue></responseIf></responseCondition><responseCondition><responseIf><not><isNull><variable identifier="RESPONSE_1416083485786" /></isNull></not><setOutcomeValue identifier="FEEDBACKBASIC"><baseValue baseType="identifier">incorrect</baseValue></setOutcomeValue></responseIf></responseCondition><responseCondition><responseIf><customOperator definition="MAXIMA" value="is(equal(ev($(1)),ev($(2))));"><variable identifier="RESPONSE_1416083513190" /><correct identifier="RESPONSE_1416083513190" /></customOperator><setOutcomeValue identifier="SCORE"><sum><variable identifier="SCORE" /><baseValue baseType="float">1</baseValue></sum></setOutcomeValue></responseIf></responseCondition><responseCondition><responseIf><not><isNull><variable identifier="RESPONSE_1416083513190" /></isNull></not><setOutcomeValue identifier="FEEDBACKBASIC"><baseValue baseType="identifier">incorrect</baseValue></setOutcomeValue></responseIf></responseCondition><responseCondition><responseIf><customOperator definition="MAXIMA" value="is(equal(ev($(1)),ev($(2))));"><variable identifier="RESPONSE_1416083549315" /><correct identifier="RESPONSE_1416083549315" /></customOperator><setOutcomeValue identifier="SCORE"><sum><variable identifier="SCORE" /><baseValue baseType="float">1</baseValue></sum></setOutcomeValue></responseIf></responseCondition><responseCondition><responseIf><not><isNull><variable identifier="RESPONSE_1416083549315" /></isNull></not><setOutcomeValue identifier="FEEDBACKBASIC"><baseValue baseType="identifier">incorrect</baseValue></setOutcomeValue></responseIf></responseCondition><responseCondition><responseIf><and><not><match><variable identifier="FEEDBACKBASIC" /><baseValue baseType="identifier">empty</baseValue></match></not><equal toleranceMode="exact"><variable identifier="SCORE" /><variable identifier="MAXSCORE" /></equal></and><setOutcomeValue identifier="FEEDBACKBASIC"><baseValue baseType="identifier">correct</baseValue></setOutcomeValue></responseIf></responseCondition><responseCondition><responseIf><and><match><baseValue baseType="identifier">correct</baseValue><variable identifier="FEEDBACKBASIC" /></match></and><setOutcomeValue identifier="FEEDBACKMODAL"><multiple><variable identifier="FEEDBACKMODAL" /><baseValue baseType="identifier">Feedback885788084</baseValue></multiple></setOutcomeValue></responseIf></responseCondition><responseCondition><responseIf><and><match><baseValue baseType="identifier">incorrect</baseValue><variable identifier="FEEDBACKBASIC" /></match></and><setOutcomeValue identifier="FEEDBACKMODAL"><multiple><variable identifier="FEEDBACKMODAL" /><baseValue baseType="identifier">Feedback1083686784</baseValue></multiple></setOutcomeValue></responseIf></responseCondition></responseProcessing><modalFeedback  identifier="Feedback885788084" outcomeIdentifier="FEEDBACKMODAL" showHide="show" title="Richtig!" /><modalFeedback  identifier="Feedback1083686784" outcomeIdentifier="FEEDBACKMODAL" showHide="show" title="Leider nicht alles richtig!"><p>Musterlösung:</p><p>Wir berechnen zunächst einen Normalenvektor \(\underline{n}\) der Ebene über das Kreuzprodukt der beiden Richtungsvektoren und dann die Zahl \(r\) über das Skalarprodukt \(r=\langle \underline a,\underline n\rangle\), wobei \(\underline a\) Ortsvektor eines Punktes auf \(E\) ist, hier also am einfachsten \(\underline a=(<printedVariable identifier="a1" />,<printedVariable identifier="a2" />,<printedVariable identifier="a3" />)\):</p><p>$$\begin{pmatrix}<printedVariable identifier="b1" />\\<printedVariable identifier="b2" />\\<printedVariable identifier="b3" />\end{pmatrix}\times\begin{pmatrix}<printedVariable identifier="c1" />\\<printedVariable identifier="c2" />\\<printedVariable identifier="c3" />\end{pmatrix}=\begin{pmatrix}<printedVariable identifier="n1" />\\<printedVariable identifier="n2" />\\<printedVariable identifier="n3" />\end{pmatrix}=:\begin{pmatrix}n_x\\n_y\\n_z\end{pmatrix}.$$</p><p>\(r=\left\langle\begin{pmatrix}<printedVariable identifier="a1" />\\<printedVariable identifier="a2" />\\<printedVariable identifier="a3" />\end{pmatrix},\begin{pmatrix}<printedVariable identifier="n1" />\\<printedVariable identifier="n2" />\\<printedVariable identifier="n3" />\end{pmatrix}\right\rangle=<printedVariable identifier="r" />\)</p><p>Eine parameterfreie Form der Ebene kann durch die Gleichung \(n_xx+n_yy+n_zz=r\), also </p><p>\(E=\{(x,y,z)\in\mathbb R^3\colon <printedVariable identifier="tebene" /> \}\),</p><p>geschrieben werden.</p><p>Wird nun noch durch \(\Vert \underline n\Vert\) geteilt und dann das Vorzeichen von \(r\) beachtet, erhält man die <strong>Hesse-Normalform</strong> mit der Gleichung \(m_xx+m_yy+n_zz=d\) mit \(d\geq 0\).</p></modalFeedback></assessmentItem>
