<?xml version="1.0" encoding="UTF-8"?>
<assessmentItem xmlns="http://www.imsglobal.org/xsd/imsqti_v2p1" xmlns:xsi="http://www.w3.org/2001/XMLSchema-instance" xsi:schemaLocation="http://www.imsglobal.org/xsd/imsqti_v2p1 http://www.imsglobal.org/xsd/qti/qtiv2p1/imsqti_v2p1p1.xsd http://www.w3.org/1998/Math/MathML http://www.w3.org/Math/XMLSchema/mathml2/mathml2.xsd" identifier="id939aa62c-2c7f-48f7-b78d-b9a9de223d75" title="ableitung_log_a(x)" adaptive="false" timeDependent="false"><responseDeclaration identifier="RESPONSE_1408956407778" cardinality="single" baseType="string" /><outcomeDeclaration identifier="SCORE" cardinality="single" baseType="float"><defaultValue><value>0</value></defaultValue></outcomeDeclaration><outcomeDeclaration identifier="MAXSCORE" cardinality="single" baseType="float"><defaultValue><value>1</value></defaultValue></outcomeDeclaration><outcomeDeclaration identifier="FEEDBACKBASIC" cardinality="single" baseType="identifier" view="testConstructor"><defaultValue><value>empty</value></defaultValue></outcomeDeclaration><outcomeDeclaration identifier="FEEDBACKMODAL" cardinality="multiple" baseType="identifier" view="testConstructor" /><templateDeclaration identifier="a" cardinality="single" baseType="integer" /><templateProcessing><setTemplateValue identifier="a"><randomInteger min="2" max="10" /></setTemplateValue><setCorrectResponse identifier="RESPONSE_1408956407778"><customOperator definition="VARIABLESTRING" value="1/(x*log($(1)))"><variable identifier="a" /></customOperator></setCorrectResponse></templateProcessing><itemBody ><p>Geben Sie die Ableitung der Funktion $$f(x)=\log_{<printedVariable identifier="a" />}(x)$$ an!</p><p><strong>Ergebnis:</strong> $$f'(x)=$$ <textEntryInteraction responseIdentifier="RESPONSE_1408956407778" class="maxima-formula show-latex show-syntax-error" /></p><p> </p><p>Hinweise zur Formeleingabe:</p><ul><li>\(\frac{x}{y}\) = x/y, \(x^y=\) x^y, \(\ln x\) = log(x)</li><li>\(x\cdot y\) = x*y, z.B. \(3x\) = 3*x  \(\Rightarrow\) Bitte keine * vergessen!</li><li>Durch Klicken auf die "<strong>?</strong>"-Schaltfläche können Sie Ihre Formel zunächst überprüfen!</li></ul></itemBody><responseProcessing><responseCondition><responseIf><customOperator definition="MAXIMA" value="is(equal(ev($(1)),ev($(2))));"><variable identifier="RESPONSE_1408956407778" /><correct identifier="RESPONSE_1408956407778" /></customOperator><setOutcomeValue identifier="SCORE"><sum><variable identifier="SCORE" /><baseValue baseType="float">1</baseValue></sum></setOutcomeValue></responseIf></responseCondition><responseCondition><responseIf><not><isNull><variable identifier="RESPONSE_1408956407778" /></isNull></not><setOutcomeValue identifier="FEEDBACKBASIC"><baseValue baseType="identifier">incorrect</baseValue></setOutcomeValue></responseIf></responseCondition><responseCondition><responseIf><and><not><match><variable identifier="FEEDBACKBASIC" /><baseValue baseType="identifier">empty</baseValue></match></not><equal toleranceMode="exact"><variable identifier="SCORE" /><variable identifier="MAXSCORE" /></equal></and><setOutcomeValue identifier="FEEDBACKBASIC"><baseValue baseType="identifier">correct</baseValue></setOutcomeValue></responseIf></responseCondition><responseCondition><responseIf><and><match><baseValue baseType="identifier">correct</baseValue><variable identifier="FEEDBACKBASIC" /></match></and><setOutcomeValue identifier="FEEDBACKMODAL"><multiple><variable identifier="FEEDBACKMODAL" /><baseValue baseType="identifier">Feedback1366815521</baseValue></multiple></setOutcomeValue></responseIf></responseCondition><responseCondition><responseIf><and><match><baseValue baseType="identifier">incorrect</baseValue><variable identifier="FEEDBACKBASIC" /></match></and><setOutcomeValue identifier="FEEDBACKMODAL"><multiple><variable identifier="FEEDBACKMODAL" /><baseValue baseType="identifier">Feedback727492054</baseValue></multiple></setOutcomeValue></responseIf></responseCondition></responseProcessing><modalFeedback  identifier="Feedback1366815521" outcomeIdentifier="FEEDBACKMODAL" showHide="show" title="Richtig!" /><modalFeedback  identifier="Feedback727492054" outcomeIdentifier="FEEDBACKMODAL" showHide="show" title="Beachte:"><p>$$\qquad\qquad\qquad log_{<printedVariable identifier="a" />}(x) = \frac{\ln x}{\ln {<printedVariable identifier="a" />}} = \frac{1}{\ln{<printedVariable identifier="a" />}} \cdot \ln x$$</p><p> </p><p><strong>Lösung:</strong> $$\qquad f'(x) = \Big(\frac{1}{\ln{<printedVariable identifier="a" />}} \cdot \ln x\Big)' = \frac{1}{\ln{<printedVariable identifier="a" />}} \cdot \frac{1}{x} = \frac{1}{x \cdot \ln{<printedVariable identifier="a" />}}$$</p></modalFeedback></assessmentItem>
