<?xml version="1.0" encoding="UTF-8"?>
<assessmentItem xmlns="http://www.imsglobal.org/xsd/imsqti_v2p1" xmlns:xsi="http://www.w3.org/2001/XMLSchema-instance" xsi:schemaLocation="http://www.imsglobal.org/xsd/imsqti_v2p1 http://www.imsglobal.org/xsd/qti/qtiv2p1/imsqti_v2p1p1.xsd http://www.w3.org/1998/Math/MathML http://www.w3.org/Math/XMLSchema/mathml2/mathml2.xsd" identifier="id2fba7736-5b51-4693-9d61-21c20829bfdf" title="betragsungleichung_03" adaptive="false" timeDependent="false"><responseDeclaration identifier="RESPONSE_1390905712399" cardinality="single" baseType="string" /><responseDeclaration identifier="RESPONSE_1390905747874" cardinality="single" baseType="string" /><responseDeclaration identifier="RESPONSE_1390905761429" cardinality="single" baseType="string" /><outcomeDeclaration identifier="SCORE" cardinality="single" baseType="float"><defaultValue><value>0</value></defaultValue></outcomeDeclaration><outcomeDeclaration identifier="MAXSCORE" cardinality="single" baseType="float"><defaultValue><value>3</value></defaultValue></outcomeDeclaration><outcomeDeclaration identifier="FEEDBACKBASIC" cardinality="single" baseType="identifier" view="testConstructor"><defaultValue><value>empty</value></defaultValue></outcomeDeclaration><outcomeDeclaration identifier="FEEDBACKMODAL" cardinality="multiple" baseType="identifier" view="testConstructor" /><templateDeclaration identifier="a" cardinality="single" baseType="integer" /><templateDeclaration identifier="b_sign" cardinality="single" baseType="string" /><templateDeclaration identifier="b_abs" cardinality="single" baseType="integer" /><templateDeclaration identifier="c" cardinality="single" baseType="integer" /><templateDeclaration identifier="left" cardinality="single" baseType="float" /><templateDeclaration identifier="right" cardinality="single" baseType="float" /><templateDeclaration identifier="form" cardinality="single" baseType="integer" /><templateDeclaration identifier="relation" cardinality="single" baseType="string" /><templateDeclaration identifier="l1_tex" cardinality="single" baseType="string" /><templateDeclaration identifier="l2_tex" cardinality="single" baseType="string" /><templateProcessing><setTemplateValue identifier="a"><random><multiple><baseValue baseType="integer">2</baseValue><baseValue baseType="integer">3</baseValue><baseValue baseType="integer">4</baseValue><baseValue baseType="integer">5</baseValue><baseValue baseType="integer">8</baseValue><baseValue baseType="integer">9</baseValue><baseValue baseType="integer">10</baseValue></multiple></random></setTemplateValue><setTemplateValue identifier="b_sign"><random><multiple><baseValue baseType="string">+</baseValue><baseValue baseType="string">-</baseValue></multiple></random></setTemplateValue><setTemplateValue identifier="b_abs"><randomInteger min="1" max="10" /></setTemplateValue><setTemplateValue identifier="c"><randomInteger min="1" max="10" /></setTemplateValue><setTemplateValue identifier="left"><customOperator definition="MAXIMA" value="float((-$(1)-$(2)$(3)));"><variable identifier="c" /><variable identifier="b_sign" /><variable identifier="b_abs" /></customOperator></setTemplateValue><setTemplateValue identifier="right"><customOperator definition="MAXIMA" value="float(($(1)-$(2)$(3)));"><variable identifier="c" /><variable identifier="b_sign" /><variable identifier="b_abs" /></customOperator></setTemplateValue><setTemplateValue identifier="form"><randomInteger min="1" max="4" /></setTemplateValue><setTemplateValue identifier="relation"><random><multiple><baseValue baseType="string">\leq</baseValue><baseValue baseType="string">\geq</baseValue><baseValue baseType="string">&lt;</baseValue><baseValue baseType="string">&gt;</baseValue></multiple></random></setTemplateValue><templateCondition><templateIf><match><variable identifier="form" /><baseValue baseType="integer">1</baseValue></match><setTemplateValue identifier="relation"><random><multiple><baseValue baseType="string">\leq</baseValue></multiple></random></setTemplateValue></templateIf><templateElseIf><match><variable identifier="form" /><baseValue baseType="integer">2</baseValue></match><setTemplateValue identifier="relation"><random><multiple><baseValue baseType="string">\geq</baseValue></multiple></random></setTemplateValue></templateElseIf><templateElseIf><match><variable identifier="form" /><baseValue baseType="integer">3</baseValue></match><setTemplateValue identifier="relation"><random><multiple><baseValue baseType="string">&lt;</baseValue></multiple></random></setTemplateValue></templateElseIf><templateElse><setTemplateValue identifier="relation"><random><multiple><baseValue baseType="string">&gt;</baseValue></multiple></random></setTemplateValue></templateElse></templateCondition><setTemplateValue identifier="l1_tex"><customOperator definition="MAXIMA" value="tex1($(1)/$(2))"><variable identifier="left" /><variable identifier="a" /></customOperator></setTemplateValue><setTemplateValue identifier="l2_tex"><customOperator definition="MAXIMA" value="tex1($(1)/$(2))"><variable identifier="right" /><variable identifier="a" /></customOperator></setTemplateValue><setCorrectResponse identifier="RESPONSE_1390905712399"><customOperator definition="VARIABLESTRING" value="$(1)"><variable identifier="form" /></customOperator></setCorrectResponse><setCorrectResponse identifier="RESPONSE_1390905747874"><customOperator definition="VARIABLESTRING" value="$(2)/$(1)"><variable identifier="a" /><variable identifier="left" /></customOperator></setCorrectResponse><setCorrectResponse identifier="RESPONSE_1390905761429"><customOperator definition="VARIABLESTRING" value="$(2)/$(1)"><variable identifier="a" /><variable identifier="right" /></customOperator></setCorrectResponse></templateProcessing><itemBody ><p>Wir betrachten die Ungleichung \(\quad|<printedVariable identifier="a" />x<printedVariable identifier="b_sign" /><printedVariable identifier="b_abs" />|<printedVariable identifier="relation" /><printedVariable identifier="c" />\).</p><p>Von welcher Form ist die Lösungsmenge \(\mathcal L\) dieser Ungleichung:</p><p>Form <strong>1</strong>: \(\mathcal L=[a,b]\)  ,</p><p>Form <strong>2</strong>: \(\mathcal L=(-\infty,a]\cup[b,\infty)\)  ,</p><p>Form <strong>3</strong>: \(\mathcal L=(a,b)\)  oder</p><p>Form <strong>4</strong>: \(\mathcal L=(-\infty,a)\cup(b,\infty)\) ?</p><p><strong>Lösung:</strong></p><p>Die Lösungsmenge ist von der Form <textEntryInteraction responseIdentifier="RESPONSE_1390905712399" expectedLength="2" /> (geben Sie 1, 2, 3 oder 4 ein!).</p><p>Dabei sind \(a=\)<textEntryInteraction responseIdentifier="RESPONSE_1390905747874" expectedLength="5" /> und \(b=\)<textEntryInteraction responseIdentifier="RESPONSE_1390905761429" expectedLength="5" />.</p><p><strong>Hinweise zur Eingabe:</strong></p><ul><li>Sie können Brüche in der Form \(\frac xy=\) <strong>x/y</strong> eingeben! Geben Sie bitte <strong>keine Kommazahlen</strong> ein!</li><li>Beispiel: \(\frac13=\) <strong>1/3</strong>, <span style="text-decoration: underline;">nicht</span> <strong>0.3333</strong>... !</li></ul></itemBody><responseProcessing><responseCondition><responseIf><customOperator definition="MAXIMA" value="is(equal(ev($(1)),ev($(2))));"><variable identifier="RESPONSE_1390905712399" /><correct identifier="RESPONSE_1390905712399" /></customOperator><setOutcomeValue identifier="SCORE"><sum><variable identifier="SCORE" /><baseValue baseType="float">1</baseValue></sum></setOutcomeValue></responseIf></responseCondition><responseCondition><responseIf><not><isNull><variable identifier="RESPONSE_1390905712399" /></isNull></not><setOutcomeValue identifier="FEEDBACKBASIC"><baseValue baseType="identifier">incorrect</baseValue></setOutcomeValue></responseIf></responseCondition><responseCondition><responseIf><customOperator definition="MAXIMA" value="is(equal(ev($(1)),ev($(2))));"><variable identifier="RESPONSE_1390905747874" /><correct identifier="RESPONSE_1390905747874" /></customOperator><setOutcomeValue identifier="SCORE"><sum><variable identifier="SCORE" /><baseValue baseType="float">1</baseValue></sum></setOutcomeValue></responseIf></responseCondition><responseCondition><responseIf><not><isNull><variable identifier="RESPONSE_1390905747874" /></isNull></not><setOutcomeValue identifier="FEEDBACKBASIC"><baseValue baseType="identifier">incorrect</baseValue></setOutcomeValue></responseIf></responseCondition><responseCondition><responseIf><customOperator definition="MAXIMA" value="is(equal(ev($(1)),ev($(2))));"><variable identifier="RESPONSE_1390905761429" /><correct identifier="RESPONSE_1390905761429" /></customOperator><setOutcomeValue identifier="SCORE"><sum><variable identifier="SCORE" /><baseValue baseType="float">1</baseValue></sum></setOutcomeValue></responseIf></responseCondition><responseCondition><responseIf><not><isNull><variable identifier="RESPONSE_1390905761429" /></isNull></not><setOutcomeValue identifier="FEEDBACKBASIC"><baseValue baseType="identifier">incorrect</baseValue></setOutcomeValue></responseIf></responseCondition><responseCondition><responseIf><and><not><match><variable identifier="FEEDBACKBASIC" /><baseValue baseType="identifier">empty</baseValue></match></not><equal toleranceMode="exact"><variable identifier="SCORE" /><variable identifier="MAXSCORE" /></equal></and><setOutcomeValue identifier="FEEDBACKBASIC"><baseValue baseType="identifier">correct</baseValue></setOutcomeValue></responseIf></responseCondition><responseCondition><responseIf><and><match><baseValue baseType="identifier">correct</baseValue><variable identifier="FEEDBACKBASIC" /></match></and><setOutcomeValue identifier="FEEDBACKMODAL"><multiple><variable identifier="FEEDBACKMODAL" /><baseValue baseType="identifier">Feedback621659130</baseValue></multiple></setOutcomeValue></responseIf></responseCondition><responseCondition><responseIf><and><match><baseValue baseType="identifier">incorrect</baseValue><variable identifier="FEEDBACKBASIC" /></match></and><setOutcomeValue identifier="FEEDBACKMODAL"><multiple><variable identifier="FEEDBACKMODAL" /><baseValue baseType="identifier">Feedback146920322</baseValue></multiple></setOutcomeValue></responseIf></responseCondition></responseProcessing><modalFeedback  identifier="Feedback621659130" outcomeIdentifier="FEEDBACKMODAL" showHide="show" title="Richtig!"><p>Lösunghinweise:</p><p>Eine Fallunterscheidung liefert die folgenden beiden Ungleichungen, welche jeweils erfüllt sein müssen:</p><p>$$<printedVariable identifier="a" />x<printedVariable identifier="b_sign" /><printedVariable identifier="b_abs" /><printedVariable identifier="relation" /><printedVariable identifier="c" />$$ und $$-<printedVariable identifier="c" /><printedVariable identifier="relation" /><printedVariable identifier="a" />x<printedVariable identifier="b_sign" /><printedVariable identifier="b_abs" />.$$</p><p>Demzufolge ist in diesem Fall die Lösungsmenge von der Form <strong><printedVariable identifier="form" /></strong>.</p><p>Stellt man die Ungleichungen nach \(x\) um, so erhält man \(a=<printedVariable identifier="l1_tex" />\) bzw. \(b=<printedVariable identifier="l2_tex" />\).</p></modalFeedback><modalFeedback  identifier="Feedback146920322" outcomeIdentifier="FEEDBACKMODAL" showHide="show" title="Leider nicht (vollständig) richtig!"><p>Lösunghinweise:</p><p>Eine Fallunterscheidung liefert die folgenden beiden Ungleichungen, welche jeweils erfüllt sein müssen:</p><p>$$<printedVariable identifier="a" />x<printedVariable identifier="b_sign" /><printedVariable identifier="b_abs" /><printedVariable identifier="relation" /><printedVariable identifier="c" />$$ und $$-<printedVariable identifier="c" /><printedVariable identifier="relation" /><printedVariable identifier="a" />x<printedVariable identifier="b_sign" /><printedVariable identifier="b_abs" />.$$</p><p>Demzufolge ist in diesem Fall die Lösungsmenge von der Form <strong><printedVariable identifier="form" /></strong>.</p><p>Stellt man die Ungleichungen nach \(x\) um, so erhält man \(a=<printedVariable identifier="l1_tex" />\) bzw. \(b=<printedVariable identifier="l2_tex" />\).</p></modalFeedback></assessmentItem>
