<?xml version="1.0" encoding="UTF-8"?>
<assessmentItem xmlns="http://www.imsglobal.org/xsd/imsqti_v2p1" xmlns:xsi="http://www.w3.org/2001/XMLSchema-instance" xsi:schemaLocation="http://www.imsglobal.org/xsd/imsqti_v2p1 http://www.imsglobal.org/xsd/qti/qtiv2p1/imsqti_v2p1p1.xsd http://www.w3.org/1998/Math/MathML http://www.w3.org/Math/XMLSchema/mathml2/mathml2.xsd" identifier="ida2678f24-bb68-4742-8b00-1cc2508235c0" title="sin(a i)" adaptive="false" timeDependent="false"><responseDeclaration identifier="RESPONSE_1" cardinality="single" baseType="identifier"><correctResponse><value>idd5e24a88-46b7-4769-af41-6ec2f9eecff1</value></correctResponse></responseDeclaration><outcomeDeclaration identifier="SCORE" cardinality="single" baseType="float"><defaultValue><value>0</value></defaultValue></outcomeDeclaration><outcomeDeclaration identifier="MAXSCORE" cardinality="single" baseType="float"><defaultValue><value>2</value></defaultValue></outcomeDeclaration><outcomeDeclaration identifier="FEEDBACKBASIC" cardinality="single" baseType="identifier"><defaultValue><value>empty</value></defaultValue></outcomeDeclaration><templateDeclaration identifier="a" cardinality="single" baseType="integer" /><templateProcessing><setTemplateValue identifier="a"><randomInteger min="1" max="9" /></setTemplateValue></templateProcessing><itemBody ><p>Betrachte \(  \sin(<printedVariable identifier="a" />\cdot \mathrm i) = a + b \cdot \mathrm i \).  Welche der folgenden Aussagen, \(a\) und \(b\) betreffend, sind gültig ?</p><choiceInteraction responseIdentifier="RESPONSE_1" shuffle="false" maxChoices="1"><simpleChoice identifier="idc77641d6-b9f0-4f47-99b8-e3cf022b23d6"><p>\( a \lt 0 \) und \( b \gt  0\)</p></simpleChoice><simpleChoice identifier="ide06340dd-f9fc-488e-9dbe-b951a58b5a08"><p>\( a \gt 0 \) und \( b \gt  0\)</p></simpleChoice><simpleChoice identifier="idd5e24a88-46b7-4769-af41-6ec2f9eecff1"><p>\( a = 0 \) und \( b \gt  0\)</p></simpleChoice><simpleChoice identifier="id53c9b2ce-f549-4953-9817-b33ad3719765"><p>\( a \lt 0 \) und \( b =  0\)</p></simpleChoice><simpleChoice identifier="id87544701-9536-4682-883b-f1f048e1473b"><p>\( a = 0 \) und \( b \lt  0\)</p></simpleChoice><simpleChoice identifier="idf8a8aed9-2176-4ece-9aa6-3f3a032e27e1"><p>\( a \lt 0 \) und \( b \lt  0\)</p></simpleChoice></choiceInteraction></itemBody><responseProcessing><responseCondition><responseIf><isNull><variable identifier="RESPONSE_1" /></isNull><setOutcomeValue identifier="FEEDBACKBASIC"><baseValue baseType="identifier">empty</baseValue></setOutcomeValue></responseIf><responseElseIf><match><variable identifier="RESPONSE_1" /><correct identifier="RESPONSE_1" /></match><setOutcomeValue identifier="SCORE"><sum><variable identifier="SCORE" /><variable identifier="MAXSCORE" /></sum></setOutcomeValue><setOutcomeValue identifier="FEEDBACKBASIC"><baseValue baseType="identifier">correct</baseValue></setOutcomeValue></responseElseIf><responseElse><setOutcomeValue identifier="FEEDBACKBASIC"><baseValue baseType="identifier">incorrect</baseValue></setOutcomeValue></responseElse></responseCondition></responseProcessing></assessmentItem>
