<?xml version="1.0" encoding="UTF-8"?>
<assessmentItem xmlns="http://www.imsglobal.org/xsd/imsqti_v2p1" xmlns:xsi="http://www.w3.org/2001/XMLSchema-instance" xsi:schemaLocation="http://www.imsglobal.org/xsd/imsqti_v2p1 http://www.imsglobal.org/xsd/qti/qtiv2p1/imsqti_v2p1p1.xsd http://www.w3.org/1998/Math/MathML http://www.w3.org/Math/XMLSchema/mathml2/mathml2.xsd" identifier="idc9c7457f-a07c-4b31-ae19-c9d254c9d2fc" title="GleichunglösenMitParametern" adaptive="false" timeDependent="false"><responseDeclaration identifier="RESPONSE_1406183122452" cardinality="single" baseType="string"><correctResponse><value>a</value></correctResponse><mapping defaultValue="0"><mapEntry mapKey="a" mappedValue="1" /></mapping></responseDeclaration><responseDeclaration identifier="RESPONSE_1406183150143" cardinality="single" baseType="string"><correctResponse><value>b</value></correctResponse><mapping defaultValue="0"><mapEntry mapKey="b" mappedValue="1" /></mapping></responseDeclaration><responseDeclaration identifier="RESPONSE_1406183168371" cardinality="single" baseType="string"><correctResponse><value>0</value></correctResponse><mapping defaultValue="0"><mapEntry mapKey="0" mappedValue="1" /><mapEntry mapKey="Null" mappedValue="1" /><mapEntry mapKey="null" mappedValue="1" /></mapping></responseDeclaration><responseDeclaration identifier="RESPONSE_1406183282375" cardinality="single" baseType="string"><correctResponse><value>x</value></correctResponse><mapping defaultValue="0"><mapEntry mapKey="x" mappedValue="1" /></mapping></responseDeclaration><responseDeclaration identifier="RESPONSE_1406183452306" cardinality="single" baseType="string"><correctResponse><value>a</value></correctResponse><mapping defaultValue="0"><mapEntry mapKey="a" mappedValue="1" /></mapping></responseDeclaration><responseDeclaration identifier="RESPONSE_1406183463911" cardinality="single" baseType="string"><correctResponse><value>b</value></correctResponse><mapping defaultValue="0"><mapEntry mapKey="b" mappedValue="1" /></mapping></responseDeclaration><responseDeclaration identifier="RESPONSE_1406183487801" cardinality="single" baseType="string"><correctResponse><value>0</value></correctResponse><mapping defaultValue="0"><mapEntry mapKey="0" mappedValue="1" /><mapEntry mapKey="Null" mappedValue="1" /><mapEntry mapKey="null" mappedValue="1" /></mapping></responseDeclaration><responseDeclaration identifier="RESPONSE_1406183616953" cardinality="single" baseType="string" /><responseDeclaration identifier="RESPONSE_1406183652031" cardinality="single" baseType="string" /><outcomeDeclaration identifier="SCORE" cardinality="single" baseType="float"><defaultValue><value>0</value></defaultValue></outcomeDeclaration><outcomeDeclaration identifier="MAXSCORE" cardinality="single" baseType="float"><defaultValue><value>10</value></defaultValue></outcomeDeclaration><outcomeDeclaration identifier="FEEDBACKBASIC" cardinality="single" baseType="identifier" view="testConstructor"><defaultValue><value>empty</value></defaultValue></outcomeDeclaration><templateDeclaration identifier="a1" cardinality="single" baseType="float" /><templateDeclaration identifier="a2" cardinality="single" baseType="float" /><templateProcessing><setTemplateValue identifier="a1"><random><multiple><baseValue baseType="float">1</baseValue><baseValue baseType="float">2</baseValue><baseValue baseType="float">3</baseValue><baseValue baseType="float">4</baseValue><baseValue baseType="float">-1</baseValue><baseValue baseType="float">-2</baseValue><baseValue baseType="float">-3</baseValue><baseValue baseType="float">-4</baseValue></multiple></random></setTemplateValue><setTemplateValue identifier="a2"><customOperator definition="MAXIMA" value="float(($(1))^2);"><variable identifier="a1" /></customOperator></setTemplateValue><setCorrectResponse identifier="RESPONSE_1406183616953"><customOperator definition="VARIABLESTRING" value="0" /></setCorrectResponse><setCorrectResponse identifier="RESPONSE_1406183652031"><customOperator definition="VARIABLESTRING" value="($(1)*a+b)/($(1)*a*b)"><variable identifier="a1" /></customOperator></setCorrectResponse></templateProcessing><itemBody ><p><p>Man bestimme bei festem \( a, \ b \in R \) alle Lösungen \( x \in R\) der folgenden Gleichung:</p><p>\[ <printedVariable identifier="a2" />\cdot a^2\cdot (1-b\cdot x)^2 + b^2(<printedVariable identifier="a1" />\cdot a\cdot x -1)^2 = <printedVariable identifier="a2" />\cdot a^2+b^2\]</p><p>Fülle die Schablone zur Beschreibung der Lösungsmenge aus:</p><p>Falls <textEntryInteraction responseIdentifier="RESPONSE_1406183122452" /> oder  <textEntryInteraction responseIdentifier="RESPONSE_1406183150143" />  gleich <textEntryInteraction responseIdentifier="RESPONSE_1406183168371" /> gilt, dann ist jedes <textEntryInteraction responseIdentifier="RESPONSE_1406183282375" /> \( \in R\) Lösung der Gleichung.</p><p>Falls <textEntryInteraction responseIdentifier="RESPONSE_1406183452306" /> und <textEntryInteraction responseIdentifier="RESPONSE_1406183463911" /> beide ungleich <textEntryInteraction responseIdentifier="RESPONSE_1406183487801" /> sind, dann sind die Lösungen der Gleichung:</p><p>\( x_0 = \) <textEntryInteraction responseIdentifier="RESPONSE_1406183616953" class="maxima-formula show-latex show-syntax-error" /> sowie \(x_1 = \) <textEntryInteraction responseIdentifier="RESPONSE_1406183652031" expectedLength="3" class="maxima-formula show-latex show-syntax-error" /> wobei \(x_0\) eine einzelne reelle Zahl ist und \(x_1\) von den parametern a und b anhängt.</p><p> </p><p> </p></p></itemBody><responseProcessing><responseCondition><responseIf><not><isNull><variable identifier="RESPONSE_1406183122452" /></isNull></not><setOutcomeValue identifier="SCORE"><sum><variable identifier="SCORE" /><mapResponse identifier="RESPONSE_1406183122452" /></sum></setOutcomeValue><setOutcomeValue identifier="FEEDBACKBASIC"><baseValue baseType="identifier">incorrect</baseValue></setOutcomeValue></responseIf></responseCondition><responseCondition><responseIf><not><isNull><variable identifier="RESPONSE_1406183150143" /></isNull></not><setOutcomeValue identifier="SCORE"><sum><variable identifier="SCORE" /><mapResponse identifier="RESPONSE_1406183150143" /></sum></setOutcomeValue><setOutcomeValue identifier="FEEDBACKBASIC"><baseValue baseType="identifier">incorrect</baseValue></setOutcomeValue></responseIf></responseCondition><responseCondition><responseIf><not><isNull><variable identifier="RESPONSE_1406183168371" /></isNull></not><setOutcomeValue identifier="SCORE"><sum><variable identifier="SCORE" /><mapResponse identifier="RESPONSE_1406183168371" /></sum></setOutcomeValue><setOutcomeValue identifier="FEEDBACKBASIC"><baseValue baseType="identifier">incorrect</baseValue></setOutcomeValue></responseIf></responseCondition><responseCondition><responseIf><not><isNull><variable identifier="RESPONSE_1406183282375" /></isNull></not><setOutcomeValue identifier="SCORE"><sum><variable identifier="SCORE" /><mapResponse identifier="RESPONSE_1406183282375" /></sum></setOutcomeValue><setOutcomeValue identifier="FEEDBACKBASIC"><baseValue baseType="identifier">incorrect</baseValue></setOutcomeValue></responseIf></responseCondition><responseCondition><responseIf><not><isNull><variable identifier="RESPONSE_1406183452306" /></isNull></not><setOutcomeValue identifier="SCORE"><sum><variable identifier="SCORE" /><mapResponse identifier="RESPONSE_1406183452306" /></sum></setOutcomeValue><setOutcomeValue identifier="FEEDBACKBASIC"><baseValue baseType="identifier">incorrect</baseValue></setOutcomeValue></responseIf></responseCondition><responseCondition><responseIf><not><isNull><variable identifier="RESPONSE_1406183463911" /></isNull></not><setOutcomeValue identifier="SCORE"><sum><variable identifier="SCORE" /><mapResponse identifier="RESPONSE_1406183463911" /></sum></setOutcomeValue><setOutcomeValue identifier="FEEDBACKBASIC"><baseValue baseType="identifier">incorrect</baseValue></setOutcomeValue></responseIf></responseCondition><responseCondition><responseIf><not><isNull><variable identifier="RESPONSE_1406183487801" /></isNull></not><setOutcomeValue identifier="SCORE"><sum><variable identifier="SCORE" /><mapResponse identifier="RESPONSE_1406183487801" /></sum></setOutcomeValue><setOutcomeValue identifier="FEEDBACKBASIC"><baseValue baseType="identifier">incorrect</baseValue></setOutcomeValue></responseIf></responseCondition><responseCondition><responseIf><customOperator definition="MAXIMA" value="is(equal(ev($(1)),ev($(2))));"><variable identifier="RESPONSE_1406183616953" /><correct identifier="RESPONSE_1406183616953" /></customOperator><setOutcomeValue identifier="SCORE"><sum><variable identifier="SCORE" /><baseValue baseType="float">1</baseValue></sum></setOutcomeValue></responseIf></responseCondition><responseCondition><responseIf><not><isNull><variable identifier="RESPONSE_1406183616953" /></isNull></not><setOutcomeValue identifier="FEEDBACKBASIC"><baseValue baseType="identifier">incorrect</baseValue></setOutcomeValue></responseIf></responseCondition><responseCondition><responseIf><customOperator definition="MAXIMA" value="is(equal(ev($(1)),ev($(2))));"><variable identifier="RESPONSE_1406183652031" /><correct identifier="RESPONSE_1406183652031" /></customOperator><setOutcomeValue identifier="SCORE"><sum><variable identifier="SCORE" /><baseValue baseType="float">2</baseValue></sum></setOutcomeValue></responseIf></responseCondition><responseCondition><responseIf><not><isNull><variable identifier="RESPONSE_1406183652031" /></isNull></not><setOutcomeValue identifier="FEEDBACKBASIC"><baseValue baseType="identifier">incorrect</baseValue></setOutcomeValue></responseIf></responseCondition><responseCondition><responseIf><and><not><match><variable identifier="FEEDBACKBASIC" /><baseValue baseType="identifier">empty</baseValue></match></not><equal toleranceMode="exact"><variable identifier="SCORE" /><variable identifier="MAXSCORE" /></equal></and><setOutcomeValue identifier="FEEDBACKBASIC"><baseValue baseType="identifier">correct</baseValue></setOutcomeValue></responseIf></responseCondition></responseProcessing></assessmentItem>
