<?xml version="1.0" encoding="UTF-8"?>
<assessmentItem xmlns="http://www.imsglobal.org/xsd/imsqti_v2p1" xmlns:xsi="http://www.w3.org/2001/XMLSchema-instance" xsi:schemaLocation="http://www.imsglobal.org/xsd/imsqti_v2p1 http://www.imsglobal.org/xsd/qti/qtiv2p1/imsqti_v2p1p1.xsd http://www.w3.org/1998/Math/MathML http://www.w3.org/Math/XMLSchema/mathml2/mathml2.xsd" identifier="id118df24f-bcc5-409e-af29-fbc56402d0cd" title="zusammenfassung_potenzen_04" adaptive="false" timeDependent="false"><responseDeclaration identifier="RESPONSE_1414069010924" cardinality="single" baseType="string" /><outcomeDeclaration identifier="SCORE" cardinality="single" baseType="float"><defaultValue><value>0</value></defaultValue></outcomeDeclaration><outcomeDeclaration identifier="MAXSCORE" cardinality="single" baseType="float"><defaultValue><value>1</value></defaultValue></outcomeDeclaration><outcomeDeclaration identifier="FEEDBACKBASIC" cardinality="single" baseType="identifier" view="testConstructor"><defaultValue><value>empty</value></defaultValue></outcomeDeclaration><outcomeDeclaration identifier="FEEDBACKMODAL" cardinality="multiple" baseType="identifier" view="testConstructor" /><templateDeclaration identifier="a" cardinality="single" baseType="integer" /><templateDeclaration identifier="b" cardinality="single" baseType="integer" /><templateDeclaration identifier="c" cardinality="single" baseType="integer" /><templateDeclaration identifier="d" cardinality="single" baseType="integer" /><templateDeclaration identifier="b-c-1" cardinality="single" baseType="integer" /><templateProcessing><setTemplateValue identifier="a"><randomInteger min="2" max="8" /></setTemplateValue><setTemplateValue identifier="b"><randomInteger min="2" max="5" /></setTemplateValue><setTemplateValue identifier="c"><randomInteger min="2" max="7" /></setTemplateValue><setTemplateValue identifier="d"><customOperator definition="MAXIMA" value="float($(1)*$(2));"><variable identifier="b" /><variable identifier="c" /></customOperator></setTemplateValue><setTemplateValue identifier="b-c-1"><customOperator definition="MAXIMA" value="float($(1)-$(2)-1);"><variable identifier="b" /><variable identifier="c" /></customOperator></setTemplateValue><setCorrectResponse identifier="RESPONSE_1414069010924"><customOperator definition="VARIABLESTRING" value="$(2)/$(1)"><variable identifier="d" /><variable identifier="b-c-1" /></customOperator></setCorrectResponse></templateProcessing><itemBody ><p><p><p><p>Formen Sie um und ergänzen Sie die Lösung!</p><p>$$\qquad\Large <printedVariable identifier="a" />^{-\frac{1}{<printedVariable identifier="b" />}} \cdot {<printedVariable identifier="a" />}^{\frac{1}{<printedVariable identifier="c" />}} \cdot <printedVariable identifier="a" />^{-\frac{1}{<printedVariable identifier="d" />}} = <printedVariable identifier="a" />^x$$$$\qquad\qquad x = $$<textEntryInteraction responseIdentifier="RESPONSE_1414069010924" expectedLength="6" /></p></p></p></p></itemBody><responseProcessing><responseCondition><responseIf><customOperator definition="MAXIMA" value="is(equal(ev($(1)),ev($(2))));"><variable identifier="RESPONSE_1414069010924" /><correct identifier="RESPONSE_1414069010924" /></customOperator><setOutcomeValue identifier="SCORE"><sum><variable identifier="SCORE" /><baseValue baseType="float">1</baseValue></sum></setOutcomeValue></responseIf></responseCondition><responseCondition><responseIf><not><isNull><variable identifier="RESPONSE_1414069010924" /></isNull></not><setOutcomeValue identifier="FEEDBACKBASIC"><baseValue baseType="identifier">incorrect</baseValue></setOutcomeValue></responseIf></responseCondition><responseCondition><responseIf><and><not><match><variable identifier="FEEDBACKBASIC" /><baseValue baseType="identifier">empty</baseValue></match></not><equal toleranceMode="exact"><variable identifier="SCORE" /><variable identifier="MAXSCORE" /></equal></and><setOutcomeValue identifier="FEEDBACKBASIC"><baseValue baseType="identifier">correct</baseValue></setOutcomeValue></responseIf></responseCondition><responseCondition><responseIf><and><match><baseValue baseType="identifier">correct</baseValue><variable identifier="FEEDBACKBASIC" /></match></and><setOutcomeValue identifier="FEEDBACKMODAL"><multiple><variable identifier="FEEDBACKMODAL" /><baseValue baseType="identifier">Feedback55863581</baseValue></multiple></setOutcomeValue></responseIf></responseCondition><responseCondition><responseIf><and><match><baseValue baseType="identifier">incorrect</baseValue><variable identifier="FEEDBACKBASIC" /></match></and><setOutcomeValue identifier="FEEDBACKMODAL"><multiple><variable identifier="FEEDBACKMODAL" /><baseValue baseType="identifier">Feedback448852128</baseValue></multiple></setOutcomeValue></responseIf></responseCondition></responseProcessing><modalFeedback  identifier="Feedback55863581" outcomeIdentifier="FEEDBACKMODAL" showHide="show" title="Richtig!"><p> </p><p>$$\qquad\Large <printedVariable identifier="a" />^{-\frac{1}{<printedVariable identifier="b" />}} \cdot <printedVariable identifier="a" />^{\frac{1}{<printedVariable identifier="c" />}} \cdot <printedVariable identifier="a" />^{-\frac{1}{<printedVariable identifier="d" />}} = <printedVariable identifier="a" />^{-\frac{1}{<printedVariable identifier="b" />}+\frac{1}{<printedVariable identifier="c" />}-\frac{1}{<printedVariable identifier="d" />}} = <printedVariable identifier="a" />^{\frac{-<printedVariable identifier="c" />+<printedVariable identifier="b" />-1}{<printedVariable identifier="d" />}} = <printedVariable identifier="a" />^{\frac{<printedVariable identifier="b-c-1" />}{<printedVariable identifier="d" />}}$$</p></modalFeedback><modalFeedback  identifier="Feedback448852128" outcomeIdentifier="FEEDBACKMODAL" showHide="show" title="Leider falsch!"><p>Es gilt:</p><p> $$\qquad\Large <printedVariable identifier="a" />^{-\frac{1}{<printedVariable identifier="b" />}} \cdot <printedVariable identifier="a" />^{\frac{1}{<printedVariable identifier="c" />}} \cdot <printedVariable identifier="a" />^{-\frac{1}{<printedVariable identifier="d" />}} = <printedVariable identifier="a" />^{-\frac{1}{<printedVariable identifier="b" />}+\frac{1}{<printedVariable identifier="c" />}-\frac{1}{<printedVariable identifier="d" />}} = <printedVariable identifier="a" />^{\frac{-<printedVariable identifier="c" />+<printedVariable identifier="b" />-1}{<printedVariable identifier="d" />}} = <printedVariable identifier="a" />^{\frac{<printedVariable identifier="b-c-1" />}{<printedVariable identifier="d" />}}$$</p></modalFeedback></assessmentItem>
