<?xml version="1.0" encoding="UTF-8"?>
<assessmentItem xmlns="http://www.imsglobal.org/xsd/imsqti_v2p1" xmlns:xsi="http://www.w3.org/2001/XMLSchema-instance" xsi:schemaLocation="http://www.imsglobal.org/xsd/imsqti_v2p1 http://www.imsglobal.org/xsd/qti/qtiv2p1/imsqti_v2p1p1.xsd http://www.w3.org/1998/Math/MathML http://www.w3.org/Math/XMLSchema/mathml2/mathml2.xsd" identifier="id7ee8ccbf-7bb6-4d1d-aa30-5e7aaff6f013" title="ValuePowerSeriesViaIntegrationDifferentiation" adaptive="false" timeDependent="false"><imsqti:responseDeclaration xmlns:imsqti="http://www.imsglobal.org/xsd/imsqti_v2p1" identifier="RESPONSE_1414945201365" cardinality="single" baseType="string" /><imsqti:outcomeDeclaration xmlns:imsqti="http://www.imsglobal.org/xsd/imsqti_v2p1" identifier="SCORE" cardinality="single" baseType="float"><imsqti:defaultValue><imsqti:value>0</imsqti:value></imsqti:defaultValue></imsqti:outcomeDeclaration><imsqti:outcomeDeclaration xmlns:imsqti="http://www.imsglobal.org/xsd/imsqti_v2p1" identifier="MAXSCORE" cardinality="single" baseType="float"><imsqti:defaultValue><imsqti:value>3</imsqti:value></imsqti:defaultValue></imsqti:outcomeDeclaration><imsqti:outcomeDeclaration xmlns:imsqti="http://www.imsglobal.org/xsd/imsqti_v2p1" identifier="FEEDBACKBASIC" cardinality="single" baseType="identifier" view="testConstructor"><imsqti:defaultValue><imsqti:value>empty</imsqti:value></imsqti:defaultValue></imsqti:outcomeDeclaration><imsqti:outcomeDeclaration xmlns:imsqti="http://www.imsglobal.org/xsd/imsqti_v2p1" identifier="FEEDBACKMODAL" cardinality="multiple" baseType="identifier" view="testConstructor" /><imsqti:templateDeclaration xmlns:imsqti="http://www.imsglobal.org/xsd/imsqti_v2p1" identifier="b" cardinality="single" baseType="float" /><imsqti:templateDeclaration xmlns:imsqti="http://www.imsglobal.org/xsd/imsqti_v2p1" identifier="c" cardinality="single" baseType="float" /><imsqti:templateDeclaration xmlns:imsqti="http://www.imsglobal.org/xsd/imsqti_v2p1" identifier="a" cardinality="single" baseType="float" /><imsqti:templateProcessing xmlns:imsqti="http://www.imsglobal.org/xsd/imsqti_v2p1"><imsqti:setTemplateValue identifier="b"><imsqti:random><imsqti:multiple><imsqti:baseValue baseType="float">1</imsqti:baseValue><imsqti:baseValue baseType="float">2</imsqti:baseValue><imsqti:baseValue baseType="float">3</imsqti:baseValue><imsqti:baseValue baseType="float">4</imsqti:baseValue><imsqti:baseValue baseType="float">5</imsqti:baseValue><imsqti:baseValue baseType="float">6</imsqti:baseValue><imsqti:baseValue baseType="float">7</imsqti:baseValue><imsqti:baseValue baseType="float">8</imsqti:baseValue><imsqti:baseValue baseType="float">9</imsqti:baseValue><imsqti:baseValue baseType="float">10</imsqti:baseValue></imsqti:multiple></imsqti:random></imsqti:setTemplateValue><imsqti:setTemplateValue identifier="c"><imsqti:random><imsqti:multiple><imsqti:baseValue baseType="float">1</imsqti:baseValue><imsqti:baseValue baseType="float">2</imsqti:baseValue><imsqti:baseValue baseType="float">3</imsqti:baseValue><imsqti:baseValue baseType="float">4</imsqti:baseValue><imsqti:baseValue baseType="float">5</imsqti:baseValue><imsqti:baseValue baseType="float">6</imsqti:baseValue></imsqti:multiple></imsqti:random></imsqti:setTemplateValue><imsqti:setTemplateValue identifier="a"><imsqti:customOperator definition="MAXIMA" value="float($(1)-$(2));"><imsqti:variable identifier="b" /><imsqti:variable identifier="c" /></imsqti:customOperator></imsqti:setTemplateValue><imsqti:setCorrectResponse identifier="RESPONSE_1414945201365"><imsqti:customOperator definition="VARIABLESTRING" value="$(1)/($(1)-%i*$(2))^2"><imsqti:variable identifier="b" /><imsqti:variable identifier="a" /></imsqti:customOperator></imsqti:setCorrectResponse></imsqti:templateProcessing><itemBody ><p>Consider the power series</p><p>$$f(z) = \sum_{k=0}^{\infty} \frac{k+1}{<printedVariable identifier="b" />^{k+1}} z^k $$ about the point \( z_0 = 0\).</p><p>Determine whether \( z_1:= <printedVariable identifier="a" />\cdot \mathrm i \) is within its disc of convergence.</p><p>If so, compute \( f(<printedVariable identifier="a" />\cdot \mathrm i )\) exact as a fraction of complex numbers.</p><p>Use %i for the imaginery unit i and * for any multiplication.</p><p>\( f(<printedVariable identifier="a" />\cdot i )\) = <textEntryInteraction responseIdentifier="RESPONSE_1414945201365" expectedLength="20" class="maxima-formula show-latex show-syntax-error" /></p><p>Hint: After determining the radius of convergence of f , integrate the power series f term wise.</p><p>The integrated series F  will look much simpler as the original one. Determine the function F(z) that is represented by the integrated series. Then come back to f(z) by the equation F'(z) = f(z).</p><p> </p></itemBody><imsqti:responseProcessing xmlns:imsqti="http://www.imsglobal.org/xsd/imsqti_v2p1"><imsqti:responseCondition><imsqti:responseIf><imsqti:customOperator definition="MAXIMA" value="is(equal(ev($(1)),ev($(2))));"><imsqti:variable identifier="RESPONSE_1414945201365" /><imsqti:correct identifier="RESPONSE_1414945201365" /></imsqti:customOperator><imsqti:setOutcomeValue identifier="SCORE"><imsqti:sum><imsqti:variable identifier="SCORE" /><imsqti:baseValue baseType="float">3</imsqti:baseValue></imsqti:sum></imsqti:setOutcomeValue></imsqti:responseIf></imsqti:responseCondition><imsqti:responseCondition><imsqti:responseIf><imsqti:not><imsqti:isNull><imsqti:variable identifier="RESPONSE_1414945201365" /></imsqti:isNull></imsqti:not><imsqti:setOutcomeValue identifier="FEEDBACKBASIC"><imsqti:baseValue baseType="identifier">incorrect</imsqti:baseValue></imsqti:setOutcomeValue></imsqti:responseIf></imsqti:responseCondition><imsqti:responseCondition><imsqti:responseIf><imsqti:and><imsqti:not><imsqti:match><imsqti:variable identifier="FEEDBACKBASIC" /><imsqti:baseValue baseType="identifier">empty</imsqti:baseValue></imsqti:match></imsqti:not><imsqti:equal toleranceMode="exact"><imsqti:variable identifier="SCORE" /><imsqti:variable identifier="MAXSCORE" /></imsqti:equal></imsqti:and><imsqti:setOutcomeValue identifier="FEEDBACKBASIC"><imsqti:baseValue baseType="identifier">correct</imsqti:baseValue></imsqti:setOutcomeValue></imsqti:responseIf></imsqti:responseCondition><imsqti:responseCondition><imsqti:responseIf><imsqti:and><imsqti:match><imsqti:baseValue baseType="identifier">incorrect</imsqti:baseValue><imsqti:variable identifier="FEEDBACKBASIC" /></imsqti:match></imsqti:and><imsqti:setOutcomeValue identifier="FEEDBACKMODAL"><imsqti:multiple><imsqti:variable identifier="FEEDBACKMODAL" /><imsqti:baseValue baseType="identifier">Feedback819398591</imsqti:baseValue></imsqti:multiple></imsqti:setOutcomeValue></imsqti:responseIf></imsqti:responseCondition></imsqti:responseProcessing><modalFeedback  identifier="Feedback819398591" outcomeIdentifier="FEEDBACKMODAL" showHide="show"><p>$$\int (\sum_{k=0}^{\infty} \frac{k+1}{<printedVariable identifier="b" />^{k+1}} z^k) dz =  \sum_{k=0}^{\infty} \frac{1}{<printedVariable identifier="b" />^{k+1}} z^{k+1} = \frac{z}{<printedVariable identifier="b" />}\sum_{k=0}^{\infty} \frac{1}{<printedVariable identifier="b" />^k} z^k$$. This is a geometric series.</p></modalFeedback></assessmentItem>
