<?xml version="1.0" encoding="UTF-8"?>
<assessmentItem xmlns="http://www.imsglobal.org/xsd/imsqti_v2p1" xmlns:xsi="http://www.w3.org/2001/XMLSchema-instance" xsi:schemaLocation="http://www.imsglobal.org/xsd/imsqti_v2p1 http://www.imsglobal.org/xsd/qti/qtiv2p1/imsqti_v2p1p1.xsd http://www.w3.org/1998/Math/MathML http://www.w3.org/Math/XMLSchema/mathml2/mathml2.xsd" identifier="id70fbef28-6102-474c-b795-d8ca44299a42" title="Ableitung_grafisch_01" adaptive="false" timeDependent="false"><responseDeclaration identifier="RESPONSE_1" cardinality="single" baseType="identifier"><correctResponse><value>id33e2d55a-f45b-4f05-a8ea-238fb11866ae</value></correctResponse></responseDeclaration><outcomeDeclaration identifier="SCORE" cardinality="single" baseType="float"><defaultValue><value>0</value></defaultValue></outcomeDeclaration><outcomeDeclaration identifier="MAXSCORE" cardinality="single" baseType="float"><defaultValue><value>1</value></defaultValue></outcomeDeclaration><outcomeDeclaration identifier="FEEDBACKBASIC" cardinality="single" baseType="identifier"><defaultValue><value>empty</value></defaultValue></outcomeDeclaration><itemBody ><p>Finden Sie zur abgebildeten Funktion (in rot) die richtige Ableitung (in schwarz)</p><p><img src="media%2Fmedium5830459724337967146o.png" alt="" width="347" height="267" /></p><choiceInteraction responseIdentifier="RESPONSE_1" shuffle="true" maxChoices="1" orientation="horizontal"><simpleChoice identifier="id62944c39-83cf-4e38-bb24-1adbeac9f640"><p><img src="media%2Fmedium6992707404217425267a.png" alt="" width="347" height="267" /></p></simpleChoice><simpleChoice identifier="id33e2d55a-f45b-4f05-a8ea-238fb11866ae"><p><img src="media%2Fmedium6110964816371768109b.png" alt="" width="347" height="267" /></p></simpleChoice><simpleChoice identifier="ida23a3505-e498-40a3-ba2c-672497f1ff1a"><p><img src="media%2Fmedium3118897269482751431c.png" alt="" width="347" height="267" /></p></simpleChoice></choiceInteraction></itemBody><responseProcessing><responseCondition><responseIf><isNull><variable identifier="RESPONSE_1" /></isNull><setOutcomeValue identifier="FEEDBACKBASIC"><baseValue baseType="identifier">empty</baseValue></setOutcomeValue></responseIf><responseElseIf><match><variable identifier="RESPONSE_1" /><correct identifier="RESPONSE_1" /></match><setOutcomeValue identifier="SCORE"><sum><variable identifier="SCORE" /><variable identifier="MAXSCORE" /></sum></setOutcomeValue><setOutcomeValue identifier="FEEDBACKBASIC"><baseValue baseType="identifier">correct</baseValue></setOutcomeValue></responseElseIf><responseElse><setOutcomeValue identifier="FEEDBACKBASIC"><baseValue baseType="identifier">incorrect</baseValue></setOutcomeValue></responseElse></responseCondition></responseProcessing></assessmentItem>
