<?xml version="1.0" encoding="UTF-8"?>
<assessmentItem xmlns="http://www.imsglobal.org/xsd/imsqti_v2p1" xmlns:xsi="http://www.w3.org/2001/XMLSchema-instance" xsi:schemaLocation="http://www.imsglobal.org/xsd/imsqti_v2p1 http://www.imsglobal.org/xsd/qti/qtiv2p1/imsqti_v2p1p1.xsd http://www.w3.org/1998/Math/MathML http://www.w3.org/Math/XMLSchema/mathml2/mathml2.xsd" identifier="idc6839e24-c911-4997-bf50-236d6387c63e" title="Teilaufgabe Wahrscheinlichkeiten 2" adaptive="false" timeDependent="false"><responseDeclaration identifier="RESPONSE_1" cardinality="single" baseType="identifier"><correctResponse><value>idd9b0f101-075c-4a5b-9671-2decc03b54e4</value></correctResponse></responseDeclaration><outcomeDeclaration identifier="SCORE" cardinality="single" baseType="float"><defaultValue><value>0</value></defaultValue></outcomeDeclaration><outcomeDeclaration identifier="MAXSCORE" cardinality="single" baseType="float"><defaultValue><value>1</value></defaultValue></outcomeDeclaration><outcomeDeclaration identifier="FEEDBACKBASIC" cardinality="single" baseType="identifier"><defaultValue><value>empty</value></defaultValue></outcomeDeclaration><itemBody ><p>Falls der günstigere Lieferant ausfällt, wie hoch ist die Wahrscheinlichkeit dafür, dass auch noch der zweite Lieferant ausfällt?</p><choiceInteraction responseIdentifier="RESPONSE_1" shuffle="true" maxChoices="1"><simpleChoice identifier="idd9b0f101-075c-4a5b-9671-2decc03b54e4"><p>30%</p></simpleChoice><simpleChoice identifier="id5c780475-412f-40f4-b2b6-5b01843225f1"><p>0,002%</p></simpleChoice><simpleChoice identifier="id8ff5491a-37d1-490b-95d9-9da447cdbc1b"><p>0,2%</p></simpleChoice><simpleChoice identifier="id2e231e1c-dbf8-44e8-865e-8a14a777eee7"><p>Es fehlen Angaben, um die gesuchte Wahrscheinlichkeit zu berechnen.</p></simpleChoice></choiceInteraction></itemBody><responseProcessing><responseCondition><responseIf><isNull><variable identifier="RESPONSE_1" /></isNull><setOutcomeValue identifier="FEEDBACKBASIC"><baseValue baseType="identifier">empty</baseValue></setOutcomeValue></responseIf><responseElseIf><match><variable identifier="RESPONSE_1" /><correct identifier="RESPONSE_1" /></match><setOutcomeValue identifier="SCORE"><sum><variable identifier="SCORE" /><variable identifier="MAXSCORE" /></sum></setOutcomeValue><setOutcomeValue identifier="FEEDBACKBASIC"><baseValue baseType="identifier">correct</baseValue></setOutcomeValue></responseElseIf><responseElse><setOutcomeValue identifier="FEEDBACKBASIC"><baseValue baseType="identifier">incorrect</baseValue></setOutcomeValue></responseElse></responseCondition></responseProcessing></assessmentItem>
