<?xml version="1.0" encoding="UTF-8"?>
<assessmentItem xmlns="http://www.imsglobal.org/xsd/imsqti_v2p1" xmlns:xsi="http://www.w3.org/2001/XMLSchema-instance" xsi:schemaLocation="http://www.imsglobal.org/xsd/imsqti_v2p1 http://www.imsglobal.org/xsd/qti/qtiv2p1/imsqti_v2p1p1.xsd http://www.w3.org/1998/Math/MathML http://www.w3.org/Math/XMLSchema/mathml2/mathml2.xsd" identifier="id76aa2cf1-bb38-4e99-8326-1377d381bc14" title="Residue1" adaptive="false" timeDependent="false"><responseDeclaration identifier="RESPONSE_1417528357725" cardinality="single" baseType="string" /><outcomeDeclaration identifier="SCORE" cardinality="single" baseType="float"><defaultValue><value>0</value></defaultValue></outcomeDeclaration><outcomeDeclaration identifier="MAXSCORE" cardinality="single" baseType="float"><defaultValue><value>3</value></defaultValue></outcomeDeclaration><outcomeDeclaration identifier="FEEDBACKBASIC" cardinality="single" baseType="identifier" view="testConstructor"><defaultValue><value>empty</value></defaultValue></outcomeDeclaration><outcomeDeclaration identifier="FEEDBACKMODAL" cardinality="multiple" baseType="identifier" view="testConstructor" /><templateDeclaration identifier="var1" cardinality="single" baseType="integer" /><templateDeclaration identifier="var2" cardinality="single" baseType="integer" /><templateDeclaration identifier="solution" cardinality="single" baseType="integer" /><templateDeclaration identifier="a" cardinality="single" baseType="integer" /><templateDeclaration identifier="k" cardinality="single" baseType="integer" /><templateDeclaration identifier="k1" cardinality="single" baseType="integer" /><templateDeclaration identifier="a3" cardinality="single" baseType="integer" /><templateDeclaration identifier="kfac" cardinality="single" baseType="integer" /><templateProcessing><setTemplateValue identifier="var1"><randomInteger min="1" max="10" /></setTemplateValue><setTemplateValue identifier="var2"><randomInteger min="1" max="10" /></setTemplateValue><setTemplateValue identifier="solution"><customOperator definition="MAXIMA" value="float($(1)+$(2));"><variable identifier="var1" /><variable identifier="var2" /></customOperator></setTemplateValue><setTemplateValue identifier="a"><randomInteger min="1" max="3" /></setTemplateValue><setTemplateValue identifier="k"><randomInteger min="2" max="6" /></setTemplateValue><setTemplateValue identifier="k1"><customOperator definition="MAXIMA" value="float($(1)+1);"><variable identifier="k" /></customOperator></setTemplateValue><setTemplateValue identifier="a3"><customOperator definition="MAXIMA" value="float($(1)^$(2));"><variable identifier="a" /><variable identifier="k" /></customOperator></setTemplateValue><setTemplateValue identifier="kfac"><customOperator definition="MAXIMA" value="float(($(1)-1)!);"><variable identifier="k" /></customOperator></setTemplateValue><setCorrectResponse identifier="RESPONSE_1417528357725"><customOperator definition="VARIABLESTRING" value="-1/$(1)"><variable identifier="a3" /></customOperator></setCorrectResponse></templateProcessing><itemBody ><p><p>Compute the residue \( res(f, 0)\) of $$ f(z):= \frac{1}{z^<printedVariable identifier="k1" />-<printedVariable identifier="a" />z^<printedVariable identifier="k" />} $$:</p><p>\( res(f, 0)\) = <textEntryInteraction responseIdentifier="RESPONSE_1417528357725" expectedLength="7" class="maxima-formula show-latex show-syntax-error" /></p><p>Syntax:</p><p>* for any multiplication</p><p>^ for power</p><p> </p></p></itemBody><responseProcessing><responseCondition><responseIf><customOperator definition="MAXIMA" value="is(equal(ev($(1)),ev($(2))));"><variable identifier="RESPONSE_1417528357725" /><correct identifier="RESPONSE_1417528357725" /></customOperator><setOutcomeValue identifier="SCORE"><sum><variable identifier="SCORE" /><baseValue baseType="float">3</baseValue></sum></setOutcomeValue></responseIf></responseCondition><responseCondition><responseIf><not><isNull><variable identifier="RESPONSE_1417528357725" /></isNull></not><setOutcomeValue identifier="FEEDBACKBASIC"><baseValue baseType="identifier">incorrect</baseValue></setOutcomeValue></responseIf></responseCondition><responseCondition><responseIf><and><not><match><variable identifier="FEEDBACKBASIC" /><baseValue baseType="identifier">empty</baseValue></match></not><equal toleranceMode="exact"><variable identifier="SCORE" /><variable identifier="MAXSCORE" /></equal></and><setOutcomeValue identifier="FEEDBACKBASIC"><baseValue baseType="identifier">correct</baseValue></setOutcomeValue></responseIf></responseCondition><responseCondition><responseIf><and><match><baseValue baseType="identifier">incorrect</baseValue><variable identifier="FEEDBACKBASIC" /></match></and><setOutcomeValue identifier="FEEDBACKMODAL"><multiple><variable identifier="FEEDBACKMODAL" /><baseValue baseType="identifier">Feedback1541877814</baseValue></multiple></setOutcomeValue></responseIf></responseCondition></responseProcessing><modalFeedback  identifier="Feedback1541877814" outcomeIdentifier="FEEDBACKMODAL" showHide="show"><p>It is not necessary to develop f completely into a laurent series around zero. After determining the order of the pole, use a theorem that yields res(f,0).</p></modalFeedback></assessmentItem>
