<?xml version="1.0" encoding="UTF-8"?>
<assessmentItem xmlns="http://www.imsglobal.org/xsd/imsqti_v2p1" xmlns:xsi="http://www.w3.org/2001/XMLSchema-instance" xsi:schemaLocation="http://www.imsglobal.org/xsd/imsqti_v2p1 http://www.imsglobal.org/xsd/qti/qtiv2p1/imsqti_v2p1p1.xsd http://www.w3.org/1998/Math/MathML http://www.w3.org/Math/XMLSchema/mathml2/mathml2.xsd" identifier="id70352f10-b5b0-4fa5-8044-194d4e816432" title="6x6Determinante" adaptive="false" timeDependent="false"><responseDeclaration identifier="RESPONSE_1387380802519" cardinality="single" baseType="float"><correctResponse><value>0</value></correctResponse></responseDeclaration><outcomeDeclaration identifier="SCORE" cardinality="single" baseType="float"><defaultValue><value>0</value></defaultValue></outcomeDeclaration><outcomeDeclaration identifier="MAXSCORE" cardinality="single" baseType="float"><defaultValue><value>5</value></defaultValue></outcomeDeclaration><outcomeDeclaration identifier="FEEDBACKBASIC" cardinality="single" baseType="identifier" view="testConstructor"><defaultValue><value>empty</value></defaultValue></outcomeDeclaration><outcomeDeclaration identifier="FEEDBACKMODAL" cardinality="multiple" baseType="identifier" view="testConstructor" /><templateDeclaration identifier="a" cardinality="single" baseType="integer" /><templateDeclaration identifier="b" cardinality="single" baseType="integer" /><templateDeclaration identifier="c" cardinality="single" baseType="integer" /><templateDeclaration identifier="d" cardinality="single" baseType="integer" /><templateDeclaration identifier="e" cardinality="single" baseType="integer" /><templateDeclaration identifier="f" cardinality="single" baseType="integer" /><templateDeclaration identifier="det" cardinality="single" baseType="integer" /><templateProcessing><setTemplateValue identifier="a"><randomInteger min="-5" max="6" /></setTemplateValue><setTemplateValue identifier="b"><randomInteger min="-4" max="6" /></setTemplateValue><setTemplateValue identifier="c"><randomInteger min="-4" max="4" /></setTemplateValue><setTemplateValue identifier="d"><randomInteger min="-4" max="5" /></setTemplateValue><setTemplateValue identifier="e"><randomInteger min="-4" max="4" /></setTemplateValue><setTemplateValue identifier="f"><randomInteger min="-4" max="6" /></setTemplateValue><setTemplateValue identifier="det"><customOperator definition="MAXIMA" value="float((((-$(1)*$(2)+$(3)+$(4)-1)*$(5)+($(6)-1)*$(7)-$(8)-$(9)+1)*$(10)+($(11)*$(12)-$(13))*$(14)+(1-$(15))*$(16)+$(17)-1)*$(18)+(-$(19)*$(20)+2*$(21)-2)*$(22)+($(23)-1)*$(24)-3*$(25)-$(26)+1);"><variable identifier="a" /><variable identifier="c" /><variable identifier="b" /><variable identifier="a" /><variable identifier="d" /><variable identifier="a" /><variable identifier="c" /><variable identifier="b" /><variable identifier="a" /><variable identifier="e" /><variable identifier="a" /><variable identifier="c" /><variable identifier="a" /><variable identifier="d" /><variable identifier="a" /><variable identifier="c" /><variable identifier="a" /><variable identifier="f" /><variable identifier="a" /><variable identifier="c" /><variable identifier="b" /><variable identifier="d" /><variable identifier="a" /><variable identifier="c" /><variable identifier="b" /><variable identifier="a" /></customOperator></setTemplateValue><setCorrectResponse identifier="RESPONSE_1387380802519"><variable identifier="det" /></setCorrectResponse></templateProcessing><itemBody ><p>Berechnen Sie die Determinante der Matrix A  mit einem Verfahren Ihrer Wahl:</p><p>$$ A = \left(\begin{array}{cccccc} 0&amp; <printedVariable identifier="a" /> &amp; 1&amp; <printedVariable identifier="b" /> &amp;1 &amp; 1\\1&amp; 0 &amp; 1&amp; 1 &amp;1 &amp; 1\\1&amp; 1 &amp; 0&amp; <printedVariable identifier="c" /> &amp;1 &amp; 1\\<printedVariable identifier="d" />&amp; 1 &amp; 1&amp; 0 &amp;1 &amp; 1\\1&amp; 1 &amp; <printedVariable identifier="e" />&amp; 1 &amp;0 &amp; 1\\1&amp; 1 &amp; 1&amp; 1 &amp;<printedVariable identifier="f" /> &amp; 0\\ \end{array}\right)$$</p><p>Lösung: |A| = <textEntryInteraction responseIdentifier="RESPONSE_1387380802519" expectedLength="3" /></p></itemBody><responseProcessing><responseCondition><responseIf><equal toleranceMode="exact"><variable identifier="RESPONSE_1387380802519" /><correct identifier="RESPONSE_1387380802519" /></equal><setOutcomeValue identifier="SCORE"><sum><variable identifier="SCORE" /><baseValue baseType="float">5</baseValue></sum></setOutcomeValue></responseIf></responseCondition><responseCondition><responseIf><not><isNull><variable identifier="RESPONSE_1387380802519" /></isNull></not><setOutcomeValue identifier="FEEDBACKBASIC"><baseValue baseType="identifier">incorrect</baseValue></setOutcomeValue></responseIf></responseCondition><responseCondition><responseIf><and><not><match><variable identifier="FEEDBACKBASIC" /><baseValue baseType="identifier">empty</baseValue></match></not><equal toleranceMode="exact"><variable identifier="SCORE" /><variable identifier="MAXSCORE" /></equal></and><setOutcomeValue identifier="FEEDBACKBASIC"><baseValue baseType="identifier">correct</baseValue></setOutcomeValue></responseIf></responseCondition><responseCondition><responseIf><and><match><baseValue baseType="identifier">incorrect</baseValue><variable identifier="FEEDBACKBASIC" /></match></and><setOutcomeValue identifier="FEEDBACKMODAL"><multiple><variable identifier="FEEDBACKMODAL" /><baseValue baseType="identifier">Feedback2088998148</baseValue></multiple></setOutcomeValue></responseIf></responseCondition></responseProcessing><modalFeedback  identifier="Feedback2088998148" outcomeIdentifier="FEEDBACKMODAL" showHide="show"><p>Lösungsvorschlag: Führe Zeilen und Spaltenoperationen durch bis eine Zeile oder Spalte vorhanden ist, die höchstens zwei von Null verschiedene Einträge hat. Entwickle dann nach dieser Zeile oder Spalte.</p></modalFeedback></assessmentItem>
