<?xml version="1.0" encoding="UTF-8"?>
<assessmentItem xmlns="http://www.imsglobal.org/xsd/imsqti_v2p1" xmlns:xsi="http://www.w3.org/2001/XMLSchema-instance" xsi:schemaLocation="http://www.imsglobal.org/xsd/imsqti_v2p1 http://www.imsglobal.org/xsd/qti/qtiv2p1/imsqti_v2p1p1.xsd http://www.w3.org/1998/Math/MathML http://www.w3.org/Math/XMLSchema/mathml2/mathml2.xsd" identifier="id8f872c30-c6b6-4bd7-8331-3a757bee59c0" title="LaurentReihe0" adaptive="false" timeDependent="false"><responseDeclaration identifier="RESPONSE_1417184579256" cardinality="single" baseType="string" /><responseDeclaration identifier="RESPONSE_1417184629192" cardinality="single" baseType="string" /><outcomeDeclaration identifier="SCORE" cardinality="single" baseType="float"><defaultValue><value>0</value></defaultValue></outcomeDeclaration><outcomeDeclaration identifier="MAXSCORE" cardinality="single" baseType="float"><defaultValue><value>3</value></defaultValue></outcomeDeclaration><outcomeDeclaration identifier="FEEDBACKBASIC" cardinality="single" baseType="identifier" view="testConstructor"><defaultValue><value>empty</value></defaultValue></outcomeDeclaration><templateDeclaration identifier="a" cardinality="single" baseType="integer" /><templateProcessing><setTemplateValue identifier="a"><randomInteger min="2" max="9" /></setTemplateValue><setCorrectResponse identifier="RESPONSE_1417184579256"><customOperator definition="VARIABLESTRING" value="0" /></setCorrectResponse><setCorrectResponse identifier="RESPONSE_1417184629192"><customOperator definition="VARIABLESTRING" value="$(1)^(k-1)"><variable identifier="a" /></customOperator></setCorrectResponse></templateProcessing><itemBody ><p><p>Expandiere die Function $$f(z):= \frac{1}{z-<printedVariable identifier="a" />}$$  in eine Laurent Reihe innerhalb der Kreisscheibe $$<printedVariable identifier="a" /> \lt |z| \lt \infty$$ um $$ z_0:=0$$:</p><p>$$f(z) = \sum_{k=0}^{\infty} a_k \cdot z^k + \sum_{k=1}^{\infty} b_{k} \cdot \frac{1}{z^k}$$ mit  $$a_k$$ = <textEntryInteraction responseIdentifier="RESPONSE_1417184579256" expectedLength="10" class="maxima-formula show-latex show-syntax-error" /> $$\forall k \in \mathbb N_0$$ und  $$b_{k}$$ =<textEntryInteraction responseIdentifier="RESPONSE_1417184629192" expectedLength="10" class="maxima-formula show-latex show-syntax-error" /> $$\forall k \in \mathbb N$$</p><p>Syntax: * für jede Multiplikation, ^ für Potenz.</p><p>Beispiel: $$\frac{(-1)^{k+1}}{3^k}\cdot 5$$ wird eingegeben als  (-1)^(k+1) / 3^k *5</p><p>Hinweis: Die geometrische Reihe.</p><p>Beispiel: Wenn  $$\frac{1}{z-1}$$ innerhalb des Kreisringes $$1 \lt |z| \lt \infty$$ expandiert wirden soll, dann kann das nur durch negative Potenzen von \(z\) geschehen, explizit:</p><p>$$\frac{1}{z-1}= \frac{1}{z} \frac{1}{1- \frac{1}{z}}  = \frac{1}{z} \sum_{k=0}^{\infty}  \frac{1}{z^k}= \sum_{k=1}^{\infty}  \frac{1}{z^k}$$ für alle \(z\) mit  $$1 \lt |z| \lt \infty$$.</p></p></itemBody><responseProcessing><responseCondition><responseIf><customOperator definition="MAXIMA" value="is(equal(ev($(1)),ev($(2))));"><variable identifier="RESPONSE_1417184579256" /><correct identifier="RESPONSE_1417184579256" /></customOperator><setOutcomeValue identifier="SCORE"><sum><variable identifier="SCORE" /><baseValue baseType="float">1</baseValue></sum></setOutcomeValue></responseIf></responseCondition><responseCondition><responseIf><not><isNull><variable identifier="RESPONSE_1417184579256" /></isNull></not><setOutcomeValue identifier="FEEDBACKBASIC"><baseValue baseType="identifier">incorrect</baseValue></setOutcomeValue></responseIf></responseCondition><responseCondition><responseIf><customOperator definition="MAXIMA" value="is(equal(ev($(1)),ev($(2))));"><variable identifier="RESPONSE_1417184629192" /><correct identifier="RESPONSE_1417184629192" /></customOperator><setOutcomeValue identifier="SCORE"><sum><variable identifier="SCORE" /><baseValue baseType="float">2</baseValue></sum></setOutcomeValue></responseIf></responseCondition><responseCondition><responseIf><not><isNull><variable identifier="RESPONSE_1417184629192" /></isNull></not><setOutcomeValue identifier="FEEDBACKBASIC"><baseValue baseType="identifier">incorrect</baseValue></setOutcomeValue></responseIf></responseCondition><responseCondition><responseIf><and><not><match><variable identifier="FEEDBACKBASIC" /><baseValue baseType="identifier">empty</baseValue></match></not><equal toleranceMode="exact"><variable identifier="SCORE" /><variable identifier="MAXSCORE" /></equal></and><setOutcomeValue identifier="FEEDBACKBASIC"><baseValue baseType="identifier">correct</baseValue></setOutcomeValue></responseIf></responseCondition></responseProcessing></assessmentItem>
