<?xml version="1.0" encoding="UTF-8"?>
<assessmentItem xmlns="http://www.imsglobal.org/xsd/imsqti_v2p1" xmlns:xsi="http://www.w3.org/2001/XMLSchema-instance" xsi:schemaLocation="http://www.imsglobal.org/xsd/imsqti_v2p1 http://www.imsglobal.org/xsd/qti/qtiv2p1/imsqti_v2p1p1.xsd http://www.w3.org/1998/Math/MathML http://www.w3.org/Math/XMLSchema/mathml2/mathml2.xsd" identifier="id5f2c853c-8ae9-4972-b410-f5a051fb2146" title="gleichung_04" adaptive="false" timeDependent="false"><responseDeclaration identifier="RESPONSE_1409141768010" cardinality="single" baseType="string" /><outcomeDeclaration identifier="SCORE" cardinality="single" baseType="float"><defaultValue><value>0</value></defaultValue></outcomeDeclaration><outcomeDeclaration identifier="MAXSCORE" cardinality="single" baseType="float"><defaultValue><value>1</value></defaultValue></outcomeDeclaration><outcomeDeclaration identifier="FEEDBACKBASIC" cardinality="single" baseType="identifier" view="testConstructor"><defaultValue><value>empty</value></defaultValue></outcomeDeclaration><outcomeDeclaration identifier="FEEDBACKMODAL" cardinality="multiple" baseType="identifier" view="testConstructor" /><templateDeclaration identifier="a" cardinality="single" baseType="integer" /><templateDeclaration identifier="b" cardinality="single" baseType="integer" /><templateDeclaration identifier="help" cardinality="single" baseType="integer" /><templateDeclaration identifier="sgn_b" cardinality="single" baseType="string" /><templateDeclaration identifier="c" cardinality="single" baseType="integer" /><templateDeclaration identifier="sgn_c" cardinality="single" baseType="string" /><templateDeclaration identifier="d" cardinality="single" baseType="integer" /><templateDeclaration identifier="abs_d" cardinality="single" baseType="integer" /><templateDeclaration identifier="z" cardinality="single" baseType="integer" /><templateDeclaration identifier="n" cardinality="single" baseType="integer" /><templateDeclaration identifier="h1" cardinality="single" baseType="string" /><templateDeclaration identifier="cd" cardinality="single" baseType="integer" /><templateDeclaration identifier="abs_cd" cardinality="single" baseType="integer" /><templateDeclaration identifier="h2" cardinality="single" baseType="string" /><templateDeclaration identifier="h3" cardinality="single" baseType="string" /><templateDeclaration identifier="l_tex" cardinality="single" baseType="string" /><templateProcessing><setTemplateValue identifier="a"><randomInteger min="2" max="6" /></setTemplateValue><setTemplateValue identifier="b"><random><multiple><baseValue baseType="integer">1</baseValue><baseValue baseType="integer">2</baseValue><baseValue baseType="integer">3</baseValue><baseValue baseType="integer">5</baseValue></multiple></random></setTemplateValue><setTemplateValue identifier="help"><random><multiple><baseValue baseType="integer">-1</baseValue><baseValue baseType="integer">1</baseValue></multiple></random></setTemplateValue><setTemplateValue identifier="sgn_b"><random><multiple><baseValue baseType="string">+</baseValue><baseValue baseType="string">-</baseValue></multiple></random></setTemplateValue><templateCondition><templateIf><lt><variable identifier="help" /><baseValue baseType="integer">0</baseValue></lt><setTemplateValue identifier="sgn_b"><random><multiple><baseValue baseType="string">-</baseValue></multiple></random></setTemplateValue></templateIf><templateElse><setTemplateValue identifier="sgn_b"><random><multiple><baseValue baseType="string">+</baseValue></multiple></random></setTemplateValue></templateElse></templateCondition><setTemplateValue identifier="c"><randomInteger min="2" max="5" /></setTemplateValue><setTemplateValue identifier="sgn_c"><random><multiple><baseValue baseType="string">+</baseValue><baseValue baseType="string">-</baseValue></multiple></random></setTemplateValue><setTemplateValue identifier="d"><random><multiple><baseValue baseType="integer">-4</baseValue><baseValue baseType="integer">-3</baseValue><baseValue baseType="integer">-2</baseValue><baseValue baseType="integer">-1</baseValue><baseValue baseType="integer">1</baseValue></multiple></random></setTemplateValue><setTemplateValue identifier="abs_d"><customOperator definition="MAXIMA" value="float(abs($(1)));"><variable identifier="d" /></customOperator></setTemplateValue><setTemplateValue identifier="z"><customOperator definition="MAXIMA" value="float($(1)$(2)*$(3)-$(4)$(5));"><variable identifier="sgn_c" /><variable identifier="c" /><variable identifier="d" /><variable identifier="sgn_b" /><variable identifier="b" /></customOperator></setTemplateValue><setTemplateValue identifier="n"><customOperator definition="MAXIMA" value="float($(1)-$(2));"><variable identifier="a" /><variable identifier="d" /></customOperator></setTemplateValue><setTemplateValue identifier="h1"><random><multiple><baseValue baseType="string">+</baseValue><baseValue baseType="string">-</baseValue></multiple></random></setTemplateValue><templateCondition><templateIf><lt><variable identifier="d" /><baseValue baseType="integer">0</baseValue></lt><setTemplateValue identifier="h1"><random><multiple><baseValue baseType="string">+</baseValue></multiple></random></setTemplateValue></templateIf><templateElse><setTemplateValue identifier="h1"><random><multiple><baseValue baseType="string">-</baseValue></multiple></random></setTemplateValue></templateElse></templateCondition><setTemplateValue identifier="cd"><customOperator definition="MAXIMA" value="float($(1)$(2)*$(3));"><variable identifier="sgn_c" /><variable identifier="c" /><variable identifier="d" /></customOperator></setTemplateValue><setTemplateValue identifier="abs_cd"><customOperator definition="MAXIMA" value="float(abs($(1)));"><variable identifier="cd" /></customOperator></setTemplateValue><setTemplateValue identifier="h2"><random><multiple><baseValue baseType="string">+</baseValue><baseValue baseType="string">-</baseValue></multiple></random></setTemplateValue><templateCondition><templateIf><lt><variable identifier="cd" /><baseValue baseType="integer">0</baseValue></lt><setTemplateValue identifier="h2"><random><multiple><baseValue baseType="string">-</baseValue></multiple></random></setTemplateValue></templateIf><templateElse><setTemplateValue identifier="h2"><random><multiple><baseValue baseType="string">+</baseValue></multiple></random></setTemplateValue></templateElse></templateCondition><setTemplateValue identifier="h3"><random><multiple><baseValue baseType="string">+</baseValue><baseValue baseType="string">-</baseValue></multiple></random></setTemplateValue><templateCondition><templateIf><lt><variable identifier="help" /><baseValue baseType="integer">0</baseValue></lt><setTemplateValue identifier="h3"><random><multiple><baseValue baseType="string">+</baseValue></multiple></random></setTemplateValue></templateIf><templateElse><setTemplateValue identifier="h3"><random><multiple><baseValue baseType="string">-</baseValue></multiple></random></setTemplateValue></templateElse></templateCondition><setTemplateValue identifier="l_tex"><customOperator definition="MAXIMA" value="tex1($(1)/$(2))"><variable identifier="z" /><variable identifier="n" /></customOperator></setTemplateValue><setCorrectResponse identifier="RESPONSE_1409141768010"><customOperator definition="VARIABLESTRING" value="$(1)/$(2)"><variable identifier="z" /><variable identifier="n" /></customOperator></setCorrectResponse></templateProcessing><itemBody ><p>Bestimmen Sie die Lösung der Gleichung $$\frac{<printedVariable identifier="a" />x<printedVariable identifier="sgn_b" /><printedVariable identifier="b" />}{x<printedVariable identifier="sgn_c" /><printedVariable identifier="c" />} = <printedVariable identifier="d" />$$.</p><p>\( x = \) <textEntryInteraction responseIdentifier="RESPONSE_1409141768010" expectedLength="5" /></p><p><strong>Hinweis:  </strong>Geben Sie Brüche bitte wie folgt ein: \[\frac xy =\] <strong>x/y. </strong>Geben Sie bitte <strong>keine Kommazahlen</strong> ein!</p><p>                z.B. \[\tfrac13 =\] <strong>1/3</strong> und <span style="text-decoration: underline;">nicht</span> <strong>0.3333</strong>...!</p><p> </p></itemBody><responseProcessing><responseCondition><responseIf><customOperator definition="MAXIMA" value="is(equal(ev($(1)),ev($(2))));"><variable identifier="RESPONSE_1409141768010" /><correct identifier="RESPONSE_1409141768010" /></customOperator><setOutcomeValue identifier="SCORE"><sum><variable identifier="SCORE" /><baseValue baseType="float">1</baseValue></sum></setOutcomeValue></responseIf></responseCondition><responseCondition><responseIf><not><isNull><variable identifier="RESPONSE_1409141768010" /></isNull></not><setOutcomeValue identifier="FEEDBACKBASIC"><baseValue baseType="identifier">incorrect</baseValue></setOutcomeValue></responseIf></responseCondition><responseCondition><responseIf><and><not><match><variable identifier="FEEDBACKBASIC" /><baseValue baseType="identifier">empty</baseValue></match></not><equal toleranceMode="exact"><variable identifier="SCORE" /><variable identifier="MAXSCORE" /></equal></and><setOutcomeValue identifier="FEEDBACKBASIC"><baseValue baseType="identifier">correct</baseValue></setOutcomeValue></responseIf></responseCondition><responseCondition><responseIf><and><match><baseValue baseType="identifier">correct</baseValue><variable identifier="FEEDBACKBASIC" /></match></and><setOutcomeValue identifier="FEEDBACKMODAL"><multiple><variable identifier="FEEDBACKMODAL" /><baseValue baseType="identifier">Feedback1650367086</baseValue></multiple></setOutcomeValue></responseIf></responseCondition><responseCondition><responseIf><and><match><baseValue baseType="identifier">incorrect</baseValue><variable identifier="FEEDBACKBASIC" /></match></and><setOutcomeValue identifier="FEEDBACKMODAL"><multiple><variable identifier="FEEDBACKMODAL" /><baseValue baseType="identifier">Feedback1975326926</baseValue></multiple></setOutcomeValue></responseIf></responseCondition></responseProcessing><modalFeedback  identifier="Feedback1650367086" outcomeIdentifier="FEEDBACKMODAL" showHide="show" title="Richtig!"><p>Lösung:</p><p>$$\qquad\frac{<printedVariable identifier="a" />x<printedVariable identifier="sgn_b" /><printedVariable identifier="b" />}{x<printedVariable identifier="sgn_c" /><printedVariable identifier="c" />} = <printedVariable identifier="d" /> \;\iff\; <printedVariable identifier="a" />x<printedVariable identifier="sgn_b" /><printedVariable identifier="b" /> = <printedVariable identifier="d" />(x<printedVariable identifier="sgn_c" /><printedVariable identifier="c" />) \;\iff\; <printedVariable identifier="a" />x<printedVariable identifier="sgn_b" /><printedVariable identifier="b" /> = <printedVariable identifier="d" />x<printedVariable identifier="h2" /><printedVariable identifier="abs_cd" /> \;\iff\; x (<printedVariable identifier="a" /><printedVariable identifier="h1" /><printedVariable identifier="abs_d" />) = <printedVariable identifier="cd" /><printedVariable identifier="h3" /><printedVariable identifier="b" /> \;\iff\; x = <printedVariable identifier="l_tex" />$$</p></modalFeedback><modalFeedback  identifier="Feedback1975326926" outcomeIdentifier="FEEDBACKMODAL" showHide="show" title="Leider falsch!"><p>Lösung:</p><p>$$\qquad\frac{<printedVariable identifier="a" />x<printedVariable identifier="sgn_b" /><printedVariable identifier="b" />}{x<printedVariable identifier="sgn_c" /><printedVariable identifier="c" />} = <printedVariable identifier="d" /> \;\iff\; <printedVariable identifier="a" />x<printedVariable identifier="sgn_b" /><printedVariable identifier="b" /> = <printedVariable identifier="d" />(x<printedVariable identifier="sgn_c" /><printedVariable identifier="c" />) \;\iff\; <printedVariable identifier="a" />x<printedVariable identifier="sgn_b" /><printedVariable identifier="b" /> = <printedVariable identifier="d" />x<printedVariable identifier="h2" /><printedVariable identifier="abs_cd" /> \;\iff\; x (<printedVariable identifier="a" /><printedVariable identifier="h1" /><printedVariable identifier="abs_d" />) = <printedVariable identifier="cd" /><printedVariable identifier="h3" /><printedVariable identifier="b" /> \;\iff\; x = <printedVariable identifier="l_tex" />$$</p></modalFeedback></assessmentItem>
