<?xml version="1.0" encoding="UTF-8"?>
<assessmentItem xmlns="http://www.imsglobal.org/xsd/imsqti_v2p1" xmlns:xsi="http://www.w3.org/2001/XMLSchema-instance" xsi:schemaLocation="http://www.imsglobal.org/xsd/imsqti_v2p1 http://www.imsglobal.org/xsd/qti/qtiv2p1/imsqti_v2p1p1.xsd http://www.w3.org/1998/Math/MathML http://www.w3.org/Math/XMLSchema/mathml2/mathml2.xsd" identifier="idf5a04a8a-6e75-4020-9fe5-7044d85164b2" title="l'hospital_01" adaptive="false" timeDependent="false"><responseDeclaration identifier="RESPONSE_1399541276404_68418_8006" cardinality="single" baseType="string" /><outcomeDeclaration identifier="SCORE" cardinality="single" baseType="float"><defaultValue><value>0</value></defaultValue></outcomeDeclaration><outcomeDeclaration identifier="MAXSCORE" cardinality="single" baseType="float"><defaultValue><value>1</value></defaultValue></outcomeDeclaration><outcomeDeclaration identifier="FEEDBACKBASIC" cardinality="single" baseType="identifier" view="testConstructor"><defaultValue><value>empty</value></defaultValue></outcomeDeclaration><outcomeDeclaration identifier="FEEDBACKMODAL" cardinality="multiple" baseType="identifier" view="testConstructor" /><templateDeclaration identifier="a" cardinality="single" baseType="integer" /><templateDeclaration identifier="b" cardinality="single" baseType="integer" /><templateProcessing><setTemplateValue identifier="a"><randomInteger min="2" max="9" /></setTemplateValue><setTemplateValue identifier="b"><randomInteger min="2" max="15" /></setTemplateValue><setCorrectResponse identifier="RESPONSE_1399541276404_68418_8006"><customOperator definition="VARIABLESTRING" value="$(1)^2/(2*$(2))"><variable identifier="a" /><variable identifier="b" /></customOperator></setCorrectResponse></templateProcessing><itemBody ><p>Geben Sie den Grenzwert an!</p><p>\(\normalsize\displaystyle\lim_{x\to0}\frac{\mathrm e^{<printedVariable identifier="a" />x}-<printedVariable identifier="a" />x-1}{<printedVariable identifier="b" />x^2} =\) <textEntryInteraction responseIdentifier="RESPONSE_1399541276404_68418_8006" expectedLength="5" class="maxima-formula" /></p><p>Geben Sie das Ergebnis exakt an! Sie können Brüche wiefolgt eingeben: 5/7</p></itemBody><responseProcessing><responseCondition><responseIf><customOperator definition="MAXIMA" value="is(equal(ev($(1)),ev($(2))));"><variable identifier="RESPONSE_1399541276404_68418_8006" /><correct identifier="RESPONSE_1399541276404_68418_8006" /></customOperator><setOutcomeValue identifier="SCORE"><sum><variable identifier="SCORE" /><baseValue baseType="float">1</baseValue></sum></setOutcomeValue></responseIf></responseCondition><responseCondition><responseIf><not><isNull><variable identifier="RESPONSE_1399541276404_68418_8006" /></isNull></not><setOutcomeValue identifier="FEEDBACKBASIC"><baseValue baseType="identifier">incorrect</baseValue></setOutcomeValue></responseIf></responseCondition><responseCondition><responseIf><and><not><match><variable identifier="FEEDBACKBASIC" /><baseValue baseType="identifier">empty</baseValue></match></not><equal toleranceMode="exact"><variable identifier="SCORE" /><variable identifier="MAXSCORE" /></equal></and><setOutcomeValue identifier="FEEDBACKBASIC"><baseValue baseType="identifier">correct</baseValue></setOutcomeValue></responseIf></responseCondition><responseCondition><responseIf><and><match><baseValue baseType="identifier">incorrect</baseValue><variable identifier="FEEDBACKBASIC" /></match></and><setOutcomeValue identifier="FEEDBACKMODAL"><multiple><variable identifier="FEEDBACKMODAL" /><baseValue baseType="identifier">Feedback831515323</baseValue></multiple></setOutcomeValue></responseIf></responseCondition></responseProcessing><modalFeedback  identifier="Feedback831515323" outcomeIdentifier="FEEDBACKMODAL" showHide="show" title="Musterbeispiel:"><p>Man verwende zwei mal die Regel von l'Hospital:</p><p>\(\displaystyle \lim_{x\to0}\frac{\mathrm e^{5x}-5x-1}{13x^2} = \lim_{x\to0}\frac{5\mathrm e^{5x}-5}{26x} = \frac{25}{26}=\) <strong>25/26</strong></p></modalFeedback></assessmentItem>
