<?xml version="1.0" encoding="UTF-8"?>
<assessmentItem xmlns="http://www.imsglobal.org/xsd/imsqti_v2p1" xmlns:xsi="http://www.w3.org/2001/XMLSchema-instance" xsi:schemaLocation="http://www.imsglobal.org/xsd/imsqti_v2p1 http://www.imsglobal.org/xsd/qti/qtiv2p1/imsqti_v2p1p1.xsd http://www.w3.org/1998/Math/MathML http://www.w3.org/Math/XMLSchema/mathml2/mathml2.xsd" identifier="idd5516a27-20a8-4fba-95ef-e1524890c1a7" title="un-/abhängigkeit_02" adaptive="false" timeDependent="false"><responseDeclaration identifier="RESPONSE_1417092822734" cardinality="single" baseType="string" /><responseDeclaration identifier="RESPONSE_1417092876616" cardinality="single" baseType="float"><correctResponse><value>0</value></correctResponse></responseDeclaration><outcomeDeclaration identifier="SCORE" cardinality="single" baseType="float"><defaultValue><value>0</value></defaultValue></outcomeDeclaration><outcomeDeclaration identifier="MAXSCORE" cardinality="single" baseType="float"><defaultValue><value>1</value></defaultValue></outcomeDeclaration><outcomeDeclaration identifier="FEEDBACKBASIC" cardinality="single" baseType="identifier" view="testConstructor"><defaultValue><value>empty</value></defaultValue></outcomeDeclaration><outcomeDeclaration identifier="FEEDBACKMODAL" cardinality="multiple" baseType="identifier" view="testConstructor" /><templateDeclaration identifier="a1" cardinality="single" baseType="integer" /><templateDeclaration identifier="a2" cardinality="single" baseType="integer" /><templateDeclaration identifier="a3" cardinality="single" baseType="integer" /><templateDeclaration identifier="b1" cardinality="single" baseType="integer" /><templateDeclaration identifier="b2" cardinality="single" baseType="integer" /><templateDeclaration identifier="b3" cardinality="single" baseType="integer" /><templateDeclaration identifier="k1" cardinality="single" baseType="integer" /><templateDeclaration identifier="k2" cardinality="single" baseType="integer" /><templateDeclaration identifier="c1" cardinality="single" baseType="integer" /><templateDeclaration identifier="c2" cardinality="single" baseType="integer" /><templateDeclaration identifier="c3" cardinality="single" baseType="integer" /><templateDeclaration identifier="rgA" cardinality="single" baseType="integer" /><templateDeclaration identifier="ja/nein" cardinality="single" baseType="string" /><templateProcessing><setTemplateValue identifier="a1"><random><multiple><baseValue baseType="integer">-5</baseValue><baseValue baseType="integer">-4</baseValue><baseValue baseType="integer">-3</baseValue><baseValue baseType="integer">-2</baseValue><baseValue baseType="integer">-1</baseValue><baseValue baseType="integer">1</baseValue><baseValue baseType="integer">2</baseValue><baseValue baseType="integer">3</baseValue><baseValue baseType="integer">4</baseValue><baseValue baseType="integer">5</baseValue><baseValue baseType="integer">6</baseValue><baseValue baseType="integer">7</baseValue></multiple></random></setTemplateValue><setTemplateValue identifier="a2"><randomInteger min="-5" max="7" /></setTemplateValue><setTemplateValue identifier="a3"><randomInteger min="-5" max="7" /></setTemplateValue><setTemplateValue identifier="b1"><randomInteger min="0" max="7" /></setTemplateValue><setTemplateValue identifier="b2"><randomInteger min="0" max="7" /></setTemplateValue><setTemplateValue identifier="b3"><randomInteger min="1" max="7" /></setTemplateValue><setTemplateValue identifier="k1"><randomInteger min="-3" max="6" /></setTemplateValue><setTemplateValue identifier="k2"><randomInteger min="-3" max="4" /></setTemplateValue><setTemplateValue identifier="c1"><customOperator definition="MAXIMA" value="float($(1)*$(2)+$(3)*$(4));"><variable identifier="k1" /><variable identifier="a1" /><variable identifier="k2" /><variable identifier="b1" /></customOperator></setTemplateValue><setTemplateValue identifier="c2"><customOperator definition="MAXIMA" value="float($(1)*$(2)+$(3)*$(4));"><variable identifier="k1" /><variable identifier="a2" /><variable identifier="k2" /><variable identifier="b2" /></customOperator></setTemplateValue><setTemplateValue identifier="c3"><customOperator definition="MAXIMA" value="float($(1)*$(2)+$(3)*$(4));"><variable identifier="k1" /><variable identifier="a3" /><variable identifier="k2" /><variable identifier="b3" /></customOperator></setTemplateValue><setTemplateValue identifier="rgA"><customOperator definition="MAXIMA" value="rank(matrix ([$(1), $(2), $(3)], [$(4), $(5), $(6)],[$(7), $(8), $(9)]));"><variable identifier="a1" /><variable identifier="a2" /><variable identifier="a3" /><variable identifier="b1" /><variable identifier="b2" /><variable identifier="b3" /><variable identifier="c1" /><variable identifier="c2" /><variable identifier="c3" /></customOperator></setTemplateValue><setTemplateValue identifier="ja/nein"><random><multiple><baseValue baseType="string">ja</baseValue><baseValue baseType="string">nein</baseValue></multiple></random></setTemplateValue><templateCondition><templateIf><match><variable identifier="rgA" /><baseValue baseType="integer">3</baseValue></match><setTemplateValue identifier="ja/nein"><random><multiple><baseValue baseType="string">ja</baseValue></multiple></random></setTemplateValue></templateIf><templateElse><setTemplateValue identifier="ja/nein"><random><multiple><baseValue baseType="string">nein</baseValue></multiple></random></setTemplateValue></templateElse></templateCondition><setCorrectResponse identifier="RESPONSE_1417092822734"><customOperator definition="VARIABLESTRING" value="$(1)"><variable identifier="ja/nein" /></customOperator></setCorrectResponse><setCorrectResponse identifier="RESPONSE_1417092876616"><variable identifier="rgA" /></setCorrectResponse></templateProcessing><itemBody ><p>Sind die folgenden Vektoren linear unabhängig? <textEntryInteraction responseIdentifier="RESPONSE_1417092822734" expectedLength="5" placeholderText="ja/nein" /></p><p>\(\vec a = \begin{pmatrix} <printedVariable identifier="a1" />\\<printedVariable identifier="a2" />\\<printedVariable identifier="a3" />\end{pmatrix},\ \vec b= \begin{pmatrix} <printedVariable identifier="b1" />\\<printedVariable identifier="b2" />\\<printedVariable identifier="b3" />\end{pmatrix},\ \vec c = \begin{pmatrix} <printedVariable identifier="c1" />\\<printedVariable identifier="c2" />\\<printedVariable identifier="c3" />\end{pmatrix}\)</p><p>Geben sie die Dimension der linearen Hülle von a,b und c an! <textEntryInteraction responseIdentifier="RESPONSE_1417092876616" expectedLength="3" /></p></itemBody><responseProcessing><responseCondition><responseIf><customOperator definition="MAXIMA" value="is(equal(ev($(1)),ev($(2))));"><variable identifier="RESPONSE_1417092822734" /><correct identifier="RESPONSE_1417092822734" /></customOperator><setOutcomeValue identifier="SCORE"><sum><variable identifier="SCORE" /><baseValue baseType="float">0.5</baseValue></sum></setOutcomeValue></responseIf></responseCondition><responseCondition><responseIf><not><isNull><variable identifier="RESPONSE_1417092822734" /></isNull></not><setOutcomeValue identifier="FEEDBACKBASIC"><baseValue baseType="identifier">incorrect</baseValue></setOutcomeValue></responseIf></responseCondition><responseCondition><responseIf><equal toleranceMode="exact"><variable identifier="RESPONSE_1417092876616" /><correct identifier="RESPONSE_1417092876616" /></equal><setOutcomeValue identifier="SCORE"><sum><variable identifier="SCORE" /><baseValue baseType="float">0.5</baseValue></sum></setOutcomeValue></responseIf></responseCondition><responseCondition><responseIf><not><isNull><variable identifier="RESPONSE_1417092876616" /></isNull></not><setOutcomeValue identifier="FEEDBACKBASIC"><baseValue baseType="identifier">incorrect</baseValue></setOutcomeValue></responseIf></responseCondition><responseCondition><responseIf><and><not><match><variable identifier="FEEDBACKBASIC" /><baseValue baseType="identifier">empty</baseValue></match></not><equal toleranceMode="exact"><variable identifier="SCORE" /><variable identifier="MAXSCORE" /></equal></and><setOutcomeValue identifier="FEEDBACKBASIC"><baseValue baseType="identifier">correct</baseValue></setOutcomeValue></responseIf></responseCondition><responseCondition><responseIf><and><match><baseValue baseType="identifier">correct</baseValue><variable identifier="FEEDBACKBASIC" /></match></and><setOutcomeValue identifier="FEEDBACKMODAL"><multiple><variable identifier="FEEDBACKMODAL" /><baseValue baseType="identifier">Feedback1909905093</baseValue></multiple></setOutcomeValue></responseIf></responseCondition><responseCondition><responseIf><and><match><baseValue baseType="identifier">incorrect</baseValue><variable identifier="FEEDBACKBASIC" /></match></and><setOutcomeValue identifier="FEEDBACKMODAL"><multiple><variable identifier="FEEDBACKMODAL" /><baseValue baseType="identifier">Feedback251346070</baseValue></multiple></setOutcomeValue></responseIf></responseCondition></responseProcessing><modalFeedback  identifier="Feedback1909905093" outcomeIdentifier="FEEDBACKMODAL" showHide="show" title="Richtig!" /><modalFeedback  identifier="Feedback251346070" outcomeIdentifier="FEEDBACKMODAL" showHide="show" title="Leider falsch!"><p>Wir bestimmen zunächst den Rang der Matrix, die durch Nebeneinanderschreiben der Vektoren \(\vec a, \vec b\) und \(\vec c\) entsteht,</p><p>d.h.</p><p>\(\qquad\) rang\(\begin{pmatrix} <printedVariable identifier="a1" /> &amp; <printedVariable identifier="b1" /> &amp; <printedVariable identifier="c1" /> \\ <printedVariable identifier="a2" /> &amp; <printedVariable identifier="b2" /> &amp; <printedVariable identifier="c2" /> \\<printedVariable identifier="a3" /> &amp; <printedVariable identifier="b3" /> &amp; <printedVariable identifier="c3" /> \end{pmatrix} = <printedVariable identifier="rgA" />\)</p><p> </p><p>\(\Rightarrow\) Die Dimension der linearen Hülle ist \(<printedVariable identifier="rgA" />. \quad \Rightarrow\) Die Vektoren sind linear abhängig. </p></modalFeedback></assessmentItem>
