<?xml version="1.0" encoding="UTF-8"?>
<assessmentItem xmlns="http://www.imsglobal.org/xsd/imsqti_v2p1" xmlns:xsi="http://www.w3.org/2001/XMLSchema-instance" xsi:schemaLocation="http://www.imsglobal.org/xsd/imsqti_v2p1 http://www.imsglobal.org/xsd/qti/qtiv2p1/imsqti_v2p1p1.xsd http://www.w3.org/1998/Math/MathML http://www.w3.org/Math/XMLSchema/mathml2/mathml2.xsd" identifier="id216204a7-b2fa-46f8-9c89-9c6698f39f40" title="Taylor3" adaptive="false" timeDependent="false"><responseDeclaration identifier="RESPONSE_1417008499923" cardinality="single" baseType="string" /><responseDeclaration identifier="RESPONSE_1417008545911" cardinality="single" baseType="string" /><responseDeclaration identifier="RESPONSE_1417008934045" cardinality="single" baseType="string" /><outcomeDeclaration identifier="SCORE" cardinality="single" baseType="float"><defaultValue><value>0</value></defaultValue></outcomeDeclaration><outcomeDeclaration identifier="MAXSCORE" cardinality="single" baseType="float"><defaultValue><value>5</value></defaultValue></outcomeDeclaration><outcomeDeclaration identifier="FEEDBACKBASIC" cardinality="single" baseType="identifier" view="testConstructor"><defaultValue><value>empty</value></defaultValue></outcomeDeclaration><templateDeclaration identifier="var1" cardinality="single" baseType="integer" /><templateDeclaration identifier="var2" cardinality="single" baseType="integer" /><templateDeclaration identifier="solution" cardinality="single" baseType="integer" /><templateDeclaration identifier="a" cardinality="single" baseType="integer" /><templateDeclaration identifier="absa" cardinality="single" baseType="integer" /><templateProcessing><setTemplateValue identifier="var1"><randomInteger min="1" max="10" /></setTemplateValue><setTemplateValue identifier="var2"><randomInteger min="1" max="10" /></setTemplateValue><setTemplateValue identifier="solution"><customOperator definition="MAXIMA" value="float($(1)+$(2));"><variable identifier="var1" /><variable identifier="var2" /></customOperator></setTemplateValue><setTemplateValue identifier="a"><randomInteger min="-7" max="7" /></setTemplateValue><templateCondition><templateIf><match><variable identifier="a" /><baseValue baseType="integer">0</baseValue></match><setTemplateValue identifier="a"><randomInteger min="1" max="7" /></setTemplateValue></templateIf></templateCondition><setTemplateValue identifier="absa"><customOperator definition="MAXIMA" value="float(abs($(1)));"><variable identifier="a" /></customOperator></setTemplateValue><setCorrectResponse identifier="RESPONSE_1417008499923"><customOperator definition="VARIABLESTRING" value="(-1)^k*($(1))^(2*k+1)/(2*k+1)"><variable identifier="a" /></customOperator></setCorrectResponse><setCorrectResponse identifier="RESPONSE_1417008545911"><customOperator definition="VARIABLESTRING" value="0" /></setCorrectResponse><setCorrectResponse identifier="RESPONSE_1417008934045"><customOperator definition="VARIABLESTRING" value="1/$(1)"><variable identifier="absa" /></customOperator></setCorrectResponse></templateProcessing><itemBody ><p><p>Finde die Taylor-Entwicklung von $$f(z):= \tan^{-1}(<printedVariable identifier="a" />\cdot z)$$  (mit \( \tan^{-1}\) die Umkehrfunktion der tangens Funktion) um 0 und berechne den Konvergenzradius der entstehenden Potenzreihe:</p><p>$$f(z) = \sum_{k=0}^{\infty} b_k z^k$$ mit  $$b_{2k+1}$$ = <textEntryInteraction responseIdentifier="RESPONSE_1417008499923" expectedLength="13" class="maxima-formula show-latex show-syntax-error" />$$\forall k \in \mathbb N_0$$ und  $$b_{2k}$$ = <textEntryInteraction responseIdentifier="RESPONSE_1417008545911" expectedLength="6" class="maxima-formula show-latex show-syntax-error" />$$\forall k \in \mathbb N_0$$</p><p>Der Konvergenzradius \( r\) dieser Taylorreihe ist \(r\) = <textEntryInteraction responseIdentifier="RESPONSE_1417008934045" expectedLength="8" class="maxima-formula show-latex show-syntax-error" />.</p><p>Syntax: %i für i, %pi für \( \pi\), * für jede Multiplikation, ^ für Potenz.</p><p>Bemerkung: Es ist manchmal hilfreich zum finden einer(der) Taylorentwicklung, zunächst die Taylorentwicklung der Ableitung zu bestimmen. Hierfür wird, in dieser Aufgabe, wieder eine geometrische Reihe hilfreich sein.</p><p> </p></p></itemBody><responseProcessing><responseCondition><responseIf><customOperator definition="MAXIMA" value="is(equal(ev($(1)),ev($(2))));"><variable identifier="RESPONSE_1417008499923" /><correct identifier="RESPONSE_1417008499923" /></customOperator><setOutcomeValue identifier="SCORE"><sum><variable identifier="SCORE" /><baseValue baseType="float">3</baseValue></sum></setOutcomeValue></responseIf></responseCondition><responseCondition><responseIf><not><isNull><variable identifier="RESPONSE_1417008499923" /></isNull></not><setOutcomeValue identifier="FEEDBACKBASIC"><baseValue baseType="identifier">incorrect</baseValue></setOutcomeValue></responseIf></responseCondition><responseCondition><responseIf><customOperator definition="MAXIMA" value="is(equal(ev($(1)),ev($(2))));"><variable identifier="RESPONSE_1417008545911" /><correct identifier="RESPONSE_1417008545911" /></customOperator><setOutcomeValue identifier="SCORE"><sum><variable identifier="SCORE" /><baseValue baseType="float">1</baseValue></sum></setOutcomeValue></responseIf></responseCondition><responseCondition><responseIf><not><isNull><variable identifier="RESPONSE_1417008545911" /></isNull></not><setOutcomeValue identifier="FEEDBACKBASIC"><baseValue baseType="identifier">incorrect</baseValue></setOutcomeValue></responseIf></responseCondition><responseCondition><responseIf><customOperator definition="MAXIMA" value="is(equal(ev($(1)),ev($(2))));"><variable identifier="RESPONSE_1417008934045" /><correct identifier="RESPONSE_1417008934045" /></customOperator><setOutcomeValue identifier="SCORE"><sum><variable identifier="SCORE" /><baseValue baseType="float">1</baseValue></sum></setOutcomeValue></responseIf></responseCondition><responseCondition><responseIf><not><isNull><variable identifier="RESPONSE_1417008934045" /></isNull></not><setOutcomeValue identifier="FEEDBACKBASIC"><baseValue baseType="identifier">incorrect</baseValue></setOutcomeValue></responseIf></responseCondition><responseCondition><responseIf><and><not><match><variable identifier="FEEDBACKBASIC" /><baseValue baseType="identifier">empty</baseValue></match></not><equal toleranceMode="exact"><variable identifier="SCORE" /><variable identifier="MAXSCORE" /></equal></and><setOutcomeValue identifier="FEEDBACKBASIC"><baseValue baseType="identifier">correct</baseValue></setOutcomeValue></responseIf></responseCondition></responseProcessing></assessmentItem>
