<?xml version="1.0" encoding="UTF-8"?>
<assessmentItem xmlns="http://www.imsglobal.org/xsd/imsqti_v2p1" xmlns:xsi="http://www.w3.org/2001/XMLSchema-instance" xsi:schemaLocation="http://www.imsglobal.org/xsd/imsqti_v2p1 http://www.imsglobal.org/xsd/qti/qtiv2p1/imsqti_v2p1p1.xsd http://www.w3.org/1998/Math/MathML http://www.w3.org/Math/XMLSchema/mathml2/mathml2.xsd" identifier="id7bc5e60b-205e-4b19-a273-fe25d541f1a3" title="ungleichung_05" adaptive="false" timeDependent="false"><responseDeclaration identifier="RESPONSE_1409574496707" cardinality="single" baseType="float"><correctResponse><value>0</value></correctResponse></responseDeclaration><responseDeclaration identifier="RESPONSE_1409574621321" cardinality="single" baseType="float"><correctResponse><value>-1</value></correctResponse></responseDeclaration><responseDeclaration identifier="RESPONSE_1409574626104" cardinality="single" baseType="float"><correctResponse><value>1</value></correctResponse></responseDeclaration><outcomeDeclaration identifier="SCORE" cardinality="single" baseType="float"><defaultValue><value>0</value></defaultValue></outcomeDeclaration><outcomeDeclaration identifier="MAXSCORE" cardinality="single" baseType="float"><defaultValue><value>3</value></defaultValue></outcomeDeclaration><outcomeDeclaration identifier="FEEDBACKBASIC" cardinality="single" baseType="identifier" view="testConstructor"><defaultValue><value>empty</value></defaultValue></outcomeDeclaration><outcomeDeclaration identifier="FEEDBACKMODAL" cardinality="multiple" baseType="identifier" view="testConstructor" /><templateDeclaration identifier="form" cardinality="single" baseType="integer" /><templateDeclaration identifier="relation" cardinality="single" baseType="string" /><templateProcessing><setTemplateValue identifier="form"><random><multiple><baseValue baseType="integer">1</baseValue><baseValue baseType="integer">2</baseValue><baseValue baseType="integer">3</baseValue><baseValue baseType="integer">4</baseValue></multiple></random></setTemplateValue><setTemplateValue identifier="relation"><random><multiple><baseValue baseType="string">\leq</baseValue><baseValue baseType="string">\geq</baseValue><baseValue baseType="string">&gt;</baseValue><baseValue baseType="string">&lt;</baseValue></multiple></random></setTemplateValue><templateCondition><templateIf><match><variable identifier="form" /><baseValue baseType="integer">1</baseValue></match><setTemplateValue identifier="relation"><random><multiple><baseValue baseType="string">&lt;</baseValue></multiple></random></setTemplateValue></templateIf><templateElseIf><match><variable identifier="form" /><baseValue baseType="integer">2</baseValue></match><setTemplateValue identifier="relation"><random><multiple><baseValue baseType="string">\leq</baseValue></multiple></random></setTemplateValue></templateElseIf><templateElseIf><match><variable identifier="form" /><baseValue baseType="integer">3</baseValue></match><setTemplateValue identifier="relation"><random><multiple><baseValue baseType="string">&gt;</baseValue></multiple></random></setTemplateValue></templateElseIf><templateElseIf><match><variable identifier="form" /><baseValue baseType="integer">4</baseValue></match><setTemplateValue identifier="relation"><random><multiple><baseValue baseType="string">\geq</baseValue></multiple></random></setTemplateValue></templateElseIf></templateCondition><setCorrectResponse identifier="RESPONSE_1409574496707"><variable identifier="form" /></setCorrectResponse></templateProcessing><itemBody ><p>Wir betrachten die Ungleichung $$\frac{1}{x} <printedVariable identifier="relation" /> x$$.</p><p>Welche Form hat die Lösungsmenge?</p><p><strong>Form 1:</strong> \( \mathcal L = (a,0) \cup (b, \infty)\)</p><p><strong>Form 2:</strong> \( \mathcal L = [a, 0) \cup [b, \infty)\)</p><p><strong>Form 3:</strong> \( \mathcal L = (-\infty, a) \cup (0,b)\)</p><p><strong>Form 4:</strong> \( \mathcal L = (-\infty, a] \cup (0, b]\)</p><p> </p><p><strong>Lösung:</strong> Die Lösungsmenge ist von der Form<textEntryInteraction responseIdentifier="RESPONSE_1409574496707" expectedLength="3" /> (bitte geben Sie 1, 2, 3 oder 4 ein!). Dabei sind \(a =\)<textEntryInteraction responseIdentifier="RESPONSE_1409574621321" expectedLength="3" /> und \(b =\)<textEntryInteraction responseIdentifier="RESPONSE_1409574626104" expectedLength="3" />.</p></itemBody><responseProcessing><responseCondition><responseIf><equal toleranceMode="exact"><variable identifier="RESPONSE_1409574496707" /><correct identifier="RESPONSE_1409574496707" /></equal><setOutcomeValue identifier="SCORE"><sum><variable identifier="SCORE" /><baseValue baseType="float">1</baseValue></sum></setOutcomeValue></responseIf></responseCondition><responseCondition><responseIf><not><isNull><variable identifier="RESPONSE_1409574496707" /></isNull></not><setOutcomeValue identifier="FEEDBACKBASIC"><baseValue baseType="identifier">incorrect</baseValue></setOutcomeValue></responseIf></responseCondition><responseCondition><responseIf><equal toleranceMode="exact"><variable identifier="RESPONSE_1409574621321" /><correct identifier="RESPONSE_1409574621321" /></equal><setOutcomeValue identifier="SCORE"><sum><variable identifier="SCORE" /><baseValue baseType="float">1</baseValue></sum></setOutcomeValue></responseIf></responseCondition><responseCondition><responseIf><not><isNull><variable identifier="RESPONSE_1409574621321" /></isNull></not><setOutcomeValue identifier="FEEDBACKBASIC"><baseValue baseType="identifier">incorrect</baseValue></setOutcomeValue></responseIf></responseCondition><responseCondition><responseIf><equal toleranceMode="exact"><variable identifier="RESPONSE_1409574626104" /><correct identifier="RESPONSE_1409574626104" /></equal><setOutcomeValue identifier="SCORE"><sum><variable identifier="SCORE" /><baseValue baseType="float">1</baseValue></sum></setOutcomeValue></responseIf></responseCondition><responseCondition><responseIf><not><isNull><variable identifier="RESPONSE_1409574626104" /></isNull></not><setOutcomeValue identifier="FEEDBACKBASIC"><baseValue baseType="identifier">incorrect</baseValue></setOutcomeValue></responseIf></responseCondition><responseCondition><responseIf><and><not><match><variable identifier="FEEDBACKBASIC" /><baseValue baseType="identifier">empty</baseValue></match></not><equal toleranceMode="exact"><variable identifier="SCORE" /><variable identifier="MAXSCORE" /></equal></and><setOutcomeValue identifier="FEEDBACKBASIC"><baseValue baseType="identifier">correct</baseValue></setOutcomeValue></responseIf></responseCondition><responseCondition><responseIf><and><match><baseValue baseType="identifier">correct</baseValue><variable identifier="FEEDBACKBASIC" /></match></and><setOutcomeValue identifier="FEEDBACKMODAL"><multiple><variable identifier="FEEDBACKMODAL" /><baseValue baseType="identifier">Feedback399055962</baseValue></multiple></setOutcomeValue></responseIf></responseCondition><responseCondition><responseIf><and><match><baseValue baseType="identifier">incorrect</baseValue><variable identifier="FEEDBACKBASIC" /></match></and><setOutcomeValue identifier="FEEDBACKMODAL"><multiple><variable identifier="FEEDBACKMODAL" /><baseValue baseType="identifier">Feedback175776886</baseValue></multiple></setOutcomeValue></responseIf></responseCondition></responseProcessing><modalFeedback  identifier="Feedback399055962" outcomeIdentifier="FEEDBACKMODAL" showHide="show" title="Richtig!"><p>Lösungshinweis:</p><p>Betrachten wir die Gleichung $$\frac{1}{x} = x$$, so ergeben sich die Lösungen \( a = -1\) und \( b= 1\).</p><p>Da aber die Relation \( <printedVariable identifier="relation" />\) gelten soll, folgt die Lösungsmenge ist von der Form <strong><printedVariable identifier="form" /></strong>.</p></modalFeedback><modalFeedback  identifier="Feedback175776886" outcomeIdentifier="FEEDBACKMODAL" showHide="show" title="Leider falsch!"><p>Lösungshinweis:</p><p>Betrachten wir die Gleichung $$\frac{1}{x} = x$$, so ergeben sich die Lösungen \( a = -1\) und \( b= 1\).</p><p>Da aber die Relation \( <printedVariable identifier="relation" />\) gelten soll, folgt die Lösungsmenge ist von der Form <strong><printedVariable identifier="form" /></strong>.</p></modalFeedback></assessmentItem>
