<?xml version="1.0" encoding="UTF-8"?>
<assessmentItem xmlns="http://www.imsglobal.org/xsd/imsqti_v2p1" xmlns:xsi="http://www.w3.org/2001/XMLSchema-instance" xsi:schemaLocation="http://www.imsglobal.org/xsd/imsqti_v2p1 http://www.imsglobal.org/xsd/qti/qtiv2p1/imsqti_v2p1p1.xsd http://www.w3.org/1998/Math/MathML http://www.w3.org/Math/XMLSchema/mathml2/mathml2.xsd" identifier="idfda78ad7-2011-4ab9-985c-4f06221efa9b" title="3x3MatrixEigenwerte" adaptive="false" timeDependent="false"><responseDeclaration identifier="RESPONSE_1409728078139" cardinality="single" baseType="string" /><outcomeDeclaration identifier="SCORE" cardinality="single" baseType="float"><defaultValue><value>0</value></defaultValue></outcomeDeclaration><outcomeDeclaration identifier="MAXSCORE" cardinality="single" baseType="float"><defaultValue><value>5</value></defaultValue></outcomeDeclaration><outcomeDeclaration identifier="FEEDBACKBASIC" cardinality="single" baseType="identifier" view="testConstructor"><defaultValue><value>empty</value></defaultValue></outcomeDeclaration><outcomeDeclaration identifier="FEEDBACKMODAL" cardinality="multiple" baseType="identifier" view="testConstructor" /><templateDeclaration identifier="a" cardinality="single" baseType="integer" /><templateDeclaration identifier="b" cardinality="single" baseType="integer" /><templateDeclaration identifier="2a" cardinality="single" baseType="integer" /><templateDeclaration identifier="c" cardinality="single" baseType="integer" /><templateDeclaration identifier="ab" cardinality="single" baseType="integer" /><templateDeclaration identifier="ba" cardinality="single" baseType="integer" /><templateProcessing><setTemplateValue identifier="a"><randomInteger min="-5" max="5" /></setTemplateValue><setTemplateValue identifier="b"><randomInteger min="1" max="7" /></setTemplateValue><setTemplateValue identifier="2a"><customOperator definition="MAXIMA" value="float(2*$(1));"><variable identifier="a" /></customOperator></setTemplateValue><templateCondition><templateIf><lte><variable identifier="c" /><baseValue baseType="integer">0</baseValue></lte><setTemplateValue identifier="b"><customOperator definition="MAXIMA" value="float(abs($(1))+1);"><variable identifier="a" /></customOperator></setTemplateValue></templateIf></templateCondition><setTemplateValue identifier="c"><customOperator definition="MAXIMA" value="float(($(1))^2-($(2))^2);"><variable identifier="b" /><variable identifier="a" /></customOperator></setTemplateValue><setTemplateValue identifier="ab"><customOperator definition="MAXIMA" value="float($(1)-$(2));"><variable identifier="a" /><variable identifier="b" /></customOperator></setTemplateValue><setTemplateValue identifier="ba"><customOperator definition="MAXIMA" value="float($(1)+$(2));"><variable identifier="a" /><variable identifier="b" /></customOperator></setTemplateValue><setCorrectResponse identifier="RESPONSE_1409728078139"><customOperator definition="VARIABLESTRING" value="{ $(1), $(2), $(3) }"><variable identifier="2a" /><variable identifier="ab" /><variable identifier="ba" /></customOperator></setCorrectResponse></templateProcessing><itemBody ><p><p>Berechnen Sie die Menge E der Eigenwerte der Matrix B. Geben Sie die gefundenen Eigenwerte als Menge in Maxima Schreibweise an:</p><p><em>Bsp. Maxima Schreibweise einer Menge: {1, -3, 7}</em></p><p>Hinweis: <span style="text-decoration: underline;">Alle Eigenwerte der Matrix B sind rational.</span></p><p>\[  B = \left(\begin{array}{ccc}  <printedVariable identifier="2a" /> &amp; \sqrt{<printedVariable identifier="c" />} &amp; 0  \\  \sqrt{<printedVariable identifier="c" />} &amp; 0 &amp; 0 \\ 0 &amp; 0 &amp; <printedVariable identifier="2a" /> \\ \end{array}\right)  \]</p><p>E = <textEntryInteraction responseIdentifier="RESPONSE_1409728078139" expectedLength="6" class="maxima-formula show-latex show-syntax-error" /></p><p> </p><p> </p><p> </p></p></itemBody><responseProcessing><responseCondition><responseIf><customOperator definition="MAXIMA" value="is(equal(ev($(1)),ev($(2))));"><variable identifier="RESPONSE_1409728078139" /><correct identifier="RESPONSE_1409728078139" /></customOperator><setOutcomeValue identifier="SCORE"><sum><variable identifier="SCORE" /><baseValue baseType="float">5</baseValue></sum></setOutcomeValue></responseIf></responseCondition><responseCondition><responseIf><not><isNull><variable identifier="RESPONSE_1409728078139" /></isNull></not><setOutcomeValue identifier="FEEDBACKBASIC"><baseValue baseType="identifier">incorrect</baseValue></setOutcomeValue></responseIf></responseCondition><responseCondition><responseIf><and><not><match><variable identifier="FEEDBACKBASIC" /><baseValue baseType="identifier">empty</baseValue></match></not><equal toleranceMode="exact"><variable identifier="SCORE" /><variable identifier="MAXSCORE" /></equal></and><setOutcomeValue identifier="FEEDBACKBASIC"><baseValue baseType="identifier">correct</baseValue></setOutcomeValue></responseIf></responseCondition><responseCondition><responseIf><and><match><baseValue baseType="identifier">incorrect</baseValue><variable identifier="FEEDBACKBASIC" /></match></and><setOutcomeValue identifier="FEEDBACKMODAL"><multiple><variable identifier="FEEDBACKMODAL" /><baseValue baseType="identifier">Feedback1033733155</baseValue></multiple></setOutcomeValue></responseIf></responseCondition></responseProcessing><modalFeedback  identifier="Feedback1033733155" outcomeIdentifier="FEEDBACKMODAL" showHide="show"><p>Berechne die Eigenwerte von B als Nullstellen \( \lambda\) des charakteristischen Polynoms \( P_B(\lambda) \) von B. Also sind die Lösungen \( \lambda\) der Gleichung</p><p>\( P_B(\lambda) = | (B - \lambda E_3) | = 0\) zu finden. Hierbei ist \( E_3 \) die 3x3 Einheitsmatrix.</p><p>Da \( P_B(\lambda) \) ein normiertes Polynom vom Grad 3 ist und alle Nullstellen rational sind, müssen diese Nullstellen sogar ganzzahlig sein und das konstante Glied von \( P_B(\lambda) \) teilen. Untersuche also alle Teiler des konstanten Gliedes von \( P_B(\lambda) \) .</p></modalFeedback></assessmentItem>
