<?xml version="1.0" encoding="UTF-8"?>
<assessmentItem xmlns="http://www.imsglobal.org/xsd/imsqti_v2p1" xmlns:xsi="http://www.w3.org/2001/XMLSchema-instance" xsi:schemaLocation="http://www.imsglobal.org/xsd/imsqti_v2p1 http://www.imsglobal.org/xsd/qti/qtiv2p1/imsqti_v2p1p1.xsd http://www.w3.org/1998/Math/MathML http://www.w3.org/Math/XMLSchema/mathml2/mathml2.xsd" identifier="id006638e6-d549-41c2-937f-e703c6017a18" title="elastizität_produktionskosten_01" adaptive="false" timeDependent="false"><responseDeclaration identifier="RESPONSE_1399386257877" cardinality="single" baseType="float"><correctResponse><value>0</value></correctResponse></responseDeclaration><outcomeDeclaration identifier="SCORE" cardinality="single" baseType="float"><defaultValue><value>0</value></defaultValue></outcomeDeclaration><outcomeDeclaration identifier="MAXSCORE" cardinality="single" baseType="float"><defaultValue><value>2</value></defaultValue></outcomeDeclaration><outcomeDeclaration identifier="FEEDBACKBASIC" cardinality="single" baseType="identifier" view="testConstructor"><defaultValue><value>empty</value></defaultValue></outcomeDeclaration><outcomeDeclaration identifier="FEEDBACKMODAL" cardinality="multiple" baseType="identifier" view="testConstructor" /><templateDeclaration identifier="n" cardinality="single" baseType="integer" /><templateDeclaration identifier="a" cardinality="single" baseType="integer" /><templateDeclaration identifier="b" cardinality="single" baseType="integer" /><templateDeclaration identifier="x0" cardinality="single" baseType="integer" /><templateDeclaration identifier="s" cardinality="single" baseType="integer" /><templateDeclaration identifier="K_x0" cardinality="single" baseType="float" /><templateDeclaration identifier="Kdiff_x0" cardinality="single" baseType="float" /><templateDeclaration identifier="sol" cardinality="single" baseType="float" /><templateProcessing><setTemplateValue identifier="n"><randomInteger min="2" max="5" /></setTemplateValue><setTemplateValue identifier="a"><randomInteger min="2" max="5" /></setTemplateValue><setTemplateValue identifier="b"><randomInteger min="10" max="500" step="10" /></setTemplateValue><setTemplateValue identifier="x0"><randomInteger min="10" max="200" step="5" /></setTemplateValue><setTemplateValue identifier="s"><randomInteger min="2" max="6" /></setTemplateValue><setTemplateValue identifier="K_x0"><customOperator definition="MAXIMA" value="float(($(1)*$(2)^2+$(3))^(1/$(4)));"><variable identifier="a" /><variable identifier="x0" /><variable identifier="b" /><variable identifier="n" /></customOperator></setTemplateValue><setTemplateValue identifier="Kdiff_x0"><customOperator definition="MAXIMA" value="float(($(1)*$(2)^2+$(3))^(1/$(4)-1)*2*$(5)*$(6)/$(7));"><variable identifier="a" /><variable identifier="x0" /><variable identifier="b" /><variable identifier="n" /><variable identifier="a" /><variable identifier="x0" /><variable identifier="n" /></customOperator></setTemplateValue><setTemplateValue identifier="sol"><customOperator definition="MAXIMA" value="float($(1)*$(2)*$(3)/$(4));"><variable identifier="Kdiff_x0" /><variable identifier="x0" /><variable identifier="s" /><variable identifier="K_x0" /></customOperator></setTemplateValue><setCorrectResponse identifier="RESPONSE_1399386257877"><variable identifier="sol" /></setCorrectResponse></templateProcessing><itemBody ><p>Die Produktionskosten \(K\) in Abhängigkeit der hergestellten Menge \(x\) eines Produktes seien gegeben durch</p><p>\(\normalsize\displaystyle K(x)=\sqrt[<printedVariable identifier="n" />]{<printedVariable identifier="a" />x^2+<printedVariable identifier="b" />}\).</p><p>Berechnen Sie mithilfe der Elastizität, um wieviel Prozent sich in etwa die Herstellungskosten ändern, wenn die Produktionsmenge von \(x=<printedVariable identifier="x0" />\) um \(<printedVariable identifier="s" />\%\) erhöht wird.</p><p>Ergebnis: Die Produktionskosten erhöhen sich um ca. <textEntryInteraction responseIdentifier="RESPONSE_1399386257877" expectedLength="5" /> %</p><p><strong>Runden Sie auf 3 Stellen nach dem Komma!</strong></p></itemBody><responseProcessing><responseCondition><responseIf><equal toleranceMode="absolute" tolerance="0.001 0.001" includeLowerBound="true" includeUpperBound="true"><variable identifier="RESPONSE_1399386257877" /><correct identifier="RESPONSE_1399386257877" /></equal><setOutcomeValue identifier="SCORE"><sum><variable identifier="SCORE" /><baseValue baseType="float">2</baseValue></sum></setOutcomeValue></responseIf></responseCondition><responseCondition><responseIf><not><isNull><variable identifier="RESPONSE_1399386257877" /></isNull></not><setOutcomeValue identifier="FEEDBACKBASIC"><baseValue baseType="identifier">incorrect</baseValue></setOutcomeValue></responseIf></responseCondition><responseCondition><responseIf><and><not><match><variable identifier="FEEDBACKBASIC" /><baseValue baseType="identifier">empty</baseValue></match></not><equal toleranceMode="exact"><variable identifier="SCORE" /><variable identifier="MAXSCORE" /></equal></and><setOutcomeValue identifier="FEEDBACKBASIC"><baseValue baseType="identifier">correct</baseValue></setOutcomeValue></responseIf></responseCondition><responseCondition><responseIf><and><match><baseValue baseType="identifier">incorrect</baseValue><variable identifier="FEEDBACKBASIC" /></match></and><setOutcomeValue identifier="FEEDBACKMODAL"><multiple><variable identifier="FEEDBACKMODAL" /><baseValue baseType="identifier">Feedback741534152</baseValue></multiple></setOutcomeValue></responseIf></responseCondition></responseProcessing><modalFeedback  identifier="Feedback741534152" outcomeIdentifier="FEEDBACKMODAL" showHide="show" title="Musterbeispiel:"><p>Es sei \(K(x)=\sqrt[3]{3x^2+460}\). Die Produktionsmenge werde von \(x=10\) um \(4\%\) erhöht.</p><p>Damit ist \(\displaystyle K'(x)=\frac{2\cdot3x}{3}(3x^2+460)^{\frac13-1}\).</p><p>Ergebnis: Die Produktionskosten erhöhen sich um</p><p>\(\displaystyle\frac{K'(10)}{K(10)}\cdot10\cdot 4\% = \frac{2\cdot 3\cdot10}{3(3\cdot10^2+460)}\cdot 10\cdot 4\% \approx 1.05263\%\).</p><p>( Relative Änderung des Funktionswertes in \(x\) \(\approx\) Elastizität in \(x\) mal rel. Änderung in \(x\) )</p></modalFeedback></assessmentItem>
