<?xml version="1.0" encoding="UTF-8"?>
<assessmentItem xmlns="http://www.imsglobal.org/xsd/imsqti_v2p1" xmlns:xsi="http://www.w3.org/2001/XMLSchema-instance" xsi:schemaLocation="http://www.imsglobal.org/xsd/imsqti_v2p1 http://www.imsglobal.org/xsd/qti/qtiv2p1/imsqti_v2p1p1.xsd http://www.w3.org/1998/Math/MathML http://www.w3.org/Math/XMLSchema/mathml2/mathml2.xsd" identifier="id64012395-2cd5-468e-959c-82e58b5dee87" title="komplexität_auswertung_interpolante_01" adaptive="false" timeDependent="false"><responseDeclaration identifier="RESPONSE_1" cardinality="multiple" baseType="directedPair"><correctResponse><value>id52d23ead-6c11-481a-86f0-4c3ed9fb4472 ide3719a09-b56a-4067-bf81-f48d61c365ba</value><value>id94abe31f-bbb8-4086-9e4b-99f8c3970b13 id2d91b207-7d62-4e08-b741-81c4c9c030c0</value><value>ide6528534-35b7-41da-b683-e4d45e73e341 id3ea12f50-dfe5-4877-9b89-0b159f4a3de1</value><value>id98ae578c-cef8-4e4f-a801-a488ad354481 id3ea12f50-dfe5-4877-9b89-0b159f4a3de1</value></correctResponse><mapping defaultValue="0" lowerBound="0.0"><mapEntry mapKey="id52d23ead-6c11-481a-86f0-4c3ed9fb4472 ide3719a09-b56a-4067-bf81-f48d61c365ba" mappedValue="0.5" /><mapEntry mapKey="id94abe31f-bbb8-4086-9e4b-99f8c3970b13 id2d91b207-7d62-4e08-b741-81c4c9c030c0" mappedValue="0.5" /><mapEntry mapKey="ide6528534-35b7-41da-b683-e4d45e73e341 id3ea12f50-dfe5-4877-9b89-0b159f4a3de1" mappedValue="0.5" /><mapEntry mapKey="id98ae578c-cef8-4e4f-a801-a488ad354481 id3ea12f50-dfe5-4877-9b89-0b159f4a3de1" mappedValue="0.5" /><mapEntry mapKey="id94abe31f-bbb8-4086-9e4b-99f8c3970b13 id2d91b207-7d62-4e08-b741-81c4c9c030c0" mappedValue="0.5" /><mapEntry mapKey="id98ae578c-cef8-4e4f-a801-a488ad354481 id3ea12f50-dfe5-4877-9b89-0b159f4a3de1" mappedValue="0.5" /><mapEntry mapKey="ide6528534-35b7-41da-b683-e4d45e73e341 id3ea12f50-dfe5-4877-9b89-0b159f4a3de1" mappedValue="0.5" /></mapping></responseDeclaration><outcomeDeclaration identifier="SCORE" cardinality="single" baseType="float"><defaultValue><value>0</value></defaultValue></outcomeDeclaration><outcomeDeclaration identifier="MAXSCORE" cardinality="single" baseType="float"><defaultValue><value>2</value></defaultValue></outcomeDeclaration><outcomeDeclaration identifier="FEEDBACKBASIC" cardinality="single" baseType="identifier" view="testConstructor"><defaultValue><value>empty</value></defaultValue></outcomeDeclaration><itemBody ><p>Die für \(N\) Stützstellen erhaltene Interpolante soll an \(N\) gegebenen Punkten ausgewertet werden.<br />Geben Sie für die verschiedenen Ansätze die jeweils bestmögliche Komplexität an.</p><matchInteraction responseIdentifier="RESPONSE_1" shuffle="false" maxAssociations="0"><simpleMatchSet><simpleAssociableChoice identifier="ide6528534-35b7-41da-b683-e4d45e73e341" fixed="false" matchMax="1"><p>Interpolation in der Monombasis</p></simpleAssociableChoice><simpleAssociableChoice identifier="id94abe31f-bbb8-4086-9e4b-99f8c3970b13" fixed="false" matchMax="1"><p>Lagrange-Interpolation</p></simpleAssociableChoice><simpleAssociableChoice identifier="id98ae578c-cef8-4e4f-a801-a488ad354481" fixed="false" matchMax="1"><p>Newton-Interpolation</p></simpleAssociableChoice><simpleAssociableChoice identifier="id52d23ead-6c11-481a-86f0-4c3ed9fb4472" fixed="false" matchMax="1"><p>schnelle Fourier-Transformation</p></simpleAssociableChoice></simpleMatchSet><simpleMatchSet><simpleAssociableChoice identifier="ide3719a09-b56a-4067-bf81-f48d61c365ba" fixed="false" matchMax="0"><p>\(\normalsize\mathcal O(N\log N)\)</p></simpleAssociableChoice><simpleAssociableChoice identifier="idd3b7890d-d438-4784-911a-a4c281fe5fc1" fixed="false" matchMax="0"><p>\(\normalsize\mathcal O(N\log^2 N)\)</p></simpleAssociableChoice><simpleAssociableChoice identifier="id3ea12f50-dfe5-4877-9b89-0b159f4a3de1" fixed="false" matchMax="0"><p>\(\normalsize\mathcal O(N^2)\)</p></simpleAssociableChoice><simpleAssociableChoice identifier="id2d91b207-7d62-4e08-b741-81c4c9c030c0" fixed="false" matchMax="0"><p>\(\normalsize\mathcal O(N^3)\)</p></simpleAssociableChoice></simpleMatchSet></matchInteraction></itemBody><responseProcessing><responseCondition><responseIf><not><isNull><variable identifier="RESPONSE_1" /></isNull></not><setOutcomeValue identifier="SCORE"><sum><variable identifier="SCORE" /><mapResponse identifier="RESPONSE_1" /></sum></setOutcomeValue><setOutcomeValue identifier="FEEDBACKBASIC"><baseValue baseType="identifier">incorrect</baseValue></setOutcomeValue></responseIf></responseCondition><responseCondition><responseIf><and><not><match><variable identifier="FEEDBACKBASIC" /><baseValue baseType="identifier">empty</baseValue></match></not><equal toleranceMode="exact"><variable identifier="SCORE" /><variable identifier="MAXSCORE" /></equal></and><setOutcomeValue identifier="FEEDBACKBASIC"><baseValue baseType="identifier">correct</baseValue></setOutcomeValue></responseIf></responseCondition></responseProcessing></assessmentItem>
