<?xml version="1.0" encoding="UTF-8"?>
<assessmentItem xmlns="http://www.imsglobal.org/xsd/imsqti_v2p1" xmlns:xsi="http://www.w3.org/2001/XMLSchema-instance" xsi:schemaLocation="http://www.imsglobal.org/xsd/imsqti_v2p1 http://www.imsglobal.org/xsd/qti/qtiv2p1/imsqti_v2p1p1.xsd http://www.w3.org/1998/Math/MathML http://www.w3.org/Math/XMLSchema/mathml2/mathml2.xsd" identifier="ide6d7ded5-82a8-4c0c-89bb-1ce6db1319b9" title="LineareHomogeneDGL" adaptive="false" timeDependent="false"><responseDeclaration identifier="RESPONSE_1406624753932" cardinality="single" baseType="string" /><outcomeDeclaration identifier="SCORE" cardinality="single" baseType="float"><defaultValue><value>0</value></defaultValue></outcomeDeclaration><outcomeDeclaration identifier="MAXSCORE" cardinality="single" baseType="float"><defaultValue><value>6</value></defaultValue></outcomeDeclaration><outcomeDeclaration identifier="FEEDBACKBASIC" cardinality="single" baseType="identifier" view="testConstructor"><defaultValue><value>empty</value></defaultValue></outcomeDeclaration><outcomeDeclaration identifier="FEEDBACKMODAL" cardinality="multiple" baseType="identifier" view="testConstructor" /><templateDeclaration identifier="p" cardinality="single" baseType="float" /><templateDeclaration identifier="a2" cardinality="single" baseType="float" /><templateDeclaration identifier="q" cardinality="single" baseType="float" /><templateDeclaration identifier="sqrta2" cardinality="single" baseType="integer" /><templateDeclaration identifier="p2" cardinality="single" baseType="integer" /><templateProcessing><setTemplateValue identifier="p"><random><multiple><baseValue baseType="float">-2</baseValue><baseValue baseType="float">-4</baseValue><baseValue baseType="float">-6</baseValue><baseValue baseType="float">2</baseValue><baseValue baseType="float">4</baseValue><baseValue baseType="float">6</baseValue><baseValue baseType="float">8</baseValue></multiple></random></setTemplateValue><setTemplateValue identifier="a2"><random><multiple><baseValue baseType="float">1</baseValue><baseValue baseType="float">4</baseValue><baseValue baseType="float">9</baseValue><baseValue baseType="float">16</baseValue><baseValue baseType="float">25</baseValue><baseValue baseType="float">36</baseValue></multiple></random></setTemplateValue><setTemplateValue identifier="q"><customOperator definition="MAXIMA" value="float(($(1)/2)^2+$(2));"><variable identifier="p" /><variable identifier="a2" /></customOperator></setTemplateValue><setTemplateValue identifier="sqrta2"><customOperator definition="MAXIMA" value="float(sqrt($(1)));"><variable identifier="a2" /></customOperator></setTemplateValue><setTemplateValue identifier="p2"><customOperator definition="MAXIMA" value="float(-$(1)/2);"><variable identifier="p" /></customOperator></setTemplateValue><setCorrectResponse identifier="RESPONSE_1406624753932"><customOperator definition="VARIABLESTRING" value="{%e^($(2)*t)*cos($(1)*t),%e^($(2)*t)*sin($(1)*t)}"><variable identifier="sqrta2" /><variable identifier="p2" /></customOperator></setCorrectResponse></templateProcessing><itemBody ><p><p>Finde 2 <strong>linear unabhängige <span style="text-decoration: underline;">reell-wertige </span>Lösungen \(y = y(t)\), \( t \in R\) </strong>der folgenden DGL:</p><p>\[<printedVariable identifier="p" />y' + y''  + <printedVariable identifier="q" />y = 0 \]</p><p>Gebe das Ergebnis in Mengenschreibweise mit geschweiften Klammern ein.</p><p>Eingabesyntax:</p><p>%e^(t) für die Exponentialfunktion \( e^t\)</p><p>sin(t), cos(t) für trigonometrisch Funkionen.</p><p>* für jede Multiplikation.</p><p>Beispiel: Für \( B = \{ e^{2t}\cdot \cos(3t),  e^{5t}\cdot \sin(4t) \} \) gebe ein:</p><p>                        { %e(2*t)*cos(3*t), %e(5*t)*sin(4*t) }</p><p>Da es verschiedene Lösungsmöglichkeiten gibt, wird die Eingabe manuell durchgesehen.</p><p>B = <textEntryInteraction responseIdentifier="RESPONSE_1406624753932" expectedLength="37" class="maxima-formula show-latex show-syntax-error" /></p><p> </p></p></itemBody><responseProcessing><responseCondition><responseIf><customOperator definition="MAXIMA" value="is(equal(ev($(1)),ev($(2))));"><variable identifier="RESPONSE_1406624753932" /><correct identifier="RESPONSE_1406624753932" /></customOperator><setOutcomeValue identifier="SCORE"><sum><variable identifier="SCORE" /><baseValue baseType="float">6</baseValue></sum></setOutcomeValue></responseIf></responseCondition><responseCondition><responseIf><not><isNull><variable identifier="RESPONSE_1406624753932" /></isNull></not><setOutcomeValue identifier="FEEDBACKBASIC"><baseValue baseType="identifier">incorrect</baseValue></setOutcomeValue></responseIf></responseCondition><responseCondition><responseIf><and><not><match><variable identifier="FEEDBACKBASIC" /><baseValue baseType="identifier">empty</baseValue></match></not><equal toleranceMode="exact"><variable identifier="SCORE" /><variable identifier="MAXSCORE" /></equal></and><setOutcomeValue identifier="FEEDBACKBASIC"><baseValue baseType="identifier">correct</baseValue></setOutcomeValue></responseIf></responseCondition><responseCondition><responseIf><and><match><baseValue baseType="identifier">incorrect</baseValue><variable identifier="FEEDBACKBASIC" /></match></and><setOutcomeValue identifier="FEEDBACKMODAL"><multiple><variable identifier="FEEDBACKMODAL" /><baseValue baseType="identifier">Feedback405449641</baseValue></multiple></setOutcomeValue></responseIf></responseCondition></responseProcessing><modalFeedback  identifier="Feedback405449641" outcomeIdentifier="FEEDBACKMODAL" showHide="show"><p>Nehme zunächst an , dass es komplex-wertige Lösungen vom Type \( y(t) = e^{\lambda \cdot t} \) gibt, mit \( \lambda \in {\mathbb C}\)</p><p>Bestimme  \( \lambda \) durch eingehen in die Gleichung. Dies führt auf komplexe Lösungen. Zerlege in Real- und Imaginärteil um reelle Lösungen zu erhalten.</p></modalFeedback></assessmentItem>
