<?xml version="1.0" encoding="UTF-8"?>
<assessmentItem xmlns="http://www.imsglobal.org/xsd/imsqti_v2p1" xmlns:xsi="http://www.w3.org/2001/XMLSchema-instance" xsi:schemaLocation="http://www.imsglobal.org/xsd/imsqti_v2p1 http://www.imsglobal.org/xsd/qti/qtiv2p1/imsqti_v2p1p1.xsd http://www.w3.org/1998/Math/MathML http://www.w3.org/Math/XMLSchema/mathml2/mathml2.xsd" identifier="id8feb98a0-47dd-4b14-88e0-0581531573b3" title="tangente_richtig/falsch" adaptive="false" timeDependent="false"><responseDeclaration identifier="RESPONSE_1" cardinality="multiple" baseType="identifier"><correctResponse><value>ida750f780-8ccc-43ca-9c19-6fe357da7c4e</value><value>id85e4706b-1696-4ef3-aa76-6dc0f510338f</value></correctResponse><mapping defaultValue="0" lowerBound="0.0"><mapEntry mapKey="ide79c42de-17c1-49fb-a231-96a4eef56c57" mappedValue="-0.5" /><mapEntry mapKey="ida750f780-8ccc-43ca-9c19-6fe357da7c4e" mappedValue="0.5" /><mapEntry mapKey="id85e4706b-1696-4ef3-aa76-6dc0f510338f" mappedValue="0.5" /><mapEntry mapKey="idc84207e5-ef6e-41ea-985a-d4b2205ae4b2" mappedValue="-0.5" /></mapping></responseDeclaration><outcomeDeclaration identifier="SCORE" cardinality="single" baseType="float"><defaultValue><value>0</value></defaultValue></outcomeDeclaration><outcomeDeclaration identifier="MAXSCORE" cardinality="single" baseType="float"><defaultValue><value>1</value></defaultValue></outcomeDeclaration><outcomeDeclaration identifier="FEEDBACKBASIC" cardinality="single" baseType="identifier" view="testConstructor"><defaultValue><value>empty</value></defaultValue></outcomeDeclaration><itemBody ><p>Sei \(f\) eine beliebige Funktion.</p><p>Welche der folgenden Aussagen sind richtig?</p><choiceInteraction responseIdentifier="RESPONSE_1" shuffle="true" maxChoices="0"><simpleChoice identifier="ide79c42de-17c1-49fb-a231-96a4eef56c57"><p>Die Tangente an den Graphen der Funktion \(f\) im Punkt \(P\) ist keine lineare Funktion.</p></simpleChoice><simpleChoice identifier="ida750f780-8ccc-43ca-9c19-6fe357da7c4e"><p>Ist die Funktion \(f\) an der Stelle \(x_0\) differenzierbar, so hat die Tangente im Punkt \(P(x_0,f(x_0))\) den Anstieg \(m = f'(x_0)\).</p></simpleChoice><simpleChoice identifier="id85e4706b-1696-4ef3-aa76-6dc0f510338f"><p>Die Funktion \(f\) und die Tangente an den Graphen von \(f\) haben genau einen Punkt gemeinsam.</p></simpleChoice><simpleChoice identifier="idc84207e5-ef6e-41ea-985a-d4b2205ae4b2"><p>Die Funktion \(f\) und ihre Tangente schneiden sich im Punkt \(P(x_0,f(x_0))\).</p></simpleChoice></choiceInteraction></itemBody><responseProcessing><responseCondition><responseIf><not><isNull><variable identifier="RESPONSE_1" /></isNull></not><setOutcomeValue identifier="SCORE"><sum><variable identifier="SCORE" /><mapResponse identifier="RESPONSE_1" /></sum></setOutcomeValue><setOutcomeValue identifier="FEEDBACKBASIC"><baseValue baseType="identifier">incorrect</baseValue></setOutcomeValue></responseIf></responseCondition><responseCondition><responseIf><and><not><match><variable identifier="FEEDBACKBASIC" /><baseValue baseType="identifier">empty</baseValue></match></not><equal toleranceMode="exact"><variable identifier="SCORE" /><variable identifier="MAXSCORE" /></equal></and><setOutcomeValue identifier="FEEDBACKBASIC"><baseValue baseType="identifier">correct</baseValue></setOutcomeValue></responseIf></responseCondition></responseProcessing></assessmentItem>
