<?xml version="1.0" encoding="UTF-8"?>
<assessmentItem xmlns="http://www.imsglobal.org/xsd/imsqti_v2p1" xmlns:xsi="http://www.w3.org/2001/XMLSchema-instance" xsi:schemaLocation="http://www.imsglobal.org/xsd/imsqti_v2p1 http://www.imsglobal.org/xsd/qti/qtiv2p1/imsqti_v2p1p1.xsd http://www.w3.org/1998/Math/MathML http://www.w3.org/Math/XMLSchema/mathml2/mathml2.xsd" identifier="id94289717-4106-4ab3-b4de-c3e71cc44144" title="BernoulliExperiment" adaptive="false" timeDependent="false"><responseDeclaration identifier="RESPONSE_1401188901209" cardinality="single" baseType="float"><correctResponse><value>0</value></correctResponse></responseDeclaration><responseDeclaration identifier="RESPONSE_1401189585998" cardinality="single" baseType="float"><correctResponse><value>0</value></correctResponse></responseDeclaration><responseDeclaration identifier="RESPONSE_1401710289935" cardinality="single" baseType="float"><correctResponse><value>0</value></correctResponse></responseDeclaration><outcomeDeclaration identifier="SCORE" cardinality="single" baseType="float"><defaultValue><value>0</value></defaultValue></outcomeDeclaration><outcomeDeclaration identifier="MAXSCORE" cardinality="single" baseType="float"><defaultValue><value>9</value></defaultValue></outcomeDeclaration><outcomeDeclaration identifier="FEEDBACKBASIC" cardinality="single" baseType="identifier" view="testConstructor"><defaultValue><value>empty</value></defaultValue></outcomeDeclaration><outcomeDeclaration identifier="FEEDBACKMODAL" cardinality="multiple" baseType="identifier" view="testConstructor" /><templateDeclaration identifier="t" cardinality="single" baseType="integer" /><templateDeclaration identifier="n" cardinality="single" baseType="integer" /><templateDeclaration identifier="w" cardinality="single" baseType="integer" /><templateDeclaration identifier="p" cardinality="single" baseType="float" /><templateDeclaration identifier="p2" cardinality="single" baseType="integer" /><templateDeclaration identifier="e" cardinality="single" baseType="float" /><templateProcessing><setTemplateValue identifier="t"><random><multiple><baseValue baseType="integer">25</baseValue><baseValue baseType="integer">28</baseValue><baseValue baseType="integer">30</baseValue><baseValue baseType="integer">35</baseValue><baseValue baseType="integer">40</baseValue><baseValue baseType="integer">42</baseValue><baseValue baseType="integer">45</baseValue><baseValue baseType="integer">50</baseValue><baseValue baseType="integer">55</baseValue></multiple></random></setTemplateValue><setTemplateValue identifier="n"><random><multiple><baseValue baseType="integer">8</baseValue><baseValue baseType="integer">9</baseValue><baseValue baseType="integer">10</baseValue><baseValue baseType="integer">11</baseValue><baseValue baseType="integer">12</baseValue><baseValue baseType="integer">13</baseValue><baseValue baseType="integer">14</baseValue></multiple></random></setTemplateValue><setTemplateValue identifier="w"><customOperator definition="MAXIMA" value="float($(1)-2);"><variable identifier="n" /></customOperator></setTemplateValue><setTemplateValue identifier="p"><customOperator definition="MAXIMA" value="float(100*sum(binomial($(1),s)*($(2)/100)^s*((100-$(3))/100)^($(4)-s),s,$(5),$(6)));"><variable identifier="n" /><variable identifier="t" /><variable identifier="t" /><variable identifier="n" /><variable identifier="w" /><variable identifier="n" /></customOperator></setTemplateValue><setTemplateValue identifier="p2"><customOperator definition="MAXIMA" value="float(log(0.01)/log((100-$(1))/100) +1);"><variable identifier="t" /></customOperator></setTemplateValue><setTemplateValue identifier="e"><customOperator definition="MAXIMA" value="float((((100-$(1))/100)^5+((100-$(2))/100)^4*$(3)/100)*5+((100-$(4))/100)^3*$(5)/100*4+((100-$(6))/100)^2*$(7)/100*3+((100-$(8))/100)*$(9)/100*2+$(10)/100);"><variable identifier="t" /><variable identifier="t" /><variable identifier="t" /><variable identifier="t" /><variable identifier="t" /><variable identifier="t" /><variable identifier="t" /><variable identifier="t" /><variable identifier="t" /><variable identifier="t" /></customOperator></setTemplateValue><setCorrectResponse identifier="RESPONSE_1401188901209"><variable identifier="p" /></setCorrectResponse><setCorrectResponse identifier="RESPONSE_1401189585998"><variable identifier="p2" /></setCorrectResponse><setCorrectResponse identifier="RESPONSE_1401710289935"><variable identifier="e" /></setCorrectResponse></templateProcessing><itemBody ><p><p>Ein Jäger besitzt beim Schiessen eine Trefferwahrscheinlichkeit von <printedVariable identifier="t" />%</p><p>a.)  Er schiesst <printedVariable identifier="n" /> mal. Wie groß ist die Wahrscheinlichkeit W, dass er mindestens <printedVariable identifier="w" /> mal treffen wird ? Berechne W in Prozent und runde auf drei Stellen nach dem Komma:</p><p>W =  <textEntryInteraction responseIdentifier="RESPONSE_1401188901209" expectedLength="3" /> %</p><p>b.) Wie oft (=N eine natürliche Zahl) muß der Jäger schiessen, damit er mit einer Wahrscheinlichkeit von 99 % mindestens einen Treffer hat ?</p><p>N = <textEntryInteraction responseIdentifier="RESPONSE_1401189585998" expectedLength="2" /></p><p>c.) Der Jäger macht ein Experiment: Er schiesst, bis er einmal getroffen hat oder 5 mal danebengeschossen. Was erwarten Sie für dieses Experiment, wie oft er schiessen wird, d.h. berechnen Sie den Erwartungswert E gerundet auf eine Stelle nach dem Komma.</p><p>E = <textEntryInteraction responseIdentifier="RESPONSE_1401710289935" expectedLength="3" /></p><p> </p></p></itemBody><responseProcessing><responseCondition><responseIf><equal toleranceMode="absolute" tolerance="0.05 0.05" includeLowerBound="true" includeUpperBound="true"><variable identifier="RESPONSE_1401188901209" /><correct identifier="RESPONSE_1401188901209" /></equal><setOutcomeValue identifier="SCORE"><sum><variable identifier="SCORE" /><baseValue baseType="float">4</baseValue></sum></setOutcomeValue></responseIf></responseCondition><responseCondition><responseIf><not><isNull><variable identifier="RESPONSE_1401188901209" /></isNull></not><setOutcomeValue identifier="FEEDBACKBASIC"><baseValue baseType="identifier">incorrect</baseValue></setOutcomeValue></responseIf></responseCondition><responseCondition><responseIf><equal toleranceMode="absolute" tolerance="1.0 2.0" includeLowerBound="true" includeUpperBound="true"><variable identifier="RESPONSE_1401189585998" /><correct identifier="RESPONSE_1401189585998" /></equal><setOutcomeValue identifier="SCORE"><sum><variable identifier="SCORE" /><baseValue baseType="float">2</baseValue></sum></setOutcomeValue></responseIf></responseCondition><responseCondition><responseIf><not><isNull><variable identifier="RESPONSE_1401189585998" /></isNull></not><setOutcomeValue identifier="FEEDBACKBASIC"><baseValue baseType="identifier">incorrect</baseValue></setOutcomeValue></responseIf></responseCondition><responseCondition><responseIf><equal toleranceMode="absolute" tolerance="0.1 0.1" includeLowerBound="true" includeUpperBound="true"><variable identifier="RESPONSE_1401710289935" /><correct identifier="RESPONSE_1401710289935" /></equal><setOutcomeValue identifier="SCORE"><sum><variable identifier="SCORE" /><baseValue baseType="float">3</baseValue></sum></setOutcomeValue></responseIf></responseCondition><responseCondition><responseIf><not><isNull><variable identifier="RESPONSE_1401710289935" /></isNull></not><setOutcomeValue identifier="FEEDBACKBASIC"><baseValue baseType="identifier">incorrect</baseValue></setOutcomeValue></responseIf></responseCondition><responseCondition><responseIf><and><not><match><variable identifier="FEEDBACKBASIC" /><baseValue baseType="identifier">empty</baseValue></match></not><equal toleranceMode="exact"><variable identifier="SCORE" /><variable identifier="MAXSCORE" /></equal></and><setOutcomeValue identifier="FEEDBACKBASIC"><baseValue baseType="identifier">correct</baseValue></setOutcomeValue></responseIf></responseCondition><responseCondition><responseIf><and><match><baseValue baseType="identifier">incorrect</baseValue><variable identifier="FEEDBACKBASIC" /></match></and><setOutcomeValue identifier="FEEDBACKMODAL"><multiple><variable identifier="FEEDBACKMODAL" /><baseValue baseType="identifier">Feedback1865613763</baseValue></multiple></setOutcomeValue></responseIf></responseCondition></responseProcessing><modalFeedback  identifier="Feedback1865613763" outcomeIdentifier="FEEDBACKMODAL" showHide="show"><p>Lösungsskizzen:</p><p>a.) Die Wahrscheinlichkeit dass bei n Schüssen und einer Trefferwahrscheinlichkeit von p genau r mal getroffen wird ist \( \binom<printedVariable identifier="n" />{r}p^r \cdot r^{n-r}\). Summiere diese Terme aufwärts von r geeignet bis n.</p><p>b.) Es werde n mal geschossen. Mindestens einmal ist aquivalent zu Nicht keinmal. Die Wahrscheinlichkeit für keinmal ist \((1-p)^n\) mit p Trefferwahrscheinlichkeit. Erhalte daher Formel vom Typ \(1-(1-p)^n = 0.99\) Forme um nach n.</p><p>c.) Sei X die Zufallsvariable Anzahl Schüsse (bis entweder einmal getroffen wurde oder 5 mal danebengeschossen). Sei 1 das Ereignis getroffen, 0 danebengeschossen. Dann gibt es die Ausgänge: 1(= einmal geschossen und getroffen) , 01(= zweimal geschossen, erst einmal daneben, dann getroffen), 001, 0001, 00001, 00000. Die Wahrscheinlichkeit für das Ergebnis 5 für X ist die Wahrscheinlichkeit für 00001 plus der Wahrscheinlichekeit für 00000. Die Wahrscheinlichkeit für z.B.  00001 ist \( (1-p)^4\cdot p\) usw.</p></modalFeedback></assessmentItem>
