<?xml version="1.0" encoding="UTF-8"?>
<assessmentItem xmlns="http://www.imsglobal.org/xsd/imsqti_v2p1" xmlns:xsi="http://www.w3.org/2001/XMLSchema-instance" xsi:schemaLocation="http://www.imsglobal.org/xsd/imsqti_v2p1 http://www.imsglobal.org/xsd/qti/qtiv2p1/imsqti_v2p1p1.xsd http://www.w3.org/1998/Math/MathML http://www.w3.org/Math/XMLSchema/mathml2/mathml2.xsd" identifier="id9b2b7002-184e-4367-8bb7-37c6c060702a" title="Preiselastizität" adaptive="false" timeDependent="false"><responseDeclaration identifier="RESPONSE_1" cardinality="single" baseType="identifier"><correctResponse><value>id849f00cf-71b6-4639-9177-23ee3e472f75</value></correctResponse></responseDeclaration><outcomeDeclaration identifier="SCORE" cardinality="single" baseType="float"><defaultValue><value>0</value></defaultValue></outcomeDeclaration><outcomeDeclaration identifier="MAXSCORE" cardinality="single" baseType="float"><defaultValue><value>1</value></defaultValue></outcomeDeclaration><outcomeDeclaration identifier="FEEDBACKBASIC" cardinality="single" baseType="identifier"><defaultValue><value>empty</value></defaultValue></outcomeDeclaration><itemBody ><p>Die Nachfragefunktion nach einem Gut in Abhängigkeit seines Preises $$p$$ sei gegeben durch $$D=D(p)=\frac{100}{\sqrt{p}}$$. Geben Sie die Preiselastizität der Nachfrage $$\frac{d D}{dp}\cdot \frac{p}{D}$$ an.</p><choiceInteraction responseIdentifier="RESPONSE_1" shuffle="true" maxChoices="1"><simpleChoice identifier="id849f00cf-71b6-4639-9177-23ee3e472f75"><p>$$-\frac{1}{2}$$</p></simpleChoice><simpleChoice identifier="id294b4b19-4ade-4a00-8b4b-60da18bb7afd"><p>$$-\frac{1}{2p}$$</p></simpleChoice><simpleChoice identifier="idbf4fec00-4694-4d8f-b692-1383a27c76ab"><p>$$100$$</p></simpleChoice><simpleChoice identifier="id5280c0c5-464b-4975-bf90-0e9a32dd4bff"><p>$$\frac{1}{\sqrt{p}}$$</p></simpleChoice></choiceInteraction></itemBody><responseProcessing><responseCondition><responseIf><isNull><variable identifier="RESPONSE_1" /></isNull><setOutcomeValue identifier="FEEDBACKBASIC"><baseValue baseType="identifier">empty</baseValue></setOutcomeValue></responseIf><responseElseIf><match><variable identifier="RESPONSE_1" /><correct identifier="RESPONSE_1" /></match><setOutcomeValue identifier="SCORE"><sum><variable identifier="SCORE" /><variable identifier="MAXSCORE" /></sum></setOutcomeValue><setOutcomeValue identifier="FEEDBACKBASIC"><baseValue baseType="identifier">correct</baseValue></setOutcomeValue></responseElseIf><responseElse><setOutcomeValue identifier="FEEDBACKBASIC"><baseValue baseType="identifier">incorrect</baseValue></setOutcomeValue></responseElse></responseCondition></responseProcessing></assessmentItem>
