<?xml version="1.0" encoding="UTF-8"?>
<assessmentItem xmlns="http://www.imsglobal.org/xsd/imsqti_v2p1" xmlns:xsi="http://www.w3.org/2001/XMLSchema-instance" xsi:schemaLocation="http://www.imsglobal.org/xsd/imsqti_v2p1 http://www.imsglobal.org/xsd/qti/qtiv2p1/imsqti_v2p1p1.xsd http://www.w3.org/1998/Math/MathML http://www.w3.org/Math/XMLSchema/mathml2/mathml2.xsd" identifier="idbfa3a21d-5eaa-4a59-9796-2cf76b1a1c9f" title="betragsgleichung_03" adaptive="false" timeDependent="false"><responseDeclaration identifier="RESPONSE_1409571311806" cardinality="single" baseType="float"><correctResponse><value>0</value></correctResponse></responseDeclaration><responseDeclaration identifier="RESPONSE_1409571316039" cardinality="single" baseType="float"><correctResponse><value>0</value></correctResponse></responseDeclaration><outcomeDeclaration identifier="SCORE" cardinality="single" baseType="float"><defaultValue><value>0</value></defaultValue></outcomeDeclaration><outcomeDeclaration identifier="MAXSCORE" cardinality="single" baseType="float"><defaultValue><value>2</value></defaultValue></outcomeDeclaration><outcomeDeclaration identifier="FEEDBACKBASIC" cardinality="single" baseType="identifier" view="testConstructor"><defaultValue><value>empty</value></defaultValue></outcomeDeclaration><outcomeDeclaration identifier="FEEDBACKMODAL" cardinality="multiple" baseType="identifier" view="testConstructor" /><templateDeclaration identifier="a" cardinality="single" baseType="integer" /><templateDeclaration identifier="b" cardinality="single" baseType="integer" /><templateDeclaration identifier="h" cardinality="single" baseType="integer" /><templateDeclaration identifier="c" cardinality="single" baseType="integer" /><templateDeclaration identifier="l1" cardinality="single" baseType="integer" /><templateDeclaration identifier="l2" cardinality="single" baseType="integer" /><templateProcessing><setTemplateValue identifier="a"><randomInteger min="1" max="10" /></setTemplateValue><setTemplateValue identifier="b"><randomInteger min="1" max="8" /></setTemplateValue><setTemplateValue identifier="h"><random><multiple><baseValue baseType="integer">2</baseValue><baseValue baseType="integer">4</baseValue><baseValue baseType="integer">6</baseValue></multiple></random></setTemplateValue><setTemplateValue identifier="c"><customOperator definition="MAXIMA" value="float($(1)+$(2)+$(3));"><variable identifier="a" /><variable identifier="b" /><variable identifier="h" /></customOperator></setTemplateValue><setTemplateValue identifier="l1"><customOperator definition="MAXIMA" value="float(-($(1)-$(2)+$(3))/2);"><variable identifier="c" /><variable identifier="a" /><variable identifier="b" /></customOperator></setTemplateValue><setTemplateValue identifier="l2"><customOperator definition="MAXIMA" value="float(($(1)+$(2)-$(3))/2);"><variable identifier="c" /><variable identifier="a" /><variable identifier="b" /></customOperator></setTemplateValue><setCorrectResponse identifier="RESPONSE_1409571311806"><variable identifier="l1" /></setCorrectResponse><setCorrectResponse identifier="RESPONSE_1409571316039"><variable identifier="l2" /></setCorrectResponse></templateProcessing><itemBody ><p>Geben Sie die beiden Lösungen der Gleichung $$|x-<printedVariable identifier="a" />| + |x+<printedVariable identifier="b" />| = <printedVariable identifier="c" />$$ an! Beginnen Sie mit der kleineren Zahl!</p><p>\(x_1=\) <textEntryInteraction responseIdentifier="RESPONSE_1409571311806" expectedLength="3" /> (kleinere der beiden Lösungen)</p><p>\(x_2=\) <textEntryInteraction responseIdentifier="RESPONSE_1409571316039" expectedLength="3" /> (größere der beiden Lösungen)</p></itemBody><responseProcessing><responseCondition><responseIf><equal toleranceMode="exact"><variable identifier="RESPONSE_1409571311806" /><correct identifier="RESPONSE_1409571311806" /></equal><setOutcomeValue identifier="SCORE"><sum><variable identifier="SCORE" /><baseValue baseType="float">1</baseValue></sum></setOutcomeValue></responseIf></responseCondition><responseCondition><responseIf><not><isNull><variable identifier="RESPONSE_1409571311806" /></isNull></not><setOutcomeValue identifier="FEEDBACKBASIC"><baseValue baseType="identifier">incorrect</baseValue></setOutcomeValue></responseIf></responseCondition><responseCondition><responseIf><equal toleranceMode="exact"><variable identifier="RESPONSE_1409571316039" /><correct identifier="RESPONSE_1409571316039" /></equal><setOutcomeValue identifier="SCORE"><sum><variable identifier="SCORE" /><baseValue baseType="float">1</baseValue></sum></setOutcomeValue></responseIf></responseCondition><responseCondition><responseIf><not><isNull><variable identifier="RESPONSE_1409571316039" /></isNull></not><setOutcomeValue identifier="FEEDBACKBASIC"><baseValue baseType="identifier">incorrect</baseValue></setOutcomeValue></responseIf></responseCondition><responseCondition><responseIf><and><not><match><variable identifier="FEEDBACKBASIC" /><baseValue baseType="identifier">empty</baseValue></match></not><equal toleranceMode="exact"><variable identifier="SCORE" /><variable identifier="MAXSCORE" /></equal></and><setOutcomeValue identifier="FEEDBACKBASIC"><baseValue baseType="identifier">correct</baseValue></setOutcomeValue></responseIf></responseCondition><responseCondition><responseIf><and><match><baseValue baseType="identifier">correct</baseValue><variable identifier="FEEDBACKBASIC" /></match></and><setOutcomeValue identifier="FEEDBACKMODAL"><multiple><variable identifier="FEEDBACKMODAL" /><baseValue baseType="identifier">Feedback1823399752</baseValue></multiple></setOutcomeValue></responseIf></responseCondition><responseCondition><responseIf><and><match><baseValue baseType="identifier">incorrect</baseValue><variable identifier="FEEDBACKBASIC" /></match></and><setOutcomeValue identifier="FEEDBACKMODAL"><multiple><variable identifier="FEEDBACKMODAL" /><baseValue baseType="identifier">Feedback515518618</baseValue></multiple></setOutcomeValue></responseIf></responseCondition></responseProcessing><modalFeedback  identifier="Feedback1823399752" outcomeIdentifier="FEEDBACKMODAL" showHide="show" title="Richtig!"><p>Lösung:</p><p>1.Fall $$(x \leq -<printedVariable identifier="b" />): \quad -x_1+<printedVariable identifier="a" /> - x_1-<printedVariable identifier="b" /> = <printedVariable identifier="c" /> \iff x_1 = -\frac{<printedVariable identifier="c" />+<printedVariable identifier="b" />-<printedVariable identifier="a" />}{2} = <printedVariable identifier="l1" />$$</p><p>2.Fall $$(x \geq <printedVariable identifier="a" />): \quad\quad x_2-<printedVariable identifier="a" /> + x_2+<printedVariable identifier="b" /> = <printedVariable identifier="c" /> \iff x_2 = \frac{<printedVariable identifier="c" />-<printedVariable identifier="b" />+<printedVariable identifier="a" />}{2} = <printedVariable identifier="l2" />$$</p><p>3.Fall $$(x \in (-<printedVariable identifier="b" />,<printedVariable identifier="a" />))$$ führt zum Widerspruch</p></modalFeedback><modalFeedback  identifier="Feedback515518618" outcomeIdentifier="FEEDBACKMODAL" showHide="show" title="Leider falsch!"><p>Lösung:</p><p>1.Fall $$(x \leq -<printedVariable identifier="b" />): \quad -x_1+<printedVariable identifier="a" /> - x_1-<printedVariable identifier="b" /> = <printedVariable identifier="c" /> \iff x_1 = -\frac{<printedVariable identifier="c" />+<printedVariable identifier="b" />-<printedVariable identifier="a" />}{2} = <printedVariable identifier="l1" />$$</p><p>2.Fall $$(x \geq <printedVariable identifier="a" />): \quad\quad x_2-<printedVariable identifier="a" /> + x_2+<printedVariable identifier="b" /> = <printedVariable identifier="c" /> \iff x_2 = \frac{<printedVariable identifier="c" />-<printedVariable identifier="b" />+<printedVariable identifier="a" />}{2} = <printedVariable identifier="l2" />$$</p><p>3.Fall $$(x \in (-<printedVariable identifier="b" />,<printedVariable identifier="a" />))$$ führt zum Widerspruch</p></modalFeedback></assessmentItem>
