<?xml version="1.0" encoding="UTF-8"?>
<assessmentItem xmlns="http://www.imsglobal.org/xsd/imsqti_v2p1" xmlns:xsi="http://www.w3.org/2001/XMLSchema-instance" xsi:schemaLocation="http://www.imsglobal.org/xsd/imsqti_v2p1 http://www.imsglobal.org/xsd/qti/qtiv2p1/imsqti_v2p1p1.xsd http://www.w3.org/1998/Math/MathML http://www.w3.org/Math/XMLSchema/mathml2/mathml2.xsd" identifier="id2fc27e3c-5e3d-4a99-8d8e-8f7305bf8a90" title="vereinfachung_brüche_03" adaptive="false" timeDependent="false"><responseDeclaration identifier="RESPONSE_1409827106394" cardinality="single" baseType="string" /><responseDeclaration identifier="RESPONSE_1409828896759" cardinality="single" baseType="string" /><outcomeDeclaration identifier="SCORE" cardinality="single" baseType="float"><defaultValue><value>0</value></defaultValue></outcomeDeclaration><outcomeDeclaration identifier="MAXSCORE" cardinality="single" baseType="float"><defaultValue><value>1</value></defaultValue></outcomeDeclaration><outcomeDeclaration identifier="FEEDBACKBASIC" cardinality="single" baseType="identifier" view="testConstructor"><defaultValue><value>empty</value></defaultValue></outcomeDeclaration><outcomeDeclaration identifier="FEEDBACKMODAL" cardinality="multiple" baseType="identifier" view="testConstructor" /><templateDeclaration identifier="a" cardinality="single" baseType="integer" /><templateDeclaration identifier="b" cardinality="single" baseType="integer" /><templateDeclaration identifier="c" cardinality="single" baseType="integer" /><templateDeclaration identifier="d" cardinality="single" baseType="integer" /><templateDeclaration identifier="ac" cardinality="single" baseType="integer" /><templateDeclaration identifier="ad" cardinality="single" baseType="integer" /><templateProcessing><setTemplateValue identifier="a"><randomInteger min="3" max="9" /></setTemplateValue><setTemplateValue identifier="b"><randomInteger min="3" max="9" /></setTemplateValue><setTemplateValue identifier="c"><randomInteger min="2" max="5" /></setTemplateValue><setTemplateValue identifier="d"><randomInteger min="6" max="9" /></setTemplateValue><setTemplateValue identifier="ac"><customOperator definition="MAXIMA" value="float($(1)*$(2));"><variable identifier="a" /><variable identifier="c" /></customOperator></setTemplateValue><setTemplateValue identifier="ad"><customOperator definition="MAXIMA" value="float($(1)*$(2));"><variable identifier="a" /><variable identifier="d" /></customOperator></setTemplateValue><templateCondition><templateIf><match><variable identifier="a" /><baseValue baseType="integer">3</baseValue></match><setTemplateValue identifier="b"><random><multiple><baseValue baseType="integer">4</baseValue><baseValue baseType="integer">5</baseValue><baseValue baseType="integer">7</baseValue><baseValue baseType="integer">8</baseValue></multiple></random></setTemplateValue></templateIf><templateElseIf><match><variable identifier="a" /><baseValue baseType="integer">4</baseValue></match><setTemplateValue identifier="b"><random><multiple><baseValue baseType="integer">3</baseValue><baseValue baseType="integer">5</baseValue><baseValue baseType="integer">7</baseValue><baseValue baseType="integer">9</baseValue></multiple></random></setTemplateValue></templateElseIf><templateElseIf><match><variable identifier="a" /><baseValue baseType="integer">5</baseValue></match><setTemplateValue identifier="b"><random><multiple><baseValue baseType="integer">3</baseValue><baseValue baseType="integer">4</baseValue><baseValue baseType="integer">6</baseValue><baseValue baseType="integer">7</baseValue><baseValue baseType="integer">8</baseValue><baseValue baseType="integer">9</baseValue></multiple></random></setTemplateValue></templateElseIf><templateElseIf><match><variable identifier="a" /><baseValue baseType="integer">6</baseValue></match><setTemplateValue identifier="b"><random><multiple><baseValue baseType="integer">5</baseValue><baseValue baseType="integer">7</baseValue></multiple></random></setTemplateValue></templateElseIf><templateElseIf><match><variable identifier="a" /><baseValue baseType="integer">7</baseValue></match><setTemplateValue identifier="b"><random><multiple><baseValue baseType="integer">3</baseValue><baseValue baseType="integer">4</baseValue><baseValue baseType="integer">5</baseValue><baseValue baseType="integer">6</baseValue><baseValue baseType="integer">8</baseValue><baseValue baseType="integer">9</baseValue></multiple></random></setTemplateValue></templateElseIf><templateElseIf><match><variable identifier="a" /><baseValue baseType="integer">8</baseValue></match><setTemplateValue identifier="b"><random><multiple><baseValue baseType="integer">3</baseValue><baseValue baseType="integer">5</baseValue><baseValue baseType="integer">7</baseValue><baseValue baseType="integer">9</baseValue></multiple></random></setTemplateValue></templateElseIf><templateElseIf><match><variable identifier="a" /><baseValue baseType="integer">9</baseValue></match><setTemplateValue identifier="b"><random><multiple><baseValue baseType="integer">4</baseValue><baseValue baseType="integer">5</baseValue><baseValue baseType="integer">7</baseValue><baseValue baseType="integer">8</baseValue></multiple></random></setTemplateValue></templateElseIf></templateCondition><setCorrectResponse identifier="RESPONSE_1409827106394"><customOperator definition="VARIABLESTRING" value="-$(1)"><variable identifier="a" /></customOperator></setCorrectResponse><setCorrectResponse identifier="RESPONSE_1409828896759"><customOperator definition="VARIABLESTRING" value="$(1)"><variable identifier="b" /></customOperator></setCorrectResponse></templateProcessing><itemBody ><p>Vereinfachen Sie den folgenden Ausdruck soweit wie möglich.</p><p>$$\qquad\frac{<printedVariable identifier="ad" />bx-<printedVariable identifier="ac" />ax}{<printedVariable identifier="b" />x(<printedVariable identifier="c" />a-<printedVariable identifier="d" />b)} = \ldots = \frac uv$$</p><p> </p><p>Bitte ergänzen Sie die Lösung so, dass sowohl im Zähler als auch im Nenner <strong>keine Brüche</strong> und <strong>keine Dezimalzahlen</strong> auftauchen!</p><p><strong>Lösung:</strong> \(\qquad u = \)<textEntryInteraction responseIdentifier="RESPONSE_1409827106394" expectedLength="3" class="maxima-formula show-latex" />, \(v =\) <textEntryInteraction responseIdentifier="RESPONSE_1409828896759" expectedLength="3" class="maxima-formula show-latex" /></p><p> </p><p>Beispiel zur Formeleingabe:</p><ul><li>Lösung: \(-\displaystyle\frac{9}{7z^3}\)</li><li>Eingabe: \(u=\) -9, \(v=\)7*z^3 und <span style="text-decoration: underline;">nicht:</span> \(u=\) 9/-7*z^-3, \(v=\) 1</li></ul><p> </p></itemBody><responseProcessing><responseCondition><responseIf><customOperator definition="MAXIMA" value="is(equal(ev($(1)),ev($(2))));"><variable identifier="RESPONSE_1409827106394" /><correct identifier="RESPONSE_1409827106394" /></customOperator><setOutcomeValue identifier="SCORE"><sum><variable identifier="SCORE" /><baseValue baseType="float">0.5</baseValue></sum></setOutcomeValue></responseIf></responseCondition><responseCondition><responseIf><not><isNull><variable identifier="RESPONSE_1409827106394" /></isNull></not><setOutcomeValue identifier="FEEDBACKBASIC"><baseValue baseType="identifier">incorrect</baseValue></setOutcomeValue></responseIf></responseCondition><responseCondition><responseIf><customOperator definition="MAXIMA" value="is(equal(ev($(1)),ev($(2))));"><variable identifier="RESPONSE_1409828896759" /><correct identifier="RESPONSE_1409828896759" /></customOperator><setOutcomeValue identifier="SCORE"><sum><variable identifier="SCORE" /><baseValue baseType="float">0.5</baseValue></sum></setOutcomeValue></responseIf></responseCondition><responseCondition><responseIf><not><isNull><variable identifier="RESPONSE_1409828896759" /></isNull></not><setOutcomeValue identifier="FEEDBACKBASIC"><baseValue baseType="identifier">incorrect</baseValue></setOutcomeValue></responseIf></responseCondition><responseCondition><responseIf><and><not><match><variable identifier="FEEDBACKBASIC" /><baseValue baseType="identifier">empty</baseValue></match></not><equal toleranceMode="exact"><variable identifier="SCORE" /><variable identifier="MAXSCORE" /></equal></and><setOutcomeValue identifier="FEEDBACKBASIC"><baseValue baseType="identifier">correct</baseValue></setOutcomeValue></responseIf></responseCondition><responseCondition><responseIf><and><match><baseValue baseType="identifier">correct</baseValue><variable identifier="FEEDBACKBASIC" /></match></and><setOutcomeValue identifier="FEEDBACKMODAL"><multiple><variable identifier="FEEDBACKMODAL" /><baseValue baseType="identifier">Feedback170381225</baseValue></multiple></setOutcomeValue></responseIf></responseCondition><responseCondition><responseIf><and><match><baseValue baseType="identifier">incorrect</baseValue><variable identifier="FEEDBACKBASIC" /></match></and><setOutcomeValue identifier="FEEDBACKMODAL"><multiple><variable identifier="FEEDBACKMODAL" /><baseValue baseType="identifier">Feedback840918702</baseValue></multiple></setOutcomeValue></responseIf></responseCondition></responseProcessing><modalFeedback  identifier="Feedback170381225" outcomeIdentifier="FEEDBACKMODAL" showHide="show" title="Richtig!"><p>Lösung:</p><p>$$\qquad\qquad\frac{<printedVariable identifier="ad" />bx-<printedVariable identifier="ac" />ax}{<printedVariable identifier="b" />x(<printedVariable identifier="c" />a-<printedVariable identifier="d" />b)} = \frac{<printedVariable identifier="a" />x(<printedVariable identifier="d" />b-<printedVariable identifier="c" />a)}{<printedVariable identifier="b" />x(<printedVariable identifier="c" />a-<printedVariable identifier="d" />b)} = -\frac{<printedVariable identifier="a" />\not{x}(<printedVariable identifier="c" />a-<printedVariable identifier="d" />b)}{<printedVariable identifier="b" />\not{x}(<printedVariable identifier="c" />a-<printedVariable identifier="d" />b)} = -\frac{<printedVariable identifier="a" />}{<printedVariable identifier="b" />}$$</p></modalFeedback><modalFeedback  identifier="Feedback840918702" outcomeIdentifier="FEEDBACKMODAL" showHide="show" title="Leider falsch!"><p>Lösung:</p><p>$$\qquad\qquad\frac{<printedVariable identifier="ad" />bx-<printedVariable identifier="ac" />ax}{<printedVariable identifier="b" />x(<printedVariable identifier="c" />a-<printedVariable identifier="d" />b)} = \frac{<printedVariable identifier="a" />x(<printedVariable identifier="d" />b-<printedVariable identifier="c" />a)}{<printedVariable identifier="b" />x(<printedVariable identifier="c" />a-<printedVariable identifier="d" />b)} = -\frac{<printedVariable identifier="a" />\not{x}(<printedVariable identifier="c" />a-<printedVariable identifier="d" />b)}{<printedVariable identifier="b" />\not{x}(<printedVariable identifier="c" />a-<printedVariable identifier="d" />b)} = -\frac{<printedVariable identifier="a" />}{<printedVariable identifier="b" />}$$</p></modalFeedback></assessmentItem>
