<?xml version="1.0" encoding="UTF-8"?>
<assessmentItem xmlns="http://www.imsglobal.org/xsd/imsqti_v2p1" xmlns:xsi="http://www.w3.org/2001/XMLSchema-instance" xsi:schemaLocation="http://www.imsglobal.org/xsd/imsqti_v2p1 imsqti_v2p1.xsd" identifier="id3380d7b6-0549-44c9-9284-618715d61493" title="15. Grundlagen Projektmanagement" adaptive="false" timeDependent="false"><responseDeclaration identifier="RESPONSE_1" cardinality="multiple" baseType="identifier"><correctResponse><value>id8a24a36c-a036-4ca9-b9d6-3d8c0b58e2ce</value></correctResponse><mapping defaultValue="0" lowerBound="0.0"><mapEntry mapKey="idbe9f8568-94b4-406a-ab10-a62ad76a22a8" mappedValue="-1.0" /><mapEntry mapKey="id8a24a36c-a036-4ca9-b9d6-3d8c0b58e2ce" mappedValue="1.0" /><mapEntry mapKey="id26136164-2335-4f29-b1f2-971a3e488dec" mappedValue="-1.0" /></mapping></responseDeclaration><outcomeDeclaration identifier="SCORE" cardinality="single" baseType="float"><defaultValue><value>0</value></defaultValue></outcomeDeclaration><outcomeDeclaration identifier="MAXSCORE" cardinality="single" baseType="float"><defaultValue><value>1</value></defaultValue></outcomeDeclaration><outcomeDeclaration identifier="FEEDBACKBASIC" cardinality="single" baseType="identifier" view="testConstructor"><defaultValue><value>empty</value></defaultValue></outcomeDeclaration><itemBody><p xmlns=""><strong>Für welche der beschriebenen Prozeß-Charakteristika ist „das Projekt“ die geeignete Organisationsform? </strong></p><p xmlns="">(Kreuzen Sie die richtige(n) Antwort(en) an)</p><p xmlns=""> </p><p xmlns=""><strong>Antwort:</strong></p><choiceInteraction responseIdentifier="RESPONSE_1" shuffle="false" maxChoices="0"><simpleChoice identifier="idbe9f8568-94b4-406a-ab10-a62ad76a22a8"><p xmlns="">Ein Prozess mit geringer Komplexität / mit sich wiederholender Durchführung / der kurz- bis  mittelfristig ausgelegt ist.</p></simpleChoice><simpleChoice identifier="id8a24a36c-a036-4ca9-b9d6-3d8c0b58e2ce"><p xmlns="">Ein Prozess mit mittlerer oder hoher Komplexität / mit einmaliger Durchführung / der kurz- bis  mittelfristig ausgelegt ist.</p></simpleChoice><simpleChoice identifier="id26136164-2335-4f29-b1f2-971a3e488dec"><p xmlns="">Ein Prozess mit hoher Komplexität / mit einmaliger Durchführung / der langfristig ausgelegt ist.</p></simpleChoice></choiceInteraction></itemBody><responseProcessing><responseCondition><responseIf><not><isNull><variable identifier="RESPONSE_1" /></isNull></not><setOutcomeValue identifier="SCORE"><sum><variable identifier="SCORE" /><mapResponse identifier="RESPONSE_1" /></sum></setOutcomeValue><setOutcomeValue identifier="FEEDBACKBASIC"><baseValue baseType="identifier">incorrect</baseValue></setOutcomeValue></responseIf></responseCondition><responseCondition><responseIf><and><not><match><variable identifier="FEEDBACKBASIC" /><baseValue baseType="identifier">empty</baseValue></match></not><equal toleranceMode="exact"><variable identifier="SCORE" /><variable identifier="MAXSCORE" /></equal></and><setOutcomeValue identifier="FEEDBACKBASIC"><baseValue baseType="identifier">correct</baseValue></setOutcomeValue></responseIf></responseCondition></responseProcessing></assessmentItem>
