<?xml version="1.0" encoding="UTF-8"?>
<assessmentItem xmlns="http://www.imsglobal.org/xsd/imsqti_v2p1" xmlns:xsi="http://www.w3.org/2001/XMLSchema-instance" xsi:schemaLocation="http://www.imsglobal.org/xsd/imsqti_v2p1 http://www.imsglobal.org/xsd/qti/qtiv2p1/imsqti_v2p1p1.xsd http://www.w3.org/1998/Math/MathML http://www.w3.org/Math/XMLSchema/mathml2/mathml2.xsd" identifier="id108c698c-5692-4812-af0b-dd9d4aa837b2" title="Logische Negation" adaptive="false" timeDependent="false"><responseDeclaration identifier="RESPONSE_1" cardinality="single" baseType="identifier"><correctResponse><value>id738b3f1f-955b-4b4c-929c-42791879e7ca</value></correctResponse></responseDeclaration><outcomeDeclaration identifier="SCORE" cardinality="single" baseType="float"><defaultValue><value>0</value></defaultValue></outcomeDeclaration><outcomeDeclaration identifier="MAXSCORE" cardinality="single" baseType="float"><defaultValue><value>1</value></defaultValue></outcomeDeclaration><outcomeDeclaration identifier="FEEDBACKBASIC" cardinality="single" baseType="identifier"><defaultValue><value>empty</value></defaultValue></outcomeDeclaration><itemBody ><p>Welche der folgenden Aussagen ist die logische Negation der Aussage "Jede Call-Option ist ein derivatves Finanzprodukt."?</p><choiceInteraction responseIdentifier="RESPONSE_1" shuffle="true" maxChoices="1"><simpleChoice identifier="id738b3f1f-955b-4b4c-929c-42791879e7ca"><p>Es gibt Call-Optionen, die kein derivatives Finanzprodukt sind.</p></simpleChoice><simpleChoice identifier="id0b9381c2-09e6-4f08-b51e-76d853c3a68e"><p>Keine Call-Option ist ein derivatives Finanzprodukt.</p></simpleChoice><simpleChoice identifier="id50bce257-5652-40a9-a2e0-3128d05e9590"><p>Es gibt mindestens ein derivatives Finanzprodukt ist keine Call-Option.</p></simpleChoice><simpleChoice identifier="id7b61cb62-2dc9-468e-ae72-4389a5281965"><p>Kein derivatives Finanzprodukt ist eine Call-Option.</p></simpleChoice></choiceInteraction></itemBody><responseProcessing><responseCondition><responseIf><isNull><variable identifier="RESPONSE_1" /></isNull><setOutcomeValue identifier="FEEDBACKBASIC"><baseValue baseType="identifier">empty</baseValue></setOutcomeValue></responseIf><responseElseIf><match><variable identifier="RESPONSE_1" /><correct identifier="RESPONSE_1" /></match><setOutcomeValue identifier="SCORE"><sum><variable identifier="SCORE" /><variable identifier="MAXSCORE" /></sum></setOutcomeValue><setOutcomeValue identifier="FEEDBACKBASIC"><baseValue baseType="identifier">correct</baseValue></setOutcomeValue></responseElseIf><responseElse><setOutcomeValue identifier="FEEDBACKBASIC"><baseValue baseType="identifier">incorrect</baseValue></setOutcomeValue></responseElse></responseCondition></responseProcessing></assessmentItem>
