<?xml version="1.0" encoding="UTF-8"?>
<assessmentItem xmlns="http://www.imsglobal.org/xsd/imsqti_v2p1" xmlns:xsi="http://www.w3.org/2001/XMLSchema-instance" xsi:schemaLocation="http://www.imsglobal.org/xsd/imsqti_v2p1 http://www.imsglobal.org/xsd/qti/qtiv2p1/imsqti_v2p1p1.xsd http://www.w3.org/1998/Math/MathML http://www.w3.org/Math/XMLSchema/mathml2/mathml2.xsd" identifier="id69c997f0-9587-4734-8780-f0f1907d9bd6" title="Taylor" adaptive="false" timeDependent="false"><responseDeclaration identifier="RESPONSE_1418052554791" cardinality="single" baseType="float"><correctResponse><value>0</value></correctResponse></responseDeclaration><outcomeDeclaration identifier="SCORE" cardinality="single" baseType="float"><defaultValue><value>0</value></defaultValue></outcomeDeclaration><outcomeDeclaration identifier="MAXSCORE" cardinality="single" baseType="float"><defaultValue><value>2</value></defaultValue></outcomeDeclaration><outcomeDeclaration identifier="FEEDBACKBASIC" cardinality="single" baseType="identifier" view="testConstructor"><defaultValue><value>empty</value></defaultValue></outcomeDeclaration><templateDeclaration identifier="a" cardinality="single" baseType="integer" /><templateDeclaration identifier="b" cardinality="single" baseType="integer" /><templateDeclaration identifier="k0" cardinality="single" baseType="integer" /><templateDeclaration identifier="k1" cardinality="single" baseType="integer" /><templateDeclaration identifier="k2" cardinality="single" baseType="integer" /><templateDeclaration identifier="k3" cardinality="single" baseType="integer" /><templateDeclaration identifier="k4" cardinality="single" baseType="integer" /><templateProcessing><setTemplateValue identifier="a"><random><multiple><baseValue baseType="integer">6</baseValue><baseValue baseType="integer">12</baseValue><baseValue baseType="integer">18</baseValue><baseValue baseType="integer">24</baseValue></multiple></random></setTemplateValue><setTemplateValue identifier="b"><randomInteger min="1" max="9" /></setTemplateValue><setTemplateValue identifier="k0"><customOperator definition="MAXIMA" value="float(1-($(1)));"><variable identifier="b" /></customOperator></setTemplateValue><setTemplateValue identifier="k1"><customOperator definition="MAXIMA" value="float($(1));"><variable identifier="a" /></customOperator></setTemplateValue><setTemplateValue identifier="k2"><customOperator definition="MAXIMA" value="float(($(1))^2/2);"><variable identifier="a" /></customOperator></setTemplateValue><setTemplateValue identifier="k3"><customOperator definition="MAXIMA" value="float(($(1))^3/6);"><variable identifier="a" /></customOperator></setTemplateValue><setTemplateValue identifier="k4"><customOperator definition="MAXIMA" value="float(($(1))^4/24);"><variable identifier="a" /></customOperator></setTemplateValue><setCorrectResponse identifier="RESPONSE_1418052554791"><variable identifier="k4" /></setCorrectResponse></templateProcessing><itemBody ><p><p>Ergänzen Sie den fehlenden Koeffizienten im Taylorpolynom 4. Grades der Funktion</p><p>$$f(x=e^{<printedVariable identifier="a" />x}-<printedVariable identifier="b" />$$</p><p>im Entwicklungspunkt $$x_0=0$$.</p><p> </p><p>$$P_4(x)=<printedVariable identifier="k0" />+<printedVariable identifier="k1" />x+<printedVariable identifier="k2" />x^2+<printedVariable identifier="k3" />x^3+$$<textEntryInteraction responseIdentifier="RESPONSE_1418052554791" expectedLength="4" />$$x^4$$.</p></p></itemBody><responseProcessing><responseCondition><responseIf><equal toleranceMode="exact"><variable identifier="RESPONSE_1418052554791" /><correct identifier="RESPONSE_1418052554791" /></equal><setOutcomeValue identifier="SCORE"><sum><variable identifier="SCORE" /><baseValue baseType="float">2</baseValue></sum></setOutcomeValue></responseIf></responseCondition><responseCondition><responseIf><not><isNull><variable identifier="RESPONSE_1418052554791" /></isNull></not><setOutcomeValue identifier="FEEDBACKBASIC"><baseValue baseType="identifier">incorrect</baseValue></setOutcomeValue></responseIf></responseCondition><responseCondition><responseIf><and><not><match><variable identifier="FEEDBACKBASIC" /><baseValue baseType="identifier">empty</baseValue></match></not><equal toleranceMode="exact"><variable identifier="SCORE" /><variable identifier="MAXSCORE" /></equal></and><setOutcomeValue identifier="FEEDBACKBASIC"><baseValue baseType="identifier">correct</baseValue></setOutcomeValue></responseIf></responseCondition></responseProcessing></assessmentItem>
