<?xml version="1.0" encoding="UTF-8"?>
<assessmentItem xmlns="http://www.imsglobal.org/xsd/imsqti_v2p1" xmlns:xsi="http://www.w3.org/2001/XMLSchema-instance" xsi:schemaLocation="http://www.imsglobal.org/xsd/imsqti_v2p1 http://www.imsglobal.org/xsd/qti/qtiv2p1/imsqti_v2p1p1.xsd http://www.w3.org/1998/Math/MathML http://www.w3.org/Math/XMLSchema/mathml2/mathml2.xsd" identifier="ide9239082-1664-4505-9208-cf6d91295b00" title="ExpSinCosRelationships" adaptive="false" timeDependent="false"><responseDeclaration identifier="RESPONSE_1" cardinality="multiple" baseType="identifier"><correctResponse><value>id50b1a507-651d-4e81-9baa-26f361c2d9bb</value><value>idce9dcbe2-d011-45ab-8402-1946de8ce097</value><value>idf0d22b4e-170d-495e-9a90-e146a9ae4a8f</value></correctResponse></responseDeclaration><outcomeDeclaration identifier="SCORE" cardinality="single" baseType="float"><defaultValue><value>0</value></defaultValue></outcomeDeclaration><outcomeDeclaration identifier="MAXSCORE" cardinality="single" baseType="float"><defaultValue><value>3</value></defaultValue></outcomeDeclaration><outcomeDeclaration identifier="FEEDBACKBASIC" cardinality="single" baseType="identifier"><defaultValue><value>empty</value></defaultValue></outcomeDeclaration><outcomeDeclaration identifier="FEEDBACKMODAL" cardinality="multiple" baseType="identifier" view="testConstructor" /><itemBody ><p>Which of the following Formulas hold for all complex numbers z ? You get for each right answer one point but for each wrong answer a point is taken.</p><choiceInteraction responseIdentifier="RESPONSE_1" shuffle="true" maxChoices="0"><simpleChoice identifier="id3b997953-3391-41e3-ab3f-1a8cba7efb74"><p>$$ \sin(z) = \frac{e^{ i \dot z}-e^{-i\cdot z}}{2} $$</p></simpleChoice><simpleChoice identifier="id50b1a507-651d-4e81-9baa-26f361c2d9bb"><p>$$ \sin(z) = \frac{e^{ i \dot z}-e^{-i\cdot z}}{2\cdot i} $$</p></simpleChoice><simpleChoice identifier="id013a2a98-c064-45f5-ae66-11a892659b71"><p>$$e^{z} = \cos( i\cdot z) - \sin(i \cdot z) $$</p></simpleChoice><simpleChoice identifier="id14946465-1a02-47e1-a063-e48b3d54f576"><p>$$ \sin(z) = \frac{e^{ z}-e^{- z}}{2\cdot i} $$</p></simpleChoice><simpleChoice identifier="idce9dcbe2-d011-45ab-8402-1946de8ce097"><p>$$e^{i \cdot z} = \cos( z) + i \cdot \sin( z) $$</p></simpleChoice><simpleChoice identifier="idccbb5dc6-82bf-497b-a7f5-ef4f36796a0e"><p>$$e^{i \cdot z} = \cos( z) - i \cdot \sin( z) $$</p></simpleChoice><simpleChoice identifier="idf0d22b4e-170d-495e-9a90-e146a9ae4a8f"><p>$$e^{z} = \cos( i\cdot z) - i \cdot \sin(i \cdot z) $$</p></simpleChoice><simpleChoice identifier="id7a6a49b5-55a4-4f05-a925-c2f0c0047251"><p>$$ \sin(z) = \frac{e^{ i \dot z} + e^{-i\cdot z}}{2\cdot i} $$</p></simpleChoice></choiceInteraction></itemBody><responseProcessing><responseCondition><responseIf><isNull><variable identifier="RESPONSE_1" /></isNull><setOutcomeValue identifier="FEEDBACKBASIC"><baseValue baseType="identifier">empty</baseValue></setOutcomeValue></responseIf><responseElseIf><match><variable identifier="RESPONSE_1" /><correct identifier="RESPONSE_1" /></match><setOutcomeValue identifier="SCORE"><sum><variable identifier="SCORE" /><variable identifier="MAXSCORE" /></sum></setOutcomeValue><setOutcomeValue identifier="FEEDBACKBASIC"><baseValue baseType="identifier">correct</baseValue></setOutcomeValue></responseElseIf><responseElse><setOutcomeValue identifier="FEEDBACKBASIC"><baseValue baseType="identifier">incorrect</baseValue></setOutcomeValue></responseElse></responseCondition><responseCondition><responseIf><and><match><baseValue baseType="identifier">incorrect</baseValue><variable identifier="FEEDBACKBASIC" /></match></and><setOutcomeValue identifier="FEEDBACKMODAL"><multiple><variable identifier="FEEDBACKMODAL" /><baseValue baseType="identifier">Feedback107533341</baseValue></multiple></setOutcomeValue></responseIf></responseCondition></responseProcessing><modalFeedback  identifier="Feedback107533341" outcomeIdentifier="FEEDBACKMODAL" showHide="show"><p>Out of a known equation, lets say g(z) = f(z), you get new valid equations by substituting z, e.g.</p><p>g(i z) = f(i z) then also must hold or whatever you choose to substitute for z.</p><p> </p></modalFeedback></assessmentItem>
