<?xml version="1.0" encoding="UTF-8"?>
<assessmentItem xmlns="http://www.imsglobal.org/xsd/imsqti_v2p1" xmlns:xsi="http://www.w3.org/2001/XMLSchema-instance" xsi:schemaLocation="http://www.imsglobal.org/xsd/imsqti_v2p1 http://www.imsglobal.org/xsd/qti/qtiv2p1/imsqti_v2p1p1.xsd http://www.w3.org/1998/Math/MathML http://www.w3.org/Math/XMLSchema/mathml2/mathml2.xsd" identifier="ide636375d-1395-4933-955b-e48437258b75" title="ableitung_sinh x/cosh x" adaptive="false" timeDependent="false"><responseDeclaration identifier="RESPONSE_1408953932381" cardinality="single" baseType="string" /><responseDeclaration identifier="RESPONSE_1408954312123" cardinality="single" baseType="string" /><outcomeDeclaration identifier="SCORE" cardinality="single" baseType="float"><defaultValue><value>0</value></defaultValue></outcomeDeclaration><outcomeDeclaration identifier="MAXSCORE" cardinality="single" baseType="float"><defaultValue><value>2</value></defaultValue></outcomeDeclaration><outcomeDeclaration identifier="FEEDBACKBASIC" cardinality="single" baseType="identifier" view="testConstructor"><defaultValue><value>empty</value></defaultValue></outcomeDeclaration><outcomeDeclaration identifier="FEEDBACKMODAL" cardinality="multiple" baseType="identifier" view="testConstructor" /><templateProcessing><setCorrectResponse identifier="RESPONSE_1408953932381"><customOperator definition="VARIABLESTRING" value="" /></setCorrectResponse><setCorrectResponse identifier="RESPONSE_1408954312123"><customOperator definition="VARIABLESTRING" value="" /></setCorrectResponse></templateProcessing><itemBody ><p>Geben Sie die Ableitung der Funktionen $$f(x)=\sinh x$$ und $$g(x) = \cosh x$$ an!</p><p><strong>Hinweis:</strong> $$\quad\sinh x = \frac{\mathrm e^x - \mathrm e^{-x}}{2},   \cosh x = \frac{\mathrm e^x + \mathrm e^{-x}}{2}$$</p><p><strong>Ergebnis:</strong></p><p>$$\qquad\qquad f'(x)=$$ <textEntryInteraction responseIdentifier="RESPONSE_1408953932381" class="maxima-formula show-latex" /> $$\qquad g'(x) = $$<textEntryInteraction responseIdentifier="RESPONSE_1408954312123" class="maxima-formula show-latex" /></p><p> </p><p>Hinweise zur Formeleingabe:</p><ul><li>$$\cosh(x)=$$ cosh(x), $$\sinh(x)=$$ sinh(x)</li><li>$$x^y=$$ x^y, z.B. $$x^3=$$ x^3</li><li>Durch Klicken auf die "<strong>?</strong>"-Schaltfläche können Sie Ihre Formel zunächst überprüfen!</li></ul></itemBody><responseProcessing><responseCondition><responseIf><customOperator definition="MAXIMA" value="is(equal(exponentialize($(1)),exponentialize(cosh(x)))) or is(equal(ratexpand($(1)), ev((e^x+e^(-x))/2)));"><variable identifier="RESPONSE_1408953932381" /><correct identifier="RESPONSE_1408953932381" /></customOperator><setOutcomeValue identifier="SCORE"><sum><variable identifier="SCORE" /><baseValue baseType="float">1</baseValue></sum></setOutcomeValue></responseIf></responseCondition><responseCondition><responseIf><not><isNull><variable identifier="RESPONSE_1408953932381" /></isNull></not><setOutcomeValue identifier="FEEDBACKBASIC"><baseValue baseType="identifier">incorrect</baseValue></setOutcomeValue></responseIf></responseCondition><responseCondition><responseIf><customOperator definition="MAXIMA" value="is(equal(exponentialize($(1)),exponentialize(sinh(x)))) or is(equal(ratexpand($(1)), ev((e^x-e^(-x))/2)));"><variable identifier="RESPONSE_1408954312123" /><correct identifier="RESPONSE_1408954312123" /></customOperator><setOutcomeValue identifier="SCORE"><sum><variable identifier="SCORE" /><baseValue baseType="float">1</baseValue></sum></setOutcomeValue></responseIf></responseCondition><responseCondition><responseIf><not><isNull><variable identifier="RESPONSE_1408954312123" /></isNull></not><setOutcomeValue identifier="FEEDBACKBASIC"><baseValue baseType="identifier">incorrect</baseValue></setOutcomeValue></responseIf></responseCondition><responseCondition><responseIf><and><not><match><variable identifier="FEEDBACKBASIC" /><baseValue baseType="identifier">empty</baseValue></match></not><equal toleranceMode="exact"><variable identifier="SCORE" /><variable identifier="MAXSCORE" /></equal></and><setOutcomeValue identifier="FEEDBACKBASIC"><baseValue baseType="identifier">correct</baseValue></setOutcomeValue></responseIf></responseCondition><responseCondition><responseIf><and><match><baseValue baseType="identifier">correct</baseValue><variable identifier="FEEDBACKBASIC" /></match></and><setOutcomeValue identifier="FEEDBACKMODAL"><multiple><variable identifier="FEEDBACKMODAL" /><baseValue baseType="identifier">Feedback896270886</baseValue></multiple></setOutcomeValue></responseIf></responseCondition><responseCondition><responseIf><and><match><baseValue baseType="identifier">incorrect</baseValue><variable identifier="FEEDBACKBASIC" /></match></and><setOutcomeValue identifier="FEEDBACKMODAL"><multiple><variable identifier="FEEDBACKMODAL" /><baseValue baseType="identifier">Feedback1948148319</baseValue></multiple></setOutcomeValue></responseIf></responseCondition></responseProcessing><modalFeedback  identifier="Feedback896270886" outcomeIdentifier="FEEDBACKMODAL" showHide="show" title="Richtig!" /><modalFeedback  identifier="Feedback1948148319" outcomeIdentifier="FEEDBACKMODAL" showHide="show" title="Lösung:"><p>$$\qquad\qquad f'(x) = \Big(\frac{\mathrm e^x - \mathrm e^{-x}}{2}\Big)' = \frac{\mathrm e^x + \mathrm e^{-x}}{2} = \cosh x$$</p><p> </p><p>$$\qquad\qquad g'(x) = \Big(\frac{\mathrm e^x + \mathrm e^{-x}}{2}\Big)' = \frac{\mathrm e^x - \mathrm e^{-x}}{2} = \sinh x$$</p></modalFeedback></assessmentItem>
