<?xml version="1.0" encoding="UTF-8"?>
<assessmentItem xmlns="http://www.imsglobal.org/xsd/imsqti_v2p1" xmlns:xsi="http://www.w3.org/2001/XMLSchema-instance" xsi:schemaLocation="http://www.imsglobal.org/xsd/imsqti_v2p1 http://www.imsglobal.org/xsd/qti/qtiv2p1/imsqti_v2p1p1.xsd http://www.w3.org/1998/Math/MathML http://www.w3.org/Math/XMLSchema/mathml2/mathml2.xsd" identifier="id1203a61c-7a06-4b05-a9cf-cb086f794fa6" title="betrag_vektor_02" adaptive="false" timeDependent="false"><responseDeclaration identifier="RESPONSE_1416487878497" cardinality="single" baseType="string" /><outcomeDeclaration identifier="SCORE" cardinality="single" baseType="float"><defaultValue><value>0</value></defaultValue></outcomeDeclaration><outcomeDeclaration identifier="MAXSCORE" cardinality="single" baseType="float"><defaultValue><value>1</value></defaultValue></outcomeDeclaration><outcomeDeclaration identifier="FEEDBACKBASIC" cardinality="single" baseType="identifier" view="testConstructor"><defaultValue><value>empty</value></defaultValue></outcomeDeclaration><outcomeDeclaration identifier="FEEDBACKMODAL" cardinality="multiple" baseType="identifier" view="testConstructor" /><templateDeclaration identifier="a" cardinality="single" baseType="integer" /><templateDeclaration identifier="b" cardinality="single" baseType="integer" /><templateDeclaration identifier="c" cardinality="single" baseType="integer" /><templateDeclaration identifier="a2" cardinality="single" baseType="integer" /><templateDeclaration identifier="b2" cardinality="single" baseType="integer" /><templateDeclaration identifier="d" cardinality="single" baseType="integer" /><templateDeclaration identifier="d2" cardinality="single" baseType="integer" /><templateProcessing><setTemplateValue identifier="a"><randomInteger min="1" max="9" /></setTemplateValue><setTemplateValue identifier="b"><randomInteger min="1" max="10" /></setTemplateValue><setTemplateValue identifier="c"><randomInteger min="0" max="4" /></setTemplateValue><templateCondition><templateIf><match><variable identifier="c" /><baseValue baseType="integer">0</baseValue></match><setTemplateValue identifier="a"><random><multiple><baseValue baseType="integer">4</baseValue><baseValue baseType="integer">-4</baseValue></multiple></random></setTemplateValue></templateIf><templateElseIf><match><variable identifier="c" /><baseValue baseType="integer">1</baseValue></match><setTemplateValue identifier="a"><random><multiple><baseValue baseType="integer">2</baseValue><baseValue baseType="integer">-2</baseValue></multiple></random></setTemplateValue></templateElseIf><templateElseIf><match><variable identifier="c" /><baseValue baseType="integer">2</baseValue></match><setTemplateValue identifier="a"><random><multiple><baseValue baseType="integer">3</baseValue><baseValue baseType="integer">-3</baseValue></multiple></random></setTemplateValue></templateElseIf><templateElseIf><match><variable identifier="c" /><baseValue baseType="integer">3</baseValue></match><setTemplateValue identifier="a"><random><multiple><baseValue baseType="integer">2</baseValue><baseValue baseType="integer">-2</baseValue></multiple></random></setTemplateValue></templateElseIf><templateElseIf><match><variable identifier="c" /><baseValue baseType="integer">4</baseValue></match><setTemplateValue identifier="a"><random><multiple><baseValue baseType="integer">4</baseValue><baseValue baseType="integer">-4</baseValue></multiple></random></setTemplateValue></templateElseIf></templateCondition><templateCondition><templateIf><match><variable identifier="c" /><baseValue baseType="integer">0</baseValue></match><setTemplateValue identifier="b"><random><multiple><baseValue baseType="integer">3</baseValue><baseValue baseType="integer">-3</baseValue></multiple></random></setTemplateValue></templateIf><templateElseIf><match><variable identifier="c" /><baseValue baseType="integer">1</baseValue></match><setTemplateValue identifier="b"><random><multiple><baseValue baseType="integer">2</baseValue><baseValue baseType="integer">-2</baseValue></multiple></random></setTemplateValue></templateElseIf><templateElseIf><match><variable identifier="c" /><baseValue baseType="integer">2</baseValue></match><setTemplateValue identifier="b"><random><multiple><baseValue baseType="integer">6</baseValue><baseValue baseType="integer">-6</baseValue></multiple></random></setTemplateValue></templateElseIf><templateElseIf><match><variable identifier="c" /><baseValue baseType="integer">3</baseValue></match><setTemplateValue identifier="b"><random><multiple><baseValue baseType="integer">6</baseValue><baseValue baseType="integer">-6</baseValue></multiple></random></setTemplateValue></templateElseIf><templateElseIf><match><variable identifier="c" /><baseValue baseType="integer">4</baseValue></match><setTemplateValue identifier="b"><random><multiple><baseValue baseType="integer">2</baseValue><baseValue baseType="integer">-2</baseValue></multiple></random></setTemplateValue></templateElseIf></templateCondition><setTemplateValue identifier="a2"><customOperator definition="MAXIMA" value="float(($(1))^2);"><variable identifier="a" /></customOperator></setTemplateValue><setTemplateValue identifier="b2"><customOperator definition="MAXIMA" value="float(($(1))^2);"><variable identifier="b" /></customOperator></setTemplateValue><setTemplateValue identifier="d"><customOperator definition="MAXIMA" value="float(sqrt($(1)+$(2)+$(3)^2));"><variable identifier="a2" /><variable identifier="b2" /><variable identifier="c" /></customOperator></setTemplateValue><setTemplateValue identifier="d2"><customOperator definition="MAXIMA" value="float($(1)^2);"><variable identifier="d" /></customOperator></setTemplateValue><setCorrectResponse identifier="RESPONSE_1416487878497"><customOperator definition="VARIABLESTRING" value="$(1), -$(1)"><variable identifier="c" /></customOperator></setCorrectResponse></templateProcessing><itemBody ><p>Es sei \(\vec v := \begin{pmatrix} <printedVariable identifier="a" /> \\ <printedVariable identifier="b" /> \\ z\end{pmatrix}\).</p><p>Für welche Zahlen \(z\) gilt \(\left|\vec v\right| = <printedVariable identifier="d" />\)?</p><p><strong>Lösung:</strong> \( z \in\{\)<textEntryInteraction responseIdentifier="RESPONSE_1416487878497" expectedLength="4" />\(\}\)</p><p><strong>Hinweis:</strong> Geben Sie die Lösungen bitte getrennt durch Kommata ein!</p></itemBody><responseProcessing><responseCondition><responseIf><customOperator definition="MAXIMA" value="is(equal(ev({$(1)}),ev({$(2)})));" caseSensitive="false"><variable identifier="RESPONSE_1416487878497" /><correct identifier="RESPONSE_1416487878497" /></customOperator><setOutcomeValue identifier="SCORE"><sum><variable identifier="SCORE" /><baseValue baseType="float">1</baseValue></sum></setOutcomeValue></responseIf></responseCondition><responseCondition><responseIf><not><isNull><variable identifier="RESPONSE_1416487878497" /></isNull></not><setOutcomeValue identifier="FEEDBACKBASIC"><baseValue baseType="identifier">incorrect</baseValue></setOutcomeValue></responseIf></responseCondition><responseCondition><responseIf><and><not><match><variable identifier="FEEDBACKBASIC" /><baseValue baseType="identifier">empty</baseValue></match></not><equal toleranceMode="exact"><variable identifier="SCORE" /><variable identifier="MAXSCORE" /></equal></and><setOutcomeValue identifier="FEEDBACKBASIC"><baseValue baseType="identifier">correct</baseValue></setOutcomeValue></responseIf></responseCondition><responseCondition><responseIf><and><match><baseValue baseType="identifier">correct</baseValue><variable identifier="FEEDBACKBASIC" /></match></and><setOutcomeValue identifier="FEEDBACKMODAL"><multiple><variable identifier="FEEDBACKMODAL" /><baseValue baseType="identifier">Feedback400465844</baseValue></multiple></setOutcomeValue></responseIf></responseCondition><responseCondition><responseIf><and><match><baseValue baseType="identifier">incorrect</baseValue><variable identifier="FEEDBACKBASIC" /></match></and><setOutcomeValue identifier="FEEDBACKMODAL"><multiple><variable identifier="FEEDBACKMODAL" /><baseValue baseType="identifier">Feedback761136843</baseValue></multiple></setOutcomeValue></responseIf></responseCondition></responseProcessing><modalFeedback  identifier="Feedback400465844" outcomeIdentifier="FEEDBACKMODAL" showHide="show" title="Richtig!"><p>Es gilt:</p><p>\(\left| \vec v\right| = <printedVariable identifier="d" /> = \sqrt{<printedVariable identifier="d2" />} = \sqrt{<printedVariable identifier="a" />^2+<printedVariable identifier="b" />^2+z^2} \quad \Leftrightarrow \quad <printedVariable identifier="d2" /> - <printedVariable identifier="a2" />-<printedVariable identifier="b2" /> = z^2 \quad \Leftrightarrow \quad z = \pm <printedVariable identifier="c" />\)</p></modalFeedback><modalFeedback  identifier="Feedback761136843" outcomeIdentifier="FEEDBACKMODAL" showHide="show" title="Leider falsch!"><p>Es gilt:</p><p>\(\left| \vec v\right| = <printedVariable identifier="d" /> = \sqrt{<printedVariable identifier="d2" />} = \sqrt{<printedVariable identifier="a" />^2+<printedVariable identifier="b" />^2+z^2} \quad \Leftrightarrow \quad <printedVariable identifier="d2" /> - <printedVariable identifier="a2" />-<printedVariable identifier="b2" /> = z^2 \quad \Leftrightarrow \quad z = \pm <printedVariable identifier="c" />\)</p></modalFeedback></assessmentItem>
