<?xml version="1.0" encoding="UTF-8"?>
<assessmentItem xmlns="http://www.imsglobal.org/xsd/imsqti_v2p1" xmlns:xsi="http://www.w3.org/2001/XMLSchema-instance" xsi:schemaLocation="http://www.imsglobal.org/xsd/imsqti_v2p1 http://www.imsglobal.org/xsd/qti/qtiv2p1/imsqti_v2p1p1.xsd http://www.w3.org/1998/Math/MathML http://www.w3.org/Math/XMLSchema/mathml2/mathml2.xsd" identifier="id28fc1b3f-76f8-45cd-824a-8a2de3945003" title="ungleichung_01" adaptive="false" timeDependent="false"><responseDeclaration identifier="RESPONSE_1409225944472" cardinality="single" baseType="float"><correctResponse><value>0</value></correctResponse></responseDeclaration><responseDeclaration identifier="RESPONSE_1409225984985" cardinality="single" baseType="string" /><outcomeDeclaration identifier="SCORE" cardinality="single" baseType="float"><defaultValue><value>0</value></defaultValue></outcomeDeclaration><outcomeDeclaration identifier="MAXSCORE" cardinality="single" baseType="float"><defaultValue><value>2</value></defaultValue></outcomeDeclaration><outcomeDeclaration identifier="FEEDBACKBASIC" cardinality="single" baseType="identifier" view="testConstructor"><defaultValue><value>empty</value></defaultValue></outcomeDeclaration><outcomeDeclaration identifier="FEEDBACKMODAL" cardinality="multiple" baseType="identifier" view="testConstructor" /><templateDeclaration identifier="sgn_a" cardinality="single" baseType="string" /><templateDeclaration identifier="abs_a" cardinality="single" baseType="integer" /><templateDeclaration identifier="help" cardinality="single" baseType="integer" /><templateDeclaration identifier="relation" cardinality="single" baseType="string" /><templateDeclaration identifier="b" cardinality="single" baseType="integer" /><templateDeclaration identifier="sgn_c" cardinality="single" baseType="string" /><templateDeclaration identifier="abs_c" cardinality="single" baseType="integer" /><templateDeclaration identifier="1-b" cardinality="single" baseType="integer" /><templateDeclaration identifier="c-a" cardinality="single" baseType="integer" /><templateDeclaration identifier="h" cardinality="single" baseType="integer" /><templateDeclaration identifier="s" cardinality="single" baseType="integer" /><templateDeclaration identifier="pm" cardinality="single" baseType="string" /><templateDeclaration identifier="form" cardinality="single" baseType="integer" /><templateDeclaration identifier="z" cardinality="single" baseType="string" /><templateDeclaration identifier="tex1" cardinality="single" baseType="string" /><templateDeclaration identifier="tex2" cardinality="single" baseType="string" /><templateDeclaration identifier="tex3" cardinality="single" baseType="string" /><templateProcessing><setTemplateValue identifier="sgn_a"><random><multiple><baseValue baseType="string">+</baseValue><baseValue baseType="string">-</baseValue></multiple></random></setTemplateValue><setTemplateValue identifier="abs_a"><randomInteger min="1" max="8" /></setTemplateValue><setTemplateValue identifier="help"><random><multiple><baseValue baseType="integer">-1</baseValue><baseValue baseType="integer">1</baseValue></multiple></random></setTemplateValue><setTemplateValue identifier="relation"><random><multiple><baseValue baseType="string">\leq</baseValue><baseValue baseType="string">\geq</baseValue></multiple></random></setTemplateValue><templateCondition><templateIf><match><variable identifier="help" /><baseValue baseType="integer">-1</baseValue></match><setTemplateValue identifier="relation"><random><multiple><baseValue baseType="string">\leq</baseValue></multiple></random></setTemplateValue></templateIf><templateElse><setTemplateValue identifier="relation"><random><multiple><baseValue baseType="string">\geq</baseValue></multiple></random></setTemplateValue></templateElse></templateCondition><setTemplateValue identifier="b"><random><multiple><baseValue baseType="integer">-9</baseValue><baseValue baseType="integer">-8</baseValue><baseValue baseType="integer">-7</baseValue><baseValue baseType="integer">-6</baseValue><baseValue baseType="integer">-5</baseValue><baseValue baseType="integer">-4</baseValue><baseValue baseType="integer">-3</baseValue><baseValue baseType="integer">-2</baseValue><baseValue baseType="integer">2</baseValue><baseValue baseType="integer">3</baseValue><baseValue baseType="integer">4</baseValue><baseValue baseType="integer">5</baseValue><baseValue baseType="integer">6</baseValue><baseValue baseType="integer">7</baseValue><baseValue baseType="integer">8</baseValue></multiple></random></setTemplateValue><setTemplateValue identifier="sgn_c"><random><multiple><baseValue baseType="string">+</baseValue><baseValue baseType="string">-</baseValue></multiple></random></setTemplateValue><setTemplateValue identifier="abs_c"><randomInteger min="1" max="8" /></setTemplateValue><setTemplateValue identifier="1-b"><customOperator definition="MAXIMA" value="float(1-$(1));"><variable identifier="b" /></customOperator></setTemplateValue><setTemplateValue identifier="c-a"><customOperator definition="MAXIMA" value="float($(1)$(2)-$(3)$(4));"><variable identifier="sgn_c" /><variable identifier="abs_c" /><variable identifier="sgn_a" /><variable identifier="abs_a" /></customOperator></setTemplateValue><setTemplateValue identifier="h"><random><multiple><baseValue baseType="integer">1</baseValue><baseValue baseType="integer">2</baseValue></multiple></random></setTemplateValue><templateCondition><templateIf><match><variable identifier="help" /><baseValue baseType="integer">-1</baseValue></match><setTemplateValue identifier="h"><random><multiple><baseValue baseType="integer">1</baseValue></multiple></random></setTemplateValue></templateIf><templateElse><setTemplateValue identifier="h"><random><multiple><baseValue baseType="integer">2</baseValue></multiple></random></setTemplateValue></templateElse></templateCondition><setTemplateValue identifier="s"><random><multiple><baseValue baseType="integer">0</baseValue><baseValue baseType="integer">1</baseValue></multiple></random></setTemplateValue><templateCondition><templateIf><lte><variable identifier="1-b" /><baseValue baseType="integer">0</baseValue></lte><setTemplateValue identifier="s"><random><multiple><baseValue baseType="integer">1</baseValue></multiple></random></setTemplateValue></templateIf><templateElse><setTemplateValue identifier="s"><random><multiple><baseValue baseType="integer">0</baseValue></multiple></random></setTemplateValue></templateElse></templateCondition><setTemplateValue identifier="pm"><random><multiple><baseValue baseType="string">+</baseValue><baseValue baseType="string">-</baseValue></multiple></random></setTemplateValue><templateCondition><templateIf><match><variable identifier="h" /><baseValue baseType="integer">1</baseValue></match><setTemplateValue identifier="pm"><random><multiple><baseValue baseType="string">+</baseValue></multiple></random></setTemplateValue></templateIf><templateElse><setTemplateValue identifier="pm"><random><multiple><baseValue baseType="string">-</baseValue></multiple></random></setTemplateValue></templateElse></templateCondition><setTemplateValue identifier="form"><customOperator definition="MAXIMA" value="float($(1)$(2)$(3));"><variable identifier="h" /><variable identifier="pm" /><variable identifier="s" /></customOperator></setTemplateValue><setTemplateValue identifier="z"><random><multiple><baseValue baseType="string">\leq</baseValue><baseValue baseType="string">\geq</baseValue></multiple></random></setTemplateValue><templateCondition><templateIf><match><variable identifier="form" /><baseValue baseType="integer">1</baseValue></match><setTemplateValue identifier="z"><random><multiple><baseValue baseType="string">\leq</baseValue></multiple></random></setTemplateValue></templateIf><templateElse><setTemplateValue identifier="z"><random><multiple><baseValue baseType="string">\geq</baseValue></multiple></random></setTemplateValue></templateElse></templateCondition><setTemplateValue identifier="tex1"><customOperator definition="MAXIMA" value="tex1($(1) $(2)-$(3) $(4))"><variable identifier="sgn_a" /><variable identifier="abs_a" /><variable identifier="sgn_c" /><variable identifier="abs_c" /></customOperator></setTemplateValue><setTemplateValue identifier="tex2"><customOperator definition="MAXIMA" value="tex1($(1)-1)"><variable identifier="b" /></customOperator></setTemplateValue><setTemplateValue identifier="tex3"><customOperator definition="MAXIMA" value="tex1($(1)/$(2))"><variable identifier="c-a" /><variable identifier="1-b" /></customOperator></setTemplateValue><setCorrectResponse identifier="RESPONSE_1409225984985"><customOperator definition="VARIABLESTRING" value="$(2)/$(1)"><variable identifier="1-b" /><variable identifier="c-a" /></customOperator></setCorrectResponse><setCorrectResponse identifier="RESPONSE_1409225944472"><variable identifier="form" /></setCorrectResponse></templateProcessing><itemBody ><p>Wir betrachten die Ungleichung $$x <printedVariable identifier="sgn_a" /> <printedVariable identifier="abs_a" /> <printedVariable identifier="relation" /> <printedVariable identifier="b" />x <printedVariable identifier="sgn_c" /> <printedVariable identifier="abs_c" />$$.</p><p>Welche Form hat die Lösungsmenge?</p><p><strong>Form 1:</strong> \( \mathcal L = (-\infty, a]\) oder</p><p><strong>Form 2:</strong> \( \mathcal L = [a, \infty)\)</p><p><strong>Lösung:</strong> Die Lösungsmenge ist von der Form<textEntryInteraction responseIdentifier="RESPONSE_1409225944472" expectedLength="3" /> (bitte geben Sie 1 oder 2 ein!). Dabei ist \(a =\)<textEntryInteraction responseIdentifier="RESPONSE_1409225984985" expectedLength="3" />.</p><p> </p><p><strong>Hinweis:  </strong>Geben Sie Brüche bitte wie folgt ein: \[\frac xy =\] <strong>x/y. </strong>Geben Sie bitte <strong>keine Kommazahlen</strong> ein!</p><p>                z.B. \[\tfrac13 =\] <strong>1/3</strong> und <span style="text-decoration: underline;">nicht</span> <strong>0.3333</strong>...!</p></itemBody><responseProcessing><responseCondition><responseIf><equal toleranceMode="exact"><variable identifier="RESPONSE_1409225944472" /><correct identifier="RESPONSE_1409225944472" /></equal><setOutcomeValue identifier="SCORE"><sum><variable identifier="SCORE" /><baseValue baseType="float">1</baseValue></sum></setOutcomeValue></responseIf></responseCondition><responseCondition><responseIf><not><isNull><variable identifier="RESPONSE_1409225944472" /></isNull></not><setOutcomeValue identifier="FEEDBACKBASIC"><baseValue baseType="identifier">incorrect</baseValue></setOutcomeValue></responseIf></responseCondition><responseCondition><responseIf><customOperator definition="MAXIMA" value="is(equal(ev($(1)),ev($(2))));"><variable identifier="RESPONSE_1409225984985" /><correct identifier="RESPONSE_1409225984985" /></customOperator><setOutcomeValue identifier="SCORE"><sum><variable identifier="SCORE" /><baseValue baseType="float">1</baseValue></sum></setOutcomeValue></responseIf></responseCondition><responseCondition><responseIf><not><isNull><variable identifier="RESPONSE_1409225984985" /></isNull></not><setOutcomeValue identifier="FEEDBACKBASIC"><baseValue baseType="identifier">incorrect</baseValue></setOutcomeValue></responseIf></responseCondition><responseCondition><responseIf><and><not><match><variable identifier="FEEDBACKBASIC" /><baseValue baseType="identifier">empty</baseValue></match></not><equal toleranceMode="exact"><variable identifier="SCORE" /><variable identifier="MAXSCORE" /></equal></and><setOutcomeValue identifier="FEEDBACKBASIC"><baseValue baseType="identifier">correct</baseValue></setOutcomeValue></responseIf></responseCondition><responseCondition><responseIf><and><match><baseValue baseType="identifier">correct</baseValue><variable identifier="FEEDBACKBASIC" /></match></and><setOutcomeValue identifier="FEEDBACKMODAL"><multiple><variable identifier="FEEDBACKMODAL" /><baseValue baseType="identifier">Feedback1538611023</baseValue></multiple></setOutcomeValue></responseIf></responseCondition><responseCondition><responseIf><and><match><baseValue baseType="identifier">incorrect</baseValue><variable identifier="FEEDBACKBASIC" /></match></and><setOutcomeValue identifier="FEEDBACKMODAL"><multiple><variable identifier="FEEDBACKMODAL" /><baseValue baseType="identifier">Feedback962943028</baseValue></multiple></setOutcomeValue></responseIf></responseCondition></responseProcessing><modalFeedback  identifier="Feedback1538611023" outcomeIdentifier="FEEDBACKMODAL" showHide="show" title="Richtig!"><p>Lösung:</p><p>$$x <printedVariable identifier="sgn_a" /> <printedVariable identifier="abs_a" /> <printedVariable identifier="relation" /> <printedVariable identifier="b" />x <printedVariable identifier="sgn_c" /> <printedVariable identifier="abs_c" /> \iff <printedVariable identifier="tex1" /> <printedVariable identifier="relation" /> <printedVariable identifier="tex2" />x \iff x <printedVariable identifier="z" /> <printedVariable identifier="tex3" />$$</p><p>d.h. die Lösungsmenge ist von der Form <strong><printedVariable identifier="form" /></strong> mit \(a=<printedVariable identifier="tex3" />\).</p></modalFeedback><modalFeedback  identifier="Feedback962943028" outcomeIdentifier="FEEDBACKMODAL" showHide="show" title="Leider falsch!"><p>Lösung:</p><p>$$x <printedVariable identifier="sgn_a" /> <printedVariable identifier="abs_a" /> <printedVariable identifier="relation" /> <printedVariable identifier="b" />x <printedVariable identifier="sgn_c" /> <printedVariable identifier="abs_c" /> \iff <printedVariable identifier="tex1" /> <printedVariable identifier="relation" /> <printedVariable identifier="tex2" />x \iff x <printedVariable identifier="z" /> <printedVariable identifier="tex3" />$$</p><p>d.h. die Lösungsmenge ist von der Form <strong><printedVariable identifier="form" /></strong> mit \(a=<printedVariable identifier="tex3" />\).</p></modalFeedback></assessmentItem>
