<?xml version="1.0" encoding="UTF-8"?>
<assessmentItem xmlns="http://www.imsglobal.org/xsd/imsqti_v2p1" xmlns:xsi="http://www.w3.org/2001/XMLSchema-instance" xsi:schemaLocation="http://www.imsglobal.org/xsd/imsqti_v2p1 http://www.imsglobal.org/xsd/qti/qtiv2p1/imsqti_v2p1p1.xsd http://www.w3.org/1998/Math/MathML http://www.w3.org/Math/XMLSchema/mathml2/mathml2.xsd" identifier="id69a411b3-600a-40e7-9ea1-f223db324059" title="BedingteWahrscheinlichkeit2" adaptive="false" timeDependent="false"><responseDeclaration identifier="RESPONSE_1400683480985" cardinality="single" baseType="float"><correctResponse><value>0</value></correctResponse></responseDeclaration><responseDeclaration identifier="RESPONSE_1400683550780" cardinality="single" baseType="float"><correctResponse><value>0</value></correctResponse></responseDeclaration><responseDeclaration identifier="RESPONSE_1400683581505" cardinality="single" baseType="float"><correctResponse><value>0</value></correctResponse></responseDeclaration><outcomeDeclaration identifier="SCORE" cardinality="single" baseType="float"><defaultValue><value>0</value></defaultValue></outcomeDeclaration><outcomeDeclaration identifier="MAXSCORE" cardinality="single" baseType="float"><defaultValue><value>6</value></defaultValue></outcomeDeclaration><outcomeDeclaration identifier="FEEDBACKBASIC" cardinality="single" baseType="identifier" view="testConstructor"><defaultValue><value>empty</value></defaultValue></outcomeDeclaration><outcomeDeclaration identifier="FEEDBACKMODAL" cardinality="multiple" baseType="identifier" view="testConstructor" /><templateDeclaration identifier="s1" cardinality="single" baseType="string" /><templateDeclaration identifier="s2" cardinality="single" baseType="float" /><templateDeclaration identifier="f1" cardinality="single" baseType="string" /><templateDeclaration identifier="f2" cardinality="single" baseType="string" /><templateDeclaration identifier="f" cardinality="single" baseType="float" /><templateDeclaration identifier="r" cardinality="single" baseType="float" /><templateDeclaration identifier="p1" cardinality="single" baseType="float" /><templateDeclaration identifier="p2" cardinality="single" baseType="float" /><templateProcessing><setTemplateValue identifier="s1"><random><multiple><baseValue baseType="string">20</baseValue><baseValue baseType="string">30</baseValue><baseValue baseType="string">40</baseValue><baseValue baseType="string">60</baseValue><baseValue baseType="string">70</baseValue><baseValue baseType="string">80</baseValue></multiple></random></setTemplateValue><setTemplateValue identifier="s2"><customOperator definition="MAXIMA" value="float(100-$(1));"><variable identifier="s1" /></customOperator></setTemplateValue><setTemplateValue identifier="f1"><random><multiple><baseValue baseType="string">0.02</baseValue><baseValue baseType="string">0.03</baseValue><baseValue baseType="string">0.04</baseValue></multiple></random></setTemplateValue><setTemplateValue identifier="f2"><random><multiple><baseValue baseType="string">0.05</baseValue><baseValue baseType="string">0.06</baseValue><baseValue baseType="string">0.07</baseValue></multiple></random></setTemplateValue><setTemplateValue identifier="f"><customOperator definition="MAXIMA" value="float(($(1)*$(2)+$(3)*$(4))/100);"><variable identifier="s1" /><variable identifier="f1" /><variable identifier="s2" /><variable identifier="f2" /></customOperator></setTemplateValue><setTemplateValue identifier="r"><customOperator definition="MAXIMA" value="float(1-$(1));"><variable identifier="f" /></customOperator></setTemplateValue><setTemplateValue identifier="p1"><customOperator definition="MAXIMA" value="float($(1)*$(2)/$(3)/100);"><variable identifier="s1" /><variable identifier="f1" /><variable identifier="f" /></customOperator></setTemplateValue><setTemplateValue identifier="p2"><customOperator definition="MAXIMA" value="float($(1)*$(2)/$(3)/100);"><variable identifier="s2" /><variable identifier="f2" /><variable identifier="f" /></customOperator></setTemplateValue><setCorrectResponse identifier="RESPONSE_1400683480985"><variable identifier="p1" /></setCorrectResponse><setCorrectResponse identifier="RESPONSE_1400683550780"><variable identifier="p2" /></setCorrectResponse><setCorrectResponse identifier="RESPONSE_1400683581505"><variable identifier="r" /></setCorrectResponse></templateProcessing><itemBody ><p><p>Die Produktion einer Abteilung wird von zwei Kontrolleuren mit den</p><p style="-qt-block-indent: 0; text-indent: 0px; margin: 0px;">Anteilen <printedVariable identifier="s1" />% bzw. <printedVariable identifier="s2" />% sortiert. Dabei ist für den ersten Kontrolleur</p><p style="-qt-block-indent: 0; text-indent: 0px; margin: 0px;">die Wahrscheinlichkeit, eine Fehlentscheidung zu treffen, gleich <printedVariable identifier="f1" />,</p><p style="-qt-block-indent: 0; text-indent: 0px; margin: 0px;">für den zweiten <printedVariable identifier="f2" /></p><p style="-qt-block-indent: 0; text-indent: 0px; margin: 0px;"> </p><p style="-qt-block-indent: 0; text-indent: 0px; margin: 0px;">a.) Es wird beim Versand ein fehlsortiertes Teil gefunden.</p><p style="-qt-block-indent: 0; text-indent: 0px; margin: 0px;">Mit welcher Wahrscheinlichkeit p1 wurde es</p><p style="-qt-block-indent: 0; text-indent: 0px; margin: 0px;">vom ersten und mit welcher Wahrscheinlichkeit p2 wurde es vom zweiten Kontrolleur sortiert?</p><p style="-qt-block-indent: 0; text-indent: 0px; margin: 0px;"> </p><p style="-qt-block-indent: 0; text-indent: 0px; margin: 0px;">Gib diese Wahrscheinlichkeiten (als Prozentlose Zahlen zwischen 0 und 1) auf 3 Stellen nach dem Komma gerundet an.</p><p style="-qt-block-indent: 0; text-indent: 0px; margin: 0px;"> </p><p style="-qt-block-indent: 0; text-indent: 0px; margin: 0px;">p1 = <textEntryInteraction responseIdentifier="RESPONSE_1400683480985" expectedLength="4" />,  p2 = <textEntryInteraction responseIdentifier="RESPONSE_1400683550780" expectedLength="4" /></p><p style="-qt-block-indent: 0; text-indent: 0px; margin: 0px;"> </p><p style="-qt-block-indent: 0; text-indent: 0px; margin: 0px;">b.) Für  ein zufällig ausgewähltes Teil berechne man</p><p style="-qt-block-indent: 0; text-indent: 0px; margin: 0px;">die Wahrscheinlichkeit W dafür, dass es richtig einsortiert wurde.</p><p>W = <textEntryInteraction responseIdentifier="RESPONSE_1400683581505" expectedLength="4" /></p></p></itemBody><responseProcessing><responseCondition><responseIf><equal toleranceMode="absolute" tolerance="0.001 0.001" includeLowerBound="true" includeUpperBound="true"><variable identifier="RESPONSE_1400683480985" /><correct identifier="RESPONSE_1400683480985" /></equal><setOutcomeValue identifier="SCORE"><sum><variable identifier="SCORE" /><baseValue baseType="float">2</baseValue></sum></setOutcomeValue></responseIf></responseCondition><responseCondition><responseIf><not><isNull><variable identifier="RESPONSE_1400683480985" /></isNull></not><setOutcomeValue identifier="FEEDBACKBASIC"><baseValue baseType="identifier">incorrect</baseValue></setOutcomeValue></responseIf></responseCondition><responseCondition><responseIf><equal toleranceMode="absolute" tolerance="0.001 0.001" includeLowerBound="true" includeUpperBound="true"><variable identifier="RESPONSE_1400683550780" /><correct identifier="RESPONSE_1400683550780" /></equal><setOutcomeValue identifier="SCORE"><sum><variable identifier="SCORE" /><baseValue baseType="float">2</baseValue></sum></setOutcomeValue></responseIf></responseCondition><responseCondition><responseIf><not><isNull><variable identifier="RESPONSE_1400683550780" /></isNull></not><setOutcomeValue identifier="FEEDBACKBASIC"><baseValue baseType="identifier">incorrect</baseValue></setOutcomeValue></responseIf></responseCondition><responseCondition><responseIf><equal toleranceMode="absolute" tolerance="0.001 0.001" includeLowerBound="true" includeUpperBound="true"><variable identifier="RESPONSE_1400683581505" /><correct identifier="RESPONSE_1400683581505" /></equal><setOutcomeValue identifier="SCORE"><sum><variable identifier="SCORE" /><baseValue baseType="float">2</baseValue></sum></setOutcomeValue></responseIf></responseCondition><responseCondition><responseIf><not><isNull><variable identifier="RESPONSE_1400683581505" /></isNull></not><setOutcomeValue identifier="FEEDBACKBASIC"><baseValue baseType="identifier">incorrect</baseValue></setOutcomeValue></responseIf></responseCondition><responseCondition><responseIf><and><not><match><variable identifier="FEEDBACKBASIC" /><baseValue baseType="identifier">empty</baseValue></match></not><equal toleranceMode="exact"><variable identifier="SCORE" /><variable identifier="MAXSCORE" /></equal></and><setOutcomeValue identifier="FEEDBACKBASIC"><baseValue baseType="identifier">correct</baseValue></setOutcomeValue></responseIf></responseCondition><responseCondition><responseIf><and><match><baseValue baseType="identifier">correct</baseValue><variable identifier="FEEDBACKBASIC" /></match></and><setOutcomeValue identifier="FEEDBACKMODAL"><multiple><variable identifier="FEEDBACKMODAL" /><baseValue baseType="identifier">Feedback324210173</baseValue></multiple></setOutcomeValue></responseIf></responseCondition><responseCondition><responseIf><and><match><baseValue baseType="identifier">incorrect</baseValue><variable identifier="FEEDBACKBASIC" /></match></and><setOutcomeValue identifier="FEEDBACKMODAL"><multiple><variable identifier="FEEDBACKMODAL" /><baseValue baseType="identifier">Feedback834365172</baseValue></multiple></setOutcomeValue></responseIf></responseCondition></responseProcessing><modalFeedback  identifier="Feedback324210173" outcomeIdentifier="FEEDBACKMODAL" showHide="show"><p><strong>Ihre Lösungen zur Aufgabe 10.2 sind zu den Eich Lösungen äquivalent. Volle Punkte für diese Aufgabe.</strong></p></modalFeedback><modalFeedback  identifier="Feedback834365172" outcomeIdentifier="FEEDBACKMODAL" showHide="show"><p><strong>Ihre Lösung für mindestens eine der Lücken zu Aufgabe 10.2 war nicht äquivalent zur Eich Lösung. Es gab einen Punkteabzug.</strong></p><p>Lösungsansätze:</p><p>b.) Sei C das Ereignis, dass ein beliebiges Teil fehlsortiert wurde.  Sei A das Ereignis dass ein Teil von Kontrolleur 1 sortiert wurde. Dann ist \(\overline{A}\) das Ereignis dass ein Teil von Kontrolleur 2 sortiert wurde. Dann gilt \( C = (C\cap A) \cup ( C \cap \overline{A}) \) und diese Vereinigung ist disjunkt. Das Ereignis \(C\cap A\) ist dann offenbar das Ereignis, dass ein Teil von Kontrolleur 1 fehlsortiert wurde und die Wahrscheinlichkeit hierfür erhält man durch Multiplikation der Wahrscheinlichkeiten dass ein Teil von  Kontrolleur 1 sortiert wurde mal der Wahrscheinlichkeit das es von ihm fehlsortiert wurde. Analog berechnet man \(P(C \cap \overline{A})\) und damit erhält man die Wahrscheinlichkeit dafür,dass ein beliebiges Teil fehlsortiert wurde. Übergang zum komplementären Ereignis liefert das Ergebnis für b.)</p><p>a.) Zu berechnen für den ersten Teil der Aufgabe ist \( P(A|C) = \frac{P(C\cap A)}{P(C)}\).</p><p>Sowohl Nenner als auch Zähler tauchten schon in der Lösungsskizze zu b.) auf.</p><p>Analog wird der zweite Teil der Aufgabe a.) bearbeitet.</p></modalFeedback></assessmentItem>
