<?xml version="1.0" encoding="UTF-8"?>
<assessmentItem xmlns="http://www.imsglobal.org/xsd/imsqti_v2p1" xmlns:xsi="http://www.w3.org/2001/XMLSchema-instance" xsi:schemaLocation="http://www.imsglobal.org/xsd/imsqti_v2p1 http://www.imsglobal.org/xsd/qti/qtiv2p1/imsqti_v2p1p1.xsd http://www.w3.org/1998/Math/MathML http://www.w3.org/Math/XMLSchema/mathml2/mathml2.xsd" identifier="id63b90021-4f61-4e44-9666-48d862542843" title="holomorphie_stammfkt_ganzefkt_meromorph" adaptive="false" timeDependent="false"><responseDeclaration identifier="RESPONSE_1401802629835" cardinality="single" baseType="string"><correctResponse><value>holomorph</value></correctResponse><mapping defaultValue="0"><mapEntry mapKey="holomorph" mappedValue="1" /></mapping></responseDeclaration><responseDeclaration identifier="RESPONSE_1401802648377" cardinality="single" baseType="string"><correctResponse><value>ganze</value></correctResponse><mapping defaultValue="0"><mapEntry mapKey="ganze" mappedValue="1" /></mapping></responseDeclaration><responseDeclaration identifier="RESPONSE_1401802657335" cardinality="single" baseType="string"><correctResponse><value>beschränkt</value></correctResponse><mapping defaultValue="0"><mapEntry mapKey="beschränkt" mappedValue="1" /><mapEntry mapKey="beschraenkt" mappedValue="1" /></mapping></responseDeclaration><responseDeclaration identifier="RESPONSE_1401802678816" cardinality="single" baseType="string"><correctResponse><value>Polstelle</value></correctResponse><mapping defaultValue="0"><mapEntry mapKey="Polstelle" mappedValue="1" /><mapEntry mapKey="Pol" mappedValue="1" /></mapping></responseDeclaration><outcomeDeclaration identifier="SCORE" cardinality="single" baseType="float"><defaultValue><value>0</value></defaultValue></outcomeDeclaration><outcomeDeclaration identifier="MAXSCORE" cardinality="single" baseType="float"><defaultValue><value>4</value></defaultValue></outcomeDeclaration><outcomeDeclaration identifier="FEEDBACKBASIC" cardinality="single" baseType="identifier" view="testConstructor"><defaultValue><value>empty</value></defaultValue></outcomeDeclaration><itemBody ><p>Ergänzen Sie!</p><p>Eine Stammfunktion ist laut Definition stets <textEntryInteraction responseIdentifier="RESPONSE_1401802629835" />.</p><p>Eine auf der gesamten komplexen Ebene holomorphe Funktion nennt man auch <textEntryInteraction responseIdentifier="RESPONSE_1401802648377" /> Funktion.</p><p>Die konstanten Funktionen sind die einzigen Funktionen, die auf der gesamten komplexen Ebene holomorph und gleichzeitig <textEntryInteraction responseIdentifier="RESPONSE_1401802657335" /> sind.</p><p>Eine Funktion \(f\) heißt meromorph in einem Gebiet, wenn jeder Punkt des Gebietes entweder ein Holomorphiepunkt oder eine <textEntryInteraction responseIdentifier="RESPONSE_1401802678816" /> von \(f\) ist.</p></itemBody><responseProcessing><responseCondition><responseIf><not><isNull><variable identifier="RESPONSE_1401802629835" /></isNull></not><setOutcomeValue identifier="SCORE"><sum><variable identifier="SCORE" /><mapResponse identifier="RESPONSE_1401802629835" /></sum></setOutcomeValue><setOutcomeValue identifier="FEEDBACKBASIC"><baseValue baseType="identifier">incorrect</baseValue></setOutcomeValue></responseIf></responseCondition><responseCondition><responseIf><not><isNull><variable identifier="RESPONSE_1401802648377" /></isNull></not><setOutcomeValue identifier="SCORE"><sum><variable identifier="SCORE" /><mapResponse identifier="RESPONSE_1401802648377" /></sum></setOutcomeValue><setOutcomeValue identifier="FEEDBACKBASIC"><baseValue baseType="identifier">incorrect</baseValue></setOutcomeValue></responseIf></responseCondition><responseCondition><responseIf><not><isNull><variable identifier="RESPONSE_1401802657335" /></isNull></not><setOutcomeValue identifier="SCORE"><sum><variable identifier="SCORE" /><mapResponse identifier="RESPONSE_1401802657335" /></sum></setOutcomeValue><setOutcomeValue identifier="FEEDBACKBASIC"><baseValue baseType="identifier">incorrect</baseValue></setOutcomeValue></responseIf></responseCondition><responseCondition><responseIf><not><isNull><variable identifier="RESPONSE_1401802678816" /></isNull></not><setOutcomeValue identifier="SCORE"><sum><variable identifier="SCORE" /><mapResponse identifier="RESPONSE_1401802678816" /></sum></setOutcomeValue><setOutcomeValue identifier="FEEDBACKBASIC"><baseValue baseType="identifier">incorrect</baseValue></setOutcomeValue></responseIf></responseCondition><responseCondition><responseIf><and><not><match><variable identifier="FEEDBACKBASIC" /><baseValue baseType="identifier">empty</baseValue></match></not><equal toleranceMode="exact"><variable identifier="SCORE" /><variable identifier="MAXSCORE" /></equal></and><setOutcomeValue identifier="FEEDBACKBASIC"><baseValue baseType="identifier">correct</baseValue></setOutcomeValue></responseIf></responseCondition></responseProcessing></assessmentItem>
