<?xml version="1.0" encoding="UTF-8"?>
<assessmentItem xmlns="http://www.imsglobal.org/xsd/imsqti_v2p1" xmlns:xsi="http://www.w3.org/2001/XMLSchema-instance" xsi:schemaLocation="http://www.imsglobal.org/xsd/imsqti_v2p1 http://www.imsglobal.org/xsd/qti/qtiv2p1/imsqti_v2p1p1.xsd http://www.w3.org/1998/Math/MathML http://www.w3.org/Math/XMLSchema/mathml2/mathml2.xsd" identifier="id76aa2cf1-bb38-4e99-8326-1377d381bc14" title="Residuen3" adaptive="false" timeDependent="false"><responseDeclaration identifier="RESPONSE_1417528357725" cardinality="single" baseType="string" /><outcomeDeclaration identifier="SCORE" cardinality="single" baseType="float"><defaultValue><value>0</value></defaultValue></outcomeDeclaration><outcomeDeclaration identifier="MAXSCORE" cardinality="single" baseType="float"><defaultValue><value>3</value></defaultValue></outcomeDeclaration><outcomeDeclaration identifier="FEEDBACKBASIC" cardinality="single" baseType="identifier" view="testConstructor"><defaultValue><value>empty</value></defaultValue></outcomeDeclaration><outcomeDeclaration identifier="FEEDBACKMODAL" cardinality="multiple" baseType="identifier" view="testConstructor" /><templateDeclaration identifier="k" cardinality="single" baseType="integer" /><templateDeclaration identifier="k2" cardinality="single" baseType="integer" /><templateDeclaration identifier="ktest" cardinality="single" baseType="integer" /><templateDeclaration identifier="resz" cardinality="single" baseType="integer" /><templateProcessing><setTemplateValue identifier="k"><randomInteger min="1" max="20" /></setTemplateValue><setTemplateValue identifier="k2"><customOperator definition="MAXIMA" value="float($(1)+3);"><variable identifier="k" /></customOperator></setTemplateValue><setTemplateValue identifier="ktest"><customOperator definition="MAXIMA" value="float(divide($(1),2)[2]);"><variable identifier="k" /></customOperator></setTemplateValue><setTemplateValue identifier="resz"><customOperator definition="MAXIMA" value="float((-1)^($(1)/2)*$(2)*($(3)-1));"><variable identifier="k" /><variable identifier="k2" /><variable identifier="k2" /></customOperator></setTemplateValue><templateCondition><templateIf><match><variable identifier="ktest" /><baseValue baseType="integer">1</baseValue></match><setTemplateValue identifier="resz"><customOperator definition="MAXIMA" value="float(0);" /></setTemplateValue></templateIf></templateCondition><setCorrectResponse identifier="RESPONSE_1417528357725"><customOperator definition="VARIABLESTRING" value="$(1)"><variable identifier="resz" /></customOperator></setCorrectResponse></templateProcessing><itemBody ><p><p>Berechne das Residuum  \( res(f, 0)\) von $$ f(z):= <printedVariable identifier="k2" />!\cdot z^{<printedVariable identifier="k" />}\cdot \sin(\frac{1}{z}) $$:</p><p>\( res(f, 0)\) = <textEntryInteraction responseIdentifier="RESPONSE_1417528357725" expectedLength="7" class="maxima-formula show-latex show-syntax-error" /></p><p>Syntax:</p><p>* für jede Multiplikation</p><p>^ für Potenz</p><p>! for Fakultät</p><p> </p></p></itemBody><responseProcessing><responseCondition><responseIf><customOperator definition="MAXIMA" value="is(equal(ev($(1)),ev($(2))));"><variable identifier="RESPONSE_1417528357725" /><correct identifier="RESPONSE_1417528357725" /></customOperator><setOutcomeValue identifier="SCORE"><sum><variable identifier="SCORE" /><baseValue baseType="float">3</baseValue></sum></setOutcomeValue></responseIf></responseCondition><responseCondition><responseIf><not><isNull><variable identifier="RESPONSE_1417528357725" /></isNull></not><setOutcomeValue identifier="FEEDBACKBASIC"><baseValue baseType="identifier">incorrect</baseValue></setOutcomeValue></responseIf></responseCondition><responseCondition><responseIf><and><not><match><variable identifier="FEEDBACKBASIC" /><baseValue baseType="identifier">empty</baseValue></match></not><equal toleranceMode="exact"><variable identifier="SCORE" /><variable identifier="MAXSCORE" /></equal></and><setOutcomeValue identifier="FEEDBACKBASIC"><baseValue baseType="identifier">correct</baseValue></setOutcomeValue></responseIf></responseCondition><responseCondition><responseIf><and><match><baseValue baseType="identifier">incorrect</baseValue><variable identifier="FEEDBACKBASIC" /></match></and><setOutcomeValue identifier="FEEDBACKMODAL"><multiple><variable identifier="FEEDBACKMODAL" /><baseValue baseType="identifier">Feedback801592621</baseValue></multiple></setOutcomeValue></responseIf></responseCondition></responseProcessing><modalFeedback  identifier="Feedback801592621" outcomeIdentifier="FEEDBACKMODAL" showHide="show"><p>Entwickle in eine Laurent Reihe um 0.</p><p> </p></modalFeedback></assessmentItem>
