<?xml version="1.0" encoding="UTF-8"?>
<assessmentItem xmlns="http://www.imsglobal.org/xsd/imsqti_v2p1" xmlns:xsi="http://www.w3.org/2001/XMLSchema-instance" xsi:schemaLocation="http://www.imsglobal.org/xsd/imsqti_v2p1 http://www.imsglobal.org/xsd/qti/qtiv2p1/imsqti_v2p1p1.xsd http://www.w3.org/1998/Math/MathML http://www.w3.org/Math/XMLSchema/mathml2/mathml2.xsd" identifier="id6bff03fe-457b-4c4b-b146-fb25d5393291" title="differenzierbarkeit_begriff" adaptive="false" timeDependent="false"><responseDeclaration identifier="RESPONSE_1408698737834" cardinality="single" baseType="string"><correctResponse><value>differenzierbar</value></correctResponse><mapping defaultValue="0"><mapEntry mapKey="differenzierbar" mappedValue="0.5" /><mapEntry mapKey="diffbar" mappedValue="0.5" /></mapping></responseDeclaration><responseDeclaration identifier="RESPONSE_1408698969432" cardinality="single" baseType="string"><correctResponse><value>jedem</value></correctResponse><mapping defaultValue="0"><mapEntry mapKey="jedem" mappedValue="0.5" /></mapping></responseDeclaration><responseDeclaration identifier="RESPONSE_1408699082361" cardinality="single" baseType="string"><correctResponse><value>stetig</value></correctResponse><mapping defaultValue="0"><mapEntry mapKey="stetig" mappedValue="0.5" /></mapping></responseDeclaration><responseDeclaration identifier="RESPONSE_1408699460428" cardinality="single" baseType="string"><correctResponse><value>stetig differenzierbar</value></correctResponse><mapping defaultValue="0"><mapEntry mapKey="stetig differenzierbar" mappedValue="0.5" /><mapEntry mapKey="stetig diffbar" mappedValue="0.5" /></mapping></responseDeclaration><outcomeDeclaration identifier="SCORE" cardinality="single" baseType="float"><defaultValue><value>0</value></defaultValue></outcomeDeclaration><outcomeDeclaration identifier="MAXSCORE" cardinality="single" baseType="float"><defaultValue><value>2</value></defaultValue></outcomeDeclaration><outcomeDeclaration identifier="FEEDBACKBASIC" cardinality="single" baseType="identifier" view="testConstructor"><defaultValue><value>empty</value></defaultValue></outcomeDeclaration><outcomeDeclaration identifier="FEEDBACKMODAL" cardinality="multiple" baseType="identifier" view="testConstructor" /><itemBody ><p>Die Funktion \(f\) heißt <textEntryInteraction responseIdentifier="RESPONSE_1408698737834" /> im Punkt \(x_0\), wenn der Grenzwert $$\lim_{x \to x_0} \frac{f(x)-f(x_0)}{x-x_0}$$ existiert.</p><p>\(f\) heißt differenzierbar, wenn sie in <textEntryInteraction responseIdentifier="RESPONSE_1408698969432" /> Punkt differenzierbar ist.</p><p>Ist \(f\) differenzierbar im Punkt \(x_0\), so ist \(f\) dort auch <textEntryInteraction responseIdentifier="RESPONSE_1408699082361" />.</p><p>Ist die Ableitung \(f'\) stetig, so nennt man \(f\) <textEntryInteraction responseIdentifier="RESPONSE_1408699460428" />.</p></itemBody><responseProcessing><responseCondition><responseIf><not><isNull><variable identifier="RESPONSE_1408698737834" /></isNull></not><setOutcomeValue identifier="SCORE"><sum><variable identifier="SCORE" /><mapResponse identifier="RESPONSE_1408698737834" /></sum></setOutcomeValue><setOutcomeValue identifier="FEEDBACKBASIC"><baseValue baseType="identifier">incorrect</baseValue></setOutcomeValue></responseIf></responseCondition><responseCondition><responseIf><not><isNull><variable identifier="RESPONSE_1408698969432" /></isNull></not><setOutcomeValue identifier="SCORE"><sum><variable identifier="SCORE" /><mapResponse identifier="RESPONSE_1408698969432" /></sum></setOutcomeValue><setOutcomeValue identifier="FEEDBACKBASIC"><baseValue baseType="identifier">incorrect</baseValue></setOutcomeValue></responseIf></responseCondition><responseCondition><responseIf><not><isNull><variable identifier="RESPONSE_1408699082361" /></isNull></not><setOutcomeValue identifier="SCORE"><sum><variable identifier="SCORE" /><mapResponse identifier="RESPONSE_1408699082361" /></sum></setOutcomeValue><setOutcomeValue identifier="FEEDBACKBASIC"><baseValue baseType="identifier">incorrect</baseValue></setOutcomeValue></responseIf></responseCondition><responseCondition><responseIf><not><isNull><variable identifier="RESPONSE_1408699460428" /></isNull></not><setOutcomeValue identifier="SCORE"><sum><variable identifier="SCORE" /><mapResponse identifier="RESPONSE_1408699460428" /></sum></setOutcomeValue><setOutcomeValue identifier="FEEDBACKBASIC"><baseValue baseType="identifier">incorrect</baseValue></setOutcomeValue></responseIf></responseCondition><responseCondition><responseIf><and><not><match><variable identifier="FEEDBACKBASIC" /><baseValue baseType="identifier">empty</baseValue></match></not><equal toleranceMode="exact"><variable identifier="SCORE" /><variable identifier="MAXSCORE" /></equal></and><setOutcomeValue identifier="FEEDBACKBASIC"><baseValue baseType="identifier">correct</baseValue></setOutcomeValue></responseIf></responseCondition><responseCondition><responseIf><and><match><baseValue baseType="identifier">correct</baseValue><variable identifier="FEEDBACKBASIC" /></match></and><setOutcomeValue identifier="FEEDBACKMODAL"><multiple><variable identifier="FEEDBACKMODAL" /><baseValue baseType="identifier">Feedback1723320656</baseValue></multiple></setOutcomeValue></responseIf></responseCondition><responseCondition><responseIf><and><match><baseValue baseType="identifier">incorrect</baseValue><variable identifier="FEEDBACKBASIC" /></match></and><setOutcomeValue identifier="FEEDBACKMODAL"><multiple><variable identifier="FEEDBACKMODAL" /><baseValue baseType="identifier">Feedback1331763896</baseValue></multiple></setOutcomeValue></responseIf></responseCondition></responseProcessing><modalFeedback  identifier="Feedback1723320656" outcomeIdentifier="FEEDBACKMODAL" showHide="show" title="Richtig!" /><modalFeedback  identifier="Feedback1331763896" outcomeIdentifier="FEEDBACKMODAL" showHide="show" title="Leider falsch!" /></assessmentItem>
