<?xml version="1.0" encoding="UTF-8"?>
<assessmentItem xmlns="http://www.imsglobal.org/xsd/imsqti_v2p1" xmlns:xsi="http://www.w3.org/2001/XMLSchema-instance" xsi:schemaLocation="http://www.imsglobal.org/xsd/imsqti_v2p1 http://www.imsglobal.org/xsd/qti/qtiv2p1/imsqti_v2p1p1.xsd http://www.w3.org/1998/Math/MathML http://www.w3.org/Math/XMLSchema/mathml2/mathml2.xsd" identifier="id87262be6-08d0-4d4a-802d-3cde573cfb13" title="verkettung_quadrat_wurzel_01" adaptive="false" timeDependent="false"><responseDeclaration identifier="RESPONSE_1" cardinality="single" baseType="identifier"><correctResponse><value>idc5a2f247-9c83-4d21-9fe4-f392cdc483da</value></correctResponse></responseDeclaration><outcomeDeclaration identifier="SCORE" cardinality="single" baseType="float"><defaultValue><value>0</value></defaultValue></outcomeDeclaration><outcomeDeclaration identifier="MAXSCORE" cardinality="single" baseType="float"><defaultValue><value>1</value></defaultValue></outcomeDeclaration><outcomeDeclaration identifier="FEEDBACKBASIC" cardinality="single" baseType="identifier"><defaultValue><value>empty</value></defaultValue></outcomeDeclaration><itemBody ><p>Es seien die Funktionen \(f(x)=x^2\) und \(g(x)=\sqrt x\) gegeben.</p><p>In welcher der folgenden Skizzen ist die Funktion \((g\circ f)(x)\) graphisch dargestellt?</p><choiceInteraction responseIdentifier="RESPONSE_1" shuffle="true" maxChoices="1" orientation="horizontal"><simpleChoice identifier="idc5a2f247-9c83-4d21-9fe4-f392cdc483da"><p><img src="media%2Fmedium7920391483822965570y_gleich_absx.png" alt="" height="300" /></p></simpleChoice><simpleChoice identifier="idf3bdbc9b-0409-4663-9f37-afbe3fd09999"><p><img src="media%2Fmedium3992834054505156408y_gleich_plus_minus_x.png" alt="" height="300" /></p></simpleChoice><simpleChoice identifier="idfb620cb1-5a34-4ad7-bd91-4dfdd2ee2a9f"><p><img src="media%2Fmedium5115171626836123004y_gleich_x.png" alt="" height="300" /></p></simpleChoice><simpleChoice identifier="id998b5da5-79b7-420d-8fa5-6a497b56be95"><p><img src="media%2Fmedium8619807208618859060y_gleich_x_b.png" alt="" height="300" /></p></simpleChoice></choiceInteraction></itemBody><responseProcessing><responseCondition><responseIf><isNull><variable identifier="RESPONSE_1" /></isNull><setOutcomeValue identifier="FEEDBACKBASIC"><baseValue baseType="identifier">empty</baseValue></setOutcomeValue></responseIf><responseElseIf><match><variable identifier="RESPONSE_1" /><correct identifier="RESPONSE_1" /></match><setOutcomeValue identifier="SCORE"><sum><variable identifier="SCORE" /><variable identifier="MAXSCORE" /></sum></setOutcomeValue><setOutcomeValue identifier="FEEDBACKBASIC"><baseValue baseType="identifier">correct</baseValue></setOutcomeValue></responseElseIf><responseElse><setOutcomeValue identifier="FEEDBACKBASIC"><baseValue baseType="identifier">incorrect</baseValue></setOutcomeValue></responseElse></responseCondition></responseProcessing></assessmentItem>
