<?xml version="1.0" encoding="UTF-8"?>
<assessmentItem xmlns="http://www.imsglobal.org/xsd/imsqti_v2p1" xmlns:xsi="http://www.w3.org/2001/XMLSchema-instance" xsi:schemaLocation="http://www.imsglobal.org/xsd/imsqti_v2p1 http://www.imsglobal.org/xsd/qti/qtiv2p1/imsqti_v2p1p1.xsd http://www.w3.org/1998/Math/MathML http://www.w3.org/Math/XMLSchema/mathml2/mathml2.xsd" identifier="ide55f85ee-140c-4655-8b06-6f9dfa283485" title="KomplexeZahlenNachKartKoord." adaptive="false" timeDependent="false"><responseDeclaration identifier="RESPONSE_1406634286956" cardinality="single" baseType="float"><correctResponse><value>0</value></correctResponse></responseDeclaration><responseDeclaration identifier="RESPONSE_1406785150334" cardinality="single" baseType="float"><correctResponse><value>0</value></correctResponse></responseDeclaration><responseDeclaration identifier="RESPONSE_1406634465784" cardinality="single" baseType="float"><correctResponse><value>0</value></correctResponse></responseDeclaration><responseDeclaration identifier="RESPONSE_1406785378302" cardinality="single" baseType="float"><correctResponse><value>0</value></correctResponse></responseDeclaration><responseDeclaration identifier="RESPONSE_1406795410206" cardinality="single" baseType="float"><correctResponse><value>0</value></correctResponse></responseDeclaration><responseDeclaration identifier="RESPONSE_1406795425757" cardinality="single" baseType="float"><correctResponse><value>0</value></correctResponse></responseDeclaration><outcomeDeclaration identifier="SCORE" cardinality="single" baseType="float"><defaultValue><value>0</value></defaultValue></outcomeDeclaration><outcomeDeclaration identifier="MAXSCORE" cardinality="single" baseType="float"><defaultValue><value>6</value></defaultValue></outcomeDeclaration><outcomeDeclaration identifier="FEEDBACKBASIC" cardinality="single" baseType="identifier" view="testConstructor"><defaultValue><value>empty</value></defaultValue></outcomeDeclaration><templateDeclaration identifier="a" cardinality="single" baseType="integer" /><templateDeclaration identifier="b" cardinality="single" baseType="integer" /><templateDeclaration identifier="c" cardinality="single" baseType="integer" /><templateDeclaration identifier="d" cardinality="single" baseType="integer" /><templateDeclaration identifier="e" cardinality="single" baseType="integer" /><templateDeclaration identifier="e1" cardinality="single" baseType="integer" /><templateDeclaration identifier="re1" cardinality="single" baseType="float" /><templateDeclaration identifier="im1" cardinality="single" baseType="float" /><templateDeclaration identifier="re2" cardinality="single" baseType="float" /><templateDeclaration identifier="im2" cardinality="single" baseType="float" /><templateDeclaration identifier="re3" cardinality="single" baseType="float" /><templateDeclaration identifier="im3" cardinality="single" baseType="float" /><templateProcessing><setTemplateValue identifier="a"><randomInteger min="100" max="200" /></setTemplateValue><setTemplateValue identifier="b"><randomInteger min="-3" max="6" /></setTemplateValue><setTemplateValue identifier="c"><randomInteger min="-5" max="3" /></setTemplateValue><setTemplateValue identifier="d"><randomInteger min="-5" max="4" /></setTemplateValue><setTemplateValue identifier="e"><randomInteger min="-4" max="4" /></setTemplateValue><setTemplateValue identifier="e1"><customOperator definition="MAXIMA" value="float(divide($(1),4)[2]);"><variable identifier="a" /></customOperator></setTemplateValue><setTemplateValue identifier="re1"><customOperator definition="MAXIMA" value="float(0);" /></setTemplateValue><templateCondition><templateIf><match><variable identifier="e1" /><baseValue baseType="integer">0</baseValue></match><setTemplateValue identifier="re1"><customOperator definition="MAXIMA" value="float(1);" /></setTemplateValue></templateIf><templateElseIf><match><variable identifier="e1" /><baseValue baseType="integer">2</baseValue></match><setTemplateValue identifier="re1"><customOperator definition="MAXIMA" value="float(-1);" /></setTemplateValue></templateElseIf></templateCondition><setTemplateValue identifier="im1"><customOperator definition="MAXIMA" value="float(0);" /></setTemplateValue><templateCondition><templateIf><match><variable identifier="e1" /><baseValue baseType="integer">1</baseValue></match><setTemplateValue identifier="im1"><customOperator definition="MAXIMA" value="float(1);" /></setTemplateValue></templateIf><templateElseIf><match><variable identifier="e1" /><baseValue baseType="integer">3</baseValue></match><setTemplateValue identifier="im1"><customOperator definition="MAXIMA" value="float(-1);" /></setTemplateValue></templateElseIf></templateCondition><setTemplateValue identifier="re2"><customOperator definition="MAXIMA" value="float($(1)+3*$(2)+($(3))^2-58);"><variable identifier="b" /><variable identifier="d" /><variable identifier="e" /></customOperator></setTemplateValue><setTemplateValue identifier="im2"><customOperator definition="MAXIMA" value="float(10-14*$(1)+$(2)-3*$(3));"><variable identifier="e" /><variable identifier="d" /><variable identifier="c" /></customOperator></setTemplateValue><setTemplateValue identifier="re3"><customOperator definition="MAXIMA" value="float(($(1)*$(2)-$(3))/(($(4))^2+($(5))^2));"><variable identifier="c" /><variable identifier="d" /><variable identifier="b" /><variable identifier="d" /><variable identifier="b" /></customOperator></setTemplateValue><setTemplateValue identifier="im3"><customOperator definition="MAXIMA" value="float(($(1)+$(2)*$(3))/(($(4))^2+($(5))^2));"><variable identifier="d" /><variable identifier="b" /><variable identifier="c" /><variable identifier="d" /><variable identifier="b" /></customOperator></setTemplateValue><setCorrectResponse identifier="RESPONSE_1406634286956"><variable identifier="re1" /></setCorrectResponse><setCorrectResponse identifier="RESPONSE_1406785150334"><variable identifier="im1" /></setCorrectResponse><setCorrectResponse identifier="RESPONSE_1406634465784"><variable identifier="re2" /></setCorrectResponse><setCorrectResponse identifier="RESPONSE_1406785378302"><variable identifier="im2" /></setCorrectResponse><setCorrectResponse identifier="RESPONSE_1406795410206"><variable identifier="re3" /></setCorrectResponse><setCorrectResponse identifier="RESPONSE_1406795425757"><variable identifier="im3" /></setCorrectResponse></templateProcessing><itemBody ><p><p>Berechnen Sie Realteil a und Imaginärteil b der folgenden komplexen Zahlen z, d.h. bestimmen Sie reelle Zahlen a, b so dass gilt <span style="font-size: 10pt;"><strong> z = a + b i</strong></span>. Geben Sie dann a und b in die vorgesehenen Lücken ein:</p><p>a.)  \[ i^{<printedVariable identifier="a" />} \] = <textEntryInteraction responseIdentifier="RESPONSE_1406634286956" /> + <textEntryInteraction responseIdentifier="RESPONSE_1406785150334" /> <span style="font-size: 10pt;"><strong>i</strong>    </span>     </p><p>b.)  \[ <printedVariable identifier="b" /> + i -3 (<printedVariable identifier="c" />i+2 ) + (<printedVariable identifier="d" />+3 i)(3+i) + (<printedVariable identifier="e" />-7i)^2 \] = <textEntryInteraction responseIdentifier="RESPONSE_1406634465784" /> + <textEntryInteraction responseIdentifier="RESPONSE_1406785378302" /><span style="font-size: 10pt;"> <strong>i</strong></span></p><p> </p><p>c.) \[\frac{<printedVariable identifier="c" />+i}{<printedVariable identifier="d" />-<printedVariable identifier="b" />i}\] = <textEntryInteraction responseIdentifier="RESPONSE_1406795410206" /> + <textEntryInteraction responseIdentifier="RESPONSE_1406795425757" /> <span style="font-size: 10pt;"><strong>i</strong></span></p><p> </p></p></itemBody><responseProcessing><responseCondition><responseIf><equal toleranceMode="exact"><variable identifier="RESPONSE_1406634286956" /><correct identifier="RESPONSE_1406634286956" /></equal><setOutcomeValue identifier="SCORE"><sum><variable identifier="SCORE" /><baseValue baseType="float">1</baseValue></sum></setOutcomeValue></responseIf></responseCondition><responseCondition><responseIf><not><isNull><variable identifier="RESPONSE_1406634286956" /></isNull></not><setOutcomeValue identifier="FEEDBACKBASIC"><baseValue baseType="identifier">incorrect</baseValue></setOutcomeValue></responseIf></responseCondition><responseCondition><responseIf><equal toleranceMode="exact"><variable identifier="RESPONSE_1406785150334" /><correct identifier="RESPONSE_1406785150334" /></equal><setOutcomeValue identifier="SCORE"><sum><variable identifier="SCORE" /><baseValue baseType="float">1</baseValue></sum></setOutcomeValue></responseIf></responseCondition><responseCondition><responseIf><not><isNull><variable identifier="RESPONSE_1406785150334" /></isNull></not><setOutcomeValue identifier="FEEDBACKBASIC"><baseValue baseType="identifier">incorrect</baseValue></setOutcomeValue></responseIf></responseCondition><responseCondition><responseIf><equal toleranceMode="exact"><variable identifier="RESPONSE_1406634465784" /><correct identifier="RESPONSE_1406634465784" /></equal><setOutcomeValue identifier="SCORE"><sum><variable identifier="SCORE" /><baseValue baseType="float">1</baseValue></sum></setOutcomeValue></responseIf></responseCondition><responseCondition><responseIf><not><isNull><variable identifier="RESPONSE_1406634465784" /></isNull></not><setOutcomeValue identifier="FEEDBACKBASIC"><baseValue baseType="identifier">incorrect</baseValue></setOutcomeValue></responseIf></responseCondition><responseCondition><responseIf><equal toleranceMode="exact"><variable identifier="RESPONSE_1406785378302" /><correct identifier="RESPONSE_1406785378302" /></equal><setOutcomeValue identifier="SCORE"><sum><variable identifier="SCORE" /><baseValue baseType="float">1</baseValue></sum></setOutcomeValue></responseIf></responseCondition><responseCondition><responseIf><not><isNull><variable identifier="RESPONSE_1406785378302" /></isNull></not><setOutcomeValue identifier="FEEDBACKBASIC"><baseValue baseType="identifier">incorrect</baseValue></setOutcomeValue></responseIf></responseCondition><responseCondition><responseIf><equal toleranceMode="absolute" tolerance="0.1 0.1" includeLowerBound="true" includeUpperBound="true"><variable identifier="RESPONSE_1406795410206" /><correct identifier="RESPONSE_1406795410206" /></equal><setOutcomeValue identifier="SCORE"><sum><variable identifier="SCORE" /><baseValue baseType="float">1</baseValue></sum></setOutcomeValue></responseIf></responseCondition><responseCondition><responseIf><not><isNull><variable identifier="RESPONSE_1406795410206" /></isNull></not><setOutcomeValue identifier="FEEDBACKBASIC"><baseValue baseType="identifier">incorrect</baseValue></setOutcomeValue></responseIf></responseCondition><responseCondition><responseIf><equal toleranceMode="absolute" tolerance="0.1 0.1" includeLowerBound="true" includeUpperBound="true"><variable identifier="RESPONSE_1406795425757" /><correct identifier="RESPONSE_1406795425757" /></equal><setOutcomeValue identifier="SCORE"><sum><variable identifier="SCORE" /><baseValue baseType="float">1</baseValue></sum></setOutcomeValue></responseIf></responseCondition><responseCondition><responseIf><not><isNull><variable identifier="RESPONSE_1406795425757" /></isNull></not><setOutcomeValue identifier="FEEDBACKBASIC"><baseValue baseType="identifier">incorrect</baseValue></setOutcomeValue></responseIf></responseCondition><responseCondition><responseIf><and><not><match><variable identifier="FEEDBACKBASIC" /><baseValue baseType="identifier">empty</baseValue></match></not><equal toleranceMode="exact"><variable identifier="SCORE" /><variable identifier="MAXSCORE" /></equal></and><setOutcomeValue identifier="FEEDBACKBASIC"><baseValue baseType="identifier">correct</baseValue></setOutcomeValue></responseIf></responseCondition></responseProcessing></assessmentItem>
