<?xml version="1.0" encoding="UTF-8"?>
<assessmentItem xmlns="http://www.imsglobal.org/xsd/imsqti_v2p1" xmlns:xsi="http://www.w3.org/2001/XMLSchema-instance" xsi:schemaLocation="http://www.imsglobal.org/xsd/imsqti_v2p1 http://www.imsglobal.org/xsd/qti/qtiv2p1/imsqti_v2p1p1.xsd http://www.w3.org/1998/Math/MathML http://www.w3.org/Math/XMLSchema/mathml2/mathml2.xsd" identifier="id252c2d28-80ed-4368-8608-64e626071ab3" title="CauchyFormel1" adaptive="false" timeDependent="false"><responseDeclaration identifier="RESPONSE_1416475848674" cardinality="single" baseType="string" /><outcomeDeclaration identifier="SCORE" cardinality="single" baseType="float"><defaultValue><value>0</value></defaultValue></outcomeDeclaration><outcomeDeclaration identifier="MAXSCORE" cardinality="single" baseType="float"><defaultValue><value>3</value></defaultValue></outcomeDeclaration><outcomeDeclaration identifier="FEEDBACKBASIC" cardinality="single" baseType="identifier" view="testConstructor"><defaultValue><value>empty</value></defaultValue></outcomeDeclaration><outcomeDeclaration identifier="FEEDBACKMODAL" cardinality="multiple" baseType="identifier" view="testConstructor" /><templateDeclaration identifier="a" cardinality="single" baseType="integer" /><templateDeclaration identifier="b" cardinality="single" baseType="integer" /><templateDeclaration identifier="r" cardinality="single" baseType="integer" /><templateDeclaration identifier="k" cardinality="single" baseType="integer" /><templateDeclaration identifier="c" cardinality="single" baseType="integer" /><templateDeclaration identifier="d" cardinality="single" baseType="integer" /><templateDeclaration identifier="vz" cardinality="single" baseType="string" /><templateDeclaration identifier="re" cardinality="single" baseType="integer" /><templateDeclaration identifier="im1" cardinality="single" baseType="integer" /><templateDeclaration identifier="im2" cardinality="single" baseType="integer" /><templateDeclaration identifier="distw" cardinality="single" baseType="float" /><templateDeclaration identifier="distwr" cardinality="single" baseType="float" /><templateProcessing><setTemplateValue identifier="a"><randomInteger min="-5" max="5" /></setTemplateValue><templateCondition><templateIf><match><variable identifier="a" /><baseValue baseType="integer">0</baseValue></match><setTemplateValue identifier="a"><randomInteger min="1" max="4" /></setTemplateValue></templateIf></templateCondition><setTemplateValue identifier="b"><randomInteger min="1" max="5" /></setTemplateValue><setTemplateValue identifier="r"><randomInteger min="6" max="16" /></setTemplateValue><setTemplateValue identifier="k"><randomInteger min="1" max="9" /></setTemplateValue><setTemplateValue identifier="c"><randomInteger min="-2" max="2" /></setTemplateValue><setTemplateValue identifier="d"><randomInteger min="1" max="8" /></setTemplateValue><setTemplateValue identifier="vz"><random><multiple><baseValue baseType="string">+</baseValue><baseValue baseType="string">-</baseValue></multiple></random></setTemplateValue><setTemplateValue identifier="re"><customOperator definition="MAXIMA" value="float(2*(realpart(%e^(-1*($(1)$(2))/2*%i*%pi) )+$(3)));"><variable identifier="vz" /><variable identifier="k" /><variable identifier="d" /></customOperator></setTemplateValue><setTemplateValue identifier="im1"><customOperator definition="MAXIMA" value="float(2*imagpart(%e^(-1*($(1)$(2))/2*%i*%pi)));"><variable identifier="vz" /><variable identifier="k" /></customOperator></setTemplateValue><setTemplateValue identifier="im2"><customOperator definition="MAXIMA" value="float($(1)$(2)*$(3));"><variable identifier="vz" /><variable identifier="k" /><variable identifier="c" /></customOperator></setTemplateValue><setTemplateValue identifier="distw"><customOperator definition="MAXIMA" value="float(abs($(1)+$(2)*%i+$(3)$(4)/2*%pi*%i));"><variable identifier="a" /><variable identifier="b" /><variable identifier="vz" /><variable identifier="k" /></customOperator></setTemplateValue><setTemplateValue identifier="distwr"><customOperator definition="MAXIMA" value="float($(1)-$(2));"><variable identifier="r" /><variable identifier="distw" /></customOperator></setTemplateValue><templateCondition><templateIf><lte><variable identifier="distwr" /><baseValue baseType="integer">0</baseValue></lte><setTemplateValue identifier="re"><customOperator definition="MAXIMA" value="float(0);" /></setTemplateValue></templateIf></templateCondition><templateCondition><templateIf><lte><variable identifier="distwr" /><baseValue baseType="integer">0</baseValue></lte><setTemplateValue identifier="im1"><customOperator definition="MAXIMA" value="float(0);" /></setTemplateValue></templateIf></templateCondition><templateCondition><templateIf><lte><variable identifier="distwr" /><baseValue baseType="integer">0</baseValue></lte><setTemplateValue identifier="im2"><customOperator definition="MAXIMA" value="float(0);" /></setTemplateValue></templateIf></templateCondition><setCorrectResponse identifier="RESPONSE_1416475848674"><customOperator definition="VARIABLESTRING" value="$(3)*%pi^2-$(2)*%pi+$(1)*%pi*%i"><variable identifier="re" /><variable identifier="im1" /><variable identifier="im2" /></customOperator></setCorrectResponse></templateProcessing><itemBody ><p><p>Sei \(C\) die Kreiskurve um \(z_0:= <printedVariable identifier="a" />+<printedVariable identifier="b" />\cdot \mathbb i\) mit Radius \( r:= <printedVariable identifier="r" /> \), entgegen dem Uhrzeigersinn laufend.</p><p>Berechne $$I := \int_{C}\frac{<printedVariable identifier="c" />\cdot z+ e^{z}+<printedVariable identifier="d" />}{z<printedVariable identifier="vz" />\frac{\pi}{2}\cdot <printedVariable identifier="k" />\cdot \mathbb i}$$ in der Form \( a + b \mathbb i \).</p><p>\(I\) = <textEntryInteraction responseIdentifier="RESPONSE_1416475848674" expectedLength="15" class="maxima-formula show-latex show-syntax-error" /></p><p>Syntax:</p><p>%i für i, %pi für \( \pi\), ^ für Power, * für jede Multiplikation.</p></p></itemBody><responseProcessing><responseCondition><responseIf><customOperator definition="MAXIMA" value="is(equal(ev($(1)),ev($(2))));"><variable identifier="RESPONSE_1416475848674" /><correct identifier="RESPONSE_1416475848674" /></customOperator><setOutcomeValue identifier="SCORE"><sum><variable identifier="SCORE" /><baseValue baseType="float">3</baseValue></sum></setOutcomeValue></responseIf></responseCondition><responseCondition><responseIf><not><isNull><variable identifier="RESPONSE_1416475848674" /></isNull></not><setOutcomeValue identifier="FEEDBACKBASIC"><baseValue baseType="identifier">incorrect</baseValue></setOutcomeValue></responseIf></responseCondition><responseCondition><responseIf><and><not><match><variable identifier="FEEDBACKBASIC" /><baseValue baseType="identifier">empty</baseValue></match></not><equal toleranceMode="exact"><variable identifier="SCORE" /><variable identifier="MAXSCORE" /></equal></and><setOutcomeValue identifier="FEEDBACKBASIC"><baseValue baseType="identifier">correct</baseValue></setOutcomeValue></responseIf></responseCondition><responseCondition><responseIf><and><match><baseValue baseType="identifier">incorrect</baseValue><variable identifier="FEEDBACKBASIC" /></match></and><setOutcomeValue identifier="FEEDBACKMODAL"><multiple><variable identifier="FEEDBACKMODAL" /><baseValue baseType="identifier">Feedback650824618</baseValue></multiple></setOutcomeValue></responseIf></responseCondition></responseProcessing><modalFeedback  identifier="Feedback650824618" outcomeIdentifier="FEEDBACKMODAL" showHide="show"><p>Befindet sich die Singularität des Integranden innerhalb \( C\) ?</p></modalFeedback></assessmentItem>
