<?xml version="1.0" encoding="UTF-8"?>
<assessmentItem xmlns="http://www.imsglobal.org/xsd/imsqti_v2p1" xmlns:xsi="http://www.w3.org/2001/XMLSchema-instance" xsi:schemaLocation="http://www.imsglobal.org/xsd/imsqti_v2p1 http://www.imsglobal.org/xsd/qti/qtiv2p1/imsqti_v2p1p1.xsd http://www.w3.org/1998/Math/MathML http://www.w3.org/Math/XMLSchema/mathml2/mathml2.xsd" identifier="idecda1cb2-1764-4836-be22-3bf152f8e1b9" title="verschiebung_01" adaptive="false" timeDependent="false"><responseDeclaration identifier="RESPONSE_1" cardinality="single" baseType="identifier"><correctResponse><value>idfa26bae2-b6d4-476d-b336-87a24f0ce1d7</value></correctResponse></responseDeclaration><outcomeDeclaration identifier="SCORE" cardinality="single" baseType="float"><defaultValue><value>0</value></defaultValue></outcomeDeclaration><outcomeDeclaration identifier="MAXSCORE" cardinality="single" baseType="float"><defaultValue><value>1</value></defaultValue></outcomeDeclaration><outcomeDeclaration identifier="FEEDBACKBASIC" cardinality="single" baseType="identifier"><defaultValue><value>empty</value></defaultValue></outcomeDeclaration><outcomeDeclaration identifier="FEEDBACKMODAL" cardinality="multiple" baseType="identifier" view="testConstructor" /><templateDeclaration identifier="a" cardinality="single" baseType="integer" /><templateProcessing><setTemplateValue identifier="a"><randomInteger min="1" max="9" /></setTemplateValue></templateProcessing><itemBody ><p>Wir betrachten die Funktionen \(f(x)=x^2\) und \(g(x)=(x-<printedVariable identifier="a" />)^2\).</p><p>Wie sieht der Graph der Funktion \(g(x)\) im Vergleich zu \(f(x)\) aus? </p><choiceInteraction responseIdentifier="RESPONSE_1" shuffle="false" maxChoices="1"><simpleChoice identifier="idfa26bae2-b6d4-476d-b336-87a24f0ce1d7"><p>wie \(f\) veschoben um \(+<printedVariable identifier="a" />\) in x-Richtung</p></simpleChoice><simpleChoice identifier="ida7437041-499a-4698-8a2a-633964d26288"><p>wie \(f\) verschoben um \(–<printedVariable identifier="a" />\) in x-Richtung</p></simpleChoice><simpleChoice identifier="id06e50795-7247-4e55-9e94-9f2d9a816b2d"><p>wie \(f\) verschoben um \(+<printedVariable identifier="a" />\) in y-Richtung</p></simpleChoice><simpleChoice identifier="id267717ee-e733-4b27-8444-10410119727a"><p>wie \(f\) verschoben um \(–<printedVariable identifier="a" />\) in y-Richtung</p></simpleChoice><simpleChoice identifier="id0e9b1003-479e-4be1-8df1-d2c6aaaa5b84"><p>genau wie \(f\) </p></simpleChoice></choiceInteraction></itemBody><responseProcessing><responseCondition><responseIf><isNull><variable identifier="RESPONSE_1" /></isNull><setOutcomeValue identifier="FEEDBACKBASIC"><baseValue baseType="identifier">empty</baseValue></setOutcomeValue></responseIf><responseElseIf><match><variable identifier="RESPONSE_1" /><correct identifier="RESPONSE_1" /></match><setOutcomeValue identifier="SCORE"><sum><variable identifier="SCORE" /><variable identifier="MAXSCORE" /></sum></setOutcomeValue><setOutcomeValue identifier="FEEDBACKBASIC"><baseValue baseType="identifier">correct</baseValue></setOutcomeValue></responseElseIf><responseElse><setOutcomeValue identifier="FEEDBACKBASIC"><baseValue baseType="identifier">incorrect</baseValue></setOutcomeValue></responseElse></responseCondition><responseCondition><responseIf><and><match><baseValue baseType="identifier">correct</baseValue><variable identifier="FEEDBACKBASIC" /></match></and><setOutcomeValue identifier="FEEDBACKMODAL"><multiple><variable identifier="FEEDBACKMODAL" /><baseValue baseType="identifier">Feedback549519822</baseValue></multiple></setOutcomeValue></responseIf></responseCondition><responseCondition><responseIf><and><match><baseValue baseType="identifier">incorrect</baseValue><variable identifier="FEEDBACKBASIC" /></match></and><setOutcomeValue identifier="FEEDBACKMODAL"><multiple><variable identifier="FEEDBACKMODAL" /><baseValue baseType="identifier">Feedback1624746336</baseValue></multiple></setOutcomeValue></responseIf></responseCondition></responseProcessing><modalFeedback  identifier="Feedback549519822" outcomeIdentifier="FEEDBACKMODAL" showHide="show" title="Richtig!"><p>Der Graph von \(g(x)\) ist im Vergleich zu \(f(x)\) um \(+<printedVariable identifier="a" />\) in x-Richtung verschoben, denn z.B. für \(y=0\) gilt nun \(g(<printedVariable identifier="a" />)=0\), aber \(f(0) = 0\).</p><p> </p><p><img src="media%2Fmedium2410278691698452320verschiedung_x%5E2.png" alt="" width="500" /></p></modalFeedback><modalFeedback  identifier="Feedback1624746336" outcomeIdentifier="FEEDBACKMODAL" showHide="show" title="Leider falsch!"><p>Der Graph von \(g(x)\) ist im Vergleich zu \(f(x)\) um \(+<printedVariable identifier="a" />\) in x-Richtung verschoben, denn z.B. für \(y=0\) gilt nun \(g(<printedVariable identifier="a" />)=0\), aber \(f(0) = 0\).</p><p> </p><p><img src="media%2Fmedium2410278691698452320verschiedung_x%5E2.png" alt="" width="500" /></p></modalFeedback></assessmentItem>
