<?xml version="1.0" encoding="UTF-8"?>
<assessmentItem xmlns="http://www.imsglobal.org/xsd/imsqti_v2p1" xmlns:xsi="http://www.w3.org/2001/XMLSchema-instance" xsi:schemaLocation="http://www.imsglobal.org/xsd/imsqti_v2p1 http://www.imsglobal.org/xsd/qti/qtiv2p1/imsqti_v2p1p1.xsd http://www.w3.org/1998/Math/MathML http://www.w3.org/Math/XMLSchema/mathml2/mathml2.xsd" identifier="idd9b58d6f-bb7e-4e64-a64a-8634bb85741c" title="negation_menge_03" adaptive="false" timeDependent="false"><responseDeclaration identifier="RESPONSE_1" cardinality="single" baseType="identifier"><correctResponse><value>idebbce3ee-60a3-4ad9-a6c1-91552b34b94e</value></correctResponse></responseDeclaration><outcomeDeclaration identifier="SCORE" cardinality="single" baseType="float"><defaultValue><value>0</value></defaultValue></outcomeDeclaration><outcomeDeclaration identifier="MAXSCORE" cardinality="single" baseType="float"><defaultValue><value>1</value></defaultValue></outcomeDeclaration><outcomeDeclaration identifier="FEEDBACKBASIC" cardinality="single" baseType="identifier"><defaultValue><value>empty</value></defaultValue></outcomeDeclaration><itemBody ><p>Es sei \(M\subset\mathbb N\). Wie lautet die Negation der folgenden Aussage?</p><p>Jedes Element \(m\in M\) ist durch 2 und durch 3 teilbar.</p><choiceInteraction responseIdentifier="RESPONSE_1" shuffle="true" maxChoices="1"><simpleChoice identifier="id93ef35f9-8c3c-4aed-be09-95a56fa0d045"><p>\(\forall m\in M\) ist \(m\neq 2k\) und \(m\neq 3k\) für alle \(k\in\mathbb N\)</p></simpleChoice><simpleChoice identifier="id472ea2f6-e35f-4f03-98ad-2eaf2f24484c"><p>\(\forall m\in M\) ist \(m\neq 2k\) oder \(m\neq 3k\) für alle \(k\in\mathbb N\)</p></simpleChoice><simpleChoice identifier="id218e032c-673e-4736-a959-b94d121c590c"><p>\(\exists m\in M:\) \(m\neq 2k\) und \(m\neq 3k\) für alle \(k\in\mathbb N\)</p></simpleChoice><simpleChoice identifier="idebbce3ee-60a3-4ad9-a6c1-91552b34b94e"><p>\(\exists m\in M:\) \(m\neq 2k\) oder \(m\neq 3k\) für alle \(k\in\mathbb N\)</p></simpleChoice></choiceInteraction></itemBody><responseProcessing><responseCondition><responseIf><isNull><variable identifier="RESPONSE_1" /></isNull><setOutcomeValue identifier="FEEDBACKBASIC"><baseValue baseType="identifier">empty</baseValue></setOutcomeValue></responseIf><responseElseIf><match><variable identifier="RESPONSE_1" /><correct identifier="RESPONSE_1" /></match><setOutcomeValue identifier="SCORE"><sum><variable identifier="SCORE" /><variable identifier="MAXSCORE" /></sum></setOutcomeValue><setOutcomeValue identifier="FEEDBACKBASIC"><baseValue baseType="identifier">correct</baseValue></setOutcomeValue></responseElseIf><responseElse><setOutcomeValue identifier="FEEDBACKBASIC"><baseValue baseType="identifier">incorrect</baseValue></setOutcomeValue></responseElse></responseCondition></responseProcessing></assessmentItem>
