<?xml version="1.0" encoding="UTF-8"?>
<assessmentItem xmlns="http://www.imsglobal.org/xsd/imsqti_v2p1" xmlns:xsi="http://www.w3.org/2001/XMLSchema-instance" xsi:schemaLocation="http://www.imsglobal.org/xsd/imsqti_v2p1 imsqti_v2p1.xsd" identifier="id03e32404-fbe6-491f-bc53-5bdfbbf031d6" title="22. Grundlagen Projektmanagement" adaptive="false" timeDependent="false"><responseDeclaration identifier="RESPONSE_1" cardinality="multiple" baseType="identifier"><correctResponse><value>id3eb3175c-fdb1-4e6b-bc8f-af8c17770d82</value></correctResponse><mapping defaultValue="0" lowerBound="0.0"><mapEntry mapKey="idfc22e119-ac3c-4fb6-ab48-c38ae84ac437" mappedValue="-1.0" /><mapEntry mapKey="iddda1b457-1f1b-43db-841b-40c71fcf9772" mappedValue="-1.0" /><mapEntry mapKey="id3eb3175c-fdb1-4e6b-bc8f-af8c17770d82" mappedValue="1.0" /><mapEntry mapKey="idc45646d0-bbe8-496f-846d-9fd004af2e44" mappedValue="-1.0" /></mapping></responseDeclaration><outcomeDeclaration identifier="SCORE" cardinality="single" baseType="float"><defaultValue><value>0</value></defaultValue></outcomeDeclaration><outcomeDeclaration identifier="MAXSCORE" cardinality="single" baseType="float"><defaultValue><value>1</value></defaultValue></outcomeDeclaration><outcomeDeclaration identifier="FEEDBACKBASIC" cardinality="single" baseType="identifier" view="testConstructor"><defaultValue><value>empty</value></defaultValue></outcomeDeclaration><itemBody><p xmlns=""><strong>Was ist ein Projektplan?</strong></p><p xmlns="">(Klicken Sie die richtige(n) Antwort(en) an)</p><p xmlns=""> </p><p xmlns=""><strong>Antwort:</strong></p><choiceInteraction responseIdentifier="RESPONSE_1" shuffle="true" maxChoices="0"><simpleChoice identifier="idfc22e119-ac3c-4fb6-ab48-c38ae84ac437"><p xmlns="">Ein mit MS Project oder einer anderen Software erstelltes Gantt-Chart</p></simpleChoice><simpleChoice identifier="iddda1b457-1f1b-43db-841b-40c71fcf9772"><p xmlns="">Ein Zeitplan, der die Termine des Projektes regelt</p></simpleChoice><simpleChoice identifier="id3eb3175c-fdb1-4e6b-bc8f-af8c17770d82"><p xmlns="">Das Ergebnis der Integration verschiedener Teilpläne, die die verschiedenen Aspekte des Projekts abdecken, zum Beispiel ein Zeitplan, ein Risikomanagementplan oder ein Kostenmanagementplan</p></simpleChoice><simpleChoice identifier="idc45646d0-bbe8-496f-846d-9fd004af2e44"><p xmlns="">Ein Balkendiagramm, das die Abfolgen und Abhängigkeiten der einzelnen Arbeitsvorgänge darstellt</p></simpleChoice></choiceInteraction></itemBody><responseProcessing><responseCondition><responseIf><not><isNull><variable identifier="RESPONSE_1" /></isNull></not><setOutcomeValue identifier="SCORE"><sum><variable identifier="SCORE" /><mapResponse identifier="RESPONSE_1" /></sum></setOutcomeValue><setOutcomeValue identifier="FEEDBACKBASIC"><baseValue baseType="identifier">incorrect</baseValue></setOutcomeValue></responseIf></responseCondition><responseCondition><responseIf><and><not><match><variable identifier="FEEDBACKBASIC" /><baseValue baseType="identifier">empty</baseValue></match></not><equal toleranceMode="exact"><variable identifier="SCORE" /><variable identifier="MAXSCORE" /></equal></and><setOutcomeValue identifier="FEEDBACKBASIC"><baseValue baseType="identifier">correct</baseValue></setOutcomeValue></responseIf></responseCondition></responseProcessing></assessmentItem>
