<?xml version="1.0" encoding="UTF-8"?>
<assessmentItem xmlns="http://www.imsglobal.org/xsd/imsqti_v2p1" xmlns:xsi="http://www.w3.org/2001/XMLSchema-instance" xsi:schemaLocation="http://www.imsglobal.org/xsd/imsqti_v2p1 http://www.imsglobal.org/xsd/qti/qtiv2p1/imsqti_v2p1p1.xsd http://www.w3.org/1998/Math/MathML http://www.w3.org/Math/XMLSchema/mathml2/mathml2.xsd" identifier="id6a8bb60f-b731-44f8-a066-7bd3e986a772" title="mantisse4_exp2_fehler_04" adaptive="false" timeDependent="false"><responseDeclaration identifier="RESPONSE_1395848571927" cardinality="single" baseType="float"><correctResponse><value>0.0833</value></correctResponse></responseDeclaration><responseDeclaration identifier="RESPONSE_1395848722707" cardinality="single" baseType="float"><correctResponse><value>0.05</value></correctResponse></responseDeclaration><outcomeDeclaration identifier="SCORE" cardinality="single" baseType="float"><defaultValue><value>0</value></defaultValue></outcomeDeclaration><outcomeDeclaration identifier="MAXSCORE" cardinality="single" baseType="float"><defaultValue><value>2</value></defaultValue></outcomeDeclaration><outcomeDeclaration identifier="FEEDBACKBASIC" cardinality="single" baseType="identifier" view="testConstructor"><defaultValue><value>empty</value></defaultValue></outcomeDeclaration><itemBody ><p>Wir betrachten die Menge der Gleitpunktzahlen mit Mantissenlänge 4 und Exponentenlänge 2:</p><p>\(\normalsize x=[x_3 .x_2 x_1 x_0 | e_1 e_0]_2 = (-x_3 2^0 +x_2 2^{-1} +x_1 2^{-2}+x_0 2^{-3}) \cdot 2^{e_1 2^1+ e_0 2^0}\)</p><p>Es sei \(\normalsize x=\frac{5}{3}\). Bestimmen Sie die beste Approximation an \(\normalsize x\) der obigen Darstellung und berechnen Sie den absoluten sowie den relativen Approximationsfehler.</p><p>Runden Sie das Ergebnis auf <strong>genau 4 Nachkommastellen</strong>!</p><p>absoluter Fehler: <textEntryInteraction responseIdentifier="RESPONSE_1395848571927" /></p><p>relativer Fehler: <textEntryInteraction responseIdentifier="RESPONSE_1395848722707" /></p></itemBody><responseProcessing><responseCondition><responseIf><equal toleranceMode="exact"><variable identifier="RESPONSE_1395848571927" /><correct identifier="RESPONSE_1395848571927" /></equal><setOutcomeValue identifier="SCORE"><sum><variable identifier="SCORE" /><baseValue baseType="float">1</baseValue></sum></setOutcomeValue></responseIf></responseCondition><responseCondition><responseIf><not><isNull><variable identifier="RESPONSE_1395848571927" /></isNull></not><setOutcomeValue identifier="FEEDBACKBASIC"><baseValue baseType="identifier">incorrect</baseValue></setOutcomeValue></responseIf></responseCondition><responseCondition><responseIf><equal toleranceMode="exact"><variable identifier="RESPONSE_1395848722707" /><correct identifier="RESPONSE_1395848722707" /></equal><setOutcomeValue identifier="SCORE"><sum><variable identifier="SCORE" /><baseValue baseType="float">1</baseValue></sum></setOutcomeValue></responseIf></responseCondition><responseCondition><responseIf><not><isNull><variable identifier="RESPONSE_1395848722707" /></isNull></not><setOutcomeValue identifier="FEEDBACKBASIC"><baseValue baseType="identifier">incorrect</baseValue></setOutcomeValue></responseIf></responseCondition><responseCondition><responseIf><and><not><match><variable identifier="FEEDBACKBASIC" /><baseValue baseType="identifier">empty</baseValue></match></not><equal toleranceMode="exact"><variable identifier="SCORE" /><variable identifier="MAXSCORE" /></equal></and><setOutcomeValue identifier="FEEDBACKBASIC"><baseValue baseType="identifier">correct</baseValue></setOutcomeValue></responseIf></responseCondition></responseProcessing></assessmentItem>
