<?xml version="1.0" encoding="UTF-8"?>
<assessmentItem xmlns="http://www.imsglobal.org/xsd/imsqti_v2p1" xmlns:xsi="http://www.w3.org/2001/XMLSchema-instance" xsi:schemaLocation="http://www.imsglobal.org/xsd/imsqti_v2p1 http://www.imsglobal.org/xsd/qti/qtiv2p1/imsqti_v2p1p1.xsd http://www.w3.org/1998/Math/MathML http://www.w3.org/Math/XMLSchema/mathml2/mathml2.xsd" identifier="idd9b04945-0037-4c7b-9a64-b8e2a7dcf4cb" title="zahlenrätsel" adaptive="false" timeDependent="false"><responseDeclaration identifier="RESPONSE_1418293399364" cardinality="single" baseType="string" /><responseDeclaration identifier="RESPONSE_1418293443472" cardinality="single" baseType="string" /><responseDeclaration identifier="RESPONSE_1418293471498" cardinality="single" baseType="string" /><responseDeclaration identifier="RESPONSE_1418298539223" cardinality="single" baseType="float"><correctResponse><value>0</value></correctResponse></responseDeclaration><outcomeDeclaration identifier="SCORE" cardinality="single" baseType="float"><defaultValue><value>0</value></defaultValue></outcomeDeclaration><outcomeDeclaration identifier="MAXSCORE" cardinality="single" baseType="float"><defaultValue><value>4</value></defaultValue></outcomeDeclaration><outcomeDeclaration identifier="FEEDBACKBASIC" cardinality="single" baseType="identifier" view="testConstructor"><defaultValue><value>empty</value></defaultValue></outcomeDeclaration><outcomeDeclaration identifier="FEEDBACKMODAL" cardinality="multiple" baseType="identifier" view="testConstructor" /><templateDeclaration identifier="n1" cardinality="single" baseType="integer" /><templateDeclaration identifier="n2" cardinality="single" baseType="integer" /><templateDeclaration identifier="n3" cardinality="single" baseType="integer" /><templateDeclaration identifier="quersumme" cardinality="single" baseType="integer" /><templateDeclaration identifier="diff1" cardinality="single" baseType="integer" /><templateDeclaration identifier="diff2" cardinality="single" baseType="integer" /><templateDeclaration identifier="zahl" cardinality="single" baseType="integer" /><templateProcessing><setTemplateValue identifier="n1"><random><multiple><baseValue baseType="integer">1</baseValue><baseValue baseType="integer">4</baseValue><baseValue baseType="integer">7</baseValue></multiple></random></setTemplateValue><setTemplateValue identifier="n2"><random><multiple><baseValue baseType="integer">2</baseValue><baseValue baseType="integer">5</baseValue><baseValue baseType="integer">8</baseValue></multiple></random></setTemplateValue><setTemplateValue identifier="n3"><random><multiple><baseValue baseType="integer">3</baseValue></multiple></random></setTemplateValue><setTemplateValue identifier="quersumme"><customOperator definition="MAXIMA" value="float($(1)+$(2)+$(3));"><variable identifier="n1" /><variable identifier="n2" /><variable identifier="n3" /></customOperator></setTemplateValue><setTemplateValue identifier="diff1"><customOperator definition="MAXIMA" value="float(100*$(1)+10*$(2)+$(3)-100*$(4)-10*$(5)-$(6));"><variable identifier="n2" /><variable identifier="n1" /><variable identifier="n3" /><variable identifier="n1" /><variable identifier="n2" /><variable identifier="n3" /></customOperator></setTemplateValue><setTemplateValue identifier="diff2"><customOperator definition="MAXIMA" value="float(100*$(1)+10*$(2)+$(3)-100*$(4)-10*$(5)-$(6));"><variable identifier="n3" /><variable identifier="n2" /><variable identifier="n1" /><variable identifier="n1" /><variable identifier="n2" /><variable identifier="n3" /></customOperator></setTemplateValue><setTemplateValue identifier="zahl"><customOperator definition="MAXIMA" value="float(100*$(1)+10*$(2)+$(3));"><variable identifier="n1" /><variable identifier="n2" /><variable identifier="n3" /></customOperator></setTemplateValue><setCorrectResponse identifier="RESPONSE_1418293399364"><customOperator definition="VARIABLESTRING" value="1,1,1" /></setCorrectResponse><setCorrectResponse identifier="RESPONSE_1418293443472"><customOperator definition="VARIABLESTRING" value="-90,90,0" /></setCorrectResponse><setCorrectResponse identifier="RESPONSE_1418293471498"><customOperator definition="VARIABLESTRING" value="-99,0,99" /></setCorrectResponse><setCorrectResponse identifier="RESPONSE_1418298539223"><variable identifier="zahl" /></setCorrectResponse></templateProcessing><itemBody ><p>Von einer dreistelligen natürlichen Zahl \(x\) seien \(n_1\) ihre Hunderter-, \(n_2\) ihre Zehner- und \(n_3\) ihre Einerstelle.</p><p>Die Zahl, die entsteht, wenn wir die Hunderter- und die Zehnerstelle von \(x\) vertauschen sei \(y\).</p><p>Die Zahl, die entsteht, wenn wir die Hunderter- und die Einerstelle von \(x\) vertauschen sei \(z\).</p><p>Nun ist folgendes bekannt:</p><ul><li>Die Quersumme von \(x\) ist gleich \(<printedVariable identifier="quersumme" />\).</li><li>\(y-x=<printedVariable identifier="diff1" />\).</li><li>\(z-x=<printedVariable identifier="diff2" />\).</li></ul><p>Die Ziffern \(n_1,n_2,n_3\) können nun durch Lösen eines linearen Gleichungssystems ermittelt werden:</p><p>$$\qquad A\cdot\begin{pmatrix}n_1\\n_2\\n_3\end{pmatrix}=\begin{pmatrix}?&amp;?&amp;?\\?&amp;?&amp;?\\?&amp;?&amp;?\end{pmatrix}\cdot\begin{pmatrix}n_1\\n_2\\n_3\end{pmatrix}=\begin{pmatrix}<printedVariable identifier="quersumme" />\\<printedVariable identifier="diff1" />\\<printedVariable identifier="diff2" />\end{pmatrix}.$$</p><p>Geben Sie die Zeilen der Matrix \(A\) ein!<br /><strong>Geben Sie bitte die Elemente der Zeilen von links nach rechts durch Kommata getrennt ein! z.B.: 1,2,3</strong></p><ul><li>erste Zeile von \(A\): <textEntryInteraction responseIdentifier="RESPONSE_1418293399364" expectedLength="6" placeholderText="1,2,3" /></li><li>zweite Zeile von \(A\): <textEntryInteraction responseIdentifier="RESPONSE_1418293443472" expectedLength="6" placeholderText="1,2,3" /></li><li>dritte Zeile von \(A\): <textEntryInteraction responseIdentifier="RESPONSE_1418293471498" expectedLength="6" placeholderText="1,2,3" /></li></ul><p>Geben Sie die gesuchte Zahl an! \(x=\) <textEntryInteraction responseIdentifier="RESPONSE_1418298539223" expectedLength="5" placeholderText="111" />.</p></itemBody><responseProcessing><responseCondition><responseIf><customOperator definition="MAXIMA" value="is(equal([$(1)],[$(2)]));" caseSensitive="false"><variable identifier="RESPONSE_1418293399364" /><correct identifier="RESPONSE_1418293399364" /></customOperator><setOutcomeValue identifier="SCORE"><sum><variable identifier="SCORE" /><baseValue baseType="float">1</baseValue></sum></setOutcomeValue></responseIf></responseCondition><responseCondition><responseIf><not><isNull><variable identifier="RESPONSE_1418293399364" /></isNull></not><setOutcomeValue identifier="FEEDBACKBASIC"><baseValue baseType="identifier">incorrect</baseValue></setOutcomeValue></responseIf></responseCondition><responseCondition><responseIf><customOperator definition="MAXIMA" value="is(equal([$(1)],[$(2)]));" caseSensitive="false"><variable identifier="RESPONSE_1418293443472" /><correct identifier="RESPONSE_1418293443472" /></customOperator><setOutcomeValue identifier="SCORE"><sum><variable identifier="SCORE" /><baseValue baseType="float">1</baseValue></sum></setOutcomeValue></responseIf></responseCondition><responseCondition><responseIf><not><isNull><variable identifier="RESPONSE_1418293443472" /></isNull></not><setOutcomeValue identifier="FEEDBACKBASIC"><baseValue baseType="identifier">incorrect</baseValue></setOutcomeValue></responseIf></responseCondition><responseCondition><responseIf><customOperator definition="MAXIMA" value="is(equal([$(1)],[$(2)]));" caseSensitive="false"><variable identifier="RESPONSE_1418293471498" /><correct identifier="RESPONSE_1418293471498" /></customOperator><setOutcomeValue identifier="SCORE"><sum><variable identifier="SCORE" /><baseValue baseType="float">1</baseValue></sum></setOutcomeValue></responseIf></responseCondition><responseCondition><responseIf><not><isNull><variable identifier="RESPONSE_1418293471498" /></isNull></not><setOutcomeValue identifier="FEEDBACKBASIC"><baseValue baseType="identifier">incorrect</baseValue></setOutcomeValue></responseIf></responseCondition><responseCondition><responseIf><equal toleranceMode="exact"><variable identifier="RESPONSE_1418298539223" /><correct identifier="RESPONSE_1418298539223" /></equal><setOutcomeValue identifier="SCORE"><sum><variable identifier="SCORE" /><baseValue baseType="float">1</baseValue></sum></setOutcomeValue></responseIf></responseCondition><responseCondition><responseIf><not><isNull><variable identifier="RESPONSE_1418298539223" /></isNull></not><setOutcomeValue identifier="FEEDBACKBASIC"><baseValue baseType="identifier">incorrect</baseValue></setOutcomeValue></responseIf></responseCondition><responseCondition><responseIf><and><not><match><variable identifier="FEEDBACKBASIC" /><baseValue baseType="identifier">empty</baseValue></match></not><equal toleranceMode="exact"><variable identifier="SCORE" /><variable identifier="MAXSCORE" /></equal></and><setOutcomeValue identifier="FEEDBACKBASIC"><baseValue baseType="identifier">correct</baseValue></setOutcomeValue></responseIf></responseCondition><responseCondition><responseIf><and><match><baseValue baseType="identifier">correct</baseValue><variable identifier="FEEDBACKBASIC" /></match></and><setOutcomeValue identifier="FEEDBACKMODAL"><multiple><variable identifier="FEEDBACKMODAL" /><baseValue baseType="identifier">Feedback1260849926</baseValue></multiple></setOutcomeValue></responseIf></responseCondition><responseCondition><responseIf><and><match><baseValue baseType="identifier">incorrect</baseValue><variable identifier="FEEDBACKBASIC" /></match></and><setOutcomeValue identifier="FEEDBACKMODAL"><multiple><variable identifier="FEEDBACKMODAL" /><baseValue baseType="identifier">Feedback1887193441</baseValue></multiple></setOutcomeValue></responseIf></responseCondition></responseProcessing><modalFeedback  identifier="Feedback1260849926" outcomeIdentifier="FEEDBACKMODAL" showHide="show" title="Richtig!"><p>Wir haben gegeben:</p><ul><li>\(x=100\,n_1+10\,n_2+n_3\) und \(n_1+n_2+n_3=<printedVariable identifier="quersumme" />\).</li><li>\(y=100\,n_2+10\,n_1+n3\) und \(y-x=-90\,n_1+90\,n_2=<printedVariable identifier="diff1" />\).</li><li>\(z=100\,n_3+10\,n_2+n_1\) und \(z-x=-99\,n_1+99\,n_3=<printedVariable identifier="diff2" />\).</li></ul><p>Also ist</p><p>$$A=\begin{pmatrix}1&amp;1&amp;1\\-90&amp;90&amp;0\\-99&amp;0&amp;99\end{pmatrix}.$$</p><p>Durch Lösen des Gleichungssystems erhält man</p><p>\(n_1=<printedVariable identifier="n1" />\), \(n_2=<printedVariable identifier="n2" />\) und \(n_3=<printedVariable identifier="n3" />\), d.h \(x=<printedVariable identifier="zahl" />\).</p></modalFeedback><modalFeedback  identifier="Feedback1887193441" outcomeIdentifier="FEEDBACKMODAL" showHide="show" title="Leider nicht (vollständig) richtig!"><p>Wir haben gegeben:</p><ul><li>\(x=100\,n_1+10\,n_2+n_3\) und \(n_1+n_2+n_3=<printedVariable identifier="quersumme" />\).</li><li>\(y=100\,n_2+10\,n_1+n3\) und \(y-x=-90\,n_1+90\,n_2=<printedVariable identifier="diff1" />\).</li><li>\(z=100\,n_3+10\,n_2+n_1\) und \(z-x=-99\,n_1+99\,n_3=<printedVariable identifier="diff2" />\).</li></ul><p>Also ist</p><p>$$A=\begin{pmatrix}1&amp;1&amp;1\\-90&amp;90&amp;0\\-99&amp;0&amp;99\end{pmatrix}.$$</p><p>Durch Lösen des Gleichungssystems erhält man</p><p>\(n_1=<printedVariable identifier="n1" />\), \(n_2=<printedVariable identifier="n2" />\) und \(n_3=<printedVariable identifier="n3" />\), d.h \(x=<printedVariable identifier="zahl" />\).</p></modalFeedback></assessmentItem>
