<?xml version="1.0" encoding="UTF-8"?>
<assessmentItem xmlns="http://www.imsglobal.org/xsd/imsqti_v2p1" xmlns:xsi="http://www.w3.org/2001/XMLSchema-instance" xsi:schemaLocation="http://www.imsglobal.org/xsd/imsqti_v2p1 http://www.imsglobal.org/xsd/qti/qtiv2p1/imsqti_v2p1p1.xsd http://www.w3.org/1998/Math/MathML http://www.w3.org/Math/XMLSchema/mathml2/mathml2.xsd" identifier="idb46cd5bf-033d-439a-9d1a-1b2f4435b4db" title="vereinfachung_brüche_14" adaptive="false" timeDependent="false"><responseDeclaration identifier="RESPONSE_1409905856442" cardinality="single" baseType="string" /><responseDeclaration identifier="RESPONSE_1409905853369" cardinality="single" baseType="string" /><outcomeDeclaration identifier="SCORE" cardinality="single" baseType="float"><defaultValue><value>0</value></defaultValue></outcomeDeclaration><outcomeDeclaration identifier="MAXSCORE" cardinality="single" baseType="float"><defaultValue><value>1</value></defaultValue></outcomeDeclaration><outcomeDeclaration identifier="FEEDBACKBASIC" cardinality="single" baseType="identifier" view="testConstructor"><defaultValue><value>empty</value></defaultValue></outcomeDeclaration><outcomeDeclaration identifier="FEEDBACKMODAL" cardinality="multiple" baseType="identifier" view="testConstructor" /><templateDeclaration identifier="a" cardinality="single" baseType="integer" /><templateDeclaration identifier="b" cardinality="single" baseType="integer" /><templateDeclaration identifier="2b" cardinality="single" baseType="integer" /><templateDeclaration identifier="b^2" cardinality="single" baseType="integer" /><templateDeclaration identifier="ab" cardinality="single" baseType="integer" /><templateDeclaration identifier="2ab" cardinality="single" baseType="integer" /><templateDeclaration identifier="ab^2" cardinality="single" baseType="integer" /><templateProcessing><setTemplateValue identifier="a"><randomInteger min="2" max="6" /></setTemplateValue><setTemplateValue identifier="b"><randomInteger min="2" max="4" /></setTemplateValue><setTemplateValue identifier="2b"><customOperator definition="MAXIMA" value="float(2*$(1));"><variable identifier="b" /></customOperator></setTemplateValue><setTemplateValue identifier="b^2"><customOperator definition="MAXIMA" value="float($(1)*$(2));"><variable identifier="b" /><variable identifier="b" /></customOperator></setTemplateValue><setTemplateValue identifier="ab"><customOperator definition="MAXIMA" value="float($(1)*$(2));"><variable identifier="a" /><variable identifier="b" /></customOperator></setTemplateValue><setTemplateValue identifier="2ab"><customOperator definition="MAXIMA" value="float(2*$(1));"><variable identifier="ab" /></customOperator></setTemplateValue><setTemplateValue identifier="ab^2"><customOperator definition="MAXIMA" value="float($(1)*$(2));"><variable identifier="a" /><variable identifier="b^2" /></customOperator></setTemplateValue><setCorrectResponse identifier="RESPONSE_1409905856442"><customOperator definition="VARIABLESTRING" value="$(1)*($(2)*y+x)"><variable identifier="a" /><variable identifier="b" /></customOperator></setCorrectResponse><setCorrectResponse identifier="RESPONSE_1409905853369"><customOperator definition="VARIABLESTRING" value="$(1)*y-x"><variable identifier="b" /></customOperator></setCorrectResponse></templateProcessing><itemBody ><p>Vereinfachen Sie den folgenden Ausdruck soweit wie möglich.</p><p>$$\qquad\cfrac{\cfrac{<printedVariable identifier="a" />}{y^2} - \cfrac{<printedVariable identifier="2ab" />}{xy} - \cfrac{<printedVariable identifier="ab^2" />}{x^2}}{\cfrac{<printedVariable identifier="b^2" />}{x^2} - \cfrac{1}{y^2}} = \ldots = \cfrac{u}{v}$$</p><p> </p><p>Bitte ergänzen Sie die Lösung so, dass sowohl im Zähler als auch im Nenner <strong>keine Brüche</strong> und<strong> keine negativen Exponenten</strong> auftauchen!</p><p><strong>Lösung:</strong> \(\qquad u = \) <textEntryInteraction responseIdentifier="RESPONSE_1409905856442" expectedLength="10" class="maxima-formula show-latex" />, \(v = \) <textEntryInteraction responseIdentifier="RESPONSE_1409905853369" expectedLength="10" class="maxima-formula show-latex" /></p><p> </p><p>Hinweise zur Formeleingabe:</p><ul><li>\(x^y=\) x^y, \(x\cdot y\) = x*y, z.B. \(3x\) = 3*x \(\Rightarrow\) Bitte keine * vergessen!</li><li>Durch Klicken auf die ?-Schaltfläche können Sie Ihre Formel vor Speichern der Antwort zunächst überprüfen.</li><li>z.B. Lösung: \(\displaystyle\frac{9}{7z^3}\); Eingabe: \(u=\)9, \(v=\)7*z^3; <span style="text-decoration: underline;">nicht:</span> \(u=\) 9/7*z^-3, \(v=\) 1</li></ul></itemBody><responseProcessing><responseCondition><responseIf><customOperator definition="MAXIMA" value="is(equal(ev($(1)),ev($(2))));"><variable identifier="RESPONSE_1409905856442" /><correct identifier="RESPONSE_1409905856442" /></customOperator><setOutcomeValue identifier="SCORE"><sum><variable identifier="SCORE" /><baseValue baseType="float">0.5</baseValue></sum></setOutcomeValue></responseIf></responseCondition><responseCondition><responseIf><not><isNull><variable identifier="RESPONSE_1409905856442" /></isNull></not><setOutcomeValue identifier="FEEDBACKBASIC"><baseValue baseType="identifier">incorrect</baseValue></setOutcomeValue></responseIf></responseCondition><responseCondition><responseIf><customOperator definition="MAXIMA" value="is(equal(ev($(1)),ev($(2))));"><variable identifier="RESPONSE_1409905853369" /><correct identifier="RESPONSE_1409905853369" /></customOperator><setOutcomeValue identifier="SCORE"><sum><variable identifier="SCORE" /><baseValue baseType="float">0.5</baseValue></sum></setOutcomeValue></responseIf></responseCondition><responseCondition><responseIf><not><isNull><variable identifier="RESPONSE_1409905853369" /></isNull></not><setOutcomeValue identifier="FEEDBACKBASIC"><baseValue baseType="identifier">incorrect</baseValue></setOutcomeValue></responseIf></responseCondition><responseCondition><responseIf><and><not><match><variable identifier="FEEDBACKBASIC" /><baseValue baseType="identifier">empty</baseValue></match></not><equal toleranceMode="exact"><variable identifier="SCORE" /><variable identifier="MAXSCORE" /></equal></and><setOutcomeValue identifier="FEEDBACKBASIC"><baseValue baseType="identifier">correct</baseValue></setOutcomeValue></responseIf></responseCondition><responseCondition><responseIf><and><match><baseValue baseType="identifier">correct</baseValue><variable identifier="FEEDBACKBASIC" /></match></and><setOutcomeValue identifier="FEEDBACKMODAL"><multiple><variable identifier="FEEDBACKMODAL" /><baseValue baseType="identifier">Feedback1256706954</baseValue></multiple></setOutcomeValue></responseIf></responseCondition><responseCondition><responseIf><and><match><baseValue baseType="identifier">incorrect</baseValue><variable identifier="FEEDBACKBASIC" /></match></and><setOutcomeValue identifier="FEEDBACKMODAL"><multiple><variable identifier="FEEDBACKMODAL" /><baseValue baseType="identifier">Feedback216236284</baseValue></multiple></setOutcomeValue></responseIf></responseCondition></responseProcessing><modalFeedback  identifier="Feedback1256706954" outcomeIdentifier="FEEDBACKMODAL" showHide="show" title="Richtig!"><p>Lösung:</p><p>$$\qquad\qquad\cfrac{\cfrac{<printedVariable identifier="a" />}{y^2} + \cfrac{<printedVariable identifier="2ab" />}{xy} + \cfrac{<printedVariable identifier="ab^2" />}{x^2}}{\cfrac{<printedVariable identifier="b^2" />}{x^2} - \cfrac{1}{y^2}} = \frac{<printedVariable identifier="a" /> \cdot (y^{-2} +<printedVariable identifier="2b" />x^{-1}y^{-1} + <printedVariable identifier="b^2" />x^{-2})}{<printedVariable identifier="b^2" />x^{-2}-y^{-2}} = \cfrac{<printedVariable identifier="a" /> \cdot (<printedVariable identifier="b" />x^{-1}+y^{-1})^2}{(<printedVariable identifier="b" />x^{-1}+y^{-1})(<printedVariable identifier="b" />x^{-1}-y^{-1})} = \cfrac{<printedVariable identifier="a" /> \cdot (<printedVariable identifier="b" />x^{-1}+y^{-1})}{<printedVariable identifier="b" />x^{-1}-y^{-1}} = \cfrac{\cfrac{<printedVariable identifier="ab" />}{x} + \cfrac{<printedVariable identifier="a" />}{y}}{\cfrac{<printedVariable identifier="b" />}{x} -\cfrac{1}{y}} = \cfrac{<printedVariable identifier="ab" />y+<printedVariable identifier="a" />x}{<printedVariable identifier="b" />y-x} = \cfrac{<printedVariable identifier="a" />(<printedVariable identifier="b" />y+x)}{<printedVariable identifier="b" />y-x}$$</p></modalFeedback><modalFeedback  identifier="Feedback216236284" outcomeIdentifier="FEEDBACKMODAL" showHide="show" title="Leider falsch!"><p>Lösung:</p><p>$$\qquad\qquad\cfrac{\cfrac{<printedVariable identifier="a" />}{y^2} + \cfrac{<printedVariable identifier="2ab" />}{xy} + \cfrac{<printedVariable identifier="ab^2" />}{x^2}}{\cfrac{<printedVariable identifier="b^2" />}{x^2} - \cfrac{1}{y^2}} = \frac{<printedVariable identifier="a" /> \cdot (y^{-2} +<printedVariable identifier="2b" />x^{-1}y^{-1} + <printedVariable identifier="b^2" />x^{-2})}{<printedVariable identifier="b^2" />x^{-2}-y^{-2}} = \cfrac{<printedVariable identifier="a" /> \cdot (<printedVariable identifier="b" />x^{-1}+y^{-1})^2}{(<printedVariable identifier="b" />x^{-1}+y^{-1})(<printedVariable identifier="b" />x^{-1}-y^{-1})} = \cfrac{<printedVariable identifier="a" /> \cdot (<printedVariable identifier="b" />x^{-1}+y^{-1})}{<printedVariable identifier="b" />x^{-1}-y^{-1}} = \cfrac{\cfrac{<printedVariable identifier="ab" />}{x} + \cfrac{<printedVariable identifier="a" />}{y}}{\cfrac{<printedVariable identifier="b" />}{x} -\cfrac{1}{y}} = \cfrac{<printedVariable identifier="ab" />y+<printedVariable identifier="a" />x}{<printedVariable identifier="b" />y-x} = \cfrac{<printedVariable identifier="a" />(<printedVariable identifier="b" />y+x)}{<printedVariable identifier="b" />y-x}$$</p></modalFeedback></assessmentItem>
