<?xml version="1.0" encoding="UTF-8"?>
<assessmentItem xmlns="http://www.imsglobal.org/xsd/imsqti_v2p1" xmlns:xsi="http://www.w3.org/2001/XMLSchema-instance" xsi:schemaLocation="http://www.imsglobal.org/xsd/imsqti_v2p1 http://www.imsglobal.org/xsd/qti/qtiv2p1/imsqti_v2p1p1.xsd http://www.w3.org/1998/Math/MathML http://www.w3.org/Math/XMLSchema/mathml2/mathml2.xsd" identifier="idee7dc51d-5471-4dc2-b30f-52aa00434e8a" title="lagrange_polynome_graphisch_03" adaptive="false" timeDependent="false"><responseDeclaration identifier="RESPONSE_1" cardinality="multiple" baseType="identifier"><correctResponse><value>idd59161d5-ad8e-4cbd-b380-87770128ddd4</value><value>id0ba93d0a-9206-4e3e-9f4a-179e8749893c</value></correctResponse><mapping defaultValue="0" lowerBound="0.0"><mapEntry mapKey="idd59161d5-ad8e-4cbd-b380-87770128ddd4" mappedValue="0.5" /><mapEntry mapKey="id0ba93d0a-9206-4e3e-9f4a-179e8749893c" mappedValue="0.5" /><mapEntry mapKey="id835cee44-0151-4fcd-af0e-a76ad32cafaa" mappedValue="-0.5" /><mapEntry mapKey="idfbe4ffbc-2882-4fff-84ca-c59f1fff3b9b" mappedValue="-0.5" /></mapping></responseDeclaration><outcomeDeclaration identifier="SCORE" cardinality="single" baseType="float"><defaultValue><value>0</value></defaultValue></outcomeDeclaration><outcomeDeclaration identifier="MAXSCORE" cardinality="single" baseType="float"><defaultValue><value>1</value></defaultValue></outcomeDeclaration><outcomeDeclaration identifier="FEEDBACKBASIC" cardinality="single" baseType="identifier" view="testConstructor"><defaultValue><value>empty</value></defaultValue></outcomeDeclaration><outcomeDeclaration identifier="FEEDBACKMODAL" cardinality="multiple" baseType="identifier" view="testConstructor" /><itemBody ><p>Gegeben seien die Stützstellen \(x_1=1\), \(x_2=2\) und \(x_3=3\).</p><p>Bei welchen der abgebildeteten Polynome handelt es sich um Lagrangesche Basispolynome zu diesen 3 Stützstellen?</p><choiceInteraction responseIdentifier="RESPONSE_1" shuffle="true" maxChoices="0" orientation="horizontal"><simpleChoice identifier="idd59161d5-ad8e-4cbd-b380-87770128ddd4"><p><img src="media%2Fmedium8892258635625945511lagrange2.png" alt="" height="300" /></p></simpleChoice><simpleChoice identifier="id0ba93d0a-9206-4e3e-9f4a-179e8749893c"><p><img src="media%2Fmedium3876546291380904684lagrange3.png" alt="" height="300" /></p></simpleChoice><simpleChoice identifier="id835cee44-0151-4fcd-af0e-a76ad32cafaa"><p><img src="media%2Fmedium7582345864402996469no_lagrange6.png" alt="" height="300" /></p></simpleChoice><simpleChoice identifier="idfbe4ffbc-2882-4fff-84ca-c59f1fff3b9b"><p><img src="media%2Fmedium8167105175206119563no_lagrange3.png" alt="" height="300" /></p></simpleChoice></choiceInteraction></itemBody><responseProcessing><responseCondition><responseIf><not><isNull><variable identifier="RESPONSE_1" /></isNull></not><setOutcomeValue identifier="SCORE"><sum><variable identifier="SCORE" /><mapResponse identifier="RESPONSE_1" /></sum></setOutcomeValue><setOutcomeValue identifier="FEEDBACKBASIC"><baseValue baseType="identifier">incorrect</baseValue></setOutcomeValue></responseIf></responseCondition><responseCondition><responseIf><and><not><match><variable identifier="FEEDBACKBASIC" /><baseValue baseType="identifier">empty</baseValue></match></not><equal toleranceMode="exact"><variable identifier="SCORE" /><variable identifier="MAXSCORE" /></equal></and><setOutcomeValue identifier="FEEDBACKBASIC"><baseValue baseType="identifier">correct</baseValue></setOutcomeValue></responseIf></responseCondition><responseCondition><responseIf><and><match><baseValue baseType="identifier">incorrect</baseValue><variable identifier="FEEDBACKBASIC" /></match></and><setOutcomeValue identifier="FEEDBACKMODAL"><multiple><variable identifier="FEEDBACKMODAL" /><baseValue baseType="identifier">Feedback978322573</baseValue></multiple></setOutcomeValue></responseIf></responseCondition></responseProcessing><modalFeedback  identifier="Feedback978322573" outcomeIdentifier="FEEDBACKMODAL" showHide="show" title="Man beachte:"><p>Lagrange-Polynome nehmen den Wert 1 nur in genau einer Stützstelle an!</p><p>Die Lagrange-Polynome zu 3 Stützstellen haben den Grad 2.<br />Eines der hier abgebildeten Polynome ist offenbar von höherer Ordnung!</p></modalFeedback></assessmentItem>
