<?xml version="1.0" encoding="UTF-8"?>
<assessmentItem xmlns="http://www.imsglobal.org/xsd/imsqti_v2p1" xmlns:xsi="http://www.w3.org/2001/XMLSchema-instance" xsi:schemaLocation="http://www.imsglobal.org/xsd/imsqti_v2p1 http://www.imsglobal.org/xsd/qti/qtiv2p1/imsqti_v2p1p1.xsd http://www.w3.org/1998/Math/MathML http://www.w3.org/Math/XMLSchema/mathml2/mathml2.xsd" identifier="id423d8e54-3d1e-453a-80f8-617a0e480ced" title="aussagen_ew_ev_01" adaptive="false" timeDependent="false"><responseDeclaration identifier="RESPONSE_1" cardinality="multiple" baseType="identifier"><correctResponse><value>ida7c7818a-a877-45d9-95e1-11b3eafe9c05</value><value>idf07b0157-3f7f-4fa5-b88e-25781e163297</value><value>idf01c1c1e-e88e-4bdb-b364-625088741040</value><value>id6e8b0eca-eb7d-4e03-ae0c-86306e06c828</value></correctResponse><mapping defaultValue="0" lowerBound="0.0"><mapEntry mapKey="ida7c7818a-a877-45d9-95e1-11b3eafe9c05" mappedValue="0.5" /><mapEntry mapKey="idf07b0157-3f7f-4fa5-b88e-25781e163297" mappedValue="0.5" /><mapEntry mapKey="idf01c1c1e-e88e-4bdb-b364-625088741040" mappedValue="0.5" /><mapEntry mapKey="id6e8b0eca-eb7d-4e03-ae0c-86306e06c828" mappedValue="0.5" /><mapEntry mapKey="idf8aab1f8-b3d5-4814-b782-5aaf1364f6b1" mappedValue="-1.0" /><mapEntry mapKey="id87d6e987-0934-4db8-939c-4ede2e6cf855" mappedValue="-1.0" /></mapping></responseDeclaration><outcomeDeclaration identifier="SCORE" cardinality="single" baseType="float"><defaultValue><value>0</value></defaultValue></outcomeDeclaration><outcomeDeclaration identifier="MAXSCORE" cardinality="single" baseType="float"><defaultValue><value>2</value></defaultValue></outcomeDeclaration><outcomeDeclaration identifier="FEEDBACKBASIC" cardinality="single" baseType="identifier" view="testConstructor"><defaultValue><value>empty</value></defaultValue></outcomeDeclaration><itemBody ><p>Entscheiden Sie, welche der folgenden Aussagen wahr sind!</p><choiceInteraction responseIdentifier="RESPONSE_1" shuffle="true" maxChoices="0"><simpleChoice identifier="ida7c7818a-a877-45d9-95e1-11b3eafe9c05"><p>Ist \(v\neq\vec 0\) ein Eigenvektor der Matrix \(A\), so ist auch \(c\cdot v\) für jedes \(c\neq0\) ein Eigenvektor der Matrix \(A\).</p></simpleChoice><simpleChoice identifier="idf07b0157-3f7f-4fa5-b88e-25781e163297"><p>Ist die Matrix \(A\) invertierbar, so sind alle ihre Eigenwerte \(\neq0\).</p></simpleChoice><simpleChoice identifier="idf01c1c1e-e88e-4bdb-b364-625088741040"><p>Ist \(v_1\neq\vec0\) ein Eigenvektor von \(A_1\) und \(v_2\neq\vec0\) ein Eigenvektor von \(A_2\) zum selben Eigenwert, dann ist \(v_1+v_2\) ein Eigenvektor von \(A_1+A_2\).</p></simpleChoice><simpleChoice identifier="id6e8b0eca-eb7d-4e03-ae0c-86306e06c828"><p>\(v\neq\vec 0\) ist Eigenvektor von \(A\). \(\iff\) Die Multiplikation von \(A\) mit \(v\) entspricht der Multiplikation von \(v\) mit einer Zahl.</p></simpleChoice><simpleChoice identifier="idf8aab1f8-b3d5-4814-b782-5aaf1364f6b1"><p>Sind \(v_1\neq\vec0\) und \(v_2\neq\vec0\) Eigenvektoren der Matrix \(A\), so ist auch \(v_1+v_2\) ein Eigenvektor der Matrix \(A\).</p></simpleChoice><simpleChoice identifier="id87d6e987-0934-4db8-939c-4ede2e6cf855"><p>Ist \(\lambda=0\) der einzige Eigenwert von \(A\), so ist \(A\) die Nullmatrix/ Nullabbildung.</p></simpleChoice></choiceInteraction></itemBody><responseProcessing><responseCondition><responseIf><not><isNull><variable identifier="RESPONSE_1" /></isNull></not><setOutcomeValue identifier="SCORE"><sum><variable identifier="SCORE" /><mapResponse identifier="RESPONSE_1" /></sum></setOutcomeValue><setOutcomeValue identifier="FEEDBACKBASIC"><baseValue baseType="identifier">incorrect</baseValue></setOutcomeValue></responseIf></responseCondition><responseCondition><responseIf><and><not><match><variable identifier="FEEDBACKBASIC" /><baseValue baseType="identifier">empty</baseValue></match></not><equal toleranceMode="exact"><variable identifier="SCORE" /><variable identifier="MAXSCORE" /></equal></and><setOutcomeValue identifier="FEEDBACKBASIC"><baseValue baseType="identifier">correct</baseValue></setOutcomeValue></responseIf></responseCondition></responseProcessing></assessmentItem>
