<?xml version="1.0" encoding="UTF-8"?>
<manifest
	xmlns="http://www.imsglobal.org/xsd/imscp_v1p1"
	xmlns:xsi="http://www.w3.org/2001/XMLSchema-instance" 
	xsi:schemaLocation="http://www.imsglobal.org/xsd/imscp_v1p1 http://www.imsglobal.org/xsd/qti/qtiv2p1/qtiv2p1_imscpv1p2_v1p0.xsd 
											http://www.imsglobal.org/xsd/imsqti_v2p1 http://www.imsglobal.org/xsd/qti/qtiv2p1/imsqti_v2p1p1.xsd 
											http://www.imsglobal.org/xsd/imsqti_metadata_v2p1 http://www.imsglobal.org/xsd/qti/qtiv2p1/imsqti_metadata_v2p1p1.xsd
											http://ltsc.ieee.org/xsd/LOM http://www.imsglobal.org/xsd/imsmd_loose_v1p3p2.xsd"
	identifier="manifestID">
	<metadata>
		<schema>QTIv2.1 Package</schema>
    <schemaversion>1.0.0</schemaversion>
  </metadata>
	<organizations />
	<resources>
		<resource identifier="id423d8e54_3d1e_453a_80f8_617a0e480ced" type="imsqti_item_xmlv2p1" href="id423d8e54-3d1e-453a-80f8-617a0e480ced.xml"><metadata><lom xmlns="http://ltsc.ieee.org/xsd/LOM"><general ><identifier><entry>id423d8e54-3d1e-453a-80f8-617a0e480ced</entry></identifier><title><string language="en_US">aussagen_ew_ev_01</string></title><language>de</language><keyword><string language="en_US">Eigenvektor</string></keyword><keyword><string language="en_US">Eigenwert</string></keyword></general><lifeCycle ><contribute><date><dateTime>2014-06-10T11:20:08</dateTime></date><role><source>LOMv1.0</source><value>author</value></role><entity>BEGIN:VCARD&#xD;
VERSION:4.0&#xD;
FN:nesfr@tu-chemnitz.de&#xD;
PRODID:ONYX Editor 5.6.3&#xD;
END:VCARD&#xD;
</entity></contribute></lifeCycle><educational ><learningResourceType><source>QTIv2.1</source><value>AssessmentItem</value></learningResourceType></educational><classification ><purpose><source>LOMv1.0</source><value>discipline</value></purpose><taxonPath><source><string language="en_US">Unknown</string></source><taxon><entry><string language="en_US">Mathematik.Lineare Algebra.Eigenwerte und Eigenvektoren</string></entry></taxon></taxonPath></classification><qtiMetadata xmlns="http://www.imsglobal.org/xsd/imsqti_metadata_v2p1"><interactionType >choiceInteraction</interactionType><toolName >ONYX Editor</toolName><toolVersion >5.6.3</toolVersion><toolVendor >BPS Bildungsportal Sachsen GmbH</toolVendor></qtiMetadata></lom></metadata><file href="id423d8e54-3d1e-453a-80f8-617a0e480ced.xml" /></resource>
	</resources>
</manifest>
