<?xml version="1.0" encoding="UTF-8"?>
<assessmentItem xmlns="http://www.imsglobal.org/xsd/imsqti_v2p1" xmlns:xsi="http://www.w3.org/2001/XMLSchema-instance" xsi:schemaLocation="http://www.imsglobal.org/xsd/imsqti_v2p1 http://www.imsglobal.org/xsd/qti/qtiv2p1/imsqti_v2p1p1.xsd http://www.w3.org/1998/Math/MathML http://www.w3.org/Math/XMLSchema/mathml2/mathml2.xsd" identifier="idf5c5771a-84b7-451d-a577-e881e2dc9923" title="verbindungsgerade_02" adaptive="false" timeDependent="false"><responseDeclaration identifier="RESPONSE_1386163507419" cardinality="single" baseType="float"><correctResponse><value>0</value></correctResponse></responseDeclaration><responseDeclaration identifier="RESPONSE_1386163526777" cardinality="single" baseType="float"><correctResponse><value>0</value></correctResponse></responseDeclaration><outcomeDeclaration identifier="SCORE" cardinality="single" baseType="float"><defaultValue><value>0</value></defaultValue></outcomeDeclaration><outcomeDeclaration identifier="MAXSCORE" cardinality="single" baseType="float"><defaultValue><value>2</value></defaultValue></outcomeDeclaration><outcomeDeclaration identifier="FEEDBACKBASIC" cardinality="single" baseType="identifier" view="testConstructor"><defaultValue><value>empty</value></defaultValue></outcomeDeclaration><templateDeclaration identifier="x1" cardinality="single" baseType="integer" /><templateDeclaration identifier="vx" cardinality="single" baseType="integer" /><templateDeclaration identifier="dx" cardinality="single" baseType="integer" /><templateDeclaration identifier="x2" cardinality="single" baseType="float" /><templateDeclaration identifier="anstieg" cardinality="single" baseType="integer" /><templateDeclaration identifier="verschiebung" cardinality="single" baseType="integer" /><templateDeclaration identifier="y1" cardinality="single" baseType="float" /><templateDeclaration identifier="y2" cardinality="single" baseType="float" /><templateProcessing><setTemplateValue identifier="x1"><randomInteger min="-5" max="5" /></setTemplateValue><setTemplateValue identifier="vx"><randomInteger min="-1" max="1" step="2" /></setTemplateValue><setTemplateValue identifier="dx"><randomInteger min="1" max="5" /></setTemplateValue><setTemplateValue identifier="x2"><customOperator definition="MAXIMA" value="float($(1)+$(2)*$(3));"><variable identifier="x1" /><variable identifier="vx" /><variable identifier="dx" /></customOperator></setTemplateValue><setTemplateValue identifier="anstieg"><random><multiple><baseValue baseType="integer">-5</baseValue><baseValue baseType="integer">-4</baseValue><baseValue baseType="integer">-3</baseValue><baseValue baseType="integer">-2</baseValue><baseValue baseType="integer">-1</baseValue><baseValue baseType="integer">1</baseValue><baseValue baseType="integer">2</baseValue><baseValue baseType="integer">3</baseValue><baseValue baseType="integer">4</baseValue><baseValue baseType="integer">5</baseValue></multiple></random></setTemplateValue><setTemplateValue identifier="verschiebung"><randomInteger min="-10" max="10" /></setTemplateValue><setTemplateValue identifier="y1"><customOperator definition="MAXIMA" value="float($(1)*$(2)+$(3));"><variable identifier="anstieg" /><variable identifier="x1" /><variable identifier="verschiebung" /></customOperator></setTemplateValue><setTemplateValue identifier="y2"><customOperator definition="MAXIMA" value="float($(1)*$(2)+$(3));"><variable identifier="anstieg" /><variable identifier="x2" /><variable identifier="verschiebung" /></customOperator></setTemplateValue><setCorrectResponse identifier="RESPONSE_1386163507419"><variable identifier="anstieg" /></setCorrectResponse><setCorrectResponse identifier="RESPONSE_1386163526777"><variable identifier="verschiebung" /></setCorrectResponse></templateProcessing><itemBody ><p>Gegeben seien die Punkte \((<printedVariable identifier="x1" />,<printedVariable identifier="y1" />)\) und \((<printedVariable identifier="x2" />,<printedVariable identifier="y2" />)\).</p><p>Die beiden Punkte werden durch eine Funktion der Form $$f(x)=mx+n$$ miteinander verbunden. Berechnen Sie \(m\) und \(n\)!</p><p>\(m\) = <textEntryInteraction responseIdentifier="RESPONSE_1386163507419" /></p><p>\(n\) = <textEntryInteraction responseIdentifier="RESPONSE_1386163526777" /></p></itemBody><responseProcessing><responseCondition><responseIf><equal toleranceMode="absolute" tolerance="0.01 0.01" includeLowerBound="true" includeUpperBound="true"><variable identifier="RESPONSE_1386163507419" /><correct identifier="RESPONSE_1386163507419" /></equal><setOutcomeValue identifier="SCORE"><sum><variable identifier="SCORE" /><baseValue baseType="float">1</baseValue></sum></setOutcomeValue></responseIf></responseCondition><responseCondition><responseIf><not><isNull><variable identifier="RESPONSE_1386163507419" /></isNull></not><setOutcomeValue identifier="FEEDBACKBASIC"><baseValue baseType="identifier">incorrect</baseValue></setOutcomeValue></responseIf></responseCondition><responseCondition><responseIf><equal toleranceMode="absolute" tolerance="0.01 0.01" includeLowerBound="true" includeUpperBound="true"><variable identifier="RESPONSE_1386163526777" /><correct identifier="RESPONSE_1386163526777" /></equal><setOutcomeValue identifier="SCORE"><sum><variable identifier="SCORE" /><baseValue baseType="float">1</baseValue></sum></setOutcomeValue></responseIf></responseCondition><responseCondition><responseIf><not><isNull><variable identifier="RESPONSE_1386163526777" /></isNull></not><setOutcomeValue identifier="FEEDBACKBASIC"><baseValue baseType="identifier">incorrect</baseValue></setOutcomeValue></responseIf></responseCondition><responseCondition><responseIf><and><not><match><variable identifier="FEEDBACKBASIC" /><baseValue baseType="identifier">empty</baseValue></match></not><equal toleranceMode="exact"><variable identifier="SCORE" /><variable identifier="MAXSCORE" /></equal></and><setOutcomeValue identifier="FEEDBACKBASIC"><baseValue baseType="identifier">correct</baseValue></setOutcomeValue></responseIf></responseCondition></responseProcessing></assessmentItem>
