<?xml version="1.0" encoding="UTF-8"?>
<assessmentItem xmlns="http://www.imsglobal.org/xsd/imsqti_v2p1" xmlns:xsi="http://www.w3.org/2001/XMLSchema-instance" xsi:schemaLocation="http://www.imsglobal.org/xsd/imsqti_v2p1 imsqti_v2p1.xsd" identifier="idc58d7c79-d338-4827-8941-776c43aefcc2" title="13. Grundlagen Projektmanagement" adaptive="false" timeDependent="false"><responseDeclaration identifier="RESPONSE_1" cardinality="multiple" baseType="identifier"><correctResponse><value>id8dd534cb-2524-45cb-8f2d-6266c713a204</value><value>id5d632be9-35c9-4fd0-89f9-69afe715e02a</value><value>id4cfbf88d-29dc-43e9-a1ba-b1f75b7393f2</value><value>id2770e5ed-9414-447c-8d00-8641228efb00</value><value>id2fae3027-f646-40ec-a416-b0562e444182</value><value>iddfe4268e-83f1-4627-bb29-17ae9dc4e02c</value></correctResponse><mapping defaultValue="0" lowerBound="0.0"><mapEntry mapKey="id8dd534cb-2524-45cb-8f2d-6266c713a204" mappedValue="1.0" /><mapEntry mapKey="id5d632be9-35c9-4fd0-89f9-69afe715e02a" mappedValue="1.0" /><mapEntry mapKey="id4cfbf88d-29dc-43e9-a1ba-b1f75b7393f2" mappedValue="1.0" /><mapEntry mapKey="id2770e5ed-9414-447c-8d00-8641228efb00" mappedValue="1.0" /><mapEntry mapKey="id2fae3027-f646-40ec-a416-b0562e444182" mappedValue="1.0" /><mapEntry mapKey="iddfe4268e-83f1-4627-bb29-17ae9dc4e02c" mappedValue="1.0" /><mapEntry mapKey="id941f17cf-6100-4f7b-be9c-c6dbec3dc507" mappedValue="-2.0" /><mapEntry mapKey="id6fc5c428-149b-4222-a262-244e431c5885" mappedValue="-2.0" /><mapEntry mapKey="id97e62339-fcf2-4160-ac95-c5fb8ca96d0d" mappedValue="-2.0" /></mapping></responseDeclaration><outcomeDeclaration identifier="SCORE" cardinality="single" baseType="float"><defaultValue><value>0</value></defaultValue></outcomeDeclaration><outcomeDeclaration identifier="MAXSCORE" cardinality="single" baseType="float"><defaultValue><value>6</value></defaultValue></outcomeDeclaration><outcomeDeclaration identifier="FEEDBACKBASIC" cardinality="single" baseType="identifier" view="testConstructor"><defaultValue><value>empty</value></defaultValue></outcomeDeclaration><itemBody><p xmlns=""><strong>Welche Inhalte gehören nach DIN in einen Projektauftrag?</strong></p><p xmlns="">(Klicken Sie die richtige(n) Antwort(en) an)</p><p xmlns=""> </p><p xmlns=""><strong>Antwort:</strong></p><choiceInteraction responseIdentifier="RESPONSE_1" shuffle="true" maxChoices="0"><simpleChoice identifier="id8dd534cb-2524-45cb-8f2d-6266c713a204"><p xmlns="">Zielsetzung des Vorhabens</p></simpleChoice><simpleChoice identifier="id5d632be9-35c9-4fd0-89f9-69afe715e02a"><p xmlns="">erwartete Ergebnisse</p></simpleChoice><simpleChoice identifier="id4cfbf88d-29dc-43e9-a1ba-b1f75b7393f2"><p xmlns="">bei der Durchführung des Projektes zu beachtende Randbedingungen</p></simpleChoice><simpleChoice identifier="id2770e5ed-9414-447c-8d00-8641228efb00"><p xmlns="">Verantwortlichkeiten</p></simpleChoice><simpleChoice identifier="id2fae3027-f646-40ec-a416-b0562e444182"><p xmlns="">geplante Ressourcen</p></simpleChoice><simpleChoice identifier="iddfe4268e-83f1-4627-bb29-17ae9dc4e02c"><p xmlns="">übereinstimmende Willensbekundung des Auftraggebers und des Projektverantwortlichen</p></simpleChoice><simpleChoice identifier="id941f17cf-6100-4f7b-be9c-c6dbec3dc507"><p xmlns="">Ergebnisse Qualitätsanlyse</p></simpleChoice><simpleChoice identifier="id6fc5c428-149b-4222-a262-244e431c5885"><p xmlns="">Meilensteinberichte</p></simpleChoice><simpleChoice identifier="id97e62339-fcf2-4160-ac95-c5fb8ca96d0d"><p xmlns="">Bedinungsanleitung der benötigten Maschinen und Werkzeuge</p></simpleChoice></choiceInteraction></itemBody><responseProcessing><responseCondition><responseIf><not><isNull><variable identifier="RESPONSE_1" /></isNull></not><setOutcomeValue identifier="SCORE"><sum><variable identifier="SCORE" /><mapResponse identifier="RESPONSE_1" /></sum></setOutcomeValue><setOutcomeValue identifier="FEEDBACKBASIC"><baseValue baseType="identifier">incorrect</baseValue></setOutcomeValue></responseIf></responseCondition><responseCondition><responseIf><and><not><match><variable identifier="FEEDBACKBASIC" /><baseValue baseType="identifier">empty</baseValue></match></not><equal toleranceMode="exact"><variable identifier="SCORE" /><variable identifier="MAXSCORE" /></equal></and><setOutcomeValue identifier="FEEDBACKBASIC"><baseValue baseType="identifier">correct</baseValue></setOutcomeValue></responseIf></responseCondition></responseProcessing></assessmentItem>
