<?xml version="1.0" encoding="UTF-8"?>
<assessmentItem xmlns="http://www.imsglobal.org/xsd/imsqti_v2p1" xmlns:xsi="http://www.w3.org/2001/XMLSchema-instance" xsi:schemaLocation="http://www.imsglobal.org/xsd/imsqti_v2p1 http://www.imsglobal.org/xsd/qti/qtiv2p1/imsqti_v2p1p1.xsd http://www.w3.org/1998/Math/MathML http://www.w3.org/Math/XMLSchema/mathml2/mathml2.xsd" identifier="idb90ea548-9d67-481b-8bc9-d0a1a601bc6c" title="n-te_ableitung_06" adaptive="false" timeDependent="false"><responseDeclaration identifier="RESPONSE_1410427560266" cardinality="single" baseType="string" /><responseDeclaration identifier="RESPONSE_1410427577875" cardinality="single" baseType="string" /><outcomeDeclaration identifier="SCORE" cardinality="single" baseType="float"><defaultValue><value>0</value></defaultValue></outcomeDeclaration><outcomeDeclaration identifier="MAXSCORE" cardinality="single" baseType="float"><defaultValue><value>2</value></defaultValue></outcomeDeclaration><outcomeDeclaration identifier="FEEDBACKBASIC" cardinality="single" baseType="identifier" view="testConstructor"><defaultValue><value>empty</value></defaultValue></outcomeDeclaration><outcomeDeclaration identifier="FEEDBACKMODAL" cardinality="multiple" baseType="identifier" view="testConstructor" /><templateProcessing><setCorrectResponse identifier="RESPONSE_1410427560266"><customOperator definition="VARIABLESTRING" value="sinh(x)" /></setCorrectResponse><setCorrectResponse identifier="RESPONSE_1410427577875"><customOperator definition="VARIABLESTRING" value="cosh(x)" /></setCorrectResponse></templateProcessing><itemBody ><p><p>Wir betrachten die Funktion \(f(x) = \sinh x\). Wie lautet die n-te Ableitung von \(f\)?</p><p><strong>Lösung:</strong> $$\qquad\qquad f^{(n)}(x) = \left\{\begin{array}{l l} u(x) &amp;\quad : n\ gerade \\ v(x) &amp; \quad : n\ ungerade \end{array} \right. \qquad (n\in\mathbb N) $$</p><p> </p><p>\(\qquad\qquad\qquad\qquad\) \(u(x) = \)<textEntryInteraction responseIdentifier="RESPONSE_1410427560266" expectedLength="5" class="maxima-formula show-latex" /> \(\qquad\qquad v(x) = \)<textEntryInteraction responseIdentifier="RESPONSE_1410427577875" expectedLength="5" class="maxima-formula show-latex" />.</p><p> </p><p>Hinweise zur Formeleingabe:</p><ul><li>\(\sinh x =\) sinh(x), \(\cosh x =\) cosh(x)</li><li>Durch Klicken auf die ?-Schaltfläche können Sie Ihre Formel vor Speichern der Antwort zunächst überprüfen.</li></ul></p></itemBody><responseProcessing><responseCondition><responseIf><customOperator definition="MAXIMA" value="is(equal(ev($(1)),ev($(2))));"><variable identifier="RESPONSE_1410427560266" /><correct identifier="RESPONSE_1410427560266" /></customOperator><setOutcomeValue identifier="SCORE"><sum><variable identifier="SCORE" /><baseValue baseType="float">1</baseValue></sum></setOutcomeValue></responseIf></responseCondition><responseCondition><responseIf><not><isNull><variable identifier="RESPONSE_1410427560266" /></isNull></not><setOutcomeValue identifier="FEEDBACKBASIC"><baseValue baseType="identifier">incorrect</baseValue></setOutcomeValue></responseIf></responseCondition><responseCondition><responseIf><customOperator definition="MAXIMA" value="is(equal(ev($(1)),ev($(2))));"><variable identifier="RESPONSE_1410427577875" /><correct identifier="RESPONSE_1410427577875" /></customOperator><setOutcomeValue identifier="SCORE"><sum><variable identifier="SCORE" /><baseValue baseType="float">1</baseValue></sum></setOutcomeValue></responseIf></responseCondition><responseCondition><responseIf><not><isNull><variable identifier="RESPONSE_1410427577875" /></isNull></not><setOutcomeValue identifier="FEEDBACKBASIC"><baseValue baseType="identifier">incorrect</baseValue></setOutcomeValue></responseIf></responseCondition><responseCondition><responseIf><and><not><match><variable identifier="FEEDBACKBASIC" /><baseValue baseType="identifier">empty</baseValue></match></not><equal toleranceMode="exact"><variable identifier="SCORE" /><variable identifier="MAXSCORE" /></equal></and><setOutcomeValue identifier="FEEDBACKBASIC"><baseValue baseType="identifier">correct</baseValue></setOutcomeValue></responseIf></responseCondition><responseCondition><responseIf><and><match><baseValue baseType="identifier">correct</baseValue><variable identifier="FEEDBACKBASIC" /></match></and><setOutcomeValue identifier="FEEDBACKMODAL"><multiple><variable identifier="FEEDBACKMODAL" /><baseValue baseType="identifier">Feedback707453838</baseValue></multiple></setOutcomeValue></responseIf></responseCondition><responseCondition><responseIf><and><match><baseValue baseType="identifier">incorrect</baseValue><variable identifier="FEEDBACKBASIC" /></match></and><setOutcomeValue identifier="FEEDBACKMODAL"><multiple><variable identifier="FEEDBACKMODAL" /><baseValue baseType="identifier">Feedback1707185474</baseValue></multiple></setOutcomeValue></responseIf></responseCondition></responseProcessing><modalFeedback  identifier="Feedback707453838" outcomeIdentifier="FEEDBACKMODAL" showHide="show" title="Richtig!" /><modalFeedback  identifier="Feedback1707185474" outcomeIdentifier="FEEDBACKMODAL" showHide="show" title="Leider falsch!"><p>Es gilt: \((\sinh x)' = \cosh x\) und \((\cosh x)' = \sinh x\), denn</p><p> </p><p>\(\qquad\qquad \sinh x = \dfrac{\mathrm e^x-\mathrm e^{-x}}{2} \qquad\qquad \cosh x = \dfrac{\mathrm e^x+\mathrm e^{-x}}{2}\).</p></modalFeedback></assessmentItem>
