<?xml version="1.0" encoding="UTF-8"?>
<assessmentItem xmlns="http://www.imsglobal.org/xsd/imsqti_v2p1" xmlns:xsi="http://www.w3.org/2001/XMLSchema-instance" xsi:schemaLocation="http://www.imsglobal.org/xsd/imsqti_v2p1 http://www.imsglobal.org/xsd/qti/qtiv2p1/imsqti_v2p1p1.xsd http://www.w3.org/1998/Math/MathML http://www.w3.org/Math/XMLSchema/mathml2/mathml2.xsd" identifier="id9ff7d140-d09e-499a-b741-d223d79e9847" title="BedingteWahrscheinlichkeit1" adaptive="false" timeDependent="false"><responseDeclaration identifier="RESPONSE_1400844707875" cardinality="single" baseType="float"><correctResponse><value>0</value></correctResponse></responseDeclaration><responseDeclaration identifier="RESPONSE_1400844761496" cardinality="single" baseType="float"><correctResponse><value>0</value></correctResponse></responseDeclaration><responseDeclaration identifier="RESPONSE_1400844791208" cardinality="single" baseType="float"><correctResponse><value>0</value></correctResponse></responseDeclaration><responseDeclaration identifier="RESPONSE_1400844820219" cardinality="single" baseType="float"><correctResponse><value>0</value></correctResponse></responseDeclaration><outcomeDeclaration identifier="SCORE" cardinality="single" baseType="float"><defaultValue><value>0</value></defaultValue></outcomeDeclaration><outcomeDeclaration identifier="MAXSCORE" cardinality="single" baseType="float"><defaultValue><value>4</value></defaultValue></outcomeDeclaration><outcomeDeclaration identifier="FEEDBACKBASIC" cardinality="single" baseType="identifier" view="testConstructor"><defaultValue><value>empty</value></defaultValue></outcomeDeclaration><outcomeDeclaration identifier="FEEDBACKMODAL" cardinality="multiple" baseType="identifier" view="testConstructor" /><templateDeclaration identifier="p" cardinality="single" baseType="string" /><templateDeclaration identifier="m" cardinality="single" baseType="string" /><templateDeclaration identifier="pm" cardinality="single" baseType="string" /><templateDeclaration identifier="a" cardinality="single" baseType="float" /><templateDeclaration identifier="b" cardinality="single" baseType="float" /><templateDeclaration identifier="c" cardinality="single" baseType="float" /><templateDeclaration identifier="d" cardinality="single" baseType="float" /><templateProcessing><setTemplateValue identifier="p"><random><multiple><baseValue baseType="string">35</baseValue><baseValue baseType="string">30</baseValue><baseValue baseType="string">27</baseValue><baseValue baseType="string">24</baseValue><baseValue baseType="string">20</baseValue></multiple></random></setTemplateValue><setTemplateValue identifier="m"><random><multiple><baseValue baseType="string">18</baseValue><baseValue baseType="string">16</baseValue><baseValue baseType="string">15</baseValue><baseValue baseType="string">14</baseValue><baseValue baseType="string">13</baseValue><baseValue baseType="string">12</baseValue></multiple></random></setTemplateValue><setTemplateValue identifier="pm"><random><multiple><baseValue baseType="string">11</baseValue><baseValue baseType="string">10</baseValue><baseValue baseType="string">9</baseValue><baseValue baseType="string">8</baseValue><baseValue baseType="string">7</baseValue></multiple></random></setTemplateValue><setTemplateValue identifier="a"><customOperator definition="MAXIMA" value="float(100-$(1));"><variable identifier="m" /></customOperator></setTemplateValue><setTemplateValue identifier="b"><customOperator definition="MAXIMA" value="float($(1)/$(2)*100);"><variable identifier="pm" /><variable identifier="m" /></customOperator></setTemplateValue><setTemplateValue identifier="c"><customOperator definition="MAXIMA" value="float($(1)/$(2)*100);"><variable identifier="pm" /><variable identifier="p" /></customOperator></setTemplateValue><setTemplateValue identifier="d"><customOperator definition="MAXIMA" value="float(($(1)+$(2)-$(3)));"><variable identifier="m" /><variable identifier="p" /><variable identifier="pm" /></customOperator></setTemplateValue><setCorrectResponse identifier="RESPONSE_1400844707875"><variable identifier="a" /></setCorrectResponse><setCorrectResponse identifier="RESPONSE_1400844761496"><variable identifier="b" /></setCorrectResponse><setCorrectResponse identifier="RESPONSE_1400844791208"><variable identifier="c" /></setCorrectResponse><setCorrectResponse identifier="RESPONSE_1400844820219"><variable identifier="d" /></setCorrectResponse></templateProcessing><itemBody ><p><p style="-qt-block-indent: 0; text-indent: 0px; margin: 0px;">Bei einer Prüfung sind <printedVariable identifier="p" />% der Prüflinge in Physik (Ph),</p><p style="-qt-block-indent: 0; text-indent: 0px; margin: 0px;"><printedVariable identifier="m" />% in Mathematik (Ma) und <printedVariable identifier="pm" />% in Ph und Ma</p><p style="-qt-block-indent: 0; text-indent: 0px; margin: 0px;">durchgefallen.</p><p style="-qt-block-indent: 0; text-indent: 0px; margin: 0px;">Einer der Prüflinge wird zufällig ausgewählt.</p><p style="-qt-block-indent: 0; text-indent: 0px; margin: 0px;">Wie gross ist die Wahrscheinlichkeit (in Prozent, gerundet auf eine Stelle nach dem Komma) dafür, dass er</p><p style="-qt-block-indent: 0; text-indent: 0px; margin: 0px;"> </p><p style="-qt-block-indent: 0; text-indent: 0px; margin: 0px;">a.)  Ma bestanden hat:    <textEntryInteraction responseIdentifier="RESPONSE_1400844707875" expectedLength="3" /> %</p><p style="-qt-block-indent: 0; text-indent: 0px; margin: 0px;">b.) in Ph durchfiel, wenn man weiß, dass er in Ma nicht bestanden hat:   <textEntryInteraction responseIdentifier="RESPONSE_1400844761496" expectedLength="3" /> %</p><p style="-qt-block-indent: 0; text-indent: 0px; margin: 0px;">c.) in Ma duchfiel, wenn man weiß, dass er Ph nicht bestanden hat:     <textEntryInteraction responseIdentifier="RESPONSE_1400844791208" expectedLength="3" /> %</p><p style="-qt-block-indent: 0; text-indent: 0px; margin: 0px;">d.) in Ph oder Ma durchfiel:    <textEntryInteraction responseIdentifier="RESPONSE_1400844820219" expectedLength="5" /> %</p><p> </p></p></itemBody><responseProcessing><responseCondition><responseIf><equal toleranceMode="absolute" tolerance="0.1 0.1" includeLowerBound="true" includeUpperBound="true"><variable identifier="RESPONSE_1400844707875" /><correct identifier="RESPONSE_1400844707875" /></equal><setOutcomeValue identifier="SCORE"><sum><variable identifier="SCORE" /><baseValue baseType="float">1</baseValue></sum></setOutcomeValue></responseIf></responseCondition><responseCondition><responseIf><not><isNull><variable identifier="RESPONSE_1400844707875" /></isNull></not><setOutcomeValue identifier="FEEDBACKBASIC"><baseValue baseType="identifier">incorrect</baseValue></setOutcomeValue></responseIf></responseCondition><responseCondition><responseIf><equal toleranceMode="absolute" tolerance="0.1 0.1" includeLowerBound="true" includeUpperBound="true"><variable identifier="RESPONSE_1400844761496" /><correct identifier="RESPONSE_1400844761496" /></equal><setOutcomeValue identifier="SCORE"><sum><variable identifier="SCORE" /><baseValue baseType="float">1</baseValue></sum></setOutcomeValue></responseIf></responseCondition><responseCondition><responseIf><not><isNull><variable identifier="RESPONSE_1400844761496" /></isNull></not><setOutcomeValue identifier="FEEDBACKBASIC"><baseValue baseType="identifier">incorrect</baseValue></setOutcomeValue></responseIf></responseCondition><responseCondition><responseIf><equal toleranceMode="absolute" tolerance="0.1 0.1" includeLowerBound="true" includeUpperBound="true"><variable identifier="RESPONSE_1400844791208" /><correct identifier="RESPONSE_1400844791208" /></equal><setOutcomeValue identifier="SCORE"><sum><variable identifier="SCORE" /><baseValue baseType="float">1</baseValue></sum></setOutcomeValue></responseIf></responseCondition><responseCondition><responseIf><not><isNull><variable identifier="RESPONSE_1400844791208" /></isNull></not><setOutcomeValue identifier="FEEDBACKBASIC"><baseValue baseType="identifier">incorrect</baseValue></setOutcomeValue></responseIf></responseCondition><responseCondition><responseIf><equal toleranceMode="absolute" tolerance="0.1 0.1" includeLowerBound="true" includeUpperBound="true"><variable identifier="RESPONSE_1400844820219" /><correct identifier="RESPONSE_1400844820219" /></equal><setOutcomeValue identifier="SCORE"><sum><variable identifier="SCORE" /><baseValue baseType="float">1</baseValue></sum></setOutcomeValue></responseIf></responseCondition><responseCondition><responseIf><not><isNull><variable identifier="RESPONSE_1400844820219" /></isNull></not><setOutcomeValue identifier="FEEDBACKBASIC"><baseValue baseType="identifier">incorrect</baseValue></setOutcomeValue></responseIf></responseCondition><responseCondition><responseIf><and><not><match><variable identifier="FEEDBACKBASIC" /><baseValue baseType="identifier">empty</baseValue></match></not><equal toleranceMode="exact"><variable identifier="SCORE" /><variable identifier="MAXSCORE" /></equal></and><setOutcomeValue identifier="FEEDBACKBASIC"><baseValue baseType="identifier">correct</baseValue></setOutcomeValue></responseIf></responseCondition><responseCondition><responseIf><and><match><baseValue baseType="identifier">correct</baseValue><variable identifier="FEEDBACKBASIC" /></match></and><setOutcomeValue identifier="FEEDBACKMODAL"><multiple><variable identifier="FEEDBACKMODAL" /><baseValue baseType="identifier">Feedback1094356153</baseValue></multiple></setOutcomeValue></responseIf></responseCondition><responseCondition><responseIf><and><match><baseValue baseType="identifier">incorrect</baseValue><variable identifier="FEEDBACKBASIC" /></match></and><setOutcomeValue identifier="FEEDBACKMODAL"><multiple><variable identifier="FEEDBACKMODAL" /><baseValue baseType="identifier">Feedback1793910563</baseValue></multiple></setOutcomeValue></responseIf></responseCondition></responseProcessing><modalFeedback  identifier="Feedback1094356153" outcomeIdentifier="FEEDBACKMODAL" showHide="show"><p><strong>Ihre Lösungen zur Aufgabe 9.1 sind zu den Eich Lösungen äquivalent. Volle Punkte für diese Aufgabe.</strong></p></modalFeedback><modalFeedback  identifier="Feedback1793910563" outcomeIdentifier="FEEDBACKMODAL" showHide="show"><p><strong>Ihre Lösung für mindestens eine der Lücken zu Aufgabe 09.1 war nicht äquivalent zur Eich Lösung. Es gab einen Punkteabzug.</strong></p><p>Lösungshinweise:</p><p>Sei A das Ereignis, dass ein Prüfling in Physik durchgefallen ist. Sei B das Ereignis, dass ein Prüfling in Mathe durchgefallen ist. Dann kann man aus den angegeben Daten ablesen:</p><p>\(P(A),\ P(B), \ P(\overline{B}), \ P(A \cap B)\). Eine dieser Zahlen ist bereits die Antwort auf a.)</p><p>Für b.) betrachte man die Definitionsgleichung zur bedingten Wahrscheinlichkeit: \(P(A|B) = \frac{A\cap B}{B}\)</p><p>c.) Analog zu b.)</p><p>d.) Verwende den Additionssatz für zwei Ereignisse A, B</p></modalFeedback></assessmentItem>
