<?xml version="1.0" encoding="UTF-8"?>
<assessmentItem xmlns="http://www.imsglobal.org/xsd/imsqti_v2p1" xmlns:xsi="http://www.w3.org/2001/XMLSchema-instance" xsi:schemaLocation="http://www.imsglobal.org/xsd/imsqti_v2p1 http://www.imsglobal.org/xsd/qti/qtiv2p1/imsqti_v2p1p1.xsd http://www.w3.org/1998/Math/MathML http://www.w3.org/Math/XMLSchema/mathml2/mathml2.xsd" identifier="idbf34a048-f65c-4350-8da5-9aaf6b3aff7e" title="n-te_ableitung_02" adaptive="false" timeDependent="false"><responseDeclaration identifier="RESPONSE_1410424568788" cardinality="single" baseType="string" /><responseDeclaration identifier="RESPONSE_1410424558067" cardinality="single" baseType="string" /><outcomeDeclaration identifier="SCORE" cardinality="single" baseType="float"><defaultValue><value>0</value></defaultValue></outcomeDeclaration><outcomeDeclaration identifier="MAXSCORE" cardinality="single" baseType="float"><defaultValue><value>2</value></defaultValue></outcomeDeclaration><outcomeDeclaration identifier="FEEDBACKBASIC" cardinality="single" baseType="identifier" view="testConstructor"><defaultValue><value>empty</value></defaultValue></outcomeDeclaration><outcomeDeclaration identifier="FEEDBACKMODAL" cardinality="multiple" baseType="identifier" view="testConstructor" /><templateProcessing><setCorrectResponse identifier="RESPONSE_1410424568788"><customOperator definition="VARIABLESTRING" value="" /></setCorrectResponse><setCorrectResponse identifier="RESPONSE_1410424558067"><customOperator definition="VARIABLESTRING" value="" /></setCorrectResponse></templateProcessing><itemBody ><p><p>Wir betrachten die Funktion \(f(x) = \mathrm e^{-x}\). Wie lautet die n-te Ableitung von \(f\)?</p><p><strong>Lösung:</strong> $$\qquad\qquad f^{(n)}(x) = \left\{\begin{array}{l l} u(x) &amp;\quad : n\ gerade \\ v(x) &amp; \quad : n\ ungerade \end{array} \right. \qquad (n\in\mathbb N) $$</p><p> </p><p>\(\qquad\qquad\qquad\qquad\) \(u(x) = \)<textEntryInteraction responseIdentifier="RESPONSE_1410424568788" expectedLength="5" class="maxima-formula show-latex" /> \(\qquad\qquad v(x) = \)<textEntryInteraction responseIdentifier="RESPONSE_1410424558067" expectedLength="5" class="maxima-formula show-latex" />.</p><p> </p><p>Hinweise zur Formeleingabe:</p><ul><li>\(x^y =\) x^y, z.B. \(\mathrm e^x =\) e^x bzw. %e^x</li><li>Durch Klicken auf die ?-Schaltfläche können Sie Ihre Formel vor Speichern der Antwort zunächst überprüfen.</li></ul></p></itemBody><responseProcessing><responseCondition><responseIf><customOperator definition="MAXIMA" value="is(equal(ev($(1)),ev(e^(-x)))) or is(equal(ev($(1)),ev(%e^(-x))));"><variable identifier="RESPONSE_1410424568788" /><correct identifier="RESPONSE_1410424568788" /></customOperator><setOutcomeValue identifier="SCORE"><sum><variable identifier="SCORE" /><baseValue baseType="float">1</baseValue></sum></setOutcomeValue></responseIf></responseCondition><responseCondition><responseIf><not><isNull><variable identifier="RESPONSE_1410424568788" /></isNull></not><setOutcomeValue identifier="FEEDBACKBASIC"><baseValue baseType="identifier">incorrect</baseValue></setOutcomeValue></responseIf></responseCondition><responseCondition><responseIf><customOperator definition="MAXIMA" value="is(equal(ev($(1)),ev(-e^(-x)))) or is(equal(ev($(1)),ev(-%e^(-x))));"><variable identifier="RESPONSE_1410424558067" /><correct identifier="RESPONSE_1410424558067" /></customOperator><setOutcomeValue identifier="SCORE"><sum><variable identifier="SCORE" /><baseValue baseType="float">1</baseValue></sum></setOutcomeValue></responseIf></responseCondition><responseCondition><responseIf><not><isNull><variable identifier="RESPONSE_1410424558067" /></isNull></not><setOutcomeValue identifier="FEEDBACKBASIC"><baseValue baseType="identifier">incorrect</baseValue></setOutcomeValue></responseIf></responseCondition><responseCondition><responseIf><and><not><match><variable identifier="FEEDBACKBASIC" /><baseValue baseType="identifier">empty</baseValue></match></not><equal toleranceMode="exact"><variable identifier="SCORE" /><variable identifier="MAXSCORE" /></equal></and><setOutcomeValue identifier="FEEDBACKBASIC"><baseValue baseType="identifier">correct</baseValue></setOutcomeValue></responseIf></responseCondition><responseCondition><responseIf><and><match><baseValue baseType="identifier">correct</baseValue><variable identifier="FEEDBACKBASIC" /></match></and><setOutcomeValue identifier="FEEDBACKMODAL"><multiple><variable identifier="FEEDBACKMODAL" /><baseValue baseType="identifier">Feedback138295301</baseValue></multiple></setOutcomeValue></responseIf></responseCondition><responseCondition><responseIf><and><match><baseValue baseType="identifier">incorrect</baseValue><variable identifier="FEEDBACKBASIC" /></match></and><setOutcomeValue identifier="FEEDBACKMODAL"><multiple><variable identifier="FEEDBACKMODAL" /><baseValue baseType="identifier">Feedback751817853</baseValue></multiple></setOutcomeValue></responseIf></responseCondition></responseProcessing><modalFeedback  identifier="Feedback138295301" outcomeIdentifier="FEEDBACKMODAL" showHide="show" title="Richtig!" /><modalFeedback  identifier="Feedback751817853" outcomeIdentifier="FEEDBACKMODAL" showHide="show" title="Leider falsch!"><p>Es gilt: \(\quad f(x) = f^{(0)}(x) = \mathrm e^{-x}\), \(\quad f'(x) = -\mathrm e^{-x}\), \(\quad f''(x) = \mathrm e^{-x}\), \(\quad f'''(x) = -\mathrm e^{-x}\), ...</p><p> </p><p>D.h. für gerade \(n\) ist \(f^{(n)}(x) = \mathrm e^{-x}\) und für ungerade \(n\) ist \(f^{(n)}(x) = -\mathrm e^{-x}\).</p></modalFeedback></assessmentItem>
