<?xml version="1.0" encoding="UTF-8"?>
<assessmentItem xmlns="http://www.imsglobal.org/xsd/imsqti_v2p1" xmlns:xsi="http://www.w3.org/2001/XMLSchema-instance" xsi:schemaLocation="http://www.imsglobal.org/xsd/imsqti_v2p1 http://www.imsglobal.org/xsd/qti/qtiv2p1/imsqti_v2p1p1.xsd http://www.w3.org/1998/Math/MathML http://www.w3.org/Math/XMLSchema/mathml2/mathml2.xsd" identifier="id6a514a4a-2a09-4298-9e4d-77b09436c4a3" title="umkehrfunktion_ja/nein_03" adaptive="false" timeDependent="false"><responseDeclaration identifier="RESPONSE_1" cardinality="single" baseType="identifier"><correctResponse><value>id2392a272-4851-4ee6-a7bb-88d9b0eae2c1</value></correctResponse></responseDeclaration><outcomeDeclaration identifier="SCORE" cardinality="single" baseType="float"><defaultValue><value>0</value></defaultValue></outcomeDeclaration><outcomeDeclaration identifier="MAXSCORE" cardinality="single" baseType="float"><defaultValue><value>1</value></defaultValue></outcomeDeclaration><outcomeDeclaration identifier="FEEDBACKBASIC" cardinality="single" baseType="identifier"><defaultValue><value>empty</value></defaultValue></outcomeDeclaration><itemBody ><p>Besitzt die Funktion \(f(x)=|x|\cdot\cos(x)\) auf \(\left[-\frac\pi 2,\frac\pi 2\right]\) eine Umkehrfunktion?</p><choiceInteraction responseIdentifier="RESPONSE_1" shuffle="false" maxChoices="1"><simpleChoice identifier="ida5f8525a-45d4-4f81-bc3a-7bd26191fdfd"><p>ja</p></simpleChoice><simpleChoice identifier="id2392a272-4851-4ee6-a7bb-88d9b0eae2c1"><p>nein</p></simpleChoice></choiceInteraction></itemBody><responseProcessing><responseCondition><responseIf><isNull><variable identifier="RESPONSE_1" /></isNull><setOutcomeValue identifier="FEEDBACKBASIC"><baseValue baseType="identifier">empty</baseValue></setOutcomeValue></responseIf><responseElseIf><match><variable identifier="RESPONSE_1" /><correct identifier="RESPONSE_1" /></match><setOutcomeValue identifier="SCORE"><sum><variable identifier="SCORE" /><variable identifier="MAXSCORE" /></sum></setOutcomeValue><setOutcomeValue identifier="FEEDBACKBASIC"><baseValue baseType="identifier">correct</baseValue></setOutcomeValue></responseElseIf><responseElse><setOutcomeValue identifier="FEEDBACKBASIC"><baseValue baseType="identifier">incorrect</baseValue></setOutcomeValue></responseElse></responseCondition></responseProcessing></assessmentItem>
