<?xml version="1.0" encoding="UTF-8"?>
<assessmentItem xmlns="http://www.imsglobal.org/xsd/imsqti_v2p1" xmlns:xsi="http://www.w3.org/2001/XMLSchema-instance" xsi:schemaLocation="http://www.imsglobal.org/xsd/imsqti_v2p1 http://www.imsglobal.org/xsd/qti/qtiv2p1/imsqti_v2p1p1.xsd http://www.w3.org/1998/Math/MathML http://www.w3.org/Math/XMLSchema/mathml2/mathml2.xsd" identifier="id1a538c9d-cf43-4c51-91f7-e570f2543afa" title="Punkt-Ebene_01" adaptive="false" timeDependent="false"><responseDeclaration identifier="RESPONSE_1416048939273" cardinality="single" baseType="string" /><responseDeclaration identifier="RESPONSE_1416048983098" cardinality="single" baseType="string" /><responseDeclaration identifier="RESPONSE_1416145048244" cardinality="single" baseType="string" /><responseDeclaration identifier="RESPONSE_1416145091233" cardinality="single" baseType="string" /><responseDeclaration identifier="RESPONSE_1416145112765" cardinality="single" baseType="string" /><outcomeDeclaration identifier="SCORE" cardinality="single" baseType="float"><defaultValue><value>0</value></defaultValue></outcomeDeclaration><outcomeDeclaration identifier="MAXSCORE" cardinality="single" baseType="float"><defaultValue><value>7</value></defaultValue></outcomeDeclaration><outcomeDeclaration identifier="FEEDBACKBASIC" cardinality="single" baseType="identifier" view="testConstructor"><defaultValue><value>empty</value></defaultValue></outcomeDeclaration><outcomeDeclaration identifier="FEEDBACKMODAL" cardinality="multiple" baseType="identifier" view="testConstructor" /><templateDeclaration identifier="n1" cardinality="single" baseType="integer" /><templateDeclaration identifier="n2" cardinality="single" baseType="integer" /><templateDeclaration identifier="n3" cardinality="single" baseType="integer" /><templateDeclaration identifier="r" cardinality="single" baseType="integer" /><templateDeclaration identifier="p1" cardinality="single" baseType="integer" /><templateDeclaration identifier="p2" cardinality="single" baseType="integer" /><templateDeclaration identifier="p3" cardinality="single" baseType="integer" /><templateDeclaration identifier="nn" cardinality="single" baseType="string" /><templateDeclaration identifier="vz" cardinality="single" baseType="integer" /><templateDeclaration identifier="d" cardinality="single" baseType="string" /><templateDeclaration identifier="m1" cardinality="single" baseType="string" /><templateDeclaration identifier="m2" cardinality="single" baseType="string" /><templateDeclaration identifier="m3" cardinality="single" baseType="string" /><templateDeclaration identifier="ebene" cardinality="single" baseType="string" /><templateDeclaration identifier="tebene" cardinality="single" baseType="string" /><templateDeclaration identifier="hesse" cardinality="single" baseType="string" /><templateDeclaration identifier="thesse" cardinality="single" baseType="string" /><templateDeclaration identifier="pm" cardinality="single" baseType="string" /><templateDeclaration identifier="dp" cardinality="single" baseType="string" /><templateDeclaration identifier="td" cardinality="single" baseType="string" /><templateDeclaration identifier="tdp" cardinality="single" baseType="string" /><templateDeclaration identifier="tm1" cardinality="single" baseType="string" /><templateDeclaration identifier="tm2" cardinality="single" baseType="string" /><templateDeclaration identifier="tm3" cardinality="single" baseType="string" /><templateDeclaration identifier="f1" cardinality="single" baseType="string" /><templateDeclaration identifier="f2" cardinality="single" baseType="string" /><templateDeclaration identifier="f3" cardinality="single" baseType="string" /><templateProcessing><setTemplateValue identifier="n1"><randomInteger min="-3" max="3" /></setTemplateValue><setTemplateValue identifier="n2"><randomInteger min="-3" max="3" /></setTemplateValue><setTemplateValue identifier="n3"><random><multiple><baseValue baseType="integer">-3</baseValue><baseValue baseType="integer">-2</baseValue><baseValue baseType="integer">-1</baseValue><baseValue baseType="integer">1</baseValue><baseValue baseType="integer">2</baseValue><baseValue baseType="integer">3</baseValue></multiple></random></setTemplateValue><setTemplateValue identifier="r"><randomInteger min="-4" max="4" /></setTemplateValue><setTemplateValue identifier="p1"><randomInteger min="-3" max="3" /></setTemplateValue><setTemplateValue identifier="p2"><randomInteger min="-3" max="3" /></setTemplateValue><setTemplateValue identifier="p3"><random><multiple><baseValue baseType="integer">-3</baseValue><baseValue baseType="integer">-2</baseValue><baseValue baseType="integer">-1</baseValue><baseValue baseType="integer">1</baseValue><baseValue baseType="integer">2</baseValue><baseValue baseType="integer">3</baseValue></multiple></random></setTemplateValue><setTemplateValue identifier="nn"><customOperator definition="MAXIMA" value="string(sqrt($(1)*$(2)+$(3)*$(4)+$(5)*$(6)))"><variable identifier="n1" /><variable identifier="n1" /><variable identifier="n2" /><variable identifier="n2" /><variable identifier="n3" /><variable identifier="n3" /></customOperator></setTemplateValue><setTemplateValue identifier="vz"><randomInteger min="1" max="1" step="0" /></setTemplateValue><templateCondition><templateIf><lt><variable identifier="r" /><baseValue baseType="integer">0</baseValue></lt><setTemplateValue identifier="vz"><randomInteger min="-1" max="-1" step="0" /></setTemplateValue></templateIf></templateCondition><setTemplateValue identifier="d"><customOperator definition="MAXIMA" value="string($(1)*$(2)/($(3)))"><variable identifier="vz" /><variable identifier="r" /><variable identifier="nn" /></customOperator></setTemplateValue><setTemplateValue identifier="m1"><customOperator definition="MAXIMA" value="string($(1)*$(2)/$(3))"><variable identifier="vz" /><variable identifier="n1" /><variable identifier="nn" /></customOperator></setTemplateValue><setTemplateValue identifier="m2"><customOperator definition="MAXIMA" value="string($(1)*$(2)/($(3)))"><variable identifier="vz" /><variable identifier="n2" /><variable identifier="nn" /></customOperator></setTemplateValue><setTemplateValue identifier="m3"><customOperator definition="MAXIMA" value="string($(1)*$(2)/($(3)))"><variable identifier="vz" /><variable identifier="n3" /><variable identifier="nn" /></customOperator></setTemplateValue><setTemplateValue identifier="ebene"><customOperator definition="MAXIMA" value="string(($(1))*x+($(2))*y+($(3))*z=$(4))"><variable identifier="n1" /><variable identifier="n2" /><variable identifier="n3" /><variable identifier="r" /></customOperator></setTemplateValue><setTemplateValue identifier="tebene"><customOperator definition="MAXIMA" value="tex1(rat($(1),z,y,x))"><variable identifier="ebene" /></customOperator></setTemplateValue><setTemplateValue identifier="hesse"><customOperator definition="MAXIMA" value="string($(1)*x+$(2)*y+$(3)*z=$(4))"><variable identifier="m1" /><variable identifier="m2" /><variable identifier="m3" /><variable identifier="d" /></customOperator></setTemplateValue><setTemplateValue identifier="thesse"><customOperator definition="MAXIMA" value="tex1(block(ratvars(x,y,z),$(1)))"><variable identifier="hesse" /></customOperator></setTemplateValue><setTemplateValue identifier="pm"><customOperator definition="MAXIMA" value="string(($(1))*($(2))+($(3))*($(4))+($(5))*($(6)))"><variable identifier="p1" /><variable identifier="m1" /><variable identifier="p2" /><variable identifier="m2" /><variable identifier="p3" /><variable identifier="m3" /></customOperator></setTemplateValue><setTemplateValue identifier="dp"><customOperator definition="MAXIMA" value="string(abs($(1)-$(2)))"><variable identifier="d" /><variable identifier="pm" /></customOperator></setTemplateValue><setTemplateValue identifier="td"><customOperator definition="MAXIMA" value="tex1($(1))"><variable identifier="d" /></customOperator></setTemplateValue><setTemplateValue identifier="tdp"><customOperator definition="MAXIMA" value="tex1($(1))"><variable identifier="dp" /></customOperator></setTemplateValue><setTemplateValue identifier="tm1"><customOperator definition="MAXIMA" value="tex1($(1))"><variable identifier="m1" /></customOperator></setTemplateValue><setTemplateValue identifier="tm2"><customOperator definition="MAXIMA" value="tex1($(1))"><variable identifier="m2" /></customOperator></setTemplateValue><setTemplateValue identifier="tm3"><customOperator definition="MAXIMA" value="tex1($(1))"><variable identifier="m3" /></customOperator></setTemplateValue><setTemplateValue identifier="f1"><customOperator definition="MAXIMA" value="string($(1)+($(2)-$(3))*$(4))"><variable identifier="p1" /><variable identifier="d" /><variable identifier="pm" /><variable identifier="m1" /></customOperator></setTemplateValue><setTemplateValue identifier="f2"><customOperator definition="MAXIMA" value="string($(1)+($(2)-$(3))*$(4))"><variable identifier="p2" /><variable identifier="d" /><variable identifier="pm" /><variable identifier="m2" /></customOperator></setTemplateValue><setTemplateValue identifier="f3"><customOperator definition="MAXIMA" value="string($(1)+($(2)-$(3))*$(4))"><variable identifier="p3" /><variable identifier="d" /><variable identifier="pm" /><variable identifier="m3" /></customOperator></setTemplateValue><setCorrectResponse identifier="RESPONSE_1416048939273"><customOperator definition="VARIABLESTRING" value="$(1)"><variable identifier="d" /></customOperator></setCorrectResponse><setCorrectResponse identifier="RESPONSE_1416048983098"><customOperator definition="VARIABLESTRING" value="$(1)"><variable identifier="dp" /></customOperator></setCorrectResponse><setCorrectResponse identifier="RESPONSE_1416145048244"><customOperator definition="VARIABLESTRING" value="$(1)"><variable identifier="f1" /></customOperator></setCorrectResponse><setCorrectResponse identifier="RESPONSE_1416145091233"><customOperator definition="VARIABLESTRING" value="$(1)"><variable identifier="f2" /></customOperator></setCorrectResponse><setCorrectResponse identifier="RESPONSE_1416145112765"><customOperator definition="VARIABLESTRING" value="$(1)"><variable identifier="f3" /></customOperator></setCorrectResponse></templateProcessing><itemBody ><p><p><p>Geben Sie für die Ebene \(E=\{(x,y,z)\in \mathbb R^3\colon <printedVariable identifier="tebene" />\}\) und die Punkte \(O=(0,0,0)\) und \(P=(<printedVariable identifier="p1" />,<printedVariable identifier="p2" />,<printedVariable identifier="p3" />)\) die exakten Abstände der Punkte \(O\) und  \(P\) von \(E\) und den Lotfußpunkt \(F\) des Lotes von \(P\)  auf \(E\) an!</p><p>\(d(O,E)=\) <textEntryInteraction responseIdentifier="RESPONSE_1416048939273" expectedLength="3" class="maxima-formula show-latex show-syntax-error" /></p><p>\(d(P,E)=\) <textEntryInteraction responseIdentifier="RESPONSE_1416048983098" expectedLength="3" class="maxima-formula show-latex show-syntax-error" /></p><p>\(F=\) (<textEntryInteraction responseIdentifier="RESPONSE_1416145048244" expectedLength="2" class="maxima-formula show-latex show-syntax-error" />,<textEntryInteraction responseIdentifier="RESPONSE_1416145091233" expectedLength="2" class="maxima-formula show-latex show-syntax-error" />,<textEntryInteraction responseIdentifier="RESPONSE_1416145112765" expectedLength="2" class="maxima-formula show-latex show-syntax-error" />)</p></p></p></itemBody><responseProcessing><responseCondition><responseIf><customOperator definition="MAXIMA" value="is(equal(ev($(1)),ev($(2))));"><variable identifier="RESPONSE_1416048939273" /><correct identifier="RESPONSE_1416048939273" /></customOperator><setOutcomeValue identifier="SCORE"><sum><variable identifier="SCORE" /><baseValue baseType="float">2</baseValue></sum></setOutcomeValue></responseIf></responseCondition><responseCondition><responseIf><not><isNull><variable identifier="RESPONSE_1416048939273" /></isNull></not><setOutcomeValue identifier="FEEDBACKBASIC"><baseValue baseType="identifier">incorrect</baseValue></setOutcomeValue></responseIf></responseCondition><responseCondition><responseIf><customOperator definition="MAXIMA" value="is(equal(ev($(1)),ev($(2))));"><variable identifier="RESPONSE_1416048983098" /><correct identifier="RESPONSE_1416048983098" /></customOperator><setOutcomeValue identifier="SCORE"><sum><variable identifier="SCORE" /><baseValue baseType="float">2</baseValue></sum></setOutcomeValue></responseIf></responseCondition><responseCondition><responseIf><not><isNull><variable identifier="RESPONSE_1416048983098" /></isNull></not><setOutcomeValue identifier="FEEDBACKBASIC"><baseValue baseType="identifier">incorrect</baseValue></setOutcomeValue></responseIf></responseCondition><responseCondition><responseIf><customOperator definition="MAXIMA" value="is(equal(ev($(1)),ev($(2))));"><variable identifier="RESPONSE_1416145048244" /><correct identifier="RESPONSE_1416145048244" /></customOperator><setOutcomeValue identifier="SCORE"><sum><variable identifier="SCORE" /><baseValue baseType="float">1</baseValue></sum></setOutcomeValue></responseIf></responseCondition><responseCondition><responseIf><not><isNull><variable identifier="RESPONSE_1416145048244" /></isNull></not><setOutcomeValue identifier="FEEDBACKBASIC"><baseValue baseType="identifier">incorrect</baseValue></setOutcomeValue></responseIf></responseCondition><responseCondition><responseIf><customOperator definition="MAXIMA" value="is(equal(ev($(1)),ev($(2))));"><variable identifier="RESPONSE_1416145091233" /><correct identifier="RESPONSE_1416145091233" /></customOperator><setOutcomeValue identifier="SCORE"><sum><variable identifier="SCORE" /><baseValue baseType="float">1</baseValue></sum></setOutcomeValue></responseIf></responseCondition><responseCondition><responseIf><not><isNull><variable identifier="RESPONSE_1416145091233" /></isNull></not><setOutcomeValue identifier="FEEDBACKBASIC"><baseValue baseType="identifier">incorrect</baseValue></setOutcomeValue></responseIf></responseCondition><responseCondition><responseIf><customOperator definition="MAXIMA" value="is(equal(ev($(1)),ev($(2))));"><variable identifier="RESPONSE_1416145112765" /><correct identifier="RESPONSE_1416145112765" /></customOperator><setOutcomeValue identifier="SCORE"><sum><variable identifier="SCORE" /><baseValue baseType="float">1</baseValue></sum></setOutcomeValue></responseIf></responseCondition><responseCondition><responseIf><not><isNull><variable identifier="RESPONSE_1416145112765" /></isNull></not><setOutcomeValue identifier="FEEDBACKBASIC"><baseValue baseType="identifier">incorrect</baseValue></setOutcomeValue></responseIf></responseCondition><responseCondition><responseIf><and><not><match><variable identifier="FEEDBACKBASIC" /><baseValue baseType="identifier">empty</baseValue></match></not><equal toleranceMode="exact"><variable identifier="SCORE" /><variable identifier="MAXSCORE" /></equal></and><setOutcomeValue identifier="FEEDBACKBASIC"><baseValue baseType="identifier">correct</baseValue></setOutcomeValue></responseIf></responseCondition><responseCondition><responseIf><and><match><baseValue baseType="identifier">correct</baseValue><variable identifier="FEEDBACKBASIC" /></match></and><setOutcomeValue identifier="FEEDBACKMODAL"><multiple><variable identifier="FEEDBACKMODAL" /><baseValue baseType="identifier">Feedback844475799</baseValue></multiple></setOutcomeValue></responseIf></responseCondition><responseCondition><responseIf><and><match><baseValue baseType="identifier">incorrect</baseValue><variable identifier="FEEDBACKBASIC" /></match></and><setOutcomeValue identifier="FEEDBACKMODAL"><multiple><variable identifier="FEEDBACKMODAL" /><baseValue baseType="identifier">Feedback385330770</baseValue></multiple></setOutcomeValue></responseIf></responseCondition></responseProcessing><modalFeedback  identifier="Feedback844475799" outcomeIdentifier="FEEDBACKMODAL" showHide="show" title="Richtig!" /><modalFeedback  identifier="Feedback385330770" outcomeIdentifier="FEEDBACKMODAL" showHide="show" title="Leider nicht alles richtig!"><p>Die Ebene \(E\) ist in einer Normalform</p><p>\(E=\{(x,y,z)\in \mathbb R^3\colon n_x\cdot  x+n_y\cdot  y+n_z\cdot  z=r\}=(x,y,z)\in \mathbb R^3\colon <printedVariable identifier="tebene" />\}\) <printedVariable identifier="ebene" /></p><p>angeben. Wir lesen den Normalvektor \(\underline n=(<printedVariable identifier="n1" />,<printedVariable identifier="n2" />,<printedVariable identifier="n3" />)\) und die Zahl \(r=<printedVariable identifier="r" />\) ab und  \(E\) um in die Hesse-Normalform</p><p>\(E=\{(x,y,z)\in \mathbb R^3\colon m_x\cdot  x+m_y\cdot  y+m_z\cdot  z=d\}=\{(x,y,z)\in \mathbb R^3\colon <printedVariable identifier="thesse" />\}\) <printedVariable identifier="hesse" /></p><p>mit \(\underline m=\frac{1}{\Vert \underline n\Vert}\cdot \underline n\) und \(d=\frac{1}{\Vert \underline n\Vert}\cdot r\), wenn \(r\geq 0\), und \(\underline m=-\frac{1}{\Vert \underline n\Vert}\cdot \underline n\) und \(d=-\frac{1}{\Vert \underline n\Vert}\cdot r\), wenn \(r&lt; 0\).</p><p>Hier erhalten wir  \(\underline{m}=(<printedVariable identifier="tm1" />,<printedVariable identifier="tm2" />,<printedVariable identifier="tm3" />)\) und \(d=<printedVariable identifier="td" />\).</p><p>Damit folgt \(d(O,E)=d=<printedVariable identifier="td" />\) und \(d(P,E)=\vert d-\langle \underline m,\underline p\rangle \vert=<printedVariable identifier="tdp" />\) mit dem Ortsvektor \(\underline p=(<printedVariable identifier="p1" />,<printedVariable identifier="p3" />,<printedVariable identifier="p3" />)\) zu \(P\).</p><p> Wie die Rechnung zeigt, kann man die beiden Abstände auch gleich und schneller aus der gegebenen Normalform ausrechnen:</p><p>\(d(O,E)=\frac{\vert r\vert}{\Vert \underline n\Vert}=<printedVariable identifier="td" />\), \(d(P,E)=\frac{1}{\Vert \underline n\Vert}\cdot \vert r-\langle \underline n,\underline p\rangle \vert =<printedVariable identifier="tdp" />\)</p><p>Den Ortsvektor \(\underline f\) des Lotfußpunktes \(F\) von \(P\) in \(E\) erhalten wir über </p><p>\(\underline f = \underline p+\underline \ell\), wobei \(\ell\) der Lotvektor ist. Diesen können wir durch</p><p>\(\underline \ell=\frac{\langle \underline a-\underline p,\underline n\rangle}{\Vert\underline n\Vert^2 }\cdot \underline n=\frac{r-\langle \underline p,\underline n\rangle}{\Vert\underline n\Vert^2 }\cdot \underline n \)</p><p>oder schneller über die Hesse-Normalform</p><p>\(\underline \ell=\langle \underline a-\underline p,\underline m\rangle\cdot \underline m=(d-\langle\underline p,\underline m\rangle)\cdot \underline m\)</p><p>berechnen.</p></modalFeedback></assessmentItem>
