<?xml version="1.0" encoding="UTF-8"?>
<assessmentItem xmlns="http://www.imsglobal.org/xsd/imsqti_v2p1" xmlns:xsi="http://www.w3.org/2001/XMLSchema-instance" xsi:schemaLocation="http://www.imsglobal.org/xsd/imsqti_v2p1 http://www.imsglobal.org/xsd/qti/qtiv2p1/imsqti_v2p1p1.xsd http://www.w3.org/1998/Math/MathML http://www.w3.org/Math/XMLSchema/mathml2/mathml2.xsd" identifier="idaf1bbb25-d8b3-40d5-91c6-5fe1f4327f9d" title="x*exp(-x)" adaptive="false" timeDependent="false"><responseDeclaration identifier="RESPONSE_1409557999165" cardinality="single" baseType="float"><correctResponse><value>0</value></correctResponse></responseDeclaration><responseDeclaration identifier="RESPONSE_1409558075206" cardinality="single" baseType="float"><correctResponse><value>1</value></correctResponse></responseDeclaration><responseDeclaration identifier="RESPONSE_1409558109324" cardinality="single" baseType="float"><correctResponse><value>2</value></correctResponse></responseDeclaration><outcomeDeclaration identifier="SCORE" cardinality="single" baseType="float"><defaultValue><value>0</value></defaultValue></outcomeDeclaration><outcomeDeclaration identifier="MAXSCORE" cardinality="single" baseType="float"><defaultValue><value>3</value></defaultValue></outcomeDeclaration><outcomeDeclaration identifier="FEEDBACKBASIC" cardinality="single" baseType="identifier" view="testConstructor"><defaultValue><value>empty</value></defaultValue></outcomeDeclaration><outcomeDeclaration identifier="FEEDBACKMODAL" cardinality="multiple" baseType="identifier" view="testConstructor" /><itemBody ><p>Wir betrachten die Funktion $$f(x)=x\cdot\mathrm e^{-x}$$.</p><p>$$f$$ hat eine Nullstelle in $$x_\mathrm{N}=$$ <textEntryInteraction responseIdentifier="RESPONSE_1409557999165" expectedLength="1" />.</p><p>$$f$$ hat eine Extremstelle in $$x_\mathrm{E}=$$ <textEntryInteraction responseIdentifier="RESPONSE_1409558075206" expectedLength="1" />.</p><p>$$f$$ hat eine Wendestelle in $$x_\mathrm{W}=$$ <textEntryInteraction responseIdentifier="RESPONSE_1409558109324" expectedLength="1" />.</p></itemBody><responseProcessing><responseCondition><responseIf><equal toleranceMode="exact"><variable identifier="RESPONSE_1409557999165" /><correct identifier="RESPONSE_1409557999165" /></equal><setOutcomeValue identifier="SCORE"><sum><variable identifier="SCORE" /><baseValue baseType="float">1</baseValue></sum></setOutcomeValue></responseIf></responseCondition><responseCondition><responseIf><not><isNull><variable identifier="RESPONSE_1409557999165" /></isNull></not><setOutcomeValue identifier="FEEDBACKBASIC"><baseValue baseType="identifier">incorrect</baseValue></setOutcomeValue></responseIf></responseCondition><responseCondition><responseIf><equal toleranceMode="exact"><variable identifier="RESPONSE_1409558075206" /><correct identifier="RESPONSE_1409558075206" /></equal><setOutcomeValue identifier="SCORE"><sum><variable identifier="SCORE" /><baseValue baseType="float">1</baseValue></sum></setOutcomeValue></responseIf></responseCondition><responseCondition><responseIf><not><isNull><variable identifier="RESPONSE_1409558075206" /></isNull></not><setOutcomeValue identifier="FEEDBACKBASIC"><baseValue baseType="identifier">incorrect</baseValue></setOutcomeValue></responseIf></responseCondition><responseCondition><responseIf><equal toleranceMode="exact"><variable identifier="RESPONSE_1409558109324" /><correct identifier="RESPONSE_1409558109324" /></equal><setOutcomeValue identifier="SCORE"><sum><variable identifier="SCORE" /><baseValue baseType="float">1</baseValue></sum></setOutcomeValue></responseIf></responseCondition><responseCondition><responseIf><not><isNull><variable identifier="RESPONSE_1409558109324" /></isNull></not><setOutcomeValue identifier="FEEDBACKBASIC"><baseValue baseType="identifier">incorrect</baseValue></setOutcomeValue></responseIf></responseCondition><responseCondition><responseIf><and><not><match><variable identifier="FEEDBACKBASIC" /><baseValue baseType="identifier">empty</baseValue></match></not><equal toleranceMode="exact"><variable identifier="SCORE" /><variable identifier="MAXSCORE" /></equal></and><setOutcomeValue identifier="FEEDBACKBASIC"><baseValue baseType="identifier">correct</baseValue></setOutcomeValue></responseIf></responseCondition><responseCondition><responseIf><and><match><baseValue baseType="identifier">correct</baseValue><variable identifier="FEEDBACKBASIC" /></match></and><setOutcomeValue identifier="FEEDBACKMODAL"><multiple><variable identifier="FEEDBACKMODAL" /><baseValue baseType="identifier">Feedback1114510393</baseValue></multiple></setOutcomeValue></responseIf></responseCondition><responseCondition><responseIf><and><match><baseValue baseType="identifier">incorrect</baseValue><variable identifier="FEEDBACKBASIC" /></match></and><setOutcomeValue identifier="FEEDBACKMODAL"><multiple><variable identifier="FEEDBACKMODAL" /><baseValue baseType="identifier">Feedback1729755560</baseValue></multiple></setOutcomeValue></responseIf></responseCondition></responseProcessing><modalFeedback  identifier="Feedback1114510393" outcomeIdentifier="FEEDBACKMODAL" showHide="show" title="Richtig!"><p>$$f(x)=x\cdot\mathrm e^{-x}$$. Da $$\mathrm e^{-x}\neq0$$ hat die Funktion $$f$$ nur eine Nullstelle, und zwar bei $$x_\mathrm{N}=0$$.</p><p>$$f'(x)=(1-x)\cdot\mathrm e^{-x}$$ (monoton wachsend für $$x&lt;1$$, mononton fallend für $$x&gt;1$$, Extremstelle bei $$x_\mathrm{E}=1$$).</p><p>$$f''(x)=(x-2)\cdot\mathrm e^{-x}$$ (rechtsgekrümmt für $$x&lt;2$$, linksgekrümmt für $$x&gt;2$$, Wendestelle bei $$x_\mathrm{W}=2$$).</p></modalFeedback><modalFeedback  identifier="Feedback1729755560" outcomeIdentifier="FEEDBACKMODAL" showHide="show" title="Leider nicht (vollständig) richtig!"><p>$$f(x)=x\cdot\mathrm e^{-x}$$. Da $$\mathrm e^{-x}\neq0$$ hat die Funktion $$f$$ nur eine Nullstelle, und zwar bei $$x_\mathrm{N}=0$$.</p><p>$$f'(x)=(1-x)\cdot\mathrm e^{-x}$$ (monoton wachsend für $$x&lt;1$$, mononton fallend für $$x&gt;1$$, Extremstelle bei $$x_\mathrm{E}=1$$).</p><p>$$f''(x)=(x-2)\cdot\mathrm e^{-x}$$ (rechtsgekrümmt für $$x&lt;2$$, linksgekrümmt für $$x&gt;2$$, Wendestelle bei $$x_\mathrm{W}=2$$).</p></modalFeedback></assessmentItem>
