<?xml version="1.0" encoding="UTF-8"?>
<assessmentItem xmlns="http://www.imsglobal.org/xsd/imsqti_v2p1" xmlns:xsi="http://www.w3.org/2001/XMLSchema-instance" xsi:schemaLocation="http://www.imsglobal.org/xsd/imsqti_v2p1 http://www.imsglobal.org/xsd/qti/qtiv2p1/imsqti_v2p1p1.xsd http://www.w3.org/1998/Math/MathML http://www.w3.org/Math/XMLSchema/mathml2/mathml2.xsd" identifier="id1abaebd1-c56f-4eb1-bf83-5ae53ae7b0bd" title="ContourIntegration4" adaptive="false" timeDependent="false"><imsqti:responseDeclaration xmlns:imsqti="http://www.imsglobal.org/xsd/imsqti_v2p1" identifier="RESPONSE_1415961626480" cardinality="single" baseType="string" /><imsqti:outcomeDeclaration xmlns:imsqti="http://www.imsglobal.org/xsd/imsqti_v2p1" identifier="SCORE" cardinality="single" baseType="float"><imsqti:defaultValue><imsqti:value>0</imsqti:value></imsqti:defaultValue></imsqti:outcomeDeclaration><imsqti:outcomeDeclaration xmlns:imsqti="http://www.imsglobal.org/xsd/imsqti_v2p1" identifier="MAXSCORE" cardinality="single" baseType="float"><imsqti:defaultValue><imsqti:value>3</imsqti:value></imsqti:defaultValue></imsqti:outcomeDeclaration><imsqti:outcomeDeclaration xmlns:imsqti="http://www.imsglobal.org/xsd/imsqti_v2p1" identifier="FEEDBACKBASIC" cardinality="single" baseType="identifier" view="testConstructor"><imsqti:defaultValue><imsqti:value>empty</imsqti:value></imsqti:defaultValue></imsqti:outcomeDeclaration><imsqti:templateDeclaration xmlns:imsqti="http://www.imsglobal.org/xsd/imsqti_v2p1" identifier="k" cardinality="single" baseType="integer" /><imsqti:templateDeclaration xmlns:imsqti="http://www.imsglobal.org/xsd/imsqti_v2p1" identifier="r" cardinality="single" baseType="integer" /><imsqti:templateDeclaration xmlns:imsqti="http://www.imsglobal.org/xsd/imsqti_v2p1" identifier="n" cardinality="single" baseType="integer" /><imsqti:templateDeclaration xmlns:imsqti="http://www.imsglobal.org/xsd/imsqti_v2p1" identifier="k1" cardinality="single" baseType="integer" /><imsqti:templateDeclaration xmlns:imsqti="http://www.imsglobal.org/xsd/imsqti_v2p1" identifier="rk" cardinality="single" baseType="float" /><imsqti:templateDeclaration xmlns:imsqti="http://www.imsglobal.org/xsd/imsqti_v2p1" identifier="ktest" cardinality="single" baseType="integer" /><imsqti:templateDeclaration xmlns:imsqti="http://www.imsglobal.org/xsd/imsqti_v2p1" identifier="im" cardinality="single" baseType="integer" /><imsqti:templateDeclaration xmlns:imsqti="http://www.imsglobal.org/xsd/imsqti_v2p1" identifier="nom" cardinality="single" baseType="integer" /><imsqti:templateProcessing xmlns:imsqti="http://www.imsglobal.org/xsd/imsqti_v2p1"><imsqti:setTemplateValue identifier="k"><imsqti:randomInteger min="1" max="6" /></imsqti:setTemplateValue><imsqti:setTemplateValue identifier="r"><imsqti:randomInteger min="1" max="6" /></imsqti:setTemplateValue><imsqti:setTemplateValue identifier="n"><imsqti:randomInteger min="1" max="6" /></imsqti:setTemplateValue><imsqti:setTemplateValue identifier="k1"><imsqti:customOperator definition="MAXIMA" value="float($(1)-1);"><imsqti:variable identifier="k" /></imsqti:customOperator></imsqti:setTemplateValue><imsqti:setTemplateValue identifier="rk"><imsqti:customOperator definition="MAXIMA" value="float($(1)^($(2)-1)*$(3));"><imsqti:variable identifier="r" /><imsqti:variable identifier="k" /><imsqti:variable identifier="k1" /></imsqti:customOperator></imsqti:setTemplateValue><imsqti:setTemplateValue identifier="ktest"><imsqti:customOperator definition="MAXIMA" value="float(divide($(1)*$(2),2)[2]);"><imsqti:variable identifier="k1" /><imsqti:variable identifier="n" /></imsqti:customOperator></imsqti:setTemplateValue><imsqti:setTemplateValue identifier="im"><imsqti:customOperator definition="MAXIMA" value="float(0);" /></imsqti:setTemplateValue><imsqti:setTemplateValue identifier="nom"><imsqti:customOperator definition="MAXIMA" value="float(2);" /></imsqti:setTemplateValue><imsqti:templateCondition><imsqti:templateIf><imsqti:match><imsqti:variable identifier="k" /><imsqti:baseValue baseType="integer">1</imsqti:baseValue></imsqti:match><imsqti:setTemplateValue identifier="im"><imsqti:customOperator definition="MAXIMA" value="float($(1));"><imsqti:variable identifier="n" /></imsqti:customOperator></imsqti:setTemplateValue></imsqti:templateIf></imsqti:templateCondition><imsqti:templateCondition><imsqti:templateIf><imsqti:match><imsqti:variable identifier="k" /><imsqti:baseValue baseType="integer">1</imsqti:baseValue></imsqti:match><imsqti:setTemplateValue identifier="rk"><imsqti:customOperator definition="MAXIMA" value="float(1);" /></imsqti:setTemplateValue></imsqti:templateIf></imsqti:templateCondition><imsqti:templateCondition><imsqti:templateIf><imsqti:match><imsqti:variable identifier="ktest" /><imsqti:baseValue baseType="integer">0</imsqti:baseValue></imsqti:match><imsqti:setTemplateValue identifier="rk"><imsqti:customOperator definition="MAXIMA" value="float(1);" /></imsqti:setTemplateValue></imsqti:templateIf></imsqti:templateCondition><imsqti:templateCondition><imsqti:templateIf><imsqti:match><imsqti:variable identifier="k" /><imsqti:baseValue baseType="integer">1</imsqti:baseValue></imsqti:match><imsqti:setTemplateValue identifier="nom"><imsqti:customOperator definition="MAXIMA" value="float(0);" /></imsqti:setTemplateValue></imsqti:templateIf></imsqti:templateCondition><imsqti:templateCondition><imsqti:templateIf><imsqti:match><imsqti:variable identifier="ktest" /><imsqti:baseValue baseType="integer">0</imsqti:baseValue></imsqti:match><imsqti:setTemplateValue identifier="nom"><imsqti:customOperator definition="MAXIMA" value="float(0);" /></imsqti:setTemplateValue></imsqti:templateIf></imsqti:templateCondition><imsqti:setCorrectResponse identifier="RESPONSE_1415961626480"><imsqti:customOperator definition="VARIABLESTRING" value="$(3)/$(1)+$(2)*%i*%pi"><imsqti:variable identifier="rk" /><imsqti:variable identifier="im" /><imsqti:variable identifier="nom" /></imsqti:customOperator></imsqti:setCorrectResponse></imsqti:templateProcessing><itemBody ><p>Compute</p><p>$$ \int_{\gamma} f $$ for \( f : \mathbb C\backslash \{0\} \rightarrow \mathbb C, z \mapsto f(z):= \frac{1}{z^{<printedVariable identifier="k" />}} \) over the contour \( \gamma(t):= <printedVariable identifier="r" />\cdot e^{\mathbb i \cdot t},  0\le t\le <printedVariable identifier="n" /> \cdot \pi\).</p><p>$$ \int_{\gamma} f $$ =  <textEntryInteraction responseIdentifier="RESPONSE_1415961626480" expectedLength="13" class="maxima-formula show-latex show-syntax-error" /> </p><p>Syntax:</p><p>%i for i</p><p>%pi for \( \pi\)</p><p>* for any multiplikation</p><p> </p><p> </p></itemBody><imsqti:responseProcessing xmlns:imsqti="http://www.imsglobal.org/xsd/imsqti_v2p1"><imsqti:responseCondition><imsqti:responseIf><imsqti:customOperator definition="MAXIMA" value="is(equal(ev($(1)),ev($(2))));"><imsqti:variable identifier="RESPONSE_1415961626480" /><imsqti:correct identifier="RESPONSE_1415961626480" /></imsqti:customOperator><imsqti:setOutcomeValue identifier="SCORE"><imsqti:sum><imsqti:variable identifier="SCORE" /><imsqti:baseValue baseType="float">3</imsqti:baseValue></imsqti:sum></imsqti:setOutcomeValue></imsqti:responseIf></imsqti:responseCondition><imsqti:responseCondition><imsqti:responseIf><imsqti:not><imsqti:isNull><imsqti:variable identifier="RESPONSE_1415961626480" /></imsqti:isNull></imsqti:not><imsqti:setOutcomeValue identifier="FEEDBACKBASIC"><imsqti:baseValue baseType="identifier">incorrect</imsqti:baseValue></imsqti:setOutcomeValue></imsqti:responseIf></imsqti:responseCondition><imsqti:responseCondition><imsqti:responseIf><imsqti:and><imsqti:not><imsqti:match><imsqti:variable identifier="FEEDBACKBASIC" /><imsqti:baseValue baseType="identifier">empty</imsqti:baseValue></imsqti:match></imsqti:not><imsqti:equal toleranceMode="exact"><imsqti:variable identifier="SCORE" /><imsqti:variable identifier="MAXSCORE" /></imsqti:equal></imsqti:and><imsqti:setOutcomeValue identifier="FEEDBACKBASIC"><imsqti:baseValue baseType="identifier">correct</imsqti:baseValue></imsqti:setOutcomeValue></imsqti:responseIf></imsqti:responseCondition></imsqti:responseProcessing></assessmentItem>
