<?xml version="1.0" encoding="UTF-8"?>
<assessmentItem xmlns="http://www.imsglobal.org/xsd/imsqti_v2p1" xmlns:xsi="http://www.w3.org/2001/XMLSchema-instance" xsi:schemaLocation="http://www.imsglobal.org/xsd/imsqti_v2p1 http://www.imsglobal.org/xsd/qti/qtiv2p1/imsqti_v2p1p1.xsd http://www.w3.org/1998/Math/MathML http://www.w3.org/Math/XMLSchema/mathml2/mathml2.xsd" identifier="id0175bb55-d993-4591-a7b5-b5e87c3e855b" title="GleichunglösenRational" adaptive="false" timeDependent="false"><responseDeclaration identifier="RESPONSE_1406115740521" cardinality="single" baseType="string" /><responseDeclaration identifier="RESPONSE_1406116018783" cardinality="single" baseType="string" /><outcomeDeclaration identifier="SCORE" cardinality="single" baseType="float"><defaultValue><value>0</value></defaultValue></outcomeDeclaration><outcomeDeclaration identifier="MAXSCORE" cardinality="single" baseType="float"><defaultValue><value>4</value></defaultValue></outcomeDeclaration><outcomeDeclaration identifier="FEEDBACKBASIC" cardinality="single" baseType="identifier" view="testConstructor"><defaultValue><value>empty</value></defaultValue></outcomeDeclaration><templateDeclaration identifier="x0" cardinality="single" baseType="integer" /><templateDeclaration identifier="a" cardinality="single" baseType="integer" /><templateDeclaration identifier="x1" cardinality="single" baseType="integer" /><templateDeclaration identifier="x2" cardinality="single" baseType="integer" /><templateDeclaration identifier="b" cardinality="single" baseType="float" /><templateDeclaration identifier="c" cardinality="single" baseType="float" /><templateDeclaration identifier="d" cardinality="single" baseType="float" /><templateProcessing><setTemplateValue identifier="x0"><randomInteger min="1" max="15" /></setTemplateValue><setTemplateValue identifier="a"><randomInteger min="2" max="5" /></setTemplateValue><setTemplateValue identifier="x1"><randomInteger min="5" max="25" /></setTemplateValue><setTemplateValue identifier="x2"><randomInteger min="1" max="10" /></setTemplateValue><setTemplateValue identifier="b"><customOperator definition="MAXIMA" value="float($(1)*$(2));"><variable identifier="a" /><variable identifier="x0" /></customOperator></setTemplateValue><setTemplateValue identifier="c"><customOperator definition="MAXIMA" value="float($(1)-($(2)+1)*$(3));"><variable identifier="b" /><variable identifier="a" /><variable identifier="x2" /></customOperator></setTemplateValue><setTemplateValue identifier="d"><customOperator definition="MAXIMA" value="float($(1)+1);"><variable identifier="a" /></customOperator></setTemplateValue><setCorrectResponse identifier="RESPONSE_1406115740521"><customOperator definition="VARIABLESTRING" value="$(1)"><variable identifier="x0" /></customOperator></setCorrectResponse><setCorrectResponse identifier="RESPONSE_1406116018783"><customOperator definition="VARIABLESTRING" value="N" /></setCorrectResponse></templateProcessing><itemBody ><p><p>Berechne alle Lösungen \( x \in R\) der folgenden Gleichung:</p><p>\[ \frac{<printedVariable identifier="c" />+x}{x-<printedVariable identifier="x2" />}-<printedVariable identifier="d" /> = \frac{<printedVariable identifier="a" />x-<printedVariable identifier="b" />}{<printedVariable identifier="x1" />-x} \]</p><p> Lösungen( in aufsteigender Reihenfolge) :  <textEntryInteraction responseIdentifier="RESPONSE_1406115740521" expectedLength="1" class="maxima-formula show-latex show-syntax-error" />, <textEntryInteraction responseIdentifier="RESPONSE_1406116018783" expectedLength="1" class="maxima-formula show-latex show-syntax-error" /> Falls Mehr Lücken als Lösungen vorhanden sind, geben Sie in überschüssige Lücken den Buchstaben N ein.</p></p></itemBody><responseProcessing><responseCondition><responseIf><customOperator definition="MAXIMA" value="is(equal(ev($(1)),ev($(2))));"><variable identifier="RESPONSE_1406115740521" /><correct identifier="RESPONSE_1406115740521" /></customOperator><setOutcomeValue identifier="SCORE"><sum><variable identifier="SCORE" /><baseValue baseType="float">3</baseValue></sum></setOutcomeValue></responseIf></responseCondition><responseCondition><responseIf><not><isNull><variable identifier="RESPONSE_1406115740521" /></isNull></not><setOutcomeValue identifier="FEEDBACKBASIC"><baseValue baseType="identifier">incorrect</baseValue></setOutcomeValue></responseIf></responseCondition><responseCondition><responseIf><customOperator definition="MAXIMA" value="is(equal(ev($(1)),ev($(2))));"><variable identifier="RESPONSE_1406116018783" /><correct identifier="RESPONSE_1406116018783" /></customOperator><setOutcomeValue identifier="SCORE"><sum><variable identifier="SCORE" /><baseValue baseType="float">1</baseValue></sum></setOutcomeValue></responseIf></responseCondition><responseCondition><responseIf><not><isNull><variable identifier="RESPONSE_1406116018783" /></isNull></not><setOutcomeValue identifier="FEEDBACKBASIC"><baseValue baseType="identifier">incorrect</baseValue></setOutcomeValue></responseIf></responseCondition><responseCondition><responseIf><and><not><match><variable identifier="FEEDBACKBASIC" /><baseValue baseType="identifier">empty</baseValue></match></not><equal toleranceMode="exact"><variable identifier="SCORE" /><variable identifier="MAXSCORE" /></equal></and><setOutcomeValue identifier="FEEDBACKBASIC"><baseValue baseType="identifier">correct</baseValue></setOutcomeValue></responseIf></responseCondition></responseProcessing></assessmentItem>
