<?xml version="1.0" encoding="UTF-8"?>
<assessmentItem xmlns="http://www.imsglobal.org/xsd/imsqti_v2p1" xmlns:xsi="http://www.w3.org/2001/XMLSchema-instance" xsi:schemaLocation="http://www.imsglobal.org/xsd/imsqti_v2p1 http://www.imsglobal.org/xsd/qti/qtiv2p1/imsqti_v2p1p1.xsd http://www.w3.org/1998/Math/MathML http://www.w3.org/Math/XMLSchema/mathml2/mathml2.xsd" identifier="idf97d3428-ed8e-4845-9d29-025b0362aa90" title="LR_zerlegung_ja/nein_01" adaptive="false" timeDependent="false"><responseDeclaration identifier="RESPONSE_1" cardinality="multiple" baseType="identifier"><correctResponse><value>idb85156bb-f41b-4244-9e21-9225dca4ce45</value><value>id0a5d4731-a9d9-4eff-84ff-4aa2a10c37fe</value></correctResponse><mapping defaultValue="0" lowerBound="0.0"><mapEntry mapKey="idb85156bb-f41b-4244-9e21-9225dca4ce45" mappedValue="1.5" /><mapEntry mapKey="id0a5d4731-a9d9-4eff-84ff-4aa2a10c37fe" mappedValue="1.5" /><mapEntry mapKey="id5df1a3cc-4c28-4ce3-bf3a-861bd3d3add1" mappedValue="-1.0" /><mapEntry mapKey="id39f821f1-0912-414c-af32-0749a2312487" mappedValue="-1.0" /><mapEntry mapKey="id65515e11-3163-4b39-bdeb-93452fbad3f4" mappedValue="-1.0" /></mapping></responseDeclaration><outcomeDeclaration identifier="SCORE" cardinality="single" baseType="float"><defaultValue><value>0</value></defaultValue></outcomeDeclaration><outcomeDeclaration identifier="MAXSCORE" cardinality="single" baseType="float"><defaultValue><value>3</value></defaultValue></outcomeDeclaration><outcomeDeclaration identifier="FEEDBACKBASIC" cardinality="single" baseType="identifier" view="testConstructor"><defaultValue><value>empty</value></defaultValue></outcomeDeclaration><itemBody ><p>Bei welchen der folgenden Zerlegungen handelt es sich um eine \(LR\)-Zerlegung?</p><choiceInteraction responseIdentifier="RESPONSE_1" shuffle="true" maxChoices="0"><simpleChoice identifier="idb85156bb-f41b-4244-9e21-9225dca4ce45"><p><img src="media%2Fccf71c12b9114f579d8a459e70304b4c.png" alt="" /></p></simpleChoice><simpleChoice identifier="id0a5d4731-a9d9-4eff-84ff-4aa2a10c37fe"><p><img src="media%2F9c4af013273747b5b5173c617d81c25b.png" alt="" /></p></simpleChoice><simpleChoice identifier="id5df1a3cc-4c28-4ce3-bf3a-861bd3d3add1"><p><img src="media%2Fa1a604c5516b46e1ab5b565c5df24d29.png" alt="" /></p></simpleChoice><simpleChoice identifier="id39f821f1-0912-414c-af32-0749a2312487"><p><img src="media%2F1567770f36c64062b909a6d929ab7703.png" alt="" /></p></simpleChoice><simpleChoice identifier="id65515e11-3163-4b39-bdeb-93452fbad3f4"><p><img src="media%2F4dc3ae6732904d93a827d56307102fdf.png" alt="" /></p></simpleChoice></choiceInteraction></itemBody><responseProcessing><responseCondition><responseIf><not><isNull><variable identifier="RESPONSE_1" /></isNull></not><setOutcomeValue identifier="SCORE"><sum><variable identifier="SCORE" /><mapResponse identifier="RESPONSE_1" /></sum></setOutcomeValue><setOutcomeValue identifier="FEEDBACKBASIC"><baseValue baseType="identifier">incorrect</baseValue></setOutcomeValue></responseIf></responseCondition><responseCondition><responseIf><and><not><match><variable identifier="FEEDBACKBASIC" /><baseValue baseType="identifier">empty</baseValue></match></not><equal toleranceMode="exact"><variable identifier="SCORE" /><variable identifier="MAXSCORE" /></equal></and><setOutcomeValue identifier="FEEDBACKBASIC"><baseValue baseType="identifier">correct</baseValue></setOutcomeValue></responseIf></responseCondition></responseProcessing></assessmentItem>
