<?xml version="1.0" encoding="UTF-8"?>
<assessmentItem xmlns="http://www.imsglobal.org/xsd/imsqti_v2p1" xmlns:xsi="http://www.w3.org/2001/XMLSchema-instance" xsi:schemaLocation="http://www.imsglobal.org/xsd/imsqti_v2p1 http://www.imsglobal.org/xsd/qti/qtiv2p1/imsqti_v2p1p1.xsd http://www.w3.org/1998/Math/MathML http://www.w3.org/Math/XMLSchema/mathml2/mathml2.xsd" identifier="id365b20b8-538c-44a7-9090-115aff5d4e31" title="ReelleNullstellenPolynomGrad5" adaptive="false" timeDependent="false"><responseDeclaration identifier="RESPONSE_1410012695530" cardinality="single" baseType="string" /><outcomeDeclaration identifier="SCORE" cardinality="single" baseType="float"><defaultValue><value>0</value></defaultValue></outcomeDeclaration><outcomeDeclaration identifier="MAXSCORE" cardinality="single" baseType="float"><defaultValue><value>4</value></defaultValue></outcomeDeclaration><outcomeDeclaration identifier="FEEDBACKBASIC" cardinality="single" baseType="identifier" view="testConstructor"><defaultValue><value>empty</value></defaultValue></outcomeDeclaration><outcomeDeclaration identifier="FEEDBACKMODAL" cardinality="multiple" baseType="identifier" view="testConstructor" /><templateDeclaration identifier="x0" cardinality="single" baseType="integer" /><templateDeclaration identifier="x1" cardinality="single" baseType="integer" /><templateDeclaration identifier="x2" cardinality="single" baseType="integer" /><templateDeclaration identifier="a0" cardinality="single" baseType="integer" /><templateDeclaration identifier="a1" cardinality="single" baseType="integer" /><templateDeclaration identifier="a2" cardinality="single" baseType="integer" /><templateDeclaration identifier="a3" cardinality="single" baseType="integer" /><templateDeclaration identifier="a4" cardinality="single" baseType="integer" /><templateProcessing><setTemplateValue identifier="x0"><randomInteger min="-4" max="5" /></setTemplateValue><templateCondition><templateIf><match><variable identifier="x0" /><baseValue baseType="integer">0</baseValue></match><setTemplateValue identifier="x0"><randomInteger min="1" max="5" /></setTemplateValue></templateIf></templateCondition><setTemplateValue identifier="x1"><randomInteger min="1" max="6" /></setTemplateValue><setTemplateValue identifier="x2"><randomInteger min="1" max="6" /></setTemplateValue><setTemplateValue identifier="a0"><customOperator definition="MAXIMA" value="float(coeff( expand((x-$(1))*(x^2-$(2))*(x^2+$(3))), x, 0));"><variable identifier="x0" /><variable identifier="x1" /><variable identifier="x2" /></customOperator></setTemplateValue><setTemplateValue identifier="a1"><customOperator definition="MAXIMA" value="float(coeff( expand((x-$(1))*(x^2-$(2))*(x^2+$(3))), x, 1));"><variable identifier="x0" /><variable identifier="x1" /><variable identifier="x2" /></customOperator></setTemplateValue><setTemplateValue identifier="a2"><customOperator definition="MAXIMA" value="float(coeff( expand((x-$(1))*(x^2-$(2))*(x^2+$(3))), x, 2));"><variable identifier="x0" /><variable identifier="x1" /><variable identifier="x2" /></customOperator></setTemplateValue><setTemplateValue identifier="a3"><customOperator definition="MAXIMA" value="float(coeff( expand((x-$(1))*(x^2-$(2))*(x^2+$(3))), x, 3));"><variable identifier="x0" /><variable identifier="x1" /><variable identifier="x2" /></customOperator></setTemplateValue><setTemplateValue identifier="a4"><customOperator definition="MAXIMA" value="float(coeff( expand((x-$(1))*(x^2-$(2))*(x^2+$(3))), x, 4));"><variable identifier="x0" /><variable identifier="x1" /><variable identifier="x2" /></customOperator></setTemplateValue><setCorrectResponse identifier="RESPONSE_1410012695530"><customOperator definition="VARIABLESTRING" value="{$(1), -sqrt($(2)), sqrt($(2))}"><variable identifier="x0" /><variable identifier="x1" /></customOperator></setCorrectResponse></templateProcessing><itemBody ><p><div dir="ltr" style="font-size: 13.2835px; font-family: sans-serif; left: 107.72px; top: 472.933px; transform: rotate(0deg) scale(0.996632, 1); transform-origin: 0% 0% 0px;" data-angle="0" data-font-name="g_font_9_0" data-canvas-width="309.9524353973021">Man bestimme von dem Polynom \(p(x) := x^5+<printedVariable identifier="a4" />x^4+<printedVariable identifier="a3" />x^3 + <printedVariable identifier="a2" />x^2+<printedVariable identifier="a1" />x+<printedVariable identifier="a0" />\) alle reellen Nullstellen. Man weiß, dass p eine ganzzahlige Nullstelle \( x_0\) hat.</div><div dir="ltr" style="font-size: 13.2835px; font-family: sans-serif; left: 107.72px; top: 472.933px; transform: rotate(0deg) scale(0.996632, 1); transform-origin: 0% 0% 0px;" data-angle="0" data-font-name="g_font_9_0" data-canvas-width="309.9524353973021">Finde  \( x_0\) mit dem Horner-Schema angewendet auf die Teiler des konstanten Gliedes \(a_0 = <printedVariable identifier="a0" /> \) von p. (Beginne mit kleinen Teilern.)</div><div dir="ltr" style="font-size: 13.2835px; font-family: sans-serif; left: 107.72px; top: 472.933px; transform: rotate(0deg) scale(0.996632, 1); transform-origin: 0% 0% 0px;" data-angle="0" data-font-name="g_font_9_0" data-canvas-width="309.9524353973021"> </div><div dir="ltr" style="font-size: 13.2835px; font-family: sans-serif; left: 107.72px; top: 472.933px; transform: rotate(0deg) scale(0.996632, 1); transform-origin: 0% 0% 0px;" data-angle="0" data-font-name="g_font_9_0" data-canvas-width="309.9524353973021">Führe dann die Polynomdivsion p(x) : \((x-x_0)\) = :g(x) durch oder bestimme</div><div dir="ltr" style="font-size: 13.2835px; font-family: sans-serif; left: 107.72px; top: 472.933px; transform: rotate(0deg) scale(0.996632, 1); transform-origin: 0% 0% 0px;" data-angle="0" data-font-name="g_font_9_0" data-canvas-width="309.9524353973021">g(x) = p(x) : \((x-x_0)\) direkt unter Ausnutzung des erstellten Horner-Schemas für die gefundene Nullstelle \(x_0\).</div><div dir="ltr" style="font-size: 13.2835px; font-family: sans-serif; left: 107.72px; top: 472.933px; transform: rotate(0deg) scale(0.996632, 1); transform-origin: 0% 0% 0px;" data-angle="0" data-font-name="g_font_9_0" data-canvas-width="309.9524353973021"> </div><div dir="ltr" style="font-size: 13.2835px; font-family: sans-serif; left: 107.72px; top: 472.933px; transform: rotate(0deg) scale(0.996632, 1); transform-origin: 0% 0% 0px;" data-angle="0" data-font-name="g_font_9_0" data-canvas-width="309.9524353973021">Berechne nun weitere Nullstellen von p als Nullstellen von g. Hinweis: g ist ein biquadratisches Polynom. Indem man \( x^2 = z \) substituiert, erhält man eine quadratische Gleichung.</div><div dir="ltr" style="font-size: 13.2835px; font-family: sans-serif; left: 107.72px; top: 472.933px; transform: rotate(0deg) scale(0.996632, 1); transform-origin: 0% 0% 0px;" data-angle="0" data-font-name="g_font_9_0" data-canvas-width="309.9524353973021"> </div><div dir="ltr" style="font-size: 13.2835px; font-family: sans-serif; left: 107.72px; top: 472.933px; transform: rotate(0deg) scale(0.996632, 1); transform-origin: 0% 0% 0px;" data-angle="0" data-font-name="g_font_9_0" data-canvas-width="309.9524353973021">Gebe alle reellen Nullstellen von p exakt und ohne zu runden in Maxima Schreibweise als Menge N an:</div><div dir="ltr" style="font-size: 13.2835px; font-family: sans-serif; left: 107.72px; top: 472.933px; transform: rotate(0deg) scale(0.996632, 1); transform-origin: 0% 0% 0px;" data-angle="0" data-font-name="g_font_9_0" data-canvas-width="309.9524353973021"><em>Beispiel: Die Maxima Schreibweise der Menge \( \{ 1, \sqrt{7}, 8\} \) ist { 1, sqrt(7), 8}</em></div><div dir="ltr" style="font-size: 13.2835px; font-family: sans-serif; left: 107.72px; top: 472.933px; transform: rotate(0deg) scale(0.996632, 1); transform-origin: 0% 0% 0px;" data-angle="0" data-font-name="g_font_9_0" data-canvas-width="309.9524353973021"> </div><div dir="ltr" style="font-size: 13.2835px; font-family: sans-serif; left: 107.72px; top: 472.933px; transform: rotate(0deg) scale(0.996632, 1); transform-origin: 0% 0% 0px;" data-angle="0" data-font-name="g_font_9_0" data-canvas-width="309.9524353973021">N = <textEntryInteraction responseIdentifier="RESPONSE_1410012695530" expectedLength="6" class="maxima-formula show-latex show-syntax-error" /></div><div dir="ltr" style="font-size: 13.2835px; font-family: sans-serif; left: 107.72px; top: 472.933px; transform: rotate(0deg) scale(0.996632, 1); transform-origin: 0% 0% 0px;" data-angle="0" data-font-name="g_font_9_0" data-canvas-width="309.9524353973021"> </div><p> </p><p> </p><p> </p><p> </p></p></itemBody><responseProcessing><responseCondition><responseIf><customOperator definition="MAXIMA" value="is(equal(ev($(1)),ev($(2))));"><variable identifier="RESPONSE_1410012695530" /><correct identifier="RESPONSE_1410012695530" /></customOperator><setOutcomeValue identifier="SCORE"><sum><variable identifier="SCORE" /><baseValue baseType="float">4</baseValue></sum></setOutcomeValue></responseIf></responseCondition><responseCondition><responseIf><not><isNull><variable identifier="RESPONSE_1410012695530" /></isNull></not><setOutcomeValue identifier="FEEDBACKBASIC"><baseValue baseType="identifier">incorrect</baseValue></setOutcomeValue></responseIf></responseCondition><responseCondition><responseIf><and><not><match><variable identifier="FEEDBACKBASIC" /><baseValue baseType="identifier">empty</baseValue></match></not><equal toleranceMode="exact"><variable identifier="SCORE" /><variable identifier="MAXSCORE" /></equal></and><setOutcomeValue identifier="FEEDBACKBASIC"><baseValue baseType="identifier">correct</baseValue></setOutcomeValue></responseIf></responseCondition><responseCondition><responseIf><and><match><baseValue baseType="identifier">incorrect</baseValue><variable identifier="FEEDBACKBASIC" /></match></and><setOutcomeValue identifier="FEEDBACKMODAL"><multiple><variable identifier="FEEDBACKMODAL" /><baseValue baseType="identifier">Feedback372689654</baseValue></multiple></setOutcomeValue></responseIf></responseCondition></responseProcessing><modalFeedback  identifier="Feedback372689654" outcomeIdentifier="FEEDBACKMODAL" showHide="show"><p>Musterlösung für ein konkretes Beispiel: Sei \( p(x) =  x^5+3x^4-4x-12\).</p><p>Eine ganzzahlige Lösung \(x_0\) der Gleichung p(x) = 0 muß wegen \( x^5+3x^4-4x-12 = 0 \leftrightarrow 12 = x^5+3x^4-4x = x\cdot ( x^4+3x^3-4)\) ein Teiler von 12 sein. Es reicht also, die Zahlen {-12, -4, -3, -1, 1 , 3, 4, 12} zu untersuchen. Zweckmäßigerweise beginnt man mit den kleinsten Zahlen. Irgendwann kommen wir dann bei \(x = -3\) an und erstellen das Hornerschema:</p><p>\( \begin{array}{ccccccc} &amp; 1&amp;3&amp;0 &amp;0&amp;-4 &amp;-12 \\ x_0 = -3 &amp; 1 &amp; 0 &amp; 0 &amp; 0 &amp; -4 &amp; 0 \\ \end{array}\) wobei in der oberen Zeile die Koeffizienten von p stehen. Also gilt \(p(x_0)= 0\).</p><p>Durch Polynomdivision erhält man : \( g(x)= \frac{p(x)}{x-x_0}= \frac{p(x)}{x+3}= x^4 - 4\).</p><p>Bemerkung: Offenbar sind die Koeffizienten von \( g(x) = x^4 - 4 = 1 \cdot x^4 + 0\cdot x^3 + 0\cdot x^2 +0\cdot x - 4 \) gerade die 2 Zeile des Horner-Schemas, so dass man dieses Polynom auch direkt aus dem Horner-Schema hätte ablesen können ohne eine Polynomdivision durchführen zu müssen.</p><p>Wie findet man jetzt die weiteren Nullstellen von p ? Die Gleichung \( g(x) = \frac{p(x)}{x+3}= x^4 - 4\) zeigt, dass jede von - 3 verschiedene Nullstelle von p auch einen Nullstelle von \(g(x) = x^4-4\) sein muß und umgekehrt. Wir faktorisieren also \(g(x) = x^4-4 = (x^2-2)(x^2+2)\) und lesen zwei weitere reelle Nullstellen \(x_1 = \sqrt{2}\) und  \(x_2 = -\sqrt{2}\) ab.</p><p>Falls g ein allgemeineres biquadratisches Polynom vom Typ \( g(x) = x^4 + px^2+q \) ist, substituiere \( x^2 = z\) und löse dann zunächst die Gleichung \( z^2 +pz+q =0\).</p><p>Anmerkung: Außerhalb dieser Aufgabe muß g in einer ähnlichen Situation kein biquadratisches Polynom sein. </p><p> </p></modalFeedback></assessmentItem>
