<?xml version="1.0" encoding="UTF-8"?>
<assessmentItem xmlns="http://www.imsglobal.org/xsd/imsqti_v2p1" xmlns:xsi="http://www.w3.org/2001/XMLSchema-instance" xsi:schemaLocation="http://www.imsglobal.org/xsd/imsqti_v2p1 http://www.imsglobal.org/xsd/qti/qtiv2p1/imsqti_v2p1p1.xsd http://www.w3.org/1998/Math/MathML http://www.w3.org/Math/XMLSchema/mathml2/mathml2.xsd" identifier="id3a22b8c0-4d5b-4019-9104-b7230b438e33" title="Ableiten4VerschiedeneFunktionen" adaptive="false" timeDependent="false"><responseDeclaration identifier="RESPONSE_1405083138179" cardinality="single" baseType="string" /><responseDeclaration identifier="RESPONSE_1405084066312" cardinality="single" baseType="string" /><responseDeclaration identifier="RESPONSE_1405084212735" cardinality="single" baseType="string" /><responseDeclaration identifier="RESPONSE_1405084475809" cardinality="single" baseType="string" /><outcomeDeclaration identifier="SCORE" cardinality="single" baseType="float"><defaultValue><value>0</value></defaultValue></outcomeDeclaration><outcomeDeclaration identifier="MAXSCORE" cardinality="single" baseType="float"><defaultValue><value>8</value></defaultValue></outcomeDeclaration><outcomeDeclaration identifier="FEEDBACKBASIC" cardinality="single" baseType="identifier" view="testConstructor"><defaultValue><value>empty</value></defaultValue></outcomeDeclaration><templateDeclaration identifier="a" cardinality="single" baseType="integer" /><templateDeclaration identifier="a1" cardinality="single" baseType="integer" /><templateDeclaration identifier="a2" cardinality="single" baseType="integer" /><templateDeclaration identifier="b" cardinality="single" baseType="integer" /><templateDeclaration identifier="b1" cardinality="single" baseType="integer" /><templateDeclaration identifier="b2" cardinality="single" baseType="integer" /><templateDeclaration identifier="c" cardinality="single" baseType="integer" /><templateDeclaration identifier="c1" cardinality="single" baseType="integer" /><templateDeclaration identifier="d" cardinality="single" baseType="integer" /><templateDeclaration identifier="d1" cardinality="single" baseType="integer" /><templateDeclaration identifier="d2" cardinality="single" baseType="integer" /><templateProcessing><setTemplateValue identifier="a"><randomInteger min="3" max="7" /></setTemplateValue><setTemplateValue identifier="a1"><random><multiple><baseValue baseType="integer">2</baseValue><baseValue baseType="integer">3</baseValue><baseValue baseType="integer">4</baseValue><baseValue baseType="integer">6</baseValue><baseValue baseType="integer">7</baseValue></multiple></random></setTemplateValue><setTemplateValue identifier="a2"><randomInteger min="3" max="5" /></setTemplateValue><setTemplateValue identifier="b"><randomInteger min="2" max="5" /></setTemplateValue><setTemplateValue identifier="b1"><randomInteger min="5" max="9" /></setTemplateValue><setTemplateValue identifier="b2"><randomInteger min="2" max="4" /></setTemplateValue><setTemplateValue identifier="c"><randomInteger min="3" max="8" /></setTemplateValue><setTemplateValue identifier="c1"><random><multiple><baseValue baseType="integer">5</baseValue><baseValue baseType="integer">10</baseValue><baseValue baseType="integer">15</baseValue></multiple></random></setTemplateValue><setTemplateValue identifier="d"><randomInteger min="3" max="5" /></setTemplateValue><setTemplateValue identifier="d1"><randomInteger min="6" max="9" /></setTemplateValue><setTemplateValue identifier="d2"><randomInteger min="2" max="5" /></setTemplateValue><setCorrectResponse identifier="RESPONSE_1405083138179"><customOperator definition="VARIABLESTRING" value="($(1)*(1/2))*x^(-1/2)+3*($(2)/5)*x^(($(2)/5)-1)-2*$(3)*x"><variable identifier="a" /><variable identifier="a1" /><variable identifier="a2" /></customOperator></setCorrectResponse><setCorrectResponse identifier="RESPONSE_1405084066312"><customOperator definition="VARIABLESTRING" value="$(1)*cos(x)+$(2)*$(3)*%e^($(3)*x)"><variable identifier="b" /><variable identifier="b1" /><variable identifier="b2" /></customOperator></setCorrectResponse><setCorrectResponse identifier="RESPONSE_1405084212735"><customOperator definition="VARIABLESTRING" value="$(1)^x*log($(1))-$(2)*(1/5)*x^(-4/5)+(1/2)*x^(-1/2)"><variable identifier="c" /><variable identifier="c1" /></customOperator></setCorrectResponse><setCorrectResponse identifier="RESPONSE_1405084475809"><customOperator definition="VARIABLESTRING" value="4*$(1)*x^($(1)-1)+(2*x*($(2)*x-$(3))-x^2*$(2))/($(2)*x-$(3))^2"><variable identifier="d" /><variable identifier="d1" /><variable identifier="d2" /></customOperator></setCorrectResponse></templateProcessing><itemBody ><p>Bestimmen Sie die erste Ableitung der folgenden Funktionen.</p><p>a) f(x)= \(<printedVariable identifier="a" />\sqrt{x}+3x^{\frac{<printedVariable identifier="a1" />}{5}}-<printedVariable identifier="a2" />x^2\)</p><p>b) g(x)= \(<printedVariable identifier="b" />sin(x)+<printedVariable identifier="b1" />e^{<printedVariable identifier="b2" />x}\)</p><p>c) h(x)= \(<printedVariable identifier="c" />^x-<printedVariable identifier="c1" />x^{\frac{1}{5}}+\sqrt{x}\)</p><p>d) d(x)= \(4x^<printedVariable identifier="d" />+\frac{x^2}{<printedVariable identifier="d1" />x-<printedVariable identifier="d2" />}\)</p><p>Geben Sie die Ergebnisse in Maxima-Schreibweise ein.</p><p>f'(x)= <textEntryInteraction responseIdentifier="RESPONSE_1405083138179" class="maxima-formula show-latex show-syntax-error" /></p><p>g'(x)= <textEntryInteraction responseIdentifier="RESPONSE_1405084066312" class="maxima-formula show-latex show-syntax-error" /></p><p>h'(x)= <textEntryInteraction responseIdentifier="RESPONSE_1405084212735" class="maxima-formula show-latex show-syntax-error" /></p><p>d'(x)= <textEntryInteraction responseIdentifier="RESPONSE_1405084475809" class="maxima-formula show-latex show-syntax-error" /></p></itemBody><responseProcessing><responseCondition><responseIf><customOperator definition="MAXIMA" value="is(equal(ev($(1)),ev($(2))));"><variable identifier="RESPONSE_1405083138179" /><correct identifier="RESPONSE_1405083138179" /></customOperator><setOutcomeValue identifier="SCORE"><sum><variable identifier="SCORE" /><baseValue baseType="float">2</baseValue></sum></setOutcomeValue></responseIf></responseCondition><responseCondition><responseIf><not><isNull><variable identifier="RESPONSE_1405083138179" /></isNull></not><setOutcomeValue identifier="FEEDBACKBASIC"><baseValue baseType="identifier">incorrect</baseValue></setOutcomeValue></responseIf></responseCondition><responseCondition><responseIf><customOperator definition="MAXIMA" value="is(equal(ev($(1)),ev($(2))));"><variable identifier="RESPONSE_1405084066312" /><correct identifier="RESPONSE_1405084066312" /></customOperator><setOutcomeValue identifier="SCORE"><sum><variable identifier="SCORE" /><baseValue baseType="float">2</baseValue></sum></setOutcomeValue></responseIf></responseCondition><responseCondition><responseIf><not><isNull><variable identifier="RESPONSE_1405084066312" /></isNull></not><setOutcomeValue identifier="FEEDBACKBASIC"><baseValue baseType="identifier">incorrect</baseValue></setOutcomeValue></responseIf></responseCondition><responseCondition><responseIf><customOperator definition="MAXIMA" value="is(equal(ev($(1)),ev($(2))));"><variable identifier="RESPONSE_1405084212735" /><correct identifier="RESPONSE_1405084212735" /></customOperator><setOutcomeValue identifier="SCORE"><sum><variable identifier="SCORE" /><baseValue baseType="float">2</baseValue></sum></setOutcomeValue></responseIf></responseCondition><responseCondition><responseIf><not><isNull><variable identifier="RESPONSE_1405084212735" /></isNull></not><setOutcomeValue identifier="FEEDBACKBASIC"><baseValue baseType="identifier">incorrect</baseValue></setOutcomeValue></responseIf></responseCondition><responseCondition><responseIf><customOperator definition="MAXIMA" value="is(equal(ev($(1)),ev($(2))));"><variable identifier="RESPONSE_1405084475809" /><correct identifier="RESPONSE_1405084475809" /></customOperator><setOutcomeValue identifier="SCORE"><sum><variable identifier="SCORE" /><baseValue baseType="float">2</baseValue></sum></setOutcomeValue></responseIf></responseCondition><responseCondition><responseIf><not><isNull><variable identifier="RESPONSE_1405084475809" /></isNull></not><setOutcomeValue identifier="FEEDBACKBASIC"><baseValue baseType="identifier">incorrect</baseValue></setOutcomeValue></responseIf></responseCondition><responseCondition><responseIf><and><not><match><variable identifier="FEEDBACKBASIC" /><baseValue baseType="identifier">empty</baseValue></match></not><equal toleranceMode="exact"><variable identifier="SCORE" /><variable identifier="MAXSCORE" /></equal></and><setOutcomeValue identifier="FEEDBACKBASIC"><baseValue baseType="identifier">correct</baseValue></setOutcomeValue></responseIf></responseCondition></responseProcessing></assessmentItem>
