<?xml version="1.0" encoding="UTF-8"?>
<assessmentItem xmlns="http://www.imsglobal.org/xsd/imsqti_v2p1" xmlns:xsi="http://www.w3.org/2001/XMLSchema-instance" xsi:schemaLocation="http://www.imsglobal.org/xsd/imsqti_v2p1 http://www.imsglobal.org/xsd/qti/qtiv2p1/imsqti_v2p1p1.xsd http://www.w3.org/1998/Math/MathML http://www.w3.org/Math/XMLSchema/mathml2/mathml2.xsd" identifier="id405883b1-c03b-436b-8336-2614a9075ef9" title="KomplexeNullstellenPolynomGrad4" adaptive="false" timeDependent="false"><responseDeclaration identifier="RESPONSE_1410012695530" cardinality="single" baseType="string" /><outcomeDeclaration identifier="SCORE" cardinality="single" baseType="float"><defaultValue><value>0</value></defaultValue></outcomeDeclaration><outcomeDeclaration identifier="MAXSCORE" cardinality="single" baseType="float"><defaultValue><value>4</value></defaultValue></outcomeDeclaration><outcomeDeclaration identifier="FEEDBACKBASIC" cardinality="single" baseType="identifier" view="testConstructor"><defaultValue><value>empty</value></defaultValue></outcomeDeclaration><outcomeDeclaration identifier="FEEDBACKMODAL" cardinality="multiple" baseType="identifier" view="testConstructor" /><templateDeclaration identifier="x0" cardinality="single" baseType="integer" /><templateDeclaration identifier="x1" cardinality="single" baseType="integer" /><templateDeclaration identifier="x2r" cardinality="single" baseType="integer" /><templateDeclaration identifier="x2i" cardinality="single" baseType="integer" /><templateDeclaration identifier="px" cardinality="single" baseType="string" /><templateDeclaration identifier="tpx" cardinality="single" baseType="string" /><templateProcessing><setTemplateValue identifier="x0"><randomInteger min="-4" max="5" /></setTemplateValue><templateCondition><templateIf><match><variable identifier="x0" /><baseValue baseType="integer">0</baseValue></match><setTemplateValue identifier="x0"><randomInteger min="1" max="5" /></setTemplateValue></templateIf></templateCondition><setTemplateValue identifier="x1"><randomInteger min="1" max="6" /></setTemplateValue><setTemplateValue identifier="x2r"><randomInteger min="-4" max="4" /></setTemplateValue><setTemplateValue identifier="x2i"><randomInteger min="0" max="4" /></setTemplateValue><setTemplateValue identifier="px"><customOperator definition="MAXIMA" value="string(expand((x-$(1))*(x-$(2))*(x-$(3)-$(4)*%i)*(x-$(5)+$(6)*%i)))"><variable identifier="x0" /><variable identifier="x1" /><variable identifier="x2r" /><variable identifier="x2i" /><variable identifier="x2r" /><variable identifier="x2i" /></customOperator></setTemplateValue><setTemplateValue identifier="tpx"><customOperator definition="MAXIMA" value="tex1($(1))"><variable identifier="px" /></customOperator></setTemplateValue><setCorrectResponse identifier="RESPONSE_1410012695530"><customOperator definition="VARIABLESTRING" value="{$(1), $(2), $(3)+$(4)*%i,$(3)-$(4)*%i}"><variable identifier="x0" /><variable identifier="x1" /><variable identifier="x2r" /><variable identifier="x2i" /></customOperator></setCorrectResponse></templateProcessing><itemBody ><p><p><div dir="ltr" style="font-size: 13.2835px; font-family: sans-serif; left: 107.72px; top: 472.933px; transform: rotate(0deg) scale(0.996632, 1); transform-origin: 0% 0% 0px;" data-angle="0" data-font-name="g_font_9_0" data-canvas-width="309.9524353973021">Man bestimme die Menge \(N\) aller <strong>komplexen</strong> Nullstellen des Polynoms \(p\) mit</div><div dir="ltr" style="font-size: 13.2835px; font-family: sans-serif; left: 107.72px; top: 472.933px; transform: rotate(0deg) scale(0.996632, 1); transform-origin: 0% 0% 0px;" data-angle="0" data-font-name="g_font_9_0" data-canvas-width="309.9524353973021">\(p(x)=<printedVariable identifier="tpx" />\).</div><div dir="ltr" style="font-size: 13.2835px; font-family: sans-serif; left: 107.72px; top: 472.933px; transform: rotate(0deg) scale(0.996632, 1); transform-origin: 0% 0% 0px;" data-angle="0" data-font-name="g_font_9_0" data-canvas-width="309.9524353973021"> </div><div dir="ltr" style="font-size: 13.2835px; font-family: sans-serif; left: 107.72px; top: 472.933px; transform: rotate(0deg) scale(0.996632, 1); transform-origin: 0% 0% 0px;" data-angle="0" data-font-name="g_font_9_0" data-canvas-width="309.9524353973021">Geben Sie die Menge \(N\) exakt und ohne zu runden in Maxima-Schreibweise an:</div><div dir="ltr" style="font-size: 13.2835px; font-family: sans-serif; left: 107.72px; top: 472.933px; transform: rotate(0deg) scale(0.996632, 1); transform-origin: 0% 0% 0px;" data-angle="0" data-font-name="g_font_9_0" data-canvas-width="309.9524353973021"><em>Beispiel: Die Maxima-Schreibweise der Menge </em>\( \{ 1,8, 1+\sqrt{7}\mathrm{i}, 1-\sqrt{7}\mathrm{i}\} \)<em> ist { 1, 8, 1+sqrt(7)*%i,<em>1-sqrt{7}*%i</em>}</em></div><div dir="ltr" style="font-size: 13.2835px; font-family: sans-serif; left: 107.72px; top: 472.933px; transform: rotate(0deg) scale(0.996632, 1); transform-origin: 0% 0% 0px;" data-angle="0" data-font-name="g_font_9_0" data-canvas-width="309.9524353973021"> </div><div dir="ltr" style="font-size: 13.2835px; font-family: sans-serif; left: 107.72px; top: 472.933px; transform: rotate(0deg) scale(0.996632, 1); transform-origin: 0% 0% 0px;" data-angle="0" data-font-name="g_font_9_0" data-canvas-width="309.9524353973021">\(N\) = <textEntryInteraction responseIdentifier="RESPONSE_1410012695530" expectedLength="20" class="maxima-formula show-latex show-syntax-error" /></div><div dir="ltr" style="font-size: 13.2835px; font-family: sans-serif; left: 107.72px; top: 472.933px; transform: rotate(0deg) scale(0.996632, 1); transform-origin: 0% 0% 0px;" data-angle="0" data-font-name="g_font_9_0" data-canvas-width="309.9524353973021"> </div><p> </p><p> </p><p> </p><p> </p></p></p></itemBody><responseProcessing><responseCondition><responseIf><customOperator definition="MAXIMA" value="is(equal(ev($(1)),ev($(2))));"><variable identifier="RESPONSE_1410012695530" /><correct identifier="RESPONSE_1410012695530" /></customOperator><setOutcomeValue identifier="SCORE"><sum><variable identifier="SCORE" /><baseValue baseType="float">4</baseValue></sum></setOutcomeValue></responseIf></responseCondition><responseCondition><responseIf><not><isNull><variable identifier="RESPONSE_1410012695530" /></isNull></not><setOutcomeValue identifier="FEEDBACKBASIC"><baseValue baseType="identifier">incorrect</baseValue></setOutcomeValue></responseIf></responseCondition><responseCondition><responseIf><and><not><match><variable identifier="FEEDBACKBASIC" /><baseValue baseType="identifier">empty</baseValue></match></not><equal toleranceMode="exact"><variable identifier="SCORE" /><variable identifier="MAXSCORE" /></equal></and><setOutcomeValue identifier="FEEDBACKBASIC"><baseValue baseType="identifier">correct</baseValue></setOutcomeValue></responseIf></responseCondition><responseCondition><responseIf><and><match><baseValue baseType="identifier">correct</baseValue><variable identifier="FEEDBACKBASIC" /></match></and><setOutcomeValue identifier="FEEDBACKMODAL"><multiple><variable identifier="FEEDBACKMODAL" /><baseValue baseType="identifier">Feedback1854358861</baseValue></multiple></setOutcomeValue></responseIf></responseCondition><responseCondition><responseIf><and><match><baseValue baseType="identifier">incorrect</baseValue><variable identifier="FEEDBACKBASIC" /></match></and><setOutcomeValue identifier="FEEDBACKMODAL"><multiple><variable identifier="FEEDBACKMODAL" /><baseValue baseType="identifier">Feedback1926691563</baseValue></multiple></setOutcomeValue></responseIf></responseCondition></responseProcessing><modalFeedback  identifier="Feedback1854358861" outcomeIdentifier="FEEDBACKMODAL" showHide="show" title="Alles richtig!" /><modalFeedback  identifier="Feedback1926691563" outcomeIdentifier="FEEDBACKMODAL" showHide="show" title="Leider nicht alles richtig!" /></assessmentItem>
