<?xml version="1.0" encoding="UTF-8"?>
<assessmentItem xmlns="http://www.imsglobal.org/xsd/imsqti_v2p1" xmlns:xsi="http://www.w3.org/2001/XMLSchema-instance" xsi:schemaLocation="http://www.imsglobal.org/xsd/imsqti_v2p1 http://www.imsglobal.org/xsd/qti/qtiv2p1/imsqti_v2p1p1.xsd http://www.w3.org/1998/Math/MathML http://www.w3.org/Math/XMLSchema/mathml2/mathml2.xsd" identifier="id-0422177-01" title="Quadequation" adaptive="false" timeDependent="false"><responseDeclaration identifier="RESPONSE_1" cardinality="single" baseType="float"><correctResponse><value>0</value></correctResponse></responseDeclaration><responseDeclaration identifier="RESPONSE_2" cardinality="single" baseType="float"><correctResponse><value>0</value></correctResponse></responseDeclaration><responseDeclaration identifier="RESPONSE_3" cardinality="single" baseType="float"><correctResponse><value>0</value></correctResponse></responseDeclaration><responseDeclaration identifier="RESPONSE_4" cardinality="single" baseType="float"><correctResponse><value>0</value></correctResponse></responseDeclaration><outcomeDeclaration identifier="SCORE" cardinality="single" baseType="float"><defaultValue><value>0</value></defaultValue></outcomeDeclaration><outcomeDeclaration identifier="MAXSCORE" cardinality="single" baseType="float"><defaultValue><value>4</value></defaultValue></outcomeDeclaration><outcomeDeclaration identifier="FEEDBACKBASIC" cardinality="single" baseType="identifier" view="testConstructor"><defaultValue><value>empty</value></defaultValue></outcomeDeclaration><templateDeclaration identifier="a" cardinality="single" baseType="integer" /><templateDeclaration identifier="b" cardinality="single" baseType="integer" /><templateDeclaration identifier="c" cardinality="single" baseType="integer" /><templateDeclaration identifier="d" cardinality="single" baseType="integer" /><templateDeclaration identifier="factor" cardinality="single" baseType="integer" /><templateDeclaration identifier="sumr" cardinality="single" baseType="integer" /><templateDeclaration identifier="sumi" cardinality="single" baseType="integer" /><templateDeclaration identifier="prodr" cardinality="single" baseType="integer" /><templateDeclaration identifier="prodi" cardinality="single" baseType="integer" /><templateDeclaration identifier="loes1" cardinality="single" baseType="float" /><templateDeclaration identifier="loes2" cardinality="single" baseType="float" /><templateDeclaration identifier="loes3" cardinality="single" baseType="float" /><templateDeclaration identifier="loes4" cardinality="single" baseType="float" /><templateProcessing><setTemplateValue identifier="a"><randomInteger min="1" max="5" /></setTemplateValue><setTemplateValue identifier="b"><randomInteger min="1" max="10" /></setTemplateValue><setTemplateValue identifier="c"><randomInteger min="1" max="10" /></setTemplateValue><setTemplateValue identifier="d"><randomInteger min="6" max="10" /></setTemplateValue><setTemplateValue identifier="factor"><randomInteger min="1" max="10" /></setTemplateValue><setTemplateValue identifier="sumr"><customOperator definition="MAXIMA" value="float(($(1)+$(2))*$(3));"><variable identifier="a" /><variable identifier="c" /><variable identifier="factor" /></customOperator></setTemplateValue><setTemplateValue identifier="sumi"><customOperator definition="MAXIMA" value="float(($(1)+$(2))*$(3));"><variable identifier="b" /><variable identifier="d" /><variable identifier="factor" /></customOperator></setTemplateValue><setTemplateValue identifier="prodr"><customOperator definition="MAXIMA" value="float(-($(1)*$(2)-$(3)*$(4))*$(5));"><variable identifier="a" /><variable identifier="c" /><variable identifier="b" /><variable identifier="d" /><variable identifier="factor" /></customOperator></setTemplateValue><setTemplateValue identifier="prodi"><customOperator definition="MAXIMA" value="float(($(1)*$(2)+$(3)*$(4))*$(5));"><variable identifier="a" /><variable identifier="d" /><variable identifier="b" /><variable identifier="c" /><variable identifier="factor" /></customOperator></setTemplateValue><setTemplateValue identifier="loes1"><customOperator definition="MAXIMA" value="float($(1));"><variable identifier="a" /></customOperator></setTemplateValue><setTemplateValue identifier="loes2"><customOperator definition="MAXIMA" value="float($(1));"><variable identifier="b" /></customOperator></setTemplateValue><setTemplateValue identifier="loes3"><customOperator definition="MAXIMA" value="float($(1));"><variable identifier="c" /></customOperator></setTemplateValue><setTemplateValue identifier="loes4"><customOperator definition="MAXIMA" value="float($(1));"><variable identifier="d" /></customOperator></setTemplateValue><setCorrectResponse identifier="RESPONSE_1"><variable identifier="loes1" /></setCorrectResponse><setCorrectResponse identifier="RESPONSE_2"><variable identifier="loes2" /></setCorrectResponse><setCorrectResponse identifier="RESPONSE_3"><variable identifier="loes3" /></setCorrectResponse><setCorrectResponse identifier="RESPONSE_4"><variable identifier="loes4" /></setCorrectResponse></templateProcessing><itemBody ><p>Find the solution \(z_1,z_2\in \mathbb C\) of the equation</p><p>\[ <printedVariable identifier="factor" /> z^2 - (<printedVariable identifier="sumr" />+<printedVariable identifier="sumi" />\mathrm{i})z=<printedVariable identifier="prodr" />-<printedVariable identifier="prodi" />\mathrm{i},\]</p><p>with \(|z_1| \lt |z_2|\).</p><p>Solution:</p><p>\(\mathrm{Re}(z_1)\)= <textEntryInteraction responseIdentifier="RESPONSE_1" /> and \(\mathrm{Imag}(z_1)\)= <textEntryInteraction responseIdentifier="RESPONSE_2" /></p><p>\(\mathrm{Re}(z_2)\)= <textEntryInteraction responseIdentifier="RESPONSE_3" /> and \(\mathrm{Imag}(z_2)\)= <textEntryInteraction responseIdentifier="RESPONSE_4" /></p><p> </p></itemBody><responseProcessing><responseCondition><responseIf><equal toleranceMode="absolute" tolerance="0.0 0.0" includeLowerBound="true" includeUpperBound="true"><variable identifier="RESPONSE_1" /><correct identifier="RESPONSE_1" /></equal><setOutcomeValue identifier="SCORE"><sum><variable identifier="SCORE" /><baseValue baseType="float">1</baseValue></sum></setOutcomeValue></responseIf></responseCondition><responseCondition><responseIf><not><isNull><variable identifier="RESPONSE_1" /></isNull></not><setOutcomeValue identifier="FEEDBACKBASIC"><baseValue baseType="identifier">incorrect</baseValue></setOutcomeValue></responseIf></responseCondition><responseCondition><responseIf><equal toleranceMode="absolute" tolerance="0.0 0.0" includeLowerBound="true" includeUpperBound="true"><variable identifier="RESPONSE_2" /><correct identifier="RESPONSE_2" /></equal><setOutcomeValue identifier="SCORE"><sum><variable identifier="SCORE" /><baseValue baseType="float">1</baseValue></sum></setOutcomeValue></responseIf></responseCondition><responseCondition><responseIf><not><isNull><variable identifier="RESPONSE_2" /></isNull></not><setOutcomeValue identifier="FEEDBACKBASIC"><baseValue baseType="identifier">incorrect</baseValue></setOutcomeValue></responseIf></responseCondition><responseCondition><responseIf><equal toleranceMode="absolute" tolerance="0.0 0.0" includeLowerBound="true" includeUpperBound="true"><variable identifier="RESPONSE_3" /><correct identifier="RESPONSE_3" /></equal><setOutcomeValue identifier="SCORE"><sum><variable identifier="SCORE" /><baseValue baseType="float">1</baseValue></sum></setOutcomeValue></responseIf></responseCondition><responseCondition><responseIf><not><isNull><variable identifier="RESPONSE_3" /></isNull></not><setOutcomeValue identifier="FEEDBACKBASIC"><baseValue baseType="identifier">incorrect</baseValue></setOutcomeValue></responseIf></responseCondition><responseCondition><responseIf><equal toleranceMode="absolute" tolerance="0.0 0.0" includeLowerBound="true" includeUpperBound="true"><variable identifier="RESPONSE_4" /><correct identifier="RESPONSE_4" /></equal><setOutcomeValue identifier="SCORE"><sum><variable identifier="SCORE" /><baseValue baseType="float">1</baseValue></sum></setOutcomeValue></responseIf></responseCondition><responseCondition><responseIf><not><isNull><variable identifier="RESPONSE_4" /></isNull></not><setOutcomeValue identifier="FEEDBACKBASIC"><baseValue baseType="identifier">incorrect</baseValue></setOutcomeValue></responseIf></responseCondition><responseCondition><responseIf><and><not><match><variable identifier="FEEDBACKBASIC" /><baseValue baseType="identifier">empty</baseValue></match></not><equal toleranceMode="exact"><variable identifier="SCORE" /><variable identifier="MAXSCORE" /></equal></and><setOutcomeValue identifier="FEEDBACKBASIC"><baseValue baseType="identifier">correct</baseValue></setOutcomeValue></responseIf></responseCondition></responseProcessing></assessmentItem>
