<?xml version="1.0" encoding="UTF-8"?>
<assessmentItem xmlns="http://www.imsglobal.org/xsd/imsqti_v2p1" xmlns:xsi="http://www.w3.org/2001/XMLSchema-instance" xsi:schemaLocation="http://www.imsglobal.org/xsd/imsqti_v2p1 http://www.imsglobal.org/xsd/qti/qtiv2p1/imsqti_v2p1p1.xsd http://www.w3.org/1998/Math/MathML http://www.w3.org/Math/XMLSchema/mathml2/mathml2.xsd" identifier="id125e8939-21ae-4cdf-9cf1-e7bc39464874" title="ebene_parameterfrei_01" adaptive="false" timeDependent="false"><responseDeclaration identifier="RESPONSE_1407403363118" cardinality="single" baseType="string" /><outcomeDeclaration identifier="SCORE" cardinality="single" baseType="float"><defaultValue><value>0</value></defaultValue></outcomeDeclaration><outcomeDeclaration identifier="MAXSCORE" cardinality="single" baseType="float"><defaultValue><value>1</value></defaultValue></outcomeDeclaration><outcomeDeclaration identifier="FEEDBACKBASIC" cardinality="single" baseType="identifier" view="testConstructor"><defaultValue><value>empty</value></defaultValue></outcomeDeclaration><outcomeDeclaration identifier="FEEDBACKMODAL" cardinality="multiple" baseType="identifier" view="testConstructor" /><templateDeclaration identifier="a1" cardinality="single" baseType="integer" /><templateDeclaration identifier="a2" cardinality="single" baseType="integer" /><templateDeclaration identifier="a3" cardinality="single" baseType="integer" /><templateDeclaration identifier="b1" cardinality="single" baseType="float" /><templateDeclaration identifier="b2" cardinality="single" baseType="integer" /><templateDeclaration identifier="b3" cardinality="single" baseType="integer" /><templateDeclaration identifier="c1" cardinality="single" baseType="integer" /><templateDeclaration identifier="c2" cardinality="single" baseType="integer" /><templateDeclaration identifier="c3" cardinality="single" baseType="integer" /><templateDeclaration identifier="n1" cardinality="single" baseType="float" /><templateDeclaration identifier="n2" cardinality="single" baseType="float" /><templateDeclaration identifier="n3" cardinality="single" baseType="float" /><templateDeclaration identifier="d" cardinality="single" baseType="float" /><templateProcessing><setTemplateValue identifier="a1"><random><multiple><baseValue baseType="integer">-3</baseValue><baseValue baseType="integer">-2</baseValue><baseValue baseType="integer">-1</baseValue><baseValue baseType="integer">1</baseValue><baseValue baseType="integer">2</baseValue><baseValue baseType="integer">3</baseValue></multiple></random></setTemplateValue><setTemplateValue identifier="a2"><random><multiple><baseValue baseType="integer">-3</baseValue><baseValue baseType="integer">-2</baseValue><baseValue baseType="integer">-1</baseValue><baseValue baseType="integer">1</baseValue><baseValue baseType="integer">2</baseValue><baseValue baseType="integer">3</baseValue></multiple></random></setTemplateValue><setTemplateValue identifier="a3"><random><multiple><baseValue baseType="integer">-3</baseValue><baseValue baseType="integer">-2</baseValue><baseValue baseType="integer">-1</baseValue><baseValue baseType="integer">1</baseValue><baseValue baseType="integer">2</baseValue><baseValue baseType="integer">3</baseValue></multiple></random></setTemplateValue><setTemplateValue identifier="b1"><random><multiple><baseValue baseType="float">-5</baseValue><baseValue baseType="float">-4</baseValue><baseValue baseType="float">-3</baseValue><baseValue baseType="float">-2</baseValue><baseValue baseType="float">-1</baseValue><baseValue baseType="float">1</baseValue><baseValue baseType="float">2</baseValue><baseValue baseType="float">3</baseValue><baseValue baseType="float">4</baseValue><baseValue baseType="float">5</baseValue></multiple></random></setTemplateValue><setTemplateValue identifier="b2"><random><multiple><baseValue baseType="integer">-5</baseValue><baseValue baseType="integer">-4</baseValue><baseValue baseType="integer">-3</baseValue><baseValue baseType="integer">-2</baseValue><baseValue baseType="integer">-1</baseValue><baseValue baseType="integer">1</baseValue><baseValue baseType="integer">2</baseValue><baseValue baseType="integer">3</baseValue><baseValue baseType="integer">4</baseValue><baseValue baseType="integer">5</baseValue></multiple></random></setTemplateValue><setTemplateValue identifier="b3"><randomInteger min="0" max="0" step="0" /></setTemplateValue><setTemplateValue identifier="c1"><random><multiple><baseValue baseType="integer">-5</baseValue><baseValue baseType="integer">-4</baseValue><baseValue baseType="integer">-3</baseValue><baseValue baseType="integer">-2</baseValue><baseValue baseType="integer">-1</baseValue><baseValue baseType="integer">1</baseValue><baseValue baseType="integer">2</baseValue><baseValue baseType="integer">3</baseValue><baseValue baseType="integer">4</baseValue><baseValue baseType="integer">5</baseValue></multiple></random></setTemplateValue><setTemplateValue identifier="c2"><randomInteger min="0" max="0" step="0" /></setTemplateValue><setTemplateValue identifier="c3"><random><multiple><baseValue baseType="integer">-5</baseValue><baseValue baseType="integer">-4</baseValue><baseValue baseType="integer">-3</baseValue><baseValue baseType="integer">-2</baseValue><baseValue baseType="integer">-1</baseValue><baseValue baseType="integer">1</baseValue><baseValue baseType="integer">2</baseValue><baseValue baseType="integer">3</baseValue><baseValue baseType="integer">4</baseValue><baseValue baseType="integer">5</baseValue></multiple></random></setTemplateValue><setTemplateValue identifier="n1"><customOperator definition="MAXIMA" value="float($(1)*$(2)-$(3)*$(4));"><variable identifier="b2" /><variable identifier="c3" /><variable identifier="b3" /><variable identifier="c2" /></customOperator></setTemplateValue><setTemplateValue identifier="n2"><customOperator definition="MAXIMA" value="float($(1)*$(2)-$(3)*$(4));"><variable identifier="b3" /><variable identifier="c1" /><variable identifier="b1" /><variable identifier="c3" /></customOperator></setTemplateValue><setTemplateValue identifier="n3"><customOperator definition="MAXIMA" value="float($(1)*$(2)-$(3)*$(4));"><variable identifier="b1" /><variable identifier="c2" /><variable identifier="b2" /><variable identifier="c1" /></customOperator></setTemplateValue><setTemplateValue identifier="d"><customOperator definition="MAXIMA" value="float($(1)*$(2)+$(3)*$(4)+$(5)*$(6));"><variable identifier="n1" /><variable identifier="a1" /><variable identifier="n2" /><variable identifier="a2" /><variable identifier="n3" /><variable identifier="a3" /></customOperator></setTemplateValue><setCorrectResponse identifier="RESPONSE_1407403363118"><customOperator definition="VARIABLESTRING" value="$(1)*x+$(2)*y+$(3)*z=$(4)"><variable identifier="n1" /><variable identifier="n2" /><variable identifier="n3" /><variable identifier="d" /></customOperator></setCorrectResponse></templateProcessing><itemBody ><p>Gegeben sei die Ebene</p><p>$$E:\begin{pmatrix}x(s,t)\\y(s,t)\\z(s,t)\end{pmatrix}=\begin{pmatrix}<printedVariable identifier="a1" />\\<printedVariable identifier="a2" />\\<printedVariable identifier="a3" />\end{pmatrix}+t\cdot\begin{pmatrix}<printedVariable identifier="b1" />\\<printedVariable identifier="b2" />\\<printedVariable identifier="b3" />\end{pmatrix}+s\cdot \begin{pmatrix}<printedVariable identifier="c1" />\\<printedVariable identifier="c2" />\\<printedVariable identifier="c3" />\end{pmatrix}.$$</p><p>Geben Sie eine parameterfreie Darstellung der Ebene an!</p><p>\(E:\) <textEntryInteraction responseIdentifier="RESPONSE_1407403363118" expectedLength="20" placeholderText="a*x+b*y+c*z=d" class="maxima-formula show-latex" /></p><p><span style="font-size: 10pt;"><strong>Beispieleingaben:</strong>  <strong>17*x-9*y+5*z=77</strong> oder auch <strong>5*z-9*y=77-17*x </strong>(Malzeichen nicht vergessen!)<strong><br /></strong></span></p></itemBody><responseProcessing><responseCondition><responseIf><customOperator definition="MAXIMA" value="is(equal(solve($(1),x),solve($(2),x)));" caseSensitive="false"><variable identifier="RESPONSE_1407403363118" /><correct identifier="RESPONSE_1407403363118" /></customOperator><setOutcomeValue identifier="SCORE"><sum><variable identifier="SCORE" /><baseValue baseType="float">1</baseValue></sum></setOutcomeValue></responseIf></responseCondition><responseCondition><responseIf><not><isNull><variable identifier="RESPONSE_1407403363118" /></isNull></not><setOutcomeValue identifier="FEEDBACKBASIC"><baseValue baseType="identifier">incorrect</baseValue></setOutcomeValue></responseIf></responseCondition><responseCondition><responseIf><and><not><match><variable identifier="FEEDBACKBASIC" /><baseValue baseType="identifier">empty</baseValue></match></not><equal toleranceMode="exact"><variable identifier="SCORE" /><variable identifier="MAXSCORE" /></equal></and><setOutcomeValue identifier="FEEDBACKBASIC"><baseValue baseType="identifier">correct</baseValue></setOutcomeValue></responseIf></responseCondition><responseCondition><responseIf><and><match><baseValue baseType="identifier">correct</baseValue><variable identifier="FEEDBACKBASIC" /></match></and><setOutcomeValue identifier="FEEDBACKMODAL"><multiple><variable identifier="FEEDBACKMODAL" /><baseValue baseType="identifier">Feedback1979932559</baseValue></multiple></setOutcomeValue></responseIf></responseCondition><responseCondition><responseIf><and><match><baseValue baseType="identifier">incorrect</baseValue><variable identifier="FEEDBACKBASIC" /></match></and><setOutcomeValue identifier="FEEDBACKMODAL"><multiple><variable identifier="FEEDBACKMODAL" /><baseValue baseType="identifier">Feedback221478014</baseValue></multiple></setOutcomeValue></responseIf></responseCondition></responseProcessing><modalFeedback  identifier="Feedback1979932559" outcomeIdentifier="FEEDBACKMODAL" showHide="show" title="Richtig!"><p>Wir berechnen zunächst einen Normalenvektor der Ebene über das Kreuzprodukt der beiden Richtungsvektoren:</p><p>$$\begin{pmatrix}<printedVariable identifier="b1" />\\<printedVariable identifier="b2" />\\<printedVariable identifier="b3" />\end{pmatrix}\times\begin{pmatrix}<printedVariable identifier="c1" />\\<printedVariable identifier="c2" />\\<printedVariable identifier="c3" />\end{pmatrix}=\begin{pmatrix}<printedVariable identifier="n1" />\\<printedVariable identifier="n2" />\\<printedVariable identifier="n3" />\end{pmatrix}=:\begin{pmatrix}n_1\\n_2\\n_3\end{pmatrix}.$$</p><p>Die parameterfreie Form der Ebene kann also in der Form \(n_1x+n_2y+n_3z=d\) geschrieben werden.</p><p>Die Zahl \(d\) bestimmt man indem man einen beliebigen Punkt der Ebene, z.b. \(P(<printedVariable identifier="a1" />,<printedVariable identifier="a2" />,<printedVariable identifier="a3" />)\), einsetzt.</p><p>In diesem Bepsiel erhält man \(d=<printedVariable identifier="d" />\).</p></modalFeedback><modalFeedback  identifier="Feedback221478014" outcomeIdentifier="FEEDBACKMODAL" showHide="show" title="Leider falsch!"><p>Musterlösung:</p><p>Wir berechnen zunächst einen Normalenvektor der Ebene über das Kreuzprodukt der beiden Richtungsvektoren:</p><p>$$\begin{pmatrix}<printedVariable identifier="b1" />\\<printedVariable identifier="b2" />\\<printedVariable identifier="b3" />\end{pmatrix}\times\begin{pmatrix}<printedVariable identifier="c1" />\\<printedVariable identifier="c2" />\\<printedVariable identifier="c3" />\end{pmatrix}=\begin{pmatrix}<printedVariable identifier="n1" />\\<printedVariable identifier="n2" />\\<printedVariable identifier="n3" />\end{pmatrix}=:\begin{pmatrix}n_1\\n_2\\n_3\end{pmatrix}.$$</p><p>Die parameterfreie Form der Ebene kann also in der Form \(n_1x+n_2y+n_3z=d\) geschrieben werden.</p><p>Die Zahl \(d\) bestimmt man indem man einen beliebigen Punkt der Ebene, z.b. \(P(<printedVariable identifier="a1" />,<printedVariable identifier="a2" />,<printedVariable identifier="a3" />)\), einsetzt.</p><p>In diesem Bepsiel erhält man \(d=<printedVariable identifier="d" />\).</p></modalFeedback></assessmentItem>
