<?xml version="1.0" encoding="UTF-8"?>
<assessmentItem xmlns="http://www.imsglobal.org/xsd/imsqti_v2p1" xmlns:xsi="http://www.w3.org/2001/XMLSchema-instance" xsi:schemaLocation="http://www.imsglobal.org/xsd/imsqti_v2p1 http://www.imsglobal.org/xsd/qti/qtiv2p1/imsqti_v2p1p1.xsd http://www.w3.org/1998/Math/MathML http://www.w3.org/Math/XMLSchema/mathml2/mathml2.xsd" identifier="id57d13bba-7e1e-443f-b190-baad915e8687" title="Funktionsgrenzwerte 1" adaptive="false" timeDependent="false"><responseDeclaration identifier="RESPONSE_1" cardinality="single" baseType="identifier"><correctResponse><value>id9fca0392-c6e5-4d87-9426-1ed08cac71de</value></correctResponse></responseDeclaration><outcomeDeclaration identifier="SCORE" cardinality="single" baseType="float"><defaultValue><value>0</value></defaultValue></outcomeDeclaration><outcomeDeclaration identifier="MAXSCORE" cardinality="single" baseType="float"><defaultValue><value>1</value></defaultValue></outcomeDeclaration><outcomeDeclaration identifier="FEEDBACKBASIC" cardinality="single" baseType="identifier"><defaultValue><value>empty</value></defaultValue></outcomeDeclaration><itemBody ><p>Für $$x&gt;0$$ betrachte man die Funktion $$f(x)=x\sin(\frac{1}{x})$$. Für den Grenzwert $$\lim_{x\rightarrow 0}f(x)$$ gilt:</p><choiceInteraction responseIdentifier="RESPONSE_1" shuffle="true" maxChoices="1"><simpleChoice identifier="id9fca0392-c6e5-4d87-9426-1ed08cac71de"><p>$$\lim_{x\rightarrow 0}f(x)=0$$</p></simpleChoice><simpleChoice identifier="id77dda32d-d8fc-4d10-bb8f-5e9e6b68fef7"><p>Es gibt keinen Grenzwert!</p></simpleChoice><simpleChoice identifier="idb341cd8f-9104-4fdf-912b-d795356fc9e4"><p>$$\lim_{x\rightarrow 0}f(x)=+\infty$$</p></simpleChoice><simpleChoice identifier="id4c5b15e9-c23d-4910-8a3b-229a9005d0d4"><p>Rechnet man im Bogenmaß, so gilt $$\lim_{x\rightarrow 0}f(x)=\pi$$.</p></simpleChoice></choiceInteraction></itemBody><responseProcessing><responseCondition><responseIf><isNull><variable identifier="RESPONSE_1" /></isNull><setOutcomeValue identifier="FEEDBACKBASIC"><baseValue baseType="identifier">empty</baseValue></setOutcomeValue></responseIf><responseElseIf><match><variable identifier="RESPONSE_1" /><correct identifier="RESPONSE_1" /></match><setOutcomeValue identifier="SCORE"><sum><variable identifier="SCORE" /><variable identifier="MAXSCORE" /></sum></setOutcomeValue><setOutcomeValue identifier="FEEDBACKBASIC"><baseValue baseType="identifier">correct</baseValue></setOutcomeValue></responseElseIf><responseElse><setOutcomeValue identifier="FEEDBACKBASIC"><baseValue baseType="identifier">incorrect</baseValue></setOutcomeValue></responseElse></responseCondition></responseProcessing></assessmentItem>
