<?xml version="1.0" encoding="UTF-8"?>
<assessmentItem xmlns="http://www.imsglobal.org/xsd/imsqti_v2p1" xmlns:xsi="http://www.w3.org/2001/XMLSchema-instance" xsi:schemaLocation="http://www.imsglobal.org/xsd/imsqti_v2p1 http://www.imsglobal.org/xsd/qti/qtiv2p1/imsqti_v2p1p1.xsd http://www.w3.org/1998/Math/MathML http://www.w3.org/Math/XMLSchema/mathml2/mathml2.xsd" identifier="id885ba063-a1ac-4ed4-b0d9-fb3b19e878f2" title="ContourIntegration2" adaptive="false" timeDependent="false"><responseDeclaration identifier="RESPONSE_1415637719849" cardinality="single" baseType="string" /><outcomeDeclaration identifier="SCORE" cardinality="single" baseType="float"><defaultValue><value>0</value></defaultValue></outcomeDeclaration><outcomeDeclaration identifier="MAXSCORE" cardinality="single" baseType="float"><defaultValue><value>2</value></defaultValue></outcomeDeclaration><outcomeDeclaration identifier="FEEDBACKBASIC" cardinality="single" baseType="identifier" view="testConstructor"><defaultValue><value>empty</value></defaultValue></outcomeDeclaration><outcomeDeclaration identifier="FEEDBACKMODAL" cardinality="multiple" baseType="identifier" view="testConstructor" /><templateDeclaration identifier="a" cardinality="single" baseType="integer" /><templateDeclaration identifier="b" cardinality="single" baseType="integer" /><templateDeclaration identifier="c" cardinality="single" baseType="integer" /><templateDeclaration identifier="d" cardinality="single" baseType="integer" /><templateDeclaration identifier="re" cardinality="single" baseType="float" /><templateDeclaration identifier="im" cardinality="single" baseType="float" /><templateProcessing><setTemplateValue identifier="a"><random><multiple><baseValue baseType="integer">3</baseValue><baseValue baseType="integer">6</baseValue><baseValue baseType="integer">9</baseValue><baseValue baseType="integer">12</baseValue></multiple></random></setTemplateValue><setTemplateValue identifier="b"><random><multiple><baseValue baseType="integer">2</baseValue><baseValue baseType="integer">4</baseValue><baseValue baseType="integer">6</baseValue><baseValue baseType="integer">8</baseValue><baseValue baseType="integer">10</baseValue><baseValue baseType="integer">12</baseValue><baseValue baseType="integer">14</baseValue></multiple></random></setTemplateValue><setTemplateValue identifier="c"><randomInteger min="-4" max="5" /></setTemplateValue><setTemplateValue identifier="d"><randomInteger min="1" max="5" /></setTemplateValue><templateCondition><templateIf><match><variable identifier="c" /><baseValue baseType="integer">0</baseValue></match><setTemplateValue identifier="c"><random><multiple><baseValue baseType="integer">2</baseValue></multiple></random></setTemplateValue></templateIf></templateCondition><setTemplateValue identifier="re"><customOperator definition="MAXIMA" value="float(-$(1)/3*($(2))^3);"><variable identifier="a" /><variable identifier="c" /></customOperator></setTemplateValue><setTemplateValue identifier="im"><customOperator definition="MAXIMA" value="float(-$(1)/3*($(2))^3);"><variable identifier="a" /><variable identifier="d" /></customOperator></setTemplateValue><setCorrectResponse identifier="RESPONSE_1415637719849"><customOperator definition="VARIABLESTRING" value="$(1)+($(2))*%i"><variable identifier="re" /><variable identifier="im" /></customOperator></setCorrectResponse></templateProcessing><itemBody ><p>Let \(f\) be the function \(f(z) = <printedVariable identifier="a" />\cdot z^2\).</p><p>Let $$ \gamma : [0; <printedVariable identifier="b" />] \rightarrow \mathbb C, \gamma(t) :=  <printedVariable identifier="c" />\cdot e^{-t^2}\frac{<printedVariable identifier="b" />-t }{<printedVariable identifier="b" />} + <printedVariable identifier="d" />\cdot \frac{t}{<printedVariable identifier="b" />} \cdot \sin( \frac{\pi}{2} + t\cdot \pi)\cdot \mathbb i  \in \mathbb C $$  be a contour.</p><p>Compute $$ \int_{\gamma} f $$ = <textEntryInteraction responseIdentifier="RESPONSE_1415637719849" expectedLength="10" class="maxima-formula show-latex show-syntax-error" /></p><p>Enter the result in the form a + b i</p><p>Use %i for i and * for any multiplication. Example: Enter 2- 3i as 2 - 3*%i</p><p> </p></itemBody><responseProcessing><responseCondition><responseIf><customOperator definition="MAXIMA" value="is(equal(ev($(1)),ev($(2))));"><variable identifier="RESPONSE_1415637719849" /><correct identifier="RESPONSE_1415637719849" /></customOperator><setOutcomeValue identifier="SCORE"><sum><variable identifier="SCORE" /><baseValue baseType="float">2</baseValue></sum></setOutcomeValue></responseIf></responseCondition><responseCondition><responseIf><not><isNull><variable identifier="RESPONSE_1415637719849" /></isNull></not><setOutcomeValue identifier="FEEDBACKBASIC"><baseValue baseType="identifier">incorrect</baseValue></setOutcomeValue></responseIf></responseCondition><responseCondition><responseIf><and><not><match><variable identifier="FEEDBACKBASIC" /><baseValue baseType="identifier">empty</baseValue></match></not><equal toleranceMode="exact"><variable identifier="SCORE" /><variable identifier="MAXSCORE" /></equal></and><setOutcomeValue identifier="FEEDBACKBASIC"><baseValue baseType="identifier">correct</baseValue></setOutcomeValue></responseIf></responseCondition><responseCondition><responseIf><and><match><baseValue baseType="identifier">incorrect</baseValue><variable identifier="FEEDBACKBASIC" /></match></and><setOutcomeValue identifier="FEEDBACKMODAL"><multiple><variable identifier="FEEDBACKMODAL" /><baseValue baseType="identifier">Feedback1634046233</baseValue></multiple></setOutcomeValue></responseIf></responseCondition></responseProcessing><modalFeedback  identifier="Feedback1634046233" outcomeIdentifier="FEEDBACKMODAL" showHide="show"><p>The contour is complicated. Yet f has a desirable property that allows an easy computation of the contour integral.</p></modalFeedback></assessmentItem>
