<?xml version="1.0" encoding="UTF-8"?>
<assessmentItem xmlns="http://www.imsglobal.org/xsd/imsqti_v2p1" xmlns:xsi="http://www.w3.org/2001/XMLSchema-instance" xsi:schemaLocation="http://www.imsglobal.org/xsd/imsqti_v2p1 http://www.imsglobal.org/xsd/qti/qtiv2p1/imsqti_v2p1p1.xsd http://www.w3.org/1998/Math/MathML http://www.w3.org/Math/XMLSchema/mathml2/mathml2.xsd" identifier="ida7fb7d27-4fcf-4a9d-a799-685c19fd98ab" title="prozentrechnung_02" adaptive="false" timeDependent="false"><responseDeclaration identifier="RESPONSE_1390895793218" cardinality="single" baseType="float"><correctResponse><value>0</value></correctResponse></responseDeclaration><outcomeDeclaration identifier="SCORE" cardinality="single" baseType="float"><defaultValue><value>0</value></defaultValue></outcomeDeclaration><outcomeDeclaration identifier="MAXSCORE" cardinality="single" baseType="float"><defaultValue><value>1</value></defaultValue></outcomeDeclaration><outcomeDeclaration identifier="FEEDBACKBASIC" cardinality="single" baseType="identifier" view="testConstructor"><defaultValue><value>empty</value></defaultValue></outcomeDeclaration><templateDeclaration identifier="preis" cardinality="single" baseType="integer" /><templateDeclaration identifier="rabatt" cardinality="single" baseType="integer" /><templateDeclaration identifier="preis_neu" cardinality="single" baseType="float" /><templateProcessing><setTemplateValue identifier="preis"><randomInteger min="90" max="990" step="20" /></setTemplateValue><setTemplateValue identifier="rabatt"><randomInteger min="3" max="9" /></setTemplateValue><setTemplateValue identifier="preis_neu"><customOperator definition="MAXIMA" value="float((1-$(1)/100)*$(2));"><variable identifier="rabatt" /><variable identifier="preis" /></customOperator></setTemplateValue><setCorrectResponse identifier="RESPONSE_1390895793218"><variable identifier="preis_neu" /></setCorrectResponse></templateProcessing><itemBody ><p><p><p>Auf ein Produkt im Wert von <printedVariable identifier="preis" />€ werden <printedVariable identifier="rabatt" />% Rabatt gegeben. Wie hoch ist der neue Preis?</p><p>Ergebnis: <textEntryInteraction responseIdentifier="RESPONSE_1390895793218" />€</p></p></p></itemBody><responseProcessing><responseCondition><responseIf><equal toleranceMode="exact"><variable identifier="RESPONSE_1390895793218" /><correct identifier="RESPONSE_1390895793218" /></equal><setOutcomeValue identifier="SCORE"><sum><variable identifier="SCORE" /><baseValue baseType="float">1</baseValue></sum></setOutcomeValue></responseIf></responseCondition><responseCondition><responseIf><not><isNull><variable identifier="RESPONSE_1390895793218" /></isNull></not><setOutcomeValue identifier="FEEDBACKBASIC"><baseValue baseType="identifier">incorrect</baseValue></setOutcomeValue></responseIf></responseCondition><responseCondition><responseIf><and><not><match><variable identifier="FEEDBACKBASIC" /><baseValue baseType="identifier">empty</baseValue></match></not><equal toleranceMode="exact"><variable identifier="SCORE" /><variable identifier="MAXSCORE" /></equal></and><setOutcomeValue identifier="FEEDBACKBASIC"><baseValue baseType="identifier">correct</baseValue></setOutcomeValue></responseIf></responseCondition></responseProcessing></assessmentItem>
