<?xml version="1.0" encoding="UTF-8"?>
<assessmentItem xmlns="http://www.imsglobal.org/xsd/imsqti_v2p1" xmlns:xsi="http://www.w3.org/2001/XMLSchema-instance" xsi:schemaLocation="http://www.imsglobal.org/xsd/imsqti_v2p1 http://www.imsglobal.org/xsd/qti/qtiv2p1/imsqti_v2p1p1.xsd http://www.w3.org/1998/Math/MathML http://www.w3.org/Math/XMLSchema/mathml2/mathml2.xsd" identifier="ide6fed717-2f84-430f-8f5e-320a454e3a5f" title="def_singularitäten_polstellen" adaptive="false" timeDependent="false"><responseDeclaration identifier="RESPONSE_1" cardinality="multiple" baseType="directedPair"><correctResponse><value>id92177e7f-76c1-4a0f-b128-73e5e66f5968 id91760e1b-6712-4f87-a0b7-c4ea56767551</value><value>ida0dff240-3590-426d-ad59-8bf6006ad05d id038aac62-7fe8-4206-bcc3-c358cf3bcea9</value><value>id889b4cb8-a5b2-4c8b-be1e-9ff69406e1da id6514c0cc-93c0-42fc-bd07-b30897395592</value></correctResponse><mapping defaultValue="0" lowerBound="0.0"><mapEntry mapKey="id889b4cb8-a5b2-4c8b-be1e-9ff69406e1da id6514c0cc-93c0-42fc-bd07-b30897395592" mappedValue="0.5" /><mapEntry mapKey="ida0dff240-3590-426d-ad59-8bf6006ad05d id038aac62-7fe8-4206-bcc3-c358cf3bcea9" mappedValue="0.5" /><mapEntry mapKey="id92177e7f-76c1-4a0f-b128-73e5e66f5968 id91760e1b-6712-4f87-a0b7-c4ea56767551" mappedValue="0.5" /></mapping></responseDeclaration><outcomeDeclaration identifier="SCORE" cardinality="single" baseType="float"><defaultValue><value>0</value></defaultValue></outcomeDeclaration><outcomeDeclaration identifier="MAXSCORE" cardinality="single" baseType="float"><defaultValue><value>1.5</value></defaultValue></outcomeDeclaration><outcomeDeclaration identifier="FEEDBACKBASIC" cardinality="single" baseType="identifier" view="testConstructor"><defaultValue><value>empty</value></defaultValue></outcomeDeclaration><itemBody ><p>Es sei \(D\subset\mathbb C\) offen und \(f:D\to\mathbb C\) holomorph auf \(D\setminus\{z_0\}\).</p><p>Setzen Sie die Definitionen richtig zusammen!</p><matchInteraction responseIdentifier="RESPONSE_1" shuffle="true" maxAssociations="0"><simpleMatchSet><simpleAssociableChoice identifier="id889b4cb8-a5b2-4c8b-be1e-9ff69406e1da" fixed="false" matchMax="1"><p>\(z_0\) ist wesentliche Singularität von \(f\) \(\iff\)</p></simpleAssociableChoice><simpleAssociableChoice identifier="ida0dff240-3590-426d-ad59-8bf6006ad05d" fixed="false" matchMax="1"><p>\(z_0\) ist hebbare Singularität von \(f\) \(\iff\)</p></simpleAssociableChoice><simpleAssociableChoice identifier="id92177e7f-76c1-4a0f-b128-73e5e66f5968" fixed="false" matchMax="1"><p>\(z_0\) ist Pol der Ordnung 1 \(\iff\)</p></simpleAssociableChoice></simpleMatchSet><simpleMatchSet><simpleAssociableChoice identifier="id6514c0cc-93c0-42fc-bd07-b30897395592" fixed="false" matchMax="1"><p>\(\forall a\in\mathbb C\) und \(\forall\varepsilon,\delta&gt;0 \;\exists z_1\in\mathbb C:\) \(|f(z_1)-a|&lt;\varepsilon\) und \(|z_1-z_0|&lt;\delta\)</p></simpleAssociableChoice><simpleAssociableChoice identifier="id038aac62-7fe8-4206-bcc3-c358cf3bcea9" fixed="false" matchMax="1"><p>\(f\) ist auf \(D\) zu einer holomorphen Funktion fortsetzbar</p></simpleAssociableChoice><simpleAssociableChoice identifier="id91760e1b-6712-4f87-a0b7-c4ea56767551" fixed="false" matchMax="1"><p>es gibt eine holomorphe Funktion \(g\): \(f(z)=(z-z_0)^{-1}g(z)\; \forall z\in D\setminus\{z_0\}\)</p></simpleAssociableChoice></simpleMatchSet></matchInteraction></itemBody><responseProcessing><responseCondition><responseIf><not><isNull><variable identifier="RESPONSE_1" /></isNull></not><setOutcomeValue identifier="SCORE"><sum><variable identifier="SCORE" /><mapResponse identifier="RESPONSE_1" /></sum></setOutcomeValue><setOutcomeValue identifier="FEEDBACKBASIC"><baseValue baseType="identifier">incorrect</baseValue></setOutcomeValue></responseIf></responseCondition><responseCondition><responseIf><and><not><match><variable identifier="FEEDBACKBASIC" /><baseValue baseType="identifier">empty</baseValue></match></not><equal toleranceMode="exact"><variable identifier="SCORE" /><variable identifier="MAXSCORE" /></equal></and><setOutcomeValue identifier="FEEDBACKBASIC"><baseValue baseType="identifier">correct</baseValue></setOutcomeValue></responseIf></responseCondition></responseProcessing></assessmentItem>
