<?xml version="1.0" encoding="UTF-8"?>
<assessmentItem xmlns="http://www.imsglobal.org/xsd/imsqti_v2p1" xmlns:xsi="http://www.w3.org/2001/XMLSchema-instance" xsi:schemaLocation="http://www.imsglobal.org/xsd/imsqti_v2p1 http://www.imsglobal.org/xsd/qti/qtiv2p1/imsqti_v2p1p1.xsd http://www.w3.org/1998/Math/MathML http://www.w3.org/Math/XMLSchema/mathml2/mathml2.xsd" identifier="id9d31792d-22c6-481d-8a1f-c75655502853" title="Differentiationsregeln" adaptive="false" timeDependent="false"><responseDeclaration identifier="RESPONSE_1" cardinality="multiple" baseType="directedPair"><correctResponse><value>idce6f0fbf-9f8a-4482-9004-3d5e07348ed8 idcea9b9fb-a952-41a8-80fd-11de97f4c4b8</value><value>idde6382f0-028e-4135-83de-d5cca2920f55 id074224aa-9561-4c0d-a8ef-bd2855f22b09</value><value>id7933b4d1-8df3-4d30-868f-93febc2c379b idecdd8da6-215b-4957-97f0-3626306cc769</value><value>id0a0b8a80-f603-47cc-8ec5-e2d0ea9207fa id3e03df1c-91a6-4baf-b4ef-1fc566221523</value></correctResponse><mapping defaultValue="0" lowerBound="0.0"><mapEntry mapKey="id0a0b8a80-f603-47cc-8ec5-e2d0ea9207fa id3e03df1c-91a6-4baf-b4ef-1fc566221523" mappedValue="1" /><mapEntry mapKey="id7933b4d1-8df3-4d30-868f-93febc2c379b idecdd8da6-215b-4957-97f0-3626306cc769" mappedValue="1" /><mapEntry mapKey="idde6382f0-028e-4135-83de-d5cca2920f55 id074224aa-9561-4c0d-a8ef-bd2855f22b09" mappedValue="1" /><mapEntry mapKey="idce6f0fbf-9f8a-4482-9004-3d5e07348ed8 idcea9b9fb-a952-41a8-80fd-11de97f4c4b8" mappedValue="1" /></mapping></responseDeclaration><outcomeDeclaration identifier="SCORE" cardinality="single" baseType="float"><defaultValue><value>0</value></defaultValue></outcomeDeclaration><outcomeDeclaration identifier="MAXSCORE" cardinality="single" baseType="float"><defaultValue><value>4</value></defaultValue></outcomeDeclaration><outcomeDeclaration identifier="FEEDBACKBASIC" cardinality="single" baseType="identifier" view="testConstructor"><defaultValue><value>empty</value></defaultValue></outcomeDeclaration><itemBody ><p>Ordnen Sie die korrekten Differentiationsregeln zu</p><matchInteraction responseIdentifier="RESPONSE_1" shuffle="true" maxAssociations="0"><simpleMatchSet><simpleAssociableChoice identifier="id0a0b8a80-f603-47cc-8ec5-e2d0ea9207fa" fixed="false" matchMax="1"><p>$$(f+g)'=f'+g'$$</p></simpleAssociableChoice><simpleAssociableChoice identifier="id7933b4d1-8df3-4d30-868f-93febc2c379b" fixed="false" matchMax="1"><p>$$(f\, g)' = f'\,g + f\,g'$$</p></simpleAssociableChoice><simpleAssociableChoice identifier="idde6382f0-028e-4135-83de-d5cca2920f55" fixed="false" matchMax="1"><p>$$\left(\frac fg\right)'=\frac{f'\,g-f\,g'}{g^2}$$</p></simpleAssociableChoice><simpleAssociableChoice identifier="idce6f0fbf-9f8a-4482-9004-3d5e07348ed8" fixed="false" matchMax="1"><p>$$(f\circ g)'(x)=f'(g(x))\,g'(x)$$</p></simpleAssociableChoice><simpleAssociableChoice identifier="id64615a8c-3605-4834-aeb4-b8ec4db09183" fixed="false" matchMax="1"><p>$$(f\circ g)'(x)=f'(x)\,g'(x)$$</p></simpleAssociableChoice><simpleAssociableChoice identifier="id710484c5-bcdb-45be-ad56-63b8be3a9229" fixed="false" matchMax="1"><p>$$\left(\frac fg\right)'=\frac{f'}{g'}$$</p></simpleAssociableChoice><simpleAssociableChoice identifier="id1ea13158-90f7-424a-a2c1-754a3032b4bc" fixed="false" matchMax="1"><p>$$(f\, g)' = f'\,g'$$</p></simpleAssociableChoice></simpleMatchSet><simpleMatchSet><simpleAssociableChoice identifier="id3e03df1c-91a6-4baf-b4ef-1fc566221523" fixed="false" matchMax="1"><p>Summenregel</p></simpleAssociableChoice><simpleAssociableChoice identifier="idecdd8da6-215b-4957-97f0-3626306cc769" fixed="false" matchMax="1"><p>Produktregel</p></simpleAssociableChoice><simpleAssociableChoice identifier="id074224aa-9561-4c0d-a8ef-bd2855f22b09" fixed="false" matchMax="1"><p>Quotientenregel</p></simpleAssociableChoice><simpleAssociableChoice identifier="idcea9b9fb-a952-41a8-80fd-11de97f4c4b8" fixed="false" matchMax="1"><p>Kettenregel</p></simpleAssociableChoice></simpleMatchSet></matchInteraction></itemBody><responseProcessing><responseCondition><responseIf><not><isNull><variable identifier="RESPONSE_1" /></isNull></not><setOutcomeValue identifier="SCORE"><sum><variable identifier="SCORE" /><mapResponse identifier="RESPONSE_1" /></sum></setOutcomeValue><setOutcomeValue identifier="FEEDBACKBASIC"><baseValue baseType="identifier">incorrect</baseValue></setOutcomeValue></responseIf></responseCondition><responseCondition><responseIf><and><not><match><variable identifier="FEEDBACKBASIC" /><baseValue baseType="identifier">empty</baseValue></match></not><equal toleranceMode="exact"><variable identifier="SCORE" /><variable identifier="MAXSCORE" /></equal></and><setOutcomeValue identifier="FEEDBACKBASIC"><baseValue baseType="identifier">correct</baseValue></setOutcomeValue></responseIf></responseCondition></responseProcessing></assessmentItem>
