<?xml version="1.0" encoding="UTF-8"?>
<assessmentItem xmlns="http://www.imsglobal.org/xsd/imsqti_v2p1" xmlns:xsi="http://www.w3.org/2001/XMLSchema-instance" xsi:schemaLocation="http://www.imsglobal.org/xsd/imsqti_v2p1 http://www.imsglobal.org/xsd/qti/qtiv2p1/imsqti_v2p1p1.xsd http://www.w3.org/1998/Math/MathML http://www.w3.org/Math/XMLSchema/mathml2/mathml2.xsd" identifier="idce8c0a9f-b570-4aee-911d-21411122e4a3" title="Teilaufgabe Rechenregeln Integrale 2" adaptive="false" timeDependent="false"><responseDeclaration identifier="RESPONSE_1" cardinality="single" baseType="identifier"><correctResponse><value>idd7d10fae-811a-4e39-8ef5-a496b4fd2a69</value></correctResponse></responseDeclaration><outcomeDeclaration identifier="SCORE" cardinality="single" baseType="float"><defaultValue><value>0</value></defaultValue></outcomeDeclaration><outcomeDeclaration identifier="MAXSCORE" cardinality="single" baseType="float"><defaultValue><value>1</value></defaultValue></outcomeDeclaration><outcomeDeclaration identifier="FEEDBACKBASIC" cardinality="single" baseType="identifier"><defaultValue><value>empty</value></defaultValue></outcomeDeclaration><itemBody ><p>Wie lautet die Substitutionsregel?</p><choiceInteraction responseIdentifier="RESPONSE_1" shuffle="true" maxChoices="1"><simpleChoice identifier="idd7d10fae-811a-4e39-8ef5-a496b4fd2a69"><p>$$\int_a^b f'(g(x))g'(x)dx=\int_{g(a)}^{g(b)}f(x)dx$$</p></simpleChoice><simpleChoice identifier="iddba1a5e9-4bc9-40dc-99be-5312ffc05c6e"><p>$$\int_a^b f(g'(x))g(x)dx=\int_{g(a)}^{g(b)}f(x)dx$$</p></simpleChoice><simpleChoice identifier="id083a1a46-d035-4b6b-b1a1-692acd2b3282"><p>$$\int_a^b f'(g(x))g(x)dx=\int_{g(a)}^{g(b)}f(x)dx$$</p></simpleChoice><simpleChoice identifier="id1907c725-7719-4579-b66a-a8a4d108e341"><p>$$\int_a^b f(g(x))g'(x)dx=\int_{g(a)}^{g(b)}f(x)dx$$</p></simpleChoice></choiceInteraction></itemBody><responseProcessing><responseCondition><responseIf><isNull><variable identifier="RESPONSE_1" /></isNull><setOutcomeValue identifier="FEEDBACKBASIC"><baseValue baseType="identifier">empty</baseValue></setOutcomeValue></responseIf><responseElseIf><match><variable identifier="RESPONSE_1" /><correct identifier="RESPONSE_1" /></match><setOutcomeValue identifier="SCORE"><sum><variable identifier="SCORE" /><variable identifier="MAXSCORE" /></sum></setOutcomeValue><setOutcomeValue identifier="FEEDBACKBASIC"><baseValue baseType="identifier">correct</baseValue></setOutcomeValue></responseElseIf><responseElse><setOutcomeValue identifier="FEEDBACKBASIC"><baseValue baseType="identifier">incorrect</baseValue></setOutcomeValue></responseElse></responseCondition></responseProcessing></assessmentItem>
