<?xml version="1.0" encoding="UTF-8"?>
<assessmentItem xmlns="http://www.imsglobal.org/xsd/imsqti_v2p1" xmlns:xsi="http://www.w3.org/2001/XMLSchema-instance" xsi:schemaLocation="http://www.imsglobal.org/xsd/imsqti_v2p1 http://www.imsglobal.org/xsd/qti/qtiv2p1/imsqti_v2p1p1.xsd http://www.w3.org/1998/Math/MathML http://www.w3.org/Math/XMLSchema/mathml2/mathml2.xsd" identifier="id923535a2-1774-49d7-82d2-0bdd7aaa41be" title="Taylor2" adaptive="false" timeDependent="false"><responseDeclaration identifier="RESPONSE_1416996877912" cardinality="single" baseType="string" /><responseDeclaration identifier="RESPONSE_1416996954836" cardinality="single" baseType="string" /><outcomeDeclaration identifier="SCORE" cardinality="single" baseType="float"><defaultValue><value>0</value></defaultValue></outcomeDeclaration><outcomeDeclaration identifier="MAXSCORE" cardinality="single" baseType="float"><defaultValue><value>4</value></defaultValue></outcomeDeclaration><outcomeDeclaration identifier="FEEDBACKBASIC" cardinality="single" baseType="identifier" view="testConstructor"><defaultValue><value>empty</value></defaultValue></outcomeDeclaration><templateDeclaration identifier="var1" cardinality="single" baseType="integer" /><templateDeclaration identifier="var2" cardinality="single" baseType="integer" /><templateDeclaration identifier="solution" cardinality="single" baseType="integer" /><templateDeclaration identifier="a" cardinality="single" baseType="integer" /><templateProcessing><setTemplateValue identifier="var1"><randomInteger min="1" max="10" /></setTemplateValue><setTemplateValue identifier="var2"><randomInteger min="1" max="10" /></setTemplateValue><setTemplateValue identifier="solution"><customOperator definition="MAXIMA" value="float($(1)+$(2));"><variable identifier="var1" /><variable identifier="var2" /></customOperator></setTemplateValue><setTemplateValue identifier="a"><randomInteger min="2" max="8" /></setTemplateValue><setCorrectResponse identifier="RESPONSE_1416996877912"><customOperator definition="VARIABLESTRING" value="(-1)^k*$(1)^k*(k+1)"><variable identifier="a" /></customOperator></setCorrectResponse><setCorrectResponse identifier="RESPONSE_1416996954836"><customOperator definition="VARIABLESTRING" value="1/$(1)"><variable identifier="a" /></customOperator></setCorrectResponse></templateProcessing><itemBody ><p><p>Bestimme die Taylorreihe von $$f(z):= \frac{1}{(1+<printedVariable identifier="a" />\cdot z)^2}$$ um  \(z_0:= 0\) und berechne den Konvergenzradius der entstehenden Potenzreihe:</p><p>$$f(z) = \sum_{k=0}^{\infty} b_k z^k$$ mit  $$b_k$$ = <textEntryInteraction responseIdentifier="RESPONSE_1416996877912" expectedLength="14" class="maxima-formula show-latex show-syntax-error" /> $$\forall k \in \mathbb N_0$$</p><p>Der Konvergenzradius \( r\)  ist \( r\) = <textEntryInteraction responseIdentifier="RESPONSE_1416996954836" /></p><p>Syntax: %i für i, %pi für \( \pi\), * für jede Multiplikation, ^ für Potenz.</p><p>Bemerkung: Es ist manchmal hilfreich zum finden einer(der) Taylorentwicklung, zunächst die Taylorentwicklung einer Stammfunktion zu bestimmen. Hierfür wird, in dieser Aufgabe, wieder eine geometrische Reihe hilfreich sein.</p><p> </p></p></itemBody><responseProcessing><responseCondition><responseIf><customOperator definition="MAXIMA" value="is(equal(ev($(1)),ev($(2))));"><variable identifier="RESPONSE_1416996877912" /><correct identifier="RESPONSE_1416996877912" /></customOperator><setOutcomeValue identifier="SCORE"><sum><variable identifier="SCORE" /><baseValue baseType="float">3</baseValue></sum></setOutcomeValue></responseIf></responseCondition><responseCondition><responseIf><not><isNull><variable identifier="RESPONSE_1416996877912" /></isNull></not><setOutcomeValue identifier="FEEDBACKBASIC"><baseValue baseType="identifier">incorrect</baseValue></setOutcomeValue></responseIf></responseCondition><responseCondition><responseIf><customOperator definition="MAXIMA" value="is(equal(ev($(1)),ev($(2))));"><variable identifier="RESPONSE_1416996954836" /><correct identifier="RESPONSE_1416996954836" /></customOperator><setOutcomeValue identifier="SCORE"><sum><variable identifier="SCORE" /><baseValue baseType="float">1</baseValue></sum></setOutcomeValue></responseIf></responseCondition><responseCondition><responseIf><not><isNull><variable identifier="RESPONSE_1416996954836" /></isNull></not><setOutcomeValue identifier="FEEDBACKBASIC"><baseValue baseType="identifier">incorrect</baseValue></setOutcomeValue></responseIf></responseCondition><responseCondition><responseIf><and><not><match><variable identifier="FEEDBACKBASIC" /><baseValue baseType="identifier">empty</baseValue></match></not><equal toleranceMode="exact"><variable identifier="SCORE" /><variable identifier="MAXSCORE" /></equal></and><setOutcomeValue identifier="FEEDBACKBASIC"><baseValue baseType="identifier">correct</baseValue></setOutcomeValue></responseIf></responseCondition></responseProcessing></assessmentItem>
