<?xml version="1.0" encoding="UTF-8"?>
<assessmentItem xmlns="http://www.imsglobal.org/xsd/imsqti_v2p1" xmlns:xsi="http://www.w3.org/2001/XMLSchema-instance" xsi:schemaLocation="http://www.imsglobal.org/xsd/imsqti_v2p1 http://www.imsglobal.org/xsd/qti/qtiv2p1/imsqti_v2p1p1.xsd http://www.w3.org/1998/Math/MathML http://www.w3.org/Math/XMLSchema/mathml2/mathml2.xsd" identifier="id55b2e2ed-8aa9-4af0-9ed4-32b95078d53b" title="NormalverteilungVerpackungstechnik" adaptive="false" timeDependent="false"><responseDeclaration identifier="RESPONSE_1391443015485" cardinality="single" baseType="float"><correctResponse><value>2</value></correctResponse></responseDeclaration><responseDeclaration identifier="RESPONSE_1391443076715" cardinality="single" baseType="float"><correctResponse><value>4.61</value></correctResponse></responseDeclaration><responseDeclaration identifier="RESPONSE_1391443246953" cardinality="single" baseType="float"><correctResponse><value>89</value></correctResponse></responseDeclaration><outcomeDeclaration identifier="SCORE" cardinality="single" baseType="float"><defaultValue><value>0</value></defaultValue></outcomeDeclaration><outcomeDeclaration identifier="MAXSCORE" cardinality="single" baseType="float"><defaultValue><value>7</value></defaultValue></outcomeDeclaration><outcomeDeclaration identifier="FEEDBACKBASIC" cardinality="single" baseType="identifier" view="testConstructor"><defaultValue><value>empty</value></defaultValue></outcomeDeclaration><outcomeDeclaration identifier="FEEDBACKMODAL" cardinality="multiple" baseType="identifier" view="testConstructor" /><templateDeclaration identifier="NEUE_VARIABLE" cardinality="single" baseType="integer" /><templateProcessing><setTemplateValue identifier="NEUE_VARIABLE"><randomInteger min="1" max="10" /></setTemplateValue></templateProcessing><itemBody ><p><p>Ein Betrieb produziert die Schokolade S und stellt auch selbst die Verpackung V hierzu her.</p><p>Die Schokolade S wird von Maschine I produziert, während die Verpackung  V unabhängig von der Schokoladenproduktion von Maschine II produziert wird.</p><p>Das Gewicht X der Schokolade S sei normalverteilt mit E(X) = 150 g, \( \sigma_X = 4g\)</p><p>Das Gewicht Y der Verpackung V sei normalverteilt mit E(Y) = 60 g, \( \sigma_Y = 4g\)</p><p>a.) Mit welcher Wahrscheinlichkeit ist das Gewicht einer Schokolade S größer als 158 g ?</p><p>b.) In welchem zu E(Y) symmetrischen Intervall I iegt mit einer Sicherheit von 75 % das Gewicht der Verpackung V ?</p><p>c.) Das Gesamtgewicht Z = X + Y ist normalverteilt mit E(Z) = E(X) + E(Y) und \( (\sigma_Z)^2 = (\sigma_X)^2 + (\sigma_Y)^2\).</p><p>Mit welcher Wahrscheinlichkeit wiegt eine fertige Packung weniger als 217 g ?</p><p>Lösungen:</p><p>a.) Bitte Ergebnis auf eine ganze Prozentzahl auf/abrunden: <textEntryInteraction responseIdentifier="RESPONSE_1391443015485" /> %</p><p>b.) Mit r = <textEntryInteraction responseIdentifier="RESPONSE_1391443076715" /> ist I = [60-r, 60+r].  Angabe von r auf 2 Stellen nach dem Komma runden.</p><p>c.) Bitte Ergebnis auf eine ganze Prozentzahl auf/abrunden: <textEntryInteraction responseIdentifier="RESPONSE_1391443246953" /> %</p><p> </p><p> </p></p></itemBody><responseProcessing><responseCondition><responseIf><equal toleranceMode="exact"><variable identifier="RESPONSE_1391443015485" /><correct identifier="RESPONSE_1391443015485" /></equal><setOutcomeValue identifier="SCORE"><sum><variable identifier="SCORE" /><baseValue baseType="float">2</baseValue></sum></setOutcomeValue></responseIf></responseCondition><responseCondition><responseIf><not><isNull><variable identifier="RESPONSE_1391443015485" /></isNull></not><setOutcomeValue identifier="FEEDBACKBASIC"><baseValue baseType="identifier">incorrect</baseValue></setOutcomeValue></responseIf></responseCondition><responseCondition><responseIf><equal toleranceMode="absolute" tolerance="0.1 0.1" includeLowerBound="true" includeUpperBound="true"><variable identifier="RESPONSE_1391443076715" /><correct identifier="RESPONSE_1391443076715" /></equal><setOutcomeValue identifier="SCORE"><sum><variable identifier="SCORE" /><baseValue baseType="float">3</baseValue></sum></setOutcomeValue></responseIf></responseCondition><responseCondition><responseIf><not><isNull><variable identifier="RESPONSE_1391443076715" /></isNull></not><setOutcomeValue identifier="FEEDBACKBASIC"><baseValue baseType="identifier">incorrect</baseValue></setOutcomeValue></responseIf></responseCondition><responseCondition><responseIf><equal toleranceMode="exact"><variable identifier="RESPONSE_1391443246953" /><correct identifier="RESPONSE_1391443246953" /></equal><setOutcomeValue identifier="SCORE"><sum><variable identifier="SCORE" /><baseValue baseType="float">2</baseValue></sum></setOutcomeValue></responseIf></responseCondition><responseCondition><responseIf><not><isNull><variable identifier="RESPONSE_1391443246953" /></isNull></not><setOutcomeValue identifier="FEEDBACKBASIC"><baseValue baseType="identifier">incorrect</baseValue></setOutcomeValue></responseIf></responseCondition><responseCondition><responseIf><and><not><match><variable identifier="FEEDBACKBASIC" /><baseValue baseType="identifier">empty</baseValue></match></not><equal toleranceMode="exact"><variable identifier="SCORE" /><variable identifier="MAXSCORE" /></equal></and><setOutcomeValue identifier="FEEDBACKBASIC"><baseValue baseType="identifier">correct</baseValue></setOutcomeValue></responseIf></responseCondition><responseCondition><responseIf><and><match><baseValue baseType="identifier">incorrect</baseValue><variable identifier="FEEDBACKBASIC" /></match></and><setOutcomeValue identifier="FEEDBACKMODAL"><multiple><variable identifier="FEEDBACKMODAL" /><baseValue baseType="identifier">Feedback2065193730</baseValue></multiple></setOutcomeValue></responseIf></responseCondition></responseProcessing><modalFeedback  identifier="Feedback2065193730" outcomeIdentifier="FEEDBACKMODAL" showHide="show"><p>a.)</p><p>Die Dichtefunktion der Normalverteilung für die Schokolade lautet mit den angegeben Daten:</p><p>\( f(x) = \frac{1}{\sqrt{2\pi \sigma^2}} e^{-\frac{(x-\mu)^2}{2\sigma^2}}= \frac{1}{\sqrt{2\pi \cdot 4^2}} e^{-\frac{(x-150)^2}{2\cdot 4^2}}= \frac{1}{\sqrt{32\cdot \pi }} e^{-\frac{(x-150)^2}{32}}\)</p><p>Die Wahrscheinlichkeit für das Ereigniss  dass eine produzierte Schokolade  S ein Gewicht X größer als 158g hat beträgt \( P(X \gt 158) =  1 - P(X \le 158)\)</p><p>Wir berechnen also zunächst  \(  P(X \le 158) = \int_{-\infty}^{158}<br /><br />f(t)dt =  \int_{-\infty}^{158} \frac{1}{\sqrt{32\cdot \pi }} e^{-\frac{(t-150)^2}{32}}dt  \). Dieses Integral berechnen wir mit Hilfe einer numerischen Integration, wobei man als untere Grenze einen Wert U eingibt, der so klein ist dass das Integral von -unendlich bis U klein genug wird, d.h. vernachlässigbar ist.</p><p>Gibt es eine Orientierung zur wahl von U ? Hierzu schauen wir uns die Tabelle der Verteilungsfunktion \(F_{0,1}(x)\) der Standartnormalverteilung \( \mu = 0, \sigma = 1\)  an: bereits für x = - 4 liefert \(F_{0,1}(x)\) nur noch einen Wert von 0.0003. Aber was hat die Standartnormalverteilung mit der Schokoladenverteilung  \(F_{150,4}(x)\) zu tun ? Es gilt</p><p>\(F_{150,4}(x) = \frac{1}{4} F_{0,1}(\frac{x-150}{4})\) - jede Normalverteilung läßt sich über die Standartnormalverteilung beschreiben, man muß einfach nur die Standartabweichung \(\sigma\) unter das Quadrat des Exponenten ziehen.</p><p>Setzen wir hier für x = 0 ein, dann haben wir \(F_{150,4}(0) = \frac{1}{4} F_{0,1}(\frac{-150}{4}) =\frac{1}{4} F_{0,1}(-37.5) \lt \lt  F_{0,1}(-4) = 0.00032\)</p><p>Also wählen hier U = 0, werten das obige Integral aus und erhalten \(  P(X \le 158) = 0.977\) Damit ist dann \( P(X \gt 158) =  1 - P(X \le 158)\) = 0.023 also 2.3 %. Gerundet auf eine ganze Prozentzahl erhalten wir 2 %</p><p>b.)</p><p>Gesucht ist eine positive Zahl r so dass \( 0.75 = P(60-r \le Y \le 60 +r) = P( Y \le 60+r) - P( Y \lt 60-r)  = P( Y \le 60+r) - P( Y \le 60-r) \) da es sich um eine stetige Verteilung handelt.</p><p>\( P( Y \le 60+r) - P( Y \le 60-r) = \int_{60-r}^{60+r} \frac{1}{\sqrt{32\cdot \pi }} e^{-\frac{(t-60)^2}{32}}dt  \). Wir benutzen ein Intervallhalbierungsverfahren um r zu finden; wir wissen bereits, dass wenn wir  r = \( \sigma = 4 \) wählen, dass dann die Wahrscheinlichkeit dass das Gewicht X im Bereich [60-r,60+r]= [56, 64] liegt, gerade 68.3 % beträgt(siehe Vorlesung, Eigenschaften der Standartabweichung). Also muß r größer angesetzt werden um auf 75 % zu kommen. Duch Ausprobieren(Intervallhalbierungsverfahren) und Anwendung eines numerischen Integrationsalgorithmus erhält man den Wert r = 4.61.</p><p>c.)</p><p>Es gilt E(Z)= E(X)+E(Y) = 150+60 = 210,  \( \sigma_Z^2 = 32\). Wir brauchen nur zu berechnen:</p><p>\( P(Z\le 217) =  \int_{-\infty}^{217} \frac{1}{\sqrt{64\cdot \pi }} e^{-\frac{(t-210)^2}{64}}dt  \)</p><p>Wie in a.) berechnen wir nicht das ganze Integral sondern schneiden links ab: </p><p>\(F_{210,4 \sqrt{2}}(x) = \frac{1}{4 \sqrt{2}} F_{0,1}(\frac{x-210}{4 \sqrt{2}})\). Auch hier sieht man sofort das \(F_{210,4 \sqrt{2}}(0) = \frac{1}{4 \sqrt{2}} F_{0,1}(\frac{-210}{4 \sqrt{2}})=\frac{1}{4\sqrt{2}} F_{0,1}(-37.123) \lt \lt  F_{0,1}(-4) = 0.00032\)</p><p>Daher berechnen wir als ausreichende Näherung: \( P(Z\le 217) =  \int_{0}^{217} \frac{1}{\sqrt{64\cdot \pi }} e^{-\frac{(t-210)^2}{64}}dt  = 0.8921\) Damit ist die gesuchte Wahrscheinlichkeit 89 %.</p></modalFeedback></assessmentItem>
