<?xml version="1.0" encoding="UTF-8"?>
<assessmentItem xmlns="http://www.imsglobal.org/xsd/imsqti_v2p1" xmlns:xsi="http://www.w3.org/2001/XMLSchema-instance" xsi:schemaLocation="http://www.imsglobal.org/xsd/imsqti_v2p1 http://www.imsglobal.org/xsd/qti/qtiv2p1/imsqti_v2p1p1.xsd http://www.w3.org/1998/Math/MathML http://www.w3.org/Math/XMLSchema/mathml2/mathml2.xsd" identifier="id5b4afd9a-8f14-42c5-9a27-b072585d9b5c" title="IntRechnungTextaufgabeUneigentlichesIntegral" adaptive="false" timeDependent="false"><responseDeclaration identifier="RESPONSE_1405430477732" cardinality="single" baseType="float"><correctResponse><value>0</value></correctResponse></responseDeclaration><responseDeclaration identifier="RESPONSE_1405430519204" cardinality="single" baseType="float"><correctResponse><value>0</value></correctResponse></responseDeclaration><outcomeDeclaration identifier="SCORE" cardinality="single" baseType="float"><defaultValue><value>0</value></defaultValue></outcomeDeclaration><outcomeDeclaration identifier="MAXSCORE" cardinality="single" baseType="float"><defaultValue><value>4</value></defaultValue></outcomeDeclaration><outcomeDeclaration identifier="FEEDBACKBASIC" cardinality="single" baseType="identifier" view="testConstructor"><defaultValue><value>empty</value></defaultValue></outcomeDeclaration><outcomeDeclaration identifier="FEEDBACKMODAL" cardinality="multiple" baseType="identifier" view="testConstructor" /><templateDeclaration identifier="a" cardinality="single" baseType="float" /><templateDeclaration identifier="b" cardinality="single" baseType="integer" /><templateDeclaration identifier="ver" cardinality="single" baseType="float" /><templateDeclaration identifier="re" cardinality="single" baseType="float" /><templateProcessing><setTemplateValue identifier="a"><random><multiple><baseValue baseType="float">2.6</baseValue><baseValue baseType="float">3.1</baseValue><baseValue baseType="float">4.1</baseValue><baseValue baseType="float">6.6</baseValue><baseValue baseType="float">8.9</baseValue></multiple></random></setTemplateValue><setTemplateValue identifier="b"><random><multiple><baseValue baseType="integer">100</baseValue><baseValue baseType="integer">99</baseValue><baseValue baseType="integer">80</baseValue><baseValue baseType="integer">75</baseValue><baseValue baseType="integer">50</baseValue><baseValue baseType="integer">25</baseValue></multiple></random></setTemplateValue><setTemplateValue identifier="ver"><customOperator definition="MAXIMA" value="float($(1)/0.2^2 / 1000);"><variable identifier="b" /></customOperator></setTemplateValue><setTemplateValue identifier="re"><customOperator definition="MAXIMA" value="float($(1)-$(2));"><variable identifier="a" /><variable identifier="ver" /></customOperator></setTemplateValue><setCorrectResponse identifier="RESPONSE_1405430477732"><variable identifier="ver" /></setCorrectResponse><setCorrectResponse identifier="RESPONSE_1405430519204"><variable identifier="re" /></setCorrectResponse></templateProcessing><itemBody ><p><p>Der Farbenvorratsbehälter einer Druckmaschine enthält <printedVariable identifier="a" /> Liter einer Farbe. Die Druckmaschine verbraucht ab dem Zeitpunkt \(t_0= 0\) für einen Druckvorgang auf einem Objekt</p><p>\[f(t) = <printedVariable identifier="b" /> t e^{-0.2 t}\] Milliliter Farbe</p><p>pro Sekunde zum Zeitpunkt t (t in Sekunden). Welcher Farbverbrauch ist für das Objekt maximal zu erwarten selbst wenn die Maschine ewig in dieser Einstellung weiterliefe ? Welche Menge an Restfabe verbleibt demnach garantiert im Vorratsbehälter ganz egal wann der Druckvorgang für das Objekt abgebrochen wird. Runden Sie jweils auf zwei signifikante Stellen.</p><p> Farbverbrauch in Liter: <textEntryInteraction responseIdentifier="RESPONSE_1405430477732" expectedLength="1" /> l</p><p>Restfarbe in Liter: <textEntryInteraction responseIdentifier="RESPONSE_1405430519204" /> l</p></p></itemBody><responseProcessing><responseCondition><responseIf><equal toleranceMode="absolute" tolerance="0.1 0.1" includeLowerBound="true" includeUpperBound="true"><variable identifier="RESPONSE_1405430477732" /><correct identifier="RESPONSE_1405430477732" /></equal><setOutcomeValue identifier="SCORE"><sum><variable identifier="SCORE" /><baseValue baseType="float">3</baseValue></sum></setOutcomeValue></responseIf></responseCondition><responseCondition><responseIf><not><isNull><variable identifier="RESPONSE_1405430477732" /></isNull></not><setOutcomeValue identifier="FEEDBACKBASIC"><baseValue baseType="identifier">incorrect</baseValue></setOutcomeValue></responseIf></responseCondition><responseCondition><responseIf><equal toleranceMode="absolute" tolerance="0.1 0.1" includeLowerBound="true" includeUpperBound="true"><variable identifier="RESPONSE_1405430519204" /><correct identifier="RESPONSE_1405430519204" /></equal><setOutcomeValue identifier="SCORE"><sum><variable identifier="SCORE" /><baseValue baseType="float">1</baseValue></sum></setOutcomeValue></responseIf></responseCondition><responseCondition><responseIf><not><isNull><variable identifier="RESPONSE_1405430519204" /></isNull></not><setOutcomeValue identifier="FEEDBACKBASIC"><baseValue baseType="identifier">incorrect</baseValue></setOutcomeValue></responseIf></responseCondition><responseCondition><responseIf><and><not><match><variable identifier="FEEDBACKBASIC" /><baseValue baseType="identifier">empty</baseValue></match></not><equal toleranceMode="exact"><variable identifier="SCORE" /><variable identifier="MAXSCORE" /></equal></and><setOutcomeValue identifier="FEEDBACKBASIC"><baseValue baseType="identifier">correct</baseValue></setOutcomeValue></responseIf></responseCondition><responseCondition><responseIf><and><match><baseValue baseType="identifier">incorrect</baseValue><variable identifier="FEEDBACKBASIC" /></match></and><setOutcomeValue identifier="FEEDBACKMODAL"><multiple><variable identifier="FEEDBACKMODAL" /><baseValue baseType="identifier">Feedback1306483983</baseValue></multiple></setOutcomeValue></responseIf></responseCondition></responseProcessing><modalFeedback  identifier="Feedback1306483983" outcomeIdentifier="FEEDBACKMODAL" showHide="show"><p>Es ist der Farbverbrauch f(t) zum Zeitpunkt t  angegeben. Also ist der tatsächliche Farbverbrauch F nach x sekunden: F   = \( \int_0^x f(t) \ dt \) .</p></modalFeedback></assessmentItem>
