<?xml version="1.0" encoding="UTF-8"?>
<assessmentItem xmlns="http://www.imsglobal.org/xsd/imsqti_v2p1" xmlns:xsi="http://www.w3.org/2001/XMLSchema-instance" xsi:schemaLocation="http://www.imsglobal.org/xsd/imsqti_v2p1 http://www.imsglobal.org/xsd/qti/qtiv2p1/imsqti_v2p1p1.xsd http://www.w3.org/1998/Math/MathML http://www.w3.org/Math/XMLSchema/mathml2/mathml2.xsd" identifier="ided6088c7-e5ad-4944-833c-e094f8e0dd06" title="venndiagramm_3mengen_01" adaptive="false" timeDependent="false"><responseDeclaration identifier="RESPONSE_1" cardinality="multiple" baseType="identifier"><correctResponse><value>id1c9efa90-22a6-46f6-bbce-b36c5102dcb4</value><value>ide73f79ac-c91d-446c-b3ca-29bfc8de1028</value></correctResponse><mapping defaultValue="0" lowerBound="0.0"><mapEntry mapKey="id1c9efa90-22a6-46f6-bbce-b36c5102dcb4" mappedValue="1.0" /><mapEntry mapKey="ide73f79ac-c91d-446c-b3ca-29bfc8de1028" mappedValue="1.0" /><mapEntry mapKey="id0c6cd8d8-fe58-4ed6-97f6-914c370ec287" mappedValue="-1.0" /><mapEntry mapKey="id0f2a84d0-b144-4e32-9165-3e2acc849804" mappedValue="-1.0" /></mapping></responseDeclaration><outcomeDeclaration identifier="SCORE" cardinality="single" baseType="float"><defaultValue><value>0</value></defaultValue></outcomeDeclaration><outcomeDeclaration identifier="MAXSCORE" cardinality="single" baseType="float"><defaultValue><value>2</value></defaultValue></outcomeDeclaration><outcomeDeclaration identifier="FEEDBACKBASIC" cardinality="single" baseType="identifier" view="testConstructor"><defaultValue><value>empty</value></defaultValue></outcomeDeclaration><itemBody ><p>Welche Menge ist im folgenden Bild orange eingefärbt? (mehrere Antworten möglich)</p><p><img src="media%2Fmedium8391741957016536175vennABC2.png" alt="" width="181" height="169" /></p><choiceInteraction responseIdentifier="RESPONSE_1" shuffle="true" maxChoices="0"><simpleChoice identifier="id1c9efa90-22a6-46f6-bbce-b36c5102dcb4"><p>\((A\cap B)\setminus C\)</p></simpleChoice><simpleChoice identifier="ide73f79ac-c91d-446c-b3ca-29bfc8de1028"><p>\(\overline C\cap A\cap B\)</p></simpleChoice><simpleChoice identifier="id0c6cd8d8-fe58-4ed6-97f6-914c370ec287"><p>\((A\cup B)\cap\overline C\)</p></simpleChoice><simpleChoice identifier="id0f2a84d0-b144-4e32-9165-3e2acc849804"><p>\(A\setminus(C\cap B)\)</p></simpleChoice></choiceInteraction></itemBody><responseProcessing><responseCondition><responseIf><not><isNull><variable identifier="RESPONSE_1" /></isNull></not><setOutcomeValue identifier="SCORE"><sum><variable identifier="SCORE" /><mapResponse identifier="RESPONSE_1" /></sum></setOutcomeValue><setOutcomeValue identifier="FEEDBACKBASIC"><baseValue baseType="identifier">incorrect</baseValue></setOutcomeValue></responseIf></responseCondition><responseCondition><responseIf><and><not><match><variable identifier="FEEDBACKBASIC" /><baseValue baseType="identifier">empty</baseValue></match></not><equal toleranceMode="exact"><variable identifier="SCORE" /><variable identifier="MAXSCORE" /></equal></and><setOutcomeValue identifier="FEEDBACKBASIC"><baseValue baseType="identifier">correct</baseValue></setOutcomeValue></responseIf></responseCondition></responseProcessing></assessmentItem>
