<?xml version="1.0" encoding="UTF-8"?>
<assessmentItem xmlns="http://www.imsglobal.org/xsd/imsqti_v2p1" xmlns:xsi="http://www.w3.org/2001/XMLSchema-instance" xsi:schemaLocation="http://www.imsglobal.org/xsd/imsqti_v2p1 http://www.imsglobal.org/xsd/qti/qtiv2p1/imsqti_v2p1p1.xsd http://www.w3.org/1998/Math/MathML http://www.w3.org/Math/XMLSchema/mathml2/mathml2.xsd" identifier="id74df9c91-48a2-4871-9097-a47f4a54671d" title="Quadratische Gleichung" adaptive="false" timeDependent="false"><imsqti:responseDeclaration xmlns:imsqti="http://www.imsglobal.org/xsd/imsqti_v2p1" identifier="RESPONSE_1410423199529" cardinality="single" baseType="float"><imsqti:correctResponse><imsqti:value>0</imsqti:value></imsqti:correctResponse></imsqti:responseDeclaration><imsqti:responseDeclaration xmlns:imsqti="http://www.imsglobal.org/xsd/imsqti_v2p1" identifier="RESPONSE_1410423480436" cardinality="single" baseType="float"><imsqti:correctResponse><imsqti:value>0</imsqti:value></imsqti:correctResponse></imsqti:responseDeclaration><imsqti:outcomeDeclaration xmlns:imsqti="http://www.imsglobal.org/xsd/imsqti_v2p1" identifier="SCORE" cardinality="single" baseType="float"><imsqti:defaultValue><imsqti:value>0</imsqti:value></imsqti:defaultValue></imsqti:outcomeDeclaration><imsqti:outcomeDeclaration xmlns:imsqti="http://www.imsglobal.org/xsd/imsqti_v2p1" identifier="MAXSCORE" cardinality="single" baseType="float"><imsqti:defaultValue><imsqti:value>2</imsqti:value></imsqti:defaultValue></imsqti:outcomeDeclaration><imsqti:outcomeDeclaration xmlns:imsqti="http://www.imsglobal.org/xsd/imsqti_v2p1" identifier="FEEDBACKBASIC" cardinality="single" baseType="identifier" view="testConstructor"><imsqti:defaultValue><imsqti:value>empty</imsqti:value></imsqti:defaultValue></imsqti:outcomeDeclaration><imsqti:templateDeclaration xmlns:imsqti="http://www.imsglobal.org/xsd/imsqti_v2p1" identifier="a" cardinality="single" baseType="integer" /><imsqti:templateDeclaration xmlns:imsqti="http://www.imsglobal.org/xsd/imsqti_v2p1" identifier="b" cardinality="single" baseType="integer" /><imsqti:templateDeclaration xmlns:imsqti="http://www.imsglobal.org/xsd/imsqti_v2p1" identifier="c" cardinality="single" baseType="integer" /><imsqti:templateDeclaration xmlns:imsqti="http://www.imsglobal.org/xsd/imsqti_v2p1" identifier="a1" cardinality="single" baseType="integer" /><imsqti:templateDeclaration xmlns:imsqti="http://www.imsglobal.org/xsd/imsqti_v2p1" identifier="a0" cardinality="single" baseType="integer" /><imsqti:templateDeclaration xmlns:imsqti="http://www.imsglobal.org/xsd/imsqti_v2p1" identifier="min_bc" cardinality="single" baseType="integer" /><imsqti:templateDeclaration xmlns:imsqti="http://www.imsglobal.org/xsd/imsqti_v2p1" identifier="max_bc" cardinality="single" baseType="integer" /><imsqti:templateDeclaration xmlns:imsqti="http://www.imsglobal.org/xsd/imsqti_v2p1" identifier="absa1" cardinality="single" baseType="integer" /><imsqti:templateDeclaration xmlns:imsqti="http://www.imsglobal.org/xsd/imsqti_v2p1" identifier="absa0" cardinality="single" baseType="integer" /><imsqti:templateDeclaration xmlns:imsqti="http://www.imsglobal.org/xsd/imsqti_v2p1" identifier="signa1" cardinality="single" baseType="string" /><imsqti:templateDeclaration xmlns:imsqti="http://www.imsglobal.org/xsd/imsqti_v2p1" identifier="signa0" cardinality="single" baseType="string" /><imsqti:templateProcessing xmlns:imsqti="http://www.imsglobal.org/xsd/imsqti_v2p1"><imsqti:setTemplateValue identifier="a"><imsqti:random><imsqti:multiple><imsqti:baseValue baseType="integer">-3</imsqti:baseValue><imsqti:baseValue baseType="integer">-2</imsqti:baseValue><imsqti:baseValue baseType="integer">-1</imsqti:baseValue><imsqti:baseValue baseType="integer">1</imsqti:baseValue><imsqti:baseValue baseType="integer">2</imsqti:baseValue><imsqti:baseValue baseType="integer">3</imsqti:baseValue><imsqti:baseValue baseType="integer">4</imsqti:baseValue><imsqti:baseValue baseType="integer">5</imsqti:baseValue><imsqti:baseValue baseType="integer">6</imsqti:baseValue></imsqti:multiple></imsqti:random></imsqti:setTemplateValue><imsqti:setTemplateValue identifier="b"><imsqti:randomInteger min="-5" max="11" step="2" /></imsqti:setTemplateValue><imsqti:setTemplateValue identifier="c"><imsqti:randomInteger min="-6" max="10" step="2" /></imsqti:setTemplateValue><imsqti:setTemplateValue identifier="a1"><imsqti:customOperator definition="MAXIMA" value="float(-($(1))*(($(2))+($(3))));"><imsqti:variable identifier="a" /><imsqti:variable identifier="b" /><imsqti:variable identifier="c" /></imsqti:customOperator></imsqti:setTemplateValue><imsqti:setTemplateValue identifier="a0"><imsqti:customOperator definition="MAXIMA" value="float(($(1))*($(2))*($(3)));"><imsqti:variable identifier="a" /><imsqti:variable identifier="b" /><imsqti:variable identifier="c" /></imsqti:customOperator></imsqti:setTemplateValue><imsqti:setTemplateValue identifier="min_bc"><imsqti:customOperator definition="MAXIMA" value="float(min($(1),$(2)));"><imsqti:variable identifier="b" /><imsqti:variable identifier="c" /></imsqti:customOperator></imsqti:setTemplateValue><imsqti:setTemplateValue identifier="max_bc"><imsqti:customOperator definition="MAXIMA" value="float(max($(1),$(2)));"><imsqti:variable identifier="b" /><imsqti:variable identifier="c" /></imsqti:customOperator></imsqti:setTemplateValue><imsqti:setTemplateValue identifier="absa1"><imsqti:customOperator definition="MAXIMA" value="float(abs($(1)));"><imsqti:variable identifier="a1" /></imsqti:customOperator></imsqti:setTemplateValue><imsqti:setTemplateValue identifier="absa0"><imsqti:customOperator definition="MAXIMA" value="float(abs($(1)));"><imsqti:variable identifier="a0" /></imsqti:customOperator></imsqti:setTemplateValue><imsqti:setTemplateValue identifier="signa1"><imsqti:random><imsqti:multiple><imsqti:baseValue baseType="string">+</imsqti:baseValue><imsqti:baseValue baseType="string">-</imsqti:baseValue></imsqti:multiple></imsqti:random></imsqti:setTemplateValue><imsqti:setTemplateValue identifier="signa0"><imsqti:random><imsqti:multiple><imsqti:baseValue baseType="string">+</imsqti:baseValue><imsqti:baseValue baseType="string">-</imsqti:baseValue></imsqti:multiple></imsqti:random></imsqti:setTemplateValue><imsqti:templateCondition><imsqti:templateIf><imsqti:gte><imsqti:variable identifier="a1" /><imsqti:baseValue baseType="integer">0</imsqti:baseValue></imsqti:gte><imsqti:setTemplateValue identifier="signa1"><imsqti:random><imsqti:multiple><imsqti:baseValue baseType="string">+</imsqti:baseValue></imsqti:multiple></imsqti:random></imsqti:setTemplateValue></imsqti:templateIf><imsqti:templateElse><imsqti:setTemplateValue identifier="signa1"><imsqti:random><imsqti:multiple><imsqti:baseValue baseType="string">-</imsqti:baseValue></imsqti:multiple></imsqti:random></imsqti:setTemplateValue></imsqti:templateElse></imsqti:templateCondition><imsqti:templateCondition><imsqti:templateIf><imsqti:gte><imsqti:variable identifier="a0" /><imsqti:baseValue baseType="integer">0</imsqti:baseValue></imsqti:gte><imsqti:setTemplateValue identifier="signa0"><imsqti:random><imsqti:multiple><imsqti:baseValue baseType="string">+</imsqti:baseValue></imsqti:multiple></imsqti:random></imsqti:setTemplateValue></imsqti:templateIf><imsqti:templateElse><imsqti:setTemplateValue identifier="signa0"><imsqti:random><imsqti:multiple><imsqti:baseValue baseType="string">-</imsqti:baseValue></imsqti:multiple></imsqti:random></imsqti:setTemplateValue></imsqti:templateElse></imsqti:templateCondition><imsqti:setCorrectResponse identifier="RESPONSE_1410423199529"><imsqti:variable identifier="min_bc" /></imsqti:setCorrectResponse><imsqti:setCorrectResponse identifier="RESPONSE_1410423480436"><imsqti:variable identifier="max_bc" /></imsqti:setCorrectResponse></imsqti:templateProcessing><itemBody ><p><p><p>Bestimmen Sie alle Lösungen der Gleichung $$<printedVariable identifier="a" />x^2<printedVariable identifier="signa1" /><printedVariable identifier="absa1" />x<printedVariable identifier="signa0" /><printedVariable identifier="absa0" />=0$$.</p><p><textEntryInteraction responseIdentifier="RESPONSE_1410423199529" expectedLength="3" />  <textEntryInteraction responseIdentifier="RESPONSE_1410423480436" expectedLength="3" /></p><p>Falls es zwei unterschiedliche Lösungen gibt, tragen Sie die kleinere Lösung in das linke Feld ein.</p><p> </p></p></p></itemBody><imsqti:responseProcessing xmlns:imsqti="http://www.imsglobal.org/xsd/imsqti_v2p1"><imsqti:responseCondition><imsqti:responseIf><imsqti:equal toleranceMode="exact"><imsqti:variable identifier="RESPONSE_1410423199529" /><imsqti:correct identifier="RESPONSE_1410423199529" /></imsqti:equal><imsqti:setOutcomeValue identifier="SCORE"><imsqti:sum><imsqti:variable identifier="SCORE" /><imsqti:baseValue baseType="float">1</imsqti:baseValue></imsqti:sum></imsqti:setOutcomeValue></imsqti:responseIf></imsqti:responseCondition><imsqti:responseCondition><imsqti:responseIf><imsqti:not><imsqti:isNull><imsqti:variable identifier="RESPONSE_1410423199529" /></imsqti:isNull></imsqti:not><imsqti:setOutcomeValue identifier="FEEDBACKBASIC"><imsqti:baseValue baseType="identifier">incorrect</imsqti:baseValue></imsqti:setOutcomeValue></imsqti:responseIf></imsqti:responseCondition><imsqti:responseCondition><imsqti:responseIf><imsqti:equal toleranceMode="exact"><imsqti:variable identifier="RESPONSE_1410423480436" /><imsqti:correct identifier="RESPONSE_1410423480436" /></imsqti:equal><imsqti:setOutcomeValue identifier="SCORE"><imsqti:sum><imsqti:variable identifier="SCORE" /><imsqti:baseValue baseType="float">1</imsqti:baseValue></imsqti:sum></imsqti:setOutcomeValue></imsqti:responseIf></imsqti:responseCondition><imsqti:responseCondition><imsqti:responseIf><imsqti:not><imsqti:isNull><imsqti:variable identifier="RESPONSE_1410423480436" /></imsqti:isNull></imsqti:not><imsqti:setOutcomeValue identifier="FEEDBACKBASIC"><imsqti:baseValue baseType="identifier">incorrect</imsqti:baseValue></imsqti:setOutcomeValue></imsqti:responseIf></imsqti:responseCondition><imsqti:responseCondition><imsqti:responseIf><imsqti:and><imsqti:not><imsqti:match><imsqti:variable identifier="FEEDBACKBASIC" /><imsqti:baseValue baseType="identifier">empty</imsqti:baseValue></imsqti:match></imsqti:not><imsqti:equal toleranceMode="exact"><imsqti:variable identifier="SCORE" /><imsqti:variable identifier="MAXSCORE" /></imsqti:equal></imsqti:and><imsqti:setOutcomeValue identifier="FEEDBACKBASIC"><imsqti:baseValue baseType="identifier">correct</imsqti:baseValue></imsqti:setOutcomeValue></imsqti:responseIf></imsqti:responseCondition></imsqti:responseProcessing></assessmentItem>
