<?xml version="1.0" encoding="UTF-8"?>
<assessmentItem xmlns="http://www.imsglobal.org/xsd/imsqti_v2p1" xmlns:xsi="http://www.w3.org/2001/XMLSchema-instance" xsi:schemaLocation="http://www.imsglobal.org/xsd/imsqti_v2p1 http://www.imsglobal.org/xsd/qti/qtiv2p1/imsqti_v2p1p1.xsd http://www.w3.org/1998/Math/MathML http://www.w3.org/Math/XMLSchema/mathml2/mathml2.xsd" identifier="idb94b18b7-a7c8-41f4-a7b7-986e2ec5b113" title="parabel_ungleichung_01" adaptive="false" timeDependent="false"><responseDeclaration identifier="RESPONSE_1390898429293" cardinality="single" baseType="float"><correctResponse><value>0</value></correctResponse></responseDeclaration><responseDeclaration identifier="RESPONSE_1390898465094" cardinality="single" baseType="float"><correctResponse><value>0</value></correctResponse></responseDeclaration><responseDeclaration identifier="RESPONSE_1390898476125" cardinality="single" baseType="float"><correctResponse><value>0</value></correctResponse></responseDeclaration><outcomeDeclaration identifier="SCORE" cardinality="single" baseType="float"><defaultValue><value>0</value></defaultValue></outcomeDeclaration><outcomeDeclaration identifier="MAXSCORE" cardinality="single" baseType="float"><defaultValue><value>4</value></defaultValue></outcomeDeclaration><outcomeDeclaration identifier="FEEDBACKBASIC" cardinality="single" baseType="identifier" view="testConstructor"><defaultValue><value>empty</value></defaultValue></outcomeDeclaration><outcomeDeclaration identifier="FEEDBACKMODAL" cardinality="multiple" baseType="identifier" view="testConstructor" /><templateDeclaration identifier="n1" cardinality="single" baseType="integer" /><templateDeclaration identifier="diff" cardinality="single" baseType="integer" /><templateDeclaration identifier="n2" cardinality="single" baseType="float" /><templateDeclaration identifier="p" cardinality="single" baseType="float" /><templateDeclaration identifier="p_abs" cardinality="single" baseType="float" /><templateDeclaration identifier="q" cardinality="single" baseType="float" /><templateDeclaration identifier="p_sign" cardinality="single" baseType="string" /><templateDeclaration identifier="q_abs" cardinality="single" baseType="float" /><templateDeclaration identifier="q_sign" cardinality="single" baseType="string" /><templateDeclaration identifier="form" cardinality="single" baseType="integer" /><templateDeclaration identifier="relation" cardinality="single" baseType="string" /><templateProcessing><setTemplateValue identifier="n1"><randomInteger min="-5" max="1" step="2" /></setTemplateValue><setTemplateValue identifier="diff"><randomInteger min="2" max="6" step="2" /></setTemplateValue><setTemplateValue identifier="n2"><customOperator definition="MAXIMA" value="float($(1)+$(2));"><variable identifier="n1" /><variable identifier="diff" /></customOperator></setTemplateValue><setTemplateValue identifier="p"><customOperator definition="MAXIMA" value="float(-$(1)-$(2));"><variable identifier="n1" /><variable identifier="n2" /></customOperator></setTemplateValue><setTemplateValue identifier="p_abs"><customOperator definition="MAXIMA" value="float(abs($(1)));"><variable identifier="p" /></customOperator></setTemplateValue><setTemplateValue identifier="q"><customOperator definition="MAXIMA" value="float($(1)*$(2));"><variable identifier="n1" /><variable identifier="n2" /></customOperator></setTemplateValue><setTemplateValue identifier="p_sign"><random><multiple><baseValue baseType="string">+</baseValue><baseValue baseType="string">-</baseValue></multiple></random></setTemplateValue><templateCondition><templateIf><gte><variable identifier="p" /><baseValue baseType="integer">0</baseValue></gte><setTemplateValue identifier="p_sign"><random><multiple><baseValue baseType="string">+</baseValue></multiple></random></setTemplateValue></templateIf><templateElse><setTemplateValue identifier="p_sign"><random><multiple><baseValue baseType="string">-</baseValue></multiple></random></setTemplateValue></templateElse></templateCondition><setTemplateValue identifier="q_abs"><customOperator definition="MAXIMA" value="float(abs($(1)));"><variable identifier="q" /></customOperator></setTemplateValue><setTemplateValue identifier="q_sign"><random><multiple><baseValue baseType="string">+</baseValue><baseValue baseType="string">-</baseValue></multiple></random></setTemplateValue><templateCondition><templateIf><gte><variable identifier="q" /><baseValue baseType="integer">0</baseValue></gte><setTemplateValue identifier="q_sign"><random><multiple><baseValue baseType="string">+</baseValue></multiple></random></setTemplateValue></templateIf><templateElse><setTemplateValue identifier="q_sign"><random><multiple><baseValue baseType="string">-</baseValue></multiple></random></setTemplateValue></templateElse></templateCondition><setTemplateValue identifier="form"><randomInteger min="1" max="2" /></setTemplateValue><setTemplateValue identifier="relation"><random><multiple><baseValue baseType="string">\geq</baseValue><baseValue baseType="string">\leq</baseValue></multiple></random></setTemplateValue><templateCondition><templateIf><match><variable identifier="form" /><baseValue baseType="integer">1</baseValue></match><setTemplateValue identifier="relation"><random><multiple><baseValue baseType="string">\leq</baseValue></multiple></random></setTemplateValue></templateIf><templateElse><setTemplateValue identifier="relation"><random><multiple><baseValue baseType="string">\geq</baseValue></multiple></random></setTemplateValue></templateElse></templateCondition><setCorrectResponse identifier="RESPONSE_1390898429293"><variable identifier="form" /></setCorrectResponse><setCorrectResponse identifier="RESPONSE_1390898465094"><variable identifier="n1" /></setCorrectResponse><setCorrectResponse identifier="RESPONSE_1390898476125"><variable identifier="n2" /></setCorrectResponse></templateProcessing><itemBody ><p>Wir betrachten die Ungleichung \(\quad x^2<printedVariable identifier="p_sign" /><printedVariable identifier="p_abs" />x<printedVariable identifier="q_sign" /><printedVariable identifier="q_abs" /><printedVariable identifier="relation" />0\).</p><p>Von welcher Form ist die Lösungsmenge dieser Ungleichung:</p><p>Form <strong>1</strong>: \(\mathcal L=[a,b]\) oder</p><p>Form <strong>2</strong>: \(\mathcal L=(-\infty,a]\cup[b,\infty)\) ?</p><p><strong>Lösung:</strong> Die Lösungsmenge ist von der Form <textEntryInteraction responseIdentifier="RESPONSE_1390898429293" expectedLength="4" /> (geben sie 1 oder 2 ein!).</p><p>Dabei sind \(a\) = <textEntryInteraction responseIdentifier="RESPONSE_1390898465094" expectedLength="4" /> und \(b\) = <textEntryInteraction responseIdentifier="RESPONSE_1390898476125" expectedLength="4" />.</p></itemBody><responseProcessing><responseCondition><responseIf><equal toleranceMode="exact"><variable identifier="RESPONSE_1390898429293" /><correct identifier="RESPONSE_1390898429293" /></equal><setOutcomeValue identifier="SCORE"><sum><variable identifier="SCORE" /><baseValue baseType="float">2</baseValue></sum></setOutcomeValue></responseIf></responseCondition><responseCondition><responseIf><not><isNull><variable identifier="RESPONSE_1390898429293" /></isNull></not><setOutcomeValue identifier="FEEDBACKBASIC"><baseValue baseType="identifier">incorrect</baseValue></setOutcomeValue></responseIf></responseCondition><responseCondition><responseIf><equal toleranceMode="exact"><variable identifier="RESPONSE_1390898465094" /><correct identifier="RESPONSE_1390898465094" /></equal><setOutcomeValue identifier="SCORE"><sum><variable identifier="SCORE" /><baseValue baseType="float">1</baseValue></sum></setOutcomeValue></responseIf></responseCondition><responseCondition><responseIf><not><isNull><variable identifier="RESPONSE_1390898465094" /></isNull></not><setOutcomeValue identifier="FEEDBACKBASIC"><baseValue baseType="identifier">incorrect</baseValue></setOutcomeValue></responseIf></responseCondition><responseCondition><responseIf><equal toleranceMode="exact"><variable identifier="RESPONSE_1390898476125" /><correct identifier="RESPONSE_1390898476125" /></equal><setOutcomeValue identifier="SCORE"><sum><variable identifier="SCORE" /><baseValue baseType="float">1</baseValue></sum></setOutcomeValue></responseIf></responseCondition><responseCondition><responseIf><not><isNull><variable identifier="RESPONSE_1390898476125" /></isNull></not><setOutcomeValue identifier="FEEDBACKBASIC"><baseValue baseType="identifier">incorrect</baseValue></setOutcomeValue></responseIf></responseCondition><responseCondition><responseIf><and><not><match><variable identifier="FEEDBACKBASIC" /><baseValue baseType="identifier">empty</baseValue></match></not><equal toleranceMode="exact"><variable identifier="SCORE" /><variable identifier="MAXSCORE" /></equal></and><setOutcomeValue identifier="FEEDBACKBASIC"><baseValue baseType="identifier">correct</baseValue></setOutcomeValue></responseIf></responseCondition><responseCondition><responseIf><and><match><baseValue baseType="identifier">correct</baseValue><variable identifier="FEEDBACKBASIC" /></match></and><setOutcomeValue identifier="FEEDBACKMODAL"><multiple><variable identifier="FEEDBACKMODAL" /><baseValue baseType="identifier">Feedback1257327828</baseValue></multiple></setOutcomeValue></responseIf></responseCondition><responseCondition><responseIf><and><match><baseValue baseType="identifier">incorrect</baseValue><variable identifier="FEEDBACKBASIC" /></match></and><setOutcomeValue identifier="FEEDBACKMODAL"><multiple><variable identifier="FEEDBACKMODAL" /><baseValue baseType="identifier">Feedback1694948935</baseValue></multiple></setOutcomeValue></responseIf></responseCondition></responseProcessing><modalFeedback  identifier="Feedback1257327828" outcomeIdentifier="FEEDBACKMODAL" showHide="show" title="Richtig!"><p>Lösungshinweis:</p><p>Betrachten wir die Gleichung \( x^2<printedVariable identifier="p_sign" /><printedVariable identifier="p_abs" />x<printedVariable identifier="q_sign" /><printedVariable identifier="q_abs" />=0\), so ergeben sich die Lösungen \( a = <printedVariable identifier="n1" />\) und \(b= <printedVariable identifier="n2" />\) (z.B. über quadratische Lösungsformel).</p><p>Da aber die Relation \(<printedVariable identifier="relation" />\) gelten soll, ist die Lösungsmenge von der Form <strong><printedVariable identifier="form" /></strong>.</p></modalFeedback><modalFeedback  identifier="Feedback1694948935" outcomeIdentifier="FEEDBACKMODAL" showHide="show" title="Leider falsch!"><p>Lösungshinweis:</p><p>Betrachten wir die Gleichung \( x^2<printedVariable identifier="p_sign" /><printedVariable identifier="p_abs" />x<printedVariable identifier="q_sign" /><printedVariable identifier="q_abs" />=0\), so ergeben sich die Lösungen \( a = <printedVariable identifier="n1" />\) und \(b= <printedVariable identifier="n2" />\) (z.B. über quadratische Lösungsformel).</p><p>Da aber die Relation \(<printedVariable identifier="relation" />\) gelten soll, ist die Lösungsmenge von der Form <strong><printedVariable identifier="form" /></strong>.</p></modalFeedback></assessmentItem>
