<?xml version="1.0" encoding="UTF-8"?>
<assessmentItem xmlns="http://www.imsglobal.org/xsd/imsqti_v2p1" xmlns:xsi="http://www.w3.org/2001/XMLSchema-instance" xsi:schemaLocation="http://www.imsglobal.org/xsd/imsqti_v2p1 http://www.imsglobal.org/xsd/qti/qtiv2p1/imsqti_v2p1p1.xsd http://www.w3.org/1998/Math/MathML http://www.w3.org/Math/XMLSchema/mathml2/mathml2.xsd" identifier="id5f8ce600-6751-4727-9c16-7e4367330227" title="graph_zuordnen_01" adaptive="false" timeDependent="false"><responseDeclaration identifier="RESPONSE_1" cardinality="multiple" baseType="directedPair"><correctResponse><value>id1df0a24e-3f82-490e-822d-a414c31cf04e idc9bfeeca-3c6a-4509-bd0a-570548159f4c</value><value>id559dae2a-2019-41e3-8af6-40ea2bd8c8a7 id17de6721-e6da-4103-a482-6af25ea03ed7</value><value>id17d17662-ff50-4504-9aed-2b2c8053fe7c id1e13d579-30c7-4c71-9c7c-c01a28d48943</value><value>id4744e354-0221-47dd-98e1-b0e9e30bde15 idf99f703f-53e3-4abe-be08-921f993539d0</value><value>id9f336ed5-3763-4db8-a72c-59d81c8cc674 idca1abf03-f1b4-44ef-bec7-5930432af267</value></correctResponse><mapping defaultValue="0" lowerBound="0.0"><mapEntry mapKey="id559dae2a-2019-41e3-8af6-40ea2bd8c8a7 id17de6721-e6da-4103-a482-6af25ea03ed7" mappedValue="0.4" /><mapEntry mapKey="id1df0a24e-3f82-490e-822d-a414c31cf04e idc9bfeeca-3c6a-4509-bd0a-570548159f4c" mappedValue="0.4" /><mapEntry mapKey="id4744e354-0221-47dd-98e1-b0e9e30bde15 idf99f703f-53e3-4abe-be08-921f993539d0" mappedValue="0.4" /><mapEntry mapKey="id17d17662-ff50-4504-9aed-2b2c8053fe7c id1e13d579-30c7-4c71-9c7c-c01a28d48943" mappedValue="0.4" /><mapEntry mapKey="id9f336ed5-3763-4db8-a72c-59d81c8cc674 idca1abf03-f1b4-44ef-bec7-5930432af267" mappedValue="0.4" /></mapping></responseDeclaration><outcomeDeclaration identifier="SCORE" cardinality="single" baseType="float"><defaultValue><value>0</value></defaultValue></outcomeDeclaration><outcomeDeclaration identifier="MAXSCORE" cardinality="single" baseType="float"><defaultValue><value>2</value></defaultValue></outcomeDeclaration><outcomeDeclaration identifier="FEEDBACKBASIC" cardinality="single" baseType="identifier" view="testConstructor"><defaultValue><value>empty</value></defaultValue></outcomeDeclaration><outcomeDeclaration identifier="FEEDBACKMODAL" cardinality="multiple" baseType="identifier" view="testConstructor" /><itemBody ><p>Ordnen Sie die folgenden trigonometrischen Funktionen richtig zu!</p><matchInteraction responseIdentifier="RESPONSE_1" shuffle="true" maxAssociations="0"><simpleMatchSet><simpleAssociableChoice identifier="id4744e354-0221-47dd-98e1-b0e9e30bde15" fixed="false" matchMax="1"><p><img src="media%2Fmedium5498839057924776949tanx.png" alt="" width="350" /></p></simpleAssociableChoice><simpleAssociableChoice identifier="id1df0a24e-3f82-490e-822d-a414c31cf04e" fixed="false" matchMax="1"><p><img src="media%2Fmedium7919019318734391958cosx.png" alt="" width="350" /></p></simpleAssociableChoice><simpleAssociableChoice identifier="id559dae2a-2019-41e3-8af6-40ea2bd8c8a7" fixed="false" matchMax="1"><p><img src="media%2Fmedium529370871869861145sinx.png" alt="" width="350" /></p></simpleAssociableChoice><simpleAssociableChoice identifier="id17d17662-ff50-4504-9aed-2b2c8053fe7c" fixed="false" matchMax="1"><p><img src="media%2Fmedium7953254309637633021sin%282x%29.png" alt="" width="350" /></p></simpleAssociableChoice><simpleAssociableChoice identifier="id9f336ed5-3763-4db8-a72c-59d81c8cc674" fixed="false" matchMax="1"><p><img src="media%2Fmedium7727045780112088116cos%282x%29.png" alt="" width="350" /></p></simpleAssociableChoice></simpleMatchSet><simpleMatchSet><simpleAssociableChoice identifier="id17de6721-e6da-4103-a482-6af25ea03ed7" fixed="false" matchMax="1"><p>$$f(x) = \sin x$$</p></simpleAssociableChoice><simpleAssociableChoice identifier="idc9bfeeca-3c6a-4509-bd0a-570548159f4c" fixed="false" matchMax="1"><p>$$f(x) = \cos x$$</p></simpleAssociableChoice><simpleAssociableChoice identifier="idf99f703f-53e3-4abe-be08-921f993539d0" fixed="false" matchMax="1"><p>$$f(x) = \tan x$$</p></simpleAssociableChoice><simpleAssociableChoice identifier="id1e13d579-30c7-4c71-9c7c-c01a28d48943" fixed="false" matchMax="1"><p>$$f(x) = \sin (2x)$$</p></simpleAssociableChoice><simpleAssociableChoice identifier="idca1abf03-f1b4-44ef-bec7-5930432af267" fixed="false" matchMax="1"><p>$$f(x) = \cos (2x)$$</p></simpleAssociableChoice></simpleMatchSet></matchInteraction></itemBody><responseProcessing><responseCondition><responseIf><not><isNull><variable identifier="RESPONSE_1" /></isNull></not><setOutcomeValue identifier="SCORE"><sum><variable identifier="SCORE" /><mapResponse identifier="RESPONSE_1" /></sum></setOutcomeValue><setOutcomeValue identifier="FEEDBACKBASIC"><baseValue baseType="identifier">incorrect</baseValue></setOutcomeValue></responseIf></responseCondition><responseCondition><responseIf><and><not><match><variable identifier="FEEDBACKBASIC" /><baseValue baseType="identifier">empty</baseValue></match></not><equal toleranceMode="exact"><variable identifier="SCORE" /><variable identifier="MAXSCORE" /></equal></and><setOutcomeValue identifier="FEEDBACKBASIC"><baseValue baseType="identifier">correct</baseValue></setOutcomeValue></responseIf></responseCondition><responseCondition><responseIf><and><match><baseValue baseType="identifier">correct</baseValue><variable identifier="FEEDBACKBASIC" /></match></and><setOutcomeValue identifier="FEEDBACKMODAL"><multiple><variable identifier="FEEDBACKMODAL" /><baseValue baseType="identifier">Feedback508113297</baseValue></multiple></setOutcomeValue></responseIf></responseCondition><responseCondition><responseIf><and><match><baseValue baseType="identifier">incorrect</baseValue><variable identifier="FEEDBACKBASIC" /></match></and><setOutcomeValue identifier="FEEDBACKMODAL"><multiple><variable identifier="FEEDBACKMODAL" /><baseValue baseType="identifier">Feedback36713871</baseValue></multiple></setOutcomeValue></responseIf></responseCondition></responseProcessing><modalFeedback  identifier="Feedback508113297" outcomeIdentifier="FEEDBACKMODAL" showHide="show" title="Richtig!" /><modalFeedback  identifier="Feedback36713871" outcomeIdentifier="FEEDBACKMODAL" showHide="show" title="Leider falsch!" /></assessmentItem>
