<?xml version="1.0" encoding="UTF-8"?>
<assessmentItem xmlns="http://www.imsglobal.org/xsd/imsqti_v2p1" xmlns:xsi="http://www.w3.org/2001/XMLSchema-instance" xsi:schemaLocation="http://www.imsglobal.org/xsd/imsqti_v2p1 http://www.imsglobal.org/xsd/qti/qtiv2p1/imsqti_v2p1p1.xsd http://www.w3.org/1998/Math/MathML http://www.w3.org/Math/XMLSchema/mathml2/mathml2.xsd" identifier="idfd94bd40-eef5-4143-b516-d9e69bb7991d" title="GW_Folge_n0" adaptive="false" timeDependent="false"><responseDeclaration identifier="RESPONSE_1404993018252" cardinality="single" baseType="float"><correctResponse><value>0</value></correctResponse></responseDeclaration><responseDeclaration identifier="RESPONSE_1404993050422" cardinality="single" baseType="float"><correctResponse><value>0</value></correctResponse></responseDeclaration><outcomeDeclaration identifier="SCORE" cardinality="single" baseType="float"><defaultValue><value>0</value></defaultValue></outcomeDeclaration><outcomeDeclaration identifier="MAXSCORE" cardinality="single" baseType="float"><defaultValue><value>2</value></defaultValue></outcomeDeclaration><outcomeDeclaration identifier="FEEDBACKBASIC" cardinality="single" baseType="identifier" view="testConstructor"><defaultValue><value>empty</value></defaultValue></outcomeDeclaration><templateDeclaration identifier="a" cardinality="single" baseType="integer" /><templateDeclaration identifier="bsign" cardinality="single" baseType="integer" /><templateDeclaration identifier="bb" cardinality="single" baseType="integer" /><templateDeclaration identifier="b" cardinality="single" baseType="integer" /><templateDeclaration identifier="c" cardinality="single" baseType="integer" /><templateDeclaration identifier="dsign" cardinality="single" baseType="integer" /><templateDeclaration identifier="dd" cardinality="single" baseType="integer" /><templateDeclaration identifier="d" cardinality="single" baseType="integer" /><templateDeclaration identifier="f" cardinality="single" baseType="integer" /><templateDeclaration identifier="epsilon" cardinality="single" baseType="float" /><templateDeclaration identifier="solution1" cardinality="single" baseType="float" /><templateDeclaration identifier="solution2" cardinality="single" baseType="integer" /><templateDeclaration identifier="bstring" cardinality="single" baseType="string" /><templateDeclaration identifier="dstring" cardinality="single" baseType="string" /><templateProcessing><setTemplateValue identifier="a"><randomInteger min="2" max="5" /></setTemplateValue><setTemplateValue identifier="bsign"><random><multiple><baseValue baseType="integer">1</baseValue><baseValue baseType="integer">-1</baseValue></multiple></random></setTemplateValue><setTemplateValue identifier="bb"><randomInteger min="1" max="9" /></setTemplateValue><setTemplateValue identifier="b"><customOperator definition="MAXIMA" value="float($(1)*$(2));"><variable identifier="bsign" /><variable identifier="bb" /></customOperator></setTemplateValue><setTemplateValue identifier="c"><randomInteger min="1" max="4" /></setTemplateValue><setTemplateValue identifier="dsign"><random><multiple><baseValue baseType="integer">-1</baseValue><baseValue baseType="integer">1</baseValue></multiple></random></setTemplateValue><setTemplateValue identifier="dd"><randomInteger min="1" max="9" /></setTemplateValue><setTemplateValue identifier="d"><customOperator definition="MAXIMA" value="float($(1)*$(2));"><variable identifier="dsign" /><variable identifier="dd" /></customOperator></setTemplateValue><setTemplateValue identifier="f"><customOperator definition="MAXIMA" value="float(abs($(1)*$(2)-$(3)*$(4)));"><variable identifier="a" /><variable identifier="d" /><variable identifier="c" /><variable identifier="b" /></customOperator></setTemplateValue><setTemplateValue identifier="epsilon"><random><multiple><baseValue baseType="float">0.001</baseValue><baseValue baseType="float">0.0001</baseValue></multiple></random></setTemplateValue><setTemplateValue identifier="solution1"><customOperator definition="MAXIMA" value="float($(1)/$(2));"><variable identifier="a" /><variable identifier="c" /></customOperator></setTemplateValue><setTemplateValue identifier="solution2"><customOperator definition="MAXIMA" value="float(ceiling(($(1)-$(2)*$(3)*$(4))/($(5)^2*$(6))));"><variable identifier="f" /><variable identifier="c" /><variable identifier="d" /><variable identifier="epsilon" /><variable identifier="c" /><variable identifier="epsilon" /></customOperator></setTemplateValue><setTemplateValue identifier="bstring"><random><multiple><baseValue baseType="string">+</baseValue></multiple></random></setTemplateValue><templateCondition><templateIf><lt><variable identifier="b" /><baseValue baseType="integer">0</baseValue></lt><setTemplateValue identifier="bstring"><random><multiple><baseValue baseType="string">-</baseValue></multiple></random></setTemplateValue></templateIf></templateCondition><setTemplateValue identifier="dstring"><random><multiple><baseValue baseType="string">+</baseValue></multiple></random></setTemplateValue><templateCondition><templateIf><lt><variable identifier="d" /><baseValue baseType="integer">0</baseValue></lt><setTemplateValue identifier="dstring"><random><multiple><baseValue baseType="string">-</baseValue></multiple></random></setTemplateValue></templateIf></templateCondition><setCorrectResponse identifier="RESPONSE_1404993018252"><variable identifier="solution1" /></setCorrectResponse><setCorrectResponse identifier="RESPONSE_1404993050422"><variable identifier="solution2" /></setCorrectResponse></templateProcessing><itemBody ><p><p>Es sei die konvergente Folge $$g_n = \frac{<printedVariable identifier="a" />n<printedVariable identifier="bstring" /><printedVariable identifier="bb" />}{<printedVariable identifier="c" />n<printedVariable identifier="dstring" /><printedVariable identifier="dd" />}$$ mit $$\lim_{n\longrightarrow\infty}g_n = g$$ gegeben.</p><p>Bestimmen Sie den Grenzwert $$g$$ sowie  die Zahl $$n_0\in\mathbb{N}$$ für welche erstmals gilt:</p><p>$$|g-g_{n_0}|&lt;<printedVariable identifier="epsilon" />$$</p><p>Nutzen Sie zur Eingabe des Grenzwertes $$g$$ Dezimalbrüche mit mindestens zwei Nachkommastellen.</p><p>$$g = $$<textEntryInteraction responseIdentifier="RESPONSE_1404993018252" /></p><p>$$n_0 = $$<textEntryInteraction responseIdentifier="RESPONSE_1404993050422" /></p></p></itemBody><responseProcessing><responseCondition><responseIf><equal toleranceMode="absolute" tolerance="0.01 0.01" includeLowerBound="true" includeUpperBound="true"><variable identifier="RESPONSE_1404993018252" /><correct identifier="RESPONSE_1404993018252" /></equal><setOutcomeValue identifier="SCORE"><sum><variable identifier="SCORE" /><baseValue baseType="float">1</baseValue></sum></setOutcomeValue></responseIf></responseCondition><responseCondition><responseIf><not><isNull><variable identifier="RESPONSE_1404993018252" /></isNull></not><setOutcomeValue identifier="FEEDBACKBASIC"><baseValue baseType="identifier">incorrect</baseValue></setOutcomeValue></responseIf></responseCondition><responseCondition><responseIf><equal toleranceMode="exact"><variable identifier="RESPONSE_1404993050422" /><correct identifier="RESPONSE_1404993050422" /></equal><setOutcomeValue identifier="SCORE"><sum><variable identifier="SCORE" /><baseValue baseType="float">1</baseValue></sum></setOutcomeValue></responseIf></responseCondition><responseCondition><responseIf><not><isNull><variable identifier="RESPONSE_1404993050422" /></isNull></not><setOutcomeValue identifier="FEEDBACKBASIC"><baseValue baseType="identifier">incorrect</baseValue></setOutcomeValue></responseIf></responseCondition><responseCondition><responseIf><and><not><match><variable identifier="FEEDBACKBASIC" /><baseValue baseType="identifier">empty</baseValue></match></not><equal toleranceMode="exact"><variable identifier="SCORE" /><variable identifier="MAXSCORE" /></equal></and><setOutcomeValue identifier="FEEDBACKBASIC"><baseValue baseType="identifier">correct</baseValue></setOutcomeValue></responseIf></responseCondition></responseProcessing></assessmentItem>
