<?xml version="1.0" encoding="UTF-8"?>
<assessmentItem xmlns="http://www.imsglobal.org/xsd/imsqti_v2p1" xmlns:xsi="http://www.w3.org/2001/XMLSchema-instance" xsi:schemaLocation="http://www.imsglobal.org/xsd/imsqti_v2p1 http://www.imsglobal.org/xsd/qti/qtiv2p1/imsqti_v2p1p1.xsd http://www.w3.org/1998/Math/MathML http://www.w3.org/Math/XMLSchema/mathml2/mathml2.xsd" identifier="id28d0a498-0da1-40bf-a5e2-546346d4a99b" title="produkt_notation_01" adaptive="false" timeDependent="false"><responseDeclaration identifier="RESPONSE_1424187993137" cardinality="single" baseType="float"><correctResponse><value>120</value></correctResponse></responseDeclaration><responseDeclaration identifier="RESPONSE_1424188098256" cardinality="single" baseType="float"><correctResponse><value>8</value></correctResponse></responseDeclaration><responseDeclaration identifier="RESPONSE_1424188228140" cardinality="single" baseType="float"><correctResponse><value>64</value></correctResponse></responseDeclaration><responseDeclaration identifier="RESPONSE_1424188130416" cardinality="single" baseType="string" /><outcomeDeclaration identifier="SCORE" cardinality="single" baseType="float"><defaultValue><value>0</value></defaultValue></outcomeDeclaration><outcomeDeclaration identifier="MAXSCORE" cardinality="single" baseType="float"><defaultValue><value>2</value></defaultValue></outcomeDeclaration><outcomeDeclaration identifier="FEEDBACKBASIC" cardinality="single" baseType="identifier" view="testConstructor"><defaultValue><value>empty</value></defaultValue></outcomeDeclaration><outcomeDeclaration identifier="FEEDBACKMODAL" cardinality="multiple" baseType="identifier" view="testConstructor" /><templateProcessing><setCorrectResponse identifier="RESPONSE_1424188130416"><customOperator definition="VARIABLESTRING" value="1/5" /></setCorrectResponse></templateProcessing><itemBody ><p>Berechnen Sie die folgenden Produkte:</p><p>$$\prod_{j=1}^5 j=$$ <textEntryInteraction responseIdentifier="RESPONSE_1424187993137" expectedLength="3" /> $$\qquad\prod_{j=2}^4 2=$$ <textEntryInteraction responseIdentifier="RESPONSE_1424188098256" expectedLength="3" /></p><p>$$\prod_{j=1}^3 2^j=$$ <textEntryInteraction responseIdentifier="RESPONSE_1424188228140" expectedLength="3" /> $$\qquad\prod_{j=1}^4 \frac j{j+1}=$$ <textEntryInteraction responseIdentifier="RESPONSE_1424188130416" expectedLength="3" /></p><p><strong>Hinweis:</strong> Sie können Brüche wiefolgt eingeben: \(\frac xy=\) <strong>x/y</strong>, z.B. \(\frac23=\) <strong>2/3</strong>.</p><p> </p></itemBody><responseProcessing><responseCondition><responseIf><equal toleranceMode="exact"><variable identifier="RESPONSE_1424187993137" /><correct identifier="RESPONSE_1424187993137" /></equal><setOutcomeValue identifier="SCORE"><sum><variable identifier="SCORE" /><baseValue baseType="float">0.5</baseValue></sum></setOutcomeValue></responseIf></responseCondition><responseCondition><responseIf><not><isNull><variable identifier="RESPONSE_1424187993137" /></isNull></not><setOutcomeValue identifier="FEEDBACKBASIC"><baseValue baseType="identifier">incorrect</baseValue></setOutcomeValue></responseIf></responseCondition><responseCondition><responseIf><equal toleranceMode="exact"><variable identifier="RESPONSE_1424188098256" /><correct identifier="RESPONSE_1424188098256" /></equal><setOutcomeValue identifier="SCORE"><sum><variable identifier="SCORE" /><baseValue baseType="float">0.5</baseValue></sum></setOutcomeValue></responseIf></responseCondition><responseCondition><responseIf><not><isNull><variable identifier="RESPONSE_1424188098256" /></isNull></not><setOutcomeValue identifier="FEEDBACKBASIC"><baseValue baseType="identifier">incorrect</baseValue></setOutcomeValue></responseIf></responseCondition><responseCondition><responseIf><equal toleranceMode="exact"><variable identifier="RESPONSE_1424188228140" /><correct identifier="RESPONSE_1424188228140" /></equal><setOutcomeValue identifier="SCORE"><sum><variable identifier="SCORE" /><baseValue baseType="float">0.5</baseValue></sum></setOutcomeValue></responseIf></responseCondition><responseCondition><responseIf><not><isNull><variable identifier="RESPONSE_1424188228140" /></isNull></not><setOutcomeValue identifier="FEEDBACKBASIC"><baseValue baseType="identifier">incorrect</baseValue></setOutcomeValue></responseIf></responseCondition><responseCondition><responseIf><customOperator definition="MAXIMA" value="is(equal(ev($(1)),ev($(2))));" caseSensitive="false"><variable identifier="RESPONSE_1424188130416" /><correct identifier="RESPONSE_1424188130416" /></customOperator><setOutcomeValue identifier="SCORE"><sum><variable identifier="SCORE" /><baseValue baseType="float">0.5</baseValue></sum></setOutcomeValue></responseIf></responseCondition><responseCondition><responseIf><not><isNull><variable identifier="RESPONSE_1424188130416" /></isNull></not><setOutcomeValue identifier="FEEDBACKBASIC"><baseValue baseType="identifier">incorrect</baseValue></setOutcomeValue></responseIf></responseCondition><responseCondition><responseIf><and><not><match><variable identifier="FEEDBACKBASIC" /><baseValue baseType="identifier">empty</baseValue></match></not><equal toleranceMode="exact"><variable identifier="SCORE" /><variable identifier="MAXSCORE" /></equal></and><setOutcomeValue identifier="FEEDBACKBASIC"><baseValue baseType="identifier">correct</baseValue></setOutcomeValue></responseIf></responseCondition><responseCondition><responseIf><and><match><baseValue baseType="identifier">correct</baseValue><variable identifier="FEEDBACKBASIC" /></match></and><setOutcomeValue identifier="FEEDBACKMODAL"><multiple><variable identifier="FEEDBACKMODAL" /><baseValue baseType="identifier">Feedback92699819</baseValue></multiple></setOutcomeValue></responseIf></responseCondition><responseCondition><responseIf><and><match><baseValue baseType="identifier">incorrect</baseValue><variable identifier="FEEDBACKBASIC" /></match></and><setOutcomeValue identifier="FEEDBACKMODAL"><multiple><variable identifier="FEEDBACKMODAL" /><baseValue baseType="identifier">Feedback869011865</baseValue></multiple></setOutcomeValue></responseIf></responseCondition></responseProcessing><modalFeedback  identifier="Feedback92699819" outcomeIdentifier="FEEDBACKMODAL" showHide="show" title="Richtig!"><p>$$\prod_{j=1}^5 j=1\cdot2\cdot3\cdot4\cdot5=120$$</p><p>$$\prod_{j=2}^4 2=2\cdot2\cdot2=8$$ ... für jedes $$j=2,\dots,4$$ kommt eine $$2$$ zum Produkt hinzu</p><p>$$\prod_{j=1}^32^j=2^1\cdot2^2\cdot2^3=2\cdot4\cdot4=64$$</p><p>$$\prod_{j=1}^4 \frac{j}{j+1}=\frac12\cdot\frac23\cdot\frac34\cdot\frac45=\frac1{\not2}\cdot\frac{\not2}{\not3}\cdot\frac{\not3}{\not4}\cdot\frac{\not4}5=\frac15$$</p></modalFeedback><modalFeedback  identifier="Feedback869011865" outcomeIdentifier="FEEDBACKMODAL" showHide="show" title="Leider (nicht vollständig) richtig!"><p>$$\prod_{j=1}^5 j=1\cdot2\cdot3\cdot4\cdot5=120$$</p><p>$$\prod_{j=2}^4 2=2\cdot2\cdot2=8$$ ... für jedes $$j=2,\dots,4$$ kommt eine $$2$$ zum Produkt hinzu</p><p>$$\prod_{j=1}^32^j=2^1\cdot2^2\cdot2^3=2\cdot4\cdot4=64$$</p><p>$$\prod_{j=1}^4 \frac{j}{j+1}=\frac12\cdot\frac23\cdot\frac34\cdot\frac45=\frac1{\not2}\cdot\frac{\not2}{\not3}\cdot\frac{\not3}{\not4}\cdot\frac{\not4}5=\frac15$$</p></modalFeedback></assessmentItem>
