<?xml version="1.0" encoding="UTF-8"?>
<assessmentItem xmlns="http://www.imsglobal.org/xsd/imsqti_v2p1" xmlns:xsi="http://www.w3.org/2001/XMLSchema-instance" xsi:schemaLocation="http://www.imsglobal.org/xsd/imsqti_v2p1 imsqti_v2p1.xsd" identifier="id4d828e22-e21d-4771-aabc-b94a7bfd03d9" title="26. Grundlagen Projektmanagement" adaptive="false" timeDependent="false"><responseDeclaration identifier="RESPONSE_1" cardinality="ordered" baseType="identifier"><correctResponse><value>ide50f42ec-95c4-4d03-ad4e-dab53d0d7a52</value><value>id0f9c8ff3-e520-4836-b851-80ec865010ca</value><value>id2e48edf9-72b6-46ba-9f0b-31865d7c4517</value><value>id28e43791-d2c9-41f8-8c85-03c4be582d00</value><value>idf8c0cc92-1883-41d4-ba29-543d44381f3e</value></correctResponse></responseDeclaration><outcomeDeclaration identifier="SCORE" cardinality="single" baseType="float"><defaultValue><value>0</value></defaultValue></outcomeDeclaration><outcomeDeclaration identifier="MAXSCORE" cardinality="single" baseType="float"><defaultValue><value>1</value></defaultValue></outcomeDeclaration><outcomeDeclaration identifier="FEEDBACKBASIC" cardinality="single" baseType="identifier"><defaultValue><value>empty</value></defaultValue></outcomeDeclaration><itemBody><p xmlns=""><strong>Führen Sie die Aufgaben in die richtige (logische) Reihenfolge</strong></p><orderInteraction responseIdentifier="RESPONSE_1" shuffle="true"><simpleChoice identifier="ide50f42ec-95c4-4d03-ad4e-dab53d0d7a52"><p xmlns="">Ideengewinnung</p></simpleChoice><simpleChoice identifier="id0f9c8ff3-e520-4836-b851-80ec865010ca"><p xmlns="">Machbarkeitsanalyse</p></simpleChoice><simpleChoice identifier="id2e48edf9-72b6-46ba-9f0b-31865d7c4517"><p xmlns="">Realisierungsentscheidung</p></simpleChoice><simpleChoice identifier="id28e43791-d2c9-41f8-8c85-03c4be582d00"><p xmlns="">Festlegung Projektziele</p></simpleChoice><simpleChoice identifier="idf8c0cc92-1883-41d4-ba29-543d44381f3e"><p xmlns="">Projektauftakt</p></simpleChoice></orderInteraction></itemBody><responseProcessing><responseCondition><responseIf><isNull><variable identifier="RESPONSE_1" /></isNull><setOutcomeValue identifier="FEEDBACKBASIC"><baseValue baseType="identifier">empty</baseValue></setOutcomeValue></responseIf><responseElseIf><match><variable identifier="RESPONSE_1" /><correct identifier="RESPONSE_1" /></match><setOutcomeValue identifier="SCORE"><sum><variable identifier="SCORE" /><variable identifier="MAXSCORE" /></sum></setOutcomeValue><setOutcomeValue identifier="FEEDBACKBASIC"><baseValue baseType="identifier">correct</baseValue></setOutcomeValue></responseElseIf><responseElse><setOutcomeValue identifier="FEEDBACKBASIC"><baseValue baseType="identifier">incorrect</baseValue></setOutcomeValue></responseElse></responseCondition></responseProcessing></assessmentItem>
