<?xml version="1.0" encoding="UTF-8"?>
<assessmentItem xmlns="http://www.imsglobal.org/xsd/imsqti_v2p1" xmlns:xsi="http://www.w3.org/2001/XMLSchema-instance" xsi:schemaLocation="http://www.imsglobal.org/xsd/imsqti_v2p1 http://www.imsglobal.org/xsd/qti/qtiv2p1/imsqti_v2p1p1.xsd http://www.w3.org/1998/Math/MathML http://www.w3.org/Math/XMLSchema/mathml2/mathml2.xsd" identifier="idf286e9fe-5d47-43f7-8ee8-fa5cee0562d6" title="ableitung_potenzen_04" adaptive="false" timeDependent="false"><responseDeclaration identifier="RESPONSE_1409038948497" cardinality="single" baseType="string" /><outcomeDeclaration identifier="SCORE" cardinality="single" baseType="float"><defaultValue><value>0</value></defaultValue></outcomeDeclaration><outcomeDeclaration identifier="MAXSCORE" cardinality="single" baseType="float"><defaultValue><value>1</value></defaultValue></outcomeDeclaration><outcomeDeclaration identifier="FEEDBACKBASIC" cardinality="single" baseType="identifier" view="testConstructor"><defaultValue><value>empty</value></defaultValue></outcomeDeclaration><outcomeDeclaration identifier="FEEDBACKMODAL" cardinality="multiple" baseType="identifier" view="testConstructor" /><templateDeclaration identifier="a" cardinality="single" baseType="integer" /><templateDeclaration identifier="b" cardinality="single" baseType="integer" /><templateProcessing><setTemplateValue identifier="a"><randomInteger min="2" max="6" /></setTemplateValue><setTemplateValue identifier="b"><randomInteger min="2" max="5" /></setTemplateValue><setCorrectResponse identifier="RESPONSE_1409038948497"><customOperator definition="VARIABLESTRING" value="$(1)^sin($(2)*x)*$(2)*cos($(2)*x)*log($(1))"><variable identifier="a" /><variable identifier="b" /></customOperator></setCorrectResponse></templateProcessing><itemBody ><p>Geben Sie die Ableitung der Funktion $$f(x) = <printedVariable identifier="a" />^{\displaystyle\sin(<printedVariable identifier="b" />x)}$$ an! Bitte vereinfachen Sie Ihre Lösung soweit wie möglich.</p><p><strong>Ergebnis:</strong> $$f'(x) = $$<textEntryInteraction responseIdentifier="RESPONSE_1409038948497" expectedLength="30" class="maxima-formula show-latex" /></p><p> </p><p>Hinweise zur Formeleingabe:</p><ul><li>\(\frac{x}{y}\) = x/y, \(x^y\) = x^y, \(\ln x=\) log(x), \(\cos x=\) cos(x)</li><li>\(x\cdot y\) = x*y, z.B. \(3x\) = 3*x  \(\Rightarrow\)  Bitte keine * vergessen!</li><li>Durch Klicken auf die ?-Schaltfläche können Sie Ihre Formel vor Speichern der Antwort zunächst überprüfen.</li></ul></itemBody><responseProcessing><responseCondition><responseIf><customOperator definition="MAXIMA" value="is(equal(ev($(1)),ev($(2))));"><variable identifier="RESPONSE_1409038948497" /><correct identifier="RESPONSE_1409038948497" /></customOperator><setOutcomeValue identifier="SCORE"><sum><variable identifier="SCORE" /><baseValue baseType="float">1</baseValue></sum></setOutcomeValue></responseIf></responseCondition><responseCondition><responseIf><not><isNull><variable identifier="RESPONSE_1409038948497" /></isNull></not><setOutcomeValue identifier="FEEDBACKBASIC"><baseValue baseType="identifier">incorrect</baseValue></setOutcomeValue></responseIf></responseCondition><responseCondition><responseIf><and><not><match><variable identifier="FEEDBACKBASIC" /><baseValue baseType="identifier">empty</baseValue></match></not><equal toleranceMode="exact"><variable identifier="SCORE" /><variable identifier="MAXSCORE" /></equal></and><setOutcomeValue identifier="FEEDBACKBASIC"><baseValue baseType="identifier">correct</baseValue></setOutcomeValue></responseIf></responseCondition><responseCondition><responseIf><and><match><baseValue baseType="identifier">correct</baseValue><variable identifier="FEEDBACKBASIC" /></match></and><setOutcomeValue identifier="FEEDBACKMODAL"><multiple><variable identifier="FEEDBACKMODAL" /><baseValue baseType="identifier">Feedback434473263</baseValue></multiple></setOutcomeValue></responseIf></responseCondition><responseCondition><responseIf><and><match><baseValue baseType="identifier">incorrect</baseValue><variable identifier="FEEDBACKBASIC" /></match></and><setOutcomeValue identifier="FEEDBACKMODAL"><multiple><variable identifier="FEEDBACKMODAL" /><baseValue baseType="identifier">Feedback124469950</baseValue></multiple></setOutcomeValue></responseIf></responseCondition></responseProcessing><modalFeedback  identifier="Feedback434473263" outcomeIdentifier="FEEDBACKMODAL" showHide="show" title="Richtig!" /><modalFeedback  identifier="Feedback124469950" outcomeIdentifier="FEEDBACKMODAL" showHide="show" title="Beachte:"><p>$$\qquad\qquad\qquad <printedVariable identifier="a" />^{\displaystyle\sin(<printedVariable identifier="b" />x)} = \mathrm e^{\displaystyle\ln<printedVariable identifier="a" />^{\displaystyle\sin(<printedVariable identifier="b" />x)}} = \mathrm e^{{\displaystyle\sin(<printedVariable identifier="b" />x)} \cdot \displaystyle\ln<printedVariable identifier="a" />}$$.</p><p> </p><p><strong>Lösung:</strong> $$\qquad f'(x) = \Big(\mathrm e^{{\displaystyle\sin(<printedVariable identifier="b" />x)} \cdot \displaystyle\ln<printedVariable identifier="a" />}\Big)' = \mathrm e^{{{\displaystyle\sin(<printedVariable identifier="b" />x)} \cdot \displaystyle\ln<printedVariable identifier="a" />}} \cdot \Big(<printedVariable identifier="b" />\cos(<printedVariable identifier="b" />x) \cdot \ln<printedVariable identifier="a" /> + \sin(<printedVariable identifier="b" />x) \cdot 0\Big) = <printedVariable identifier="a" />^{\displaystyle\sin(<printedVariable identifier="b" />x)} \cdot <printedVariable identifier="b" /> \cos(<printedVariable identifier="b" />x) \cdot \ln<printedVariable identifier="a" />$$.</p></modalFeedback></assessmentItem>
