<?xml version="1.0" encoding="UTF-8"?>
<assessmentItem xmlns="http://www.imsglobal.org/xsd/imsqti_v2p1" xmlns:xsi="http://www.w3.org/2001/XMLSchema-instance" xsi:schemaLocation="http://www.imsglobal.org/xsd/imsqti_v2p1 http://www.imsglobal.org/xsd/qti/qtiv2p1/imsqti_v2p1p1.xsd http://www.w3.org/1998/Math/MathML http://www.w3.org/Math/XMLSchema/mathml2/mathml2.xsd" identifier="id2f2f6dc7-6dd1-4427-a5ed-1284f6d36146" title="Kreuz- und Spatprodukt_01" adaptive="false" timeDependent="false"><responseDeclaration identifier="RESPONSE_1415997918405" cardinality="single" baseType="string" /><responseDeclaration identifier="RESPONSE_1415997950073" cardinality="single" baseType="string" /><responseDeclaration identifier="RESPONSE_1386234384980" cardinality="single" baseType="string" /><responseDeclaration identifier="RESPONSE_1386234366066" cardinality="single" baseType="string" /><responseDeclaration identifier="RESPONSE_1386234375673" cardinality="single" baseType="string" /><responseDeclaration identifier="RESPONSE_1386234384980_54310" cardinality="single" baseType="string" /><responseDeclaration identifier="RESPONSE_1415996042961" cardinality="single" baseType="string" /><responseDeclaration identifier="RESPONSE_1415998046230" cardinality="single" baseType="string" /><responseDeclaration identifier="RESPONSE_1415998091960" cardinality="single" baseType="string" /><responseDeclaration identifier="RESPONSE_1415998125143" cardinality="single" baseType="string" /><responseDeclaration identifier="RESPONSE_1415998165106" cardinality="single" baseType="string" /><responseDeclaration identifier="RESPONSE_1415998194747" cardinality="single" baseType="string" /><responseDeclaration identifier="RESPONSE_1415998222848" cardinality="single" baseType="string" /><outcomeDeclaration identifier="SCORE" cardinality="single" baseType="float"><defaultValue><value>0</value></defaultValue></outcomeDeclaration><outcomeDeclaration identifier="MAXSCORE" cardinality="single" baseType="float"><defaultValue><value>7</value></defaultValue></outcomeDeclaration><outcomeDeclaration identifier="FEEDBACKBASIC" cardinality="single" baseType="identifier" view="testConstructor"><defaultValue><value>empty</value></defaultValue></outcomeDeclaration><outcomeDeclaration identifier="FEEDBACKMODAL" cardinality="multiple" baseType="identifier" view="testConstructor" /><templateDeclaration identifier="a1" cardinality="single" baseType="integer" /><templateDeclaration identifier="a2" cardinality="single" baseType="integer" /><templateDeclaration identifier="a3" cardinality="single" baseType="integer" /><templateDeclaration identifier="b1" cardinality="single" baseType="integer" /><templateDeclaration identifier="b2" cardinality="single" baseType="integer" /><templateDeclaration identifier="b3" cardinality="single" baseType="integer" /><templateDeclaration identifier="c1" cardinality="single" baseType="integer" /><templateDeclaration identifier="c2" cardinality="single" baseType="integer" /><templateDeclaration identifier="c3" cardinality="single" baseType="integer" /><templateDeclaration identifier="axb1" cardinality="single" baseType="integer" /><templateDeclaration identifier="axb2" cardinality="single" baseType="integer" /><templateDeclaration identifier="axb3" cardinality="single" baseType="integer" /><templateDeclaration identifier="abc" cardinality="single" baseType="integer" /><templateDeclaration identifier="axxbxc1" cardinality="single" baseType="integer" /><templateDeclaration identifier="axxbxc2" cardinality="single" baseType="integer" /><templateDeclaration identifier="axxbxc3" cardinality="single" baseType="integer" /><templateDeclaration identifier="bxc1" cardinality="single" baseType="integer" /><templateDeclaration identifier="bxc2" cardinality="single" baseType="integer" /><templateDeclaration identifier="bxc3" cardinality="single" baseType="integer" /><templateDeclaration identifier="axbxxc1" cardinality="single" baseType="integer" /><templateDeclaration identifier="axbxxc2" cardinality="single" baseType="integer" /><templateDeclaration identifier="axbxxc3" cardinality="single" baseType="integer" /><templateProcessing><setTemplateValue identifier="a1"><random><multiple><baseValue baseType="integer">-5</baseValue><baseValue baseType="integer">-4</baseValue><baseValue baseType="integer">-3</baseValue><baseValue baseType="integer">-2</baseValue><baseValue baseType="integer">-1</baseValue><baseValue baseType="integer">1</baseValue><baseValue baseType="integer">2</baseValue><baseValue baseType="integer">3</baseValue><baseValue baseType="integer">4</baseValue><baseValue baseType="integer">5</baseValue></multiple></random></setTemplateValue><setTemplateValue identifier="a2"><random><multiple><baseValue baseType="integer">-5</baseValue><baseValue baseType="integer">-4</baseValue><baseValue baseType="integer">-3</baseValue><baseValue baseType="integer">-2</baseValue><baseValue baseType="integer">-1</baseValue><baseValue baseType="integer">1</baseValue><baseValue baseType="integer">2</baseValue><baseValue baseType="integer">3</baseValue><baseValue baseType="integer">4</baseValue><baseValue baseType="integer">5</baseValue></multiple></random></setTemplateValue><setTemplateValue identifier="a3"><randomInteger min="-5" max="5" /></setTemplateValue><setTemplateValue identifier="b1"><randomInteger min="-5" max="5" /></setTemplateValue><setTemplateValue identifier="b2"><random><multiple><baseValue baseType="integer">-5</baseValue><baseValue baseType="integer">-4</baseValue><baseValue baseType="integer">-3</baseValue><baseValue baseType="integer">-2</baseValue><baseValue baseType="integer">-1</baseValue><baseValue baseType="integer">1</baseValue><baseValue baseType="integer">2</baseValue><baseValue baseType="integer">3</baseValue><baseValue baseType="integer">4</baseValue><baseValue baseType="integer">5</baseValue></multiple></random></setTemplateValue><setTemplateValue identifier="b3"><random><multiple><baseValue baseType="integer">-5</baseValue><baseValue baseType="integer">-4</baseValue><baseValue baseType="integer">-3</baseValue><baseValue baseType="integer">-2</baseValue><baseValue baseType="integer">-1</baseValue><baseValue baseType="integer">1</baseValue><baseValue baseType="integer">2</baseValue><baseValue baseType="integer">3</baseValue><baseValue baseType="integer">4</baseValue><baseValue baseType="integer">5</baseValue></multiple></random></setTemplateValue><setTemplateValue identifier="c1"><random><multiple><baseValue baseType="integer">-5</baseValue><baseValue baseType="integer">-4</baseValue><baseValue baseType="integer">-3</baseValue><baseValue baseType="integer">-2</baseValue><baseValue baseType="integer">-1</baseValue><baseValue baseType="integer">1</baseValue><baseValue baseType="integer">2</baseValue><baseValue baseType="integer">3</baseValue><baseValue baseType="integer">4</baseValue><baseValue baseType="integer">5</baseValue></multiple></random></setTemplateValue><setTemplateValue identifier="c2"><randomInteger min="-5" max="5" /></setTemplateValue><setTemplateValue identifier="c3"><random><multiple><baseValue baseType="integer">-5</baseValue><baseValue baseType="integer">-4</baseValue><baseValue baseType="integer">-3</baseValue><baseValue baseType="integer">-2</baseValue><baseValue baseType="integer">-1</baseValue><baseValue baseType="integer">1</baseValue><baseValue baseType="integer">2</baseValue><baseValue baseType="integer">3</baseValue><baseValue baseType="integer">4</baseValue><baseValue baseType="integer">5</baseValue></multiple></random></setTemplateValue><setTemplateValue identifier="axb1"><customOperator definition="MAXIMA" value="float($(1)*$(2)-$(3)*$(4));"><variable identifier="a2" /><variable identifier="b3" /><variable identifier="a3" /><variable identifier="b2" /></customOperator></setTemplateValue><setTemplateValue identifier="axb2"><customOperator definition="MAXIMA" value="float($(1)*$(2)-$(3)*$(4));"><variable identifier="a3" /><variable identifier="b1" /><variable identifier="a1" /><variable identifier="b3" /></customOperator></setTemplateValue><setTemplateValue identifier="axb3"><customOperator definition="MAXIMA" value="float($(1)*$(2)-$(3)*$(4));"><variable identifier="a1" /><variable identifier="b2" /><variable identifier="a2" /><variable identifier="b1" /></customOperator></setTemplateValue><setTemplateValue identifier="abc"><customOperator definition="MAXIMA" value="float($(1)*$(2)*$(3)+$(4)*$(5)*$(6)+$(7)*$(8)*$(9)-$(10)*$(11)*$(12)-$(13)*$(14)*$(15)-$(16)*$(17)*$(18));"><variable identifier="a1" /><variable identifier="b2" /><variable identifier="c3" /><variable identifier="a2" /><variable identifier="b3" /><variable identifier="c1" /><variable identifier="a3" /><variable identifier="b1" /><variable identifier="c2" /><variable identifier="a1" /><variable identifier="b3" /><variable identifier="c2" /><variable identifier="a2" /><variable identifier="b1" /><variable identifier="c3" /><variable identifier="a3" /><variable identifier="b2" /><variable identifier="c1" /></customOperator></setTemplateValue><setTemplateValue identifier="axxbxc1"><customOperator definition="MAXIMA" value="float($(1)*$(2)-$(3)*$(4));"><variable identifier="axb2" /><variable identifier="c3" /><variable identifier="axb3" /><variable identifier="c2" /></customOperator></setTemplateValue><setTemplateValue identifier="axxbxc2"><customOperator definition="MAXIMA" value="float($(1)*$(2)-$(3)*$(4));"><variable identifier="axb3" /><variable identifier="c1" /><variable identifier="axb1" /><variable identifier="c3" /></customOperator></setTemplateValue><setTemplateValue identifier="axxbxc3"><customOperator definition="MAXIMA" value="float($(1)*$(2)-$(3)*$(4));"><variable identifier="axb1" /><variable identifier="c2" /><variable identifier="axb2" /><variable identifier="c1" /></customOperator></setTemplateValue><setTemplateValue identifier="bxc1"><customOperator definition="MAXIMA" value="float($(1)*$(2)-$(3)*$(4));"><variable identifier="b2" /><variable identifier="c3" /><variable identifier="b3" /><variable identifier="c2" /></customOperator></setTemplateValue><setTemplateValue identifier="bxc2"><customOperator definition="MAXIMA" value="float($(1)*$(2)-$(3)*$(4));"><variable identifier="b3" /><variable identifier="c1" /><variable identifier="b1" /><variable identifier="c3" /></customOperator></setTemplateValue><setTemplateValue identifier="bxc3"><customOperator definition="MAXIMA" value="float($(1)*$(2)-$(3)*$(4));"><variable identifier="b1" /><variable identifier="c2" /><variable identifier="b2" /><variable identifier="c1" /></customOperator></setTemplateValue><setTemplateValue identifier="axbxxc1"><customOperator definition="MAXIMA" value="float($(1)*$(2)-$(3)*$(4));"><variable identifier="a2" /><variable identifier="bxc3" /><variable identifier="a3" /><variable identifier="bxc2" /></customOperator></setTemplateValue><setTemplateValue identifier="axbxxc2"><customOperator definition="MAXIMA" value="float($(1)*$(2)-$(3)*$(4));"><variable identifier="a3" /><variable identifier="bxc1" /><variable identifier="a1" /><variable identifier="bxc3" /></customOperator></setTemplateValue><setTemplateValue identifier="axbxxc3"><customOperator definition="MAXIMA" value="float($(1)*$(2)-$(3)*$(4));"><variable identifier="a1" /><variable identifier="bxc2" /><variable identifier="a2" /><variable identifier="bxc1" /></customOperator></setTemplateValue><setCorrectResponse identifier="RESPONSE_1415997918405"><customOperator definition="VARIABLESTRING" value="$(1)"><variable identifier="axb1" /></customOperator></setCorrectResponse><setCorrectResponse identifier="RESPONSE_1415997950073"><customOperator definition="VARIABLESTRING" value="$(1)"><variable identifier="axb2" /></customOperator></setCorrectResponse><setCorrectResponse identifier="RESPONSE_1386234384980"><customOperator definition="VARIABLESTRING" value="$(1)"><variable identifier="axb3" /></customOperator></setCorrectResponse><setCorrectResponse identifier="RESPONSE_1386234366066"><customOperator definition="VARIABLESTRING" value="$(1)"><variable identifier="bxc1" /></customOperator></setCorrectResponse><setCorrectResponse identifier="RESPONSE_1386234375673"><customOperator definition="VARIABLESTRING" value="$(1)"><variable identifier="bxc2" /></customOperator></setCorrectResponse><setCorrectResponse identifier="RESPONSE_1386234384980_54310"><customOperator definition="VARIABLESTRING" value="$(1)"><variable identifier="bxc3" /></customOperator></setCorrectResponse><setCorrectResponse identifier="RESPONSE_1415996042961"><customOperator definition="VARIABLESTRING" value="$(1)"><variable identifier="abc" /></customOperator></setCorrectResponse><setCorrectResponse identifier="RESPONSE_1415998046230"><customOperator definition="VARIABLESTRING" value="$(1)"><variable identifier="axxbxc1" /></customOperator></setCorrectResponse><setCorrectResponse identifier="RESPONSE_1415998091960"><customOperator definition="VARIABLESTRING" value="$(1)"><variable identifier="axxbxc2" /></customOperator></setCorrectResponse><setCorrectResponse identifier="RESPONSE_1415998125143"><customOperator definition="VARIABLESTRING" value="$(1)"><variable identifier="axxbxc3" /></customOperator></setCorrectResponse><setCorrectResponse identifier="RESPONSE_1415998165106"><customOperator definition="VARIABLESTRING" value="$(1)"><variable identifier="axbxxc1" /></customOperator></setCorrectResponse><setCorrectResponse identifier="RESPONSE_1415998194747"><customOperator definition="VARIABLESTRING" value="$(1)"><variable identifier="axbxxc2" /></customOperator></setCorrectResponse><setCorrectResponse identifier="RESPONSE_1415998222848"><customOperator definition="VARIABLESTRING" value="$(1)"><variable identifier="axbxxc3" /></customOperator></setCorrectResponse></templateProcessing><itemBody ><p><p>Gegeben sind die Vektoren \(\underline a=(<printedVariable identifier="a1" />,<printedVariable identifier="a2" />,<printedVariable identifier="a3" />)\), \(\underline b=(<printedVariable identifier="b1" />,<printedVariable identifier="b2" />,<printedVariable identifier="b3" />)\) und \(\underline c=(<printedVariable identifier="c1" />,<printedVariable identifier="c2" />,<printedVariable identifier="c3" />)\).</p><p>Berechnen Sie die folgenden Produkte:</p><p>\(\underline a\times\underline b = \) (<textEntryInteraction responseIdentifier="RESPONSE_1415997918405" expectedLength="2" />,<textEntryInteraction responseIdentifier="RESPONSE_1415997950073" expectedLength="2" />,<textEntryInteraction responseIdentifier="RESPONSE_1386234384980" expectedLength="2" />)</p><p>\(\underline b\times\underline c = \) (<textEntryInteraction responseIdentifier="RESPONSE_1386234366066" expectedLength="2" />,<textEntryInteraction responseIdentifier="RESPONSE_1386234375673" expectedLength="2" />,<textEntryInteraction responseIdentifier="RESPONSE_1386234384980_54310" expectedLength="2" />)</p><p>\([\underline a,\underline b, \underline c] = \) <textEntryInteraction responseIdentifier="RESPONSE_1415996042961" expectedLength="3" /></p><p>\((\underline a\times \underline b)\times\underline c = \) (<textEntryInteraction responseIdentifier="RESPONSE_1415998046230" expectedLength="2" />,<textEntryInteraction responseIdentifier="RESPONSE_1415998091960" expectedLength="2" />,<textEntryInteraction responseIdentifier="RESPONSE_1415998125143" expectedLength="2" />)</p><p>\(\underline a\times (\underline b\times\underline c) = \) (<textEntryInteraction responseIdentifier="RESPONSE_1415998165106" expectedLength="2" />,<textEntryInteraction responseIdentifier="RESPONSE_1415998194747" expectedLength="2" />,<textEntryInteraction responseIdentifier="RESPONSE_1415998222848" expectedLength="2" />)</p></p></itemBody><responseProcessing><responseCondition><responseIf><customOperator definition="MAXIMA" value="is(equal(ev($(1)),ev($(2))));"><variable identifier="RESPONSE_1415997918405" /><correct identifier="RESPONSE_1415997918405" /></customOperator><setOutcomeValue identifier="SCORE"><sum><variable identifier="SCORE" /><baseValue baseType="float">0.5</baseValue></sum></setOutcomeValue></responseIf></responseCondition><responseCondition><responseIf><not><isNull><variable identifier="RESPONSE_1415997918405" /></isNull></not><setOutcomeValue identifier="FEEDBACKBASIC"><baseValue baseType="identifier">incorrect</baseValue></setOutcomeValue></responseIf></responseCondition><responseCondition><responseIf><customOperator definition="MAXIMA" value="is(equal(ev($(1)),ev($(2))));"><variable identifier="RESPONSE_1415997950073" /><correct identifier="RESPONSE_1415997950073" /></customOperator><setOutcomeValue identifier="SCORE"><sum><variable identifier="SCORE" /><baseValue baseType="float">0.5</baseValue></sum></setOutcomeValue></responseIf></responseCondition><responseCondition><responseIf><not><isNull><variable identifier="RESPONSE_1415997950073" /></isNull></not><setOutcomeValue identifier="FEEDBACKBASIC"><baseValue baseType="identifier">incorrect</baseValue></setOutcomeValue></responseIf></responseCondition><responseCondition><responseIf><customOperator definition="MAXIMA" value="is(equal(ev($(1)),ev($(2))));"><variable identifier="RESPONSE_1386234384980" /><correct identifier="RESPONSE_1386234384980" /></customOperator><setOutcomeValue identifier="SCORE"><sum><variable identifier="SCORE" /><baseValue baseType="float">0.5</baseValue></sum></setOutcomeValue></responseIf></responseCondition><responseCondition><responseIf><not><isNull><variable identifier="RESPONSE_1386234384980" /></isNull></not><setOutcomeValue identifier="FEEDBACKBASIC"><baseValue baseType="identifier">incorrect</baseValue></setOutcomeValue></responseIf></responseCondition><responseCondition><responseIf><customOperator definition="MAXIMA" value="is(equal(ev($(1)),ev($(2))));"><variable identifier="RESPONSE_1386234366066" /><correct identifier="RESPONSE_1386234366066" /></customOperator><setOutcomeValue identifier="SCORE"><sum><variable identifier="SCORE" /><baseValue baseType="float">0.5</baseValue></sum></setOutcomeValue></responseIf></responseCondition><responseCondition><responseIf><not><isNull><variable identifier="RESPONSE_1386234366066" /></isNull></not><setOutcomeValue identifier="FEEDBACKBASIC"><baseValue baseType="identifier">incorrect</baseValue></setOutcomeValue></responseIf></responseCondition><responseCondition><responseIf><customOperator definition="MAXIMA" value="is(equal(ev($(1)),ev($(2))));"><variable identifier="RESPONSE_1386234375673" /><correct identifier="RESPONSE_1386234375673" /></customOperator><setOutcomeValue identifier="SCORE"><sum><variable identifier="SCORE" /><baseValue baseType="float">0.5</baseValue></sum></setOutcomeValue></responseIf></responseCondition><responseCondition><responseIf><not><isNull><variable identifier="RESPONSE_1386234375673" /></isNull></not><setOutcomeValue identifier="FEEDBACKBASIC"><baseValue baseType="identifier">incorrect</baseValue></setOutcomeValue></responseIf></responseCondition><responseCondition><responseIf><customOperator definition="MAXIMA" value="is(equal(ev($(1)),ev($(2))));"><variable identifier="RESPONSE_1386234384980_54310" /><correct identifier="RESPONSE_1386234384980_54310" /></customOperator><setOutcomeValue identifier="SCORE"><sum><variable identifier="SCORE" /><baseValue baseType="float">0.5</baseValue></sum></setOutcomeValue></responseIf></responseCondition><responseCondition><responseIf><not><isNull><variable identifier="RESPONSE_1386234384980_54310" /></isNull></not><setOutcomeValue identifier="FEEDBACKBASIC"><baseValue baseType="identifier">incorrect</baseValue></setOutcomeValue></responseIf></responseCondition><responseCondition><responseIf><customOperator definition="MAXIMA" value="is(equal(ev($(1)),ev($(2))));"><variable identifier="RESPONSE_1415996042961" /><correct identifier="RESPONSE_1415996042961" /></customOperator><setOutcomeValue identifier="SCORE"><sum><variable identifier="SCORE" /><baseValue baseType="float">1</baseValue></sum></setOutcomeValue></responseIf></responseCondition><responseCondition><responseIf><not><isNull><variable identifier="RESPONSE_1415996042961" /></isNull></not><setOutcomeValue identifier="FEEDBACKBASIC"><baseValue baseType="identifier">incorrect</baseValue></setOutcomeValue></responseIf></responseCondition><responseCondition><responseIf><customOperator definition="MAXIMA" value="is(equal(ev($(1)),ev($(2))));"><variable identifier="RESPONSE_1415998046230" /><correct identifier="RESPONSE_1415998046230" /></customOperator><setOutcomeValue identifier="SCORE"><sum><variable identifier="SCORE" /><baseValue baseType="float">0.5</baseValue></sum></setOutcomeValue></responseIf></responseCondition><responseCondition><responseIf><not><isNull><variable identifier="RESPONSE_1415998046230" /></isNull></not><setOutcomeValue identifier="FEEDBACKBASIC"><baseValue baseType="identifier">incorrect</baseValue></setOutcomeValue></responseIf></responseCondition><responseCondition><responseIf><customOperator definition="MAXIMA" value="is(equal(ev($(1)),ev($(2))));"><variable identifier="RESPONSE_1415998091960" /><correct identifier="RESPONSE_1415998091960" /></customOperator><setOutcomeValue identifier="SCORE"><sum><variable identifier="SCORE" /><baseValue baseType="float">0.5</baseValue></sum></setOutcomeValue></responseIf></responseCondition><responseCondition><responseIf><not><isNull><variable identifier="RESPONSE_1415998091960" /></isNull></not><setOutcomeValue identifier="FEEDBACKBASIC"><baseValue baseType="identifier">incorrect</baseValue></setOutcomeValue></responseIf></responseCondition><responseCondition><responseIf><customOperator definition="MAXIMA" value="is(equal(ev($(1)),ev($(2))));"><variable identifier="RESPONSE_1415998125143" /><correct identifier="RESPONSE_1415998125143" /></customOperator><setOutcomeValue identifier="SCORE"><sum><variable identifier="SCORE" /><baseValue baseType="float">0.5</baseValue></sum></setOutcomeValue></responseIf></responseCondition><responseCondition><responseIf><not><isNull><variable identifier="RESPONSE_1415998125143" /></isNull></not><setOutcomeValue identifier="FEEDBACKBASIC"><baseValue baseType="identifier">incorrect</baseValue></setOutcomeValue></responseIf></responseCondition><responseCondition><responseIf><customOperator definition="MAXIMA" value="is(equal(ev($(1)),ev($(2))));"><variable identifier="RESPONSE_1415998165106" /><correct identifier="RESPONSE_1415998165106" /></customOperator><setOutcomeValue identifier="SCORE"><sum><variable identifier="SCORE" /><baseValue baseType="float">0.5</baseValue></sum></setOutcomeValue></responseIf></responseCondition><responseCondition><responseIf><not><isNull><variable identifier="RESPONSE_1415998165106" /></isNull></not><setOutcomeValue identifier="FEEDBACKBASIC"><baseValue baseType="identifier">incorrect</baseValue></setOutcomeValue></responseIf></responseCondition><responseCondition><responseIf><customOperator definition="MAXIMA" value="is(equal(ev($(1)),ev($(2))));"><variable identifier="RESPONSE_1415998194747" /><correct identifier="RESPONSE_1415998194747" /></customOperator><setOutcomeValue identifier="SCORE"><sum><variable identifier="SCORE" /><baseValue baseType="float">0.5</baseValue></sum></setOutcomeValue></responseIf></responseCondition><responseCondition><responseIf><not><isNull><variable identifier="RESPONSE_1415998194747" /></isNull></not><setOutcomeValue identifier="FEEDBACKBASIC"><baseValue baseType="identifier">incorrect</baseValue></setOutcomeValue></responseIf></responseCondition><responseCondition><responseIf><customOperator definition="MAXIMA" value="is(equal(ev($(1)),ev($(2))));"><variable identifier="RESPONSE_1415998222848" /><correct identifier="RESPONSE_1415998222848" /></customOperator><setOutcomeValue identifier="SCORE"><sum><variable identifier="SCORE" /><baseValue baseType="float">0.5</baseValue></sum></setOutcomeValue></responseIf></responseCondition><responseCondition><responseIf><not><isNull><variable identifier="RESPONSE_1415998222848" /></isNull></not><setOutcomeValue identifier="FEEDBACKBASIC"><baseValue baseType="identifier">incorrect</baseValue></setOutcomeValue></responseIf></responseCondition><responseCondition><responseIf><and><not><match><variable identifier="FEEDBACKBASIC" /><baseValue baseType="identifier">empty</baseValue></match></not><equal toleranceMode="exact"><variable identifier="SCORE" /><variable identifier="MAXSCORE" /></equal></and><setOutcomeValue identifier="FEEDBACKBASIC"><baseValue baseType="identifier">correct</baseValue></setOutcomeValue></responseIf></responseCondition><responseCondition><responseIf><and><match><baseValue baseType="identifier">correct</baseValue><variable identifier="FEEDBACKBASIC" /></match></and><setOutcomeValue identifier="FEEDBACKMODAL"><multiple><variable identifier="FEEDBACKMODAL" /><baseValue baseType="identifier">Feedback214281474</baseValue></multiple></setOutcomeValue></responseIf></responseCondition><responseCondition><responseIf><and><match><baseValue baseType="identifier">incorrect</baseValue><variable identifier="FEEDBACKBASIC" /></match></and><setOutcomeValue identifier="FEEDBACKMODAL"><multiple><variable identifier="FEEDBACKMODAL" /><baseValue baseType="identifier">Feedback98657499</baseValue></multiple></setOutcomeValue></responseIf></responseCondition></responseProcessing><modalFeedback  identifier="Feedback214281474" outcomeIdentifier="FEEDBACKMODAL" showHide="show" title="Richtig!" /><modalFeedback  identifier="Feedback98657499" outcomeIdentifier="FEEDBACKMODAL" showHide="show" title="Leider nicht alles richtig!" /></assessmentItem>
