<?xml version="1.0" encoding="UTF-8"?>
<assessmentItem xmlns="http://www.imsglobal.org/xsd/imsqti_v2p1" xmlns:xsi="http://www.w3.org/2001/XMLSchema-instance" xsi:schemaLocation="http://www.imsglobal.org/xsd/imsqti_v2p1 http://www.imsglobal.org/xsd/qti/qtiv2p1/imsqti_v2p1p1.xsd http://www.w3.org/1998/Math/MathML http://www.w3.org/Math/XMLSchema/mathml2/mathml2.xsd" identifier="idcde8725c-b443-4162-9030-3f8847fadd25" title="DeterminanteGrundlagen1" adaptive="false" timeDependent="false"><responseDeclaration identifier="RESPONSE_1" cardinality="multiple" baseType="identifier"><correctResponse><value>id32516b82-e300-4791-a8a0-575ae7dc9829</value><value>idad9bf28d-d347-4b9c-b1e4-4123e620d2c9</value><value>id323b6274-6886-470b-b1a8-9ccad2c9b517</value><value>id3e77e38e-9af4-47bd-9ad2-285f685de489</value><value>id5fc4ec29-849c-4e30-90c9-60923b890100</value><value>id624039d8-a4d2-418a-92dd-a0b584e50a05</value><value>id389d90cd-07a7-4899-b4ef-9e90937bf25e</value><value>id117b4713-59cf-4f19-bef7-f447f2659598</value><value>id9e0510b2-72ab-4845-a818-667ad5933d2f</value></correctResponse></responseDeclaration><outcomeDeclaration identifier="SCORE" cardinality="single" baseType="float"><defaultValue><value>0</value></defaultValue></outcomeDeclaration><outcomeDeclaration identifier="MAXSCORE" cardinality="single" baseType="float"><defaultValue><value>16</value></defaultValue></outcomeDeclaration><outcomeDeclaration identifier="FEEDBACKBASIC" cardinality="single" baseType="identifier"><defaultValue><value>empty</value></defaultValue></outcomeDeclaration><outcomeDeclaration identifier="FEEDBACKMODAL" cardinality="multiple" baseType="identifier" view="testConstructor" /><itemBody ><p><strong>Welche der folgenden Aussagen über Determinanten von nxn - Matrizen  sind wahr:</strong></p><choiceInteraction responseIdentifier="RESPONSE_1" shuffle="true" maxChoices="0"><simpleChoice identifier="id32516b82-e300-4791-a8a0-575ae7dc9829"><p>Die Determinante einer nxn Matrix mit ganzzahligen Einträgen ist immer eine ganze Zahl, auch wenn negative Einträge dabei sind.</p></simpleChoice><simpleChoice identifier="id15a83f8b-3502-4c96-a6b6-8e61ac270f59"><p>Wenn man eine Zeile oder Spalte mit einer reellen Zahl multipliziert, ändert sich die Determinante nicht.</p><p> </p></simpleChoice><simpleChoice identifier="idad9bf28d-d347-4b9c-b1e4-4123e620d2c9"><p>Wenn man ein beliebiges Vielfaches von einer Zeile (Spalte) von einer anderen Zeile(Spalte) abzieht, ändert sich die Determinante nicht.</p></simpleChoice><simpleChoice identifier="id57f88627-a6b4-4a75-90f1-e01f11252567"><p>Wenn man zwei Zeilen(Spalten) der Matrix  vertauscht, ändert sich die Determinante nicht.</p></simpleChoice><simpleChoice identifier="id323b6274-6886-470b-b1a8-9ccad2c9b517"><p>Wenn zwei Zeilen(Spalten) einer Matrix gleich sind, dann ist die Determinante 0.</p><p> </p></simpleChoice><simpleChoice identifier="idb5bd4c3c-e29c-4088-8027-79b1fb0b7ada"><p>Seien a<sub>1</sub>, ..., a<sub>n</sub> die Spalten einer Matrix A.  Seien r eine reelle Zahl und a<sub>s</sub> eine beliebige Spalte von A. Wenn man dann die Spalte a<sub>s</sub> mit r multipliziert, dann gilt</p><p>Det( ( a<sub>1</sub>, ... , r * a<sub>s</sub>, ... , a<sub>n</sub>) ) = r<sup>n</sup> Det(A).</p><p><strong> </strong></p></simpleChoice><simpleChoice identifier="id3e77e38e-9af4-47bd-9ad2-285f685de489"><p>Wenn das System der Zeilen (Spalten) einer quadratischen Matrix linear abhängig ist, dann ist die Determinante 0.</p></simpleChoice><simpleChoice identifier="id2764d2c1-e4b5-4d57-ae72-e3095ec61444"><p>Seien A, B nxn Matrizen. Wenn gilt \( Det (A) = \frac{1}{Det(B)}\), dann muß B die inverse von A sein.</p></simpleChoice><simpleChoice identifier="id5fc4ec29-849c-4e30-90c9-60923b890100"><p>Seien A, B nxn Matrizen mit A B = E (E nxn Einheitsmatrix).  Dann gilt \(Det(A) = \frac{1}{Det(B)}\)</p></simpleChoice><simpleChoice identifier="idac98e616-3ca2-4a44-83ef-228abe86a1db"><p>Seien A, B , C nxn Matrizen. Dann gilt  AB = C genau dann wenn  Det(C) = Det(A)Det(B).</p><p> </p></simpleChoice><simpleChoice identifier="idf287ac20-1e6a-4c0d-b417-dcbf1c6cf904"><p> </p><p>Seien A, B , C nxn Matrizen. Es gelte AB = C. mit einer nicht invertierbaren Matrix C. Dann gilt</p><p>det(A) = 0.</p></simpleChoice><simpleChoice identifier="id624039d8-a4d2-418a-92dd-a0b584e50a05"><p> </p><p>Seien A, B , C nxn Matrizen. Es gelte AB = C. mit einer invertierbaren Matrix C. Dann gilt</p><p>det(A) ungleich 0 und auch B muß  invertierbar sein.</p></simpleChoice><simpleChoice identifier="id389d90cd-07a7-4899-b4ef-9e90937bf25e"><p>Die Determinante der Transponierten einer Matrix A ist gleich der Determinante der von A.</p></simpleChoice><simpleChoice identifier="id8b9f0847-7a76-48be-a7e7-0a0cfb50306c"><p>Seien a, b, c drei Spaltenvektoren aus dem R<sup>3</sup>. Falls Det( {a,b,c} ) =  0 ist, dann sind a, b, c linear abhängig und dann müssen auch die Vektoren a, b linear abhängig sein.</p></simpleChoice><simpleChoice identifier="id117b4713-59cf-4f19-bef7-f447f2659598"><p>n Spaltenvektoren a<sub>1</sub>, ..., a<sub>n</sub> aus dem R<sup>n</sup> sind genau dann linear unabhängig wenn die Determinante der Matrix A = {a<sub>1</sub>, ..., a<sub>n</sub>} verschieden von Null ist.</p></simpleChoice><simpleChoice identifier="id9e0510b2-72ab-4845-a818-667ad5933d2f"><p>Die nxn Matrix A ist genau dann invertierbar, wenn die Determinante von A ungleich 0 ist.</p></simpleChoice></choiceInteraction></itemBody><responseProcessing><responseCondition><responseIf><isNull><variable identifier="RESPONSE_1" /></isNull><setOutcomeValue identifier="FEEDBACKBASIC"><baseValue baseType="identifier">empty</baseValue></setOutcomeValue></responseIf><responseElseIf><match><variable identifier="RESPONSE_1" /><correct identifier="RESPONSE_1" /></match><setOutcomeValue identifier="SCORE"><sum><variable identifier="SCORE" /><variable identifier="MAXSCORE" /></sum></setOutcomeValue><setOutcomeValue identifier="FEEDBACKBASIC"><baseValue baseType="identifier">correct</baseValue></setOutcomeValue></responseElseIf><responseElse><setOutcomeValue identifier="FEEDBACKBASIC"><baseValue baseType="identifier">incorrect</baseValue></setOutcomeValue></responseElse></responseCondition><responseCondition><responseIf><and><equal toleranceMode="exact"><variable identifier="SCORE" /><baseValue baseType="float">0</baseValue></equal></and><setOutcomeValue identifier="FEEDBACKMODAL"><multiple><variable identifier="FEEDBACKMODAL" /><baseValue baseType="identifier">Feedback34627351</baseValue></multiple></setOutcomeValue></responseIf></responseCondition><responseCondition><responseIf><and><equal toleranceMode="exact"><variable identifier="SCORE" /><baseValue baseType="float">0</baseValue></equal></and><setOutcomeValue identifier="FEEDBACKMODAL"><multiple><variable identifier="FEEDBACKMODAL" /><baseValue baseType="identifier">Feedback13819920</baseValue></multiple></setOutcomeValue></responseIf></responseCondition><responseCondition><responseIf><and><equal toleranceMode="exact"><variable identifier="SCORE" /><baseValue baseType="float">0</baseValue></equal></and><setOutcomeValue identifier="FEEDBACKMODAL"><multiple><variable identifier="FEEDBACKMODAL" /><baseValue baseType="identifier">Feedback343161564</baseValue></multiple></setOutcomeValue></responseIf></responseCondition></responseProcessing><modalFeedback  identifier="Feedback34627351" outcomeIdentifier="FEEDBACKMODAL" showHide="show" /><modalFeedback  identifier="Feedback13819920" outcomeIdentifier="FEEDBACKMODAL" showHide="show" /><modalFeedback  identifier="Feedback343161564" outcomeIdentifier="FEEDBACKMODAL" showHide="show" /></assessmentItem>
