<?xml version="1.0" encoding="UTF-8"?>
<assessmentItem xmlns="http://www.imsglobal.org/xsd/imsqti_v2p1" xmlns:xsi="http://www.w3.org/2001/XMLSchema-instance" xsi:schemaLocation="http://www.imsglobal.org/xsd/imsqti_v2p1 http://www.imsglobal.org/xsd/qti/qtiv2p1/imsqti_v2p1p1.xsd http://www.w3.org/1998/Math/MathML http://www.w3.org/Math/XMLSchema/mathml2/mathml2.xsd" identifier="id2f40343b-fec1-4c71-aa63-87b4ba255942" title="Wahrheitstabelle" adaptive="false" timeDependent="false"><responseDeclaration identifier="RESPONSE_1406187265602" cardinality="single" baseType="string"><correctResponse><value>w</value></correctResponse><mapping defaultValue="0"><mapEntry mapKey="w" mappedValue="1" /><mapEntry mapKey="1" mappedValue="1" /><mapEntry mapKey="wahr" mappedValue="1" /><mapEntry mapKey="Wahr" mappedValue="1" /></mapping></responseDeclaration><responseDeclaration identifier="RESPONSE_1406187552916" cardinality="single" baseType="string"><correctResponse><value>w</value></correctResponse><mapping defaultValue="0"><mapEntry mapKey="w" mappedValue="1" /><mapEntry mapKey="1" mappedValue="1" /></mapping></responseDeclaration><responseDeclaration identifier="RESPONSE_1406187315244" cardinality="single" baseType="string"><correctResponse><value>f</value></correctResponse><mapping defaultValue="0"><mapEntry mapKey="f" mappedValue="1" /><mapEntry mapKey="falsch" mappedValue="1" /><mapEntry mapKey="0" mappedValue="1" /><mapEntry mapKey="Null" mappedValue="1" /><mapEntry mapKey="null" mappedValue="1" /></mapping></responseDeclaration><responseDeclaration identifier="RESPONSE_1406187567275" cardinality="single" baseType="string"><correctResponse><value>f</value></correctResponse><mapping defaultValue="0"><mapEntry mapKey="f" mappedValue="1" /><mapEntry mapKey="0" mappedValue="1" /></mapping></responseDeclaration><responseDeclaration identifier="RESPONSE_1406187361474" cardinality="single" baseType="string"><correctResponse><value>f</value></correctResponse><mapping defaultValue="0"><mapEntry mapKey="f" mappedValue="1" /><mapEntry mapKey="falsch" mappedValue="1" /><mapEntry mapKey="0" mappedValue="1" /><mapEntry mapKey="Null" mappedValue="1" /><mapEntry mapKey="null" mappedValue="1" /></mapping></responseDeclaration><responseDeclaration identifier="RESPONSE_1406187581098" cardinality="single" baseType="string"><correctResponse><value>w</value></correctResponse><mapping defaultValue="0"><mapEntry mapKey="w" mappedValue="1" /><mapEntry mapKey="1" mappedValue="1" /></mapping></responseDeclaration><responseDeclaration identifier="RESPONSE_1406187396269" cardinality="single" baseType="string"><correctResponse><value>f</value></correctResponse><mapping defaultValue="0"><mapEntry mapKey="f" mappedValue="1" /><mapEntry mapKey="falsch" mappedValue="1" /><mapEntry mapKey="0" mappedValue="1" /><mapEntry mapKey="Null" mappedValue="1" /><mapEntry mapKey="null" mappedValue="1" /></mapping></responseDeclaration><responseDeclaration identifier="RESPONSE_1406187594138" cardinality="single" baseType="string"><correctResponse><value>f</value></correctResponse><mapping defaultValue="0"><mapEntry mapKey="f" mappedValue="1" /><mapEntry mapKey="0" mappedValue="1" /></mapping></responseDeclaration><responseDeclaration identifier="RESPONSE_1406187423815" cardinality="single" baseType="string"><correctResponse><value>w</value></correctResponse><mapping defaultValue="0"><mapEntry mapKey="w" mappedValue="1" /><mapEntry mapKey="wahr" mappedValue="1" /><mapEntry mapKey="1" mappedValue="1" /><mapEntry mapKey="Eins" mappedValue="1" /><mapEntry mapKey="eins" mappedValue="1" /></mapping></responseDeclaration><responseDeclaration identifier="RESPONSE_1406187606736" cardinality="single" baseType="string"><correctResponse><value>f</value></correctResponse><mapping defaultValue="0"><mapEntry mapKey="f" mappedValue="1" /><mapEntry mapKey="0" mappedValue="1" /></mapping></responseDeclaration><responseDeclaration identifier="RESPONSE_1406187450649" cardinality="single" baseType="string"><correctResponse><value>w</value></correctResponse><mapping defaultValue="0"><mapEntry mapKey="w" mappedValue="1" /><mapEntry mapKey="1" mappedValue="1" /><mapEntry mapKey="wahr" mappedValue="1" /><mapEntry mapKey="Wahr" mappedValue="1" /></mapping></responseDeclaration><responseDeclaration identifier="RESPONSE_1406187629935" cardinality="single" baseType="string"><correctResponse><value>f</value></correctResponse><mapping defaultValue="0"><mapEntry mapKey="f" mappedValue="1" /><mapEntry mapKey="0" mappedValue="1" /></mapping></responseDeclaration><responseDeclaration identifier="RESPONSE_1406187477457" cardinality="single" baseType="string"><correctResponse><value>f</value></correctResponse><mapping defaultValue="0"><mapEntry mapKey="f" mappedValue="1" /><mapEntry mapKey="falsch" mappedValue="1" /><mapEntry mapKey="Null" mappedValue="1" /><mapEntry mapKey="0" mappedValue="1" /><mapEntry mapKey="null" mappedValue="1" /></mapping></responseDeclaration><responseDeclaration identifier="RESPONSE_1406187643023" cardinality="single" baseType="string"><correctResponse><value>w</value></correctResponse><mapping defaultValue="0"><mapEntry mapKey="w" mappedValue="1" /><mapEntry mapKey="1" mappedValue="1" /></mapping></responseDeclaration><responseDeclaration identifier="RESPONSE_1406187501378" cardinality="single" baseType="string"><correctResponse><value>w</value></correctResponse><mapping defaultValue="0"><mapEntry mapKey="w" mappedValue="1" /><mapEntry mapKey="wahr" mappedValue="1" /><mapEntry mapKey="1" mappedValue="1" /></mapping></responseDeclaration><responseDeclaration identifier="RESPONSE_1406187656820" cardinality="single" baseType="string"><correctResponse><value>w</value></correctResponse><mapping defaultValue="0"><mapEntry mapKey="w" mappedValue="1" /><mapEntry mapKey="1" mappedValue="1" /></mapping></responseDeclaration><outcomeDeclaration identifier="SCORE" cardinality="single" baseType="float"><defaultValue><value>0</value></defaultValue></outcomeDeclaration><outcomeDeclaration identifier="MAXSCORE" cardinality="single" baseType="float"><defaultValue><value>16</value></defaultValue></outcomeDeclaration><outcomeDeclaration identifier="FEEDBACKBASIC" cardinality="single" baseType="identifier" view="testConstructor"><defaultValue><value>empty</value></defaultValue></outcomeDeclaration><templateDeclaration identifier="var1" cardinality="single" baseType="integer" /><templateDeclaration identifier="var2" cardinality="single" baseType="integer" /><templateDeclaration identifier="solution" cardinality="single" baseType="integer" /><templateProcessing><setTemplateValue identifier="var1"><randomInteger min="1" max="10" /></setTemplateValue><setTemplateValue identifier="var2"><randomInteger min="1" max="10" /></setTemplateValue><setTemplateValue identifier="solution"><customOperator definition="MAXIMA" value="float($(1)+$(2));"><variable identifier="var1" /><variable identifier="var2" /></customOperator></setTemplateValue></templateProcessing><itemBody ><p>Stellen Sie die Wahrheitstabellen für die folgenden Aussagenmuster auf:</p><p>a.) \[ ( p \rightarrow r) \land (r \rightarrow q) \]</p><p>b.) \[(r \land p) \lor ( \overline{q} \lor \overline{p} ) \]</p><p>Wahrheitstabellen: Tragen sie die Wahrheitswerte w für wahr und f für falsch ein:</p><table border="1" width="60%"><tbody><tr><td>p</td><td>q</td><td>r</td><td>\( ( p \rightarrow r) \land (r \rightarrow q) \)</td><td>\((r \land p) \lor ( \overline{q} \lor \overline{p} ) \)</td></tr><tr><td>w</td><td>w</td><td>w</td><td><textEntryInteraction responseIdentifier="RESPONSE_1406187265602" /></td><td><textEntryInteraction responseIdentifier="RESPONSE_1406187552916" /></td></tr><tr><td>w</td><td>w</td><td>f</td><td><textEntryInteraction responseIdentifier="RESPONSE_1406187315244" /></td><td><textEntryInteraction responseIdentifier="RESPONSE_1406187567275" /></td></tr><tr><td>w</td><td>f</td><td>w</td><td><textEntryInteraction responseIdentifier="RESPONSE_1406187361474" /></td><td><textEntryInteraction responseIdentifier="RESPONSE_1406187581098" /></td></tr><tr><td>w</td><td>f</td><td>f</td><td><textEntryInteraction responseIdentifier="RESPONSE_1406187396269" /></td><td><textEntryInteraction responseIdentifier="RESPONSE_1406187594138" /></td></tr><tr><td>f</td><td>w</td><td>w</td><td><textEntryInteraction responseIdentifier="RESPONSE_1406187423815" /></td><td><textEntryInteraction responseIdentifier="RESPONSE_1406187606736" /></td></tr><tr><td>f</td><td>w</td><td>f</td><td><textEntryInteraction responseIdentifier="RESPONSE_1406187450649" /></td><td><textEntryInteraction responseIdentifier="RESPONSE_1406187629935" /></td></tr><tr><td>f</td><td>f</td><td>w</td><td><textEntryInteraction responseIdentifier="RESPONSE_1406187477457" /></td><td><textEntryInteraction responseIdentifier="RESPONSE_1406187643023" /></td></tr><tr><td>f</td><td>f</td><td>f</td><td><textEntryInteraction responseIdentifier="RESPONSE_1406187501378" /></td><td><textEntryInteraction responseIdentifier="RESPONSE_1406187656820" /></td></tr></tbody></table></itemBody><responseProcessing><responseCondition><responseIf><not><isNull><variable identifier="RESPONSE_1406187265602" /></isNull></not><setOutcomeValue identifier="SCORE"><sum><variable identifier="SCORE" /><mapResponse identifier="RESPONSE_1406187265602" /></sum></setOutcomeValue><setOutcomeValue identifier="FEEDBACKBASIC"><baseValue baseType="identifier">incorrect</baseValue></setOutcomeValue></responseIf></responseCondition><responseCondition><responseIf><not><isNull><variable identifier="RESPONSE_1406187552916" /></isNull></not><setOutcomeValue identifier="SCORE"><sum><variable identifier="SCORE" /><mapResponse identifier="RESPONSE_1406187552916" /></sum></setOutcomeValue><setOutcomeValue identifier="FEEDBACKBASIC"><baseValue baseType="identifier">incorrect</baseValue></setOutcomeValue></responseIf></responseCondition><responseCondition><responseIf><not><isNull><variable identifier="RESPONSE_1406187315244" /></isNull></not><setOutcomeValue identifier="SCORE"><sum><variable identifier="SCORE" /><mapResponse identifier="RESPONSE_1406187315244" /></sum></setOutcomeValue><setOutcomeValue identifier="FEEDBACKBASIC"><baseValue baseType="identifier">incorrect</baseValue></setOutcomeValue></responseIf></responseCondition><responseCondition><responseIf><not><isNull><variable identifier="RESPONSE_1406187567275" /></isNull></not><setOutcomeValue identifier="SCORE"><sum><variable identifier="SCORE" /><mapResponse identifier="RESPONSE_1406187567275" /></sum></setOutcomeValue><setOutcomeValue identifier="FEEDBACKBASIC"><baseValue baseType="identifier">incorrect</baseValue></setOutcomeValue></responseIf></responseCondition><responseCondition><responseIf><not><isNull><variable identifier="RESPONSE_1406187361474" /></isNull></not><setOutcomeValue identifier="SCORE"><sum><variable identifier="SCORE" /><mapResponse identifier="RESPONSE_1406187361474" /></sum></setOutcomeValue><setOutcomeValue identifier="FEEDBACKBASIC"><baseValue baseType="identifier">incorrect</baseValue></setOutcomeValue></responseIf></responseCondition><responseCondition><responseIf><not><isNull><variable identifier="RESPONSE_1406187581098" /></isNull></not><setOutcomeValue identifier="SCORE"><sum><variable identifier="SCORE" /><mapResponse identifier="RESPONSE_1406187581098" /></sum></setOutcomeValue><setOutcomeValue identifier="FEEDBACKBASIC"><baseValue baseType="identifier">incorrect</baseValue></setOutcomeValue></responseIf></responseCondition><responseCondition><responseIf><not><isNull><variable identifier="RESPONSE_1406187396269" /></isNull></not><setOutcomeValue identifier="SCORE"><sum><variable identifier="SCORE" /><mapResponse identifier="RESPONSE_1406187396269" /></sum></setOutcomeValue><setOutcomeValue identifier="FEEDBACKBASIC"><baseValue baseType="identifier">incorrect</baseValue></setOutcomeValue></responseIf></responseCondition><responseCondition><responseIf><not><isNull><variable identifier="RESPONSE_1406187594138" /></isNull></not><setOutcomeValue identifier="SCORE"><sum><variable identifier="SCORE" /><mapResponse identifier="RESPONSE_1406187594138" /></sum></setOutcomeValue><setOutcomeValue identifier="FEEDBACKBASIC"><baseValue baseType="identifier">incorrect</baseValue></setOutcomeValue></responseIf></responseCondition><responseCondition><responseIf><not><isNull><variable identifier="RESPONSE_1406187423815" /></isNull></not><setOutcomeValue identifier="SCORE"><sum><variable identifier="SCORE" /><mapResponse identifier="RESPONSE_1406187423815" /></sum></setOutcomeValue><setOutcomeValue identifier="FEEDBACKBASIC"><baseValue baseType="identifier">incorrect</baseValue></setOutcomeValue></responseIf></responseCondition><responseCondition><responseIf><not><isNull><variable identifier="RESPONSE_1406187606736" /></isNull></not><setOutcomeValue identifier="SCORE"><sum><variable identifier="SCORE" /><mapResponse identifier="RESPONSE_1406187606736" /></sum></setOutcomeValue><setOutcomeValue identifier="FEEDBACKBASIC"><baseValue baseType="identifier">incorrect</baseValue></setOutcomeValue></responseIf></responseCondition><responseCondition><responseIf><not><isNull><variable identifier="RESPONSE_1406187450649" /></isNull></not><setOutcomeValue identifier="SCORE"><sum><variable identifier="SCORE" /><mapResponse identifier="RESPONSE_1406187450649" /></sum></setOutcomeValue><setOutcomeValue identifier="FEEDBACKBASIC"><baseValue baseType="identifier">incorrect</baseValue></setOutcomeValue></responseIf></responseCondition><responseCondition><responseIf><not><isNull><variable identifier="RESPONSE_1406187629935" /></isNull></not><setOutcomeValue identifier="SCORE"><sum><variable identifier="SCORE" /><mapResponse identifier="RESPONSE_1406187629935" /></sum></setOutcomeValue><setOutcomeValue identifier="FEEDBACKBASIC"><baseValue baseType="identifier">incorrect</baseValue></setOutcomeValue></responseIf></responseCondition><responseCondition><responseIf><not><isNull><variable identifier="RESPONSE_1406187477457" /></isNull></not><setOutcomeValue identifier="SCORE"><sum><variable identifier="SCORE" /><mapResponse identifier="RESPONSE_1406187477457" /></sum></setOutcomeValue><setOutcomeValue identifier="FEEDBACKBASIC"><baseValue baseType="identifier">incorrect</baseValue></setOutcomeValue></responseIf></responseCondition><responseCondition><responseIf><not><isNull><variable identifier="RESPONSE_1406187643023" /></isNull></not><setOutcomeValue identifier="SCORE"><sum><variable identifier="SCORE" /><mapResponse identifier="RESPONSE_1406187643023" /></sum></setOutcomeValue><setOutcomeValue identifier="FEEDBACKBASIC"><baseValue baseType="identifier">incorrect</baseValue></setOutcomeValue></responseIf></responseCondition><responseCondition><responseIf><not><isNull><variable identifier="RESPONSE_1406187501378" /></isNull></not><setOutcomeValue identifier="SCORE"><sum><variable identifier="SCORE" /><mapResponse identifier="RESPONSE_1406187501378" /></sum></setOutcomeValue><setOutcomeValue identifier="FEEDBACKBASIC"><baseValue baseType="identifier">incorrect</baseValue></setOutcomeValue></responseIf></responseCondition><responseCondition><responseIf><not><isNull><variable identifier="RESPONSE_1406187656820" /></isNull></not><setOutcomeValue identifier="SCORE"><sum><variable identifier="SCORE" /><mapResponse identifier="RESPONSE_1406187656820" /></sum></setOutcomeValue><setOutcomeValue identifier="FEEDBACKBASIC"><baseValue baseType="identifier">incorrect</baseValue></setOutcomeValue></responseIf></responseCondition><responseCondition><responseIf><and><not><match><variable identifier="FEEDBACKBASIC" /><baseValue baseType="identifier">empty</baseValue></match></not><equal toleranceMode="exact"><variable identifier="SCORE" /><variable identifier="MAXSCORE" /></equal></and><setOutcomeValue identifier="FEEDBACKBASIC"><baseValue baseType="identifier">correct</baseValue></setOutcomeValue></responseIf></responseCondition></responseProcessing></assessmentItem>
