<?xml version="1.0" encoding="UTF-8"?>
<assessmentItem xmlns="http://www.imsglobal.org/xsd/imsqti_v2p1" xmlns:xsi="http://www.w3.org/2001/XMLSchema-instance" xsi:schemaLocation="http://www.imsglobal.org/xsd/imsqti_v2p1 http://www.imsglobal.org/xsd/qti/qtiv2p1/imsqti_v2p1p1.xsd http://www.w3.org/1998/Math/MathML http://www.w3.org/Math/XMLSchema/mathml2/mathml2.xsd" identifier="idbe44073c-1c7e-42c3-a64f-47494320d211" title="PowerSeriesRadiusOfConvergence" adaptive="false" timeDependent="false"><responseDeclaration identifier="RESPONSE_1414580400259" cardinality="single" baseType="float"><correctResponse><value>0</value></correctResponse></responseDeclaration><responseDeclaration identifier="RESPONSE_1414580417014" cardinality="single" baseType="float"><correctResponse><value>0</value></correctResponse></responseDeclaration><responseDeclaration identifier="RESPONSE_1414579910422" cardinality="single" baseType="string" /><responseDeclaration identifier="RESPONSE_1414586528182" cardinality="single" baseType="float"><correctResponse><value>0</value></correctResponse></responseDeclaration><outcomeDeclaration identifier="SCORE" cardinality="single" baseType="float"><defaultValue><value>0</value></defaultValue></outcomeDeclaration><outcomeDeclaration identifier="MAXSCORE" cardinality="single" baseType="float"><defaultValue><value>6</value></defaultValue></outcomeDeclaration><outcomeDeclaration identifier="FEEDBACKBASIC" cardinality="single" baseType="identifier" view="testConstructor"><defaultValue><value>empty</value></defaultValue></outcomeDeclaration><outcomeDeclaration identifier="FEEDBACKMODAL" cardinality="multiple" baseType="identifier" view="testConstructor" /><templateDeclaration identifier="a" cardinality="single" baseType="integer" /><templateDeclaration identifier="vz" cardinality="single" baseType="string" /><templateDeclaration identifier="b" cardinality="single" baseType="integer" /><templateDeclaration identifier="c" cardinality="single" baseType="integer" /><templateDeclaration identifier="d" cardinality="single" baseType="integer" /><templateDeclaration identifier="a2b2" cardinality="single" baseType="integer" /><templateDeclaration identifier="-c" cardinality="single" baseType="integer" /><templateDeclaration identifier="r11" cardinality="single" baseType="integer" /><templateDeclaration identifier="rez1" cardinality="single" baseType="integer" /><templateDeclaration identifier="er" cardinality="single" baseType="integer" /><templateProcessing><setTemplateValue identifier="a"><randomInteger min="-7" max="7" /></setTemplateValue><setTemplateValue identifier="vz"><random><multiple><baseValue baseType="string">+</baseValue><baseValue baseType="string">-</baseValue></multiple></random></setTemplateValue><setTemplateValue identifier="b"><randomInteger min="1" max="8" /></setTemplateValue><setTemplateValue identifier="c"><randomInteger min="1" max="7" /></setTemplateValue><setTemplateValue identifier="d"><randomInteger min="1" max="10" /></setTemplateValue><setTemplateValue identifier="a2b2"><customOperator definition="MAXIMA" value="float(($(1))^2+($(2))^2);"><variable identifier="a" /><variable identifier="b" /></customOperator></setTemplateValue><setTemplateValue identifier="-c"><customOperator definition="MAXIMA" value="float(-$(1));"><variable identifier="c" /></customOperator></setTemplateValue><setTemplateValue identifier="r11"><random><multiple><baseValue baseType="integer">1</baseValue><baseValue baseType="integer">-1</baseValue></multiple></random></setTemplateValue><setTemplateValue identifier="rez1"><customOperator definition="MAXIMA" value="float($(1)+float(sqrt($(2))) +$(3));"><variable identifier="-c" /><variable identifier="a2b2" /><variable identifier="r11" /></customOperator></setTemplateValue><setTemplateValue identifier="er"><customOperator definition="MAXIMA" value="float(1);" /></setTemplateValue><templateCondition><templateIf><match><variable identifier="r11" /><baseValue baseType="integer">1</baseValue></match><setTemplateValue identifier="er"><customOperator definition="MAXIMA" value="float(0);" /></setTemplateValue></templateIf></templateCondition><setCorrectResponse identifier="RESPONSE_1414579910422"><customOperator definition="VARIABLESTRING" value="sqrt($(1))"><variable identifier="a2b2" /></customOperator></setCorrectResponse><setCorrectResponse identifier="RESPONSE_1414580400259"><variable identifier="-c" /></setCorrectResponse><setCorrectResponse identifier="RESPONSE_1414580417014"><variable identifier="d" /></setCorrectResponse><setCorrectResponse identifier="RESPONSE_1414586528182"><variable identifier="er" /></setCorrectResponse></templateProcessing><itemBody ><p>Consider the complex power series $$ P(z) := \sum_{k=0}^{\infty} \frac{k\cdot \bf{i}} {(<printedVariable identifier="a" /><printedVariable identifier="vz" /><printedVariable identifier="b" />\bf{i})^{k+1}} (z+<printedVariable identifier="c" />-<printedVariable identifier="d" />\bf{i})^k $$</p><p>a.) At which point \( z_0 \) is the series about ?</p><p>\( z_0 \) = <textEntryInteraction responseIdentifier="RESPONSE_1414580400259" /> + <textEntryInteraction responseIdentifier="RESPONSE_1414580417014" /><strong> i</strong></p><p>b.) Compute the radius of convergence R of P(z) exact:</p><p>Example: For \( R = \frac{2 \cdot \sqrt{30}}{12}\) you enter 2* sqrt(30) /12</p><p>R = <textEntryInteraction responseIdentifier="RESPONSE_1414579910422" expectedLength="9" class="maxima-formula show-latex show-syntax-error" /></p><p>c.) Does the series converge at the Point z = <printedVariable identifier="rez1" /> +<printedVariable identifier="d" /><strong> i</strong> ?</p><p>Enter<strong> 1</strong> if you affirm convergence at this point, otheriwise enter<strong> 0    </strong>: <textEntryInteraction responseIdentifier="RESPONSE_1414586528182" /></p><p> </p><p> </p></itemBody><responseProcessing><responseCondition><responseIf><equal toleranceMode="exact"><variable identifier="RESPONSE_1414580400259" /><correct identifier="RESPONSE_1414580400259" /></equal><setOutcomeValue identifier="SCORE"><sum><variable identifier="SCORE" /><baseValue baseType="float">1</baseValue></sum></setOutcomeValue></responseIf></responseCondition><responseCondition><responseIf><not><isNull><variable identifier="RESPONSE_1414580400259" /></isNull></not><setOutcomeValue identifier="FEEDBACKBASIC"><baseValue baseType="identifier">incorrect</baseValue></setOutcomeValue></responseIf></responseCondition><responseCondition><responseIf><equal toleranceMode="exact"><variable identifier="RESPONSE_1414580417014" /><correct identifier="RESPONSE_1414580417014" /></equal><setOutcomeValue identifier="SCORE"><sum><variable identifier="SCORE" /><baseValue baseType="float">1</baseValue></sum></setOutcomeValue></responseIf></responseCondition><responseCondition><responseIf><not><isNull><variable identifier="RESPONSE_1414580417014" /></isNull></not><setOutcomeValue identifier="FEEDBACKBASIC"><baseValue baseType="identifier">incorrect</baseValue></setOutcomeValue></responseIf></responseCondition><responseCondition><responseIf><customOperator definition="MAXIMA" value="is(equal(ev($(1)),ev($(2))));"><variable identifier="RESPONSE_1414579910422" /><correct identifier="RESPONSE_1414579910422" /></customOperator><setOutcomeValue identifier="SCORE"><sum><variable identifier="SCORE" /><baseValue baseType="float">3</baseValue></sum></setOutcomeValue></responseIf></responseCondition><responseCondition><responseIf><not><isNull><variable identifier="RESPONSE_1414579910422" /></isNull></not><setOutcomeValue identifier="FEEDBACKBASIC"><baseValue baseType="identifier">incorrect</baseValue></setOutcomeValue></responseIf></responseCondition><responseCondition><responseIf><equal toleranceMode="exact"><variable identifier="RESPONSE_1414586528182" /><correct identifier="RESPONSE_1414586528182" /></equal><setOutcomeValue identifier="SCORE"><sum><variable identifier="SCORE" /><baseValue baseType="float">1</baseValue></sum></setOutcomeValue></responseIf></responseCondition><responseCondition><responseIf><not><isNull><variable identifier="RESPONSE_1414586528182" /></isNull></not><setOutcomeValue identifier="FEEDBACKBASIC"><baseValue baseType="identifier">incorrect</baseValue></setOutcomeValue></responseIf></responseCondition><responseCondition><responseIf><and><not><match><variable identifier="FEEDBACKBASIC" /><baseValue baseType="identifier">empty</baseValue></match></not><equal toleranceMode="exact"><variable identifier="SCORE" /><variable identifier="MAXSCORE" /></equal></and><setOutcomeValue identifier="FEEDBACKBASIC"><baseValue baseType="identifier">correct</baseValue></setOutcomeValue></responseIf></responseCondition><responseCondition><responseIf><and><match><baseValue baseType="identifier">incorrect</baseValue><variable identifier="FEEDBACKBASIC" /></match></and><setOutcomeValue identifier="FEEDBACKMODAL"><multiple><variable identifier="FEEDBACKMODAL" /><baseValue baseType="identifier">Feedback898321804</baseValue></multiple></setOutcomeValue></responseIf></responseCondition></responseProcessing><modalFeedback  identifier="Feedback898321804" outcomeIdentifier="FEEDBACKMODAL" showHide="show"><p>a.) By definition, a power series about the point \( z_0\) is \( \sum_{k=0}^{\infty} a_k (z-z_0)^k \).</p><p>That means, e.g. that for \( \sum_{k=0}^{\infty} a_k (z+ 2)^k \), \( z_0\) equals - 2.</p><p>b.) Note, that \( \lim_{k \to \infty} k^{\frac{1}{k}} = 1 \)</p><p>c.) Determine whether the equation \( | z - z_0 | \lt R \) holds, or not.</p></modalFeedback></assessmentItem>
