<?xml version="1.0" encoding="UTF-8"?>
<assessmentItem xmlns="http://www.imsglobal.org/xsd/imsqti_v2p1" xmlns:xsi="http://www.w3.org/2001/XMLSchema-instance" xsi:schemaLocation="http://www.imsglobal.org/xsd/imsqti_v2p1 http://www.imsglobal.org/xsd/qti/qtiv2p1/imsqti_v2p1p1.xsd http://www.w3.org/1998/Math/MathML http://www.w3.org/Math/XMLSchema/mathml2/mathml2.xsd" identifier="id2c8e2f96-2755-442d-871e-f8feee2d3f6f" title="ResiduenSatzAnwendung3" adaptive="false" timeDependent="false"><responseDeclaration identifier="RESPONSE_1418046733900" cardinality="single" baseType="string" /><outcomeDeclaration identifier="SCORE" cardinality="single" baseType="float"><defaultValue><value>0</value></defaultValue></outcomeDeclaration><outcomeDeclaration identifier="MAXSCORE" cardinality="single" baseType="float"><defaultValue><value>2</value></defaultValue></outcomeDeclaration><outcomeDeclaration identifier="FEEDBACKBASIC" cardinality="single" baseType="identifier" view="testConstructor"><defaultValue><value>empty</value></defaultValue></outcomeDeclaration><templateDeclaration identifier="k" cardinality="single" baseType="integer" /><templateDeclaration identifier="k1" cardinality="single" baseType="integer" /><templateDeclaration identifier="k2" cardinality="single" baseType="integer" /><templateDeclaration identifier="2k2" cardinality="single" baseType="integer" /><templateProcessing><setTemplateValue identifier="k"><randomInteger min="1" max="20" /></setTemplateValue><setTemplateValue identifier="k1"><customOperator definition="MAXIMA" value="float($(1)+1);"><variable identifier="k" /></customOperator></setTemplateValue><setTemplateValue identifier="k2"><customOperator definition="MAXIMA" value="float($(1)+2);"><variable identifier="k" /></customOperator></setTemplateValue><setTemplateValue identifier="2k2"><customOperator definition="MAXIMA" value="float(2*$(1));"><variable identifier="k2" /></customOperator></setTemplateValue><setCorrectResponse identifier="RESPONSE_1418046733900"><customOperator definition="VARIABLESTRING" value="$(1)*%i*%pi"><variable identifier="2k2" /></customOperator></setCorrectResponse></templateProcessing><itemBody ><p><p>Berechne $$\int_{\gamma} <printedVariable identifier="k2" />!\cdot z^{<printedVariable identifier="k" />}\cdot e^{\frac{1}{z}} $$ mit \( \gamma(t) = e^{2\pi\mathbb i \cdot t}\) für \( 0 \le t \le 1 \):</p><p>Ergebnis  = <textEntryInteraction responseIdentifier="RESPONSE_1418046733900" expectedLength="6" class="maxima-formula show-latex show-syntax-error" /></p><p> Syntax:</p><p>%i für i</p><p>%pi für \( \pi\)</p><p>* für jede Multiplikation</p></p></itemBody><responseProcessing><responseCondition><responseIf><customOperator definition="MAXIMA" value="is(equal(ev($(1)),ev($(2))));"><variable identifier="RESPONSE_1418046733900" /><correct identifier="RESPONSE_1418046733900" /></customOperator><setOutcomeValue identifier="SCORE"><sum><variable identifier="SCORE" /><baseValue baseType="float">2</baseValue></sum></setOutcomeValue></responseIf></responseCondition><responseCondition><responseIf><not><isNull><variable identifier="RESPONSE_1418046733900" /></isNull></not><setOutcomeValue identifier="FEEDBACKBASIC"><baseValue baseType="identifier">incorrect</baseValue></setOutcomeValue></responseIf></responseCondition><responseCondition><responseIf><and><not><match><variable identifier="FEEDBACKBASIC" /><baseValue baseType="identifier">empty</baseValue></match></not><equal toleranceMode="exact"><variable identifier="SCORE" /><variable identifier="MAXSCORE" /></equal></and><setOutcomeValue identifier="FEEDBACKBASIC"><baseValue baseType="identifier">correct</baseValue></setOutcomeValue></responseIf></responseCondition></responseProcessing></assessmentItem>
