<?xml version="1.0" encoding="UTF-8"?>
<assessmentItem xmlns="http://www.imsglobal.org/xsd/imsqti_v2p1" xmlns:xsi="http://www.w3.org/2001/XMLSchema-instance" xsi:schemaLocation="http://www.imsglobal.org/xsd/imsqti_v2p1 http://www.imsglobal.org/xsd/qti/qtiv2p1/imsqti_v2p1p1.xsd http://www.w3.org/1998/Math/MathML http://www.w3.org/Math/XMLSchema/mathml2/mathml2.xsd" identifier="id72a291c0-d0a2-42e9-92e8-97fa01dfe04d" title="holomorph_harmonisch" adaptive="false" timeDependent="false"><responseDeclaration identifier="RESPONSE_1403108376030" cardinality="single" baseType="string"><correctResponse><value>holomorph</value></correctResponse><mapping defaultValue="0"><mapEntry mapKey="holomorph" mappedValue="1" caseSensitive="false" /></mapping></responseDeclaration><responseDeclaration identifier="RESPONSE_1403108410339" cardinality="single" baseType="string"><correctResponse><value>zwei</value></correctResponse><mapping defaultValue="0"><mapEntry mapKey="zwei" mappedValue="1" caseSensitive="false" /><mapEntry mapKey="2" mappedValue="1" caseSensitive="false" /></mapping></responseDeclaration><responseDeclaration identifier="RESPONSE_1403108425264" cardinality="single" baseType="string"><correctResponse><value>harmonisch</value></correctResponse><mapping defaultValue="0"><mapEntry mapKey="harmonisch" mappedValue="1" caseSensitive="false" /></mapping></responseDeclaration><outcomeDeclaration identifier="SCORE" cardinality="single" baseType="float"><defaultValue><value>0</value></defaultValue></outcomeDeclaration><outcomeDeclaration identifier="MAXSCORE" cardinality="single" baseType="float"><defaultValue><value>3</value></defaultValue></outcomeDeclaration><outcomeDeclaration identifier="FEEDBACKBASIC" cardinality="single" baseType="identifier" view="testConstructor"><defaultValue><value>empty</value></defaultValue></outcomeDeclaration><itemBody ><p>Eine Funktion nennt man <textEntryInteraction responseIdentifier="RESPONSE_1403108376030" /> in einem Punkt, wenn sie nicht nur in diesem Punkt, sondern auch in einer offnen Umgebung dieses Punktes komplex differenzierbar ist.</p><p>Besitzt die Funktion in jedem Punkt eines Gebietes \(G\) diese Eigenschaft und sind Real- und Imaginärteil der Funktion <textEntryInteraction responseIdentifier="RESPONSE_1403108410339" /> mal stetig differenzierbar, so ist die Funktion auch <textEntryInteraction responseIdentifier="RESPONSE_1403108425264" /> in \(G\), d.h. die Laplace-Gleichung ist auf ganz \(G\) erfüllt.</p></itemBody><responseProcessing><responseCondition><responseIf><not><isNull><variable identifier="RESPONSE_1403108376030" /></isNull></not><setOutcomeValue identifier="SCORE"><sum><variable identifier="SCORE" /><mapResponse identifier="RESPONSE_1403108376030" /></sum></setOutcomeValue><setOutcomeValue identifier="FEEDBACKBASIC"><baseValue baseType="identifier">incorrect</baseValue></setOutcomeValue></responseIf></responseCondition><responseCondition><responseIf><not><isNull><variable identifier="RESPONSE_1403108410339" /></isNull></not><setOutcomeValue identifier="SCORE"><sum><variable identifier="SCORE" /><mapResponse identifier="RESPONSE_1403108410339" /></sum></setOutcomeValue><setOutcomeValue identifier="FEEDBACKBASIC"><baseValue baseType="identifier">incorrect</baseValue></setOutcomeValue></responseIf></responseCondition><responseCondition><responseIf><not><isNull><variable identifier="RESPONSE_1403108425264" /></isNull></not><setOutcomeValue identifier="SCORE"><sum><variable identifier="SCORE" /><mapResponse identifier="RESPONSE_1403108425264" /></sum></setOutcomeValue><setOutcomeValue identifier="FEEDBACKBASIC"><baseValue baseType="identifier">incorrect</baseValue></setOutcomeValue></responseIf></responseCondition><responseCondition><responseIf><and><not><match><variable identifier="FEEDBACKBASIC" /><baseValue baseType="identifier">empty</baseValue></match></not><equal toleranceMode="exact"><variable identifier="SCORE" /><variable identifier="MAXSCORE" /></equal></and><setOutcomeValue identifier="FEEDBACKBASIC"><baseValue baseType="identifier">correct</baseValue></setOutcomeValue></responseIf></responseCondition></responseProcessing></assessmentItem>
