<?xml version="1.0" encoding="UTF-8"?>
<assessmentItem xmlns="http://www.imsglobal.org/xsd/imsqti_v2p1" xmlns:xsi="http://www.w3.org/2001/XMLSchema-instance" xsi:schemaLocation="http://www.imsglobal.org/xsd/imsqti_v2p1 http://www.imsglobal.org/xsd/qti/qtiv2p1/imsqti_v2p1p1.xsd http://www.w3.org/1998/Math/MathML http://www.w3.org/Math/XMLSchema/mathml2/mathml2.xsd" identifier="id26fbddb7-cb0c-485a-b266-c42cdf73dc91" title="WahrscheinlichkeitAugenzahl3Würfel" adaptive="false" timeDependent="false"><responseDeclaration identifier="RESPONSE_1400074864528" cardinality="single" baseType="float"><correctResponse><value>216</value></correctResponse></responseDeclaration><responseDeclaration identifier="RESPONSE_1400075046488" cardinality="single" baseType="float"><correctResponse><value>0</value></correctResponse></responseDeclaration><responseDeclaration identifier="RESPONSE_1400073893472" cardinality="single" baseType="float"><correctResponse><value>0</value></correctResponse></responseDeclaration><outcomeDeclaration identifier="SCORE" cardinality="single" baseType="float"><defaultValue><value>0</value></defaultValue></outcomeDeclaration><outcomeDeclaration identifier="MAXSCORE" cardinality="single" baseType="float"><defaultValue><value>5</value></defaultValue></outcomeDeclaration><outcomeDeclaration identifier="FEEDBACKBASIC" cardinality="single" baseType="identifier" view="testConstructor"><defaultValue><value>empty</value></defaultValue></outcomeDeclaration><outcomeDeclaration identifier="FEEDBACKMODAL" cardinality="multiple" baseType="identifier" view="testConstructor" /><templateDeclaration identifier="as" cardinality="single" baseType="integer" /><templateDeclaration identifier="es" cardinality="single" baseType="integer" /><templateDeclaration identifier="p" cardinality="single" baseType="float" /><templateProcessing><setTemplateValue identifier="as"><randomInteger min="7" max="14" /></setTemplateValue><setTemplateValue identifier="es"><randomInteger min="15" max="27" /></setTemplateValue><templateCondition><templateIf><match><variable identifier="as" /><baseValue baseType="integer">7</baseValue></match><setTemplateValue identifier="es"><randomInteger min="15" max="15" step="0" /></setTemplateValue></templateIf></templateCondition><templateCondition><templateIf><match><variable identifier="as" /><baseValue baseType="integer">8</baseValue></match><setTemplateValue identifier="es"><randomInteger min="21" max="21" step="0" /></setTemplateValue></templateIf></templateCondition><templateCondition><templateIf><match><variable identifier="as" /><baseValue baseType="integer">9</baseValue></match><setTemplateValue identifier="es"><randomInteger min="25" max="25" step="0" /></setTemplateValue></templateIf></templateCondition><templateCondition><templateIf><match><variable identifier="as" /><baseValue baseType="integer">10</baseValue></match><setTemplateValue identifier="es"><randomInteger min="27" max="27" step="0" /></setTemplateValue></templateIf></templateCondition><templateCondition><templateIf><match><variable identifier="as" /><baseValue baseType="integer">11</baseValue></match><setTemplateValue identifier="es"><randomInteger min="27" max="27" step="0" /></setTemplateValue></templateIf></templateCondition><templateCondition><templateIf><match><variable identifier="as" /><baseValue baseType="integer">12</baseValue></match><setTemplateValue identifier="es"><randomInteger min="25" max="25" step="0" /></setTemplateValue></templateIf></templateCondition><templateCondition><templateIf><match><variable identifier="as" /><baseValue baseType="integer">13</baseValue></match><setTemplateValue identifier="es"><randomInteger min="21" max="21" step="0" /></setTemplateValue></templateIf></templateCondition><templateCondition><templateIf><match><variable identifier="as" /><baseValue baseType="integer">14</baseValue></match><setTemplateValue identifier="es"><randomInteger min="15" max="15" step="0" /></setTemplateValue></templateIf></templateCondition><setTemplateValue identifier="p"><customOperator definition="MAXIMA" value="float($(1)/216*100);"><variable identifier="es" /></customOperator></setTemplateValue><setCorrectResponse identifier="RESPONSE_1400075046488"><variable identifier="es" /></setCorrectResponse><setCorrectResponse identifier="RESPONSE_1400073893472"><variable identifier="p" /></setCorrectResponse></templateProcessing><itemBody ><p><p>Wie groß ist die <strong>Wahrscheinlichkeit P</strong>, bei einem Wurf mit 3 Würfeln die Augenzahl <printedVariable identifier="as" /> zu erreichen?</p><p> </p><p>Berechnen Sie zunächst die Anzahl F aller möglichen Ereignisse bei diesem Experiment und die Anzahl A der Möglichkeiten, die als Summe <printedVariable identifier="as" /> ergeben.</p><p>F= <textEntryInteraction responseIdentifier="RESPONSE_1400074864528" /></p><p>A= <textEntryInteraction responseIdentifier="RESPONSE_1400075046488" /></p><p> </p><p>Berechnen Sie nun P in Prozent und runden danach P auf 1 Stelle nach dem Komma:</p><p>P= <textEntryInteraction responseIdentifier="RESPONSE_1400073893472" />%</p></p></itemBody><responseProcessing><responseCondition><responseIf><equal toleranceMode="exact"><variable identifier="RESPONSE_1400074864528" /><correct identifier="RESPONSE_1400074864528" /></equal><setOutcomeValue identifier="SCORE"><sum><variable identifier="SCORE" /><baseValue baseType="float">1</baseValue></sum></setOutcomeValue></responseIf></responseCondition><responseCondition><responseIf><not><isNull><variable identifier="RESPONSE_1400074864528" /></isNull></not><setOutcomeValue identifier="FEEDBACKBASIC"><baseValue baseType="identifier">incorrect</baseValue></setOutcomeValue></responseIf></responseCondition><responseCondition><responseIf><equal toleranceMode="exact"><variable identifier="RESPONSE_1400075046488" /><correct identifier="RESPONSE_1400075046488" /></equal><setOutcomeValue identifier="SCORE"><sum><variable identifier="SCORE" /><baseValue baseType="float">3</baseValue></sum></setOutcomeValue></responseIf></responseCondition><responseCondition><responseIf><not><isNull><variable identifier="RESPONSE_1400075046488" /></isNull></not><setOutcomeValue identifier="FEEDBACKBASIC"><baseValue baseType="identifier">incorrect</baseValue></setOutcomeValue></responseIf></responseCondition><responseCondition><responseIf><equal toleranceMode="absolute" tolerance="0.1 0.1" includeLowerBound="true" includeUpperBound="true"><variable identifier="RESPONSE_1400073893472" /><correct identifier="RESPONSE_1400073893472" /></equal><setOutcomeValue identifier="SCORE"><sum><variable identifier="SCORE" /><baseValue baseType="float">1</baseValue></sum></setOutcomeValue></responseIf></responseCondition><responseCondition><responseIf><not><isNull><variable identifier="RESPONSE_1400073893472" /></isNull></not><setOutcomeValue identifier="FEEDBACKBASIC"><baseValue baseType="identifier">incorrect</baseValue></setOutcomeValue></responseIf></responseCondition><responseCondition><responseIf><and><not><match><variable identifier="FEEDBACKBASIC" /><baseValue baseType="identifier">empty</baseValue></match></not><equal toleranceMode="exact"><variable identifier="SCORE" /><variable identifier="MAXSCORE" /></equal></and><setOutcomeValue identifier="FEEDBACKBASIC"><baseValue baseType="identifier">correct</baseValue></setOutcomeValue></responseIf></responseCondition><responseCondition><responseIf><and><match><baseValue baseType="identifier">correct</baseValue><variable identifier="FEEDBACKBASIC" /></match></and><setOutcomeValue identifier="FEEDBACKMODAL"><multiple><variable identifier="FEEDBACKMODAL" /><baseValue baseType="identifier">Feedback1716172680</baseValue></multiple></setOutcomeValue></responseIf></responseCondition><responseCondition><responseIf><and><match><baseValue baseType="identifier">incorrect</baseValue><variable identifier="FEEDBACKBASIC" /></match></and><setOutcomeValue identifier="FEEDBACKMODAL"><multiple><variable identifier="FEEDBACKMODAL" /><baseValue baseType="identifier">Feedback861369903</baseValue></multiple></setOutcomeValue></responseIf></responseCondition></responseProcessing><modalFeedback  identifier="Feedback1716172680" outcomeIdentifier="FEEDBACKMODAL" showHide="show"><p><strong>Ihre Lösungen zur Aufgabe 8.2 sind zu den Eich Lösungen äquivalent. Volle Punkte für diese Aufgabe.</strong></p></modalFeedback><modalFeedback  identifier="Feedback861369903" outcomeIdentifier="FEEDBACKMODAL" showHide="show"><p><strong>Ihre Lösung für mindestens eine der Lücken zu Aufgabe 8.2 war nicht äquivalent zur Eich Lösung. Es gab einen Punkteabzug.</strong></p><p> </p><p><strong>Lösungsansatz für die Augensumme = 4 als Beispiel:<br /></strong></p><p><strong>Sei die gewürfelte Augenzahl des i 'ten Würfels \(x_i\). Man erstellt eine Tabelle die die Anzahl aller Würfe enthält, die die Augensumme 4 ergeben. Das wären hier die Würfe: <br /></strong></p><p><strong><strong>\(x_1\)= </strong>1, <strong>\(x_2\)= </strong>1, <strong>\(x_3\)= </strong>2 kurz 112 und alle Vertauschungen hiervon, also auch die Würfe 121, 211. Damit gibt es 3 Würfe für die Augensumme 4.</strong></p><p><strong>Als Formel für die Anzahl aller Ereignisse verwende man die Formel <span style="text-decoration: underline;">Variation mit Wiederholung</span>.</strong></p></modalFeedback></assessmentItem>
