<?xml version="1.0" encoding="UTF-8"?>
<assessmentItem xmlns="http://www.imsglobal.org/xsd/imsqti_v2p1" xmlns:xsi="http://www.w3.org/2001/XMLSchema-instance" xsi:schemaLocation="http://www.imsglobal.org/xsd/imsqti_v2p1 imsqti_v2p1.xsd" identifier="ide75e1a17-3c70-4a9e-ac80-306f92d6814e" title="2. Grundlagen Projektmanagement" adaptive="false" timeDependent="false"><responseDeclaration identifier="RESPONSE_1" cardinality="ordered" baseType="identifier"><correctResponse><value>idcd5becd5-a520-480c-ba21-5cd1d9f1f251</value><value>idb8137e5b-9b87-4935-b525-7896dd67e75a</value><value>id7c060a00-87b4-4723-aa13-6cc2f3263ab3</value><value>idc0ebca17-0f28-45f5-8e71-29e6eaf4cb04</value></correctResponse></responseDeclaration><outcomeDeclaration identifier="SCORE" cardinality="single" baseType="float"><defaultValue><value>0</value></defaultValue></outcomeDeclaration><outcomeDeclaration identifier="MAXSCORE" cardinality="single" baseType="float"><defaultValue><value>1</value></defaultValue></outcomeDeclaration><outcomeDeclaration identifier="FEEDBACKBASIC" cardinality="single" baseType="identifier"><defaultValue><value>empty</value></defaultValue></outcomeDeclaration><itemBody><p xmlns=""><strong>Ordnen Sie die Phasen eines Projektes beginnend am Anfang</strong></p><p xmlns="">(Bringen Sie die Phasen in die richtige Reihenfolge)</p><orderInteraction responseIdentifier="RESPONSE_1" shuffle="false"><simpleChoice identifier="idc0ebca17-0f28-45f5-8e71-29e6eaf4cb04"><p xmlns="">Projektabschluss</p></simpleChoice><simpleChoice identifier="idb8137e5b-9b87-4935-b525-7896dd67e75a"><p xmlns="">Projektplanung</p></simpleChoice><simpleChoice identifier="idcd5becd5-a520-480c-ba21-5cd1d9f1f251"><p xmlns="">Projektdefinition</p></simpleChoice><simpleChoice identifier="id7c060a00-87b4-4723-aa13-6cc2f3263ab3"><p xmlns="">Projektdurchführung</p></simpleChoice></orderInteraction></itemBody><responseProcessing><responseCondition><responseIf><isNull><variable identifier="RESPONSE_1" /></isNull><setOutcomeValue identifier="FEEDBACKBASIC"><baseValue baseType="identifier">empty</baseValue></setOutcomeValue></responseIf><responseElseIf><match><variable identifier="RESPONSE_1" /><correct identifier="RESPONSE_1" /></match><setOutcomeValue identifier="SCORE"><sum><variable identifier="SCORE" /><variable identifier="MAXSCORE" /></sum></setOutcomeValue><setOutcomeValue identifier="FEEDBACKBASIC"><baseValue baseType="identifier">correct</baseValue></setOutcomeValue></responseElseIf><responseElse><setOutcomeValue identifier="FEEDBACKBASIC"><baseValue baseType="identifier">incorrect</baseValue></setOutcomeValue></responseElse></responseCondition></responseProcessing></assessmentItem>
