<?xml version="1.0" encoding="UTF-8"?>
<assessmentItem xmlns="http://www.imsglobal.org/xsd/imsqti_v2p1" xmlns:xsi="http://www.w3.org/2001/XMLSchema-instance" xsi:schemaLocation="http://www.imsglobal.org/xsd/imsqti_v2p1 http://www.imsglobal.org/xsd/qti/qtiv2p1/imsqti_v2p1p1.xsd http://www.w3.org/1998/Math/MathML http://www.w3.org/Math/XMLSchema/mathml2/mathml2.xsd" identifier="id5225656a-3e88-4b15-8ff4-b80fa1c929ba" title="Menge_2" adaptive="false" timeDependent="false"><responseDeclaration identifier="RESPONSE_1" cardinality="single" baseType="identifier"><correctResponse><value>id36a0f6c8-9bbb-4399-9fc2-56813bd1f1ed</value></correctResponse></responseDeclaration><outcomeDeclaration identifier="SCORE" cardinality="single" baseType="float"><defaultValue><value>0</value></defaultValue></outcomeDeclaration><outcomeDeclaration identifier="MAXSCORE" cardinality="single" baseType="float"><defaultValue><value>1</value></defaultValue></outcomeDeclaration><outcomeDeclaration identifier="FEEDBACKBASIC" cardinality="single" baseType="identifier"><defaultValue><value>empty</value></defaultValue></outcomeDeclaration><itemBody ><p>Welche der folgenden schraffierten Mengen stellt einen Teil der Menge $$\{(x,y)\in\mathbb{R}^2;|x-y|\leq 1\}$$ dar?</p><choiceInteraction responseIdentifier="RESPONSE_1" shuffle="true" maxChoices="1"><simpleChoice identifier="id36a0f6c8-9bbb-4399-9fc2-56813bd1f1ed"><p><img src="media%2Fmedium8101776791607641398Menge_2_1_jpg" alt="" width="360" height="360" /></p></simpleChoice><simpleChoice identifier="id89aa6d08-811c-42bb-9110-367f11dce6fd"><p><img src="media%2Fmedium2624521409652720203Menge_2_2_jpg" alt="" width="360" height="360" /></p></simpleChoice><simpleChoice identifier="id2d80a81d-3de1-4c41-ad13-f4e8613c4b5b"><p><img src="media%2Fmedium6179755845694866114Menge_2_3_jpg" alt="" width="360" height="360" /></p></simpleChoice><simpleChoice identifier="id8d43bd83-7781-49e7-af13-e54c16828c8b"><p><img src="media%2Fmedium9121433285633842803Menge_2_4_jpg" alt="" width="360" height="360" /></p></simpleChoice></choiceInteraction></itemBody><responseProcessing><responseCondition><responseIf><isNull><variable identifier="RESPONSE_1" /></isNull><setOutcomeValue identifier="FEEDBACKBASIC"><baseValue baseType="identifier">empty</baseValue></setOutcomeValue></responseIf><responseElseIf><match><variable identifier="RESPONSE_1" /><correct identifier="RESPONSE_1" /></match><setOutcomeValue identifier="SCORE"><sum><variable identifier="SCORE" /><variable identifier="MAXSCORE" /></sum></setOutcomeValue><setOutcomeValue identifier="FEEDBACKBASIC"><baseValue baseType="identifier">correct</baseValue></setOutcomeValue></responseElseIf><responseElse><setOutcomeValue identifier="FEEDBACKBASIC"><baseValue baseType="identifier">incorrect</baseValue></setOutcomeValue></responseElse></responseCondition></responseProcessing></assessmentItem>
