<?xml version="1.0" encoding="UTF-8"?>
<assessmentItem xmlns="http://www.imsglobal.org/xsd/imsqti_v2p1" xmlns:xsi="http://www.w3.org/2001/XMLSchema-instance" xsi:schemaLocation="http://www.imsglobal.org/xsd/imsqti_v2p1 http://www.imsglobal.org/xsd/qti/qtiv2p1/imsqti_v2p1p1.xsd http://www.w3.org/1998/Math/MathML http://www.w3.org/Math/XMLSchema/mathml2/mathml2.xsd" identifier="ida71fbda6-a4e3-46e7-b9c8-25dbf352146f" title="compiletest_w/f" adaptive="false" timeDependent="false"><responseDeclaration identifier="RESPONSE_1" cardinality="single" baseType="identifier"><correctResponse><value>idc9a9afb6-d7fe-4894-8717-af933e1a4393</value></correctResponse></responseDeclaration><outcomeDeclaration identifier="SCORE" cardinality="single" baseType="float"><defaultValue><value>0</value></defaultValue></outcomeDeclaration><outcomeDeclaration identifier="MAXSCORE" cardinality="single" baseType="float"><defaultValue><value>1</value></defaultValue></outcomeDeclaration><outcomeDeclaration identifier="FEEDBACKBASIC" cardinality="single" baseType="identifier"><defaultValue><value>empty</value></defaultValue></outcomeDeclaration><outcomeDeclaration identifier="FEEDBACKMODAL" cardinality="multiple" baseType="identifier" view="testConstructor" /><itemBody ><p>Könnte man das folgende kleine C-Programm kompilieren, linken und ausführen?</p><p>int main(void)<br />{<br /> int a = 42;<br /> printf("%d\n", a);<br />}</p><p> </p><choiceInteraction responseIdentifier="RESPONSE_1" shuffle="false" maxChoices="1"><simpleChoice identifier="idc9a9afb6-d7fe-4894-8717-af933e1a4393"><p>Ja</p></simpleChoice><simpleChoice identifier="idf9a5a00f-3c81-4648-837a-91f39f79179c"><p>Nein</p></simpleChoice></choiceInteraction></itemBody><responseProcessing><responseCondition><responseIf><isNull><variable identifier="RESPONSE_1" /></isNull><setOutcomeValue identifier="FEEDBACKBASIC"><baseValue baseType="identifier">empty</baseValue></setOutcomeValue></responseIf><responseElseIf><match><variable identifier="RESPONSE_1" /><correct identifier="RESPONSE_1" /></match><setOutcomeValue identifier="SCORE"><sum><variable identifier="SCORE" /><variable identifier="MAXSCORE" /></sum></setOutcomeValue><setOutcomeValue identifier="FEEDBACKBASIC"><baseValue baseType="identifier">correct</baseValue></setOutcomeValue></responseElseIf><responseElse><setOutcomeValue identifier="FEEDBACKBASIC"><baseValue baseType="identifier">incorrect</baseValue></setOutcomeValue></responseElse></responseCondition><responseCondition><responseIf><and><match><baseValue baseType="identifier">incorrect</baseValue><variable identifier="FEEDBACKBASIC" /></match></and><setOutcomeValue identifier="FEEDBACKMODAL"><multiple><variable identifier="FEEDBACKMODAL" /><baseValue baseType="identifier">Feedback749559801</baseValue></multiple></setOutcomeValue></responseIf></responseCondition><responseCondition><responseIf><and><match><baseValue baseType="identifier">correct</baseValue><variable identifier="FEEDBACKBASIC" /></match></and><setOutcomeValue identifier="FEEDBACKMODAL"><multiple><variable identifier="FEEDBACKMODAL" /><baseValue baseType="identifier">Feedback712502105</baseValue></multiple></setOutcomeValue></responseIf></responseCondition></responseProcessing><modalFeedback  identifier="Feedback749559801" outcomeIdentifier="FEEDBACKMODAL" showHide="show" title="Vorsicht!"><p>Ein ordentlicher C-Compiler wird das Programm kompilieren und dabei eine implizite Deklaration der printf() Funktion erstellen. Das Ergebnis ist eine Objektdatei.</p><p><br />Durch das linken mit den Standardbibliotheken wird eine Definition der Funktion printf() gefunden, welche mit der impliziten Deklaration übereinstimmt.</p><p> </p><p>Das fertige Programm ist natürlich ausführbar. Es wird jedoch beim Prozess erhebliche Warnungen geben. Ein C++ Compiler wäre aber nicht in der Lage, dieses Programm zu kompilieren, da C++ eine explizite Deklaration aller Funktionen verlangt.</p></modalFeedback><modalFeedback  identifier="Feedback712502105" outcomeIdentifier="FEEDBACKMODAL" showHide="show" title="Warnungen"><p>aufgrund der fehlenden expliziten Deklaration von printf() wird es natürlich Warnungen geben. Jedoch wird man das Programm mit einem ordentlichen C-Compiler kompilieren, linken und ausführen können</p></modalFeedback></assessmentItem>
