<?xml version="1.0" encoding="UTF-8"?>
<assessmentItem xmlns="http://www.imsglobal.org/xsd/imsqti_v2p1" xmlns:xsi="http://www.w3.org/2001/XMLSchema-instance" xsi:schemaLocation="http://www.imsglobal.org/xsd/imsqti_v2p1 http://www.imsglobal.org/xsd/qti/qtiv2p1/imsqti_v2p1p1.xsd http://www.w3.org/1998/Math/MathML http://www.w3.org/Math/XMLSchema/mathml2/mathml2.xsd" identifier="id4ad99c15-12e6-429d-bc64-ad497821e48a" title="BedingteWahrscheinlichkeit3" adaptive="false" timeDependent="false"><responseDeclaration identifier="RESPONSE_1400827560847" cardinality="single" baseType="float"><correctResponse><value>0</value></correctResponse></responseDeclaration><responseDeclaration identifier="RESPONSE_1400825252653" cardinality="single" baseType="float"><correctResponse><value>0</value></correctResponse></responseDeclaration><outcomeDeclaration identifier="SCORE" cardinality="single" baseType="float"><defaultValue><value>0</value></defaultValue></outcomeDeclaration><outcomeDeclaration identifier="MAXSCORE" cardinality="single" baseType="float"><defaultValue><value>6</value></defaultValue></outcomeDeclaration><outcomeDeclaration identifier="FEEDBACKBASIC" cardinality="single" baseType="identifier" view="testConstructor"><defaultValue><value>empty</value></defaultValue></outcomeDeclaration><outcomeDeclaration identifier="FEEDBACKMODAL" cardinality="multiple" baseType="identifier" view="testConstructor" /><templateDeclaration identifier="t" cardinality="single" baseType="string" /><templateDeclaration identifier="b" cardinality="single" baseType="string" /><templateDeclaration identifier="n" cardinality="single" baseType="string" /><templateDeclaration identifier="s" cardinality="single" baseType="float" /><templateDeclaration identifier="te" cardinality="single" baseType="float" /><templateProcessing><setTemplateValue identifier="t"><random><multiple><baseValue baseType="string">0.1</baseValue><baseValue baseType="string">0.2</baseValue><baseValue baseType="string">0.3</baseValue><baseValue baseType="string">0.4</baseValue></multiple></random></setTemplateValue><setTemplateValue identifier="b"><random><multiple><baseValue baseType="string">92</baseValue><baseValue baseType="string">93</baseValue><baseValue baseType="string">94</baseValue><baseValue baseType="string">95</baseValue><baseValue baseType="string">96</baseValue></multiple></random></setTemplateValue><setTemplateValue identifier="n"><random><multiple><baseValue baseType="string">0.9</baseValue><baseValue baseType="string">1</baseValue><baseValue baseType="string">2</baseValue><baseValue baseType="string">3</baseValue></multiple></random></setTemplateValue><setTemplateValue identifier="s"><customOperator definition="MAXIMA" value="float((100-$(1))*$(2)/($(3)*$(4)+(100-$(5))*$(6))*100);"><variable identifier="t" /><variable identifier="n" /><variable identifier="t" /><variable identifier="b" /><variable identifier="t" /><variable identifier="n" /></customOperator></setTemplateValue><setTemplateValue identifier="te"><customOperator definition="MAXIMA" value="float(($(1)*$(2)+(100-$(3))*$(4))/100);"><variable identifier="t" /><variable identifier="b" /><variable identifier="t" /><variable identifier="n" /></customOperator></setTemplateValue><setCorrectResponse identifier="RESPONSE_1400827560847"><variable identifier="te" /></setCorrectResponse><setCorrectResponse identifier="RESPONSE_1400825252653"><variable identifier="s" /></setCorrectResponse></templateProcessing><itemBody ><p><p style="-qt-block-indent: 0; text-indent: 0px; margin: 0px;">Ergibt sich bei einer Tbc-Röntgenuntersuchung ein positiver Befund, so stellt sich für den Betroffenen die Frage nach der Chance, trotzdem gesund zu sein.</p><p style="-qt-block-indent: 0; text-indent: 0px; margin: 0px;"> </p><p style="-qt-block-indent: 0; text-indent: 0px; margin: 0px;">Folgende 3 Modellannahmen seien zugrundegelegt:</p><p style="-qt-block-indent: 0; text-indent: 0px; margin: 0px;"> </p><p style="-qt-block-indent: 0; text-indent: 0px; margin: 0px;">1.) <printedVariable identifier="t" />% der Bevölkerung haben Tbc.</p><p style="-qt-block-indent: 0; text-indent: 0px; margin: 0px;">2.) Bei Tbc-Trägern liefert die Untersuchung in <printedVariable identifier="b" />% aller Fälle</p><p style="-qt-block-indent: 0; text-indent: 0px; margin: 0px;">einen positiven Befund, d.h. ein richtiges Ergebnis.</p><p style="-qt-block-indent: 0; text-indent: 0px; margin: 0px;">3.)Bei gesunden Personen liefert die Untersuchung in <printedVariable identifier="n" />% aller Fälle</p><p style="-qt-block-indent: 0; text-indent: 0px; margin: 0px;">einen positiven Befund, d.h. ein falsches Ergebnis.</p><p style="-qt-block-indent: 0; text-indent: 0px; margin: 0px;"> </p><p style="-qt-block-indent: 0; text-indent: 0px; margin: 0px;">Berechnen Sie die Wahrscheinlichkeit T in Prozent dafür, dass bei einer beliebig herausgegriffenen Person, der Tbc-Test Befund positiv ist. Runden Sie den prozentualen Wert auf eine Stelle nach dem Komma:</p><p style="-qt-block-indent: 0; text-indent: 0px; margin: 0px;"> </p><p style="-qt-block-indent: 0; text-indent: 0px; margin: 0px;">T =  <textEntryInteraction responseIdentifier="RESPONSE_1400827560847" expectedLength="3" /> %</p><p style="-qt-block-indent: 0; text-indent: 0px; margin: 0px;"> </p><p style="-qt-block-indent: 0; text-indent: 0px; margin: 0px;">Berechnen Sie die Wahrscheinlichkeit W in Prozent, dass eine zufällig herausgegriffene Person gesund ist obwohl der Tbc-Testbefund positiv war. Runden Sie den prozentualen Wert auf eine Stelle nach dem Komma:</p><p style="-qt-block-indent: 0; text-indent: 0px; margin: 0px;"> </p><p style="-qt-block-indent: 0; text-indent: 0px; margin: 0px;">W = <textEntryInteraction responseIdentifier="RESPONSE_1400825252653" expectedLength="4" /> %</p></p></itemBody><responseProcessing><responseCondition><responseIf><equal toleranceMode="absolute" tolerance="0.1 0.1" includeLowerBound="true" includeUpperBound="true"><variable identifier="RESPONSE_1400827560847" /><correct identifier="RESPONSE_1400827560847" /></equal><setOutcomeValue identifier="SCORE"><sum><variable identifier="SCORE" /><baseValue baseType="float">3</baseValue></sum></setOutcomeValue></responseIf></responseCondition><responseCondition><responseIf><not><isNull><variable identifier="RESPONSE_1400827560847" /></isNull></not><setOutcomeValue identifier="FEEDBACKBASIC"><baseValue baseType="identifier">incorrect</baseValue></setOutcomeValue></responseIf></responseCondition><responseCondition><responseIf><equal toleranceMode="absolute" tolerance="0.1 0.1" includeLowerBound="true" includeUpperBound="true"><variable identifier="RESPONSE_1400825252653" /><correct identifier="RESPONSE_1400825252653" /></equal><setOutcomeValue identifier="SCORE"><sum><variable identifier="SCORE" /><baseValue baseType="float">3</baseValue></sum></setOutcomeValue></responseIf></responseCondition><responseCondition><responseIf><not><isNull><variable identifier="RESPONSE_1400825252653" /></isNull></not><setOutcomeValue identifier="FEEDBACKBASIC"><baseValue baseType="identifier">incorrect</baseValue></setOutcomeValue></responseIf></responseCondition><responseCondition><responseIf><and><not><match><variable identifier="FEEDBACKBASIC" /><baseValue baseType="identifier">empty</baseValue></match></not><equal toleranceMode="exact"><variable identifier="SCORE" /><variable identifier="MAXSCORE" /></equal></and><setOutcomeValue identifier="FEEDBACKBASIC"><baseValue baseType="identifier">correct</baseValue></setOutcomeValue></responseIf></responseCondition><responseCondition><responseIf><and><match><baseValue baseType="identifier">correct</baseValue><variable identifier="FEEDBACKBASIC" /></match></and><setOutcomeValue identifier="FEEDBACKMODAL"><multiple><variable identifier="FEEDBACKMODAL" /><baseValue baseType="identifier">Feedback460597395</baseValue></multiple></setOutcomeValue></responseIf></responseCondition><responseCondition><responseIf><and><match><baseValue baseType="identifier">incorrect</baseValue><variable identifier="FEEDBACKBASIC" /></match></and><setOutcomeValue identifier="FEEDBACKMODAL"><multiple><variable identifier="FEEDBACKMODAL" /><baseValue baseType="identifier">Feedback1729353977</baseValue></multiple></setOutcomeValue></responseIf></responseCondition></responseProcessing><modalFeedback  identifier="Feedback460597395" outcomeIdentifier="FEEDBACKMODAL" showHide="show"><p><strong>Ihre Lösungen zur Aufgabe 10.3 sind zu den Eich Lösungen äquivalent. Volle Punkte für diese Aufgabe.</strong></p></modalFeedback><modalFeedback  identifier="Feedback1729353977" outcomeIdentifier="FEEDBACKMODAL" showHide="show"><p><strong>Ihre Lösung für mindestens eine der Lücken zu Aufgabe 10.3 war nicht äquivalent zur Eich Lösung. Es gab einen Punkteabzug.</strong></p><p>Lösungshinweise:</p><p>Für T: Sei A das Ereignis, dass eine beliebige Person Tbc hat. Sei B das Ereignis, dass der Tbc-Befund einer beliebigen Person positiv ist. Dann sind nach den Modellannahme die folgenden Wahrscheinlichkeiten gegeben:</p><p>\(P(A), \ P(B|A)\) und \(P(B|\overline{A}) \). Gesucht ist P(B). Um B mit den bekannten Wahrscheinlichkeiten zu verknüpfen, zerlegen wir B in:</p><p>\( B = (B\cap A) \cup (B \cap \overline{A}) \) und diese Vereinigung ist disjunkt. Man berechne jetzt</p><p>die Wahrscheinlichkeiten von \(B\cap A\) und \( B \cup \overline{A}\) mit Hilfe der Definitionen von</p><p>\(P(B|A)\) und \(P(B|\overline{A})\).</p><p>Für W: Gesucht ist \(P(\overline{A}|B)\). Verwende direkt die Formel von Bayes oder benutze die Definitionsgleichung von \(P(\overline{A}|B)\) zusammen mit dem Resultat T.</p></modalFeedback></assessmentItem>
