<?xml version="1.0" encoding="UTF-8"?>
<assessmentItem xmlns="http://www.imsglobal.org/xsd/imsqti_v2p1" xmlns:xsi="http://www.w3.org/2001/XMLSchema-instance" xsi:schemaLocation="http://www.imsglobal.org/xsd/imsqti_v2p1 http://www.imsglobal.org/xsd/qti/qtiv2p1/imsqti_v2p1p1.xsd http://www.w3.org/1998/Math/MathML http://www.w3.org/Math/XMLSchema/mathml2/mathml2.xsd" identifier="id75713b89-7d40-4bf8-a979-19a5c26cfab2" title="Matrixoperationen" adaptive="false" timeDependent="false"><responseDeclaration identifier="RESPONSE_1415953353856" cardinality="single" baseType="float"><correctResponse><value>0</value></correctResponse></responseDeclaration><responseDeclaration identifier="RESPONSE_1415953399015" cardinality="single" baseType="float"><correctResponse><value>0</value></correctResponse></responseDeclaration><responseDeclaration identifier="RESPONSE_1415953427982" cardinality="single" baseType="float"><correctResponse><value>2</value></correctResponse></responseDeclaration><responseDeclaration identifier="RESPONSE_1415953472038" cardinality="single" baseType="float"><correctResponse><value>4</value></correctResponse></responseDeclaration><responseDeclaration identifier="RESPONSE_1415953514522" cardinality="single" baseType="float"><correctResponse><value>2</value></correctResponse></responseDeclaration><responseDeclaration identifier="RESPONSE_1415953547790" cardinality="single" baseType="float"><correctResponse><value>3</value></correctResponse></responseDeclaration><responseDeclaration identifier="RESPONSE_1415953625679" cardinality="single" baseType="float"><correctResponse><value>0</value></correctResponse></responseDeclaration><responseDeclaration identifier="RESPONSE_1415953648461" cardinality="single" baseType="float"><correctResponse><value>0</value></correctResponse></responseDeclaration><responseDeclaration identifier="RESPONSE_1415953674680" cardinality="single" baseType="float"><correctResponse><value>4</value></correctResponse></responseDeclaration><responseDeclaration identifier="RESPONSE_1415953716459" cardinality="single" baseType="float"><correctResponse><value>3</value></correctResponse></responseDeclaration><responseDeclaration identifier="RESPONSE_1415953771840" cardinality="single" baseType="float"><correctResponse><value>0</value></correctResponse></responseDeclaration><responseDeclaration identifier="RESPONSE_1415953790611" cardinality="single" baseType="float"><correctResponse><value>0</value></correctResponse></responseDeclaration><outcomeDeclaration identifier="SCORE" cardinality="single" baseType="float"><defaultValue><value>0</value></defaultValue></outcomeDeclaration><outcomeDeclaration identifier="MAXSCORE" cardinality="single" baseType="float"><defaultValue><value>6</value></defaultValue></outcomeDeclaration><outcomeDeclaration identifier="FEEDBACKBASIC" cardinality="single" baseType="identifier" view="testConstructor"><defaultValue><value>empty</value></defaultValue></outcomeDeclaration><templateDeclaration identifier="var1" cardinality="single" baseType="integer" /><templateDeclaration identifier="var2" cardinality="single" baseType="integer" /><templateDeclaration identifier="solution" cardinality="single" baseType="integer" /><templateProcessing><setTemplateValue identifier="var1"><randomInteger min="1" max="10" /></setTemplateValue><setTemplateValue identifier="var2"><randomInteger min="1" max="10" /></setTemplateValue><setTemplateValue identifier="solution"><customOperator definition="MAXIMA" value="float($(1)+$(2));"><variable identifier="var1" /><variable identifier="var2" /></customOperator></setTemplateValue></templateProcessing><itemBody ><p><p>Gegeben seien folgende Matrizen:</p><p>$$A$$ mit Ordnung $$(2,3)$$,</p><p>$$B$$ mit Ordnung $$(4,3)$$,</p><p>$$C$$ mit Ordnung $$(2,4)$$ und</p><p>$$D$$ mit Ordnung $$(3,2)$$.</p><p>Mit anderen Worten: $$A$$ ist eine $$2\times3$$-Matrix, $$B$$ eine $$4\times3$$-Matrix, usw.</p><p> </p><p>Entscheiden Sie ob die folgenden Operationen definiert sind, und geben ggf. die Ordnung des Ergebnisses an.</p><p>Ist eine Operation nicht definiert, so ist dies durch Eintragen zweier Nullen zu kennzeichnen.</p><p> </p><p>$$A+B$$     hat die Ordnung $$($$<textEntryInteraction responseIdentifier="RESPONSE_1415953353856" expectedLength="1" />$$,$$<textEntryInteraction responseIdentifier="RESPONSE_1415953399015" expectedLength="1" />$$)$$.</p><p>$$ADC$$     hat die Ordnung $$($$<textEntryInteraction responseIdentifier="RESPONSE_1415953427982" expectedLength="1" />$$,$$<textEntryInteraction responseIdentifier="RESPONSE_1415953472038" expectedLength="1" />$$)$$.</p><p>$$CB+A$$     hat die Ordnung $$($$<textEntryInteraction responseIdentifier="RESPONSE_1415953514522" expectedLength="1" />$$,$$<textEntryInteraction responseIdentifier="RESPONSE_1415953547790" expectedLength="1" />$$)$$.</p><p>$$B-DC$$     hat die Ordnung $$($$<textEntryInteraction responseIdentifier="RESPONSE_1415953625679" expectedLength="1" />$$,$$<textEntryInteraction responseIdentifier="RESPONSE_1415953648461" expectedLength="1" />$$)$$.</p><p>$$B+C^TD^T$$     hat die Ordnung $$($$<textEntryInteraction responseIdentifier="RESPONSE_1415953674680" expectedLength="1" />$$,$$<textEntryInteraction responseIdentifier="RESPONSE_1415953716459" expectedLength="1" />$$)$$.</p><p>$$D^{-1}$$      hat die Ordnung $$($$<textEntryInteraction responseIdentifier="RESPONSE_1415953771840" expectedLength="1" />$$,$$<textEntryInteraction responseIdentifier="RESPONSE_1415953790611" expectedLength="1" />$$)$$.</p><p> </p></p></itemBody><responseProcessing><responseCondition><responseIf><equal toleranceMode="exact"><variable identifier="RESPONSE_1415953353856" /><correct identifier="RESPONSE_1415953353856" /></equal><setOutcomeValue identifier="SCORE"><sum><variable identifier="SCORE" /><baseValue baseType="float">0.5</baseValue></sum></setOutcomeValue></responseIf></responseCondition><responseCondition><responseIf><not><isNull><variable identifier="RESPONSE_1415953353856" /></isNull></not><setOutcomeValue identifier="FEEDBACKBASIC"><baseValue baseType="identifier">incorrect</baseValue></setOutcomeValue></responseIf></responseCondition><responseCondition><responseIf><equal toleranceMode="exact"><variable identifier="RESPONSE_1415953399015" /><correct identifier="RESPONSE_1415953399015" /></equal><setOutcomeValue identifier="SCORE"><sum><variable identifier="SCORE" /><baseValue baseType="float">0.5</baseValue></sum></setOutcomeValue></responseIf></responseCondition><responseCondition><responseIf><not><isNull><variable identifier="RESPONSE_1415953399015" /></isNull></not><setOutcomeValue identifier="FEEDBACKBASIC"><baseValue baseType="identifier">incorrect</baseValue></setOutcomeValue></responseIf></responseCondition><responseCondition><responseIf><equal toleranceMode="exact"><variable identifier="RESPONSE_1415953427982" /><correct identifier="RESPONSE_1415953427982" /></equal><setOutcomeValue identifier="SCORE"><sum><variable identifier="SCORE" /><baseValue baseType="float">0.5</baseValue></sum></setOutcomeValue></responseIf></responseCondition><responseCondition><responseIf><not><isNull><variable identifier="RESPONSE_1415953427982" /></isNull></not><setOutcomeValue identifier="FEEDBACKBASIC"><baseValue baseType="identifier">incorrect</baseValue></setOutcomeValue></responseIf></responseCondition><responseCondition><responseIf><equal toleranceMode="exact"><variable identifier="RESPONSE_1415953472038" /><correct identifier="RESPONSE_1415953472038" /></equal><setOutcomeValue identifier="SCORE"><sum><variable identifier="SCORE" /><baseValue baseType="float">0.5</baseValue></sum></setOutcomeValue></responseIf></responseCondition><responseCondition><responseIf><not><isNull><variable identifier="RESPONSE_1415953472038" /></isNull></not><setOutcomeValue identifier="FEEDBACKBASIC"><baseValue baseType="identifier">incorrect</baseValue></setOutcomeValue></responseIf></responseCondition><responseCondition><responseIf><equal toleranceMode="exact"><variable identifier="RESPONSE_1415953514522" /><correct identifier="RESPONSE_1415953514522" /></equal><setOutcomeValue identifier="SCORE"><sum><variable identifier="SCORE" /><baseValue baseType="float">0.5</baseValue></sum></setOutcomeValue></responseIf></responseCondition><responseCondition><responseIf><not><isNull><variable identifier="RESPONSE_1415953514522" /></isNull></not><setOutcomeValue identifier="FEEDBACKBASIC"><baseValue baseType="identifier">incorrect</baseValue></setOutcomeValue></responseIf></responseCondition><responseCondition><responseIf><equal toleranceMode="exact"><variable identifier="RESPONSE_1415953547790" /><correct identifier="RESPONSE_1415953547790" /></equal><setOutcomeValue identifier="SCORE"><sum><variable identifier="SCORE" /><baseValue baseType="float">0.5</baseValue></sum></setOutcomeValue></responseIf></responseCondition><responseCondition><responseIf><not><isNull><variable identifier="RESPONSE_1415953547790" /></isNull></not><setOutcomeValue identifier="FEEDBACKBASIC"><baseValue baseType="identifier">incorrect</baseValue></setOutcomeValue></responseIf></responseCondition><responseCondition><responseIf><equal toleranceMode="exact"><variable identifier="RESPONSE_1415953625679" /><correct identifier="RESPONSE_1415953625679" /></equal><setOutcomeValue identifier="SCORE"><sum><variable identifier="SCORE" /><baseValue baseType="float">0.5</baseValue></sum></setOutcomeValue></responseIf></responseCondition><responseCondition><responseIf><not><isNull><variable identifier="RESPONSE_1415953625679" /></isNull></not><setOutcomeValue identifier="FEEDBACKBASIC"><baseValue baseType="identifier">incorrect</baseValue></setOutcomeValue></responseIf></responseCondition><responseCondition><responseIf><equal toleranceMode="exact"><variable identifier="RESPONSE_1415953648461" /><correct identifier="RESPONSE_1415953648461" /></equal><setOutcomeValue identifier="SCORE"><sum><variable identifier="SCORE" /><baseValue baseType="float">0.5</baseValue></sum></setOutcomeValue></responseIf></responseCondition><responseCondition><responseIf><not><isNull><variable identifier="RESPONSE_1415953648461" /></isNull></not><setOutcomeValue identifier="FEEDBACKBASIC"><baseValue baseType="identifier">incorrect</baseValue></setOutcomeValue></responseIf></responseCondition><responseCondition><responseIf><equal toleranceMode="exact"><variable identifier="RESPONSE_1415953674680" /><correct identifier="RESPONSE_1415953674680" /></equal><setOutcomeValue identifier="SCORE"><sum><variable identifier="SCORE" /><baseValue baseType="float">0.5</baseValue></sum></setOutcomeValue></responseIf></responseCondition><responseCondition><responseIf><not><isNull><variable identifier="RESPONSE_1415953674680" /></isNull></not><setOutcomeValue identifier="FEEDBACKBASIC"><baseValue baseType="identifier">incorrect</baseValue></setOutcomeValue></responseIf></responseCondition><responseCondition><responseIf><equal toleranceMode="exact"><variable identifier="RESPONSE_1415953716459" /><correct identifier="RESPONSE_1415953716459" /></equal><setOutcomeValue identifier="SCORE"><sum><variable identifier="SCORE" /><baseValue baseType="float">0.5</baseValue></sum></setOutcomeValue></responseIf></responseCondition><responseCondition><responseIf><not><isNull><variable identifier="RESPONSE_1415953716459" /></isNull></not><setOutcomeValue identifier="FEEDBACKBASIC"><baseValue baseType="identifier">incorrect</baseValue></setOutcomeValue></responseIf></responseCondition><responseCondition><responseIf><equal toleranceMode="exact"><variable identifier="RESPONSE_1415953771840" /><correct identifier="RESPONSE_1415953771840" /></equal><setOutcomeValue identifier="SCORE"><sum><variable identifier="SCORE" /><baseValue baseType="float">0.5</baseValue></sum></setOutcomeValue></responseIf></responseCondition><responseCondition><responseIf><not><isNull><variable identifier="RESPONSE_1415953771840" /></isNull></not><setOutcomeValue identifier="FEEDBACKBASIC"><baseValue baseType="identifier">incorrect</baseValue></setOutcomeValue></responseIf></responseCondition><responseCondition><responseIf><equal toleranceMode="exact"><variable identifier="RESPONSE_1415953790611" /><correct identifier="RESPONSE_1415953790611" /></equal><setOutcomeValue identifier="SCORE"><sum><variable identifier="SCORE" /><baseValue baseType="float">0.5</baseValue></sum></setOutcomeValue></responseIf></responseCondition><responseCondition><responseIf><not><isNull><variable identifier="RESPONSE_1415953790611" /></isNull></not><setOutcomeValue identifier="FEEDBACKBASIC"><baseValue baseType="identifier">incorrect</baseValue></setOutcomeValue></responseIf></responseCondition><responseCondition><responseIf><and><not><match><variable identifier="FEEDBACKBASIC" /><baseValue baseType="identifier">empty</baseValue></match></not><equal toleranceMode="exact"><variable identifier="SCORE" /><variable identifier="MAXSCORE" /></equal></and><setOutcomeValue identifier="FEEDBACKBASIC"><baseValue baseType="identifier">correct</baseValue></setOutcomeValue></responseIf></responseCondition></responseProcessing></assessmentItem>
