<?xml version="1.0" encoding="UTF-8"?>
<assessmentItem xmlns="http://www.imsglobal.org/xsd/imsqti_v2p1" xmlns:xsi="http://www.w3.org/2001/XMLSchema-instance" xsi:schemaLocation="http://www.imsglobal.org/xsd/imsqti_v2p1 http://www.imsglobal.org/xsd/qti/qtiv2p1/imsqti_v2p1p1.xsd http://www.w3.org/1998/Math/MathML http://www.w3.org/Math/XMLSchema/mathml2/mathml2.xsd" identifier="idbd68c732-412e-475d-89b9-9490317e684d" title="winkelfunktion_graphisch_04" adaptive="false" timeDependent="false"><responseDeclaration identifier="RESPONSE_1" cardinality="multiple" baseType="identifier"><correctResponse><value>id24897e90-7e24-46c2-a769-a40130bd52ed</value><value>idab5ee86e-f310-4e26-8489-e0bfa49629f1</value></correctResponse><mapping defaultValue="0" lowerBound="0.0"><mapEntry mapKey="id24897e90-7e24-46c2-a769-a40130bd52ed" mappedValue="0.5" /><mapEntry mapKey="idab5ee86e-f310-4e26-8489-e0bfa49629f1" mappedValue="0.5" /><mapEntry mapKey="id095c6970-7854-47d1-9930-b16aac677e57" mappedValue="-0.5" /><mapEntry mapKey="id60a6a04b-ba88-483d-9a96-00d262187215" mappedValue="-0.5" /></mapping></responseDeclaration><outcomeDeclaration identifier="SCORE" cardinality="single" baseType="float"><defaultValue><value>0</value></defaultValue></outcomeDeclaration><outcomeDeclaration identifier="MAXSCORE" cardinality="single" baseType="float"><defaultValue><value>1</value></defaultValue></outcomeDeclaration><outcomeDeclaration identifier="FEEDBACKBASIC" cardinality="single" baseType="identifier" view="testConstructor"><defaultValue><value>empty</value></defaultValue></outcomeDeclaration><itemBody ><p>Der Graph welcher Funktion ist auf folgendem Bild zu sehen?</p><p><img src="media%2Fmedium845222576108344393sin_x-pi_2.png" alt="" width="500" /></p><choiceInteraction responseIdentifier="RESPONSE_1" shuffle="true" maxChoices="0"><simpleChoice identifier="id24897e90-7e24-46c2-a769-a40130bd52ed"><p>\(\sin(x-\frac\pi2)\)</p></simpleChoice><simpleChoice identifier="idab5ee86e-f310-4e26-8489-e0bfa49629f1"><p>\(-\cos(x)\)</p></simpleChoice><simpleChoice identifier="id095c6970-7854-47d1-9930-b16aac677e57"><p>\(\sin(x+\frac\pi2)\)</p></simpleChoice><simpleChoice identifier="id60a6a04b-ba88-483d-9a96-00d262187215"><p>\(\cos(x-\frac\pi2)\)</p></simpleChoice></choiceInteraction></itemBody><responseProcessing><responseCondition><responseIf><not><isNull><variable identifier="RESPONSE_1" /></isNull></not><setOutcomeValue identifier="SCORE"><sum><variable identifier="SCORE" /><mapResponse identifier="RESPONSE_1" /></sum></setOutcomeValue><setOutcomeValue identifier="FEEDBACKBASIC"><baseValue baseType="identifier">incorrect</baseValue></setOutcomeValue></responseIf></responseCondition><responseCondition><responseIf><and><not><match><variable identifier="FEEDBACKBASIC" /><baseValue baseType="identifier">empty</baseValue></match></not><equal toleranceMode="exact"><variable identifier="SCORE" /><variable identifier="MAXSCORE" /></equal></and><setOutcomeValue identifier="FEEDBACKBASIC"><baseValue baseType="identifier">correct</baseValue></setOutcomeValue></responseIf></responseCondition></responseProcessing></assessmentItem>
