<?xml version="1.0" encoding="UTF-8"?>
<assessmentItem xmlns="http://www.imsglobal.org/xsd/imsqti_v2p1" xmlns:xsi="http://www.w3.org/2001/XMLSchema-instance" xsi:schemaLocation="http://www.imsglobal.org/xsd/imsqti_v2p1 http://www.imsglobal.org/xsd/qti/qtiv2p1/imsqti_v2p1p1.xsd http://www.w3.org/1998/Math/MathML http://www.w3.org/Math/XMLSchema/mathml2/mathml2.xsd" identifier="ide07a788c-84ae-443a-b10d-253dba9679b0" title="KomplexeQuadratischeGleichung" adaptive="false" timeDependent="false"><responseDeclaration identifier="RESPONSE_1406624753932" cardinality="single" baseType="string" /><outcomeDeclaration identifier="SCORE" cardinality="single" baseType="float"><defaultValue><value>0</value></defaultValue></outcomeDeclaration><outcomeDeclaration identifier="MAXSCORE" cardinality="single" baseType="float"><defaultValue><value>1</value></defaultValue></outcomeDeclaration><outcomeDeclaration identifier="FEEDBACKBASIC" cardinality="single" baseType="identifier" view="testConstructor"><defaultValue><value>empty</value></defaultValue></outcomeDeclaration><outcomeDeclaration identifier="FEEDBACKMODAL" cardinality="multiple" baseType="identifier" view="testConstructor" /><templateDeclaration identifier="p" cardinality="single" baseType="float" /><templateDeclaration identifier="a2" cardinality="single" baseType="float" /><templateDeclaration identifier="q" cardinality="single" baseType="float" /><templateDeclaration identifier="a3" cardinality="single" baseType="integer" /><templateDeclaration identifier="p1" cardinality="single" baseType="integer" /><templateDeclaration identifier="tg" cardinality="single" baseType="string" /><templateProcessing><setTemplateValue identifier="p"><random><multiple><baseValue baseType="float">-8</baseValue><baseValue baseType="float">-10</baseValue><baseValue baseType="float">-2</baseValue><baseValue baseType="float">-4</baseValue><baseValue baseType="float">-6</baseValue><baseValue baseType="float">2</baseValue><baseValue baseType="float">4</baseValue><baseValue baseType="float">6</baseValue><baseValue baseType="float">8</baseValue><baseValue baseType="float">10</baseValue></multiple></random></setTemplateValue><setTemplateValue identifier="a2"><random><multiple><baseValue baseType="float">1</baseValue><baseValue baseType="float">4</baseValue><baseValue baseType="float">9</baseValue><baseValue baseType="float">16</baseValue><baseValue baseType="float">25</baseValue><baseValue baseType="float">36</baseValue><baseValue baseType="float">49</baseValue><baseValue baseType="float">64</baseValue></multiple></random></setTemplateValue><setTemplateValue identifier="q"><customOperator definition="MAXIMA" value="float(($(1)/2)^2+$(2));"><variable identifier="p" /><variable identifier="a2" /></customOperator></setTemplateValue><setTemplateValue identifier="a3"><customOperator definition="MAXIMA" value="float(sqrt($(1)));"><variable identifier="a2" /></customOperator></setTemplateValue><setTemplateValue identifier="p1"><customOperator definition="MAXIMA" value="float(-$(1)/2);"><variable identifier="p" /></customOperator></setTemplateValue><setTemplateValue identifier="tg"><customOperator definition="MAXIMA" value="tex1($(1)*z + z^2  + $(2))"><variable identifier="p" /><variable identifier="q" /></customOperator></setTemplateValue><setCorrectResponse identifier="RESPONSE_1406624753932"><customOperator definition="VARIABLESTRING" value="{$(2)- %i*$(1), $(2)+ %i*$(1)}"><variable identifier="a3" /><variable identifier="p1" /></customOperator></setCorrectResponse></templateProcessing><itemBody ><p><p><p>Berechnen Sie Lösungsmenge \(L\) der Gleichung</p><p>\[<printedVariable identifier="tg" /> = 0 .\]</p><p>Verwenden Sie %i für die komplexe imaginare Einheit \(\mathrm{i}\). Als Multiplikationszeichen muss * verwendet werden.</p><p>Beispiel:  {1+3*%i, 1-3*%i}</p><p>\(L\) = <textEntryInteraction responseIdentifier="RESPONSE_1406624753932" expectedLength="20" class="maxima-formula show-latex show-syntax-error" /></p><p> </p></p></p></itemBody><responseProcessing><responseCondition><responseIf><customOperator definition="MAXIMA" value="is(equal(ev($(1)),ev($(2))));"><variable identifier="RESPONSE_1406624753932" /><correct identifier="RESPONSE_1406624753932" /></customOperator><setOutcomeValue identifier="SCORE"><sum><variable identifier="SCORE" /><baseValue baseType="float">1</baseValue></sum></setOutcomeValue></responseIf></responseCondition><responseCondition><responseIf><not><isNull><variable identifier="RESPONSE_1406624753932" /></isNull></not><setOutcomeValue identifier="FEEDBACKBASIC"><baseValue baseType="identifier">incorrect</baseValue></setOutcomeValue></responseIf></responseCondition><responseCondition><responseIf><and><not><match><variable identifier="FEEDBACKBASIC" /><baseValue baseType="identifier">empty</baseValue></match></not><equal toleranceMode="exact"><variable identifier="SCORE" /><variable identifier="MAXSCORE" /></equal></and><setOutcomeValue identifier="FEEDBACKBASIC"><baseValue baseType="identifier">correct</baseValue></setOutcomeValue></responseIf></responseCondition><responseCondition><responseIf><and><match><baseValue baseType="identifier">correct</baseValue><variable identifier="FEEDBACKBASIC" /></match></and><setOutcomeValue identifier="FEEDBACKMODAL"><multiple><variable identifier="FEEDBACKMODAL" /><baseValue baseType="identifier">Feedback1000289093</baseValue></multiple></setOutcomeValue></responseIf></responseCondition><responseCondition><responseIf><and><match><baseValue baseType="identifier">incorrect</baseValue><variable identifier="FEEDBACKBASIC" /></match></and><setOutcomeValue identifier="FEEDBACKMODAL"><multiple><variable identifier="FEEDBACKMODAL" /><baseValue baseType="identifier">Feedback1356797335</baseValue></multiple></setOutcomeValue></responseIf></responseCondition></responseProcessing><modalFeedback  identifier="Feedback1000289093" outcomeIdentifier="FEEDBACKMODAL" showHide="show" title="Alles richtig!" /><modalFeedback  identifier="Feedback1356797335" outcomeIdentifier="FEEDBACKMODAL" showHide="show" title="Leider nicht alles richtig!"><p>Verwenden Sie die \(p\)-\(q\) Formel angewendet auf die Gleichung:</p><p>\[z^2+ pz  + q = 0 \]</p><p>Dies führt auf \( z_{1,2} = \frac{-p}{2} \pm \sqrt{ (\frac{-p}{2})^2-q}\). Falls nun der Radikant kleiner Null sein sollte, gilt \( z_{1,2} = \frac{-p}{2} \pm i \sqrt{ q- (\frac{-p}{2})^2}\).</p><p>Z.B. \( \sqrt{-4}= 2i\)</p></modalFeedback></assessmentItem>
