<?xml version="1.0" encoding="UTF-8"?>
<assessmentItem xmlns="http://www.imsglobal.org/xsd/imsqti_v2p1" xmlns:xsi="http://www.w3.org/2001/XMLSchema-instance" xsi:schemaLocation="http://www.imsglobal.org/xsd/imsqti_v2p1 http://www.imsglobal.org/xsd/qti/qtiv2p1/imsqti_v2p1p1.xsd http://www.w3.org/1998/Math/MathML http://www.w3.org/Math/XMLSchema/mathml2/mathml2.xsd" identifier="id4faef18b-b922-4c17-827e-ec36fcafbcac" title="funktion_ja/nein_01" adaptive="false" timeDependent="false"><responseDeclaration identifier="RESPONSE_1" cardinality="multiple" baseType="identifier"><correctResponse><value>id8e893aae-bb3e-4467-b1af-0fa375ba17a5</value><value>idc4132dd5-8c1a-4af5-a9be-a5728e360fe9</value></correctResponse><mapping defaultValue="0" lowerBound="0.0"><mapEntry mapKey="id5caf4fdb-f542-49ed-a72e-8eb51279f58d" mappedValue="-0.5" /><mapEntry mapKey="id8e893aae-bb3e-4467-b1af-0fa375ba17a5" mappedValue="1.5" /><mapEntry mapKey="idf011ba35-3527-4890-bf02-07de6ee0e3e3" mappedValue="-0.5" /><mapEntry mapKey="idc4132dd5-8c1a-4af5-a9be-a5728e360fe9" mappedValue="1.5" /><mapEntry mapKey="id99066d91-e675-4ce2-8f8c-afac9eb558a2" mappedValue="-0.5" /></mapping></responseDeclaration><outcomeDeclaration identifier="SCORE" cardinality="single" baseType="float"><defaultValue><value>0</value></defaultValue></outcomeDeclaration><outcomeDeclaration identifier="MAXSCORE" cardinality="single" baseType="float"><defaultValue><value>3</value></defaultValue></outcomeDeclaration><outcomeDeclaration identifier="FEEDBACKBASIC" cardinality="single" baseType="identifier" view="testConstructor"><defaultValue><value>empty</value></defaultValue></outcomeDeclaration><itemBody ><p>Welche der folgenden Relationen \(f\subset[0,1]\times\mathbb R\) definieren Funktionen von \([0,1]\) nach \(\mathbb R\)?</p><choiceInteraction responseIdentifier="RESPONSE_1" shuffle="true" maxChoices="0"><simpleChoice identifier="id5caf4fdb-f542-49ed-a72e-8eb51279f58d"><p>\(f:=\{(x,y)\in[0,1]\times\mathbb R: x^2+y^2=1\}\)</p></simpleChoice><simpleChoice identifier="id8e893aae-bb3e-4467-b1af-0fa375ba17a5"><p>\(f:=\{(x,y)\in[0,1]\times\mathbb R: y-x^3=0\}\)</p></simpleChoice><simpleChoice identifier="idf011ba35-3527-4890-bf02-07de6ee0e3e3"><p>\(f:=\{(x,y)\in[0,1]\times\mathbb R: y^3-xy=0\}\)</p></simpleChoice><simpleChoice identifier="idc4132dd5-8c1a-4af5-a9be-a5728e360fe9"><p>\(f:=\{(x,y)\in[0,1]\times\mathbb R: y^2-2y+1=0\}\)</p></simpleChoice><simpleChoice identifier="id99066d91-e675-4ce2-8f8c-afac9eb558a2"><p>\(f:=\{(x,y)\in[0,1]\times\mathbb R: y^2-1=0\}\)</p></simpleChoice></choiceInteraction></itemBody><responseProcessing><responseCondition><responseIf><not><isNull><variable identifier="RESPONSE_1" /></isNull></not><setOutcomeValue identifier="SCORE"><sum><variable identifier="SCORE" /><mapResponse identifier="RESPONSE_1" /></sum></setOutcomeValue><setOutcomeValue identifier="FEEDBACKBASIC"><baseValue baseType="identifier">incorrect</baseValue></setOutcomeValue></responseIf></responseCondition><responseCondition><responseIf><and><not><match><variable identifier="FEEDBACKBASIC" /><baseValue baseType="identifier">empty</baseValue></match></not><equal toleranceMode="exact"><variable identifier="SCORE" /><variable identifier="MAXSCORE" /></equal></and><setOutcomeValue identifier="FEEDBACKBASIC"><baseValue baseType="identifier">correct</baseValue></setOutcomeValue></responseIf></responseCondition></responseProcessing></assessmentItem>
