<?xml version="1.0" encoding="UTF-8"?>
<assessmentItem xmlns="http://www.imsglobal.org/xsd/imsqti_v2p1" xmlns:xsi="http://www.w3.org/2001/XMLSchema-instance" xsi:schemaLocation="http://www.imsglobal.org/xsd/imsqti_v2p1 http://www.imsglobal.org/xsd/qti/qtiv2p1/imsqti_v2p1p1.xsd http://www.w3.org/1998/Math/MathML http://www.w3.org/Math/XMLSchema/mathml2/mathml2.xsd" identifier="id180d4daa-3fea-43f6-8985-6a06712b4e29" title="Gerade-Ebene_01" adaptive="false" timeDependent="false"><responseDeclaration identifier="RESPONSE_1416083336042" cardinality="single" baseType="string" /><responseDeclaration identifier="RESPONSE_1416083485786" cardinality="single" baseType="string" /><responseDeclaration identifier="RESPONSE_1416083513190" cardinality="single" baseType="string" /><responseDeclaration identifier="RESPONSE_1416220406414" cardinality="single" baseType="float"><correctResponse><value>0</value></correctResponse></responseDeclaration><responseDeclaration identifier="RESPONSE_1416217754723" cardinality="single" baseType="float"><correctResponse><value>0</value></correctResponse></responseDeclaration><outcomeDeclaration identifier="SCORE" cardinality="single" baseType="float"><defaultValue><value>0</value></defaultValue></outcomeDeclaration><outcomeDeclaration identifier="MAXSCORE" cardinality="single" baseType="float"><defaultValue><value>5</value></defaultValue></outcomeDeclaration><outcomeDeclaration identifier="FEEDBACKBASIC" cardinality="single" baseType="identifier" view="testConstructor"><defaultValue><value>empty</value></defaultValue></outcomeDeclaration><outcomeDeclaration identifier="FEEDBACKMODAL" cardinality="multiple" baseType="identifier" view="testConstructor" /><templateDeclaration identifier="a1" cardinality="single" baseType="integer" /><templateDeclaration identifier="a2" cardinality="single" baseType="integer" /><templateDeclaration identifier="a3" cardinality="single" baseType="integer" /><templateDeclaration identifier="r1" cardinality="single" baseType="integer" /><templateDeclaration identifier="r2" cardinality="single" baseType="integer" /><templateDeclaration identifier="r3" cardinality="single" baseType="integer" /><templateDeclaration identifier="n1" cardinality="single" baseType="integer" /><templateDeclaration identifier="n2" cardinality="single" baseType="integer" /><templateDeclaration identifier="n3" cardinality="single" baseType="integer" /><templateDeclaration identifier="d" cardinality="single" baseType="integer" /><templateDeclaration identifier="rntest" cardinality="single" baseType="integer" /><templateDeclaration identifier="tebene" cardinality="single" baseType="string" /><templateDeclaration identifier="t" cardinality="single" baseType="string" /><templateDeclaration identifier="s1" cardinality="single" baseType="string" /><templateDeclaration identifier="s2" cardinality="single" baseType="string" /><templateDeclaration identifier="s3" cardinality="single" baseType="string" /><templateDeclaration identifier="rn" cardinality="single" baseType="integer" /><templateDeclaration identifier="rr" cardinality="single" baseType="integer" /><templateDeclaration identifier="nn" cardinality="single" baseType="integer" /><templateDeclaration identifier="wb" cardinality="single" baseType="float" /><templateDeclaration identifier="wg" cardinality="single" baseType="float" /><templateProcessing><setTemplateValue identifier="a1"><randomInteger min="-3" max="3" /></setTemplateValue><setTemplateValue identifier="a2"><randomInteger min="-3" max="3" /></setTemplateValue><setTemplateValue identifier="a3"><randomInteger min="-3" max="3" /></setTemplateValue><setTemplateValue identifier="r1"><randomInteger min="-3" max="3" /></setTemplateValue><setTemplateValue identifier="r2"><randomInteger min="-3" max="3" /></setTemplateValue><setTemplateValue identifier="r3"><random><multiple><baseValue baseType="integer">-3</baseValue><baseValue baseType="integer">-2</baseValue><baseValue baseType="integer">-1</baseValue><baseValue baseType="integer">1</baseValue><baseValue baseType="integer">2</baseValue><baseValue baseType="integer">3</baseValue></multiple></random></setTemplateValue><setTemplateValue identifier="n1"><randomInteger min="-3" max="3" /></setTemplateValue><setTemplateValue identifier="n2"><randomInteger min="-3" max="3" /></setTemplateValue><setTemplateValue identifier="n3"><random><multiple><baseValue baseType="integer">-3</baseValue><baseValue baseType="integer">-2</baseValue><baseValue baseType="integer">-1</baseValue><baseValue baseType="integer">1</baseValue><baseValue baseType="integer">2</baseValue><baseValue baseType="integer">3</baseValue></multiple></random></setTemplateValue><setTemplateValue identifier="d"><randomInteger min="-3" max="3" /></setTemplateValue><setTemplateValue identifier="rntest"><customOperator definition="MAXIMA" value="float(($(1))*($(2))+($(3))*($(4))+($(5))*($(6)));"><variable identifier="r1" /><variable identifier="n1" /><variable identifier="r2" /><variable identifier="n2" /><variable identifier="r3" /><variable identifier="n3" /></customOperator></setTemplateValue><templateCondition><templateIf><match><variable identifier="rntest" /><baseValue baseType="integer">0</baseValue></match><setTemplateValue identifier="n3"><customOperator definition="MAXIMA" value="float(1-($(1)*$(2)+$(3)*$(4))/$(5));"><variable identifier="r1" /><variable identifier="n1" /><variable identifier="r2" /><variable identifier="n2" /><variable identifier="r3" /></customOperator></setTemplateValue></templateIf></templateCondition><setTemplateValue identifier="tebene"><customOperator definition="MAXIMA" value="tex1(rat($(1)*x+$(2)*y+$(3)*z=$(4),z,y,x))"><variable identifier="n1" /><variable identifier="n2" /><variable identifier="n3" /><variable identifier="d" /></customOperator></setTemplateValue><setTemplateValue identifier="t"><customOperator definition="MAXIMA" value="string(($(1)-($(2)*$(3)+$(4)*$(5)+$(6)*$(7)))/($(8)*$(9)+$(10)*$(11)+$(12)*$(13)))"><variable identifier="d" /><variable identifier="n1" /><variable identifier="a1" /><variable identifier="n2" /><variable identifier="a2" /><variable identifier="n3" /><variable identifier="a3" /><variable identifier="n1" /><variable identifier="r1" /><variable identifier="n2" /><variable identifier="r2" /><variable identifier="n3" /><variable identifier="r3" /></customOperator></setTemplateValue><setTemplateValue identifier="s1"><customOperator definition="MAXIMA" value="string($(1)+$(2)*$(3))"><variable identifier="a1" /><variable identifier="t" /><variable identifier="r1" /></customOperator></setTemplateValue><setTemplateValue identifier="s2"><customOperator definition="MAXIMA" value="string($(1)+$(2)*$(3))"><variable identifier="a2" /><variable identifier="t" /><variable identifier="r2" /></customOperator></setTemplateValue><setTemplateValue identifier="s3"><customOperator definition="MAXIMA" value="string($(1)+$(2)*$(3))"><variable identifier="a3" /><variable identifier="t" /><variable identifier="r3" /></customOperator></setTemplateValue><setTemplateValue identifier="rn"><customOperator definition="MAXIMA" value="float(($(1))*($(2))+($(3))*($(4))+($(5))*($(6)));"><variable identifier="r1" /><variable identifier="n1" /><variable identifier="r2" /><variable identifier="n2" /><variable identifier="r3" /><variable identifier="n3" /></customOperator></setTemplateValue><setTemplateValue identifier="rr"><customOperator definition="MAXIMA" value="float(($(1))*($(2))+($(3))*($(4))+($(5))*($(6)));"><variable identifier="r1" /><variable identifier="r1" /><variable identifier="r2" /><variable identifier="r2" /><variable identifier="r3" /><variable identifier="r3" /></customOperator></setTemplateValue><setTemplateValue identifier="nn"><customOperator definition="MAXIMA" value="float(($(1))*($(2))+($(3))*($(4))+($(5))*($(6)));"><variable identifier="n1" /><variable identifier="n1" /><variable identifier="n2" /><variable identifier="n2" /><variable identifier="n3" /><variable identifier="n3" /></customOperator></setTemplateValue><setTemplateValue identifier="wb"><customOperator definition="MAXIMA" value="float(abs(%pi/2-acos($(1)/(sqrt($(2))*sqrt($(3))))))"><variable identifier="rn" /><variable identifier="rr" /><variable identifier="nn" /></customOperator></setTemplateValue><setTemplateValue identifier="wg"><customOperator definition="MAXIMA" value="float($(1)*180/%pi);"><variable identifier="wb" /></customOperator></setTemplateValue><setCorrectResponse identifier="RESPONSE_1416083336042"><customOperator definition="VARIABLESTRING" value="$(1)"><variable identifier="s1" /></customOperator></setCorrectResponse><setCorrectResponse identifier="RESPONSE_1416083485786"><customOperator definition="VARIABLESTRING" value="$(1)"><variable identifier="s2" /></customOperator></setCorrectResponse><setCorrectResponse identifier="RESPONSE_1416083513190"><customOperator definition="VARIABLESTRING" value="$(1)"><variable identifier="s3" /></customOperator></setCorrectResponse><setCorrectResponse identifier="RESPONSE_1416220406414"><variable identifier="wb" /></setCorrectResponse><setCorrectResponse identifier="RESPONSE_1416217754723"><variable identifier="wg" /></setCorrectResponse></templateProcessing><itemBody ><p><p>Gegeben sind die Gerade</p><p>\(g=\{(<printedVariable identifier="a1" />,<printedVariable identifier="a2" />,<printedVariable identifier="a3" />)+t\cdot (<printedVariable identifier="r1" />,<printedVariable identifier="r2" />,<printedVariable identifier="r3" />)\colon t\in \mathbb R\}\)</p><p>und die Ebene</p><p>\(E=\{(x,y,z)\in \mathbb R^3\colon <printedVariable identifier="tebene" />\}\).</p><p>Berechnen Sie den Schnittpunkt \(S\) und den Schnittwinkel von \(g\) und \(E\)! Geben Sie die Größe des Schnittwinkels im Bogen- und im Gradmaß jeweils auf 2 Dezimalen genau an!</p><p>\(S=\) (<textEntryInteraction responseIdentifier="RESPONSE_1416083336042" expectedLength="3" class="maxima-formula show-latex show-syntax-error" />,<textEntryInteraction responseIdentifier="RESPONSE_1416083485786" expectedLength="3" class="maxima-formula show-latex show-syntax-error" />,<textEntryInteraction responseIdentifier="RESPONSE_1416083513190" expectedLength="3" class="maxima-formula show-latex show-syntax-error" />)</p><p>\(\measuredangle (g,E)=\) <textEntryInteraction responseIdentifier="RESPONSE_1416220406414" expectedLength="3" placeholderText="0,75" /> (im Bogenmaß)</p><p>\(\measuredangle (g,E)=\) <textEntryInteraction responseIdentifier="RESPONSE_1416217754723" expectedLength="3" placeholderText="42,97" /> (im Gradmaß)</p></p></itemBody><responseProcessing><responseCondition><responseIf><customOperator definition="MAXIMA" value="is(equal(ev($(1)),ev($(2))));"><variable identifier="RESPONSE_1416083336042" /><correct identifier="RESPONSE_1416083336042" /></customOperator><setOutcomeValue identifier="SCORE"><sum><variable identifier="SCORE" /><baseValue baseType="float">1</baseValue></sum></setOutcomeValue></responseIf></responseCondition><responseCondition><responseIf><not><isNull><variable identifier="RESPONSE_1416083336042" /></isNull></not><setOutcomeValue identifier="FEEDBACKBASIC"><baseValue baseType="identifier">incorrect</baseValue></setOutcomeValue></responseIf></responseCondition><responseCondition><responseIf><customOperator definition="MAXIMA" value="is(equal(ev($(1)),ev($(2))));"><variable identifier="RESPONSE_1416083485786" /><correct identifier="RESPONSE_1416083485786" /></customOperator><setOutcomeValue identifier="SCORE"><sum><variable identifier="SCORE" /><baseValue baseType="float">1</baseValue></sum></setOutcomeValue></responseIf></responseCondition><responseCondition><responseIf><not><isNull><variable identifier="RESPONSE_1416083485786" /></isNull></not><setOutcomeValue identifier="FEEDBACKBASIC"><baseValue baseType="identifier">incorrect</baseValue></setOutcomeValue></responseIf></responseCondition><responseCondition><responseIf><customOperator definition="MAXIMA" value="is(equal(ev($(1)),ev($(2))));"><variable identifier="RESPONSE_1416083513190" /><correct identifier="RESPONSE_1416083513190" /></customOperator><setOutcomeValue identifier="SCORE"><sum><variable identifier="SCORE" /><baseValue baseType="float">1</baseValue></sum></setOutcomeValue></responseIf></responseCondition><responseCondition><responseIf><not><isNull><variable identifier="RESPONSE_1416083513190" /></isNull></not><setOutcomeValue identifier="FEEDBACKBASIC"><baseValue baseType="identifier">incorrect</baseValue></setOutcomeValue></responseIf></responseCondition><responseCondition><responseIf><equal toleranceMode="absolute" tolerance="0.005 0.005" includeLowerBound="true" includeUpperBound="true"><variable identifier="RESPONSE_1416220406414" /><correct identifier="RESPONSE_1416220406414" /></equal><setOutcomeValue identifier="SCORE"><sum><variable identifier="SCORE" /><baseValue baseType="float">1</baseValue></sum></setOutcomeValue></responseIf></responseCondition><responseCondition><responseIf><not><isNull><variable identifier="RESPONSE_1416220406414" /></isNull></not><setOutcomeValue identifier="FEEDBACKBASIC"><baseValue baseType="identifier">incorrect</baseValue></setOutcomeValue></responseIf></responseCondition><responseCondition><responseIf><equal toleranceMode="absolute" tolerance="0.005 0.005" includeLowerBound="true" includeUpperBound="true"><variable identifier="RESPONSE_1416217754723" /><correct identifier="RESPONSE_1416217754723" /></equal><setOutcomeValue identifier="SCORE"><sum><variable identifier="SCORE" /><baseValue baseType="float">1</baseValue></sum></setOutcomeValue></responseIf></responseCondition><responseCondition><responseIf><not><isNull><variable identifier="RESPONSE_1416217754723" /></isNull></not><setOutcomeValue identifier="FEEDBACKBASIC"><baseValue baseType="identifier">incorrect</baseValue></setOutcomeValue></responseIf></responseCondition><responseCondition><responseIf><and><not><match><variable identifier="FEEDBACKBASIC" /><baseValue baseType="identifier">empty</baseValue></match></not><equal toleranceMode="exact"><variable identifier="SCORE" /><variable identifier="MAXSCORE" /></equal></and><setOutcomeValue identifier="FEEDBACKBASIC"><baseValue baseType="identifier">correct</baseValue></setOutcomeValue></responseIf></responseCondition><responseCondition><responseIf><and><match><baseValue baseType="identifier">correct</baseValue><variable identifier="FEEDBACKBASIC" /></match></and><setOutcomeValue identifier="FEEDBACKMODAL"><multiple><variable identifier="FEEDBACKMODAL" /><baseValue baseType="identifier">Feedback1721804375</baseValue></multiple></setOutcomeValue></responseIf></responseCondition><responseCondition><responseIf><and><match><baseValue baseType="identifier">incorrect</baseValue><variable identifier="FEEDBACKBASIC" /></match></and><setOutcomeValue identifier="FEEDBACKMODAL"><multiple><variable identifier="FEEDBACKMODAL" /><baseValue baseType="identifier">Feedback1023987300</baseValue></multiple></setOutcomeValue></responseIf></responseCondition></responseProcessing><modalFeedback  identifier="Feedback1721804375" outcomeIdentifier="FEEDBACKMODAL" showHide="show" title="Richtig!" /><modalFeedback  identifier="Feedback1023987300" outcomeIdentifier="FEEDBACKMODAL" showHide="show" title="Leider nicht alles richtig!"><p>Die Gerade hat die Darstellung \(g=\{\underline a+t\cdot \underline r\colon t\in \mathbb R\}\)  mit \(\underline a=(<printedVariable identifier="a1" />,<printedVariable identifier="a2" />,<printedVariable identifier="a3" />)\) und \(\underline r=(<printedVariable identifier="r1" />,<printedVariable identifier="r2" />,<printedVariable identifier="r3" />)\).</p><p>Die Ebene hat die Darstellung \(E=\{\underline x\in\mathbb R^3\colon \langle \underline n,\underline x\rangle=d \}\) mit \(\underline n=(<printedVariable identifier="n1" />,<printedVariable identifier="n2" />,<printedVariable identifier="n3" />)\) und \(d=<printedVariable identifier="d" />\).</p><p>Den Ortsvekor \(\underline s\) zum Schnittpunkt bestimmen wir über \(\underline s=\underline a+t_s \underline r\), wobei wir \(t_s\) aus \(\langle \underline n,\underline a+t_s \underline r\rangle=d\) zu \(t_s =\frac{d-\langle \underline n,\underline a\rangle}{\langle \underline n,\underline r\rangle}\) bestimmen. Die Größe des Schnittwinkels ergibt sich aus \(\measuredangle (g,E)=\vert \frac{\pi}{2}-2\cdot \arccos \frac{\langle \underline n,\underline r\rangle}{\Vert \underline n\Vert \cdot \Vert \underline r\Vert}\vert\).</p></modalFeedback></assessmentItem>
