<?xml version="1.0" encoding="UTF-8"?>
<assessmentItem xmlns="http://www.imsglobal.org/xsd/imsqti_v2p1" xmlns:xsi="http://www.w3.org/2001/XMLSchema-instance" xsi:schemaLocation="http://www.imsglobal.org/xsd/imsqti_v2p1 http://www.imsglobal.org/xsd/qti/qtiv2p1/imsqti_v2p1p1.xsd http://www.w3.org/1998/Math/MathML http://www.w3.org/Math/XMLSchema/mathml2/mathml2.xsd" identifier="id16765010-fc59-41c9-a4ca-c8b66e725ffe" title="kurve_rektifizierbar_weg" adaptive="false" timeDependent="false"><responseDeclaration identifier="RESPONSE_1403109051127" cardinality="single" baseType="string"><correctResponse><value>rektifizierbar</value></correctResponse><mapping defaultValue="0"><mapEntry mapKey="rektifizierbar" mappedValue="1" caseSensitive="false" /></mapping></responseDeclaration><responseDeclaration identifier="RESPONSE_1403109066869" cardinality="single" baseType="string"><correctResponse><value>Variation</value></correctResponse><mapping defaultValue="0"><mapEntry mapKey="Variation" mappedValue="1" caseSensitive="false" /></mapping></responseDeclaration><responseDeclaration identifier="RESPONSE_1403109081189" cardinality="single" baseType="string"><correctResponse><value>Integrationsweg</value></correctResponse><mapping defaultValue="0"><mapEntry mapKey="Integrationsweg" mappedValue="1" caseSensitive="false" /><mapEntry mapKey="Weg" mappedValue="1" caseSensitive="false" /></mapping></responseDeclaration><outcomeDeclaration identifier="SCORE" cardinality="single" baseType="float"><defaultValue><value>0</value></defaultValue></outcomeDeclaration><outcomeDeclaration identifier="MAXSCORE" cardinality="single" baseType="float"><defaultValue><value>3</value></defaultValue></outcomeDeclaration><outcomeDeclaration identifier="FEEDBACKBASIC" cardinality="single" baseType="identifier" view="testConstructor"><defaultValue><value>empty</value></defaultValue></outcomeDeclaration><itemBody ><p>Eine durch eine stetige Parametrisierung \(f\) gegebene Kurve heißt <textEntryInteraction responseIdentifier="RESPONSE_1403109051127" /> (von endlicher Länge), falls \(f\) von beschränkter <textEntryInteraction responseIdentifier="RESPONSE_1403109066869" /> ist.</p><p>Ist die Parametrisierung stückweise stetig differenzierbar, so sprechen wir auch von einem <textEntryInteraction responseIdentifier="RESPONSE_1403109081189" />.</p></itemBody><responseProcessing><responseCondition><responseIf><not><isNull><variable identifier="RESPONSE_1403109051127" /></isNull></not><setOutcomeValue identifier="SCORE"><sum><variable identifier="SCORE" /><mapResponse identifier="RESPONSE_1403109051127" /></sum></setOutcomeValue><setOutcomeValue identifier="FEEDBACKBASIC"><baseValue baseType="identifier">incorrect</baseValue></setOutcomeValue></responseIf></responseCondition><responseCondition><responseIf><not><isNull><variable identifier="RESPONSE_1403109066869" /></isNull></not><setOutcomeValue identifier="SCORE"><sum><variable identifier="SCORE" /><mapResponse identifier="RESPONSE_1403109066869" /></sum></setOutcomeValue><setOutcomeValue identifier="FEEDBACKBASIC"><baseValue baseType="identifier">incorrect</baseValue></setOutcomeValue></responseIf></responseCondition><responseCondition><responseIf><not><isNull><variable identifier="RESPONSE_1403109081189" /></isNull></not><setOutcomeValue identifier="SCORE"><sum><variable identifier="SCORE" /><mapResponse identifier="RESPONSE_1403109081189" /></sum></setOutcomeValue><setOutcomeValue identifier="FEEDBACKBASIC"><baseValue baseType="identifier">incorrect</baseValue></setOutcomeValue></responseIf></responseCondition><responseCondition><responseIf><and><not><match><variable identifier="FEEDBACKBASIC" /><baseValue baseType="identifier">empty</baseValue></match></not><equal toleranceMode="exact"><variable identifier="SCORE" /><variable identifier="MAXSCORE" /></equal></and><setOutcomeValue identifier="FEEDBACKBASIC"><baseValue baseType="identifier">correct</baseValue></setOutcomeValue></responseIf></responseCondition></responseProcessing></assessmentItem>
