<?xml version="1.0" encoding="UTF-8"?>
<assessmentItem xmlns="http://www.imsglobal.org/xsd/imsqti_v2p1" xmlns:xsi="http://www.w3.org/2001/XMLSchema-instance" xsi:schemaLocation="http://www.imsglobal.org/xsd/imsqti_v2p1 http://www.imsglobal.org/xsd/qti/qtiv2p1/imsqti_v2p1p1.xsd http://www.w3.org/1998/Math/MathML http://www.w3.org/Math/XMLSchema/mathml2/mathml2.xsd" identifier="idde107be0-8615-454b-815f-05dd440520d4" title="diffbarkeit_komplex_02" adaptive="false" timeDependent="false"><responseDeclaration identifier="RESPONSE_1" cardinality="multiple" baseType="identifier"><correctResponse><value>choice_733153503</value><value>choice_110634040</value></correctResponse><mapping defaultValue="0" lowerBound="0.0"><mapEntry mapKey="choice_733153503" mappedValue="1.0" /><mapEntry mapKey="choice_30022322" mappedValue="-1.0" /><mapEntry mapKey="choice_815346077" mappedValue="-1.0" /><mapEntry mapKey="choice_110634040" mappedValue="1.0" /></mapping></responseDeclaration><outcomeDeclaration identifier="SCORE" cardinality="single" baseType="float"><defaultValue><value>0</value></defaultValue></outcomeDeclaration><outcomeDeclaration identifier="MAXSCORE" cardinality="single" baseType="float"><defaultValue><value>2</value></defaultValue></outcomeDeclaration><outcomeDeclaration identifier="FEEDBACKBASIC" cardinality="single" baseType="identifier" view="testConstructor"><defaultValue><value>empty</value></defaultValue></outcomeDeclaration><itemBody ><p>Wir betrachten die Funktion  \(f(z)=f(x+\mathrm iy)=2y|x|+\mathrm i(x^2-y^2+2)\).</p><p>Welche der folgenden Aussagen sind richtig?</p><choiceInteraction responseIdentifier="RESPONSE_1" shuffle="false" maxChoices="0"><simpleChoice identifier="choice_733153503"><p>die Funktion ist komplex differenzierbar im Nullpunkt</p></simpleChoice><simpleChoice identifier="choice_30022322"><p>die Funktion ist holomorph in \(z= 2-\mathrm i\)</p></simpleChoice><simpleChoice identifier="choice_815346077"><p>die Funktion ist auf der imaginären Achse komplex differenzierbar</p></simpleChoice><simpleChoice identifier="choice_110634040"><p>die Funktion ist holomorph in \(z= -3+2\mathrm i\)</p></simpleChoice></choiceInteraction></itemBody><responseProcessing><responseCondition><responseIf><not><isNull><variable identifier="RESPONSE_1" /></isNull></not><setOutcomeValue identifier="SCORE"><sum><variable identifier="SCORE" /><mapResponse identifier="RESPONSE_1" /></sum></setOutcomeValue><setOutcomeValue identifier="FEEDBACKBASIC"><baseValue baseType="identifier">incorrect</baseValue></setOutcomeValue></responseIf></responseCondition><responseCondition><responseIf><and><not><match><variable identifier="FEEDBACKBASIC" /><baseValue baseType="identifier">empty</baseValue></match></not><equal toleranceMode="exact"><variable identifier="SCORE" /><variable identifier="MAXSCORE" /></equal></and><setOutcomeValue identifier="FEEDBACKBASIC"><baseValue baseType="identifier">correct</baseValue></setOutcomeValue></responseIf></responseCondition></responseProcessing></assessmentItem>
