<?xml version="1.0" encoding="UTF-8"?>
<assessmentItem xmlns="http://www.imsglobal.org/xsd/imsqti_v2p1" xmlns:xsi="http://www.w3.org/2001/XMLSchema-instance" xsi:schemaLocation="http://www.imsglobal.org/xsd/imsqti_v2p1 http://www.imsglobal.org/xsd/qti/qtiv2p1/imsqti_v2p1p1.xsd http://www.w3.org/1998/Math/MathML http://www.w3.org/Math/XMLSchema/mathml2/mathml2.xsd" identifier="id6c49ada3-659a-412a-a988-0b25a2f20c8c" title="surj_Abb_def_01" adaptive="false" timeDependent="false"><responseDeclaration identifier="RESPONSE_1" cardinality="multiple" baseType="identifier"><correctResponse><value>idf9333b88-7703-43bb-9d59-9b8766eb0740</value><value>id8bf49410-5903-4425-93c8-77c34f24e5e5</value></correctResponse></responseDeclaration><outcomeDeclaration identifier="SCORE" cardinality="single" baseType="float"><defaultValue><value>0</value></defaultValue></outcomeDeclaration><outcomeDeclaration identifier="MAXSCORE" cardinality="single" baseType="float"><defaultValue><value>1</value></defaultValue></outcomeDeclaration><outcomeDeclaration identifier="FEEDBACKBASIC" cardinality="single" baseType="identifier"><defaultValue><value>empty</value></defaultValue></outcomeDeclaration><itemBody ><p>Sei $$f\colon A\rightarrow B$$ eine Abbildung zwischen Mengen. Markieren Sie die wahren Aussagen, wenn $$f$$ surjektiv ist.</p><choiceInteraction responseIdentifier="RESPONSE_1" shuffle="false" maxChoices="0"><simpleChoice identifier="idf9333b88-7703-43bb-9d59-9b8766eb0740"><p>$$\forall b\in B\colon \exists a\in A \colon f(a)=b$$.</p></simpleChoice><simpleChoice identifier="idaa37f5b0-916f-49c8-9bf1-2adb27c01a18"><p>$$\exists a\in A\colon f(a)=b$$.</p></simpleChoice><simpleChoice identifier="id8bf49410-5903-4425-93c8-77c34f24e5e5"><p>$$\forall x\in B \Rightarrow \exists y\in A \colon f(y)=x$$.</p></simpleChoice><simpleChoice identifier="id816052df-7789-465a-81bd-0199a1f01e99"><p>$$a\neq b\Rightarrow f(a)\neq f(b)$$</p></simpleChoice><simpleChoice identifier="id065fffa0-f1b0-4791-b3af-883768e8cb06"><p>$$\forall a\in A \exists b\in B \colon f(a)=b$$.</p></simpleChoice></choiceInteraction></itemBody><responseProcessing><responseCondition><responseIf><isNull><variable identifier="RESPONSE_1" /></isNull><setOutcomeValue identifier="FEEDBACKBASIC"><baseValue baseType="identifier">empty</baseValue></setOutcomeValue></responseIf><responseElseIf><match><variable identifier="RESPONSE_1" /><correct identifier="RESPONSE_1" /></match><setOutcomeValue identifier="SCORE"><sum><variable identifier="SCORE" /><variable identifier="MAXSCORE" /></sum></setOutcomeValue><setOutcomeValue identifier="FEEDBACKBASIC"><baseValue baseType="identifier">correct</baseValue></setOutcomeValue></responseElseIf><responseElse><setOutcomeValue identifier="FEEDBACKBASIC"><baseValue baseType="identifier">incorrect</baseValue></setOutcomeValue></responseElse></responseCondition></responseProcessing></assessmentItem>
