<?xml version="1.0" encoding="UTF-8"?>
<assessmentItem xmlns="http://www.imsglobal.org/xsd/imsqti_v2p1" xmlns:xsi="http://www.w3.org/2001/XMLSchema-instance" xsi:schemaLocation="http://www.imsglobal.org/xsd/imsqti_v2p1 http://www.imsglobal.org/xsd/qti/qtiv2p1/imsqti_v2p1p1.xsd http://www.w3.org/1998/Math/MathML http://www.w3.org/Math/XMLSchema/mathml2/mathml2.xsd" identifier="idca1f2ba0-e00a-42b8-a079-a3d08f047172" title="integral_polynomdivision_01" adaptive="false" timeDependent="false"><responseDeclaration identifier="RESPONSE_1386601150103" cardinality="single" baseType="float"><correctResponse><value>0</value></correctResponse></responseDeclaration><responseDeclaration identifier="RESPONSE_1386601159282" cardinality="single" baseType="float"><correctResponse><value>0</value></correctResponse></responseDeclaration><outcomeDeclaration identifier="SCORE" cardinality="single" baseType="float"><defaultValue><value>0</value></defaultValue></outcomeDeclaration><outcomeDeclaration identifier="MAXSCORE" cardinality="single" baseType="float"><defaultValue><value>2</value></defaultValue></outcomeDeclaration><outcomeDeclaration identifier="FEEDBACKBASIC" cardinality="single" baseType="identifier" view="testConstructor"><defaultValue><value>empty</value></defaultValue></outcomeDeclaration><templateDeclaration identifier="a" cardinality="single" baseType="integer" /><templateDeclaration identifier="b" cardinality="single" baseType="integer" /><templateDeclaration identifier="c" cardinality="single" baseType="integer" /><templateDeclaration identifier="d" cardinality="single" baseType="integer" /><templateDeclaration identifier="e" cardinality="single" baseType="integer" /><templateDeclaration identifier="m1" cardinality="single" baseType="float" /><templateDeclaration identifier="m2" cardinality="single" baseType="float" /><templateDeclaration identifier="m3" cardinality="single" baseType="float" /><templateDeclaration identifier="m4" cardinality="single" baseType="float" /><templateDeclaration identifier="r" cardinality="single" baseType="integer" /><templateDeclaration identifier="w" cardinality="single" baseType="integer" /><templateDeclaration identifier="real" cardinality="single" baseType="float" /><templateDeclaration identifier="imag" cardinality="single" baseType="float" /><templateProcessing><setTemplateValue identifier="a"><randomInteger min="1" max="5" /></setTemplateValue><setTemplateValue identifier="b"><randomInteger min="1" max="5" /></setTemplateValue><setTemplateValue identifier="c"><randomInteger min="2" max="4" /></setTemplateValue><setTemplateValue identifier="d"><randomInteger min="2" max="4" /></setTemplateValue><setTemplateValue identifier="e"><randomInteger min="1" max="3" /></setTemplateValue><setTemplateValue identifier="m1"><customOperator definition="MAXIMA" value="float($(1)*$(2));"><variable identifier="a" /><variable identifier="c" /></customOperator></setTemplateValue><setTemplateValue identifier="m2"><customOperator definition="MAXIMA" value="float($(1)*$(2)+$(3)*$(4));"><variable identifier="a" /><variable identifier="d" /><variable identifier="b" /><variable identifier="c" /></customOperator></setTemplateValue><setTemplateValue identifier="m3"><customOperator definition="MAXIMA" value="float($(1)*$(2)+$(3)*$(4));"><variable identifier="a" /><variable identifier="e" /><variable identifier="b" /><variable identifier="d" /></customOperator></setTemplateValue><setTemplateValue identifier="m4"><customOperator definition="MAXIMA" value="float($(1)*$(2));"><variable identifier="b" /><variable identifier="e" /></customOperator></setTemplateValue><setTemplateValue identifier="r"><randomInteger min="1" max="3" /></setTemplateValue><setTemplateValue identifier="w"><randomInteger min="1" max="3" /></setTemplateValue><setTemplateValue identifier="real"><customOperator definition="MAXIMA" value="float(2*$(1)*$(2));"><variable identifier="b" /><variable identifier="r" /></customOperator></setTemplateValue><setTemplateValue identifier="imag"><customOperator definition="MAXIMA" value="float(2*$(1)*$(2)*$(3));"><variable identifier="a" /><variable identifier="r" /><variable identifier="w" /></customOperator></setTemplateValue><setCorrectResponse identifier="RESPONSE_1386601150103"><variable identifier="real" /></setCorrectResponse><setCorrectResponse identifier="RESPONSE_1386601159282"><variable identifier="imag" /></setCorrectResponse></templateProcessing><itemBody ><p>Berechnen Sie das folgende Integral!</p><p>\(\displaystyle\int_{-<printedVariable identifier="r" />+<printedVariable identifier="w" />\mathrm i}^{<printedVariable identifier="r" />+<printedVariable identifier="w" />\mathrm i}\frac{<printedVariable identifier="m1" />z^3+<printedVariable identifier="m2" />z^2+<printedVariable identifier="m3" />z+<printedVariable identifier="m4" />}{<printedVariable identifier="c" />z^2+<printedVariable identifier="d" />z+<printedVariable identifier="e" />}\mathrm dz\) = <textEntryInteraction responseIdentifier="RESPONSE_1386601150103" expectedLength="4" /> + <textEntryInteraction responseIdentifier="RESPONSE_1386601159282" expectedLength="4" />\(\mathrm i\)</p></itemBody><responseProcessing><responseCondition><responseIf><equal toleranceMode="exact"><variable identifier="RESPONSE_1386601150103" /><correct identifier="RESPONSE_1386601150103" /></equal><setOutcomeValue identifier="SCORE"><sum><variable identifier="SCORE" /><baseValue baseType="float">1</baseValue></sum></setOutcomeValue></responseIf></responseCondition><responseCondition><responseIf><not><isNull><variable identifier="RESPONSE_1386601150103" /></isNull></not><setOutcomeValue identifier="FEEDBACKBASIC"><baseValue baseType="identifier">incorrect</baseValue></setOutcomeValue></responseIf></responseCondition><responseCondition><responseIf><equal toleranceMode="exact"><variable identifier="RESPONSE_1386601159282" /><correct identifier="RESPONSE_1386601159282" /></equal><setOutcomeValue identifier="SCORE"><sum><variable identifier="SCORE" /><baseValue baseType="float">1</baseValue></sum></setOutcomeValue></responseIf></responseCondition><responseCondition><responseIf><not><isNull><variable identifier="RESPONSE_1386601159282" /></isNull></not><setOutcomeValue identifier="FEEDBACKBASIC"><baseValue baseType="identifier">incorrect</baseValue></setOutcomeValue></responseIf></responseCondition><responseCondition><responseIf><and><not><match><variable identifier="FEEDBACKBASIC" /><baseValue baseType="identifier">empty</baseValue></match></not><equal toleranceMode="exact"><variable identifier="SCORE" /><variable identifier="MAXSCORE" /></equal></and><setOutcomeValue identifier="FEEDBACKBASIC"><baseValue baseType="identifier">correct</baseValue></setOutcomeValue></responseIf></responseCondition></responseProcessing></assessmentItem>
