<?xml version="1.0" encoding="UTF-8"?>
<assessmentItem xmlns="http://www.imsglobal.org/xsd/imsqti_v2p1" xmlns:xsi="http://www.w3.org/2001/XMLSchema-instance" xsi:schemaLocation="http://www.imsglobal.org/xsd/imsqti_v2p1 http://www.imsglobal.org/xsd/qti/qtiv2p1/imsqti_v2p1p1.xsd http://www.w3.org/1998/Math/MathML http://www.w3.org/Math/XMLSchema/mathml2/mathml2.xsd" identifier="id1c95192f-f21a-4484-8272-ac5debbdb869" title="prozentrechnung_01" adaptive="false" timeDependent="false"><responseDeclaration identifier="RESPONSE_1389892514680" cardinality="single" baseType="float"><correctResponse><value>0</value></correctResponse></responseDeclaration><outcomeDeclaration identifier="SCORE" cardinality="single" baseType="float"><defaultValue><value>0</value></defaultValue></outcomeDeclaration><outcomeDeclaration identifier="MAXSCORE" cardinality="single" baseType="float"><defaultValue><value>1</value></defaultValue></outcomeDeclaration><outcomeDeclaration identifier="FEEDBACKBASIC" cardinality="single" baseType="identifier" view="testConstructor"><defaultValue><value>empty</value></defaultValue></outcomeDeclaration><outcomeDeclaration identifier="FEEDBACKMODAL" cardinality="multiple" baseType="identifier" view="testConstructor" /><templateDeclaration identifier="preis" cardinality="single" baseType="integer" /><templateDeclaration identifier="ersparnis" cardinality="single" baseType="integer" /><templateDeclaration identifier="preis_neu" cardinality="single" baseType="float" /><templateDeclaration identifier="ersparnis2" cardinality="single" baseType="integer" /><templateProcessing><setTemplateValue identifier="preis"><randomInteger min="200" max="2000" step="100" /></setTemplateValue><setTemplateValue identifier="ersparnis"><randomInteger min="5" max="45" step="5" /></setTemplateValue><setTemplateValue identifier="preis_neu"><customOperator definition="MAXIMA" value="float((100-$(1))/100*$(2));"><variable identifier="ersparnis" /><variable identifier="preis" /></customOperator></setTemplateValue><setTemplateValue identifier="ersparnis2"><customOperator definition="MAXIMA" value="float($(1)-$(2));"><variable identifier="preis" /><variable identifier="preis_neu" /></customOperator></setTemplateValue><setCorrectResponse identifier="RESPONSE_1389892514680"><variable identifier="ersparnis" /></setCorrectResponse></templateProcessing><itemBody ><p>Ein Produkt ist von <printedVariable identifier="preis" />€ auf <printedVariable identifier="preis_neu" />€ herabgesetzt.</p><p>Dies entspricht einer Ersparnis von <textEntryInteraction responseIdentifier="RESPONSE_1389892514680" /> %.</p></itemBody><responseProcessing><responseCondition><responseIf><equal toleranceMode="exact"><variable identifier="RESPONSE_1389892514680" /><correct identifier="RESPONSE_1389892514680" /></equal><setOutcomeValue identifier="SCORE"><sum><variable identifier="SCORE" /><baseValue baseType="float">1</baseValue></sum></setOutcomeValue></responseIf></responseCondition><responseCondition><responseIf><not><isNull><variable identifier="RESPONSE_1389892514680" /></isNull></not><setOutcomeValue identifier="FEEDBACKBASIC"><baseValue baseType="identifier">incorrect</baseValue></setOutcomeValue></responseIf></responseCondition><responseCondition><responseIf><and><not><match><variable identifier="FEEDBACKBASIC" /><baseValue baseType="identifier">empty</baseValue></match></not><equal toleranceMode="exact"><variable identifier="SCORE" /><variable identifier="MAXSCORE" /></equal></and><setOutcomeValue identifier="FEEDBACKBASIC"><baseValue baseType="identifier">correct</baseValue></setOutcomeValue></responseIf></responseCondition><responseCondition><responseIf><and><match><baseValue baseType="identifier">correct</baseValue><variable identifier="FEEDBACKBASIC" /></match></and><setOutcomeValue identifier="FEEDBACKMODAL"><multiple><variable identifier="FEEDBACKMODAL" /><baseValue baseType="identifier">Feedback1746189589</baseValue></multiple></setOutcomeValue></responseIf></responseCondition><responseCondition><responseIf><and><match><baseValue baseType="identifier">incorrect</baseValue><variable identifier="FEEDBACKBASIC" /></match></and><setOutcomeValue identifier="FEEDBACKMODAL"><multiple><variable identifier="FEEDBACKMODAL" /><baseValue baseType="identifier">Feedback1539769430</baseValue></multiple></setOutcomeValue></responseIf></responseCondition></responseProcessing><modalFeedback  identifier="Feedback1746189589" outcomeIdentifier="FEEDBACKMODAL" showHide="show" title="Richtig!" /><modalFeedback  identifier="Feedback1539769430" outcomeIdentifier="FEEDBACKMODAL" showHide="show" title="Leider falsch!"><p>Hier ist die Lösung.</p><p>Gesucht ist die Ersparnis in Prozent. Die Ersparnis in Euro beträgt <printedVariable identifier="ersparnis2" /> €.</p><p>Die prozentuale Ersparnis ist demnach</p><p>$$\frac{<printedVariable identifier="ersparnis2" />}{<printedVariable identifier="preis" />}=\dots=\frac{<printedVariable identifier="ersparnis" />}{100}\,\hat=\,<printedVariable identifier="ersparnis" />\%$$.</p></modalFeedback></assessmentItem>
