<?xml version="1.0" encoding="UTF-8"?>
<assessmentItem xmlns="http://www.imsglobal.org/xsd/imsqti_v2p1" xmlns:xsi="http://www.w3.org/2001/XMLSchema-instance" xsi:schemaLocation="http://www.imsglobal.org/xsd/imsqti_v2p1 http://www.imsglobal.org/xsd/qti/qtiv2p1/imsqti_v2p1p1.xsd http://www.w3.org/1998/Math/MathML http://www.w3.org/Math/XMLSchema/mathml2/mathml2.xsd" identifier="idba8cc145-b6f5-432b-8fa0-cc5981bbef4f" title="dez_bin_08" adaptive="false" timeDependent="false"><responseDeclaration identifier="RESPONSE_1396273886153" cardinality="single" baseType="string"><correctResponse><value>0.1101</value></correctResponse><mapping defaultValue="0"><mapEntry mapKey="0.1101" mappedValue="1" caseSensitive="false" /><mapEntry mapKey="01101" mappedValue="1" caseSensitive="false" /></mapping></responseDeclaration><outcomeDeclaration identifier="SCORE" cardinality="single" baseType="float"><defaultValue><value>0</value></defaultValue></outcomeDeclaration><outcomeDeclaration identifier="MAXSCORE" cardinality="single" baseType="float"><defaultValue><value>1</value></defaultValue></outcomeDeclaration><outcomeDeclaration identifier="FEEDBACKBASIC" cardinality="single" baseType="identifier" view="testConstructor"><defaultValue><value>empty</value></defaultValue></outcomeDeclaration><itemBody ><p><p><p>Wir betrachten die Fixpunktdarstellung der Bitlänge 5:</p><p>\(x=[x_4 .x_3 x_2 x_1 x_0]_2 =-x_4 2^0+ x_3 2^{-1} +x_2 2^{-2} +x_1 2^{-3} +x_0 2^{-4}\).</p><p>Stellen Sie die Dezimalzahl \(\normalsize x=\frac{13}{16}\) im obigen Format dar!</p><p>Lösung: \(x\) = \([\)<textEntryInteraction responseIdentifier="RESPONSE_1396273886153" />\(]_2\)</p><p> </p></p></p></itemBody><responseProcessing><responseCondition><responseIf><not><isNull><variable identifier="RESPONSE_1396273886153" /></isNull></not><setOutcomeValue identifier="SCORE"><sum><variable identifier="SCORE" /><mapResponse identifier="RESPONSE_1396273886153" /></sum></setOutcomeValue><setOutcomeValue identifier="FEEDBACKBASIC"><baseValue baseType="identifier">incorrect</baseValue></setOutcomeValue></responseIf></responseCondition><responseCondition><responseIf><and><not><match><variable identifier="FEEDBACKBASIC" /><baseValue baseType="identifier">empty</baseValue></match></not><equal toleranceMode="exact"><variable identifier="SCORE" /><variable identifier="MAXSCORE" /></equal></and><setOutcomeValue identifier="FEEDBACKBASIC"><baseValue baseType="identifier">correct</baseValue></setOutcomeValue></responseIf></responseCondition></responseProcessing></assessmentItem>
