<?xml version="1.0" encoding="UTF-8"?>
<assessmentItem xmlns="http://www.imsglobal.org/xsd/imsqti_v2p1" xmlns:xsi="http://www.w3.org/2001/XMLSchema-instance" xsi:schemaLocation="http://www.imsglobal.org/xsd/imsqti_v2p1 http://www.imsglobal.org/xsd/qti/qtiv2p1/imsqti_v2p1p1.xsd http://www.w3.org/1998/Math/MathML http://www.w3.org/Math/XMLSchema/mathml2/mathml2.xsd" identifier="id-0301154-01" title="ComplexQuotient" adaptive="false" timeDependent="false"><responseDeclaration identifier="RESPONSE_1" cardinality="single" baseType="float"><correctResponse><value>0</value></correctResponse></responseDeclaration><responseDeclaration identifier="RESPONSE_2" cardinality="single" baseType="float"><correctResponse><value>0</value></correctResponse></responseDeclaration><outcomeDeclaration identifier="SCORE" cardinality="single" baseType="float"><defaultValue><value>0</value></defaultValue></outcomeDeclaration><outcomeDeclaration identifier="MAXSCORE" cardinality="single" baseType="float"><defaultValue><value>2</value></defaultValue></outcomeDeclaration><outcomeDeclaration identifier="FEEDBACKBASIC" cardinality="single" baseType="identifier" view="testConstructor"><defaultValue><value>empty</value></defaultValue></outcomeDeclaration><templateDeclaration identifier="c" cardinality="single" baseType="integer" /><templateDeclaration identifier="d" cardinality="single" baseType="integer" /><templateDeclaration identifier="e" cardinality="single" baseType="integer" /><templateDeclaration identifier="f" cardinality="single" baseType="integer" /><templateDeclaration identifier="l1" cardinality="single" baseType="integer" /><templateDeclaration identifier="l2" cardinality="single" baseType="integer" /><templateDeclaration identifier="a" cardinality="single" baseType="integer" /><templateDeclaration identifier="b" cardinality="single" baseType="integer" /><templateDeclaration identifier="babs" cardinality="single" baseType="integer" /><templateDeclaration identifier="bsign" cardinality="single" baseType="string" /><templateDeclaration identifier="lsg1" cardinality="single" baseType="float" /><templateDeclaration identifier="lsg2" cardinality="single" baseType="float" /><templateProcessing><setTemplateValue identifier="c"><randomInteger min="1" max="20" /></setTemplateValue><setTemplateValue identifier="d"><randomInteger min="1" max="20" /></setTemplateValue><setTemplateValue identifier="e"><randomInteger min="1" max="20" /></setTemplateValue><setTemplateValue identifier="f"><randomInteger min="1" max="20" /></setTemplateValue><setTemplateValue identifier="l1"><randomInteger min="1" max="20" /></setTemplateValue><setTemplateValue identifier="l2"><randomInteger min="1" max="20" /></setTemplateValue><setTemplateValue identifier="a"><customOperator definition="MAXIMA" value="float($(1)*$(2)-$(3)*$(4)+$(5));"><variable identifier="e" /><variable identifier="l1" /><variable identifier="f" /><variable identifier="l2" /><variable identifier="c" /></customOperator></setTemplateValue><setTemplateValue identifier="b"><customOperator definition="MAXIMA" value="float($(1)*$(2)+$(3)*$(4)+$(5));"><variable identifier="e" /><variable identifier="l2" /><variable identifier="f" /><variable identifier="l1" /><variable identifier="d" /></customOperator></setTemplateValue><setTemplateValue identifier="babs"><customOperator definition="MAXIMA" value="float(abs($(1)));"><variable identifier="b" /></customOperator></setTemplateValue><setTemplateValue identifier="bsign"><random><multiple><baseValue baseType="string">+</baseValue><baseValue baseType="string">-</baseValue></multiple></random></setTemplateValue><templateCondition><templateIf><gte><variable identifier="b" /><baseValue baseType="integer">0</baseValue></gte><setTemplateValue identifier="bsign"><random><multiple><baseValue baseType="string">+</baseValue></multiple></random></setTemplateValue></templateIf><templateElse><setTemplateValue identifier="bsign"><random><multiple><baseValue baseType="string">-</baseValue></multiple></random></setTemplateValue></templateElse></templateCondition><setTemplateValue identifier="lsg1"><customOperator definition="MAXIMA" value="float($(1));"><variable identifier="l1" /></customOperator></setTemplateValue><setTemplateValue identifier="lsg2"><customOperator definition="MAXIMA" value="float($(1));"><variable identifier="l2" /></customOperator></setTemplateValue><setCorrectResponse identifier="RESPONSE_1"><variable identifier="lsg1" /></setCorrectResponse><setCorrectResponse identifier="RESPONSE_2"><variable identifier="lsg2" /></setCorrectResponse></templateProcessing><itemBody ><p> </p><p>Find the quotient \[z=\frac{(<printedVariable identifier="a" /><printedVariable identifier="bsign" /><printedVariable identifier="babs" />\mathrm{i})-(<printedVariable identifier="c" />+<printedVariable identifier="d" />\mathrm{i})}{<printedVariable identifier="e" />+<printedVariable identifier="f" />\mathrm{i}}\, .\]</p><p> </p><p>\(\mathrm{Re}(z)\) = <textEntryInteraction responseIdentifier="RESPONSE_1" /> and \(\mathrm{Im}(z)\) =<textEntryInteraction responseIdentifier="RESPONSE_2" /></p><p> </p></itemBody><responseProcessing><responseCondition><responseIf><equal toleranceMode="absolute" tolerance="0.0 0.0" includeLowerBound="true" includeUpperBound="true"><variable identifier="RESPONSE_1" /><correct identifier="RESPONSE_1" /></equal><setOutcomeValue identifier="SCORE"><sum><variable identifier="SCORE" /><baseValue baseType="float">1</baseValue></sum></setOutcomeValue></responseIf></responseCondition><responseCondition><responseIf><not><isNull><variable identifier="RESPONSE_1" /></isNull></not><setOutcomeValue identifier="FEEDBACKBASIC"><baseValue baseType="identifier">incorrect</baseValue></setOutcomeValue></responseIf></responseCondition><responseCondition><responseIf><equal toleranceMode="absolute" tolerance="0.0 0.0" includeLowerBound="true" includeUpperBound="true"><variable identifier="RESPONSE_2" /><correct identifier="RESPONSE_2" /></equal><setOutcomeValue identifier="SCORE"><sum><variable identifier="SCORE" /><baseValue baseType="float">1</baseValue></sum></setOutcomeValue></responseIf></responseCondition><responseCondition><responseIf><not><isNull><variable identifier="RESPONSE_2" /></isNull></not><setOutcomeValue identifier="FEEDBACKBASIC"><baseValue baseType="identifier">incorrect</baseValue></setOutcomeValue></responseIf></responseCondition><responseCondition><responseIf><and><not><match><variable identifier="FEEDBACKBASIC" /><baseValue baseType="identifier">empty</baseValue></match></not><equal toleranceMode="exact"><variable identifier="SCORE" /><variable identifier="MAXSCORE" /></equal></and><setOutcomeValue identifier="FEEDBACKBASIC"><baseValue baseType="identifier">correct</baseValue></setOutcomeValue></responseIf></responseCondition></responseProcessing></assessmentItem>
