<?xml version="1.0" encoding="UTF-8"?>
<assessmentItem xmlns="http://www.imsglobal.org/xsd/imsqti_v2p1" xmlns:xsi="http://www.w3.org/2001/XMLSchema-instance" xsi:schemaLocation="http://www.imsglobal.org/xsd/imsqti_v2p1 http://www.imsglobal.org/xsd/qti/qtiv2p1/imsqti_v2p1p1.xsd http://www.w3.org/1998/Math/MathML http://www.w3.org/Math/XMLSchema/mathml2/mathml2.xsd" identifier="id6db28a80-7b88-408f-85f4-c9c6a002df13" title="Potential_01" adaptive="false" timeDependent="false"><responseDeclaration identifier="RESPONSE_1405071764295" cardinality="single" baseType="string" /><outcomeDeclaration identifier="SCORE" cardinality="single" baseType="float"><defaultValue><value>0</value></defaultValue></outcomeDeclaration><outcomeDeclaration identifier="MAXSCORE" cardinality="single" baseType="float"><defaultValue><value>1</value></defaultValue></outcomeDeclaration><outcomeDeclaration identifier="FEEDBACKBASIC" cardinality="single" baseType="identifier" view="testConstructor"><defaultValue><value>empty</value></defaultValue></outcomeDeclaration><templateDeclaration identifier="a" cardinality="single" baseType="integer" /><templateDeclaration identifier="b" cardinality="single" baseType="integer" /><templateDeclaration identifier="c" cardinality="single" baseType="integer" /><templateDeclaration identifier="aa" cardinality="single" baseType="integer" /><templateProcessing><setTemplateValue identifier="a"><randomInteger min="1" max="10" /></setTemplateValue><setTemplateValue identifier="b"><randomInteger min="1" max="10" /></setTemplateValue><setTemplateValue identifier="c"><randomInteger min="1" max="10" /></setTemplateValue><setTemplateValue identifier="aa"><customOperator definition="MAXIMA" value="float(2*$(1));"><variable identifier="a" /></customOperator></setTemplateValue><setCorrectResponse identifier="RESPONSE_1405071764295"><customOperator definition="VARIABLESTRING" value="$(1)*x^2*y+$(2)*z+$(3)"><variable identifier="a" /><variable identifier="b" /><variable identifier="c" /></customOperator></setCorrectResponse></templateProcessing><itemBody ><p>Gegeben Sei das Potentialfeld $$\nabla f(x,y,z) =\begin{pmatrix} <printedVariable identifier="aa" />xy \\ <printedVariable identifier="a" />x^2 \\ <printedVariable identifier="b" /> \end{pmatrix}$$</p><p>Bestimmen Sie das zugrundeliegende Potential mit dem Wert $$f(1,0,0) = <printedVariable identifier="c" />$$.</p><p>$$f(x,y,z) = $$<textEntryInteraction responseIdentifier="RESPONSE_1405071764295" class="maxima-formula show-latex show-syntax-error" /></p><p>Hinweise zur Formeleingabe:</p><ul><li>\(3x\) = 3*x, \(x\cdot y\) = x*y, \(\frac{x}{y}\) = x/y, \(x^y\) = x^y</li><li>Verwenden Sie, falls notwendig, ganzzahlige Brüche.</li><li>Durch Klicken auf die ?-Schaltfläche können Sie Ihre Formel vor Speichern der Antwort zunächst überprüfen.</li></ul><p> </p></itemBody><responseProcessing><responseCondition><responseIf><customOperator definition="MAXIMA" value="is(equal(ev($(1)),ev($(2))));"><variable identifier="RESPONSE_1405071764295" /><correct identifier="RESPONSE_1405071764295" /></customOperator><setOutcomeValue identifier="SCORE"><sum><variable identifier="SCORE" /><baseValue baseType="float">1</baseValue></sum></setOutcomeValue></responseIf></responseCondition><responseCondition><responseIf><not><isNull><variable identifier="RESPONSE_1405071764295" /></isNull></not><setOutcomeValue identifier="FEEDBACKBASIC"><baseValue baseType="identifier">incorrect</baseValue></setOutcomeValue></responseIf></responseCondition><responseCondition><responseIf><and><not><match><variable identifier="FEEDBACKBASIC" /><baseValue baseType="identifier">empty</baseValue></match></not><equal toleranceMode="exact"><variable identifier="SCORE" /><variable identifier="MAXSCORE" /></equal></and><setOutcomeValue identifier="FEEDBACKBASIC"><baseValue baseType="identifier">correct</baseValue></setOutcomeValue></responseIf></responseCondition></responseProcessing></assessmentItem>
