<?xml version="1.0" encoding="UTF-8"?>
<assessmentItem xmlns="http://www.imsglobal.org/xsd/imsqti_v2p1" xmlns:xsi="http://www.w3.org/2001/XMLSchema-instance" xsi:schemaLocation="http://www.imsglobal.org/xsd/imsqti_v2p1 http://www.imsglobal.org/xsd/qti/qtiv2p1/imsqti_v2p1p1.xsd http://www.w3.org/1998/Math/MathML http://www.w3.org/Math/XMLSchema/mathml2/mathml2.xsd" identifier="id-0803710-01" title="InversNumber" adaptive="false" timeDependent="false"><responseDeclaration identifier="RESPONSE_1" cardinality="single" baseType="float"><correctResponse><value>0</value></correctResponse></responseDeclaration><responseDeclaration identifier="RESPONSE_2" cardinality="single" baseType="float"><correctResponse><value>0</value></correctResponse></responseDeclaration><outcomeDeclaration identifier="SCORE" cardinality="single" baseType="float"><defaultValue><value>0</value></defaultValue></outcomeDeclaration><outcomeDeclaration identifier="MAXSCORE" cardinality="single" baseType="float"><defaultValue><value>2</value></defaultValue></outcomeDeclaration><outcomeDeclaration identifier="FEEDBACKBASIC" cardinality="single" baseType="identifier" view="testConstructor"><defaultValue><value>empty</value></defaultValue></outcomeDeclaration><templateDeclaration identifier="l1" cardinality="single" baseType="integer" /><templateDeclaration identifier="l2" cardinality="single" baseType="integer" /><templateDeclaration identifier="q" cardinality="single" baseType="integer" /><templateDeclaration identifier="lsg1" cardinality="single" baseType="float" /><templateDeclaration identifier="lsg2" cardinality="single" baseType="float" /><templateProcessing><setTemplateValue identifier="l1"><randomInteger min="1" max="20" /></setTemplateValue><setTemplateValue identifier="l2"><randomInteger min="1" max="20" /></setTemplateValue><setTemplateValue identifier="q"><customOperator definition="MAXIMA" value="float($(1)^2+$(2)^2);"><variable identifier="l1" /><variable identifier="l2" /></customOperator></setTemplateValue><setTemplateValue identifier="lsg1"><customOperator definition="MAXIMA" value="float($(1));"><variable identifier="l1" /></customOperator></setTemplateValue><setTemplateValue identifier="lsg2"><customOperator definition="MAXIMA" value="float($(1));"><variable identifier="l2" /></customOperator></setTemplateValue><setCorrectResponse identifier="RESPONSE_1"><variable identifier="lsg1" /></setCorrectResponse><setCorrectResponse identifier="RESPONSE_2"><variable identifier="lsg2" /></setCorrectResponse></templateProcessing><itemBody ><p> </p><p>Find the inverse of \[z= \frac{<printedVariable identifier="l1" />}{<printedVariable identifier="q" />}-\frac{<printedVariable identifier="l2" />}{<printedVariable identifier="q" />}\mathrm{i}\, .\]</p><p> </p><p>\(\mathrm{Re}(z^{-1})\) = <textEntryInteraction responseIdentifier="RESPONSE_1" /> and \(\mathrm{Im}(z^{-1})\) =<textEntryInteraction responseIdentifier="RESPONSE_2" /></p><p> </p></itemBody><responseProcessing><responseCondition><responseIf><equal toleranceMode="absolute" tolerance="0 0" includeLowerBound="true" includeUpperBound="true"><variable identifier="RESPONSE_1" /><correct identifier="RESPONSE_1" /></equal><setOutcomeValue identifier="SCORE"><sum><variable identifier="SCORE" /><baseValue baseType="float">1</baseValue></sum></setOutcomeValue></responseIf></responseCondition><responseCondition><responseIf><not><isNull><variable identifier="RESPONSE_1" /></isNull></not><setOutcomeValue identifier="FEEDBACKBASIC"><baseValue baseType="identifier">incorrect</baseValue></setOutcomeValue></responseIf></responseCondition><responseCondition><responseIf><equal toleranceMode="absolute" tolerance="0 0" includeLowerBound="true" includeUpperBound="true"><variable identifier="RESPONSE_2" /><correct identifier="RESPONSE_2" /></equal><setOutcomeValue identifier="SCORE"><sum><variable identifier="SCORE" /><baseValue baseType="float">1</baseValue></sum></setOutcomeValue></responseIf></responseCondition><responseCondition><responseIf><not><isNull><variable identifier="RESPONSE_2" /></isNull></not><setOutcomeValue identifier="FEEDBACKBASIC"><baseValue baseType="identifier">incorrect</baseValue></setOutcomeValue></responseIf></responseCondition><responseCondition><responseIf><and><not><match><variable identifier="FEEDBACKBASIC" /><baseValue baseType="identifier">empty</baseValue></match></not><equal toleranceMode="exact"><variable identifier="SCORE" /><variable identifier="MAXSCORE" /></equal></and><setOutcomeValue identifier="FEEDBACKBASIC"><baseValue baseType="identifier">correct</baseValue></setOutcomeValue></responseIf></responseCondition></responseProcessing></assessmentItem>
