<?xml version="1.0" encoding="UTF-8"?>
<assessmentItem xmlns="http://www.imsglobal.org/xsd/imsqti_v2p1" xmlns:xsi="http://www.w3.org/2001/XMLSchema-instance" xsi:schemaLocation="http://www.imsglobal.org/xsd/imsqti_v2p1 http://www.imsglobal.org/xsd/qti/qtiv2p1/imsqti_v2p1p1.xsd http://www.w3.org/1998/Math/MathML http://www.w3.org/Math/XMLSchema/mathml2/mathml2.xsd" identifier="idf7bab8b7-7097-4b3d-8862-ea0015fbb301" title="NullstellenRationaleFunktion" adaptive="false" timeDependent="false"><responseDeclaration identifier="RESPONSE_1414699682135" cardinality="single" baseType="string" /><responseDeclaration identifier="RESPONSE_1410012695530" cardinality="single" baseType="string" /><responseDeclaration identifier="RESPONSE_1414698348095" cardinality="single" baseType="string" /><outcomeDeclaration identifier="SCORE" cardinality="single" baseType="float"><defaultValue><value>0</value></defaultValue></outcomeDeclaration><outcomeDeclaration identifier="MAXSCORE" cardinality="single" baseType="float"><defaultValue><value>11</value></defaultValue></outcomeDeclaration><outcomeDeclaration identifier="FEEDBACKBASIC" cardinality="single" baseType="identifier" view="testConstructor"><defaultValue><value>empty</value></defaultValue></outcomeDeclaration><outcomeDeclaration identifier="FEEDBACKMODAL" cardinality="multiple" baseType="identifier" view="testConstructor" /><templateDeclaration identifier="px0" cardinality="single" baseType="integer" /><templateDeclaration identifier="px1" cardinality="single" baseType="integer" /><templateDeclaration identifier="qx2r" cardinality="single" baseType="integer" /><templateDeclaration identifier="qx2i" cardinality="single" baseType="integer" /><templateDeclaration identifier="qx0" cardinality="single" baseType="integer" /><templateDeclaration identifier="rxr" cardinality="single" baseType="integer" /><templateDeclaration identifier="rxi" cardinality="single" baseType="integer" /><templateDeclaration identifier="tx" cardinality="single" baseType="string" /><templateDeclaration identifier="px" cardinality="single" baseType="string" /><templateDeclaration identifier="qx" cardinality="single" baseType="string" /><templateDeclaration identifier="ttx" cardinality="single" baseType="string" /><templateProcessing><setTemplateValue identifier="px0"><randomInteger min="6" max="12" /></setTemplateValue><setTemplateValue identifier="px1"><randomInteger min="-12" max="-6" /></setTemplateValue><setTemplateValue identifier="qx2r"><randomInteger min="-5" max="5" step="2" /></setTemplateValue><setTemplateValue identifier="qx2i"><randomInteger min="1" max="4" /></setTemplateValue><setTemplateValue identifier="qx0"><randomInteger min="-5" max="5" step="2" /></setTemplateValue><setTemplateValue identifier="rxr"><randomInteger min="-4" max="4" step="2" /></setTemplateValue><setTemplateValue identifier="rxi"><randomInteger min="1" max="4" /></setTemplateValue><setTemplateValue identifier="tx"><customOperator definition="MAXIMA" value="string(expand((x-($(1))-($(2))*%i)*(x-($(3))+($(4))*%i)))"><variable identifier="rxr" /><variable identifier="rxi" /><variable identifier="rxr" /><variable identifier="rxi" /></customOperator></setTemplateValue><setTemplateValue identifier="px"><customOperator definition="MAXIMA" value="tex1(expand((x-($(1)))*(x-($(2)))*($(3))))"><variable identifier="px0" /><variable identifier="px1" /><variable identifier="tx" /></customOperator></setTemplateValue><setTemplateValue identifier="qx"><customOperator definition="MAXIMA" value="tex1(expand((x-($(1)))*(x^2-2*x*($(2))+($(3))^2+($(4))^2)*($(5))))"><variable identifier="qx0" /><variable identifier="qx2r" /><variable identifier="qx2r" /><variable identifier="qx2i" /><variable identifier="tx" /></customOperator></setTemplateValue><setTemplateValue identifier="ttx"><customOperator definition="MAXIMA" value="tex1($(1))"><variable identifier="tx" /></customOperator></setTemplateValue><setCorrectResponse identifier="RESPONSE_1414699682135"><customOperator definition="VARIABLESTRING" value="$(1)"><variable identifier="tx" /></customOperator></setCorrectResponse><setCorrectResponse identifier="RESPONSE_1410012695530"><customOperator definition="VARIABLESTRING" value="{$(1), $(2)}"><variable identifier="px0" /><variable identifier="px1" /></customOperator></setCorrectResponse><setCorrectResponse identifier="RESPONSE_1414698348095"><customOperator definition="VARIABLESTRING" value="{$(3), $(1)+$(2)*%i,$(1)-$(2)*%i}"><variable identifier="qx2r" /><variable identifier="qx2i" /><variable identifier="qx0" /></customOperator></setCorrectResponse></templateProcessing><itemBody ><p><div dir="ltr" style="font-size: 13.2835px; font-family: sans-serif; left: 107.72px; top: 472.933px; transform: rotate(0deg) scale(0.996632, 1); transform-origin: 0% 0% 0px;" data-angle="0" data-font-name="g_font_9_0" data-canvas-width="309.9524353973021">Zur gebrochen-rationalen Funktion \(f=\frac{p}{q}\) mit</div><div dir="ltr" style="font-size: 13.2835px; font-family: sans-serif; left: 107.72px; top: 472.933px; transform: rotate(0deg) scale(0.996632, 1); transform-origin: 0% 0% 0px;" data-angle="0" data-font-name="g_font_9_0" data-canvas-width="309.9524353973021">\(p(x)=<printedVariable identifier="px" />\),</div><div dir="ltr" style="font-size: 13.2835px; font-family: sans-serif; left: 107.72px; top: 472.933px; transform: rotate(0deg) scale(0.996632, 1); transform-origin: 0% 0% 0px;" data-angle="0" data-font-name="g_font_9_0" data-canvas-width="309.9524353973021">\(q(x)=<printedVariable identifier="qx" />\)</div><div dir="ltr" style="font-size: 13.2835px; font-family: sans-serif; left: 107.72px; top: 472.933px; transform: rotate(0deg) scale(0.996632, 1); transform-origin: 0% 0% 0px;" data-angle="0" data-font-name="g_font_9_0" data-canvas-width="309.9524353973021">bestimme man</div><div dir="ltr" style="font-size: 13.2835px; font-family: sans-serif; left: 107.72px; top: 472.933px; transform: rotate(0deg) scale(0.996632, 1); transform-origin: 0% 0% 0px;" data-angle="0" data-font-name="g_font_9_0" data-canvas-width="309.9524353973021">den größten gemeinsamen Teiler \(t\) von \(p\) und \(q\),</div><div dir="ltr" style="font-size: 13.2835px; font-family: sans-serif; left: 107.72px; top: 472.933px; transform: rotate(0deg) scale(0.996632, 1); transform-origin: 0% 0% 0px;" data-angle="0" data-font-name="g_font_9_0" data-canvas-width="309.9524353973021">die Menge \(N\) der komplexen Nullstellen von \(f\)</div><div dir="ltr" style="font-size: 13.2835px; font-family: sans-serif; left: 107.72px; top: 472.933px; transform: rotate(0deg) scale(0.996632, 1); transform-origin: 0% 0% 0px;" data-angle="0" data-font-name="g_font_9_0" data-canvas-width="309.9524353973021">und die Menge \(P\) der komplexen Polstellen von \(f\).</div><div dir="ltr" style="font-size: 13.2835px; font-family: sans-serif; left: 107.72px; top: 472.933px; transform: rotate(0deg) scale(0.996632, 1); transform-origin: 0% 0% 0px;" data-angle="0" data-font-name="g_font_9_0" data-canvas-width="309.9524353973021"> </div><div dir="ltr" style="font-size: 13.2835px; font-family: sans-serif; left: 107.72px; top: 472.933px; transform: rotate(0deg) scale(0.996632, 1); transform-origin: 0% 0% 0px;" data-angle="0" data-font-name="g_font_9_0" data-canvas-width="309.9524353973021">Geben Sie \(t\) und die Mengen \(N\) und \(P\) exakt und ohne zu runden in Maxima-Schreibweise an:</div><div dir="ltr" style="font-size: 13.2835px; font-family: sans-serif; left: 107.72px; top: 472.933px; transform: rotate(0deg) scale(0.996632, 1); transform-origin: 0% 0% 0px;" data-angle="0" data-font-name="g_font_9_0" data-canvas-width="309.9524353973021"> </div><div dir="ltr" style="font-size: 13.2835px; font-family: sans-serif; left: 107.72px; top: 472.933px; transform: rotate(0deg) scale(0.996632, 1); transform-origin: 0% 0% 0px;" data-angle="0" data-font-name="g_font_9_0" data-canvas-width="309.9524353973021">\(x^4\), \(\mathrm{i}\), \(2a\) und \(\sqrt{a}\) werden x^4, %i, 2*a und sqrt(a) geschrieben.</div><div dir="ltr" style="font-size: 13.2835px; font-family: sans-serif; left: 107.72px; top: 472.933px; transform: rotate(0deg) scale(0.996632, 1); transform-origin: 0% 0% 0px;" data-angle="0" data-font-name="g_font_9_0" data-canvas-width="309.9524353973021"> </div><div dir="ltr" style="font-size: 13.2835px; font-family: sans-serif; left: 107.72px; top: 472.933px; transform: rotate(0deg) scale(0.996632, 1); transform-origin: 0% 0% 0px;" data-angle="0" data-font-name="g_font_9_0" data-canvas-width="309.9524353973021">ggT(\(p,q\)):</div><div dir="ltr" style="font-size: 13.2835px; font-family: sans-serif; left: 107.72px; top: 472.933px; transform: rotate(0deg) scale(0.996632, 1); transform-origin: 0% 0% 0px;" data-angle="0" data-font-name="g_font_9_0" data-canvas-width="309.9524353973021">\(t(x)\) = <textEntryInteraction responseIdentifier="RESPONSE_1414699682135" expectedLength="20" class="maxima-formula show-latex show-syntax-error" /></div><div dir="ltr" style="font-size: 13.2835px; font-family: sans-serif; left: 107.72px; top: 472.933px; transform: rotate(0deg) scale(0.996632, 1); transform-origin: 0% 0% 0px;" data-angle="0" data-font-name="g_font_9_0" data-canvas-width="309.9524353973021"> </div><div dir="ltr" style="font-size: 13.2835px; font-family: sans-serif; left: 107.72px; top: 472.933px; transform: rotate(0deg) scale(0.996632, 1); transform-origin: 0% 0% 0px;" data-angle="0" data-font-name="g_font_9_0" data-canvas-width="309.9524353973021">Nullstellenmenge:</div><div dir="ltr" style="font-size: 13.2835px; font-family: sans-serif; left: 107.72px; top: 472.933px; transform: rotate(0deg) scale(0.996632, 1); transform-origin: 0% 0% 0px;" data-angle="0" data-font-name="g_font_9_0" data-canvas-width="309.9524353973021">\(N\) = <textEntryInteraction responseIdentifier="RESPONSE_1410012695530" expectedLength="20" class="maxima-formula show-latex show-syntax-error" /></div><div dir="ltr" style="font-size: 13.2835px; font-family: sans-serif; left: 107.72px; top: 472.933px; transform: rotate(0deg) scale(0.996632, 1); transform-origin: 0% 0% 0px;" data-angle="0" data-font-name="g_font_9_0" data-canvas-width="309.9524353973021"> </div><div dir="ltr" style="font-size: 13.2835px; font-family: sans-serif; left: 107.72px; top: 472.933px; transform: rotate(0deg) scale(0.996632, 1); transform-origin: 0% 0% 0px;" data-angle="0" data-font-name="g_font_9_0" data-canvas-width="309.9524353973021">Polstellenmenge:</div><div dir="ltr" style="font-size: 13.2835px; font-family: sans-serif; left: 107.72px; top: 472.933px; transform: rotate(0deg) scale(0.996632, 1); transform-origin: 0% 0% 0px;" data-angle="0" data-font-name="g_font_9_0" data-canvas-width="309.9524353973021">\(P\) = <textEntryInteraction responseIdentifier="RESPONSE_1414698348095" expectedLength="20" class="maxima-formula show-latex show-syntax-error" /></div><div dir="ltr" style="font-size: 13.2835px; font-family: sans-serif; left: 107.72px; top: 472.933px; transform: rotate(0deg) scale(0.996632, 1); transform-origin: 0% 0% 0px;" data-angle="0" data-font-name="g_font_9_0" data-canvas-width="309.9524353973021"> </div></p></itemBody><responseProcessing><responseCondition><responseIf><customOperator definition="MAXIMA" value="is(equal(ev($(1)),ev($(2))));"><variable identifier="RESPONSE_1414699682135" /><correct identifier="RESPONSE_1414699682135" /></customOperator><setOutcomeValue identifier="SCORE"><sum><variable identifier="SCORE" /><baseValue baseType="float">6</baseValue></sum></setOutcomeValue></responseIf></responseCondition><responseCondition><responseIf><not><isNull><variable identifier="RESPONSE_1414699682135" /></isNull></not><setOutcomeValue identifier="FEEDBACKBASIC"><baseValue baseType="identifier">incorrect</baseValue></setOutcomeValue></responseIf></responseCondition><responseCondition><responseIf><customOperator definition="MAXIMA" value="is(equal(ev($(1)),ev($(2))));"><variable identifier="RESPONSE_1410012695530" /><correct identifier="RESPONSE_1410012695530" /></customOperator><setOutcomeValue identifier="SCORE"><sum><variable identifier="SCORE" /><baseValue baseType="float">2</baseValue></sum></setOutcomeValue></responseIf></responseCondition><responseCondition><responseIf><not><isNull><variable identifier="RESPONSE_1410012695530" /></isNull></not><setOutcomeValue identifier="FEEDBACKBASIC"><baseValue baseType="identifier">incorrect</baseValue></setOutcomeValue></responseIf></responseCondition><responseCondition><responseIf><customOperator definition="MAXIMA" value="is(equal(ev($(1)),ev($(2))));"><variable identifier="RESPONSE_1414698348095" /><correct identifier="RESPONSE_1414698348095" /></customOperator><setOutcomeValue identifier="SCORE"><sum><variable identifier="SCORE" /><baseValue baseType="float">3</baseValue></sum></setOutcomeValue></responseIf></responseCondition><responseCondition><responseIf><not><isNull><variable identifier="RESPONSE_1414698348095" /></isNull></not><setOutcomeValue identifier="FEEDBACKBASIC"><baseValue baseType="identifier">incorrect</baseValue></setOutcomeValue></responseIf></responseCondition><responseCondition><responseIf><and><not><match><variable identifier="FEEDBACKBASIC" /><baseValue baseType="identifier">empty</baseValue></match></not><equal toleranceMode="exact"><variable identifier="SCORE" /><variable identifier="MAXSCORE" /></equal></and><setOutcomeValue identifier="FEEDBACKBASIC"><baseValue baseType="identifier">correct</baseValue></setOutcomeValue></responseIf></responseCondition><responseCondition><responseIf><and><match><baseValue baseType="identifier">correct</baseValue><variable identifier="FEEDBACKBASIC" /></match></and><setOutcomeValue identifier="FEEDBACKMODAL"><multiple><variable identifier="FEEDBACKMODAL" /><baseValue baseType="identifier">Feedback1241082194</baseValue></multiple></setOutcomeValue></responseIf></responseCondition><responseCondition><responseIf><and><match><baseValue baseType="identifier">incorrect</baseValue><variable identifier="FEEDBACKBASIC" /></match></and><setOutcomeValue identifier="FEEDBACKMODAL"><multiple><variable identifier="FEEDBACKMODAL" /><baseValue baseType="identifier">Feedback359771247</baseValue></multiple></setOutcomeValue></responseIf></responseCondition></responseProcessing><modalFeedback  identifier="Feedback1241082194" outcomeIdentifier="FEEDBACKMODAL" showHide="show" title="Alles richtig!" /><modalFeedback  identifier="Feedback359771247" outcomeIdentifier="FEEDBACKMODAL" showHide="show" title="Leider nicht alles richtig!"><p>Richtige Lösung:</p><p>\(t(x)=<printedVariable identifier="ttx" />\),  \(N=\{<printedVariable identifier="px0" />,<printedVariable identifier="px1" />\}\), \(P=\{<printedVariable identifier="qx0" />,<printedVariable identifier="qx2r" />+<printedVariable identifier="qx2i" />\,\mathrm{i},<printedVariable identifier="qx2r" />-<printedVariable identifier="qx2i" />\,\mathrm{i}\}\)</p><p>Den größten gemeinsamen Teiler zweier Polynome \(p_1\) und \(p_2\), bei denen \(p_2\)  den kleineren Grad hat, bestimmt man durch wiederholte Polynomdivision:</p><p>Man bestimmt den Rest \(p_3\) bei Division von \(p_1)\) durch \(p_2\), dann den Rest \(p_4\) bei Division von \(p_2\) durch \(p_3\), allgemein den Rest \(p_{k+1}\) bei Division von \(p_{k-1}\) durch \(p_k\) für \(k\geq 2\) bis man \(p_{k+1}=0\) erhält. Dann ist \(p_k\) der gesuchte größte gemeisname Teiler.</p><p>Nach Kürzen durch den größten gemeinsamen Teiler kann man die Nullstellen von Zähler und Nenner von \(f\) leicht bestimmen.</p></modalFeedback></assessmentItem>
