<?xml version="1.0" encoding="UTF-8"?>
<manifest
	xmlns="http://www.imsglobal.org/xsd/imscp_v1p1"
	xmlns:xsi="http://www.w3.org/2001/XMLSchema-instance" 
	xsi:schemaLocation="http://www.imsglobal.org/xsd/imscp_v1p1 http://www.imsglobal.org/xsd/qti/qtiv2p1/qtiv2p1_imscpv1p2_v1p0.xsd 
											http://www.imsglobal.org/xsd/imsqti_v2p1 http://www.imsglobal.org/xsd/qti/qtiv2p1/imsqti_v2p1p1.xsd 
											http://www.imsglobal.org/xsd/imsqti_metadata_v2p1 http://www.imsglobal.org/xsd/qti/qtiv2p1/imsqti_metadata_v2p1p1.xsd
											http://ltsc.ieee.org/xsd/LOM http://www.imsglobal.org/xsd/imsmd_loose_v1p3p2.xsd"
	identifier="manifestID">
	<metadata>
		<schema>QTIv2.1 Package</schema>
    <schemaversion>1.0.0</schemaversion>
  </metadata>
	<organizations />
	<resources>
		<resource identifier="idf7bab8b7_7097_4b3d_8862_ea0015fbb301" type="imsqti_item_xmlv2p1" href="idf7bab8b7-7097-4b3d-8862-ea0015fbb301.xml"><metadata><lom xmlns="http://ltsc.ieee.org/xsd/LOM"><general ><identifier><entry>idf7bab8b7-7097-4b3d-8862-ea0015fbb301</entry></identifier><title><string language="de">NullstellenRationaleFunktion</string></title><language></language><description><string language="de"></string></description></general><lifeCycle ><contribute><date><dateTime>2014-12-18T14:52:52</dateTime></date><role><source>LOMv1.0</source><value>author</value></role><entity>BEGIN:VCARD&#xD;
VERSION:4.0&#xD;
N;LANGUAGE=de:Potts;Daniel;;;&#xD;
FN:Daniel Potts&#xD;
EMAIL:daniel.potts@mathematik.tu-chemnitz.de&#xD;
PRODID:ONYX Editor 5.9.12&#xD;
END:VCARD&#xD;
</entity></contribute></lifeCycle></lom></metadata><file href="idf7bab8b7-7097-4b3d-8862-ea0015fbb301.xml" /></resource>
	</resources>
</manifest>
