<?xml version="1.0" encoding="UTF-8"?>
<assessmentItem xmlns="http://www.imsglobal.org/xsd/imsqti_v2p1" xmlns:xsi="http://www.w3.org/2001/XMLSchema-instance" xsi:schemaLocation="http://www.imsglobal.org/xsd/imsqti_v2p1 http://www.imsglobal.org/xsd/qti/qtiv2p1/imsqti_v2p1p1.xsd http://www.w3.org/1998/Math/MathML http://www.w3.org/Math/XMLSchema/mathml2/mathml2.xsd" identifier="idbd2f32e6-ca68-4a60-8813-caa3776d6df3" title="Zahlenebene_04" adaptive="false" timeDependent="false"><responseDeclaration identifier="RESPONSE_1" cardinality="multiple" baseType="identifier"><correctResponse><value>Choice14</value><value>Choice15</value><value>Choice16</value><value>Choice22</value><value>Choice24</value></correctResponse></responseDeclaration><outcomeDeclaration identifier="SCORE" cardinality="single" baseType="float"><defaultValue><value>0</value></defaultValue></outcomeDeclaration><outcomeDeclaration identifier="MAXSCORE" cardinality="single" baseType="float"><defaultValue><value>2</value></defaultValue></outcomeDeclaration><outcomeDeclaration identifier="FEEDBACKBASIC" cardinality="single" baseType="identifier"><defaultValue><value>empty</value></defaultValue></outcomeDeclaration><itemBody ><p>Bitte klicken Sie in der Grafik auf folgende komplexen Zahlen:</p><ul><li>\(z_1 = -i+1\)</li><li>\(z_2 = -3-2i\)</li><li>\(z_3 = -2i-2\)</li><li>\(z_4 = 3-3i\)</li><li>\(z_5 = 0-3i\)</li></ul><hotspotInteraction responseIdentifier="RESPONSE_1" maxChoices="0"><object data="media%2Fhotspot_upload_2553385234627201240_GEO2.png" type="image/png" class="Flash" /><hotspotChoice xmlns="http://www.imsglobal.org/xsd/imsqti_v2p1" identifier="Choice0" fixed="false" shape="circle" coords="166,38,10" /><hotspotChoice xmlns="http://www.imsglobal.org/xsd/imsqti_v2p1" identifier="Choice1" fixed="false" shape="circle" coords="402,38,10" /><hotspotChoice xmlns="http://www.imsglobal.org/xsd/imsqti_v2p1" identifier="Choice2" fixed="false" shape="circle" coords="638,38,10" /><hotspotChoice xmlns="http://www.imsglobal.org/xsd/imsqti_v2p1" identifier="Choice3" fixed="false" shape="circle" coords="875,38,10" /><hotspotChoice xmlns="http://www.imsglobal.org/xsd/imsqti_v2p1" identifier="Choice4" fixed="false" shape="circle" coords="166,156,10" /><hotspotChoice xmlns="http://www.imsglobal.org/xsd/imsqti_v2p1" identifier="Choice5" fixed="false" shape="circle" coords="520,156,10" /><hotspotChoice xmlns="http://www.imsglobal.org/xsd/imsqti_v2p1" identifier="Choice6" fixed="false" shape="circle" coords="757,156,10" /><hotspotChoice xmlns="http://www.imsglobal.org/xsd/imsqti_v2p1" identifier="Choice7" fixed="false" shape="circle" coords="284,275,10" /><hotspotChoice xmlns="http://www.imsglobal.org/xsd/imsqti_v2p1" identifier="Choice8" fixed="false" shape="circle" coords="638,275,10" /><hotspotChoice xmlns="http://www.imsglobal.org/xsd/imsqti_v2p1" identifier="Choice9" fixed="false" shape="circle" coords="875,275,10" /><hotspotChoice xmlns="http://www.imsglobal.org/xsd/imsqti_v2p1" identifier="Choice10" fixed="false" shape="circle" coords="166,393,10" /><hotspotChoice xmlns="http://www.imsglobal.org/xsd/imsqti_v2p1" identifier="Choice11" fixed="false" shape="circle" coords="638,393,10" /><hotspotChoice xmlns="http://www.imsglobal.org/xsd/imsqti_v2p1" identifier="Choice12" fixed="false" shape="circle" coords="875,393,10" /><hotspotChoice xmlns="http://www.imsglobal.org/xsd/imsqti_v2p1" identifier="Choice13" fixed="false" shape="circle" coords="402,511,10" /><hotspotChoice xmlns="http://www.imsglobal.org/xsd/imsqti_v2p1" identifier="Choice14" fixed="false" shape="circle" coords="638,511,10" /><hotspotChoice xmlns="http://www.imsglobal.org/xsd/imsqti_v2p1" identifier="Choice15" fixed="false" shape="circle" coords="166,629,10" /><hotspotChoice xmlns="http://www.imsglobal.org/xsd/imsqti_v2p1" identifier="Choice16" fixed="false" shape="circle" coords="284,629,10" /><hotspotChoice xmlns="http://www.imsglobal.org/xsd/imsqti_v2p1" identifier="Choice17" fixed="false" shape="circle" coords="520,629,10" /><hotspotChoice xmlns="http://www.imsglobal.org/xsd/imsqti_v2p1" identifier="Choice18" fixed="false" shape="circle" coords="757,629,10" /><hotspotChoice xmlns="http://www.imsglobal.org/xsd/imsqti_v2p1" identifier="Choice19" fixed="false" shape="circle" coords="875,629,10" /><hotspotChoice xmlns="http://www.imsglobal.org/xsd/imsqti_v2p1" identifier="Choice20" fixed="false" shape="circle" coords="166,747,10" /><hotspotChoice xmlns="http://www.imsglobal.org/xsd/imsqti_v2p1" identifier="Choice21" fixed="false" shape="circle" coords="402,747,10" /><hotspotChoice xmlns="http://www.imsglobal.org/xsd/imsqti_v2p1" identifier="Choice22" fixed="false" shape="circle" coords="520,747,10" /><hotspotChoice xmlns="http://www.imsglobal.org/xsd/imsqti_v2p1" identifier="Choice23" fixed="false" shape="circle" coords="638,747,10" /><hotspotChoice xmlns="http://www.imsglobal.org/xsd/imsqti_v2p1" identifier="Choice24" fixed="false" shape="circle" coords="875,747,10" /></hotspotInteraction></itemBody><responseProcessing><responseCondition><responseIf><isNull><variable identifier="RESPONSE_1" /></isNull><setOutcomeValue identifier="FEEDBACKBASIC"><baseValue baseType="identifier">empty</baseValue></setOutcomeValue></responseIf><responseElseIf><match><variable identifier="RESPONSE_1" /><correct identifier="RESPONSE_1" /></match><setOutcomeValue identifier="SCORE"><sum><variable identifier="SCORE" /><variable identifier="MAXSCORE" /></sum></setOutcomeValue><setOutcomeValue identifier="FEEDBACKBASIC"><baseValue baseType="identifier">correct</baseValue></setOutcomeValue></responseElseIf><responseElse><setOutcomeValue identifier="FEEDBACKBASIC"><baseValue baseType="identifier">incorrect</baseValue></setOutcomeValue></responseElse></responseCondition></responseProcessing></assessmentItem>
