<?xml version="1.0" encoding="UTF-8"?>
<assessmentItem xmlns="http://www.imsglobal.org/xsd/imsqti_v2p1" xmlns:xsi="http://www.w3.org/2001/XMLSchema-instance" xsi:schemaLocation="http://www.imsglobal.org/xsd/imsqti_v2p1 http://www.imsglobal.org/xsd/qti/qtiv2p1/imsqti_v2p1p1.xsd http://www.w3.org/1998/Math/MathML http://www.w3.org/Math/XMLSchema/mathml2/mathml2.xsd" identifier="id2814e397-85b7-4b4a-89ad-96ab1113c748" title="komplexität_koeffizienten_01" adaptive="false" timeDependent="false"><responseDeclaration identifier="RESPONSE_1" cardinality="multiple" baseType="directedPair"><correctResponse><value>ideaf19f1b-5616-4cbf-9251-e089fa3d1c13 id5f7d6d25-0bac-4ae3-953c-6fe3e6757423</value><value>id8e2bc4d9-09cd-444b-b8b2-ae42cd3fae1f idb0b0cfa9-308b-4783-9c55-ee8234660a45</value><value>id7e9d69ce-45b9-4bd6-b4fe-c04e2e1b89be idb55c7a61-594d-4f6a-b8a4-919cf0023d13</value><value>id4b66e19c-f9d3-41dd-8079-f31616fff020 id76b78ac9-f710-49a9-8d05-29578b953c45</value></correctResponse><mapping defaultValue="0" lowerBound="0.0"><mapEntry mapKey="ideaf19f1b-5616-4cbf-9251-e089fa3d1c13 id5f7d6d25-0bac-4ae3-953c-6fe3e6757423" mappedValue="0.5" /><mapEntry mapKey="id8e2bc4d9-09cd-444b-b8b2-ae42cd3fae1f idb0b0cfa9-308b-4783-9c55-ee8234660a45" mappedValue="0.5" /><mapEntry mapKey="id7e9d69ce-45b9-4bd6-b4fe-c04e2e1b89be idb55c7a61-594d-4f6a-b8a4-919cf0023d13" mappedValue="0.5" /><mapEntry mapKey="id4b66e19c-f9d3-41dd-8079-f31616fff020 id76b78ac9-f710-49a9-8d05-29578b953c45" mappedValue="0.5" /><mapEntry mapKey="id4b66e19c-f9d3-41dd-8079-f31616fff020 id76b78ac9-f710-49a9-8d05-29578b953c45" mappedValue="0.5" /><mapEntry mapKey="id8e2bc4d9-09cd-444b-b8b2-ae42cd3fae1f idb0b0cfa9-308b-4783-9c55-ee8234660a45" mappedValue="0.5" /><mapEntry mapKey="id7e9d69ce-45b9-4bd6-b4fe-c04e2e1b89be idb55c7a61-594d-4f6a-b8a4-919cf0023d13" mappedValue="0.5" /></mapping></responseDeclaration><outcomeDeclaration identifier="SCORE" cardinality="single" baseType="float"><defaultValue><value>0</value></defaultValue></outcomeDeclaration><outcomeDeclaration identifier="MAXSCORE" cardinality="single" baseType="float"><defaultValue><value>2</value></defaultValue></outcomeDeclaration><outcomeDeclaration identifier="FEEDBACKBASIC" cardinality="single" baseType="identifier" view="testConstructor"><defaultValue><value>empty</value></defaultValue></outcomeDeclaration><itemBody ><p>Es sei \(N\) die Anzahl der Stützstellen. Geben sie jeweils die bestmögliche Komplexität zur Bestimmung der jeweiligen Koeffizienten der Basisfunktionen an.</p><matchInteraction responseIdentifier="RESPONSE_1" shuffle="false" maxAssociations="0"><simpleMatchSet><simpleAssociableChoice identifier="id4b66e19c-f9d3-41dd-8079-f31616fff020" fixed="false" matchMax="1"><p>Interpolation in der Monombasis</p></simpleAssociableChoice><simpleAssociableChoice identifier="id8e2bc4d9-09cd-444b-b8b2-ae42cd3fae1f" fixed="false" matchMax="1"><p>Newton-Interpolation</p></simpleAssociableChoice><simpleAssociableChoice identifier="ideaf19f1b-5616-4cbf-9251-e089fa3d1c13" fixed="false" matchMax="1"><p>Interpolation mittels kubischer Splines</p></simpleAssociableChoice><simpleAssociableChoice identifier="id7e9d69ce-45b9-4bd6-b4fe-c04e2e1b89be" fixed="false" matchMax="1"><p>schnelle Fourier-Transformation</p></simpleAssociableChoice></simpleMatchSet><simpleMatchSet><simpleAssociableChoice identifier="id5f7d6d25-0bac-4ae3-953c-6fe3e6757423" fixed="false" matchMax="0"><p>\(\normalsize\mathcal O(N)\)</p></simpleAssociableChoice><simpleAssociableChoice identifier="idb55c7a61-594d-4f6a-b8a4-919cf0023d13" fixed="false" matchMax="0"><p>\(\normalsize\mathcal O(N\log N)\)</p></simpleAssociableChoice><simpleAssociableChoice identifier="idb0b0cfa9-308b-4783-9c55-ee8234660a45" fixed="false" matchMax="0"><p>\(\normalsize\mathcal O(N^2)\)</p></simpleAssociableChoice><simpleAssociableChoice identifier="id76b78ac9-f710-49a9-8d05-29578b953c45" fixed="false" matchMax="0"><p>\(\normalsize\mathcal O(N^3)\)</p></simpleAssociableChoice></simpleMatchSet></matchInteraction></itemBody><responseProcessing><responseCondition><responseIf><not><isNull><variable identifier="RESPONSE_1" /></isNull></not><setOutcomeValue identifier="SCORE"><sum><variable identifier="SCORE" /><mapResponse identifier="RESPONSE_1" /></sum></setOutcomeValue><setOutcomeValue identifier="FEEDBACKBASIC"><baseValue baseType="identifier">incorrect</baseValue></setOutcomeValue></responseIf></responseCondition><responseCondition><responseIf><and><not><match><variable identifier="FEEDBACKBASIC" /><baseValue baseType="identifier">empty</baseValue></match></not><equal toleranceMode="exact"><variable identifier="SCORE" /><variable identifier="MAXSCORE" /></equal></and><setOutcomeValue identifier="FEEDBACKBASIC"><baseValue baseType="identifier">correct</baseValue></setOutcomeValue></responseIf></responseCondition></responseProcessing></assessmentItem>
