<?xml version="1.0" encoding="UTF-8"?>
<assessmentItem xmlns="http://www.imsglobal.org/xsd/imsqti_v2p1" xmlns:xsi="http://www.w3.org/2001/XMLSchema-instance" xsi:schemaLocation="http://www.imsglobal.org/xsd/imsqti_v2p1 http://www.imsglobal.org/xsd/qti/qtiv2p1/imsqti_v2p1p1.xsd http://www.w3.org/1998/Math/MathML http://www.w3.org/Math/XMLSchema/mathml2/mathml2.xsd" identifier="idd727c24c-4879-4325-a4d8-deecf6c80491" title="NormalverteilungMeßvorgang" adaptive="false" timeDependent="false"><responseDeclaration identifier="RESPONSE_1402480096772" cardinality="single" baseType="float"><correctResponse><value>0</value></correctResponse></responseDeclaration><responseDeclaration identifier="RESPONSE_1402488486296" cardinality="single" baseType="float"><correctResponse><value>0</value></correctResponse></responseDeclaration><responseDeclaration identifier="RESPONSE_1402495119108" cardinality="single" baseType="float"><correctResponse><value>0</value></correctResponse></responseDeclaration><responseDeclaration identifier="RESPONSE_1402496235197" cardinality="single" baseType="float"><correctResponse><value>0</value></correctResponse></responseDeclaration><outcomeDeclaration identifier="SCORE" cardinality="single" baseType="float"><defaultValue><value>0</value></defaultValue></outcomeDeclaration><outcomeDeclaration identifier="MAXSCORE" cardinality="single" baseType="float"><defaultValue><value>7</value></defaultValue></outcomeDeclaration><outcomeDeclaration identifier="FEEDBACKBASIC" cardinality="single" baseType="identifier" view="testConstructor"><defaultValue><value>empty</value></defaultValue></outcomeDeclaration><outcomeDeclaration identifier="FEEDBACKMODAL" cardinality="multiple" baseType="identifier" view="testConstructor" /><templateDeclaration identifier="u" cardinality="single" baseType="float" /><templateDeclaration identifier="v" cardinality="single" baseType="float" /><templateDeclaration identifier="w1" cardinality="single" baseType="float" /><templateDeclaration identifier="w2" cardinality="single" baseType="float" /><templateDeclaration identifier="p" cardinality="single" baseType="float" /><templateDeclaration identifier="q" cardinality="single" baseType="float" /><templateDeclaration identifier="x" cardinality="single" baseType="float" /><templateDeclaration identifier="b" cardinality="single" baseType="float" /><templateProcessing><setTemplateValue identifier="u"><random><multiple><baseValue baseType="float">30</baseValue><baseValue baseType="float">31</baseValue><baseValue baseType="float">32</baseValue><baseValue baseType="float">33</baseValue><baseValue baseType="float">34</baseValue><baseValue baseType="float">35</baseValue><baseValue baseType="float">36</baseValue><baseValue baseType="float">37</baseValue><baseValue baseType="float">38</baseValue><baseValue baseType="float">39</baseValue><baseValue baseType="float">40</baseValue><baseValue baseType="float">41</baseValue><baseValue baseType="float">42</baseValue><baseValue baseType="float">43</baseValue><baseValue baseType="float">44</baseValue><baseValue baseType="float">45</baseValue><baseValue baseType="float">46</baseValue><baseValue baseType="float">47</baseValue><baseValue baseType="float">48</baseValue></multiple></random></setTemplateValue><setTemplateValue identifier="v"><random><multiple><baseValue baseType="float">0.4</baseValue><baseValue baseType="float">0.5</baseValue><baseValue baseType="float">0.6</baseValue><baseValue baseType="float">0.7</baseValue><baseValue baseType="float">0.8</baseValue><baseValue baseType="float">0.9</baseValue><baseValue baseType="float">1</baseValue><baseValue baseType="float">1.1</baseValue><baseValue baseType="float">1.2</baseValue><baseValue baseType="float">1.3</baseValue><baseValue baseType="float">1.4</baseValue></multiple></random></setTemplateValue><setTemplateValue identifier="w1"><customOperator definition="MAXIMA" value="float($(1)-2);"><variable identifier="u" /></customOperator></setTemplateValue><setTemplateValue identifier="w2"><customOperator definition="MAXIMA" value="float($(1)-0.1);"><variable identifier="u" /></customOperator></setTemplateValue><setTemplateValue identifier="p"><customOperator definition="MAXIMA" value="float(  erf(  ($(1)-$(2))/ sqrt($(3)*2))/2 -erf(($(4)-$(5))/ sqrt($(6)*2))/2   )  *100"><variable identifier="w2" /><variable identifier="u" /><variable identifier="v" /><variable identifier="w1" /><variable identifier="u" /><variable identifier="v" /></customOperator></setTemplateValue><setTemplateValue identifier="q"><customOperator definition="MAXIMA" value="float(  sqrt(2)*inverse_erf(2*0.925-1)*sqrt($(1)))"><variable identifier="v" /></customOperator></setTemplateValue><setTemplateValue identifier="x"><customOperator definition="MAXIMA" value="float( sqrt(2)*inverse_erf(2*0.1-1)*sqrt($(1))+$(2))"><variable identifier="v" /><variable identifier="u" /></customOperator></setTemplateValue><setTemplateValue identifier="b"><customOperator definition="MAXIMA" value="float((5*0.85^4*0.15+ 0.85^5)*100);" /></setTemplateValue><setCorrectResponse identifier="RESPONSE_1402480096772"><variable identifier="p" /></setCorrectResponse><setCorrectResponse identifier="RESPONSE_1402488486296"><variable identifier="q" /></setCorrectResponse><setCorrectResponse identifier="RESPONSE_1402495119108"><variable identifier="x" /></setCorrectResponse><setCorrectResponse identifier="RESPONSE_1402496235197"><variable identifier="b" /></setCorrectResponse></templateProcessing><itemBody ><p><p>Bei einem Meßvorgang kann davon ausgegangen werden, dass die Meßgröße X normalverteilt ist mit den Parametern \(\mu= \)<printedVariable identifier="u" /> cm und \(\sigma^2\) = <printedVariable identifier="v" /> \(cm^2\).</p><p style="-qt-block-indent: 0; text-indent: 0px; margin: 0px;">a.) Mit welcher Wahrscheinlichkeit W (in Prozent gerundet auf eine Stelle nach dem Komma) werden Werte zwischen <printedVariable identifier="w2" /> cm und <printedVariable identifier="w1" /> cm erzielt?</p><p style="-qt-block-indent: 0; text-indent: 0px; margin: 0px;">W =  <textEntryInteraction responseIdentifier="RESPONSE_1402480096772" expectedLength="5" />%</p><p style="-qt-block-indent: 0; text-indent: 0px; margin: 0px;"> </p><p style="-qt-block-indent: 0; text-indent: 0px; margin: 0px;">b.) In welchem bezüglich des Erwartungswertes symmetrischen Intervall \(I= [\mu-r, \mu+r]\) liegen 85% aller Werte? Runde auf zwei Stellen nach dem Komma.</p><p style="-qt-block-indent: 0; text-indent: 0px; margin: 0px;">Antwort: Der Intervallradius ist r = <textEntryInteraction responseIdentifier="RESPONSE_1402488486296" expectedLength="2" /></p><p style="-qt-block-indent: 0; text-indent: 0px; margin: 0px;"> </p><p style="-qt-block-indent: 0; text-indent: 0px; margin: 0px;">c.) Berechne  \(x_0\) so dass die Wahrscheinlichkeit, dass die Meßgröße X kleiner gleich \(x_0\)</p><p style="-qt-block-indent: 0; text-indent: 0px; margin: 0px;"> ist, 10 % beträgt, d.h. berechne \(x_0\) (gerundet auf zwei Stellen nach dem Komma) so dass gilt: \(P(X \le x_0) = 0.1\):</p><p style="-qt-block-indent: 0; text-indent: 0px; margin: 0px;">\(x_0\)= <textEntryInteraction responseIdentifier="RESPONSE_1402495119108" expectedLength="2" /></p><p style="-qt-block-indent: 0; text-indent: 0px; margin: 0px;"> </p><p style="-qt-block-indent: 0; text-indent: 0px; margin: 0px;">d.) Wenn 5 Versuche durchgeführt werden, wie groß ist dann die Wahrscheinlichkeit W(in Prozent gerundet auf eine Stelle nach dem Komma), dass mindestens 4 Werte in dem unter (b) berechneten Intervall liegen?</p><p style="-qt-block-indent: 0; text-indent: 0px; margin: 0px;">W = <textEntryInteraction responseIdentifier="RESPONSE_1402496235197" expectedLength="3" /> %</p><p> </p><p> </p></p></itemBody><responseProcessing><responseCondition><responseIf><equal toleranceMode="absolute" tolerance="0.1 0.1" includeLowerBound="true" includeUpperBound="true"><variable identifier="RESPONSE_1402480096772" /><correct identifier="RESPONSE_1402480096772" /></equal><setOutcomeValue identifier="SCORE"><sum><variable identifier="SCORE" /><baseValue baseType="float">2</baseValue></sum></setOutcomeValue></responseIf></responseCondition><responseCondition><responseIf><not><isNull><variable identifier="RESPONSE_1402480096772" /></isNull></not><setOutcomeValue identifier="FEEDBACKBASIC"><baseValue baseType="identifier">incorrect</baseValue></setOutcomeValue></responseIf></responseCondition><responseCondition><responseIf><equal toleranceMode="absolute" tolerance="0.1 0.1" includeLowerBound="true" includeUpperBound="true"><variable identifier="RESPONSE_1402488486296" /><correct identifier="RESPONSE_1402488486296" /></equal><setOutcomeValue identifier="SCORE"><sum><variable identifier="SCORE" /><baseValue baseType="float">2</baseValue></sum></setOutcomeValue></responseIf></responseCondition><responseCondition><responseIf><not><isNull><variable identifier="RESPONSE_1402488486296" /></isNull></not><setOutcomeValue identifier="FEEDBACKBASIC"><baseValue baseType="identifier">incorrect</baseValue></setOutcomeValue></responseIf></responseCondition><responseCondition><responseIf><equal toleranceMode="absolute" tolerance="0.1 0.1" includeLowerBound="true" includeUpperBound="true"><variable identifier="RESPONSE_1402495119108" /><correct identifier="RESPONSE_1402495119108" /></equal><setOutcomeValue identifier="SCORE"><sum><variable identifier="SCORE" /><baseValue baseType="float">2</baseValue></sum></setOutcomeValue></responseIf></responseCondition><responseCondition><responseIf><not><isNull><variable identifier="RESPONSE_1402495119108" /></isNull></not><setOutcomeValue identifier="FEEDBACKBASIC"><baseValue baseType="identifier">incorrect</baseValue></setOutcomeValue></responseIf></responseCondition><responseCondition><responseIf><equal toleranceMode="absolute" tolerance="0.1 0.1" includeLowerBound="true" includeUpperBound="true"><variable identifier="RESPONSE_1402496235197" /><correct identifier="RESPONSE_1402496235197" /></equal><setOutcomeValue identifier="SCORE"><sum><variable identifier="SCORE" /><baseValue baseType="float">1</baseValue></sum></setOutcomeValue></responseIf></responseCondition><responseCondition><responseIf><not><isNull><variable identifier="RESPONSE_1402496235197" /></isNull></not><setOutcomeValue identifier="FEEDBACKBASIC"><baseValue baseType="identifier">incorrect</baseValue></setOutcomeValue></responseIf></responseCondition><responseCondition><responseIf><and><not><match><variable identifier="FEEDBACKBASIC" /><baseValue baseType="identifier">empty</baseValue></match></not><equal toleranceMode="exact"><variable identifier="SCORE" /><variable identifier="MAXSCORE" /></equal></and><setOutcomeValue identifier="FEEDBACKBASIC"><baseValue baseType="identifier">correct</baseValue></setOutcomeValue></responseIf></responseCondition><responseCondition><responseIf><and><match><baseValue baseType="identifier">incorrect</baseValue><variable identifier="FEEDBACKBASIC" /></match></and><setOutcomeValue identifier="FEEDBACKMODAL"><multiple><variable identifier="FEEDBACKMODAL" /><baseValue baseType="identifier">Feedback1526327190</baseValue></multiple></setOutcomeValue></responseIf></responseCondition></responseProcessing><modalFeedback  identifier="Feedback1526327190" outcomeIdentifier="FEEDBACKMODAL" showHide="show"><p>Lösungsskizzen:</p><p style="-qt-block-indent: 0; text-indent: 0px; margin: 0px;">a.) Wenn a und b untere/obere Grenze der Meßgröße sind, dann kann man die gesuchte Wahrscheinlichkeit auf die <strong>Standartnormalverteilung U</strong> transformieren: \(P(a \lt X \leq b)= P(\frac{a-\mu}{\sigma} \lt U = \frac{X-\mu}{\sigma} \leq \frac{b-\mu}{\sigma})\). Verwende jetzt ein Tabellenwerk um \(P(\frac{a-\mu}{\sigma} \lt U)\) bzw. \(P(U  \leq \frac{b-\mu}{\sigma})\) zu ermitteln und bilde die Differenz.</p><p style="-qt-block-indent: 0; text-indent: 0px; margin: 0px;">Alternativ kann man auch direkt mit der betreffenden Normalverteilung arbeiten (ohne in die Standardnormalverteilung zu transformieren) wenn man einen TR oder Computeralgebrasystem hat welches die Funktionen kennt, bzw. berechnen kann.</p><p style="-qt-block-indent: 0; text-indent: 0px; margin: 0px;"> </p><p style="-qt-block-indent: 0; text-indent: 0px; margin: 0px;">b.) Wieder hilft eine Transformation auf die <strong>Standartnormalverteilung U</strong>:</p><p style="-qt-block-indent: 0; text-indent: 0px; margin: 0px;">\(P(\mu-r \lt X \leq \mu+r) = P(\frac{-r}{\sigma}\lt U = \frac{X-\mu}{\sigma} \leq \frac{r}{\sigma}) = F(\frac{r}{\sigma})- F(\frac{-r}{\sigma}) = 2F(\frac{r}{\sigma}) -1 = 0.85\)</p><p style="-qt-block-indent: 0; text-indent: 0px; margin: 0px;">also</p><p style="-qt-block-indent: 0; text-indent: 0px; margin: 0px;">\( F(\frac{r}{\sigma}) = \frac{1.85}2 = 0.925\) Jetzt kann man mit einer Quantil Tabelle (oder TR/ Computeralgebrasystem) zur Standartnormalverteilung \( \frac{r}{\sigma}\) und damit r berechnen.</p><p style="-qt-block-indent: 0; text-indent: 0px; margin: 0px;"> </p><p style="-qt-block-indent: 0; text-indent: 0px; margin: 0px;">c.) Transformation auf die <strong>Standartnormalverteilung U</strong>: \(P(X\leq x_0)= P(U\leq \frac{x_0-\mu}{\sigma}) = 0.1\) Jetzt nehme man eine Quantilstabelle (oder TR/ Computeralgebrasystem) und berechne damit  \( \frac{x_0-\mu}{\sigma}\). Forme um nach \(x_0\)</p><p style="-qt-block-indent: 0; text-indent: 0px; margin: 0px;"> </p><p style="-qt-block-indent: 0; text-indent: 0px; margin: 0px;">d.) Sei A das Ereignis dass die Meßgröße X  in I liegt. Dann ist p = P(A) = 0.85. Benutze jetzt die Binomialverteilung mit n = 5.</p><p style="-qt-block-indent: 0; text-indent: 0px; margin: 0px;"> </p></modalFeedback></assessmentItem>
