<?xml version="1.0" encoding="UTF-8"?>
<assessmentItem xmlns="http://www.imsglobal.org/xsd/imsqti_v2p1" xmlns:xsi="http://www.w3.org/2001/XMLSchema-instance" xsi:schemaLocation="http://www.imsglobal.org/xsd/imsqti_v2p1 http://www.imsglobal.org/xsd/qti/qtiv2p1/imsqti_v2p1p1.xsd http://www.w3.org/1998/Math/MathML http://www.w3.org/Math/XMLSchema/mathml2/mathml2.xsd" identifier="idd3f590c8-ba0a-40ce-bcc4-b225dd1591c8" title="maximaler_exaktheitsgrad_01" adaptive="false" timeDependent="false"><responseDeclaration identifier="RESPONSE_1396427299259" cardinality="single" baseType="float"><correctResponse><value>0</value></correctResponse></responseDeclaration><outcomeDeclaration identifier="SCORE" cardinality="single" baseType="float"><defaultValue><value>0</value></defaultValue></outcomeDeclaration><outcomeDeclaration identifier="MAXSCORE" cardinality="single" baseType="float"><defaultValue><value>1</value></defaultValue></outcomeDeclaration><outcomeDeclaration identifier="FEEDBACKBASIC" cardinality="single" baseType="identifier" view="testConstructor"><defaultValue><value>empty</value></defaultValue></outcomeDeclaration><templateDeclaration identifier="n" cardinality="single" baseType="integer" /><templateDeclaration identifier="max_grad" cardinality="single" baseType="float" /><templateProcessing><setTemplateValue identifier="n"><randomInteger min="2" max="5" /></setTemplateValue><setTemplateValue identifier="max_grad"><customOperator definition="MAXIMA" value="float(2*$(1)+1);"><variable identifier="n" /></customOperator></setTemplateValue><setCorrectResponse identifier="RESPONSE_1396427299259"><variable identifier="max_grad" /></setCorrectResponse></templateProcessing><itemBody ><p><p>Eine Quadraturformel der Form
\(\normalsize\displaystyle Q(f)=\sum_{j=0}^{<printedVariable identifier="n" />} w_j f(t_j)\)
hat höchstens den Exaktheitsgrad <textEntryInteraction responseIdentifier="RESPONSE_1396427299259" />.</p></p></itemBody><responseProcessing><responseCondition><responseIf><equal toleranceMode="exact"><variable identifier="RESPONSE_1396427299259" /><correct identifier="RESPONSE_1396427299259" /></equal><setOutcomeValue identifier="SCORE"><sum><variable identifier="SCORE" /><baseValue baseType="float">1</baseValue></sum></setOutcomeValue></responseIf></responseCondition><responseCondition><responseIf><not><isNull><variable identifier="RESPONSE_1396427299259" /></isNull></not><setOutcomeValue identifier="FEEDBACKBASIC"><baseValue baseType="identifier">incorrect</baseValue></setOutcomeValue></responseIf></responseCondition><responseCondition><responseIf><and><not><match><variable identifier="FEEDBACKBASIC" /><baseValue baseType="identifier">empty</baseValue></match></not><equal toleranceMode="exact"><variable identifier="SCORE" /><variable identifier="MAXSCORE" /></equal></and><setOutcomeValue identifier="FEEDBACKBASIC"><baseValue baseType="identifier">correct</baseValue></setOutcomeValue></responseIf></responseCondition></responseProcessing></assessmentItem>
