<?xml version="1.0" encoding="UTF-8"?>
<manifest
	xmlns="http://www.imsglobal.org/xsd/imscp_v1p1"
	xmlns:xsi="http://www.w3.org/2001/XMLSchema-instance" 
	xsi:schemaLocation="http://www.imsglobal.org/xsd/imscp_v1p1 http://www.imsglobal.org/xsd/qti/qtiv2p1/qtiv2p1_imscpv1p2_v1p0.xsd 
											http://www.imsglobal.org/xsd/imsqti_v2p1 http://www.imsglobal.org/xsd/qti/qtiv2p1/imsqti_v2p1p1.xsd 
											http://www.imsglobal.org/xsd/imsqti_metadata_v2p1 http://www.imsglobal.org/xsd/qti/qtiv2p1/imsqti_metadata_v2p1p1.xsd
											http://ltsc.ieee.org/xsd/LOM http://www.imsglobal.org/xsd/imsmd_loose_v1p3p2.xsd"
	identifier="manifestID">
	<metadata>
		<schema>QTIv2.1 Package</schema>
    <schemaversion>1.0.0</schemaversion>
  </metadata>
	<organizations />
	<resources>
		<resource identifier="id368582c0_ed0f_4965_95c9_f12a30419044" type="imsqti_item_xmlv2p1" href="id368582c0-ed0f-4965-95c9-f12a30419044.xml"><metadata><lom xmlns="http://ltsc.ieee.org/xsd/LOM"><general ><identifier><entry>id368582c0-ed0f-4965-95c9-f12a30419044</entry></identifier><title><string language="de">TheoremCauchy</string></title><language>en</language><description><string language="de">Identify Cauchy's theorem and equivalent assertions.</string></description><keyword><string language="de">cauchy theorem</string></keyword><keyword><string language="de">complex number</string></keyword><keyword><string language="de">contour integral</string></keyword></general><lifeCycle ><contribute><date><dateTime>2014-11-18T20:15:45</dateTime></date><role><source>LOMv1.0</source><value>author</value></role><entity>BEGIN:VCARD&#xD;
VERSION:4.0&#xD;
N;LANGUAGE=de:Potts;Daniel;;;&#xD;
FN:Daniel Potts&#xD;
EMAIL:daniel.potts@mathematik.tu-chemnitz.de&#xD;
PRODID:ONYX Editor 5.9.106&#xD;
END:VCARD&#xD;
</entity></contribute></lifeCycle><educational ><learningResourceType><source>QTIv2.1</source><value>AssessmentItem</value></learningResourceType><difficulty><source>LOMv1.0</source><value>medium</value></difficulty><typicalLearningTime><duration>PT15M00S</duration></typicalLearningTime></educational><qtiMetadata xmlns="http://www.imsglobal.org/xsd/imsqti_metadata_v2p1"><interactionType >choiceInteraction</interactionType><toolName >ONYX Editor</toolName><toolVersion >5.9.106</toolVersion><toolVendor >BPS Bildungsportal Sachsen GmbH</toolVendor></qtiMetadata></lom></metadata><file href="id368582c0-ed0f-4965-95c9-f12a30419044.xml" /></resource>
	</resources>
</manifest>
