<?xml version="1.0" encoding="UTF-8"?>
<assessmentItem xmlns="http://www.imsglobal.org/xsd/imsqti_v2p1" xmlns:xsi="http://www.w3.org/2001/XMLSchema-instance" xsi:schemaLocation="http://www.imsglobal.org/xsd/imsqti_v2p1 http://www.imsglobal.org/xsd/qti/qtiv2p1/imsqti_v2p1p1.xsd http://www.w3.org/1998/Math/MathML http://www.w3.org/Math/XMLSchema/mathml2/mathml2.xsd" identifier="ida5a223b3-d35d-4694-95a5-26b858333fa0" title="vereinfachung_brüche_13" adaptive="false" timeDependent="false"><responseDeclaration identifier="RESPONSE_1409904484126" cardinality="single" baseType="string" /><responseDeclaration identifier="RESPONSE_1409904480491" cardinality="single" baseType="string" /><outcomeDeclaration identifier="SCORE" cardinality="single" baseType="float"><defaultValue><value>0</value></defaultValue></outcomeDeclaration><outcomeDeclaration identifier="MAXSCORE" cardinality="single" baseType="float"><defaultValue><value>1</value></defaultValue></outcomeDeclaration><outcomeDeclaration identifier="FEEDBACKBASIC" cardinality="single" baseType="identifier" view="testConstructor"><defaultValue><value>empty</value></defaultValue></outcomeDeclaration><outcomeDeclaration identifier="FEEDBACKMODAL" cardinality="multiple" baseType="identifier" view="testConstructor" /><templateProcessing><setCorrectResponse identifier="RESPONSE_1409904484126"><customOperator definition="VARIABLESTRING" value="4*y" /></setCorrectResponse><setCorrectResponse identifier="RESPONSE_1409904480491"><customOperator definition="VARIABLESTRING" value="x^2-y^2" /></setCorrectResponse></templateProcessing><itemBody ><p>Vereinfachen Sie den folgenden Ausdruck soweit wie möglich.</p><p>$$\qquad\frac{x-y}{x^2-2xy+y^2} - 2 \cdot \frac{x-y}{x^2-y^2} + \frac{1}{x-y} = \ldots = \frac{u}{v}$$</p><p> </p><p>Bitte ergänzen Sie die Lösung so, dass sowohl im Zähler als auch im Nenner <strong>keine Brüche</strong> und <strong>keine negativen Exponenten</strong> auftauchen!</p><p><strong>Lösung:</strong> \(\qquad u = \) <textEntryInteraction responseIdentifier="RESPONSE_1409904484126" expectedLength="10" class="maxima-formula show-latex" />, \(v = \) <textEntryInteraction responseIdentifier="RESPONSE_1409904480491" expectedLength="10" class="maxima-formula show-latex" /></p><p> </p><p>Hinweise zur Formeleingabe:</p><ul><li>\(x^y=\) x^y, \(x\cdot y\) = x*y, z.B. \(3x\) = 3*x \(\Rightarrow\) Bitte keine * vergessen!</li><li>Durch Klicken auf die ?-Schaltfläche können Sie Ihre Formel vor Speichern der Antwort zunächst überprüfen.</li><li>z.B. Lösung: \(\displaystyle\frac{9}{7z^3}\); Eingabe: \(u=\)9, \(v=\)7*z^3; <span style="text-decoration: underline;">nicht:</span> \(u=\) 9/7*z^-3, \(v=\) 1</li></ul></itemBody><responseProcessing><responseCondition><responseIf><customOperator definition="MAXIMA" value="is(equal(ev($(1)),ev($(2))));"><variable identifier="RESPONSE_1409904484126" /><correct identifier="RESPONSE_1409904484126" /></customOperator><setOutcomeValue identifier="SCORE"><sum><variable identifier="SCORE" /><baseValue baseType="float">0.5</baseValue></sum></setOutcomeValue></responseIf></responseCondition><responseCondition><responseIf><not><isNull><variable identifier="RESPONSE_1409904484126" /></isNull></not><setOutcomeValue identifier="FEEDBACKBASIC"><baseValue baseType="identifier">incorrect</baseValue></setOutcomeValue></responseIf></responseCondition><responseCondition><responseIf><customOperator definition="MAXIMA" value="is(equal(ev($(1)),ev($(2))));"><variable identifier="RESPONSE_1409904480491" /><correct identifier="RESPONSE_1409904480491" /></customOperator><setOutcomeValue identifier="SCORE"><sum><variable identifier="SCORE" /><baseValue baseType="float">0.5</baseValue></sum></setOutcomeValue></responseIf></responseCondition><responseCondition><responseIf><not><isNull><variable identifier="RESPONSE_1409904480491" /></isNull></not><setOutcomeValue identifier="FEEDBACKBASIC"><baseValue baseType="identifier">incorrect</baseValue></setOutcomeValue></responseIf></responseCondition><responseCondition><responseIf><and><not><match><variable identifier="FEEDBACKBASIC" /><baseValue baseType="identifier">empty</baseValue></match></not><equal toleranceMode="exact"><variable identifier="SCORE" /><variable identifier="MAXSCORE" /></equal></and><setOutcomeValue identifier="FEEDBACKBASIC"><baseValue baseType="identifier">correct</baseValue></setOutcomeValue></responseIf></responseCondition><responseCondition><responseIf><and><match><baseValue baseType="identifier">correct</baseValue><variable identifier="FEEDBACKBASIC" /></match></and><setOutcomeValue identifier="FEEDBACKMODAL"><multiple><variable identifier="FEEDBACKMODAL" /><baseValue baseType="identifier">Feedback2127430930</baseValue></multiple></setOutcomeValue></responseIf></responseCondition><responseCondition><responseIf><and><match><baseValue baseType="identifier">incorrect</baseValue><variable identifier="FEEDBACKBASIC" /></match></and><setOutcomeValue identifier="FEEDBACKMODAL"><multiple><variable identifier="FEEDBACKMODAL" /><baseValue baseType="identifier">Feedback863315345</baseValue></multiple></setOutcomeValue></responseIf></responseCondition></responseProcessing><modalFeedback  identifier="Feedback2127430930" outcomeIdentifier="FEEDBACKMODAL" showHide="show" title="Richtig!"><p>Lösung:</p><p>$$\qquad\qquad\frac{x-y}{x^2-2xy+y^2} - 2 \cdot \frac{x-y}{x^2-y^2} + \frac{1}{x-y} = \frac{x-y}{(x-y)^2} - 2 \cdot \frac{x-y}{x^2-y^2} + \frac{1}{x-y} = \frac{2}{x-y} - \frac{2\cdot(x-y)}{x^2-y^2} = \frac{2\cdot(x+y)-2\cdot(x-y)}{x^2-y^2} = \frac{4y}{x^2-y^2}$$</p></modalFeedback><modalFeedback  identifier="Feedback863315345" outcomeIdentifier="FEEDBACKMODAL" showHide="show" title="Leider falsch!"><p>Lösung:</p><p>$$\qquad\qquad\frac{x-y}{x^2-2xy+y^2} - 2 \cdot \frac{x-y}{x^2-y^2} + \frac{1}{x-y} = \frac{x-y}{(x-y)^2} - 2 \cdot \frac{x-y}{x^2-y^2} + \frac{1}{x-y} = \frac{2}{x-y} - \frac{2\cdot(x-y)}{x^2-y^2} = \frac{2\cdot(x+y)-2\cdot(x-y)}{x^2-y^2} = \frac{4y}{x^2-y^2}$$</p></modalFeedback></assessmentItem>
