<?xml version="1.0" encoding="UTF-8"?>
<assessmentItem xmlns="http://www.imsglobal.org/xsd/imsqti_v2p1" xmlns:xsi="http://www.w3.org/2001/XMLSchema-instance" xsi:schemaLocation="http://www.imsglobal.org/xsd/imsqti_v2p1 http://www.imsglobal.org/xsd/qti/qtiv2p1/imsqti_v2p1p1.xsd http://www.w3.org/1998/Math/MathML http://www.w3.org/Math/XMLSchema/mathml2/mathml2.xsd" identifier="id21752c11-4292-4eb0-962f-4b08ee30bddb" title="betrag_01" adaptive="false" timeDependent="false"><responseDeclaration identifier="RESPONSE_1412950981444" cardinality="single" baseType="string" /><outcomeDeclaration identifier="SCORE" cardinality="single" baseType="float"><defaultValue><value>0</value></defaultValue></outcomeDeclaration><outcomeDeclaration identifier="MAXSCORE" cardinality="single" baseType="float"><defaultValue><value>1</value></defaultValue></outcomeDeclaration><outcomeDeclaration identifier="FEEDBACKBASIC" cardinality="single" baseType="identifier" view="testConstructor"><defaultValue><value>empty</value></defaultValue></outcomeDeclaration><templateDeclaration identifier="x" cardinality="single" baseType="integer" /><templateDeclaration identifier="y" cardinality="single" baseType="integer" /><templateDeclaration identifier="pm" cardinality="single" baseType="string" /><templateDeclaration identifier="n" cardinality="single" baseType="integer" /><templateProcessing><setTemplateValue identifier="x"><randomInteger min="1" max="9" step="2" /></setTemplateValue><setTemplateValue identifier="y"><randomInteger min="2" max="6" step="2" /></setTemplateValue><setTemplateValue identifier="pm"><random><multiple><baseValue baseType="string">+</baseValue><baseValue baseType="string">-</baseValue></multiple></random></setTemplateValue><setTemplateValue identifier="n"><randomInteger min="2" max="9" /></setTemplateValue><setCorrectResponse identifier="RESPONSE_1412950981444"><customOperator definition="VARIABLESTRING" value="sqrt(($(1)/$(3))^2+($(2)/$(3))^2)"><variable identifier="x" /><variable identifier="y" /><variable identifier="n" /></customOperator></setCorrectResponse></templateProcessing><itemBody ><p>Geben Sie den Betrag der komplexen Zahl $$z=\frac{<printedVariable identifier="x" /><printedVariable identifier="pm" /><printedVariable identifier="y" />\mathrm i}{<printedVariable identifier="n" />}$$ an!</p><p>$$|z|=$$ <textEntryInteraction responseIdentifier="RESPONSE_1412950981444" expectedLength="10" class="maxima-formula show-latex" /></p><p><strong>Hinweise zur Eingabe:</strong></p><ul><li>\(xy=x\cdot y=\) <strong>x*y</strong>, \(\frac xy=\) <strong>x/y</strong>, \(\sqrt x=\) <strong>sqrt(x)</strong></li><li>Beispiel: $$\frac{2\sqrt3}{5}=$$ <strong>2*sqrt(3)/5</strong></li></ul></itemBody><responseProcessing><responseCondition><responseIf><customOperator definition="MAXIMA" value="is(equal(ev($(1)),ev($(2))));" caseSensitive="false"><variable identifier="RESPONSE_1412950981444" /><correct identifier="RESPONSE_1412950981444" /></customOperator><setOutcomeValue identifier="SCORE"><sum><variable identifier="SCORE" /><baseValue baseType="float">1</baseValue></sum></setOutcomeValue></responseIf></responseCondition><responseCondition><responseIf><not><isNull><variable identifier="RESPONSE_1412950981444" /></isNull></not><setOutcomeValue identifier="FEEDBACKBASIC"><baseValue baseType="identifier">incorrect</baseValue></setOutcomeValue></responseIf></responseCondition><responseCondition><responseIf><and><not><match><variable identifier="FEEDBACKBASIC" /><baseValue baseType="identifier">empty</baseValue></match></not><equal toleranceMode="exact"><variable identifier="SCORE" /><variable identifier="MAXSCORE" /></equal></and><setOutcomeValue identifier="FEEDBACKBASIC"><baseValue baseType="identifier">correct</baseValue></setOutcomeValue></responseIf></responseCondition></responseProcessing></assessmentItem>
