<?xml version="1.0" encoding="UTF-8"?>
<manifest
	xmlns="http://www.imsglobal.org/xsd/imscp_v1p1"
	xmlns:xsi="http://www.w3.org/2001/XMLSchema-instance" 
	xsi:schemaLocation="http://www.imsglobal.org/xsd/imscp_v1p1 http://www.imsglobal.org/xsd/qti/qtiv2p1/qtiv2p1_imscpv1p2_v1p0.xsd 
											http://www.imsglobal.org/xsd/imsqti_v2p1 http://www.imsglobal.org/xsd/qti/qtiv2p1/imsqti_v2p1p1.xsd 
											http://www.imsglobal.org/xsd/imsqti_metadata_v2p1 http://www.imsglobal.org/xsd/qti/qtiv2p1/imsqti_metadata_v2p1p1.xsd
											http://ltsc.ieee.org/xsd/LOM http://www.imsglobal.org/xsd/imsmd_loose_v1p3p2.xsd"
	identifier="manifestID">
	<metadata>
		<schema>QTIv2.1 Package</schema>
    <schemaversion>1.0.0</schemaversion>
  </metadata>
	<organizations />
	<resources>
		<resource identifier="id09b78ff2_9c13_445c_a905_ec46e221b5b6" type="imsqti_item_xmlv2p1" href="id09b78ff2-9c13-445c-a905-ec46e221b5b6.xml"><metadata><lom xmlns="http://ltsc.ieee.org/xsd/LOM"><general ><identifier><entry>id09b78ff2-9c13-445c-a905-ec46e221b5b6</entry></identifier><title><string language="en_US">dez_bin_07</string></title></general><lifeCycle ><contribute><role><source>LOMv1.0</source><value>author</value></role><entity>nesfr@tu-chemnitz.de</entity><date><dateTime>2014-04-23T09:37:09</dateTime></date></contribute></lifeCycle><educational ><learningResourceType><source>QTIv2.1</source><value>AssessmentItem</value></learningResourceType></educational><qtiMetadata xmlns="http://www.imsglobal.org/xsd/imsqti_metadata_v2p1"><interactionType >TEXT_ENTRY</interactionType><toolName >ONYX Editor</toolName><toolVersion >5.2.4</toolVersion><toolVendor >BPS Bildungsportal Sachsen GmbH</toolVendor></qtiMetadata></lom></metadata><file href="id09b78ff2-9c13-445c-a905-ec46e221b5b6.xml" /></resource>
	</resources>
</manifest>
