<?xml version="1.0" encoding="UTF-8"?>
<assessmentItem xmlns="http://www.imsglobal.org/xsd/imsqti_v2p1" xmlns:xsi="http://www.w3.org/2001/XMLSchema-instance" xsi:schemaLocation="http://www.imsglobal.org/xsd/imsqti_v2p1 http://www.imsglobal.org/xsd/qti/qtiv2p1/imsqti_v2p1p1.xsd http://www.w3.org/1998/Math/MathML http://www.w3.org/Math/XMLSchema/mathml2/mathml2.xsd" identifier="id612d9715-138d-49ce-b997-380b5ecb33d9" title="Menge_1" adaptive="false" timeDependent="false"><responseDeclaration identifier="RESPONSE_1" cardinality="single" baseType="identifier"><correctResponse><value>idac08e9b8-8ab7-4747-96b3-b37ffca15972</value></correctResponse></responseDeclaration><outcomeDeclaration identifier="SCORE" cardinality="single" baseType="float"><defaultValue><value>0</value></defaultValue></outcomeDeclaration><outcomeDeclaration identifier="MAXSCORE" cardinality="single" baseType="float"><defaultValue><value>1</value></defaultValue></outcomeDeclaration><outcomeDeclaration identifier="FEEDBACKBASIC" cardinality="single" baseType="identifier"><defaultValue><value>empty</value></defaultValue></outcomeDeclaration><itemBody ><p>Welche der folgenden schraffierten Mengen stellt einen Teil der Menge $$\{(x,y)\in\mathbb{R}^2;,x\geq 0, |y|\leq 1+x^2\}$$ dar?</p><choiceInteraction responseIdentifier="RESPONSE_1" shuffle="true" maxChoices="1"><simpleChoice identifier="idac08e9b8-8ab7-4747-96b3-b37ffca15972"><p><img src="media%2Fmedium888892551463290326Menge_1_1_jpg" alt="" width="360" height="360" /></p></simpleChoice><simpleChoice identifier="ida76f338b-051d-45e6-bc60-4a05e4f46c89"><p><img src="media%2Fmedium1412773273788615818Menge_1_2_jpg" alt="" width="360" height="360" /></p></simpleChoice><simpleChoice identifier="id51c4452a-bbe2-4b2e-a750-df8254ae2115"><p><img src="media%2Fmedium3394767956313122923Menge_1_3_jpg" alt="" width="360" height="360" /></p></simpleChoice><simpleChoice identifier="idbd058ce6-b495-4e73-b357-729abb5e560f"><p><img src="media%2Fmedium2752896783251597829Menge_1_4_jpg" alt="" width="360" height="360" /></p></simpleChoice></choiceInteraction></itemBody><responseProcessing><responseCondition><responseIf><isNull><variable identifier="RESPONSE_1" /></isNull><setOutcomeValue identifier="FEEDBACKBASIC"><baseValue baseType="identifier">empty</baseValue></setOutcomeValue></responseIf><responseElseIf><match><variable identifier="RESPONSE_1" /><correct identifier="RESPONSE_1" /></match><setOutcomeValue identifier="SCORE"><sum><variable identifier="SCORE" /><variable identifier="MAXSCORE" /></sum></setOutcomeValue><setOutcomeValue identifier="FEEDBACKBASIC"><baseValue baseType="identifier">correct</baseValue></setOutcomeValue></responseElseIf><responseElse><setOutcomeValue identifier="FEEDBACKBASIC"><baseValue baseType="identifier">incorrect</baseValue></setOutcomeValue></responseElse></responseCondition></responseProcessing></assessmentItem>
