<?xml version="1.0" encoding="UTF-8"?>
<assessmentItem xmlns="http://www.imsglobal.org/xsd/imsqti_v2p1" xmlns:xsi="http://www.w3.org/2001/XMLSchema-instance" xsi:schemaLocation="http://www.imsglobal.org/xsd/imsqti_v2p1 http://www.imsglobal.org/xsd/qti/qtiv2p1/imsqti_v2p1p1.xsd http://www.w3.org/1998/Math/MathML http://www.w3.org/Math/XMLSchema/mathml2/mathml2.xsd" identifier="idc09282e8-118a-466b-896d-2130969e44dd" title="zylinderkurve_01" adaptive="false" timeDependent="false"><imsqti:responseDeclaration xmlns:imsqti="http://www.imsglobal.org/xsd/imsqti_v2p1" identifier="RESPONSE_1" cardinality="single" baseType="identifier"><imsqti:correctResponse><imsqti:value>idef2196c0-9d98-43f3-9d1b-db23e1d58835</imsqti:value></imsqti:correctResponse></imsqti:responseDeclaration><imsqti:outcomeDeclaration xmlns:imsqti="http://www.imsglobal.org/xsd/imsqti_v2p1" identifier="SCORE" cardinality="single" baseType="float"><imsqti:defaultValue><imsqti:value>0</imsqti:value></imsqti:defaultValue></imsqti:outcomeDeclaration><imsqti:outcomeDeclaration xmlns:imsqti="http://www.imsglobal.org/xsd/imsqti_v2p1" identifier="MAXSCORE" cardinality="single" baseType="float"><imsqti:defaultValue><imsqti:value>1</imsqti:value></imsqti:defaultValue></imsqti:outcomeDeclaration><imsqti:outcomeDeclaration xmlns:imsqti="http://www.imsglobal.org/xsd/imsqti_v2p1" identifier="FEEDBACKBASIC" cardinality="single" baseType="identifier"><imsqti:defaultValue><imsqti:value>empty</imsqti:value></imsqti:defaultValue></imsqti:outcomeDeclaration><imsqti:outcomeDeclaration xmlns:imsqti="http://www.imsglobal.org/xsd/imsqti_v2p1" identifier="FEEDBACKMODAL" cardinality="multiple" baseType="identifier" view="testConstructor" /><itemBody ><p>Wir betrachten die Kurve mit der Parametrisierung</p><p>\(\vec x(t)=\begin{pmatrix}\cos(2\pi t)\\ \sin(t)\cdot\cos(t)\\ \sin(2\pi t)\end{pmatrix}\).</p><p>Welche der folgenden Aussagen ist wahr?</p><choiceInteraction responseIdentifier="RESPONSE_1" shuffle="false" maxChoices="1"><simpleChoice identifier="idef2196c0-9d98-43f3-9d1b-db23e1d58835"><p>Alle Punkte der Kurve liegen auf der Oberfläche eines Zylinders.</p></simpleChoice><simpleChoice identifier="idc605fe06-6eb3-4235-ba28-fcccf9aabaac"><p>Alle Punkte der Kurve liegen auf der Oberfläche einer Kugel.</p></simpleChoice><simpleChoice identifier="id4a64f4e4-a0ba-42fc-a62a-ef3c39163657"><p>Alle Punkte der Kurve liegen in einer Ebene.</p></simpleChoice><simpleChoice identifier="idc775133c-7a26-4a90-b3aa-e628882deb43"><p>Keine der oberen drei Aussagen ist zutreffend.</p></simpleChoice></choiceInteraction></itemBody><imsqti:responseProcessing xmlns:imsqti="http://www.imsglobal.org/xsd/imsqti_v2p1"><imsqti:responseCondition><imsqti:responseIf><imsqti:isNull><imsqti:variable identifier="RESPONSE_1" /></imsqti:isNull><imsqti:setOutcomeValue identifier="FEEDBACKBASIC"><imsqti:baseValue baseType="identifier">empty</imsqti:baseValue></imsqti:setOutcomeValue></imsqti:responseIf><imsqti:responseElseIf><imsqti:match><imsqti:variable identifier="RESPONSE_1" /><imsqti:correct identifier="RESPONSE_1" /></imsqti:match><imsqti:setOutcomeValue identifier="SCORE"><imsqti:sum><imsqti:variable identifier="SCORE" /><imsqti:variable identifier="MAXSCORE" /></imsqti:sum></imsqti:setOutcomeValue><imsqti:setOutcomeValue identifier="FEEDBACKBASIC"><imsqti:baseValue baseType="identifier">correct</imsqti:baseValue></imsqti:setOutcomeValue></imsqti:responseElseIf><imsqti:responseElse><imsqti:setOutcomeValue identifier="FEEDBACKBASIC"><imsqti:baseValue baseType="identifier">incorrect</imsqti:baseValue></imsqti:setOutcomeValue></imsqti:responseElse></imsqti:responseCondition><imsqti:responseCondition><imsqti:responseIf><imsqti:and><imsqti:match><imsqti:baseValue baseType="identifier">incorrect</imsqti:baseValue><imsqti:variable identifier="FEEDBACKBASIC" /></imsqti:match></imsqti:and><imsqti:setOutcomeValue identifier="FEEDBACKMODAL"><imsqti:multiple><imsqti:variable identifier="FEEDBACKMODAL" /><imsqti:baseValue baseType="identifier">Feedback325594825</imsqti:baseValue></imsqti:multiple></imsqti:setOutcomeValue></imsqti:responseIf></imsqti:responseCondition></imsqti:responseProcessing><modalFeedback  identifier="Feedback325594825" outcomeIdentifier="FEEDBACKMODAL" showHide="show" title="falsch!"><p>Es lässt sich leicht nachrechnen (man verwende den trigonometrischen Pythagoras), dass</p><p>\(x^2_1(t)+x^2_3(t)=1\) (Kreisgleichung).</p><p>Da die Punkte nicht innerhalb einer Ebene liegen (zweite Komponente von \(\vec x\) ist nicht konstant), verläuft die Kurve also auf der Oberfläche eines Zylinders.</p><p>Im Falle einer Kugel müsste \(x^2_1(t)+x^2_2(t)+x^2_3(t)=r^2\) erfüllt sein.</p></modalFeedback></assessmentItem>
