<?xml version="1.0" encoding="UTF-8"?>
<assessmentItem xmlns="http://www.imsglobal.org/xsd/imsqti_v2p1" xmlns:xsi="http://www.w3.org/2001/XMLSchema-instance" xsi:schemaLocation="http://www.imsglobal.org/xsd/imsqti_v2p1 http://www.imsglobal.org/xsd/qti/qtiv2p1/imsqti_v2p1p1.xsd http://www.w3.org/1998/Math/MathML http://www.w3.org/Math/XMLSchema/mathml2/mathml2.xsd" identifier="idcd96db7c-dfa7-4a6a-a5d4-230742c056a8" title="SummenzeichenBasics" adaptive="false" timeDependent="false"><responseDeclaration identifier="RESPONSE_1406276955275" cardinality="single" baseType="float"><correctResponse><value>0</value></correctResponse></responseDeclaration><responseDeclaration identifier="RESPONSE_1406277459967" cardinality="single" baseType="float"><correctResponse><value>0</value></correctResponse></responseDeclaration><responseDeclaration identifier="RESPONSE_1406277502536" cardinality="single" baseType="string" /><responseDeclaration identifier="RESPONSE_1406278022556" cardinality="single" baseType="string" /><responseDeclaration identifier="RESPONSE_1406278358574" cardinality="single" baseType="string" /><responseDeclaration identifier="RESPONSE_1406612847840" cardinality="single" baseType="float"><correctResponse><value>0</value></correctResponse></responseDeclaration><outcomeDeclaration identifier="SCORE" cardinality="single" baseType="float"><defaultValue><value>0</value></defaultValue></outcomeDeclaration><outcomeDeclaration identifier="MAXSCORE" cardinality="single" baseType="float"><defaultValue><value>6</value></defaultValue></outcomeDeclaration><outcomeDeclaration identifier="FEEDBACKBASIC" cardinality="single" baseType="identifier" view="testConstructor"><defaultValue><value>empty</value></defaultValue></outcomeDeclaration><templateDeclaration identifier="a1" cardinality="single" baseType="integer" /><templateDeclaration identifier="a2" cardinality="single" baseType="integer" /><templateDeclaration identifier="a3" cardinality="single" baseType="float" /><templateDeclaration identifier="b" cardinality="single" baseType="integer" /><templateDeclaration identifier="e1" cardinality="single" baseType="float" /><templateDeclaration identifier="e2" cardinality="single" baseType="float" /><templateDeclaration identifier="e3" cardinality="single" baseType="float" /><templateDeclaration identifier="e4" cardinality="single" baseType="float" /><templateDeclaration identifier="e5" cardinality="single" baseType="float" /><templateDeclaration identifier="e6" cardinality="single" baseType="float" /><templateProcessing><setTemplateValue identifier="a1"><randomInteger min="0" max="5" /></setTemplateValue><setTemplateValue identifier="a2"><randomInteger min="0" max="5" /></setTemplateValue><setTemplateValue identifier="a3"><customOperator definition="MAXIMA" value="float($(1)+$(2));"><variable identifier="a1" /><variable identifier="a2" /></customOperator></setTemplateValue><setTemplateValue identifier="b"><randomInteger min="1" max="10" /></setTemplateValue><setTemplateValue identifier="e1"><customOperator definition="MAXIMA" value="float(($(1) - $(2)+1)*$(3));"><variable identifier="a3" /><variable identifier="a1" /><variable identifier="b" /></customOperator></setTemplateValue><setTemplateValue identifier="e2"><customOperator definition="MAXIMA" value="float(sum(k,k,$(1),$(2)));"><variable identifier="a1" /><variable identifier="a3" /></customOperator></setTemplateValue><setTemplateValue identifier="e3"><customOperator definition="MAXIMA" value="float($(1)-$(2)+1);"><variable identifier="a3" /><variable identifier="a1" /></customOperator></setTemplateValue><setTemplateValue identifier="e4"><customOperator definition="MAXIMA" value="float(sum(k^2,k,$(1),$(2)));"><variable identifier="a1" /><variable identifier="a3" /></customOperator></setTemplateValue><setTemplateValue identifier="e5"><customOperator definition="MAXIMA" value="float(sum(i,i,$(1),$(2)));"><variable identifier="a1" /><variable identifier="a3" /></customOperator></setTemplateValue><setTemplateValue identifier="e6"><customOperator definition="MAXIMA" value="float($(1)*($(2)-$(3))+$(4)*($(5)-$(6)));"><variable identifier="e5" /><variable identifier="b" /><variable identifier="a3" /><variable identifier="e3" /><variable identifier="a1" /><variable identifier="a3" /></customOperator></setTemplateValue><setCorrectResponse identifier="RESPONSE_1406277502536"><customOperator definition="VARIABLESTRING" value="($(2)-$(1)+1)*k"><variable identifier="a1" /><variable identifier="a3" /></customOperator></setCorrectResponse><setCorrectResponse identifier="RESPONSE_1406278022556"><customOperator definition="VARIABLESTRING" value="i*$(1)"><variable identifier="e4" /></customOperator></setCorrectResponse><setCorrectResponse identifier="RESPONSE_1406278358574"><customOperator definition="VARIABLESTRING" value="$(1)*k^2+$(2)"><variable identifier="e3" /><variable identifier="e5" /></customOperator></setCorrectResponse><setCorrectResponse identifier="RESPONSE_1406276955275"><variable identifier="e1" /></setCorrectResponse><setCorrectResponse identifier="RESPONSE_1406277459967"><variable identifier="e2" /></setCorrectResponse><setCorrectResponse identifier="RESPONSE_1406612847840"><variable identifier="e6" /></setCorrectResponse></templateProcessing><itemBody ><p><p>Berechne die folgenden Summen exakt und ohne Taschenrechner:</p><p>Lücken die ein ? rechts neben der Lücke haben, erfordern korrekte Maxima Eingaben. Durch Klick auf das ? - Zeichen kann überprüft werden ob eine zulässige Maxima Eingabe vorliegt.</p><p>a.) \[ \sum_{k = <printedVariable identifier="a1" />}^<printedVariable identifier="a3" /> <printedVariable identifier="b" />\] = <textEntryInteraction responseIdentifier="RESPONSE_1406276955275" expectedLength="1" />  b.) \[ \sum_{k = <printedVariable identifier="a1" />}^<printedVariable identifier="a3" /> k \] = <textEntryInteraction responseIdentifier="RESPONSE_1406277459967" />  c.) \[ \sum_{i = <printedVariable identifier="a1" />}^<printedVariable identifier="a3" />  k \] = <textEntryInteraction responseIdentifier="RESPONSE_1406277502536" class="maxima-formula show-latex show-syntax-error" /></p><p>d.)  \[ \sum_{k = <printedVariable identifier="a1" />}^<printedVariable identifier="a3" /> (k^2\cdot i) \] = <textEntryInteraction responseIdentifier="RESPONSE_1406278022556" class="maxima-formula show-latex show-syntax-error" />  e.) \[ \sum_{i = <printedVariable identifier="a1" />}^<printedVariable identifier="a3" /> (k^2+ i) \] = <textEntryInteraction responseIdentifier="RESPONSE_1406278358574" class="maxima-formula show-latex show-syntax-error" /></p><p>e.) \[ \sum_{m = <printedVariable identifier="a1" />}^<printedVariable identifier="a3" /> (<printedVariable identifier="b" />\cdot m - <printedVariable identifier="a3" />) + \sum_{m = <printedVariable identifier="a1" />}^<printedVariable identifier="a3" /> (<printedVariable identifier="a1" />- <printedVariable identifier="a3" />\cdot m) \] = <textEntryInteraction responseIdentifier="RESPONSE_1406612847840" expectedLength="1" /></p><p> </p></p></itemBody><responseProcessing><responseCondition><responseIf><equal toleranceMode="exact"><variable identifier="RESPONSE_1406276955275" /><correct identifier="RESPONSE_1406276955275" /></equal><setOutcomeValue identifier="SCORE"><sum><variable identifier="SCORE" /><baseValue baseType="float">1</baseValue></sum></setOutcomeValue></responseIf></responseCondition><responseCondition><responseIf><not><isNull><variable identifier="RESPONSE_1406276955275" /></isNull></not><setOutcomeValue identifier="FEEDBACKBASIC"><baseValue baseType="identifier">incorrect</baseValue></setOutcomeValue></responseIf></responseCondition><responseCondition><responseIf><equal toleranceMode="exact"><variable identifier="RESPONSE_1406277459967" /><correct identifier="RESPONSE_1406277459967" /></equal><setOutcomeValue identifier="SCORE"><sum><variable identifier="SCORE" /><baseValue baseType="float">1</baseValue></sum></setOutcomeValue></responseIf></responseCondition><responseCondition><responseIf><not><isNull><variable identifier="RESPONSE_1406277459967" /></isNull></not><setOutcomeValue identifier="FEEDBACKBASIC"><baseValue baseType="identifier">incorrect</baseValue></setOutcomeValue></responseIf></responseCondition><responseCondition><responseIf><customOperator definition="MAXIMA" value="is(equal(ev($(1)),ev($(2))));"><variable identifier="RESPONSE_1406277502536" /><correct identifier="RESPONSE_1406277502536" /></customOperator><setOutcomeValue identifier="SCORE"><sum><variable identifier="SCORE" /><baseValue baseType="float">1</baseValue></sum></setOutcomeValue></responseIf></responseCondition><responseCondition><responseIf><not><isNull><variable identifier="RESPONSE_1406277502536" /></isNull></not><setOutcomeValue identifier="FEEDBACKBASIC"><baseValue baseType="identifier">incorrect</baseValue></setOutcomeValue></responseIf></responseCondition><responseCondition><responseIf><customOperator definition="MAXIMA" value="is(equal(ev($(1)),ev($(2))));"><variable identifier="RESPONSE_1406278022556" /><correct identifier="RESPONSE_1406278022556" /></customOperator><setOutcomeValue identifier="SCORE"><sum><variable identifier="SCORE" /><baseValue baseType="float">1</baseValue></sum></setOutcomeValue></responseIf></responseCondition><responseCondition><responseIf><not><isNull><variable identifier="RESPONSE_1406278022556" /></isNull></not><setOutcomeValue identifier="FEEDBACKBASIC"><baseValue baseType="identifier">incorrect</baseValue></setOutcomeValue></responseIf></responseCondition><responseCondition><responseIf><customOperator definition="MAXIMA" value="is(equal(ev($(1)),ev($(2))));"><variable identifier="RESPONSE_1406278358574" /><correct identifier="RESPONSE_1406278358574" /></customOperator><setOutcomeValue identifier="SCORE"><sum><variable identifier="SCORE" /><baseValue baseType="float">1</baseValue></sum></setOutcomeValue></responseIf></responseCondition><responseCondition><responseIf><not><isNull><variable identifier="RESPONSE_1406278358574" /></isNull></not><setOutcomeValue identifier="FEEDBACKBASIC"><baseValue baseType="identifier">incorrect</baseValue></setOutcomeValue></responseIf></responseCondition><responseCondition><responseIf><equal toleranceMode="exact"><variable identifier="RESPONSE_1406612847840" /><correct identifier="RESPONSE_1406612847840" /></equal><setOutcomeValue identifier="SCORE"><sum><variable identifier="SCORE" /><baseValue baseType="float">1</baseValue></sum></setOutcomeValue></responseIf></responseCondition><responseCondition><responseIf><not><isNull><variable identifier="RESPONSE_1406612847840" /></isNull></not><setOutcomeValue identifier="FEEDBACKBASIC"><baseValue baseType="identifier">incorrect</baseValue></setOutcomeValue></responseIf></responseCondition><responseCondition><responseIf><and><not><match><variable identifier="FEEDBACKBASIC" /><baseValue baseType="identifier">empty</baseValue></match></not><equal toleranceMode="exact"><variable identifier="SCORE" /><variable identifier="MAXSCORE" /></equal></and><setOutcomeValue identifier="FEEDBACKBASIC"><baseValue baseType="identifier">correct</baseValue></setOutcomeValue></responseIf></responseCondition></responseProcessing></assessmentItem>
