<?xml version="1.0" encoding="UTF-8"?>
<assessmentItem xmlns="http://www.imsglobal.org/xsd/imsqti_v2p1" xmlns:xsi="http://www.w3.org/2001/XMLSchema-instance" xsi:schemaLocation="http://www.imsglobal.org/xsd/imsqti_v2p1 http://www.imsglobal.org/xsd/qti/qtiv2p1/imsqti_v2p1p1.xsd http://www.w3.org/1998/Math/MathML http://www.w3.org/Math/XMLSchema/mathml2/mathml2.xsd" identifier="idd2e32901-6e13-4368-9e53-9a976ce56dbb" title="textaufgabe_studenten_01" adaptive="false" timeDependent="false"><responseDeclaration identifier="RESPONSE_1" cardinality="multiple" baseType="identifier"><correctResponse><value>id775acb95-cd47-446b-9b6f-7ece77fe9e79</value><value>id0b1d721d-2e9d-4578-9951-698e07c43e33</value></correctResponse></responseDeclaration><outcomeDeclaration identifier="SCORE" cardinality="single" baseType="float"><defaultValue><value>0</value></defaultValue></outcomeDeclaration><outcomeDeclaration identifier="MAXSCORE" cardinality="single" baseType="float"><defaultValue><value>1</value></defaultValue></outcomeDeclaration><outcomeDeclaration identifier="FEEDBACKBASIC" cardinality="single" baseType="identifier"><defaultValue><value>empty</value></defaultValue></outcomeDeclaration><outcomeDeclaration identifier="FEEDBACKMODAL" cardinality="multiple" baseType="identifier" view="testConstructor" /><itemBody ><p>Die Studenten A, B, C, D treffen sich zur Besprechung von Aufgaben.</p><p>Es gibt folgende Bedingungen:</p><ol><li>Das Treffen kann nur stattfinden, wenn C oder D da sind.</li><li>A kann nur da sein, wenn B da ist.</li><li>B und C können nicht gleichzeitig da sein.</li><li>B sagt: "Wenn D kommt, komme ich nicht."</li></ol><p> Wer kann unter diesen Voraussetzungen da sein?</p><choiceInteraction responseIdentifier="RESPONSE_1" shuffle="false" maxChoices="0" orientation="vertical"><simpleChoice identifier="ida42489ea-b461-4194-95b5-41587bf2aa12"><p>A</p></simpleChoice><simpleChoice identifier="ide5141822-3ace-4fac-bf74-27e4c115f88e"><p>B</p></simpleChoice><simpleChoice identifier="id775acb95-cd47-446b-9b6f-7ece77fe9e79"><p>C</p></simpleChoice><simpleChoice identifier="id0b1d721d-2e9d-4578-9951-698e07c43e33"><p>D</p></simpleChoice></choiceInteraction></itemBody><responseProcessing><responseCondition><responseIf><isNull><variable identifier="RESPONSE_1" /></isNull><setOutcomeValue identifier="FEEDBACKBASIC"><baseValue baseType="identifier">empty</baseValue></setOutcomeValue></responseIf><responseElseIf><match><variable identifier="RESPONSE_1" /><correct identifier="RESPONSE_1" /></match><setOutcomeValue identifier="SCORE"><sum><variable identifier="SCORE" /><variable identifier="MAXSCORE" /></sum></setOutcomeValue><setOutcomeValue identifier="FEEDBACKBASIC"><baseValue baseType="identifier">correct</baseValue></setOutcomeValue></responseElseIf><responseElse><setOutcomeValue identifier="FEEDBACKBASIC"><baseValue baseType="identifier">incorrect</baseValue></setOutcomeValue></responseElse></responseCondition><responseCondition><responseIf><and><match><baseValue baseType="identifier">correct</baseValue><variable identifier="FEEDBACKBASIC" /></match></and><setOutcomeValue identifier="FEEDBACKMODAL"><multiple><variable identifier="FEEDBACKMODAL" /><baseValue baseType="identifier">Feedback1499063858</baseValue></multiple></setOutcomeValue></responseIf></responseCondition><responseCondition><responseIf><and><match><baseValue baseType="identifier">incorrect</baseValue><variable identifier="FEEDBACKBASIC" /></match></and><setOutcomeValue identifier="FEEDBACKMODAL"><multiple><variable identifier="FEEDBACKMODAL" /><baseValue baseType="identifier">Feedback1291771482</baseValue></multiple></setOutcomeValue></responseIf></responseCondition></responseProcessing><modalFeedback  identifier="Feedback1499063858" outcomeIdentifier="FEEDBACKMODAL" showHide="show" title="Richtig!" /><modalFeedback  identifier="Feedback1291771482" outcomeIdentifier="FEEDBACKMODAL" showHide="show" title="Leider falsch!"><p> </p><p>Wir wissen C oder D müssen da sein, Bedingung 1: C \(\vee\) D.</p><p>Betrachten wir den Fall, dass C da ist. Dann sind sowohl B als auch A nicht da:<br />Bedingung 3: \(\neg\)B \(\vee\neg\) C, Bedingung 2: A \(\Rightarrow\) B bzw. \(\neg\)B \(\Rightarrow\neg\)A.</p><p>Ist D da, kommt B nicht (Bed. 4: D \(\Rightarrow\neg\)B) und somit ist auch A nicht da (Bed. 2: \(\neg\)B \(\Rightarrow\neg\)A). </p><p> </p><p>Also: nur C und D könnten unter diesen Umständen überhaupt da sein.</p></modalFeedback></assessmentItem>
