<?xml version="1.0" encoding="UTF-8"?>
<assessmentItem xmlns="http://www.imsglobal.org/xsd/imsqti_v2p1" xmlns:xsi="http://www.w3.org/2001/XMLSchema-instance" xsi:schemaLocation="http://www.imsglobal.org/xsd/imsqti_v2p1 http://www.imsglobal.org/xsd/qti/qtiv2p1/imsqti_v2p1p1.xsd http://www.w3.org/1998/Math/MathML http://www.w3.org/Math/XMLSchema/mathml2/mathml2.xsd" identifier="id92693d92-d0ff-4f38-8e35-4e7c33ae7a02" title="kettenregel_tangens_01" adaptive="false" timeDependent="false"><responseDeclaration identifier="RESPONSE_1408611314436" cardinality="single" baseType="string" /><outcomeDeclaration identifier="SCORE" cardinality="single" baseType="float"><defaultValue><value>0</value></defaultValue></outcomeDeclaration><outcomeDeclaration identifier="MAXSCORE" cardinality="single" baseType="float"><defaultValue><value>1</value></defaultValue></outcomeDeclaration><outcomeDeclaration identifier="FEEDBACKBASIC" cardinality="single" baseType="identifier" view="testConstructor"><defaultValue><value>empty</value></defaultValue></outcomeDeclaration><outcomeDeclaration identifier="FEEDBACKMODAL" cardinality="multiple" baseType="identifier" view="testConstructor" /><templateDeclaration identifier="a" cardinality="single" baseType="integer" /><templateDeclaration identifier="b" cardinality="single" baseType="integer" /><templateDeclaration identifier="ab" cardinality="single" baseType="integer" /><templateDeclaration identifier="b-1" cardinality="single" baseType="integer" /><templateProcessing><setTemplateValue identifier="a"><randomInteger min="2" max="9" /></setTemplateValue><setTemplateValue identifier="b"><randomInteger min="2" max="6" /></setTemplateValue><setTemplateValue identifier="ab"><customOperator definition="MAXIMA" value="float($(1)*$(2));"><variable identifier="a" /><variable identifier="b" /></customOperator></setTemplateValue><setTemplateValue identifier="b-1"><customOperator definition="MAXIMA" value="float($(1)-1);"><variable identifier="b" /></customOperator></setTemplateValue><setCorrectResponse identifier="RESPONSE_1408611314436"><customOperator definition="VARIABLESTRING" value="$(3)*x^$(4)*(1+(tan($(1)*x^$(2)))^2)"><variable identifier="a" /><variable identifier="b" /><variable identifier="ab" /><variable identifier="b-1" /></customOperator></setCorrectResponse></templateProcessing><itemBody ><p>Geben Sie die Ableitung der Funktion $$f(x) = \tan(<printedVariable identifier="a" />x^<printedVariable identifier="b" />)$$ an! Bitte vereinfachen Sie Ihre Lösung soweit wie möglich.</p><p><strong>Ergebnis:</strong> $$f'(x) = $$ <textEntryInteraction responseIdentifier="RESPONSE_1408611314436" expectedLength="30" class="maxima-formula show-latex" /></p><p> </p><p>Hinweise zur Formeleingabe:</p><ul><li>\(\frac{x}{y}\) = x/y, \(x^y\) = x^y, \(\tan x\) = tan(x)</li><li>\(x\cdot y\) = x*y, z.B. \(3x\) = 3*x  \(\Rightarrow\)  Bitte keine * vergessen!</li><li>Durch Klicken auf die ?-Schaltfläche können Sie Ihre Formel vor Speichern der Antwort zunächst überprüfen.</li></ul></itemBody><responseProcessing><responseCondition><responseIf><customOperator definition="MAXIMA" value="is(equal(trigsimp($(1)),trigsimp($(2))));"><variable identifier="RESPONSE_1408611314436" /><correct identifier="RESPONSE_1408611314436" /></customOperator><setOutcomeValue identifier="SCORE"><sum><variable identifier="SCORE" /><baseValue baseType="float">1</baseValue></sum></setOutcomeValue></responseIf></responseCondition><responseCondition><responseIf><not><isNull><variable identifier="RESPONSE_1408611314436" /></isNull></not><setOutcomeValue identifier="FEEDBACKBASIC"><baseValue baseType="identifier">incorrect</baseValue></setOutcomeValue></responseIf></responseCondition><responseCondition><responseIf><and><not><match><variable identifier="FEEDBACKBASIC" /><baseValue baseType="identifier">empty</baseValue></match></not><equal toleranceMode="exact"><variable identifier="SCORE" /><variable identifier="MAXSCORE" /></equal></and><setOutcomeValue identifier="FEEDBACKBASIC"><baseValue baseType="identifier">correct</baseValue></setOutcomeValue></responseIf></responseCondition><responseCondition><responseIf><and><match><baseValue baseType="identifier">correct</baseValue><variable identifier="FEEDBACKBASIC" /></match></and><setOutcomeValue identifier="FEEDBACKMODAL"><multiple><variable identifier="FEEDBACKMODAL" /><baseValue baseType="identifier">Feedback157975017</baseValue></multiple></setOutcomeValue></responseIf></responseCondition><responseCondition><responseIf><and><match><baseValue baseType="identifier">incorrect</baseValue><variable identifier="FEEDBACKBASIC" /></match></and><setOutcomeValue identifier="FEEDBACKMODAL"><multiple><variable identifier="FEEDBACKMODAL" /><baseValue baseType="identifier">Feedback1513990285</baseValue></multiple></setOutcomeValue></responseIf></responseCondition></responseProcessing><modalFeedback  identifier="Feedback157975017" outcomeIdentifier="FEEDBACKMODAL" showHide="show" title="Richtig!" /><modalFeedback  identifier="Feedback1513990285" outcomeIdentifier="FEEDBACKMODAL" showHide="show" title="Lösung:"><p>$$\qquad\qquad f'(x) = (1 + \tan^2(<printedVariable identifier="a" />x^<printedVariable identifier="b" />)) \cdot <printedVariable identifier="ab" />x^<printedVariable identifier="b-1" />$$</p></modalFeedback></assessmentItem>
