<?xml version="1.0" encoding="UTF-8"?>
<assessmentItem xmlns="http://www.imsglobal.org/xsd/imsqti_v2p1" xmlns:xsi="http://www.w3.org/2001/XMLSchema-instance" xsi:schemaLocation="http://www.imsglobal.org/xsd/imsqti_v2p1 http://www.imsglobal.org/xsd/qti/qtiv2p1/imsqti_v2p1p1.xsd http://www.w3.org/1998/Math/MathML http://www.w3.org/Math/XMLSchema/mathml2/mathml2.xsd" identifier="idc61679e3-09e7-403d-bf6c-dce07d6dce27" title="graphisch_2variablen_bäckerei_01" adaptive="false" timeDependent="false"><responseDeclaration identifier="RESPONSE_1404285942948" cardinality="single" baseType="float"><correctResponse><value>6</value></correctResponse></responseDeclaration><responseDeclaration identifier="RESPONSE_1404285992100" cardinality="single" baseType="float"><correctResponse><value>2</value></correctResponse></responseDeclaration><outcomeDeclaration identifier="SCORE" cardinality="single" baseType="float"><defaultValue><value>0</value></defaultValue></outcomeDeclaration><outcomeDeclaration identifier="MAXSCORE" cardinality="single" baseType="float"><defaultValue><value>2</value></defaultValue></outcomeDeclaration><outcomeDeclaration identifier="FEEDBACKBASIC" cardinality="single" baseType="identifier" view="testConstructor"><defaultValue><value>empty</value></defaultValue></outcomeDeclaration><outcomeDeclaration identifier="FEEDBACKMODAL" cardinality="multiple" baseType="identifier" view="testConstructor" /><itemBody ><p><p>Der Betreiber zweier Backbetriebe muss laut seiner Lieferverträge wöchentlich folgende Mengen liefern:</p><p>24 Tonnen Weißbrot, 48 Tonnen Schwarzbrot sowie 16 Tonnen Kuchen.</p><p>Die täglichen Backleistungen der beiden Betriebe sind:</p><table><tbody><tr><td> </td><td>Betrieb 1   </td><td>Betrieb 2</td></tr><tr><td>Weißbrot:       </td><td>6 t</td><td>2 t</td></tr><tr><td>Schwarzbrot:</td><td>4 t</td><td>12 t</td></tr><tr><td>Kuchen:</td><td>2 t</td><td>2 t</td></tr></tbody></table><p>Pro Backtag entstehen für die beiden Betriebe folgende Betriebskosten:</p><table><tbody><tr><td>Backbetrieb 1:  </td><td>4000 € / Tag</td></tr><tr><td>Backbetrieb 2:</td><td>6000 € / Tag</td></tr></tbody></table><p>An wievielen Tagen pro Woche muss in den beiden Backbetrieben gearbeitet werden, sodass der Bedarf abgedeckt ist und die Betriebskosten minimal sind?</p><p><strong>Lösung: </strong>Backbetrieb 1: <textEntryInteraction responseIdentifier="RESPONSE_1404285942948" expectedLength="2" /> Tage / Woche, Backbetrieb 2: <textEntryInteraction responseIdentifier="RESPONSE_1404285992100" expectedLength="2" /> Tage / Woche</p></p></itemBody><responseProcessing><responseCondition><responseIf><equal toleranceMode="exact"><variable identifier="RESPONSE_1404285942948" /><correct identifier="RESPONSE_1404285942948" /></equal><setOutcomeValue identifier="SCORE"><sum><variable identifier="SCORE" /><baseValue baseType="float">1</baseValue></sum></setOutcomeValue></responseIf></responseCondition><responseCondition><responseIf><not><isNull><variable identifier="RESPONSE_1404285942948" /></isNull></not><setOutcomeValue identifier="FEEDBACKBASIC"><baseValue baseType="identifier">incorrect</baseValue></setOutcomeValue></responseIf></responseCondition><responseCondition><responseIf><equal toleranceMode="exact"><variable identifier="RESPONSE_1404285992100" /><correct identifier="RESPONSE_1404285992100" /></equal><setOutcomeValue identifier="SCORE"><sum><variable identifier="SCORE" /><baseValue baseType="float">1</baseValue></sum></setOutcomeValue></responseIf></responseCondition><responseCondition><responseIf><not><isNull><variable identifier="RESPONSE_1404285992100" /></isNull></not><setOutcomeValue identifier="FEEDBACKBASIC"><baseValue baseType="identifier">incorrect</baseValue></setOutcomeValue></responseIf></responseCondition><responseCondition><responseIf><and><not><match><variable identifier="FEEDBACKBASIC" /><baseValue baseType="identifier">empty</baseValue></match></not><equal toleranceMode="exact"><variable identifier="SCORE" /><variable identifier="MAXSCORE" /></equal></and><setOutcomeValue identifier="FEEDBACKBASIC"><baseValue baseType="identifier">correct</baseValue></setOutcomeValue></responseIf></responseCondition><responseCondition><responseIf><and><match><baseValue baseType="identifier">incorrect</baseValue><variable identifier="FEEDBACKBASIC" /></match></and><setOutcomeValue identifier="FEEDBACKMODAL"><multiple><variable identifier="FEEDBACKMODAL" /><baseValue baseType="identifier">Feedback613780890</baseValue></multiple></setOutcomeValue></responseIf></responseCondition></responseProcessing><modalFeedback  identifier="Feedback613780890" outcomeIdentifier="FEEDBACKMODAL" showHide="show" title="Lösungshinweis:"><p>\(t_1\) ... Anzahl der Arbeitstage in Backbetrieb 1.</p><p>\(t_2\) ... Anzahl der Arbeitstage in Backbetrieb 2.</p><p>Zu Lösen ist das folgende Optimierungsproblem:</p><p>Minimiere \(4000\, t_1 + 6000\, t_2\)</p><table><tbody><tr><td>sodass  </td><td>\(6\, t_1+2\, t_2 \geq 24\)</td></tr><tr><td> </td><td>\(4\, t_1 + 12\, t_2 \geq 48\)</td></tr><tr><td> </td><td>\(2\, t_1 + 2\, t_2 \geq 16\)</td></tr><tr><td> </td><td>\(0\leq t_1\leq 7\), \(0\leq t_2\leq 7\)</td></tr></tbody></table><p>Die Lösung kann auf graphischem Wege ermittelt werden.</p></modalFeedback></assessmentItem>
